index,time_s,emg1_v,emg2_v,code1,code2
0,0.1,1.7333974988066363,1.8622756270649135,11360,12205
1,0.100125,1.762230949759301,1.8394471348934145,11549,12055
2,0.10025,1.7890938846404514,1.8135943884718377,11725,11886
3,0.100375,1.8137423164279887,1.7847043681623933,11887,11696
4,0.1005,1.8375666749388113,1.754405076914659,12043,11498
5,0.100625,1.861781377396748,1.724154029025325,12201,11299
6,0.10075,1.885835504959715,1.6936477351488493,12359,11099
7,0.100875,1.9080063577912867,1.6614140770697765,12504,10888
8,0.101,1.9274442197868007,1.6268558543236442,12632,10662
9,0.101125,1.9451443206363648,1.5912214906142177,12748,10428
10,0.10125,1.9626448723589396,1.5563018510124391,12862,10199
11,0.101375,1.9800598521123933,1.5224617187027984,12977,9978
12,0.1015,1.9958758341957383,1.4884354320996318,13080,9755
13,0.10162500000000001,2.008762935516447,1.4531365000327137,13165,9523
14,0.10175000000000001,2.0191643353972433,1.4172459765686243,13233,9288
15,0.10187500000000001,2.0287032035701156,1.3826180614333525,13295,9061
16,0.10200000000000001,2.0381380693134825,1.3502343987406071,13357,8849
17,0.10212500000000001,2.046391303554837,1.3192312613291521,13411,8646
18,0.10225000000000001,2.0518511520889957,1.2882006115149074,13447,8442
19,0.10237500000000001,2.054339352589987,1.2571564768394106,13463,8239
20,0.10250000000000001,2.0553143073997155,1.2277372698815072,13470,8046
21,0.10262500000000001,2.0560604886492766,1.2013940343501892,13475,7873
22,0.10275000000000001,2.056098858231366,1.1778001508218991,13475,7719
23,0.10287500000000001,2.0537802368864826,1.1554436532593786,13460,7572
24,0.10300000000000001,2.0483298105840877,1.13367117642993,13424,7430
25,0.10312500000000001,2.040818888384106,1.1136587898644823,13375,7298
26,0.10325000000000001,2.0328626820190134,1.097109387184492,13323,7190
27,0.10337500000000001,2.0246528688339707,1.0842844735108441,13269,7106
28,0.10350000000000001,2.0147541713963424,1.0738005335576837,13204,7037
29,0.10362500000000001,2.0019150701660555,1.0644391339268937,13120,6976
30,0.10375000000000001,1.986657078579229,1.056736171805475,13020,6925
31,0.10387500000000001,1.9706814282187846,1.0523881284130583,12915,6897
32,0.10400000000000001,1.9548242039139228,1.0522073654305322,12811,6896
33,0.10412500000000001,1.9380845760166432,1.0551501141198132,12701,6915
34,0.10425000000000001,1.91892661315148,1.059618635818411,12576,6944
35,0.10437500000000001,1.897246645508151,1.0654285367484428,12434,6982
36,0.10450000000000001,1.8745762334467722,1.0740122655970954,12285,7039
37,0.10462500000000001,1.852271318162917,1.0866084125276925,12139,7121
38,0.10475000000000001,1.8299224562763463,1.1026726449857798,11993,7226
39,0.10487500000000001,1.8059479368876485,1.1204711680764683,11835,7343
40,0.10500000000000001,1.779638123657193,1.1391259274755678,11663,7465
41,0.10512500000000001,1.7521269661957364,1.1595866532718389,11483,7599
42,0.10525000000000001,1.7250896384466023,1.1833295027714474,11306,7755
43,0.10537500000000001,1.6987748637744713,1.2103900974434814,11133,7932
44,0.10550000000000001,1.6718013782120713,1.2391611150716777,10956,8121
45,0.10562500000000001,1.6429684168507566,1.268203653986938,10767,8311
46,0.10575000000000001,1.6128448988253898,1.2978376496314667,10570,8506
47,0.10587500000000001,1.5831759005830583,1.3295493748068261,10376,8713
48,0.10600000000000001,1.5548377282496313,1.3639478222245605,10190,8939
49,0.10612500000000001,1.5268659550077817,1.399793898063659,10006,9174
50,0.10625000000000001,1.49775719924235,1.4353035630642712,9816,9406
51,0.10637500000000001,1.4674363123501941,1.470116283094227,9617,9635
52,0.10650000000000001,1.4374593412837537,1.5054993803229293,9421,9866
53,0.10662500000000001,1.4092025253179217,1.5425383744744168,9235,10109
54,0.10675000000000001,1.3822725531804492,1.5805486265035718,9059,10358
55,0.10687500000000001,1.3550995496935652,1.617669724889154,8881,10602
56,0.10700000000000001,1.3269814687041752,1.6529112351485693,8697,10833
57,0.10712500000000001,1.2990554991473515,1.6871255329819208,8513,11057
58,0.10725000000000001,1.2729957819448143,1.721706820385534,8343,11283
59,0.107375,1.249045656145311,1.7566247979642884,8186,11512
60,0.10750000000000001,1.225814227365618,1.79022244884885,8033,11732
61,0.107625,1.2020868025724532,1.82102787038476,7878,11934
62,0.10775000000000001,1.1784142056220996,1.8493446966298628,7723,12120
63,0.107875,1.1565192268794535,1.8766598878256349,7579,12299
64,0.10800000000000001,1.1372518498684354,1.9035999328160338,7453,12475
65,0.108125,1.1196172932290995,1.928960147150566,7338,12642
66,0.10825000000000001,1.1020779649508805,1.9510074518108684,7223,12786
67,0.108375,1.0845206829076406,1.9694487412220651,7108,12907
68,0.10850000000000001,1.0684598330982993,1.9856346976343888,7002,13013
69,0.108625,1.0552264268506664,2.000749864372946,6916,13112
70,0.10875000000000001,1.0443785708210753,2.01422358991872,6844,13200
71,0.108875,1.0342945410044777,2.0243239664444546,6778,13267
72,0.109,1.0242174030567288,2.030202732113186,6712,13305
73,0.109125,1.0152265315417932,2.0328674863249843,6653,13323
74,0.10925,1.0089355659169064,2.033879729405295,6612,13329
75,0.109375,1.0055247942333692,2.0333877602047346,6590,13326
76,0.1095,1.0035379693867257,2.029923375624153,6577,13303
77,0.109625,1.0016929040932976,2.0222127875236158,6565,13253
78,0.10975,1.0004710398823584,2.0107658764700096,6557,13178
79,0.109875,1.0015240775194305,1.9972829461673691,6564,13089
80,0.11,1.0056294596049467,1.9826096982312558,6590,12993
81,0.110125,1.0117186116637138,1.9657653974250935,6630,12883
82,0.11025,1.0181791516451084,1.9452443906093668,6673,12748
83,0.110375,1.0248223254089408,1.9209832686366943,6716,12589
84,0.1105,1.0330864163846547,1.8945634163003287,6770,12416
85,0.110625,1.0442260308380173,1.8673998324002121,6843,12238
86,0.11075,1.057722812323581,1.839150832329028,6932,12053
87,0.110875,1.0718787540002361,1.8083107135753085,7025,11851
88,0.111,1.085861053411383,1.7742534665735172,7116,11628
89,0.111125,1.1006738772839455,1.7382037247310211,7213,11391
90,0.11125,1.117856539073222,1.7019336887461418,7326,11154
91,0.111375,1.1375161323759975,1.6657947943040843,7455,10917
92,0.1115,1.1581245531011288,1.6285133966965843,7590,10673
93,0.111625,1.1783293451822507,1.5890005198877961,7722,10414
94,0.11175,1.1985434573059726,1.5479402180303932,7855,10145
95,0.111875,1.2203521219470035,1.5071952495173542,7998,9878
96,0.112,1.244468505201275,1.4677613017451119,8156,9619
97,0.112125,1.269762191242317,1.428794186944759,8322,9364
98,0.11225,1.2945615364936474,1.388910769796516,8484,9102
99,0.112375,1.318621340183136,1.348155291994415,8642,8835
100,0.1125,1.3433263743335204,1.3082015025425753,8804,8573
101,0.112625,1.369880892850578,1.2705407907990296,8978,8327
102,0.11275,1.3977194404917186,1.2348916503629435,9160,8093
103,0.112875,1.4251003749493674,1.1997918228311157,9340,7863
104,0.113,1.4511507891801947,1.1646419562347112,9510,7633
105,0.113125,1.4768384692887493,1.1306762099700756,9679,7410
106,0.11325,1.503670111839219,1.099659314264345,9854,7207
107,0.113375,1.53172413125016,1.0719180769591155,10038,7025
108,0.1135,1.5594476934816073,1.0461373880279703,10220,6856
109,0.113625,1.5854677144470248,1.0211699954411726,10391,6692
110,0.11375,1.610180599891639,0.9976253644930118,10552,6538
111,0.113875,1.635159253932579,0.9772755658066357,10716,6405
112,0.114,1.6611086839137648,0.9610101651061267,10886,6298
113,0.114125,1.686894589552448,0.9478638155253325,11055,6212
114,0.11425,1.7108456445936904,0.9363180030665614,11212,6136
115,0.114375,1.7327212459312793,0.9262679415654135,11356,6070
116,0.1145,1.7539149444725985,0.9192256559690465,11494,6024
117,0.114625,1.7756440056887948,0.9165088473145897,11637,6006
118,0.11475,1.7973600941136338,0.9176514240882692,11779,6014
119,0.114875,1.8173428191438181,0.9209965235462171,11910,6036
120,0.115,1.834744509133368,0.9257413289634214,12024,6067
121,0.115125,1.8505621649571433,0.9329086786832944,12128,6114
122,0.11525,1.8663355071975238,0.9440453505882443,12231,6187
123,0.115375,1.8821797512417215,0.9592546777255155,12335,6287
124,0.1155,1.8965824511009146,0.9769938174243096,12429,6403
125,0.115625,1.9082144379585555,0.9958847166148299,12506,6527
126,0.11575,1.9175193528304058,1.0163042478798756,12567,6660
127,0.115875,1.9261205684319491,1.0397913416596918,12623,6814
128,0.116,1.934776572072836,1.0670031371297843,12680,6993
129,0.116125,1.9424094424152818,1.0967438463968584,12730,7188
130,0.11625,1.947406897216851,1.1272677180323736,12763,7388
131,0.116375,1.9495899057645427,1.1582472039506893,12777,7591
132,0.1165,1.9504158768153483,1.1909771912470482,12782,7805
133,0.116625,1.9511680598827836,1.2265651114546743,12787,8038
134,0.11675,1.9513659808487551,1.2643425259696808,12788,8286
135,0.116875,1.9493588079287694,1.3024593369578872,12775,8536
136,0.117,1.9443698740394784,1.3399295412465484,12743,8781
137,0.117125,1.9374684322196265,1.3776039484017768,12697,9028
138,0.11725000000000001,1.930267451406702,1.4168692640396114,12650,9286
139,0.11737500000000001,1.9229561775783588,1.457681709812095,12602,9553
140,0.11750000000000001,1.9140967296294253,1.4983649361775655,12544,9820
141,0.11762500000000001,1.9024348108441034,1.537421865584615,12468,10076
142,0.11775000000000001,1.888489000187859,1.5751253029777827,12376,10323
143,0.11787500000000001,1.8739574368368022,1.6129258003016829,12281,10570
144,0.11800000000000001,1.8596729713003626,1.6514081023015978,12188,10823
145,0.11812500000000001,1.8446313975673285,1.6893205815555974,12089,11071
146,0.11825000000000001,1.8272932815739804,1.7248783109722716,11975,11304
147,0.11837500000000001,1.8075513248312165,1.757731627664335,11846,11519
148,0.11850000000000001,1.786933348330436,1.7891702854103382,11711,11726
149,0.11862500000000001,1.7667914439615497,1.8203137784782113,11579,11930
150,0.11875000000000001,1.7467122238810353,1.850522661049859,11447,12128
151,0.11887500000000001,1.7251099386942406,1.8779927856537504,11306,12308
152,0.11900000000000001,1.7012708336966922,1.9018006102096747,11149,12464
153,0.11912500000000001,1.6763246617197964,1.9228757560569285,10986,12602
154,0.11925000000000001,1.6519423349725912,1.9426994732850404,10826,12732
155,0.11937500000000001,1.6283682518729483,1.961337916649899,10672,12854
156,0.11950000000000001,1.6042167729759311,1.977239282668246,10513,12958
157,0.11962500000000001,1.5782827093555816,1.9890451322766267,10343,13035
158,0.11975000000000001,1.551130519427767,1.9971800848359502,10165,13089
159,0.11987500000000001,1.5245007844239036,2.0032589970673693,9991,13129
160,0.12000000000000001,1.499265291697716,2.0080423714616185,9826,13160
161,0.12012500000000001,1.4744550744900835,2.0104649557087955,9663,13176
162,0.12025000000000001,1.4485622000732823,2.008937679480726,9493,13166
163,0.12037500000000001,1.4215069601029462,2.0033152509474883,9316,13129
164,0.12050000000000001,1.3948408421858052,1.9950990999050509,9141,13075
165,0.12062500000000001,1.3699355293212754,1.9856266236374032,8978,13013
166,0.12075000000000001,1.3463931650597563,1.9744812496953426,8824,12940
167,0.12087500000000001,1.3226393429336374,1.9600855093237142,8668,12846
168,0.12100000000000001,1.2979675064068286,1.9417450678836112,8506,12725
169,0.12112500000000001,1.2735103578301767,1.9206200562878821,8346,12587
170,0.12125000000000001,1.2509375813488148,1.8984222675002758,8198,12442
171,0.12137500000000001,1.2304880920286496,1.8754471710687455,8064,12291
172,0.1215,1.2107666093039975,1.8503698167748712,7935,12127
173,0.12162500000000001,1.1905540948369908,1.8220548886733448,7802,11941
174,0.12175,1.1703970720776637,1.7911452278597264,7670,11738
175,0.12187500000000001,1.1520140790539983,1.7594677632589801,7550,11531
176,0.122,1.136250898081956,1.727987836470019,7447,11325
177,0.12212500000000001,1.1221086009927046,1.6958366007796877,7354,11114
178,0.12225,1.108045505497351,1.6616119856031542,7262,10890
179,0.12237500000000001,1.0939443991020388,1.6253451665317453,7169,10652
180,0.1225,1.0813156985908072,1.5887026684660868,7087,10412
181,0.12262500000000001,1.0714865107332707,1.5531745835562836,7022,10179
182,0.12275,1.0640111026831598,1.518483944572064,6973,9952
183,0.12287500000000001,1.057263979632891,1.4831788914018105,6929,9720
184,0.123,1.0504845047414855,1.4466761776064734,6884,9481
185,0.12312500000000001,1.04474842218729,1.4102317357255596,6847,9242
186,0.12325,1.0416658120199132,1.3756375267930732,6827,9015
187,0.12337500000000001,1.0414134778488826,1.3432529462704212,6825,8803
188,0.1235,1.0425317612799605,1.3118005650860294,6832,8597
189,0.12362500000000001,1.0437351410852755,1.2801757458944427,6840,8390
190,0.12375,1.045501799760357,1.2490351910760744,6852,8186
191,0.12387500000000001,1.0494802583709315,1.2202026161269433,6878,7997
192,0.124,1.056444856156926,1.1946232869504336,6924,7829
193,0.12412500000000001,1.0653239962985572,1.1713913474772626,6982,7677
194,0.12425,1.0745023519241665,1.1490511790606712,7042,7530
195,0.12437500000000001,1.0837883065494518,1.1275639866973333,7103,7390
196,0.1245,1.094617359807504,1.1085104709369635,7174,7265
197,0.12462500000000001,1.1082414179669187,1.0932793470298092,7263,7165
198,0.12475,1.1241395040789637,1.0814774484205774,7367,7088
199,0.12487500000000001,1.1406110758616501,1.0715223729161525,7475,7022
200,0.125,1.156820875856111,1.0626868647199363,7581,6964
201,0.12512500000000001,1.1737707021281367,1.056070027398342,7692,6921
202,0.12525,1.1929975809259987,1.0532951750760393,7818,6903
203,0.12537500000000001,1.214606406342194,1.0545420398830376,7960,6911
204,0.1255,1.2370669573861444,1.0583436189654967,8107,6936
205,0.12562500000000001,1.2590247503002876,1.0633967286146226,8251,6969
206,0.12575,1.2808907900268092,1.0701517383511943,8394,7013
207,0.12587500000000001,1.3042484562047771,1.080219298064069,8548,7079
208,0.126,1.3298091476221061,1.0943261155785615,8715,7172
209,0.12612500000000001,1.3564407739901483,1.1113434308955645,8890,7283
210,0.12625,1.3824701046540127,1.1295896429551604,9060,7403
211,0.12637500000000002,1.407650446814186,1.1487981103087581,9225,7529
212,0.1265,1.4333651700071777,1.1703210898019074,9394,7670
213,0.12662500000000002,1.460817223195882,1.1953195114827888,9574,7834
214,0.12675,1.48943993820942,1.2231743206043606,9761,8016
215,0.12687500000000002,1.517490560142953,1.2520803934353197,9945,8206
216,0.127,1.5440951641616738,1.2810921024884387,10119,8396
217,0.12712500000000002,1.5702206219886425,1.311095785278188,10291,8592
218,0.12725,1.5973728137121455,1.343508697557361,10469,8805
219,0.12737500000000002,1.6256294440379218,1.378312435266682,10654,9033
220,0.1275,1.6534370705052883,1.41385077837042,10836,9266
221,0.12762500000000002,1.6794221109692478,1.448641391659561,11006,9494
222,0.12775,1.7039805780476416,1.4829664286796598,11167,9719
223,0.12787500000000002,1.7286850968968364,1.5182803126513367,11329,9950
224,0.128,1.7542405046777343,1.5551662379098348,11497,10192
225,0.12812500000000002,1.7795124490486072,1.592365581992134,11662,10436
226,0.12825,1.8028296644706054,1.6280810944970947,11815,10670
227,0.12837500000000002,1.823951730725977,1.6619454991552347,11953,10892
228,0.1285,1.8442724984668022,1.6952258205636814,12087,11110
229,0.12862500000000002,1.8650096591472636,1.7290138064984615,12223,11331
230,0.12875,1.8856154242296777,1.7626374754551835,12358,11552
231,0.12887500000000002,1.9043700802798733,1.7942555116820766,12480,11759
232,0.129,1.9204267577786016,1.8229028489491035,12586,11947
233,0.12912500000000002,1.934783393817458,1.8494634398235779,12680,12121
234,0.12925,1.9489807739967493,1.8753690400484087,12773,12290
235,0.12937500000000002,1.9631353164118472,1.9006327456782326,12866,12456
236,0.1295,1.9757359101606742,1.9236464843476495,12948,12607
237,0.129625,1.9854548624544173,1.9429926433420075,13012,12734
238,0.12975,1.992737425924016,1.959034144949749,13060,12839
239,0.12987500000000002,1.9992087286377005,1.973321968240825,13102,12932
240,0.13,2.005629151581439,1.9865509574662785,13144,13019
241,0.130125,2.010922813067201,1.9975887941666808,13179,13091
242,0.13025,2.013479610982805,2.0047783436622884,13196,13139
243,0.13037500000000002,2.0131228422880976,2.0079056458234605,13193,13159
244,0.1305,2.0113123853656236,2.0084032685005733,13181,13162
245,0.130625,2.0093341076938263,2.007539960467548,13168,13157
246,0.13075,2.0067102957567564,2.004831115976797,13151,13139
247,0.13087500000000002,2.0017930266342536,1.9986322590522405,13119,13098
248,0.131,1.9938086845412153,1.9881834582415705,13067,13030
249,0.131125,1.9838297210289284,1.9745810635618535,13001,12941
250,0.13125,1.9734724447968677,1.9594752613589896,12933,12842
251,0.13137500000000002,1.9629295866894965,1.943102479956992,12864,12734
252,0.1315,1.950766889465548,1.924081617757267,12785,12610
253,0.131625,1.9357338221256557,1.9012244652620998,12686,12460
254,0.13175,1.9183528649503339,1.8751245111962547,12572,12289
255,0.13187500000000002,1.9003261958158266,1.8475632099012889,12454,12108
256,0.132,1.8824908349190548,1.819464542166094,12337,11924
257,0.132125,1.8638468775778994,1.7899227118936083,12215,11730
258,0.13225,1.8428593161649545,1.757503293937189,12077,11518
259,0.13237500000000002,1.819425403202406,1.7222099561126547,11924,11287
260,0.1325,1.7950776286087033,1.6856866890787277,11764,11047
261,0.132625,1.7711728693515452,1.6494062248030836,11608,10810
262,0.13275,1.7473026320504694,1.613079477225883,11451,10571
263,0.13287500000000002,1.7218861681244026,1.5752478532095882,11285,10324
264,0.133,1.6942148231846934,1.5353267654401273,11103,10062
265,0.133125,1.6654235455504878,1.4945762826875233,10915,9795
266,0.13325,1.6371885311889045,1.4547979245777214,10729,9534
267,0.13337500000000002,1.609759544904446,1.4163660908536273,10550,9282
268,0.1335,1.5817563893483295,1.3780236877836425,10366,9031
269,0.133625,1.551979386443251,1.338691705332019,10171,8773
270,0.13375,1.5209985673101942,1.2990575931676245,9968,8514
271,0.13387500000000002,1.4905601394784451,1.260980833115953,9769,8264
272,0.134,1.4615415633659679,1.2254472508959,9578,8031
273,0.134125,1.4329795824938258,1.1915961828677688,9391,7809
274,0.13425,1.4033720049252474,1.1580215612904297,9197,7589
275,0.13437500000000002,1.3726448828141589,1.1247382829594095,8996,7371
276,0.1345,1.342355477444548,1.0933845644524107,8797,7166
277,0.134625,1.3138812466612269,1.0654101914449379,8611,6982
278,0.13475,1.2868301037374639,1.0404862700162274,8433,6819
279,0.13487500000000002,1.2596333936459367,1.0170975563417954,8255,6666
280,0.135,1.231590287018688,0.994586458808466,8071,6518
281,0.135125,1.203839174864718,0.9741238944921522,7889,6384
282,0.13525,1.178055385855464,0.9574067411165684,7721,6274
283,0.135375,1.154483420218266,0.9446896555079914,7566,6191
284,0.1355,1.1317335179989616,0.9345815109039577,7417,6125
285,0.135625,1.1085920807880223,0.9258555378158605,7265,6068
286,0.13575,1.0856109866019148,0.9190386470405041,7115,6023
287,0.135875,1.064514025745714,0.9158177280297268,6976,6002
288,0.136,1.046152126421566,0.9169950231554115,6856,6010
289,0.136125,1.0295313823499985,0.9215161668002249,6747,6039
290,0.13625,1.0131150056802312,0.927772425572839,6640,6080
291,0.136375,0.9967905327472258,0.9355680667313929,6533,6131
292,0.1365,0.9820729808153612,0.9463239357064338,6436,6202
293,0.136625,0.9702938902100124,0.9612668108938281,6359,6300
294,0.13675,0.961011792758904,0.9798404179794082,6298,6421
295,0.136875,0.9526052705941518,1.0002989467559142,6243,6556
296,0.137,0.944317574967347,1.0217523295315447,6189,6696
297,0.137125,0.9372281303219909,1.0451383405648516,6142,6849
298,0.13725,0.9329504889353976,1.0719213098352975,6114,7025
299,0.137375,0.9316646996519095,1.1021252132661135,6106,7223
300,0.1375,0.9319141230656139,1.134131329921599,6107,7433
301,0.137625,0.9324160119169148,1.1664896558089386,6111,7645
302,0.13775,0.93365107939877,1.1995093783260016,6119,7861
303,0.137875,0.9372701155711824,1.2346664210851448,6142,8092
304,0.138,0.9440494697574687,1.2725598761236725,6187,8340
305,0.138125,0.9529192783785853,1.3119412358937,6245,8598
306,0.13825,0.9622656748283711,1.3510175749291957,6306,8854
307,0.138375,0.9718982126412451,1.3894200317191927,6369,9106
308,0.1385,0.9832532761875893,1.4284081907226425,6444,9361
309,0.138625,0.9975833547372561,1.4690604470065436,6538,9628
310,0.13875,1.014367758684626,1.5106856706184617,6648,9900
311,0.138875,1.0319059219477533,1.5514176077538184,6763,10167
312,0.139,1.049362259318817,1.5902606406464133,6877,10422
313,0.139125,1.0677379227987311,1.6280626267094822,6998,10670
314,0.13925,1.0885689825586757,1.6662139147700945,7134,10920
315,0.139375,1.1119590534932513,1.7046810143615092,7287,11172
316,0.1395,1.136376321689711,1.741804369810595,7447,11415
317,0.139625,1.1604643850265335,1.7761101799845278,7605,11640
318,0.13975,1.1846320151004786,1.807900801537808,7764,11848
319,0.139875,1.2104600330203223,1.8386625178436211,7933,12050
320,0.14,1.238656965343632,1.8690217134881535,8118,12249
321,0.140125,1.2680875272732302,1.8977741437814217,8311,12437
322,0.14025,1.2970749838257596,1.923187677825943,8501,12604
323,0.140375,1.3253688212004484,1.9449706306406598,8686,12747
324,0.1405,1.3543482846286015,1.9644755352621663,8876,12874
325,0.140625,1.385211890422127,1.9828891737584848,9078,12995
326,0.14075000000000001,1.4173882436200724,1.9996434736644408,9289,13105
327,0.140875,1.4491295652287224,2.0130093990479403,9497,13192
328,0.14100000000000001,1.4795566239856857,2.0221418011658474,9696,13252
329,0.141125,1.509630701626725,2.028051582266272,9894,13291
330,0.14125000000000001,1.540851820312221,2.0323036810859088,10098,13319
331,0.141375,1.5732915596363721,2.035049916398724,10311,13337
332,0.14150000000000001,1.6053901010179652,2.034825631296275,10521,13335
333,0.141625,1.6357672379405888,2.0303605548878445,10720,13306
334,0.14175000000000001,1.6648121270165337,2.022168001250561,10911,13252
335,0.141875,1.6940903105277199,2.011951568986599,11102,13186
336,0.14200000000000002,1.7242993328299736,2.00056006312314,11300,13111
337,0.142125,1.7542973456057753,1.987015607311494,11497,13022
338,0.14225000000000002,1.782405401301621,1.9698151132373134,11681,12909
339,0.142375,1.8083752203717294,1.9488973927894229,11851,12772
340,0.14250000000000002,1.8335926340176572,1.9258456631193912,12017,12621
341,0.142625,1.8592671647641348,1.9020763217026084,12185,12465
342,0.14275000000000002,1.8848427227765436,1.8772486098745014,12353,12303
343,0.142875,1.908591173452973,1.8498572393625654,12508,12123
344,0.14300000000000002,1.929657123124498,1.819276070956192,12646,11923
345,0.143125,1.949029896019527,1.7867290327815784,12773,11710
346,0.14325,1.968241592682905,1.7539870201592624,12899,11495
347,0.143375,1.9873998899034042,1.7213995397910007,13025,11281
348,0.14350000000000002,2.0049848952291414,1.687690378288696,13140,11060
349,0.143625,2.0196601115780566,1.651767336815833,13236,10825
350,0.14375,2.031861979892745,1.614310585313223,13316,10580
351,0.143875,2.0432068280873477,1.5771783318473795,13390,10336
352,0.14400000000000002,2.0544462630732085,1.5413610490894816,13464,10101
353,0.144125,2.064495675382334,1.5060086755763717,13530,9870
354,0.14425,2.0717362950187352,1.4697315540197213,13577,9632
355,0.144375,2.0759828323002774,1.4325667716152057,13605,9388
356,0.14450000000000002,2.078686672730645,1.3961803097521333,13623,9150
357,0.144625,2.0811253069811437,1.3620552030563826,13639,8926
358,0.14475,2.082812772112381,1.3299010309262107,13650,8716
359,0.144875,2.082093046258205,1.2982460972420655,13645,8508
360,0.14500000000000002,2.078184575145065,1.2664811239871596,13620,8300
361,0.145125,2.072152055987027,1.235829901552058,13580,8099
362,0.14525,2.0656042358322924,1.2080463900221132,13537,7917
363,0.145375,2.058726500660443,1.1834462799943104,13492,7756
364,0.14550000000000002,2.050077472138425,1.1607030444822064,13435,7607
365,0.145625,2.0383997462577925,1.1386577765045218,13359,7462
366,0.14575,2.024209183719075,1.1179081001391642,13266,7326
367,0.145875,2.009201620565536,1.100214126785856,13168,7210
368,0.14600000000000002,1.994208016535418,1.0864533996581154,13069,7120
369,0.146125,1.978222711985348,1.0756485595612653,12964,7049
370,0.14625,1.9597052516667384,1.0662691466272525,12843,6988
371,0.146375,1.9385477715471922,1.0581985725056016,12704,6935
372,0.14650000000000002,1.9162779760637505,1.0529372599799438,12559,6901
373,0.146625,1.8942483109055748,1.0517915873706396,12414,6893
374,0.14675,1.8720462037517105,1.0542844747824986,12269,6909
375,0.146875,1.848087201755323,1.0587484854208922,12112,6939
376,0.14700000000000002,1.8216593171802347,1.0643706947815628,11938,6975
377,0.147125,1.7938945572704859,1.0721643786097461,11756,7027
378,0.14725,1.7664665635386554,1.083667344918589,11577,7102
379,0.147375,1.7396229531440637,1.0989746257847581,11401,7202
380,0.14750000000000002,1.7119817803685935,1.1165357882633469,11220,7317
381,0.147625,1.6823420368920912,1.1349659715269464,11025,7438
382,0.14775,1.651272832333375,1.154636057725521,10822,7567
383,0.147875,1.620519878811049,1.177079870130601,10620,7714
384,0.14800000000000002,1.5909605562333335,1.2029503507449288,10427,7884
385,0.148125,1.5616319582133829,1.2310484831376158,10234,8068
386,0.14825,1.5310326605768358,1.2596262737228312,10034,8255
387,0.148375,1.4990899148264918,1.2883549687057396,9824,8443
388,0.14850000000000002,1.4673625985890395,1.3185292939675572,9617,8641
389,0.148625,1.4372302150568643,1.3512576047206741,9419,8856
390,0.14875,1.408303135698554,1.3858734687924599,9229,9082
391,0.148875,1.3790155865318574,1.4205299073614102,9038,9310
392,0.14900000000000002,1.3486700244732597,1.4542451362590836,8839,9531
393,0.149125,1.3184085399627303,1.4878753026316975,8640,9751
394,0.14925,1.2899105553114234,1.5228135451930167,8454,9980
395,0.149375,1.2634250643388367,1.5590236211064616,8280,10217
396,0.14950000000000002,1.237567180510322,1.5948377854528595,8111,10452
397,0.149625,1.2111285621944712,1.6287686294275665,7937,10674
398,0.14975,1.1846667063832712,1.6610996477604467,7764,10886
399,0.149875,1.1599113858441186,1.6932930864072144,7602,11097
400,0.15000000000000002,1.1377198526945143,1.7259463361751681,7456,11311
401,0.150125,1.1171048650601012,1.757821339422487,7321,11520
402,0.15025,1.0965366172516415,1.7871476022022381,7186,11712
403,0.150375,1.0759099423164058,1.8135907188358085,7051,11886
404,0.15050000000000002,1.0567474455296444,1.8384564569487736,6926,12049
405,0.150625,1.0403885411073086,1.8628810318104998,6818,12209
406,0.15075,1.0263998970648862,1.8862423525442125,6727,12362
407,0.150875,1.0131684864358368,1.9067542018904742,6640,12496
408,0.151,0.9999461823665724,1.923511465676136,6553,12606
409,0.151125,0.9878212525088489,1.9374626241823394,6474,12697
410,0.15125,0.9784162900001878,1.95010813708133,6412,12780
411,0.151375,0.971920570506158,1.9615336460595914,6370,12855
412,0.1515,0.9668868439986541,1.9702070303260475,6337,12912
413,0.151625,0.9620419015543189,1.9747896508419889,6305,12942
414,0.15175,0.957876120710438,1.9757259632150406,6278,12948
415,0.151875,0.9560500664943798,1.9746506146707916,6266,12941
416,0.152,0.9573499515195534,1.9723437735053964,6274,12926
417,0.152125,0.9607158467825643,1.967759644682747,6296,12896
418,0.15225,0.964543870079891,1.9593283314618861,6321,12841
419,0.152375,0.9686535906362723,1.9469233479128738,6348,12759
420,0.1525,0.9744914193686761,1.9320644922713297,6386,12662
421,0.152625,0.9833198630702764,1.916107010323951,6444,12557
422,0.15275,0.9946282214102415,1.8986515952762328,6518,12443
423,0.152875,1.0067258682859805,1.8781373818747253,6598,12309
424,0.153,1.0187870913233048,1.8538859221225794,6677,12150
425,0.153125,1.031822826179978,1.8270724421505184,6762,11974
426,0.15325,1.0473788211901882,1.799422993390564,6864,11793
427,0.153375,1.065568241092238,1.7712463987361258,6983,11608
428,0.1535,1.0848686788604358,1.7412301212325956,7110,11411
429,0.153625,1.1039329728801763,1.708250257239961,7235,11195
430,0.15375,1.1231789560488892,1.6729600353756744,7361,10964
431,0.153875,1.144196307748865,1.6371956950521172,7499,10730
432,0.154,1.1677021988865015,1.601930799166651,7653,10498
433,0.154125,1.1925697510723106,1.5663035904171758,7816,10265
434,0.15425,1.2171303889213623,1.5289179555486576,7977,10020
435,0.154375,1.2411414874132736,1.4898098629641332,8134,9764
436,0.1545,1.265989902985888,1.4506494776608307,8297,9507
437,0.154625,1.2928814617836542,1.4129293574672568,8473,9260
438,0.15475,1.321251772726461,1.376373849997852,8659,9020
439,0.154875,1.349359731355569,1.3395312484097062,8843,8779
440,0.155,1.3763324492440638,1.3018173328554203,9020,8532
441,0.155125,1.403137196468432,1.2644859359878808,9196,8287
442,0.15525,1.4312796289323386,1.2293258379836896,9380,8057
443,0.155375,1.4608365833641446,1.196692183346806,9574,7843
444,0.1555,1.4902531238637515,1.1653022771353359,9767,7637
445,0.155625,1.5181535310914744,1.13404522225664,9949,7432
446,0.15575,1.5449310577334463,1.1035705311987798,10125,7232
447,0.155875,1.5721549311181373,1.075693829888632,10303,7050
448,0.156,1.6005259762355513,1.051351465948447,10489,6890
449,0.156125,1.628905202346357,1.0296278752734296,10675,6748
450,0.15625,1.6556161051957514,1.0090570181630516,10850,6613
451,0.15637500000000001,1.6804124170362431,0.9895890118629895,11013,6485
452,0.1565,1.7046815602337366,0.9727928834020564,11172,6375
453,0.15662500000000001,1.729634212172046,0.9600451411384323,11335,6292
454,0.15675,1.7547150144379209,0.9509399617124684,11500,6232
455,0.15687500000000001,1.778196126402723,0.9438818932775155,11654,6186
456,0.157,1.7992220256836582,0.9381303218177233,11791,6148
457,0.15712500000000001,1.818781472854837,0.9347707443368548,11920,6126
458,0.15725,1.8384055863965763,0.935412703448182,12048,6130
459,0.15737500000000001,1.858200632204681,0.9402220566373037,12178,6162
460,0.1575,1.876644896266233,0.9477179040975999,12299,6211
461,0.15762500000000002,1.892399640748148,0.9565832046832382,12402,6269
462,0.15775,1.9058986662879174,0.9672545866328507,12490,6339
463,0.15787500000000002,1.9187552543583948,0.9813291349722395,12575,6431
464,0.158,1.9317175802385347,0.999520240027253,12660,6550
465,0.15812500000000002,1.9436972130190597,1.0206861288504732,12738,6689
466,0.15825,1.9530711935299003,1.0431325558622009,12800,6836
467,0.15837500000000002,1.9596496725363675,1.066580656208722,12843,6990
468,0.1585,1.964879128629895,1.092370940049233,12877,7159
469,0.15862500000000002,1.9700317975252781,1.1216531143455528,12911,7351
470,0.15875,1.9746161370486877,1.1537974711853887,12941,7562
471,0.158875,1.9769702230698016,1.1869888435196514,12956,7779
472,0.159,1.976306300332677,1.2202722066328384,12952,7997
473,0.15912500000000002,1.9736825694871913,1.2545251789049714,12935,8222
474,0.15925,1.9707010100861366,1.2911570006485145,12915,8462
475,0.159375,1.967539974645167,1.3301419793744516,12894,8717
476,0.1595,1.962750810180524,1.3698173482694174,12863,8977
477,0.15962500000000002,1.9550686035586757,1.4086949810849558,12813,9232
478,0.15975,1.9450014965842501,1.4470519996791245,12747,9483
479,0.159875,1.9342374050050857,1.4863385594853227,12676,9741
480,0.16,1.92359919128301,1.5271343437215987,12606,10008
481,0.16012500000000002,1.9120729314424538,1.568177970420975,12531,10277
482,0.16025,1.8981097627768035,1.6076701636456856,12439,10536
483,0.160375,1.8815932820331143,1.6452423410741912,12331,10782
484,0.1605,1.8640425459079188,1.6821609133356974,12216,11024
485,0.16062500000000002,1.8468012565041183,1.719517682830634,12103,11269
486,0.16075,1.8294480244335265,1.756641354997779,11989,11512
487,0.160875,1.8103895201496298,1.7916919014934047,11865,11742
488,0.161,1.7889048408886237,1.8237060998887276,11724,11952
489,0.16112500000000002,1.7661170554185537,1.8535702635932512,11574,12148
490,0.16125,1.7436908634003114,1.882718975609385,11427,12339
491,0.161375,1.7218649525258338,1.9111685798736724,11284,12525
492,0.1615,1.6992484786759026,1.9373146167371222,11136,12696
493,0.16162500000000002,1.6746315826816587,1.9597434000254736,10975,12843
494,0.16175,1.6485745880105807,1.9788220329319215,10804,12968
495,0.161875,1.6228145023823015,1.9961058749375231,10635,13082
496,0.162,1.5982200985358226,2.0122942886460407,10474,13188
497,0.16212500000000002,1.5738199776096122,2.0262595546611424,10314,13279
498,0.16225,1.548104351344054,2.0363491560074216,10146,13345
499,0.162375,1.5209922532628533,2.0423537108467156,9968,13385
500,0.1625,1.494034500933626,2.0457102649305567,9791,13407
501,0.16262500000000002,1.468602713222001,2.0476918872517658,9625,13420
502,0.16275,1.4442995628552338,2.0478180762713363,9465,13421
503,0.162875,1.4195517804497868,2.0444481892650437,9303,13398
504,0.163,1.3936545386908037,2.0368258028746262,9133,13349
505,0.16312500000000002,1.3677428725066716,2.0260503989983856,8964,13278
506,0.16325,1.3434893831799446,2.013774870942059,8805,13197
507,0.163375,1.3211364951873776,2.000237883370997,8658,13109
508,0.1635,1.2992930080101068,1.9840600584151349,8515,13003
509,0.16362500000000002,1.27674453811326,1.9640543587089287,8367,12872
510,0.16375,1.2540428142422857,1.9408148592782013,8218,12719
511,0.163875,1.2329121306915662,1.9161229838747365,8080,12558
512,0.164,1.214204550372638,1.8909020401801742,7957,12392
513,0.16412500000000002,1.1969279468674583,1.8642448943697005,7844,12218
514,0.16425,1.179547932048274,1.8347151025586752,7730,12024
515,0.164375,1.1619550731987704,1.8023136205018506,7615,11812
516,0.1645,1.1456680219473372,1.768681026714427,7508,11591
517,0.16462500000000002,1.132022564630989,1.7352859390245967,7419,11372
518,0.16475,1.1205820606627384,1.7018344582599754,7344,11153
519,0.164875,1.1097305064015694,1.6668624880522698,7273,10924
520,0.165,1.0987171219060368,1.6297792604459465,7201,10681
521,0.16512500000000002,1.088627856910997,1.5918380059030197,7134,10432
522,0.16525,1.0810833117158614,1.5548327701238598,7085,10190
523,0.165375,1.0762711046882465,1.5191298738041634,7053,9956
524,0.1655,1.072742652313254,1.4834635698545355,7030,9722
525,0.16562500000000002,1.069223745288504,1.4467456614278582,7007,9481
526,0.16575,1.0662040806400102,1.4096539166943027,6987,9238
527,0.165875,1.0653438708549328,1.3740376918724544,6982,9005
528,0.166,1.0674292893649022,1.3408722886771811,6996,8788
529,0.16612500000000002,1.0714006882368392,1.3092861804920448,7022,8581
530,0.16625,1.0756547707525501,1.277862149088708,7049,8375
531,0.166375,1.0800120017186368,1.2466037204420828,7078,8170
532,0.1665,1.0859199808251072,1.2171375758400524,7117,7977
533,0.16662500000000002,1.0946427013078075,1.1909018748395983,7174,7805
534,0.16675,1.1056712291385713,1.1675560653690256,7246,7652
535,0.166875,1.1173169876737332,1.1455732920672306,7322,7508
536,0.167,1.128756578608561,1.1242844585671226,7397,7368
537,0.16712500000000002,1.1410035184275125,1.1048491660353097,7478,7241
538,0.16725,1.1556063839388313,1.0889532250604763,7573,7137
539,0.167375,1.1726814170413222,1.0768405578904008,7685,7057
540,0.1675,1.1907095170562414,1.0671096938091933,7803,6993
541,0.16762500000000002,1.2083470578858022,1.058523993745833,7919,6937
542,0.16775,1.2260156173969863,1.0516010278937395,8035,6892
543,0.167875,1.2453088283825493,1.0480189560089967,8161,6868
544,0.168,1.2669480038381504,1.048571951289826,8303,6872
545,0.16812500000000002,1.2898105942020952,1.0521983178109395,8453,6896
546,0.16825,1.3122325200170606,1.057282773926936,8600,6929
547,0.168375,1.33397581649561,1.0636238937444171,8742,6971
548,0.1685,1.3564321452613144,1.072637720108617,8890,7030
549,0.16862500000000002,1.3808122790267279,1.0855471855324306,9049,7114
550,0.16875,1.4065568957532302,1.101793153132218,9218,7221
551,0.168875,1.4319300782326692,1.1196279911811398,9384,7338
552,0.169,1.4560642251807407,1.1381608683420281,9542,7459
553,0.16912500000000003,1.4799319888357847,1.158329901118625,9699,7591
554,0.16925,1.505044484696705,1.1816008739495332,9863,7744
555,0.169375,1.531484081125001,1.2080003665999137,10037,7917
556,0.1695,1.5577014291662914,1.2359134067069488,10209,8100
557,0.16962500000000003,1.5823264459073667,1.2638949089988019,10370,8283
558,0.16975,1.6057580541936838,1.292260133890359,10523,8469
559,0.169875,1.62957117906322,1.3224922453119015,10680,8667
560,0.17,1.6544723561003718,1.3551987159039802,10843,8881
561,0.17012500000000003,1.679328311594024,1.3891405591963566,11006,9104
562,0.17025,1.7024682512604854,1.4225354733933084,11157,9323
563,0.170375,1.7236516036271377,1.455026310489019,11296,9536
564,0.17049999999999998,1.744271461399282,1.487885410087398,11431,9751
565,0.170625,1.7655441396127596,1.5222049384765977,11571,9976
566,0.17075,1.7869198738955825,1.5573084952953706,11711,10206
567,0.170875,1.8066763672550996,1.5913454767441282,11840,10429
568,0.17099999999999999,1.8239635809803068,1.6233367692888623,11954,10639
569,0.171125,1.8397756925808095,1.654147539132867,12057,10841
570,0.17125,1.8556491625758376,1.6851861750247066,12161,11044
571,0.171375,1.8716955173112202,1.7164378970958678,12266,11249
572,0.17149999999999999,1.8863982148937655,1.746262451707134,12363,11444
573,0.171625,1.8984235947180645,1.7732058611154824,12442,11621
574,0.17175,1.9082104344393764,1.79759074324068,12506,11781
575,0.171875,1.9173768859505675,1.8209240022589386,12566,11934
576,0.172,1.9266758844502727,1.8438529170732612,12627,12084
577,0.172125,1.9350236422690308,1.865194325770919,12681,12224
578,0.17225000000000001,1.940801724287266,1.8832372819007872,12719,12342
579,0.172375,1.9438246801877257,1.8977112965170209,12739,12437
580,0.1725,1.9455432611944126,1.9099900245383883,12750,12517
581,0.172625,1.9472338436803738,1.9212812024490336,12761,12591
582,0.17275000000000001,1.948408894315095,1.931037461862215,12769,12655
583,0.172875,1.947410360571719,1.9375501259027537,12763,12698
584,0.173,1.9434542229700043,1.9399939816407499,12737,12714
585,0.173125,1.9376022769505437,1.93939934973049,12698,12710
586,0.17325000000000002,1.9314599584683476,1.937349998035859,12658,12697
587,0.173375,1.9252089331577273,1.9340158934105074,12617,12675
588,0.1735,1.9174037215741593,1.9279497820407778,12566,12635
589,0.173625,1.9067824398990585,1.917897963593062,12496,12569
590,0.17375000000000002,1.8938561197539288,1.9043894355890838,12412,12481
591,0.173875,1.880315422792205,1.889142511351897,12323,12381
592,0.174,1.8669858191272413,1.8730196979373475,12235,12275
593,0.174125,1.8528558499740666,1.8550557342542269,12143,12157
594,0.17425000000000002,1.8363789818473082,1.833759028140175,12035,12018
595,0.174375,1.8174410007160677,1.809078703409081,11911,11856
596,0.1745,1.797563019724546,1.7826070849976108,11781,11682
597,0.174625,1.7780906607616163,1.755768419086772,11653,11507
598,0.17475000000000002,1.758604325418999,1.7282285296780278,11525,11326
599,0.174875,1.7375123425412828,1.6984874013657065,11387,11131
600,0.175,1.7140953435485782,1.6659228642578052,11233,10918
601,0.175125,1.689477803467843,1.6317614804235432,11072,10694
602,0.17525000000000002,1.6653257090973415,1.5977754631935064,10914,10471
603,0.175375,1.6418789124496895,1.5643143019373014,10760,10252
604,0.1755,1.6177476200325311,1.5301004629292625,10602,10028
605,0.175625,1.5917229058956086,1.4940391172123098,10432,9791
606,0.17575000000000002,1.5643659186583114,1.4568065394810648,10252,9547
607,0.175875,1.5374143793503987,1.4202557832197336,10076,9308
608,0.176,1.5117376716433908,1.3853709633249647,9907,9079
609,0.176125,1.4863649013543032,1.351294475381361,9741,8856
610,0.17625000000000002,1.4597866881435229,1.3166280005214908,9567,8629
611,0.176375,1.4319223726817243,1.2813988753672854,9384,8398
612,0.1765,1.4043229883507735,1.2472623173941597,9203,8174
613,0.176625,1.378360274311203,1.215689624362379,9033,7967
614,0.17675000000000002,1.353636937372783,1.1863777491159875,8871,7775
615,0.176875,1.3285796516336337,1.157841529342518,8707,7588
616,0.177,1.3024834517612986,1.1294574704058733,8536,7402
617,0.177125,1.2764831485535835,1.102434454062435,8366,7225
618,0.17725000000000002,1.252251041882329,1.078510933125417,8207,7068
619,0.177375,1.230029172675962,1.0579865575751053,8061,6934
620,0.1775,1.2084258832393469,1.0395183221345274,7920,6813
621,0.177625,1.1862262541212831,1.0219304744126403,7774,6697
622,0.17775000000000002,1.1639814075509443,1.0058035220034391,7628,6592
623,0.177875,1.1434149553362676,0.9928802628381637,7493,6507
624,0.178,1.1253782096663798,0.9840208241750427,7375,6449
625,0.178125,1.108878219540091,0.9782304042081926,7267,6411
626,0.17825000000000002,1.092379705686863,0.9739611648683701,7159,6383
627,0.178375,1.0757722718214768,0.9710792797705051,7050,6364
628,0.1785,1.0605735404266325,0.9710681596575791,6951,6364
629,0.178625,1.0481181970291815,0.9752174706858758,6869,6391
630,0.17875000000000002,1.0379684349567886,0.9830337995760332,6802,6442
631,0.178875,1.0285070129278802,0.9928338251966868,6740,6507
632,0.179,1.0189818477337105,1.003789258201699,6678,6578
633,0.179125,1.0104775137810325,1.0168985940016841,6622,6664
634,0.17925000000000002,1.0046131694559743,1.0336855054320304,6584,6774
635,0.179375,1.0015749180848903,1.0542315927999053,6564,6909
636,0.1795,0.9999125930226628,1.076973744529081,6553,7058
637,0.179625,0.998350327150151,1.1005152244567231,6543,7212
638,0.17975000000000002,0.9973760896147768,1.1252158806221348,6536,7374
639,0.179875,0.9986482883723893,1.152599384344836,6545,7554
640,0.18,1.0029512199105255,1.1833094333452563,6573,7755
641,0.180125,1.0092232804225365,1.2161387053860666,6614,7970
642,0.18025000000000002,1.0158591422770298,1.2493318523016443,6658,8188
643,0.180375,1.0226771579600358,1.282553736970645,6702,8405
644,0.1805,1.0311227370120017,1.3170936731302392,6758,8632
645,0.180625,1.0424575985507698,1.3540555838889492,6832,8874
646,0.18075000000000002,1.0561704537719505,1.3927695723418683,6922,9128
647,0.180875,1.0705702847697727,1.431386159879607,7016,9381
648,0.181,1.0848311685783893,1.4689220027225447,7110,9627
649,0.181125,1.0999640081940096,1.5062326150323628,7209,9871
650,0.18125000000000002,1.1175146810195569,1.5447113930622551,7324,10123
651,0.181375,1.1375966386915548,1.5843232177981246,7455,10383
652,0.1815,1.1586879021928378,1.623402288001328,7594,10639
653,0.181625,1.1794418746497837,1.6604639241700654,7730,10882
654,0.18175000000000002,1.2002770734134112,1.6957950804451551,7866,11114
655,0.181875,1.2227839773279188,1.7308621490137643,8014,11343
656,0.182,1.2476806546665635,1.7662672905620982,8177,11575
657,0.182125,1.273841217435528,1.8007777898005024,8348,11802
658,0.18225000000000002,1.2995981566976826,1.832628998366591,8517,12010
659,0.182375,1.3247099850447086,1.8614928017035863,8682,12199
660,0.1825,1.3505647510412901,1.8886816305022471,8851,12378
661,0.182625,1.3783695227331467,1.9153386723540755,9033,12552
662,0.18275000000000002,1.4075611845849432,1.940849041816759,9225,12720
663,0.182875,1.4363999368907714,1.9634338941596023,9414,12868
664,0.183,1.4640142097483306,1.9821955779812894,9595,12991
665,0.183125,1.4913726015545796,1.9980900589808785,9774,13095
666,0.18325000000000002,1.519982091748993,2.0126252291828215,9961,13190
667,0.183375,1.549920832440503,2.025894042184778,10158,13277
668,0.1835,1.579635181374444,2.0363714958992847,10352,13346
669,0.183625,1.607750688494169,2.0427258114401363,10537,13387
670,0.18375000000000002,1.6346618389510919,2.0454079779156786,10713,13405
671,0.183875,1.6619390539639611,2.0460587878640446,10892,13409
672,0.184,1.6902843026129535,2.0454641048712916,11077,13405
673,0.184125,1.7185596876730493,2.042583323135765,11263,13386
674,0.18425000000000002,1.7450897379167805,2.0358511749673456,11437,13342
675,0.184375,1.7696291584410109,2.025145194355691,11597,13272
676,0.1845,1.7935662757367403,2.011988545148937,11754,13186
677,0.184625,1.8181126040568412,1.9977391440012722,11915,13092
678,0.18475000000000003,1.8427135474800846,1.9819996250441154,12076,12989
679,0.184875,1.865641956175973,1.963210303314291,12227,12866
680,0.185,1.8860429211762855,1.940693126031655,12360,12719
681,0.185125,1.9049057430315284,1.9156229095355293,12484,12554
682,0.18525000000000003,1.9237620024960718,1.8897244772957953,12608,12384
683,0.185375,1.9427183552641727,1.863304597665305,12732,12211
684,0.1855,1.9602534017806423,1.835047850925088,12847,12026
685,0.185625,1.9750286498363032,1.8038266260695734,12944,11822
686,0.18575000000000003,1.9874780753427164,1.7702896295796147,13025,11602
687,0.185875,1.999215072461059,1.73626777983653,13102,11379
688,0.186,2.0109878663379517,1.702728540797741,13179,11159
689,0.18612499999999998,2.0217080220853756,1.6688033063774899,13249,10937
690,0.18625,2.029752523666913,1.6330883962401026,13302,10703
691,0.186375,2.0349314222115695,1.5956115333136658,13336,10457
692,0.1865,2.038691055951263,1.5580339999786517,13361,10211
693,0.18662499999999999,2.0423034906895032,1.5218388854095561,13384,9974
694,0.18675,2.0452769878050483,1.486740532394705,13404,9744
695,0.186875,2.045949412298636,1.4512767544932013,13408,9511
696,0.187,2.0435327874740423,1.4148524346549916,13392,9272
697,0.18712499999999999,2.0390850948988812,1.3787101612647543,13363,9036
698,0.18725,2.0342081019413216,1.3446271861401122,13331,8812
699,0.187375,2.029079969425378,1.3129469196258987,13298,8605
700,0.1875,2.022251878244689,1.2823747939597154,13253,8404
701,0.187625,2.012458788809769,1.2517879850247968,13189,8204
702,0.18775,2.000208761586726,1.221824093626338,13109,8007
703,0.18787500000000001,1.9871896905239959,1.1942869382259649,13023,7827
704,0.188,1.974224481485032,1.170101233322561,12938,7668
705,0.188125,1.9602993336503365,1.1483400474479792,12847,7526
706,0.18825,1.9438655929311286,1.1275263081464324,12739,7389
707,0.18837500000000001,1.9248071646392861,1.1075995265171794,12614,7259
708,0.1885,1.90464351957005,1.090118615781713,12482,7144
709,0.188625,1.8847188936669867,1.0764505534109292,12352,7055
710,0.18875,1.8646125564313258,1.0661806289099893,12220,6987
711,0.18887500000000002,1.842731975971695,1.0577052342108262,12077,6932
712,0.189,1.8183571908162537,1.050276384242011,11917,6883
713,0.189125,1.7926123676735164,1.044973071910413,11748,6848
714,0.18925,1.7671634650825379,1.043399248823213,11581,6838
715,0.18937500000000002,1.7422506026420255,1.045716169114615,11418,6853
716,0.1895,1.7164845447412327,1.050439353932833,11249,6884
717,0.189625,1.688657228281262,1.0562492730037651,11067,6922
718,0.18975,1.659330963094888,1.0635811813737983,10875,6970
719,0.18987500000000002,1.6302449431878556,1.0740319619196441,10684,7039
720,0.19,1.6022703292944582,1.0883159883380153,10501,7132
721,0.190125,1.5744383203533494,1.1052936998331486,10318,7244
722,0.19025,1.5452419364631471,1.123274294044502,10127,7361
723,0.19037500000000002,1.51460323644918,1.1419836107201946,9926,7484
724,0.1905,1.4840762797694553,1.1627681157315377,9726,7620
725,0.190625,1.4550361482766265,1.1867847393982343,9536,7778
726,0.19075,1.4270891972687763,1.2134122419045765,9353,7952
727,0.19087500000000002,1.3986660619980325,1.240845171245512,9166,8132
728,0.191,1.3690660391471143,1.2681394293726322,8972,8311
729,0.191125,1.3394285073305112,1.2961847605945296,8778,8495
730,0.19125,1.3114306273026992,1.3264036831828707,8595,8693
731,0.19137500000000002,1.2853195968629885,1.3587849077687733,8423,8905
732,0.1915,1.2597091975764396,1.391681137478605,8256,9121
733,0.191625,1.233390232474688,1.4236207418188254,8083,9330
734,0.19175,1.206919815109588,1.454898295827083,7910,9535
735,0.19187500000000002,1.1820278161440123,1.4869823110782672,7747,9745
736,0.192,1.1595720590807308,1.520471652764234,7599,9965
737,0.192125,1.13856635320878,1.5541248797673826,7462,10185
738,0.19225,1.1174824128650305,1.5861633315341903,7324,10395
739,0.19237500000000002,1.0962170630201484,1.616239637448662,7184,10592
740,0.1925,1.076295358931423,1.6456419263278639,7054,10785
741,0.192625,1.0590596225715267,1.6754841372525777,6941,10980
742,0.19275,1.044079870912023,1.7051174373613596,6842,11175
743,0.19287500000000002,1.0297468635158429,1.7327244889571982,6749,11356
744,0.193,1.0153166785381202,1.7573648940683528,6654,11517
745,0.193125,1.0018822001720489,1.7799478220901412,6566,11665
746,0.19325,0.9910710282670205,1.8019306487752955,6495,11809
747,0.19337500000000002,0.9830778251639407,1.8233523410930694,6443,11950
748,0.1935,0.9764610841240772,1.8426308003749865,6399,12076
749,0.193625,0.9699536827641393,1.858374330797332,6357,12179
750,0.19375,0.9640524033785722,1.8709715673976213,6318,12262
751,0.19387500000000002,0.9604245175942329,1.881998834475697,6294,12334
752,0.194,0.959863220076042,1.8921758109703808,6291,12401
753,0.194125,0.9613158201193658,1.900394339030688,6300,12454
754,0.19425,0.963185902663734,1.9050206352399686,6312,12485
755,0.19437500000000002,0.9653007111082937,1.9058631213526367,6326,12490
756,0.1945,0.9691145095157597,1.9043756534958964,6351,12481
757,0.194625,0.9758978126294694,1.901847022189476,6396,12464
758,0.19475,0.9851480545238321,1.8978113067592004,6456,12437
759,0.19487500000000002,0.9951828437211119,1.8906412172863445,6522,12391
760,0.195,1.0051847744219715,1.8795924160418045,6588,12318
761,0.195125,1.0161731328212977,1.865775125927605,6660,12228
762,0.19525,1.0297020339324174,1.8508516112068207,6748,12130
763,0.19537500000000002,1.0458929959122074,1.8350684714532137,6854,12026
764,0.1955,1.0632319248884148,1.817052816648779,6968,11908
765,0.195625,1.0803799016774263,1.7956225969224922,7080,11768
766,0.19575,1.0977629050499091,1.7713753782570258,7194,11609
767,0.19587500000000002,1.1169786325680635,1.7460945392058704,7320,11443
768,0.196,1.138752121301383,1.7207038248483515,7463,11277
769,0.196125,1.161964175578442,1.6942949961058156,7615,11104
770,0.19625,1.1849536967989853,1.6654289946575727,7766,10915
771,0.19637500000000002,1.2074852994688605,1.63410264214285,7913,10709
772,0.1965,1.230952821939806,1.6019509109414896,8067,10499
773,0.196625,1.2565687838317658,1.570435345040966,8235,10292
774,0.19675,1.2837751811585854,1.5392535647438708,8413,10088
775,0.19687500000000002,1.3108369602395074,1.5069316053426263,8591,9876
776,0.197,1.3368869318209693,1.4728675159921603,8761,9653
777,0.197125,1.3628976848930228,1.4383020625739587,8932,9426
778,0.19725,1.3903798015905116,1.405015628642271,9112,9208
779,0.19737500000000002,1.419414625186599,1.3733597211622512,9302,9000
780,0.1975,1.4484512972606074,1.342052721100354,9493,8795
781,0.197625,1.4761177218909682,1.3099895594098536,9674,8585
782,0.19775,1.5028103149215708,1.277830232602871,9849,8374
783,0.19787500000000002,1.5301009839258128,1.2474054943188448,10028,8175
784,0.198,1.558692748306098,1.2196713190160346,10215,7993
785,0.198125,1.5874483059010358,1.1937362056388299,10404,7823
786,0.19825,1.6146923356159204,1.168162423927471,10582,7656
787,0.19837500000000002,1.6401792303746474,1.1429325348814778,10749,7490
788,0.1985,1.6652965544920222,1.119651912630155,10914,7338
789,0.198625,1.6912545946832105,1.0997371572397148,11084,7207
790,0.19875,1.7174970763384652,1.082826014545576,11256,7096
791,0.19887500000000002,1.7422947065932504,1.0673698774936702,11418,6995
792,0.199,1.7647899851311666,1.0526779549395437,11566,6899
793,0.199125,1.7859691619376896,1.0398883042365474,11705,6815
794,0.19925,1.8073603257307307,1.0306654443099597,11845,6755
795,0.19937500000000002,1.8290661901921588,1.0252323508744623,11987,6719
796,0.1995,1.8495609831131656,1.022167045666041,12121,6699
797,0.199625,1.8675014029683306,1.020212910889957,12239,6686
798,0.19975,1.8833162004708068,1.019868151517254,12343,6684
799,0.19987500000000002,1.8986131252246397,1.0227922602952384,12443,6703
800,0.2,1.9141343605276229,1.0297615154785777,12544,6749
801,0.200125,1.9287850314568522,1.0396971759918203,12640,6814
802,0.20025,1.9409353069337902,1.0509678264437479,12720,6888
803,0.20037500000000003,1.9503880497399078,1.0633568876619897,12782,6969
804,0.2005,1.9585820605558792,1.0782662778969627,12836,7067
805,0.200625,1.96678152271721,1.0969058926750235,12889,7189
806,0.20075,1.9744864950424885,1.1187046796961273,12940,7332
807,0.20087500000000003,1.9800263267166436,1.1419042609435444,12976,7484
808,0.201,1.982604237308363,1.1656042470662105,12993,7639
809,0.201125,1.983269126058242,1.1907344200623946,12998,7804
810,0.20125,1.983613425044594,1.2187534574736516,13000,7987
811,0.20137500000000003,1.983805718573424,1.2496820820184946,13001,8190
812,0.2015,1.9823873954895095,1.2819007032764476,12992,8401
813,0.201625,1.9780834226601773,1.3139608658010462,12964,8611
814,0.20174999999999998,1.9713916910499765,1.3461756822996527,12920,8822
815,0.201875,1.9639897653586784,1.3800273869658966,12871,9044
816,0.202,1.9566900875983027,1.416123701425221,12823,9281
817,0.202125,1.9484682767328343,1.4532270492987223,12769,9524
818,0.20224999999999999,1.9377650066146308,1.4895576479216692,12699,9762
819,0.202375,1.9244534387521666,1.5247619473077691,12612,9993
820,0.2025,1.9100422520665166,1.5601169003717863,12518,10224
821,0.202625,1.895864864329933,1.5967202601938923,12425,10464
822,0.20274999999999999,1.8814897231787875,1.6339021130912454,12331,10708
823,0.202875,1.865313494412932,1.6698191895116528,12225,10943
824,0.203,1.8466054551267745,1.7035004758844328,12102,11164
825,0.203125,1.8264790759833502,1.735819942670035,11970,11376
826,0.20325,1.8065897046943293,1.7681953989664696,11840,11588
827,0.203375,1.7871669608011105,1.8006220324361837,11712,11801
828,0.20350000000000001,1.7668112375545753,1.8314700116399063,11579,12003
829,0.203625,1.7443042559940818,1.8592961611011158,11431,12185
830,0.20375,1.7201982816560453,1.8844341863650609,11273,12350
831,0.203875,1.6962226627389465,1.9084022862328294,11116,12507
832,0.20400000000000001,1.6732389269256265,1.9318591464805082,10966,12661
833,0.204125,1.6502688801039074,1.9536330442254806,10815,12803
834,0.20425,1.625796401422194,1.972024411544659,10655,12924
835,0.204375,1.599734688176673,1.9867739977694128,10484,13021
836,0.20450000000000002,1.5736292275245838,1.9992664673491554,10313,13102
837,0.204625,1.548846845396835,2.010720260216113,10151,13177
838,0.20475,1.5249859649591702,2.020598322980969,9994,13242
839,0.204875,1.5004696398591209,2.0272018324118477,9833,13285
840,0.20500000000000002,1.4745899406328222,2.0297148934357887,9664,13302
841,0.205125,1.4484794012961697,2.0291765422312835,9493,13298
842,0.20525,1.4238087219431026,2.027178594971836,9331,13285
843,0.205375,1.4008190488627112,2.0238983411963662,9180,13264
844,0.20550000000000002,1.378118521074265,2.0178950702059035,9032,13224
845,0.205625,1.3544927321441436,2.0079207965347705,8877,13159
846,0.20575,1.3304940164647567,1.9945093624362207,8720,13071
847,0.205875,1.3078479186592136,1.9793830182608119,8571,12972
848,0.20600000000000002,1.2874083839593966,1.963407271391393,8437,12867
849,0.206125,1.2681858124712186,1.9456188990219974,8311,12751
850,0.20625,1.248648970545997,1.9245273696607867,8183,12613
851,0.206375,1.2286922160148195,1.9000818779005464,8052,12452
852,0.20650000000000002,1.2098386074722762,1.8738738276279119,7929,12281
853,0.206625,1.1934289585246627,1.8473255534652795,7821,12107
854,0.20675,1.1790322533105246,1.8200999889379033,7727,11928
855,0.206875,1.1650387099442914,1.7906932643793876,7635,11735
856,0.20700000000000002,1.1507043414674103,1.7584784165433034,7541,11524
857,0.207125,1.1371224570589564,1.7246763038894832,7452,11303
858,0.20725,1.1259215544466423,1.6910525629378328,7379,11082
859,0.207375,1.1172976783226969,1.6579492751569713,7322,10866
860,0.20750000000000002,1.1098111695587853,1.6240807162189812,7273,10644
861,0.207625,1.1021972279626155,1.5883431384982354,7223,10409
862,0.20775,1.0949554115482656,1.5514032283805388,7176,10167
863,0.207875,1.0897562282013353,1.515103847510872,7142,9929
864,0.20800000000000002,1.0873965466820332,1.4804183823448487,7126,9702
865,0.208125,1.0868277928871113,1.446478039678255,7123,9480
866,0.20825,1.0864580867132676,1.4118729251996833,7120,9253
867,0.208375,1.0861196271955647,1.376618498251146,7118,9022
868,0.20850000000000002,1.087272029329505,1.342357875746179,7126,8797
869,0.208625,1.0911915540808101,1.3105501231874894,7151,8589
870,0.20875,1.0973817506513488,1.2808799108615438,7192,8394
871,0.208875,1.1041667092971008,1.2518498399756788,7236,8204
872,0.20900000000000002,1.1107358454087721,1.2228243076337362,7279,8014
873,0.209125,1.118115601298522,1.195000314612093,7328,7832
874,0.20925,1.1278675553533988,1.1701047407953757,7392,7668
875,0.209375,1.1401209896819768,1.148426070830206,7472,7526
876,0.20950000000000002,1.1533698469997367,1.128610619008567,7559,7396
877,0.209625,1.1662835086201393,1.1094725352015509,7643,7271
878,0.20975,1.1792964897578526,1.0915828837808732,7729,7154
879,0.209875,1.1940152497107637,1.0766757677834888,7825,7056
880,0.21000000000000002,1.211173784843995,1.0656034323396246,7938,6984
881,0.210125,1.229662043893328,1.0573640939495101,8059,6930
882,0.21025,1.2478282305242476,1.050403888603588,8178,6884
883,0.210375,1.2654464052771106,1.044583999199386,8293,6846
884,0.21050000000000002,1.283919969774492,1.0413839256559245,8414,6825
885,0.210625,1.304471108576441,1.0420905725705785,8549,6829
886,0.21075,1.326551558729698,1.0462089471062888,8694,6856
887,0.210875,1.3484360668102569,1.0520553881496124,8837,6895
888,0.21100000000000002,1.3692672786485665,1.058802525735167,8974,6939
889,0.211125,1.3900276351606418,1.0674510783359374,9110,6996
890,0.21125,1.4122375642446627,1.0795282516537599,9255,7075
891,0.211375,1.4359882298642133,1.0951205185416821,9411,7177
892,0.21150000000000002,1.459738547801636,1.112670971708094,9567,7292
893,0.211625,1.482126130212841,1.1307904255606946,9713,7411
894,0.21175,1.5035570152499684,1.1498476029179827,9854,7536
895,0.211875,1.5256126268593964,1.1713763727446564,9998,7677
896,0.21200000000000002,1.5490053771718675,1.1960319173183311,10152,7838
897,0.212125,1.572607212615304,1.222619668412275,10306,8013
898,0.21225,1.5947519009139821,1.2493982520808198,10451,8188
899,0.212375,1.6152027434167424,1.2760476921784758,10585,8363
900,0.21250000000000002,1.6353560190381247,1.3038735885413997,10717,8545
901,0.212625,1.6564305147094087,1.3339972265156768,10856,8742
902,0.21275,1.677878230523501,1.3657670747528678,10996,8951
903,0.212875,1.6979779025006427,1.3973529598029102,11128,9158
904,0.21300000000000002,1.715879804640004,1.4277917001137468,11245,9357
905,0.213125,1.7325776868048464,1.4579597518177039,11355,9555
906,0.21325,1.7496068568343393,1.489272142346171,11466,9760
907,0.213375,1.7670769475134747,1.5217159835542575,11581,9973
908,0.21350000000000002,1.7834688018629457,1.5536482081462173,11688,10182
909,0.213625,1.797445411219194,1.5836072736172941,11780,10378
910,0.21375,1.8094414954030176,1.61190357353956,11858,10564
911,0.213875,1.8210704317934816,1.6400271333648748,11935,10748
912,0.21400000000000002,1.8330796911958578,1.6686038384528596,12013,10935
913,0.214125,1.844379329397333,1.6964246745270546,12087,11118
914,0.21425,1.8533440927079468,1.7217485686138614,12146,11284
915,0.214375,1.8597810526138496,1.7442707366470738,12188,11431
916,0.21450000000000002,1.865132855638865,1.7653265956879338,12223,11569
917,0.214625,1.8706671540071564,1.786081854461136,12260,11705
918,0.21475,1.8758871065552765,1.8059435891919446,12294,11835
919,0.214875,1.8791247808769012,1.8231542368011402,12315,11948
920,0.21500000000000002,1.8795857435786043,1.8368366604531574,12318,12038
921,0.215125,1.878320858252219,1.8479664557526607,12310,12111
922,0.21525,1.8769241509076944,1.8580701820922851,12301,12177
923,0.215375,1.8755654195194873,1.8672583856537501,12292,12237
924,0.21550000000000002,1.8727869004900546,1.874022515320799,12273,12282
925,0.215625,1.8673140337945817,1.877045996894419,12238,12301
926,0.21575,1.8596448249328625,1.8767937237387249,12187,12300
927,0.215875,1.8514565877475089,1.8749189972140516,12134,12287
928,0.21600000000000003,1.8435611654290744,1.8722187542053588,12082,12270
929,0.216125,1.8349332248516725,1.8676619432452402,12025,12240
930,0.21625,1.8240121533018696,1.859691307066022,11954,12188
931,0.216375,1.8106694874387805,1.8481907759407572,11866,12112
932,0.21650000000000003,1.7964119630101065,1.834688286824547,11773,12024
933,0.216625,1.7825707339434913,1.8205448506637643,11682,11931
934,0.21675,1.7687116842818482,1.805364524373654,11591,11832
935,0.216875,1.7532286155446992,1.7875873342849378,11490,11715
936,0.21700000000000003,1.7353876615334711,1.766533251156448,11373,11577
937,0.217125,1.7162988710122944,1.743373403526741,11248,11425
938,0.21725,1.6976139133999957,1.7198272556229333,11125,11271
939,0.21737499999999998,1.679558475224343,1.6961945383164663,11007,11116
940,0.2175,1.6607287845368268,1.6711511716172034,10884,10952
941,0.217625,1.6399021678422112,1.643559271488715,10747,10771
942,0.21775,1.6176262894506603,1.6140557286710873,10601,10578
943,0.21787499999999999,1.5956256935718267,1.584458129635594,10457,10384
944,0.218,1.5747569236789465,1.555719173646077,10320,10196
945,0.218125,1.5540366261293344,1.5269540995246915,10185,10007
946,0.21825,1.5319433674549456,1.496741776609946,10040,9809
947,0.21837499999999999,1.508384885006848,1.4650912395029367,9885,9602
948,0.2185,1.484901080398796,1.4336439493829152,9731,9396
949,0.218625,1.462853074915601,1.403862112119507,9587,9200
950,0.21875,1.4418334890127738,1.3754382381465455,9449,9014
951,0.218875,1.4202594826755337,1.3468874423353037,9308,8827
952,0.219,1.3974171619956062,1.3175911613810773,9158,8635
953,0.21912500000000001,1.374433033368165,1.2887678826719613,9007,8446
954,0.21925,1.3529717252283644,1.2621702244215711,8867,8272
955,0.219375,1.3332682761445889,1.2381165316503313,8738,8114
956,0.2195,1.3139246993118954,1.2152868626304265,8611,7965
957,0.21962500000000001,1.2937204525949906,1.1925328173817147,8479,7815
958,0.21975,1.273201741452606,1.1704663405184534,8344,7671
959,0.219875,1.254087996701294,1.1508656242639232,8219,7542
960,0.22,1.2372270801108074,1.13462990446592,8108,7436
961,0.22012500000000002,1.2216233470494346,1.120807030027357,8006,7345
962,0.22025,1.2057395715469286,1.107895079233953,7902,7261
963,0.220375,1.1894641798253884,1.0958091944973762,7795,7181
964,0.2205,1.1743143716693807,1.086084503760479,7696,7118
965,0.22062500000000002,1.1616251827899626,1.0800648892431444,7613,7078
966,0.22075,1.1509599107670954,1.0773133275093483,7543,7060
967,0.220875,1.1407031863403478,1.076204780643927,7476,7053
968,0.221,1.1301055430762907,1.0759707967212937,7406,7051
969,0.22112500000000002,1.1202549260805408,1.0776709576308974,7342,7063
970,0.22125,1.1127745913978684,1.0828909257476516,7293,7097
971,0.221375,1.1078554715168616,1.0917748707440567,7260,7155
972,0.2215,1.1040529298448452,1.1028224848031836,7236,7227
973,0.22162500000000002,1.100097330086041,1.1146997356259558,7210,7305
974,0.22175,1.0964835390583199,1.1278287377242175,7186,7391
975,0.221875,1.0948775244705156,1.1437946534187144,7175,7496
976,0.222,1.09607176779258,1.1633015735942365,7183,7624
977,0.22212500000000002,1.0990134660898319,1.1852011368043294,7202,7767
978,0.22225,1.1021066691250838,1.2077952229247382,7223,7915
979,0.222375,1.1051796695127412,1.2308038663847112,7243,8066
980,0.2225,1.1096883382175657,1.2555692239714566,7272,8228
981,0.22262500000000002,1.1169053590186646,1.2832454274048344,7320,8410
982,0.22275,1.1263308679720987,1.3132099160717738,7382,8606
983,0.222875,1.1362857101289165,1.3436573938145586,7447,8806
984,0.223,1.145956219426771,1.3736453467322725,7510,9002
985,0.22312500000000002,1.1563659238425783,1.4040665152705822,7578,9202
986,0.22325,1.1690736490776903,1.4363477629593664,7662,9413
987,0.223375,1.1842060890663557,1.4704834639428865,7761,9637
988,0.2235,1.2002547562306605,1.5048332271670277,7866,9862
989,0.22362500000000002,1.215886761870454,1.5379335257716067,7968,10079
990,0.22375,1.2315345037983312,1.570088148926214,8071,10290
991,0.223875,1.2488024785081604,1.602775875956108,8184,10504
992,0.224,1.2684228655850138,1.6366067966893814,8313,10726
993,0.22412500000000002,1.2892839446408588,1.6703515837797132,8449,10947
994,0.22425,1.3097323885299503,1.7022444755698343,8583,11156
995,0.224375,1.3295408666384356,1.731951708608565,8713,11351
996,0.2245,1.3501115191171218,1.7607756181407914,8848,11539
997,0.22462500000000002,1.3726653998646468,1.7898448649442886,8996,11730
998,0.22475,1.3966532356118937,1.8185257415006162,9153,11918
999,0.224875,1.4203488839516274,1.8450163500986594,9308,12091
1000,0.225,1.4428942122475787,1.8683919355709258,9456,12245
1001,0.225125,1.4652709943910305,1.889577421163904,9603,12384
1002,0.22525,1.4889990916665878,1.9100459379072885,9758,12518
1003,0.225375,1.514169202778881,1.9298521172318273,9923,12647
1004,0.2255,1.5392398684931343,1.9474293290377054,10088,12763
1005,0.225625,1.562848417231478,1.9614010597733993,10242,12854
1006,0.22575,1.5854006836266223,1.9721707421396177,10390,12925
1007,0.225875,1.60847796953779,1.981329027186558,10541,12985
1008,0.226,1.6327926355349103,1.9896093602004223,10701,13039
1009,0.226125,1.6572166484800213,1.995916709233394,10861,13080
1010,0.22625,1.6800838578937136,1.99862969750601,11011,13098
1011,0.226375,1.7011577100731432,1.9975683623836424,11149,13091
1012,0.2265,1.7218346817732202,1.9941973180182793,11284,13069
1013,0.226625,1.7433338128323541,1.9898151937121091,11425,13040
1014,0.22675,1.7651074015196293,1.9839649353428737,11568,13002
1015,0.226875,1.7854345299162258,1.9750270973485926,11701,12944
1016,0.227,1.8034658567081412,1.96226412573829,11819,12860
1017,0.227125,1.8201955581762532,1.9467919295772111,11929,12758
1018,0.22725,1.8371594016522759,1.9302773385162557,12040,12650
1019,0.227375,1.8544675161200312,1.912970373804475,12153,12537
1020,0.2275,1.870601269504096,1.8935004157188071,12259,12409
1021,0.227625,1.884224210934906,1.8706865250701326,12348,12260
1022,0.22775,1.8957716436076555,1.845126226726491,12424,12092
1023,0.227875,1.9068575586108623,1.818601713143385,12497,11918
1024,0.228,1.9182300642005006,1.792034421219791,12571,11744
1025,0.228125,1.92879988268269,1.764512703459989,12641,11564
1026,0.22825,1.936942450087373,1.734593030130743,12694,11368
1027,0.228375,1.9424655567121483,1.7022667249764756,12730,11156
1028,0.2285,1.9468125918399286,1.6691622865096227,12759,10939
1029,0.228625,1.9512519808335707,1.6367338593451328,12788,10726
1030,0.22875,1.9552876816125233,1.6046708013153759,12814,10516
1031,0.228875,1.9572525937356364,1.5714900855206977,12827,10299
1032,0.229,1.9563531449022062,1.5365799718647108,12821,10070
1033,0.229125,1.9536410963213842,1.5011707848491278,12803,9838
1034,0.22925,1.9507114050321641,1.4670318955637363,12784,9614
1035,0.229375,1.9477348412450863,1.4345033122736952,12765,9401
1036,0.2295,1.943254652286278,1.402291518373195,12735,9190
1037,0.229625,1.9359973358638758,1.3692792412591452,12688,8974
1038,0.22975,1.9264620000352328,1.3361140593797576,12625,8756
1039,0.229875,1.9163271143902694,1.30461419264774,12559,8550
1040,0.23,1.906405729541173,1.2757230594264415,12494,8361
1041,0.230125,1.895673779972597,1.2485366827570183,12423,8182
1042,0.23025,1.882571979651993,1.2216050294457714,12338,8006
1043,0.230375,1.866973259551726,1.1948986344563894,12235,7831
1044,0.2305,1.8503858165654359,1.1700112127192783,12127,7668
1045,0.230625,1.8341423410980935,1.1483481748337336,12020,7526
1046,0.23075,1.8178103284402363,1.1295366317483753,11913,7403
1047,0.230875,1.7997852744473077,1.112017995559738,11795,7288
1048,0.231,1.7793350899390743,1.0950922259338736,11661,7177
1049,0.231125,1.7575716913961754,1.0798889563650245,11518,7077
1050,0.23125,1.7361487063180365,1.0680651756805395,11378,7000
1051,0.231375,1.715293877264569,1.0598373088963164,11241,6946
1052,0.2315,1.6936055859269072,1.0537778639365383,11099,6906
1053,0.231625,1.669863417089076,1.048625821599999,10944,6872
1054,0.23175,1.6446173975460219,1.0448761429016649,10778,6848
1055,0.231875,1.6195945445476438,1.044186297599453,10614,6843
1056,0.232,1.5956539845638023,1.047331793319095,10457,6864
1057,0.232125,1.5718150624466696,1.0532344205940949,10301,6902
1058,0.23225,1.5465591578877353,1.0602646147305759,10136,6949
1059,0.232375,1.5197969406749974,1.0682090012319274,9960,7001
1060,0.2325,1.493071363005406,1.0784740587554322,9785,7068
1061,0.232625,1.4677467184605832,1.0922756178349686,9619,7158
1062,0.23275,1.4434189200239387,1.1090499222338464,9460,7268
1063,0.232875,1.4185085428527329,1.1270472532125166,9296,7386
1064,0.233,1.392305228975451,1.1453772152248034,9125,7506
1065,0.233125,1.365939142648416,1.1649809037180858,8952,7635
1066,0.23325,1.3410786897812077,1.1873295860128346,8789,7781
1067,0.233375,1.3179628058467578,1.2124578190476556,8637,7946
1068,0.2335,1.2951975176087198,1.2387610339805277,8488,8118
1069,0.233625,1.2715664115620353,1.264806935816084,8333,8289
1070,0.23375,1.2476199336237028,1.2909258669193235,8176,8460
1071,0.233875,1.2250818638123933,1.318618296036716,8029,8642
1072,0.234,1.2048045181431228,1.3485111034819433,7896,8838
1073,0.234125,1.1857968066582396,1.3793867166806155,7771,9040
1074,0.23425,1.1665261543352061,1.4094861117938782,7645,9237
1075,0.234375,1.146885728441892,1.4384771604020408,7516,9427
1076,0.23450000000000001,1.1283975553215913,1.4676588022858645,7395,9618
1077,0.234625,1.1124015750054517,1.4981512388891982,7290,9818
1078,0.23475000000000001,1.0984660621778777,1.5293073637814887,7199,10022
1079,0.234875,1.08498068814265,1.5593069602283511,7111,10219
1080,0.23500000000000001,1.071201085170373,1.5872022075814687,7020,10402
1081,0.235125,1.0582203443352214,1.61389028870267,6935,10577
1082,0.23525000000000001,1.0476669093129698,1.6408121386617747,6866,10753
1083,0.235375,1.0397369294995547,1.6679858591220549,6814,10931
1084,0.23550000000000001,1.0329910086738447,1.6938042167578407,6770,11101
1085,0.235625,1.0261647605383748,1.7168461903689787,6725,11252
1086,0.23575000000000002,1.0197583055947677,1.737467096433052,6683,11387
1087,0.235875,1.0154428537104214,1.757206073553956,6655,11516
1088,0.23600000000000002,1.0140161110090027,1.776741983428544,6645,11644
1089,0.236125,1.0144304652164138,1.7949223901730709,6648,11763
1090,0.23625000000000002,1.0150951168429645,1.8100660401599196,6653,11862
1091,0.236375,1.0158434516859842,1.821930904556677,6657,11940
1092,0.23650000000000002,1.0181363705721107,1.8319177044170765,6672,12006
1093,0.236625,1.0232515051370858,1.8412596590103172,6706,12067
1094,0.23675000000000002,1.030693851805064,1.8494331570691787,6755,12120
1095,0.236875,1.0387890089359026,1.8547513782372824,6808,12155
1096,0.23700000000000002,1.0467279516186352,1.8564089454965236,6860,12166
1097,0.237125,1.0555387165283199,1.8554538383144352,6918,12160
1098,0.23725000000000002,1.0667845010120773,1.8534852114347715,6991,12147
1099,0.237375,1.0805962127500532,1.8506860122220106,7082,12129
1100,0.23750000000000002,1.0954694160244742,1.8456194936441004,7179,12095
1101,0.237625,1.1100750908959032,1.8370398791840257,7275,12039
1102,0.23775000000000002,1.1248493175768262,1.8254814690129844,7372,11963
1103,0.237875,1.1414000672153746,1.81266517650181,7480,11879
1104,0.23800000000000002,1.160462783876956,1.7994533981422312,7605,11793
1105,0.238125,1.1809287801257902,1.784878000028273,7739,11697
1106,0.23825000000000002,1.2011475287479516,1.7674417774669786,7872,11583
1107,0.238375,1.2208942449256555,1.747085481533617,8001,11450
1108,0.23850000000000002,1.2415733600088468,1.7253903569596905,8137,11308
1109,0.238625,1.2644079438326812,1.7037668735749802,8286,11166
1110,0.23875000000000002,1.288850464459418,1.6818644648146923,8447,11022
1111,0.238875,1.3131762262033924,1.6581641535927005,8606,10867
1112,0.23900000000000002,1.3365282503924372,1.6320223466585562,8759,10696
1113,0.239125,1.3598891529918447,1.6046417951979468,8912,10516
1114,0.23925000000000002,1.3847793285818424,1.577768648763971,9075,10340
1115,0.239375,1.4112896823296956,1.551724183840664,9249,10169
1116,0.23950000000000002,1.437878639053367,1.5252006616496903,9423,9996
1117,0.239625,1.4631830720417398,1.4970711873604245,9589,9811
1118,0.23975000000000002,1.4876080273792727,1.4679782848190313,9749,9621
1119,0.239875,1.5127336696564475,1.4397397279080286,9914,9435
1120,0.24000000000000002,1.5392708805949362,1.4133030140795848,10088,9262
1121,0.240125,1.5660897929745075,1.3877727614836988,10264,9095
1122,0.24025000000000002,1.5915220755159059,1.3617119156051438,10430,8924
1123,0.240375,1.6153286351639478,1.3351083149638776,10586,8750
1124,0.24050000000000002,1.6389030606486827,1.3095771246589056,10741,8582
1125,0.240625,1.6634611452484729,1.286549245332042,10902,8432
1126,0.24075,1.6884515933524433,1.2656810979259239,11065,8295
1127,0.240875,1.7121495380871927,1.2454470723014586,11221,8162
1128,0.241,1.7337013466131932,1.2251835171191146,11362,8029
1129,0.241125,1.7540965555858556,1.2060596720762533,11496,7904
1130,0.24125,1.7748659583394613,1.189775062062544,11632,7797
1131,0.241375,1.7961143722813693,1.176591346672455,11771,7711
1132,0.2415,1.8163175310520343,1.1651286552163045,11903,7636
1133,0.241625,1.8341330259801183,1.1541757133567367,12020,7564
1134,0.24175,1.8499898948572642,1.144279021330382,12124,7499
1135,0.241875,1.865495557406144,1.1371490931895543,12226,7452
1136,0.242,1.8813912614007409,1.133615646690829,12330,7429
1137,0.242125,1.8965805836657872,1.132655539688686,12429,7423
1138,0.24225,1.9094315473969143,1.1326947901287399,12514,7423
1139,0.242375,1.9197442693029538,1.133575800476846,12581,7429
1140,0.2425,1.9289542226257717,1.1367606836722552,12642,7450
1141,0.242625,1.9383216832937942,1.1435204357795534,12703,7494
1142,0.24275,1.9473422452001423,1.153345672569957,12762,7559
1143,0.242875,1.954340240758471,1.1645399300190735,12808,7632
1144,0.243,1.9585133465359201,1.176264644525983,12835,7709
1145,0.243125,1.9609044024394682,1.1895110065611263,12851,7796
1146,0.24325,1.9630992933199276,1.205798361971925,12865,7902
1147,0.243375,1.9652595823787313,1.2252070322886353,12880,8030
1148,0.2435,1.9659191943625192,1.2461756516676645,12884,8167
1149,0.243625,1.963795207023996,1.2673122925125495,12870,8305
1150,0.24375,1.9593772301135541,1.2889846185316005,12841,8447
1151,0.243875,1.9543341767451383,1.3127271293822482,12808,8603
1152,0.244,1.9494695014886818,1.3391972770496314,12776,8777
1153,0.244125,1.9437495252271488,1.3672043921814043,12739,8960
1154,0.24425,1.9356053487506049,1.3950125620656986,12685,9142
1155,0.244375,1.9249003139267924,1.4223088080301114,12615,9321
1156,0.2445,1.9131330697848028,1.4504071822425968,12538,9505
1157,0.244625,1.90162682519367,1.4804388356892384,12463,9702
1158,0.24475,1.8899396763939824,1.5117634217655556,12386,9907
1159,0.244875,1.87645782898767,1.5425632150688264,12298,10109
1160,0.245,1.8604400272956052,1.5718886403798515,12193,10302
1161,0.245125,1.8429891723550633,1.6006308498920332,12078,10490
1162,0.24525,1.825750040854987,1.630220543224102,11965,10684
1163,0.245375,1.8089417172244637,1.6606614009983414,11855,10883
1164,0.2455,1.791154129728641,1.690327701481038,11739,11078
1165,0.245625,1.7711586429696289,1.7177759359942406,11607,11258
1166,0.24575,1.7494973071168713,1.7433350967500936,11466,11425
1167,0.245875,1.727889435122632,1.7685142773363376,11324,11590
1168,0.246,1.7071867299406456,1.793958776208347,11188,11757
1169,0.246125,1.6864014224267188,1.8184792373752159,11052,11918
1170,0.24625,1.6640080942603515,1.8403543683067929,10905,12061
1171,0.246375,1.6399109616410839,1.8592991857407823,10747,12185
1172,0.2465,1.6156468719631139,1.8766688089130183,10588,12299
1173,0.246625,1.5925743906656447,1.8936484487250194,10437,12410
1174,0.24675,1.5702840814166406,1.9096643710700385,10291,12515
1175,0.246875,1.547191575933312,1.922977791521939,10140,12602
1176,0.247,1.5225819785770731,1.9327298371287307,9978,12666
1177,0.247125,1.4975813476782556,1.939913759323204,9815,12713
1178,0.24725,1.4738544125385327,1.9460730723449888,9659,12754
1179,0.247375,1.4516368859828188,1.9513344904003616,9513,12788
1180,0.2475,1.4295320213149523,1.9542047633019475,9369,12807
1181,0.247625,1.4063211038403822,1.9533816743322447,9216,12802
1182,0.24775,1.382552743430675,1.949343464800501,9061,12775
1183,0.247875,1.3599493705066674,1.943755709431944,8913,12739
1184,0.248,1.3393624284714254,1.9374264932036442,8778,12697
1185,0.248125,1.3198004510629056,1.9293347352795112,8649,12644
1186,0.24825,1.2997309715076204,1.9179319371308534,8518,12569
1187,0.248375,1.2790477670324085,1.9031095377927643,8382,12472
1188,0.2485,1.2592739616692914,1.8864017153332613,8253,12363
1189,0.248625,1.2417510956959859,1.8691744310958756,8138,12250
1190,0.24875,1.226049530486316,1.8510354008912167,8035,12131
1191,0.248875,1.2105615228350017,1.8304270109571095,7934,11996
1192,0.249,1.1945457711687666,1.806670308820074,7829,11840
1193,0.249125,1.179098923156089,1.780936224940103,7727,11672
1194,0.24925,1.1658534494834614,1.7549427824842174,7641,11501
1195,0.249375,1.1550100040691609,1.728987052182107,7569,11331
1196,0.2495,1.1451341509764665,1.7017411217297942,7505,11153
1197,0.249625,1.1349669243063676,1.6720621415743395,7438,10958
1198,0.24975,1.1250143017719323,1.6405809643871432,7373,10752
1199,0.249875,1.1169537888353296,1.6091081191665095,7320,10545
1200,0.25,1.1115898009410745,1.5785883010886925,7285,10345
1201,0.25012500000000004,1.1078818476385264,1.5481278643724903,7261,10146
1202,0.25025,1.1042466379620015,1.51629599630062,7237,9937
1203,0.250375,1.1005254489322918,1.4830913294837471,7212,9720
1204,0.2505,1.0981874285771775,1.450144294425732,7197,9504
1205,0.250625,1.098518804975079,1.4189055247660574,7199,9299
1206,0.25075000000000003,1.101033492831021,1.389055514331797,7216,9103
1207,0.250875,1.1040663212218214,1.359097011714435,7236,8907
1208,0.251,1.1068177805515442,1.3283988383812393,7254,8706
1209,0.25112500000000004,1.1103256954360075,1.298166717596647,7277,8508
1210,0.25125,1.1161632957705092,1.2701404563781273,7315,8324
1211,0.251375,1.1244717519676546,1.244625644515145,7369,8157
1212,0.2515,1.133757093287286,1.220289741475959,7430,7997
1213,0.251625,1.1427009502823902,1.1959720084803156,7489,7838
1214,0.25175000000000003,1.1517502115731306,1.1722724080276694,7548,7683
1215,0.251875,1.1625237957585974,1.1509576085531568,7619,7543
1216,0.252,1.1757682063990356,1.1329158710255554,7706,7425
1217,0.25212500000000004,1.1903859067686418,1.1171847156335344,7801,7322
1218,0.25225,1.2047375854360245,1.1022526204279197,7895,7224
1219,0.252375,1.218609715857194,1.0880259465694537,7986,7130
1220,0.2525,1.2334180051113421,1.0760319318093252,8083,7052
1221,0.252625,1.2503967921037284,1.0676075407573848,8195,6997
1222,0.25275000000000003,1.269009783620822,1.0623098650600524,8317,6962
1223,0.252875,1.2875434669401105,1.058509085071924,8438,6937
1224,0.253,1.3051519684836457,1.0554331170261342,8553,6917
1225,0.25312500000000004,1.3228289049711084,1.0541391185166324,8669,6908
1226,0.25325,1.3421055470843406,1.056211567332284,8796,6922
1227,0.253375,1.363083524165013,1.0617947315492842,8933,6959
1228,0.2535,1.3842318149608823,1.069389701582992,9072,7008
1229,0.253625,1.4041976486265892,1.077665170872097,9203,7063
1230,0.25375000000000003,1.4233962129076168,1.087047308255196,9328,7124
1231,0.253875,1.4434175717481592,1.0991266701543978,9460,7203
1232,0.254,1.4649822501139902,1.1146140665987754,9601,7305
1233,0.25412500000000005,1.486969739795137,1.1323691744938944,9745,7421
1234,0.25425,1.5077207729638977,1.1507032010379585,9881,7541
1235,0.254375,1.5270049965724617,1.1693467739435657,10007,7663
1236,0.2545,1.5462244071815696,1.1896538641712224,10133,7797
1237,0.254625,1.5666028463312982,1.2127915985435445,10267,7948
1238,0.25475000000000003,1.587596701054663,1.238151533598314,10404,8114
1239,0.254875,1.6074883948518142,1.2639435560639503,10535,8283
1240,0.255,1.6254311896855627,1.2892413293161018,10652,8449
1241,0.25512500000000005,1.6424210957672407,1.3149546937673267,10764,8618
1242,0.25525,1.6599949582253888,1.342528453439709,10879,8798
1243,0.255375,1.6782632000261675,1.3719756777146075,10999,8991
1244,0.2555,1.695706716414869,1.4016753344391146,11113,9186
1245,0.255625,1.7109877933085713,1.4301838210833442,11213,9373
1246,0.25575000000000003,1.7245397011320276,1.4578253186986692,11302,9554
1247,0.255875,1.7379736088278765,1.4860993572632195,11390,9739
1248,0.256,1.752034037774258,1.5156370336451208,11482,9933
1249,0.25612500000000005,1.7656273431050287,1.5452301667499126,11571,10127
1250,0.25625,1.7771238414928447,1.573134175901406,11647,10310
1251,0.256375,1.786325440545938,1.5990363901383533,11707,10479
1252,0.2565,1.794668914859354,1.6242600445941233,11762,10645
1253,0.256625,1.803415336489284,1.649954380562604,11819,10813
1254,0.25675000000000003,1.8120606057100759,1.6755058504135216,11876,10981
1255,0.25687499999999996,1.8189288580671585,1.6991321679615825,11921,11135
1256,0.257,1.8232170877904676,1.719927545234947,11949,11272
1257,0.257125,1.8259669557416471,1.7388351022743498,11967,11396
1258,0.25725,1.8287626909321837,1.757345308153635,11985,11517
1259,0.257375,1.8317637150170702,1.775529151794278,12005,11636
1260,0.2575,1.833501347349346,1.7918353014823316,12016,11743
1261,0.257625,1.8326895898925142,1.8049013679422425,12011,11829
1262,0.25775000000000003,1.8298145298104354,1.8151436672584065,11992,11896
1263,0.25787499999999997,1.826541106663721,1.824164387165632,11970,11955
1264,0.258,1.8236683756159386,1.8327071096473238,11952,12011
1265,0.258125,1.8201578304894808,1.8396854450724542,11929,12057
1266,0.25825,1.814435343751592,1.8434851262392804,11891,12081
1267,0.258375,1.8063586282189752,1.8439316863601647,11838,12084
1268,0.2585,1.7974203305622767,1.8424935993869183,11780,12075
1269,0.258625,1.7889372867970486,1.8404716524961404,11724,12062
1270,0.25875000000000004,1.780460878007857,1.8374092420075623,11668,12042
1271,0.25887499999999997,1.7703702573501523,1.8316856160046002,11602,12004
1272,0.259,1.757916808107476,1.8225601690459958,11521,11944
1273,0.259125,1.7441957688022633,1.8111439818621364,11431,11870
1274,0.25925,1.7308439810703102,1.7990973078155121,11343,11791
1275,0.259375,1.7180723308449077,1.786661830393434,11260,11709
1276,0.2595,1.7044623133638568,1.772456876443353,11170,11616
1277,0.259625,1.6887766366128791,1.7552897427438747,11068,11503
1278,0.25975000000000004,1.6715484991719312,1.735744541476868,10955,11375
1279,0.25987499999999997,1.654488180069154,1.7155884273366573,10843,11243
1280,0.26,1.6384381940591426,1.6957262513906586,10738,11113
1281,0.260125,1.6224014436922929,1.6752282738755997,10633,10979
1282,0.26025,1.604843069485836,1.6526314569906129,10517,10831
1283,0.260375,1.5856577491430612,1.6279062594705864,10392,10669
1284,0.2605,1.5663727204227145,1.6026590604115727,10265,10503
1285,0.260625,1.5483368846801,1.5783207054960833,10147,10344
1286,0.26075000000000004,1.531131111960072,1.554556186542276,10034,10188
1287,0.26087499999999997,1.513161328482873,1.5298571329545907,9917,10026
1288,0.261,1.4937029446454877,1.5035856033627584,9789,9854
1289,0.261125,1.4738723547889963,1.4769449655050944,9659,9679
1290,0.26125,1.4553246759047853,1.4516770035829605,9538,9514
1291,0.261375,1.4382860792053105,1.4280936215410205,9426,9359
1292,0.2615,1.4213503669004708,1.4048728091104825,9315,9207
1293,0.261625,1.4032894831150398,1.3808685316829534,9197,9050
1294,0.26175000000000004,1.3846428242295872,1.356699465561399,9074,8891
1295,0.26187499999999997,1.3671237544362669,1.3341549152182042,8960,8744
1296,0.262,1.3515748137657189,1.314149495968792,8858,8612
1297,0.262125,1.3369958149956185,1.295750670310809,8762,8492
1298,0.26225,1.3218457661006104,1.277480207594988,8663,8372
1299,0.262375,1.3060101341160395,1.2592809391642157,8559,8253
1300,0.2625,1.2910039588499187,1.2427194831469202,8461,8144
1301,0.262625,1.2781609412920292,1.2291748889061713,8377,8056
1302,0.26275000000000004,1.2670438569165645,1.2182487447604364,8304,7984
1303,0.26287499999999997,1.256037648423047,1.2083579029500178,8232,7919
1304,0.263,1.2443939779032003,1.198778817008211,8155,7856
1305,0.263125,1.2332027521580509,1.1906187851422274,8082,7803
1306,0.26325,1.2240899999178192,1.1855137086967689,8022,7769
1307,0.263375,1.2172502489100752,1.183660280780351,7977,7757
1308,0.2635,1.2112432537144409,1.183612694340966,7938,7757
1309,0.263625,1.2048045715283142,1.1840931284603389,7896,7760
1310,0.26375000000000004,1.1984350342140562,1.185581300156259,7854,7770
1311,0.26387499999999997,1.19380734721519,1.1897210759596586,7824,7797
1312,0.264,1.1917214678524337,1.1972760276649235,7810,7846
1313,0.264125,1.1911328030348842,1.2071577456009266,7806,7911
1314,0.26425,1.1904543083742491,1.2177282087155459,7802,7981
1315,0.264375,1.1895238690065195,1.2287673822003087,7796,8053
1316,0.2645,1.189807594120568,1.2416768700717806,7798,8137
1317,0.264625,1.1925890369924412,1.2576694492016722,7816,8242
1318,0.26475000000000004,1.1973797909675943,1.2761801018998193,7847,8364
1319,0.26487499999999997,1.2025127268241163,1.295459658103655,7881,8490
1320,0.265,1.2071867271745391,1.3146200344904848,7911,8615
1321,0.265125,1.2124383675716068,1.3346064027008442,7946,8746
1322,0.26525,1.219839973221598,1.3568958067708146,7994,8893
1323,0.265375,1.2295321610389522,1.381530264064788,8058,9054
1324,0.2655,1.2400207419956377,1.4069142708675388,8127,9220
1325,0.265625,1.2499874689897164,1.4316261685993146,8192,9382
1326,0.26575000000000004,1.2598796761989457,1.4560084143786878,8257,9542
1327,0.265875,1.2713170550477704,1.4815750210221976,8332,9710
1328,0.266,1.28504719052718,1.5089677372460815,8422,9889
1329,0.266125,1.2999739386767741,1.5369851199007463,8520,10073
1330,0.26625,1.3144596724665931,1.5638854207295911,8614,10249
1331,0.26637500000000003,1.3282928428505012,1.5893548570778389,8705,10416
1332,0.2665,1.3428914069779767,1.6147116622777378,8801,10582
1333,0.266625,1.3594922266580804,1.6410961923577516,8910,10755
1334,0.26675000000000004,1.3775617832805753,1.6678822290777824,9028,10931
1335,0.266875,1.395389589568694,1.6932710820737948,9145,11097
1336,0.267,1.4121330267040202,1.7163369653808225,9255,11248
1337,0.267125,1.4287891935965542,1.7379995030401494,9364,11390
1338,0.26725,1.4468930488402179,1.7597223481208162,9482,11533
1339,0.26737500000000003,1.4665501126012976,1.7815464912980772,9611,11676
1340,0.2675,1.4862334356861069,1.8018876323982818,9740,11809
1341,0.267625,1.504594496913817,1.8193476201864203,9861,11923
1342,0.26775000000000004,1.5220528898559618,1.8343044563858377,9975,12021
1343,0.267875,1.540203236110029,1.8483196737629366,10094,12113
1344,0.268,1.559770749108738,1.8620941233118213,10222,12203
1345,0.268125,1.5796397349968578,1.8744968506183604,10352,12285
1346,0.26825,1.598155845792668,1.8838674718950539,10474,12346
1347,0.26837500000000003,1.6150937483856187,1.8899841193035332,10585,12386
1348,0.2685,1.6318605397588215,1.894266874225145,10695,12414
1349,0.268625,1.6496852366022183,1.8979674263131354,10811,12439
1350,0.26875000000000004,1.6680294571712866,1.900579666636742,10932,12456
1351,0.268875,1.685180906259989,1.9004332297868276,11044,12455
1352,0.269,1.7002981596374434,1.8967380833427379,11143,12430
1353,0.269125,1.7143825677000415,1.8905563733704385,11235,12390
1354,0.26925,1.7289763258058801,1.8835001964887756,11331,12344
1355,0.26937500000000003,1.7441952110335806,1.8757641627317574,11431,12293
1356,0.2695,1.758525461625682,1.865921878780525,11525,12229
1357,0.269625,1.7706346892904312,1.8527365727238878,11604,12142
1358,0.26975000000000005,1.7809614594678007,1.8367501878178085,11672,12037
1359,0.269875,1.791122199409846,1.8196898940045556,11738,11926
1360,0.27,1.801866640031097,1.8024229627459796,11809,11812
1361,0.270125,1.8121062915398423,1.7839847441420384,11876,11692
1362,0.27025,1.8202165607114207,1.7628801483924934,11929,11553
1363,0.27037500000000003,1.8260043749076613,1.7390506787273272,11967,11397
1364,0.2705,1.8309114492105814,1.714077007332186,11999,11233
1365,0.270625,1.836203711889579,1.6893677286450235,12034,11071
1366,0.27075000000000005,1.841381827849997,1.6645691509908596,12068,10909
1367,0.270875,1.8447746010954917,1.6381579591709685,12090,10736
1368,0.271,1.8455835924391972,1.6094850756189194,12095,10548
1369,0.271125,1.8448549233116913,1.579746671617668,12090,10353
1370,0.27125,1.8441771731623684,1.55068129999626,12086,10163
1371,0.27137500000000003,1.8437140002859491,1.5226016869247552,12083,9979
1372,0.2715,1.842000844308254,1.4941906785009924,12072,9792
1373,0.271625,1.8377557079122495,1.4643111742301074,12044,9597
1374,0.27175000000000005,1.8314685583522854,1.4335947983899424,12003,9395
1375,0.271875,1.8248080919409424,1.403847814865194,11959,9200
1376,0.272,1.8185769976036845,1.3760057028621597,11918,9018
1377,0.272125,1.811740277684809,1.3491606446664604,11873,8842
1378,0.27225,1.802727189623017,1.3218628375923278,11814,8663
1379,0.27237500000000003,1.7913987058377223,1.2940871552510758,11740,8481
1380,0.27249999999999996,1.7792506101685324,1.2674356870739318,11660,8306
1381,0.272625,1.7676027519396085,1.2433262454462302,11584,8148
1382,0.27275,1.7560094057590918,1.2214022546553118,11508,8005
1383,0.272875,1.7428524974358295,1.2001252978791666,11422,7865
1384,0.273,1.7273860671372525,1.1788192070715038,11321,7726
1385,0.273125,1.71070789369795,1.1586410913602199,11211,7593
1386,0.27325,1.694457248498556,1.1412788247387642,11105,7479
1387,0.27337500000000003,1.6788473360628353,1.1269829871593346,11002,7386
1388,0.27349999999999997,1.662461865846784,1.1143632844966669,10895,7303
1389,0.273625,1.6440656552363253,1.1021987599130492,10775,7223
1390,0.27375,1.6241939148231708,1.0910270465430645,10644,7150
1391,0.273875,1.6045588378753897,1.0825506824887778,10516,7095
1392,0.274,1.5860047635619825,1.077592363030891,10394,7062
1393,0.274125,1.5675363286177246,1.0751229418724255,10273,7046
1394,0.27425,1.5476203258467984,1.0735634999523958,10142,7036
1395,0.27437500000000004,1.526153002831809,1.0727526221357502,10002,7030
1396,0.27449999999999997,1.5046630933936698,1.0741497574413599,9861,7040
1397,0.274625,1.4845009204307396,1.0790244299569416,9729,7071
1398,0.27475,1.4652487097370228,1.086866994450253,9603,7123
1399,0.274875,1.4453136765093486,1.0959819600341698,9472,7183
1400,0.275,1.4239724620902026,1.1055329738258313,9332,7245
1401,0.275125,1.4023426323984924,1.1165146819066423,9190,7317
1402,0.27525,1.382080425282537,1.1304511184972885,9058,7409
1403,0.27537500000000004,1.3634130803182558,1.1474285173128353,8935,7520
1404,0.27549999999999997,1.3449354240362195,1.1658926211872054,8814,7641
1405,0.275625,1.3254203785588101,1.1844597824390537,8686,7762
1406,0.27575,1.3054082801031375,1.2035070741550011,8555,7887
1407,0.275875,1.2866133916848301,1.2245794935996577,8432,8025
1408,0.276,1.269879118937465,1.2483460234347923,8322,8181
1409,0.276125,1.254206103541283,1.273628501524153,8220,8347
1410,0.27625,1.2380541530270543,1.2987044317474798,8114,8511
1411,0.27637500000000004,1.2213095004870302,1.3232750906066864,8004,8672
1412,0.27649999999999997,1.2054879251452426,1.3486695465163876,7900,8839
1413,0.276625,1.1919238359060615,1.376034644082091,7811,9018
1414,0.27675,1.18018069097671,1.4047463217368075,7734,9206
1415,0.276875,1.1686440850170965,1.43300363557836,7659,9391
1416,0.277,1.1565663070574745,1.4598741960504464,7580,9567
1417,0.277125,1.1450378594849864,1.486266640875159,7504,9740
1418,0.27725,1.1356853404282656,1.5136293586681733,7443,9920
1419,0.27737500000000004,1.1287038137588463,1.5419838110099626,7397,10106
1420,0.27749999999999997,1.122653541521543,1.5697220509418937,7357,10287
1421,0.277625,1.1162705519149758,1.5954182219663888,7316,10456
1422,0.27775,1.110056115334293,1.6194187483844487,7275,10613
1423,0.277875,1.1056833348157473,1.6432498168943304,7246,10769
1424,0.278,1.1039525277701616,1.6675733856235422,7235,10929
1425,0.278125,1.10381941458138,1.6912162059509455,7234,11084
1426,0.27825,1.1036972206333588,1.7124724513175087,7233,11223
1427,0.27837500000000004,1.1034240474381807,1.7310718467096722,7231,11345
1428,0.27849999999999997,1.1044661695966782,1.748383380368573,7238,11458
1429,0.278625,1.1081072446310618,1.7656051816517873,7262,11571
1430,0.27875,1.113858910972858,1.7821754124635973,7300,11680
1431,0.278875,1.1200540147020859,1.7963660580411906,7340,11773
1432,0.279,1.125891345590553,1.8073278283152279,7379,11845
1433,0.279125,1.132407307259614,1.8160622765641807,7421,11902
1434,0.27925,1.1411739752403216,1.8241198904521616,7479,11955
1435,0.27937500000000004,1.1523316278643851,1.8316329466269643,7552,12004
1436,0.27949999999999997,1.1643856497415515,1.8371123133230198,7631,12040
1437,0.279625,1.1760172683676409,1.8392583791701755,7707,12054
1438,0.27975,1.1876731944663017,1.8385504600395117,7784,12049
1439,0.279875,1.2009723867259845,1.8366536204206263,7871,12037
1440,0.28,1.2166615890506707,1.8343738485119134,7974,12022
1441,0.280125,1.2336436969756452,1.8306863424097997,8085,11998
1442,0.28025,1.2502800045064826,1.8240372727321394,8194,11954
1443,0.28037500000000004,1.266357754409414,1.814311117284004,8299,11890
1444,0.28049999999999997,1.2832935674887314,1.8030334931964607,8410,11816
1445,0.280625,1.302322830733568,1.7915601982643887,8535,11741
1446,0.28075,1.3229104134941343,1.7794872285326424,8670,11662
1447,0.280875,1.343344069507028,1.7652437091995188,8804,11569
1448,0.281,1.362779275541239,1.7481359467996533,8931,11457
1449,0.281125,1.382211071674905,1.7293186834323604,9058,11333
1450,0.28125,1.4031722051092905,1.710492381648734,9196,11210
1451,0.28137500000000004,1.4257658239393753,1.6919352289526854,9344,11088
1452,0.2815,1.448462448482359,1.6722991946634107,9493,10960
1453,0.281625,1.4699108615459122,1.6504201414751516,9633,10816
1454,0.28175,1.4905277978867972,1.6269065630024564,9768,10662
1455,0.281875,1.51190485152491,1.6035456385200533,9908,10509
1456,0.28200000000000003,1.5347640427775036,1.5812578295235369,10058,10363
1457,0.282125,1.5579863144442758,1.5591244665156936,10210,10218
1458,0.28225,1.5799137887365708,1.5356890361962117,10354,10064
1459,0.28237500000000004,1.6003174329651206,1.5109238990815683,10488,9902
1460,0.2825,1.6206004790979573,1.4864327593615314,10621,9741
1461,0.282625,1.6419879115473501,1.463639184844348,10761,9592
1462,0.28275,1.663937153945337,1.4421963829840578,10905,9452
1463,0.282875,1.68473155386253,1.4205797172293329,11041,9310
1464,0.28300000000000003,1.7035251727433398,1.3981306433004066,11164,9163
1465,0.283125,1.7213146909503063,1.3760276645345613,11281,9018
1466,0.28325,1.7396374841663012,1.3559836287058251,11401,8887
1467,0.28337500000000004,1.7586043632491195,1.3382775556100812,11525,8771
1468,0.2835,1.7766964602864892,1.3215508330992989,11644,8661
1469,0.283625,1.79257614573779,1.3046172773169844,11748,8550
1470,0.28375,1.80667661581595,1.2880521332885426,11840,8441
1471,0.283875,1.8206088071741993,1.273598204809312,11932,8347
1472,0.28400000000000003,1.8351168463250076,1.2621208318711246,12027,8271
1473,0.284125,1.8491065336464985,1.252635677192004,12118,8209
1474,0.28425,1.8609474686126157,1.2436105034905098,12196,8150
1475,0.28437500000000004,1.8704406839401688,1.2349322108558507,12258,8093
1476,0.2845,1.8790219209907166,1.2281098949485105,12314,8049
1477,0.284625,1.8879510670810722,1.2244637995077141,12373,8025
1478,0.28475,1.8967226874242888,1.2235357659101498,12430,8019
1479,0.284875,1.9036594410939947,1.2236822852532778,12476,8020
1480,0.28500000000000003,1.9079567073542343,1.2241191784541996,12504,8022
1481,0.285125,1.9106544045518505,1.225893178631831,12522,8034
1482,0.28525,1.9133348961561212,1.2305800256457966,12539,8065
1483,0.28537500000000005,1.9161556281555097,1.238316998182777,12558,8115
1484,0.2855,1.9176458400875027,1.2475999438769836,12567,8176
1485,0.285625,1.916517364705845,1.2570941060111003,12560,8238
1486,0.28575,1.9132540378237735,1.2672239762769812,12539,8305
1487,0.285875,1.9095184819802962,1.2795802362702373,12514,8386
1488,0.28600000000000003,1.9061073779843178,1.2948755865351682,12492,8486
1489,0.286125,1.9019798059878092,1.3119733720648388,12465,8598
1490,0.28625,1.8955591946838226,1.329190192058208,12423,8711
1491,0.28637500000000005,1.8867008023829706,1.3462637852823391,12365,8823
1492,0.2865,1.87689482037912,1.3645568834933044,12300,8943
1493,0.286625,1.8674556489474075,1.3852470024499213,12239,9078
1494,0.28675,1.8579322633463962,1.4077376321542006,12176,9226
1495,0.286875,1.8467014622199571,1.4302520996848476,12103,9373
1496,0.28700000000000003,1.833012336108962,1.451878919388092,12013,9515
1497,0.287125,1.8179579145950666,1.4735441406184444,11914,9657
1498,0.28725,1.8031729245637098,1.4967100272998037,11817,9809
1499,0.28737500000000005,1.7888662537757345,1.5214082933605007,11724,9971
1500,0.2875,1.773617525957047,1.5460376202095596,11624,10132
1501,0.287625,1.7561877266939872,1.5691751095348538,11509,10284
1502,0.28775,1.73710849081946,1.5911665153103334,11384,10428
1503,0.287875,1.7180887144843702,1.6135337206000906,11260,10574
1504,0.28800000000000003,1.6999697192063494,1.6369308296746392,11141,10728
1505,0.28812499999999996,1.6817534256163802,1.6601732264934723,11022,10880
1506,0.28825,1.6619042114158216,1.6815403258396866,10891,11020
1507,0.288375,1.640316231427925,1.70074378004278,10750,11146
1508,0.2885,1.618516447068228,1.7191313492270985,10607,11266
1509,0.288625,1.597853749569286,1.7378768952117178,10472,11389
1510,0.28875,1.5779092703099744,1.7563914638917557,10341,11511
1511,0.288875,1.5570894865393612,1.7729172282181205,10205,11619
1512,0.28900000000000003,1.5346706530893162,1.7865726084229316,10058,11708
1513,0.28912499999999997,1.5117703186502434,1.7983245755761332,9908,11785
1514,0.28925,1.4900450665275453,1.8096869843112973,9765,11860
1515,0.289375,1.4697228607195976,1.8207536408603822,9632,11932
1516,0.2895,1.449399622974991,1.8299953645978808,9499,11993
1517,0.289625,1.4278497559642924,1.836071154012912,9358,12033
1518,0.28975,1.4056154520502462,1.8394178638230725,9212,12055
1519,0.289875,1.3844132186156146,1.8416572819059969,9073,12069
1520,0.29000000000000004,1.3650890826168762,1.8435515798342987,8946,12082
1521,0.29012499999999997,1.3466466945773656,1.8440318672640013,8825,12085
1522,0.29025,1.3275492456404872,1.8415002289398126,8700,12068
1523,0.290375,1.307686735656119,1.8357973341767237,8570,12031
1524,0.2905,1.288579079581813,1.828405536126577,8445,11983
1525,0.290625,1.27156519710772,1.82063818836884,8333,11932
1526,0.29075,1.2562134167777022,1.8120499163645298,8233,11875
1527,0.290875,1.2409145668279213,1.8010298178556434,8132,11803
1528,0.29100000000000004,1.2249265163737615,1.786845749965101,8028,11710
1529,0.29112499999999997,1.2093456956326987,1.7706158410920432,7926,11604
1530,0.29125,1.1958049604692649,1.7540059865150381,7837,11495
1531,0.291375,1.1845059611381665,1.7372620929130296,7763,11385
1532,0.2915,1.1740158559033202,1.719006317048058,7694,11266
1533,0.291625,1.1630778752483408,1.6980473942623384,7622,11128
1534,0.29175,1.152200778287393,1.6749695249093333,7551,10977
1535,0.291875,1.1430654369356652,1.6515386180139375,7491,10824
1536,0.29200000000000004,1.1364801973562957,1.628657000491181,7448,10674
1537,0.29212499999999997,1.131409059812475,1.6053911605101445,7415,10521
1538,0.29225,1.1262737599307853,1.5802731086352646,7381,10356
1539,0.292375,1.1209211286683374,1.5532672160604661,7346,10179
1540,0.2925,1.11682636821971,1.52597271810019,7319,10001
1541,0.292625,1.1152822483554627,1.4998123159468497,7309,9829
1542,0.29275,1.1158096832631674,1.4744419453084314,7313,9663
1543,0.292875,1.1167509425642563,1.4483433337739349,7319,9492
1544,0.29300000000000004,1.1173143663190748,1.4208678888844342,7322,9312
1545,0.29312499999999997,1.1185460173627242,1.3932076525953465,7331,9131
1546,0.29325,1.1220277186420664,1.3670925101925313,7353,8959
1547,0.293375,1.127909564334171,1.3428219749021564,7392,8800
1548,0.2935,1.134706803124554,1.3190612583266903,7436,8645
1549,0.293625,1.1411105532619545,1.294651246338281,7478,8485
1550,0.29375,1.1475774234322966,1.2701973392178465,7521,8324
1551,0.293875,1.1557362543500906,1.2474754574606197,7574,8175
1552,0.29400000000000004,1.1663436374783187,1.2273868275158382,7644,8044
1553,0.29412499999999997,1.178312256910487,1.208985606985827,7722,7923
1554,0.29425,1.1900131188158785,1.1907804432896665,7799,7804
1555,0.294375,1.2012430760278419,1.1727013157596085,7872,7685
1556,0.2945,1.2134282412568838,1.1563023532180863,7952,7578
1557,0.294625,1.2278133485983187,1.1429505613129267,8047,7490
1558,0.29475,1.243872455157234,1.1322360148419417,8152,7420
1559,0.294875,1.2599023157390385,1.1225646594626082,8257,7357
1560,0.29500000000000004,1.2750672086278676,1.1132027237191986,8356,7295
1561,0.29512499999999997,1.2903707480825266,1.1052480310986927,8457,7243
1562,0.29525,1.3073540171238656,1.1003278216777193,8568,7211
1563,0.295375,1.3261282333317383,1.0986309996148989,8691,7200
1564,0.2955,1.3451717111297938,1.0987048916890316,8816,7200
1565,0.295625,1.363140724143798,1.0992657811376945,8933,7204
1566,0.29575,1.3804591877223775,1.1007884962515488,9047,7214
1567,0.295875,1.3987255386610966,1.1049130569221053,9167,7241
1568,0.29600000000000004,1.41866829750945,1.1124002528861938,9297,7290
1569,0.29612499999999997,1.4391745377382923,1.1221599784287895,9432,7354
1570,0.29625,1.4585921402362865,1.1325536103681209,9559,7422
1571,0.296375,1.4766974328001496,1.1433616129209305,9678,7493
1572,0.2965,1.4948986096157246,1.1559871836307611,9797,7576
1573,0.296625,1.5144251939066724,1.171645780118771,9925,7678
1574,0.29675,1.5347387270286212,1.1897761318360751,10058,7797
1575,0.296875,1.5541262293375484,1.208633860458017,10185,7921
1576,0.29700000000000004,1.5717449948540194,1.2273366846859053,10301,8043
1577,0.297125,1.588594473961333,1.246836552497878,10411,8171
1578,0.29725,1.6062143569386653,1.2686182117956613,10526,8314
1579,0.297375,1.6247172931737215,1.292732261849173,10648,8472
1580,0.2975,1.642585786718403,1.3175926009161405,10765,8635
1581,0.29762500000000003,1.6584830946767437,1.3417877304283181,10869,8794
1582,0.29775,1.6728428263995991,1.365670957931998,10963,8950
1583,0.297875,1.6872758414708104,1.3907677637832818,11058,9115
1584,0.29800000000000004,1.70252571317076,1.417731905833098,11158,9291
1585,0.298125,1.7174971979789353,1.4453744086068767,11256,9472
1586,0.29825,1.7305583769769028,1.471966368582826,11341,9647
1587,0.298375,1.741508277810885,1.4972071338519155,11413,9812
1588,0.2985,1.7517801682680927,1.5224282691189326,11480,9977
1589,0.29862500000000003,1.762630983821037,1.548783565314204,11552,10150
1590,0.29875,1.7735518795979246,1.5756602554873682,11623,10326
1591,0.298875,1.7828616390739593,1.6012730158989616,11684,10494
1592,0.29900000000000004,1.7897513221181018,1.6247092558242986,11729,10648
1593,0.299125,1.7952560791565695,1.6469015203481419,11765,10793
1594,0.29925,1.8009530804316118,1.6693260252559874,11803,10940
1595,0.299375,1.8069941512384515,1.6920358632876633,11842,11089
1596,0.2995,1.8119025074752897,1.7134582962452258,11874,11229
1597,0.29962500000000003,1.8143835557204153,1.7322060951968499,11891,11352
1598,0.29975,1.8149143286799545,1.7486674717436725,11894,11460
1599,0.299875,1.815150271809432,1.7644133614706552,11896,11563
1600,0.30000000000000004,1.8158805413189103,1.7801531469004626,11901,11666
1601,0.300125,1.8160563506972376,1.7947634462863444,11902,11762
1602,0.30025,1.8140929469894305,1.8065904355788913,11889,11840
1603,0.300375,1.8098370997478672,1.8154177152157578,11861,11898
1604,0.3005,1.8047702318494827,1.822669700892103,11828,11945
1605,0.30062500000000003,1.8001977056963856,1.8296012149098033,11798,11990
1606,0.30075,1.7956592167916257,1.835708049531676,11768,12030
1607,0.300875,1.7895220545541082,1.8393204537828671,11728,12054
1608,0.30100000000000005,1.7810255982724865,1.8396477066873114,11672,12056
1609,0.301125,1.7712529787357991,1.837749921174588,11608,12044
1610,0.30125,1.7618288635541823,1.8352358140150418,11546,12027
1611,0.301375,1.7529519371348294,1.832295241830197,11488,12008
1612,0.3015,1.7431915021952593,1.8274956965112548,11424,11977
1613,0.30162500000000003,1.731298123808175,1.8195929185875892,11346,11925
1614,0.30175,1.717792942331822,1.809120017379073,11258,11856
1615,0.301875,1.70437430518894,1.7977939869796387,11170,11782
1616,0.30200000000000005,1.6918729553441076,1.7864706212553785,11088,11708
1617,0.302125,1.679280226115386,1.7741725113463234,11005,11627
1618,0.30225,1.665049922218046,1.7593905803137162,10912,11530
1619,0.302375,1.6490656620289101,1.7420511521035875,10807,11417
1620,0.3025,1.6328439285874075,1.723718592626537,10701,11297
1621,0.30262500000000003,1.6177232159624184,1.7057841141380112,10602,11179
1622,0.30275,1.6032743593581713,1.6878756426704729,10507,11062
1623,0.302875,1.5878936646851416,1.6684505458412064,10406,10934
1624,0.30300000000000005,1.5708473581132465,1.6468395788731383,10295,10793
1625,0.303125,1.5532431266726816,1.6242179739560116,10179,10644
1626,0.30325,1.5367278747521567,1.6023026650869898,10071,10501
1627,0.303375,1.5215200947512961,1.581384169452743,9971,10364
1628,0.3035,1.506206457639099,1.5601226314784946,9871,10224
1629,0.30362500000000003,1.489552360722961,1.5373578556178191,9762,10075
1630,0.30374999999999996,1.4720912475585743,1.5136980784051026,9647,9920
1631,0.303875,1.4555311576753558,1.490925990400917,9539,9771
1632,0.304,1.4407099398117054,1.4699534136420225,9442,9633
1633,0.304125,1.4266233798886052,1.449848902226438,9350,9502
1634,0.30425,1.4117271242133815,1.4291391548309667,9252,9366
1635,0.304375,1.3959039709216552,1.4077757923242953,9148,9226
1636,0.3045,1.3806669799491824,1.3873379944856856,9048,9092
1637,0.30462500000000003,1.3673485851893246,1.3692211247299833,8961,8973
1638,0.30474999999999997,1.3555109995824182,1.3530467107358393,8883,8867
1639,0.304875,1.343539327477668,1.3372551079776853,8805,8764
1640,0.305,1.330686104187937,1.32114967373622,8721,8658
1641,0.305125,1.318042836555408,1.3058679087276641,8638,8558
1642,0.30525,1.3072378632912671,1.293079019477096,8567,8474
1643,0.305375,1.2984687427242574,1.2830159671365957,8510,8408
1644,0.3055,1.2902989596939525,1.2742719509920843,8456,8351
1645,0.30562500000000004,1.2814685072899539,1.2656107199755324,8398,8294
1646,0.30574999999999997,1.272483334092206,1.2575558762848957,8339,8242
1647,0.305875,1.2650219442721276,1.251797281040086,8290,8204
1648,0.306,1.25989074752408,1.2491463436155303,8257,8186
1649,0.306125,1.2560522531467435,1.2485641023504637,8232,8183
1650,0.30625,1.2519271375676226,1.2484633157504215,8205,8182
1651,0.306375,1.2473616167554495,1.2486758059823633,8175,8183
1652,0.3065,1.2438307063063827,1.2506558261428706,8152,8196
1653,0.30662500000000004,1.2426274283804382,1.2556693241154009,8144,8229
1654,0.30674999999999997,1.243273370801525,1.2632046895831353,8148,8279
1655,0.306875,1.2441119067814066,1.2715661158633562,8153,8333
1656,0.307,1.2443528904413523,1.2799185593632754,8155,8388
1657,0.307125,1.2450443159419813,1.289259623337274,8160,8449
1658,0.30725,1.2477703337876638,1.3011179076141879,8177,8527
1659,0.307375,1.2526837668222248,1.3155858270957688,8210,8622
1660,0.3075,1.2583029711323528,1.3311168673695246,8246,8724
1661,0.30762500000000004,1.2633225540792639,1.3463366766077833,8279,8823
1662,0.30774999999999997,1.2682029716722143,1.3616331092573,8311,8924
1663,0.307875,1.2745772712717038,1.3785634057372376,8353,9035
1664,0.308,1.2832065859092545,1.397810173749772,8410,9161
1665,0.308125,1.2930084754682682,1.4182102198014075,8474,9294
1666,0.30825,1.3023591310613745,1.4380572693160243,8535,9424
1667,0.308375,1.3110608971743103,1.4570700213565446,8592,9549
1668,0.3085,1.3205456593781317,1.4765960681667698,8654,9677
1669,0.30862500000000004,1.332064201733765,1.4978018152046066,8730,9816
1670,0.30874999999999997,1.3450968827201166,1.5200836919152794,8815,9962
1671,0.308875,1.3579470042612083,1.5416621004469857,8899,10103
1672,0.309,1.3697856118463498,1.5616267404294226,8977,10234
1673,0.309125,1.3816232999141707,1.580908997603063,9055,10361
1674,0.30925,1.395008319251479,1.600980552670321,9142,10492
1675,0.309375,1.4100592343510128,1.6218866117457473,9241,10629
1676,0.3095,1.4252618608033027,1.6420433094602571,9341,10761
1677,0.30962500000000004,1.4392801180193593,1.660049111018728,9432,10879
1678,0.30974999999999997,1.4525456875702223,1.6762748887560113,9519,10986
1679,0.309875,1.4666648822175374,1.6922713035547636,9612,11090
1680,0.31,1.4823741849575425,1.7087247039071458,9715,11198
1681,0.310125,1.4985687065800068,1.7244860464398997,9821,11302
1682,0.31025,1.5136044180138826,1.7378734206807003,9920,11389
1683,0.310375,1.5272657774413516,1.7486400782478786,10009,11460
1684,0.3105,1.5409691289194885,1.7581780484246514,10099,11522
1685,0.31062500000000004,1.5559521520333435,1.7677079187980589,10197,11585
1686,0.31074999999999997,1.57168453158625,1.7766896402783459,10300,11644
1687,0.310875,1.5864614050012673,1.783416225706009,10397,11688
1688,0.311,1.5994481391829969,1.7870585761294326,10482,11712
1689,0.311125,1.6116521994244808,1.7886375141619177,10562,11722
1690,0.31125,1.6246212168668503,1.7897218126282066,10647,11729
1691,0.311375,1.6384756937385077,1.790460972407366,10738,11734
1692,0.3115,1.651705884674995,1.7893819764326373,10825,11727
1693,0.31162500000000004,1.6629826810887502,1.7852001517397047,10899,11699
1694,0.31174999999999997,1.6727471980527597,1.7784085423015583,10963,11655
1695,0.311875,1.6826176583549033,1.7706846748535972,11027,11604
1696,0.312,1.693344845642527,1.762845715066103,11098,11553
1697,0.312125,1.703840560201492,1.7538767103379302,11166,11494
1698,0.31225,1.7124797520780928,1.7422323487819782,11223,11418
1699,0.312375,1.7190681296402133,1.7278042633213255,11266,11323
1700,0.3125,1.725045446934725,1.7121238753398658,11305,11221
1701,0.31262500000000004,1.7316749182551634,1.696551418650317,11349,11119
1702,0.31275,1.7384537659596093,1.6806859833042236,11393,11015
1703,0.312875,1.7437066167015713,1.6629584423999608,11428,10898
1704,0.313,1.7466301473733319,1.6426755444626098,11447,10765
1705,0.313125,1.7482648874057354,1.6209911766300371,11457,10623
1706,0.31325000000000003,1.7501931479358261,1.5996037026907854,11470,10483
1707,0.313375,1.7525716458435483,1.5787879890824443,11486,10347
1708,0.3135,1.7539282411677708,1.5571915265838834,11495,10205
1709,0.31362500000000004,1.752972726701421,1.5336445751235377,11488,10051
1710,0.31375,1.7501862671881405,1.5087489763288526,11470,9888
1711,0.313875,1.747228176222263,1.4842842522214306,11451,9727
1712,0.314,1.744891219795817,1.4611622852604673,11435,9576
1713,0.314125,1.7421299538899564,1.4384549585143749,11417,9427
1714,0.31425000000000003,1.7373627079818104,1.4146955329592081,11386,9271
1715,0.314375,1.7304390658684736,1.3898454264401106,11341,9108
1716,0.3145,1.722843005281671,1.3654967782938763,11291,8949
1717,0.31462500000000004,1.7158821767708796,1.3430610369509832,11245,8802
1718,0.31475,1.7090983075139325,1.322178833349331,11201,8665
1719,0.314875,1.700860455616587,1.3013125694864358,11147,8528
1720,0.315,1.6904095175969576,1.2797904526369355,11078,8387
1721,0.315125,1.6788298842852705,1.2587775255951847,11002,8250
1722,0.31525000000000003,1.667747238821115,1.2399730599414627,10930,8126
1723,0.315375,1.6573610316543523,1.2236424593188149,10862,8019
1724,0.3155,1.6462410957253166,1.208413548434637,10789,7919
1725,0.31562500000000004,1.6331382862534267,1.1930867078838259,10703,7819
1726,0.31575,1.6185738081639118,1.178223962344276,10607,7722
1727,0.315875,1.6042458442845093,1.1655551820918904,10514,7639
1728,0.316,1.5909847589860735,1.155933140933077,10427,7576
1729,0.316125,1.5777812900336223,1.14836136962604,10340,7526
1730,0.31625000000000003,1.5630884452967972,1.1412960050040843,10244,7480
1731,0.316375,1.546788842618781,1.1346128878533355,10137,7436
1732,0.3165,1.5303977768247712,1.129810682958665,10030,7404
1733,0.31662500000000005,1.515252364197211,1.1281998842444385,9930,7394
1734,0.31675,1.5009218887715101,1.129313315070336,9836,7401
1735,0.316875,1.48580093045476,1.1314992237759944,9737,7415
1736,0.317,1.4691538307967307,1.1339660025633116,9628,7432
1737,0.317125,1.4520862325131902,1.1377538030938905,9516,7456
1738,0.31725000000000003,1.4362428520822126,1.1444326572900791,9413,7500
1739,0.317375,1.4218398496279174,1.1541350315587706,9318,7564
1740,0.3175,1.4074614353180717,1.1653528703734084,9224,7637
1741,0.31762500000000005,1.3918704166093387,1.1767484334671792,9122,7712
1742,0.31775,1.375597533606776,1.1887441492630206,9015,7791
1743,0.317875,1.3603480084489992,1.2029295549229113,8915,7884
1744,0.318,1.3469567734842003,1.2200171135676772,8827,7996
1745,0.318125,1.334416599028618,1.2388708263803936,8745,8119
1746,0.31825000000000003,1.3211800308942965,1.2578088186190535,8658,8243
1747,0.318375,1.3071266816885851,1.2765711998992324,8566,8366
1748,0.3185,1.2937663543971751,1.2965238827874759,8479,8497
1749,0.31862500000000005,1.2824281544244531,1.318848337593045,8405,8643
1750,0.31875,1.2726709074994194,1.342952737777504,8341,8801
1751,0.318875,1.2628762719051634,1.3670657762248284,8276,8959
1752,0.319,1.2522932899862174,1.3902819618904378,8207,9111
1753,0.319125,1.2420099285341657,1.4135339116820402,8140,9264
1754,0.31925000000000003,1.2336509501608675,1.4382909692456318,8085,9426
1755,0.31937499999999996,1.2274103007939514,1.4645923765044395,8044,9598
1756,0.3195,1.221847826643888,1.4908447247551389,8008,9770
1757,0.319625,1.2156998556011969,1.51563333698561,7967,9933
1758,0.31975,1.2094686535628372,1.5393124296341776,7926,10088
1759,0.319875,1.2048290240952786,1.5634125139387047,7896,10246
1760,0.32,1.2025836664510352,1.5885964157475425,7881,10411
1761,0.320125,1.2016913691169124,1.6136882553009695,7875,10575
1762,0.32025000000000003,1.200569084421851,1.6369761258437325,7868,10728
1763,0.32037499999999997,1.1990593003323955,1.6581802202135891,7858,10867
1764,0.3205,1.198633306631657,1.6786566301786467,7855,11001
1765,0.320625,1.2005804011742784,1.6995872606232663,7868,11138
1766,0.32075,1.2044184541124792,1.720390844406404,7893,11275
1767,0.320875,1.208487126901742,1.7393168079019439,7920,11399
1768,0.321,1.2119925720152318,1.7554903287710872,7943,11505
1769,0.321125,1.215979091355043,1.769884566170097,7969,11599
1770,0.32125000000000004,1.2220271558596003,1.7840189376453965,8009,11692
1771,0.32137499999999997,1.2302859208231123,1.797992119642572,8063,11783
1772,0.3215,1.2392700892647113,1.8102790612312476,8122,11864
1773,0.321625,1.2476706293761683,1.8195420899900756,8177,11925
1774,0.32175,1.2559443735824045,1.8262205505035178,8231,11968
1775,0.321875,1.2657207608087464,1.831937830106693,8295,12006
1776,0.322,1.277757331774428,1.8374567809768525,8374,12042
1777,0.322125,1.2909680699449293,1.841708233508569,8460,12070
1778,0.32225000000000004,1.3037256062393852,1.84309301577746,8544,12079
1779,0.32237499999999997,1.3158287412174083,1.8414495332429965,8623,12068
1780,0.3225,1.328705832549955,1.8382568618441568,8708,12047
1781,0.322625,1.3436041528038263,1.8348240468677222,8805,12025
1782,0.32275,1.3600005646320008,1.8307003798049315,8913,11998
1783,0.322875,1.376194890584364,1.8242685936505032,9019,11956
1784,0.323,1.391354712067937,1.8147891669082399,9118,11893
1785,0.323125,1.4064871759852222,1.8033718433072836,9218,11819
1786,0.32325000000000004,1.4231371006246685,1.7916731554743976,9327,11742
1787,0.32337499999999997,1.441419634807786,1.779928690219377,9446,11665
1788,0.3235,1.4598171934960051,1.7667493658505622,9567,11579
1789,0.323625,1.4769903128999478,1.7509317941283888,9680,11475
1790,0.32375,1.493367306824633,1.7330472150437803,9787,11358
1791,0.323875,1.5105511387417603,1.7148477861051095,9900,11238
1792,0.324,1.5292749586936307,1.6972213485443501,10022,11123
1793,0.324125,1.5484305646005077,1.6792192276955022,10148,11005
1794,0.32425000000000004,1.5663706323779638,1.6593576584850878,10265,10875
1795,0.32437499999999997,1.582876347551982,1.6375846910464529,10374,10732
1796,0.3245,1.5993608016146077,1.6154827644673446,10482,10587
1797,0.324625,1.6170584469677953,1.5944573850495107,10598,10449
1798,0.32475,1.6354357643542323,1.5741469695167207,10718,10316
1799,0.324875,1.6527847163675367,1.5530154865661656,10832,10178
1800,0.325,1.668267522096102,1.5303964221224664,10933,10030
1801,0.325125,1.6828885329758971,1.5074638240703309,11029,9879
1802,0.32525000000000004,1.6981922981007744,1.485929589197076,11129,9738
1803,0.32537499999999997,1.714296277251824,1.466075342426733,11235,9608
1804,0.3255,1.7296877201553902,1.4465485843290173,11336,9480
1805,0.325625,1.7430345594837016,1.4261727641695818,11423,9347
1806,0.32575,1.7547749957730183,1.4055361943804554,11500,9211
1807,0.325875,1.766524390934227,1.3863981541797883,11577,9086
1808,0.326,1.779030719529014,1.369643745166254,11659,8976
1809,0.326125,1.7912030348020749,1.3543116130980655,11739,8876
1810,0.32625000000000004,1.8014136000235104,1.3388955702874472,11806,8775
1811,0.32637499999999997,1.8094655080600623,1.3233115311794308,11859,8672
1812,0.3265,1.8167959670247706,1.3091003860121342,11907,8579
1813,0.326625,1.8246657265583965,1.2976168167361506,11958,8504
1814,0.32675,1.8325696239872724,1.2884395364123342,12010,8444
1815,0.326875,1.8388299929059855,1.279964172908109,12051,8388
1816,0.327,1.842641307476002,1.2714477178115378,12076,8333
1817,0.327125,1.8450419976384322,1.2639799123156916,12092,8284
1818,0.32725000000000004,1.847612376613731,1.2591810946046942,12109,8252
1819,0.32737499999999997,1.8505072783229723,1.2572345116221992,12127,8239
1820,0.3275,1.8522527930690027,1.2566830914755567,12139,8236
1821,0.327625,1.8515570708881293,1.2562400308026591,12134,8233
1822,0.32775,1.8488997588955032,1.2563783848823027,12117,8234
1823,0.327875,1.8459387922040769,1.2587377559878856,12098,8249
1824,0.328,1.8434656954518298,1.2640798605847148,12081,8284
1825,0.328125,1.8404339345553302,1.271316893380054,12061,8332
1826,0.32825000000000004,1.83526089797334,1.2788138817497499,12028,8381
1827,0.328375,1.8277953917101815,1.2863563070120387,11979,8430
1828,0.3285,1.8195207764069712,1.295353714601491,11924,8489
1829,0.328625,1.8117442602882015,1.3070292440702684,11873,8566
1830,0.32875,1.8040073001131596,1.3208305934662263,11823,8656
1831,0.32887500000000003,1.7946788692847122,1.3350236298649492,11762,8749
1832,0.329,1.7829999620835066,1.3487375359965825,11685,8839
1833,0.329125,1.7700552629816966,1.3629369198313868,11600,8932
1834,0.32925000000000004,1.757470940946554,1.379120317298983,11518,9038
1835,0.329375,1.7454471373160714,1.3973532088251122,11439,9158
1836,0.3295,1.7325545767939654,1.4160653905263636,11354,9280
1837,0.329625,1.717545219430364,1.433862232048005,11256,9397
1838,0.32975,1.7009415833275152,1.4511147960137074,11147,9510
1839,0.32987500000000003,1.6844433842040023,1.469367147955673,11039,9630
1840,0.33,1.668882733741642,1.489292372024832,10937,9760
1841,0.330125,1.6532523418399114,1.509721494208423,10835,9894
1842,0.33025000000000004,1.6360074074299475,1.5289461948455367,10722,10020
1843,0.330375,1.6170329676493083,1.5466869145207844,10597,10136
1844,0.3305,1.5978469583288375,1.5642967242887993,10472,10252
1845,0.330625,1.5797893665489027,1.5829512552464127,10353,10374
1846,0.33075,1.5624325697760069,1.6020598194539368,10240,10499
1847,0.33087500000000003,1.544174470718626,1.6198593263515852,10120,10616
1848,0.331,1.5242829552983923,1.635459479213769,9990,10718
1849,0.331125,1.5038674374582592,1.6498150903438407,9856,10812
1850,0.33125000000000004,1.4845766233257534,1.6644245260237274,9729,10908
1851,0.331375,1.4666308848316507,1.679362823985342,9612,11006
1852,0.3315,1.4486188570599279,1.69307890069975,9494,11096
1853,0.331625,1.429307987594124,1.7042068033583475,9367,11169
1854,0.33175,1.4092338622435907,1.7131555630489979,9236,11227
1855,0.33187500000000003,1.390106754826098,1.7215163922470023,9110,11282
1856,0.332,1.3727668451664463,1.7300183378734564,8997,11338
1857,0.332125,1.3562123454936093,1.7375569880181214,8888,11387
1858,0.33225000000000005,1.3389014272991229,1.7424967335026673,8775,11420
1859,0.332375,1.3207195094789894,1.7446385580118982,8655,11434
1860,0.3325,1.303182370818134,1.7454233790525753,8541,11439
1861,0.332625,1.2876252570559537,1.746121569437168,8439,11443
1862,0.33275,1.2736132873389772,1.7462434823031312,8347,11444
1863,0.33287500000000003,1.2595345596550414,1.7441328760570898,8254,11430
1864,0.333,1.2446446906165685,1.7390114614012482,8157,11397
1865,0.333125,1.2300383472462169,1.7319506524188095,8061,11351
1866,0.33325000000000005,1.217347106448708,1.724569322826466,7978,11302
1867,0.333375,1.206771832135121,1.7170662990150833,7909,11253
1868,0.3335,1.1968793802137543,1.708016854464134,7844,11194
1869,0.333625,1.1864131678975147,1.6961832905859553,7775,11116
1870,0.33375,1.1758826180883892,1.6821040684472943,7706,11024
1871,0.33387500000000003,1.1669697453030798,1.6675003030348792,7648,10928
1872,0.334,1.160484501898344,1.6532307020432504,7605,10835
1873,0.334125,1.155392956322347,1.6383195525858176,7572,10737
1874,0.33425000000000005,1.1501193562031735,1.621258291258632,7537,10625
1875,0.334375,1.1445134833945747,1.6019725731271213,7501,10499
1876,0.3345,1.1400539090317972,1.5820249590282542,7471,10368
1877,0.334625,1.1380371817063248,1.5628037304417388,7458,10242
1878,0.33475,1.1379883810926783,1.5439328129254941,7458,10118
1879,0.33487500000000003,1.1382543176810376,1.5238645243151234,7460,9987
1880,0.33499999999999996,1.1380482225436912,1.501923585318855,7458,9843
1881,0.335125,1.1384213854331837,1.4792782384010696,7461,9695
1882,0.33525,1.1409611652197438,1.45763754440211,7477,9553
1883,0.335375,1.1458234840221453,1.437283301615957,7509,9419
1884,0.3355,1.1515296823096097,1.4168661673327492,7547,9286
1885,0.335625,1.156777214461944,1.3952157353802608,7581,9144
1886,0.33575,1.1620292405850359,1.372929389797291,7615,8998
1887,0.33587500000000003,1.1689213463777859,1.3517783773349732,7661,8859
1888,0.33599999999999997,1.178217032317351,1.332662569011692,7722,8734
1889,0.336125,1.1888360318916498,1.3146381156991163,7791,8616
1890,0.33625,1.1991565114420204,1.2962189455601214,7859,8495
1891,0.336375,1.208982569510883,1.2773435996780842,7923,8371
1892,0.3365,1.2197476207886404,1.2595779528522575,7994,8255
1893,0.336625,1.2327037311428823,1.2443038978821583,8079,8155
1894,0.33675,1.2473322907135551,1.2311294078179158,8175,8068
1895,0.33687500000000004,1.2619373612570584,1.2184812591148357,8270,7985
1896,0.33699999999999997,1.2756904745151667,1.2056492832775525,8360,7901
1897,0.337125,1.2896024168809541,1.1937575667228004,8452,7823
1898,0.33725,1.3052213362639704,1.1844620853750676,8554,7762
1899,0.337375,1.3226653799609596,1.1779828089324367,8668,7720
1900,0.3375,1.340419632852136,1.1729002499014254,8785,7687
1901,0.337625,1.357146952127922,1.1679658264648605,8894,7654
1902,0.33775,1.373277627870604,1.1636912238142136,9000,7626
1903,0.33787500000000004,1.3904162358293415,1.1617548458800604,9112,7614
1904,0.33799999999999997,1.4092971802247185,1.162957153628246,9236,7622
1905,0.338125,1.4288131370259571,1.1662487855148922,9364,7643
1906,0.33825,1.4473172916333272,1.1700326881716114,9485,7668
1907,0.338375,1.464590953902517,1.1741314924342692,9598,7695
1908,0.3385,1.4820469637123053,1.1799909100981878,9713,7733
1909,0.338625,1.5009191309161867,1.1888690223978764,9836,7791
1910,0.33875,1.5206729135985244,1.2002470462192492,9966,7866
1911,0.33887500000000004,1.5395988583357794,1.2124227121419855,10090,7946
1912,0.33899999999999997,1.5568573872267617,1.224555232740209,10203,8025
1913,0.339125,1.5734506623697688,1.2376371938382296,10312,8111
1914,0.33925,1.590920665051141,1.253192902886454,10426,8213
1915,0.339375,1.609381899383911,1.2713112061624678,10547,8332
1916,0.3395,1.6273182868504645,1.290442733213498,10665,8457
1917,0.339625,1.6433940519912906,1.3092109787886859,10770,8580
1918,0.33975,1.6580433239112322,1.3280023261201142,10866,8703
1919,0.33987500000000004,1.6728770246317801,1.348373208318169,10963,8837
1920,0.33999999999999997,1.6886383381410988,1.371006060808414,11067,8985
1921,0.340125,1.7042311734751676,1.3947381267438062,11169,9141
1922,0.34025,1.7180223148871527,1.4178641407216286,11259,9292
1923,0.340375,1.7298090407087785,1.4401043503053264,11336,9438
1924,0.3405,1.7410224287334166,1.4628083927369009,11410,9587
1925,0.340625,1.752916784040783,1.4871451755599026,11488,9746
1926,0.34075,1.7649802056369466,1.5125140393423322,11567,9912
1927,0.34087500000000004,1.7755279988239623,1.5371386617976515,11636,10074
1928,0.34099999999999997,1.7837473405598034,1.560112330594155,11690,10224
1929,0.341125,1.790669100671981,1.5823702833547466,11735,10370
1930,0.34125,1.7978657908193016,1.6053882619850177,11782,10521
1931,0.341375,1.8054842100759214,1.6292156917003826,11832,10677
1932,0.3415,1.8120422022902518,1.6522730284505915,11875,10828
1933,0.341625,1.8162394696895952,1.6731631080694562,11903,10965
1934,0.34175,1.818547031927152,1.692261167388465,11918,11090
1935,0.34187500000000004,1.8206140292528943,1.7111221726073484,11932,11214
1936,0.34199999999999997,1.8232230455718943,1.7304366645143008,11949,11341
1937,0.342125,1.8253184743378204,1.7490596271737946,11962,11463
1938,0.34225,1.8253085209808841,1.765312961753002,11962,11569
1939,0.342375,1.8230327138118168,1.7789534664110993,11947,11659
1940,0.3425,1.8199650617142642,1.7913764050439305,11927,11740
1941,0.342625,1.8174033646082957,1.8038052424298636,11911,11821
1942,0.34275,1.8148796342470808,1.8157024076242017,11894,11899
1943,0.34287500000000004,1.8107533812996894,1.825362952068114,11867,11963
1944,0.34299999999999997,1.8042561384854459,1.8319593403971797,11824,12006
1945,0.343125,1.796463150147344,1.8365134493757016,11773,12036
1946,0.34325,1.7889911843284396,1.8405945680218256,11724,12063
1947,0.343375,1.7820310420089025,1.844352148047615,11679,12087
1948,0.3435,1.7741441845733283,1.8463125369018722,11627,12100
1949,0.343625,1.7640734080620697,1.845189820227743,11561,12093
1950,0.34375,1.7523321808849832,1.8414751817303254,11484,12068
1951,0.34387500000000004,1.740611306365668,1.8368436578445178,11407,12038
1952,0.344,1.7297341344815829,1.832109289161224,11336,12007
1953,0.344125,1.7186847876017537,1.8262533609317593,11264,11969
1954,0.34425,1.7059100629424075,1.8177261655585921,11180,11913
1955,0.344375,1.6912868055199686,1.8064143135131576,11084,11839
1956,0.34450000000000003,1.6763249784059804,1.7938435885738357,10986,11756
1957,0.344625,1.6623568391465995,1.7813679877687687,10894,11674
1958,0.34475,1.6489472866896024,1.7685797844948639,10807,11591
1959,0.34487500000000004,1.6344870199792931,1.7539024802956646,10712,11494
1960,0.345,1.6182370016535375,1.7366349237259326,10605,11381
1961,0.345125,1.601300026261582,1.7179226071497724,10494,11259
1962,0.34525,1.5853184880211317,1.6994550377240771,10390,11138
1963,0.345375,1.5705067773158117,1.6814978051072116,10292,11020
1964,0.34550000000000003,1.5554478794600124,1.6626887416913625,10194,10897
1965,0.345625,1.5389039461997844,1.6418481165005923,10085,10760
1966,0.34575,1.521405620647122,1.6195674908745712,9971,10614
1967,0.34587500000000004,1.5046586083086426,1.597615872752881,9861,10470
1968,0.346,1.4894988920795709,1.576894443340871,9762,10334
1969,0.346125,1.4749208788037418,1.5564642583453212,9666,10200
1970,0.34625,1.459379320929857,1.5348476741942376,9564,10059
1971,0.346375,1.442756623571814,1.5119951923952002,9455,9909
1972,0.34650000000000003,1.4265659496287622,1.4894880741321543,9349,9762
1973,0.346625,1.412140344376759,1.4687269963578298,9255,9625
1974,0.34675,1.3990431324518025,1.4493419749642862,9169,9498
1975,0.34687500000000004,1.3856610392846693,1.429785023609506,9081,9370
1976,0.347,1.371248719385728,1.4093742362039592,8987,9236
1977,0.347125,1.3569003024897304,1.389264887861773,8893,9105
1978,0.34725,1.3442472395964498,1.3711468737094035,8810,8986
1979,0.347375,1.3334906927125292,1.3552766819393693,8739,8882
1980,0.34750000000000003,1.3231982245935534,1.3402737244478493,8672,8784
1981,0.347625,1.31211437884606,1.3249305391540454,8599,8683
1982,0.34775,1.3007501073768704,1.309801914827459,8525,8584
1983,0.34787500000000005,1.2907893652276548,1.29661115651221,8459,8497
1984,0.348,1.2830444383271091,1.2862051741006164,8409,8429
1985,0.348125,1.2764841287204312,1.2775823948383265,8366,8373
1986,0.34825,1.2695357978093726,1.2691946362412423,8320,8318
1987,0.348375,1.2620527264202113,1.260914257090886,8271,8264
1988,0.34850000000000003,1.255517348810683,1.2542372937174702,8228,8220
1989,0.348625,1.2512304439041373,1.250472511267918,8200,8195
1990,0.34875,1.2487216668540118,1.249151912140573,8184,8186
1991,0.34887500000000005,1.2463427498844435,1.2486238697807344,8168,8183
1992,0.349,1.2433121691763105,1.2480978472359894,8148,8180
1993,0.349125,1.2406867821520275,1.2486160424001613,8131,8183
1994,0.34925,1.2400598144173687,1.2517514998387151,8127,8203
1995,0.349375,1.2415933512040318,1.2576406854940478,8137,8242
1996,0.34950000000000003,1.2438151685691026,1.2647805126496232,8151,8289
1997,0.349625,1.2454294244555968,1.2718391900609682,8162,8335
1998,0.34975,1.246906226409109,1.2792460493171713,8172,8384
1999,0.34987500000000005,1.2498883452128533,1.2885984860925375,8191,8445
2000,0.35,1.2551466799899802,1.3006177432243982,8226,8524
2001,0.350125,1.2616085685643672,1.3141775142790977,8268,8613
2002,0.35024999999999995,1.2676599634470138,1.3276064879004494,8308,8701
2003,0.350375,1.273112921778726,1.3406561900013432,8343,8786
2004,0.35050000000000003,1.2794089658542311,1.354704753883892,8385,8878
2005,0.35062499999999996,1.2878084073305298,1.3709466477530956,8440,8985
2006,0.35075,1.2978009975353184,1.3888037657077121,8505,9102
2007,0.35087500000000005,1.307699262701636,1.4065192080851292,8570,9218
2008,0.351,1.3166832803801958,1.423202518736142,8629,9327
2009,0.351125,1.3257724508439495,1.4398019330366376,8689,9436
2010,0.35124999999999995,1.3365235830119135,1.4578029334421672,8759,9554
2011,0.351375,1.3490635180489732,1.477261370059243,8841,9681
2012,0.35150000000000003,1.3618860478106816,1.4966008458376927,8925,9808
2013,0.35162499999999997,1.3736627344376136,1.514424041795482,9002,9925
2014,0.35175,1.3848325525363596,1.5311028114437841,9076,10034
2015,0.35187500000000005,1.3970087261122375,1.5481855199966292,9155,10146
2016,0.352,1.4109342544716212,1.5663529966949494,9247,10265
2017,0.352125,1.425510339099599,1.584447448561985,9342,10384
2018,0.35224999999999995,1.4390986060701687,1.6007750726597068,9431,10491
2019,0.352375,1.4514887042676325,1.6150741139850378,9512,10585
2020,0.35250000000000004,1.464101697426509,1.6287186008449221,9595,10674
2021,0.35262499999999997,1.4781794870281921,1.6429081889347759,9687,10767
2022,0.35275,1.4931954788718687,1.6570791158484917,9786,10860
2023,0.35287500000000005,1.5074480061768607,1.669497996354265,9879,10941
2024,0.353,1.5201051068486813,1.679306824579697,9962,11006
2025,0.353125,1.532176370838033,1.687495135040108,10041,11059
2026,0.35324999999999995,1.545211011545962,1.695598229761482,10127,11112
2027,0.353375,1.5593305525225776,1.703730111891545,10219,11166
2028,0.35350000000000004,1.5730257162481336,1.7103804564084895,10309,11209
2029,0.35362499999999997,1.5849672931910574,1.7142256525210449,10387,11234
2030,0.35375,1.5955957395950586,1.7157184067104427,10457,11244
2031,0.35387500000000005,1.6065280496324552,1.7164947094469354,10529,11249
2032,0.354,1.6185132227796406,1.7173292300465408,10607,11255
2033,0.354125,1.6304607112437073,1.7171637764085552,10685,11254
2034,0.35424999999999995,1.640742570484398,1.7144092959616044,10753,11236
2035,0.354375,1.6491610630688627,1.7089134079311934,10808,11200
2036,0.35450000000000004,1.6571519663980079,1.7021634869607496,10860,11155
2037,0.35462499999999997,1.6659739862642853,1.6954759214182147,10918,11111
2038,0.35475,1.6751193277725136,1.6884063899745496,10978,11065
2039,0.35487500000000005,1.682907094262398,1.6793430237355496,11029,11006
2040,0.355,1.688527958815539,1.6675507191402243,11066,10928
2041,0.355125,1.6930159729110998,1.654142632269595,11095,10841
2042,0.35524999999999995,1.69794652331382,1.6407777203833318,11128,10753
2043,0.355375,1.7034689660454512,1.6276929897581103,11164,10667
2044,0.35550000000000004,1.708103393347733,1.6134997994722413,11194,10574
2045,0.35562499999999997,1.7105514366644923,1.5969942139120517,11210,10466
2046,0.35575,1.7112857368547325,1.578745972094769,11215,10346
2047,0.35587500000000005,1.7119567377638132,1.5605047753882006,11219,10227
2048,0.356,1.713348021882923,1.5431550956623066,11229,10113
2049,0.356125,1.7144046676859754,1.5257439817033802,11236,9999
2050,0.35624999999999996,1.7135352659560275,1.506782533243865,11230,9875
2051,0.356375,1.7105794231856684,1.4862128197962488,11210,9740
2052,0.35650000000000004,1.7070109343181086,1.4656105086107718,11187,9605
2053,0.35662499999999997,1.704127086758595,1.4463735627845882,11168,9479
2054,0.35675,1.7014590972167212,1.428132143335294,11151,9359
2055,0.35687500000000005,1.6973653933767574,1.409341276559408,11124,9236
2056,0.357,1.6910761539151022,1.389324881716712,11083,9105
2057,0.357125,1.6836649936803172,1.3692468467546801,11034,8973
2058,0.35724999999999996,1.6767467933272526,1.3508083801064754,10989,8853
2059,0.357375,1.6705102051496088,1.334279925243237,10948,8744
2060,0.35750000000000004,1.663514298615573,1.3182973742979227,10902,8640
2061,0.35762499999999997,1.654499232166396,1.3016721798409925,10843,8531
2062,0.35775,1.6439756093436246,1.2849803355534761,10774,8421
2063,0.35787500000000005,1.6336311397888688,1.269968521018736,10706,8323
2064,0.358,1.6242858695797784,1.2575090224584786,10645,8241
2065,0.358125,1.6149204062813889,1.2466274971468272,10584,8170
2066,0.35824999999999996,1.6039778400203055,1.2358046587790992,10512,8099
2067,0.358375,1.5913311165559356,1.2249432561692537,10429,8028
2068,0.35850000000000004,1.5784861260211795,1.2155710066734866,10345,7966
2069,0.35862499999999997,1.56677088020712,1.2090294547535003,10268,7923
2070,0.35875,1.555745877694874,1.2048842669693443,10196,7896
2071,0.35887500000000006,1.5437972640027486,1.2015181569288955,10117,7874
2072,0.359,1.530181313065687,1.1981753847709635,10028,7852
2073,0.359125,1.5159959976319406,1.1959331820596826,9935,7838
2074,0.35924999999999996,1.5028787742480016,1.196399643973453,9849,7841
2075,0.359375,1.4910389824997605,1.199746077064308,9772,7863
2076,0.35950000000000004,1.4790544603290032,1.2045038100892387,9693,7894
2077,0.359625,1.4656821187827231,1.2093748136686702,9605,7926
2078,0.35975,1.4514472827108398,1.2148213219752264,9512,7961
2079,0.35987500000000006,1.438050265489848,1.2224725491069703,9424,8012
2080,0.36,1.4263215988929507,1.2330802806891257,9348,8081
2081,0.36012500000000003,1.415250183734892,1.245547261214147,9275,8163
2082,0.36024999999999996,1.4032852254299824,1.2582295655219005,9197,8246
2083,0.360375,1.390303545475139,1.2709042383039155,9111,8329
2084,0.36050000000000004,1.3778126994225455,1.2849729139511832,9030,8421
2085,0.360625,1.367140106183082,1.3016513595240617,8960,8531
2086,0.36075,1.3578434567520696,1.3203804415447387,8899,8653
2087,0.36087500000000006,1.3483038406009826,1.3394197441648446,8836,8778
2088,0.361,1.3377702845465687,1.3578927112053878,8767,8899
2089,0.36112500000000003,1.3273313040592374,1.3767587581059852,8699,9023
2090,0.36124999999999996,1.3186127586948522,1.3975117634464647,8642,9159
2091,0.361375,1.3118102471728927,1.4202130827599342,8597,9308
2092,0.36150000000000004,1.3054858052951088,1.443288902431632,8556,9459
2093,0.361625,1.2983784915289986,1.4653414900309483,8509,9603
2094,0.36175,1.2909938214092298,1.4867392909840857,8461,9743
2095,0.36187500000000006,1.285010367977083,1.5090242266317442,8421,9890
2096,0.362,1.2812350952635072,1.5328676823911798,8397,10046
2097,0.36212500000000003,1.2786315492298714,1.5570994152473745,8380,10205
2098,0.36224999999999996,1.275621905532163,1.5800102347325131,8360,10355
2099,0.362375,1.2720543353963054,1.6013200898391615,8337,10494
2100,0.36250000000000004,1.2694062429671338,1.622381904558579,8319,10632
2101,0.362625,1.2689734624401665,1.6443714858861478,8316,10777
2102,0.36275,1.2702807918217072,1.6666986077831782,8325,10923
2103,0.36287500000000006,1.2716751997562967,1.6876009041611277,8334,11060
2104,0.363,1.2723704935054396,1.7061890269939304,8339,11182
2105,0.36312500000000003,1.27341896231285,1.72341893697442,8345,11295
2106,0.36324999999999996,1.2764093643877688,1.7407903096278947,8365,11408
2107,0.363375,1.281499424528452,1.7583796279135377,8398,11524
2108,0.36350000000000005,1.2872126643711217,1.7746373510514677,8436,11630
2109,0.363625,1.2922490997427942,1.7881991420779126,8469,11719
2110,0.36375,1.297074806499045,1.7994756837586987,8501,11793
2111,0.36387500000000006,1.3033286405761428,1.810059852856227,8541,11862
2112,0.364,1.3117777003552893,1.8206823378949284,8597,11932
2113,0.36412500000000003,1.3213456435795623,1.830240324583416,8660,11995
2114,0.36424999999999996,1.3304148598151615,1.8370997247514818,8719,12040
2115,0.364375,1.338793967105617,1.8410629477762335,8774,12066
2116,0.36450000000000005,1.3479211682573977,1.8435722121912963,8834,12082
2117,0.364625,1.3590535819307183,1.8458990516653673,8907,12097
2118,0.36475,1.3716778880719736,1.8475548144636849,8989,12108
2119,0.36487500000000006,1.3841036702163472,1.846884076611872,9071,12104
2120,0.365,1.3955081864614058,1.8431091675626008,9146,12079
2121,0.36512500000000003,1.4069081481389987,1.8373019136619584,9220,12041
2122,0.36524999999999996,1.4198577998114963,1.8310813775346777,9305,12000
2123,0.365375,1.4344815503484192,1.8246463480008734,9401,11958
2124,0.36550000000000005,1.4492708850271159,1.8165718222948053,9498,11905
2125,0.365625,1.4628951928210105,1.805619588509251,9587,11833
2126,0.36575,1.4757914018881793,1.7923273498514354,9672,11746
2127,0.36587499999999995,1.4895708244185997,1.7784152253511238,9762,11655
2128,0.366,1.5049746755610791,1.7647406858570607,9863,11565
2129,0.36612500000000003,1.5209025084340786,1.7503265520359432,9967,11471
2130,0.36624999999999996,1.5357144293379923,1.7336625661502445,10064,11362
2131,0.366375,1.5491987043221864,1.7146724770709212,10153,11237
2132,0.36650000000000005,1.5627751438591977,1.6949167335226574,10242,11108
2133,0.366625,1.5776845342865626,1.6757813195007705,10340,10982
2134,0.36675,1.5933992968946118,1.6568876875065868,10443,10859
2135,0.36687499999999995,1.6082169197541656,1.6366855314893745,10540,10726
2136,0.367,1.6213047274254642,1.6144968106366229,10625,10581
2137,0.36712500000000003,1.6336717371975036,1.5914868967783071,10706,10430
2138,0.36724999999999997,1.6468667228995162,1.5693618870619703,10793,10285
2139,0.367375,1.661010910602168,1.548400554820418,10886,10148
2140,0.36750000000000005,1.674594859799985,1.527250489434022,10975,10009
2141,0.367625,1.6862893415546565,1.5047382083479193,11051,9861
2142,0.36775,1.6965349287031317,1.4814580306846568,11118,9709
2143,0.36787499999999995,1.7069488771328152,1.4591781862600255,11187,9563
2144,0.368,1.7182805856169956,1.4387955980232228,11261,9429
2145,0.36812500000000004,1.7294400523462292,1.4193635754968332,11334,9302
2146,0.36824999999999997,1.7388000179623577,1.399393333357273,11395,9171
2147,0.368375,1.7461635784420553,1.3788208655251124,11444,9036
2148,0.36850000000000005,1.7529674853944035,1.359209686671614,11488,8908
2149,0.368625,1.7604715685057486,1.3419395548176938,11537,8795
2150,0.36875,1.7681692990942073,1.3266165531941676,11588,8694
2151,0.36887499999999995,1.7743811977061796,1.3116658508067371,11629,8596
2152,0.369,1.77829949831739,1.2963759719491144,11654,8496
2153,0.36912500000000004,1.780959965374181,1.2818700318271394,11672,8401
2154,0.36924999999999997,1.7839398434302767,1.2698033866901597,11691,8322
2155,0.369375,1.7873904991351097,1.2603957714879386,11714,8260
2156,0.36950000000000005,1.78983418099207,1.2522278615763225,11730,8207
2157,0.369625,1.7899748299059373,1.2440516659274596,11731,8153
2158,0.36975,1.788287542226183,1.236379897804512,11720,8103
2159,0.36987499999999995,1.786425370347016,1.230892453161893,11708,8067
2160,0.37,1.7851746512199844,1.2283917545750604,11699,8050
2161,0.37012500000000004,1.783483370096288,1.2278308941331009,11688,8047
2162,0.37024999999999997,1.7797631697161742,1.2276157657565727,11664,8045
2163,0.370375,1.7738568594054696,1.227572458951762,11625,8045
2164,0.37050000000000005,1.7672415806761026,1.2291506529986351,11582,8055
2165,0.370625,1.7612181161388931,1.2336129180485205,11542,8085
2166,0.37075,1.7553213191904096,1.2404454744712992,11504,8129
2167,0.37087499999999995,1.747913399706693,1.2479515781056647,11455,8179
2168,0.371,1.7382284568798818,1.255296477396878,11392,8227
2169,0.37112500000000004,1.7273441674648378,1.2634793062484337,11320,8280
2170,0.37124999999999997,1.7168796081995004,1.2740314170371754,11252,8349
2171,0.371375,1.7070277636719697,1.2870491936955757,11187,8435
2172,0.37150000000000005,1.6963521646057338,1.3009912767935354,11117,8526
2173,0.371625,1.6835975605922755,1.3144896356388238,11034,8615
2174,0.37175,1.6692792689304032,1.3279395684855018,10940,8703
2175,0.37187499999999996,1.6550898353982344,1.3429068484880267,10847,8801
2176,0.372,1.6418542572686055,1.360083649729389,10760,8913
2177,0.37212500000000004,1.6285582069169597,1.3783173317833972,10673,9033
2178,0.37224999999999997,1.6136499455518292,1.3959130941388223,10575,9148
2179,0.372375,1.5970076935833837,1.4126019717606408,10466,9258
2180,0.37250000000000005,1.5801427120119629,1.4297446801436655,10356,9370
2181,0.372625,1.564388475716919,1.448521465248107,10252,9493
2182,0.37275,1.549311031249128,1.468343232775077,10154,9623
2183,0.37287499999999996,1.5333021516664427,1.4874454173362335,10049,9748
2184,0.373,1.5156238107129354,1.5049332206463641,9933,9863
2185,0.37312500000000004,1.4973797465780043,1.5217539128432378,9813,9973
2186,0.37324999999999997,1.4802132396531,1.5393953516801708,9701,10089
2187,0.373375,1.4643395038106444,1.5579191197373055,9597,10210
2188,0.37350000000000005,1.4483422946037705,1.5757578368615845,9492,10327
2189,0.373625,1.4309844747439693,1.5915264650064938,9378,10430
2190,0.37375,1.4127973478375102,1.6056122951839378,9259,10523
2191,0.37387499999999996,1.3954872225567494,1.619582229708104,9145,10614
2192,0.374,1.3798906357549758,1.6341385947413232,9043,10709
2193,0.37412500000000004,1.3650024913197905,1.6481479617370143,8946,10801
2194,0.37424999999999997,1.3492779892373297,1.659943590720116,8843,10879
2195,0.374375,1.3325999241008055,1.6692933625246458,8733,10940
2196,0.37450000000000006,1.316481796910518,1.677603319725317,8628,10994
2197,0.374625,1.3022569302888602,1.6861073544313325,8534,11050
2198,0.37475,1.2894888714189636,1.6942779471612337,8451,11104
2199,0.37487499999999996,1.2765645033163686,1.700419778590171,8366,11144
2200,0.375,1.2627385783633398,1.7037144996332159,8275,11165
2201,0.37512500000000004,1.2491052535615648,1.705192685674046,8186,11175
2202,0.37525,1.2372959411508493,1.7064318201936801,8109,11183
2203,0.375375,1.2275116868027944,1.7075890027857499,8045,11191
2204,0.37550000000000006,1.2183198633196355,1.7071976702928682,7984,11188
2205,0.375625,1.208464738623539,1.7039783996980145,7920,11167
2206,0.37575000000000003,1.1984569066021884,1.6984282609533308,7854,11131
2207,0.37587499999999996,1.1899798693741004,1.692227535460835,7799,11090
2208,0.376,1.18384536795097,1.6861948655216137,7758,11051
2209,0.37612500000000004,1.179021554562563,1.6793154624854303,7727,11006
2210,0.37625,1.173935038404525,1.670042872431226,7694,10945
2211,0.376375,1.1684382326035534,1.6582662589465955,7657,10868
2212,0.37650000000000006,1.1640125904201915,1.6455132667363217,7628,10784
2213,0.376625,1.1619577833297774,1.6331390379494959,7615,10703
2214,0.37675000000000003,1.1618022345695018,1.6207362887768793,7614,10622
2215,0.37687499999999996,1.1618963069332608,1.6067282423622182,7615,10530
2216,0.377,1.1614569715274945,1.590412766090745,7612,10423
2217,0.37712500000000004,1.161539432285603,1.5729336544168666,7612,10308
2218,0.37725,1.1637351147695798,1.5559780229726274,7627,10197
2219,0.377375,1.1682041452892604,1.539808367264574,7656,10091
2220,0.37750000000000006,1.1734721840551945,1.5230587504113362,7690,9982
2221,0.377625,1.1782411045397363,1.5045449929727412,7722,9860
2222,0.37775000000000003,1.1829785633395418,1.4848535601238992,7753,9731
2223,0.37787499999999996,1.1893247029134084,1.4657477167206736,7794,9606
2224,0.378,1.1980476191189888,1.4481222889851408,7852,9490
2225,0.37812500000000004,1.2080716616540554,1.4310313712039617,7917,9378
2226,0.37825,1.217779612854596,1.4129897899863146,7981,9260
2227,0.378375,1.2269801688697324,1.3939399585320904,8041,9135
2228,0.37850000000000006,1.2371113034538332,1.3754545317289093,8108,9014
2229,0.378625,1.2494295847250465,1.3589250763038179,8188,8906
2230,0.37875000000000003,1.2634208292690028,1.343972036367293,8280,8808
2231,0.37887499999999996,1.2773934313986117,1.3290374100962643,8372,8710
2232,0.379,1.290523143946035,1.3134288758529136,8458,8608
2233,0.37912500000000005,1.3038248453149184,1.298290914392089,8545,8508
2234,0.37925,1.3188506304122634,1.2853022919347368,8643,8423
2235,0.379375,1.335722431650338,1.2747080574394898,8754,8354
2236,0.37950000000000006,1.3529289430583968,1.2651159175108866,8867,8291
2237,0.379625,1.3691364391508247,1.255306465432682,8973,8227
2238,0.37975000000000003,1.3847784234469651,1.245822349650848,9075,8165
2239,0.37987499999999996,1.4014624666487547,1.2383745679227456,9185,8116
2240,0.38,1.419925739552364,1.2337975983323402,9306,8086
2241,0.38012500000000005,1.4390634432199092,1.2310773420327121,9431,8068
2242,0.38025,1.4572310390505234,1.2286530368194828,9550,8052
2243,0.380375,1.4742118524039949,1.2263844393782515,9661,8037
2244,0.38050000000000006,1.4914204729161076,1.2257549999044646,9774,8033
2245,0.380625,1.5100921849402023,1.228060945145434,9897,8048
2246,0.38075000000000003,1.5296936429566406,1.232821822365518,10025,8079
2247,0.38087499999999996,1.5485163043730663,1.2383736649596813,10148,8116
2248,0.381,1.5657212161221388,1.2439137432966019,10261,8152
2249,0.38112500000000005,1.5823108738588196,1.2504722413713105,10370,8195
2250,0.38125,1.5998273031049854,1.259610397298438,10485,8255
2251,0.381375,1.6183847598868981,1.2714531085904295,10606,8333
2252,0.38149999999999995,1.6364666295642156,1.2844859828567163,10725,8418
2253,0.381625,1.6527363118630787,1.2973662152826115,10831,8502
2254,0.38175000000000003,1.6676268289046114,1.3105124365441925,10929,8589
2255,0.38187499999999996,1.6827477152802244,1.3255116818346149,11028,8687
2256,0.382,1.6988404957366041,1.3430751901357987,11134,8802
2257,0.38212500000000005,1.714807152355077,1.362067033680744,11238,8926
2258,0.38225,1.7290122853143945,1.3808066740270857,11331,9049
2259,0.382375,1.74125073819136,1.3990368280129397,11411,9169
2260,0.38249999999999995,1.7529509157122365,1.4181272450919868,11488,9294
2261,0.382625,1.7653642202872986,1.4392644562743628,11569,9432
2262,0.38275000000000003,1.7779756325893719,1.4618628678515013,11652,9580
2263,0.38287499999999997,1.7890971347996998,1.484158560677647,11725,9727
2264,0.383,1.7979123912472859,1.5052545257901457,11783,9865
2265,0.38312500000000005,1.8054485825319382,1.5260929287678138,11832,10001
2266,0.38325,1.8132743708590395,1.5481536593969256,11883,10146
2267,0.383375,1.8215325603999966,1.57148746594947,11938,10299
2268,0.38349999999999995,1.8287368718571806,1.5945133304653878,11985,10450
2269,0.383625,1.8335827725197391,1.615829805046237,12017,10590
2270,0.38375000000000004,1.836536953075011,1.6358050926108243,12036,10720
2271,0.38387499999999997,1.839244148688121,1.655984394584892,12054,10853
2272,0.384,1.842482480104028,1.6770458461070215,12075,10991
2273,0.38412500000000005,1.845191838665202,1.6978294357668167,12093,11127
2274,0.38425,1.8457759067792607,1.716639597643354,12096,11250
2275,0.384375,1.8440696889047896,1.7332132728224732,12085,11359
2276,0.38449999999999995,1.841542686995304,1.748923621833799,12069,11462
2277,0.384625,1.8394882317265069,1.76496987015836,12055,11567
2278,0.38475000000000004,1.8374339204803356,1.7807882374883204,12042,11671
2279,0.38487499999999997,1.8337349255855606,1.7946457324408804,12018,11761
2280,0.385,1.8276185338049975,1.8056851276044816,11977,11834
2281,0.38512500000000005,1.8201558571674032,1.8148971182431628,11929,11894
2282,0.38525,1.8129596603054745,1.8238185208263764,11881,11953
2283,0.385375,1.806216890751221,1.8325652028018342,11837,12010
2284,0.38549999999999995,1.7984853203347881,1.8396290236956143,11787,12056
2285,0.385625,1.7885042399953894,1.8436888724239964,11721,12083
2286,0.38575000000000004,1.7767838098738207,1.8452002401441734,11644,12093
2287,0.38587499999999997,1.7650117416236482,1.8458021809064191,11567,12097
2288,0.386,1.754008520780308,1.846272676161463,11495,12100
2289,0.38612500000000005,1.742755651184742,1.8455570877333762,11421,12095
2290,0.38625,1.7296975661460035,1.842070128665224,11336,12072
2291,0.386375,1.7147090187261014,1.8356633882985447,11238,12030
2292,0.38649999999999995,1.6992981586341505,1.8278283864262725,11137,11979
2293,0.386625,1.684795724364465,1.8198858242560523,11041,11927
2294,0.38675000000000004,1.6707653945824132,1.811395832511195,10950,11871
2295,0.38687499999999997,1.6555969605850491,1.8007511263200786,10850,11801
2296,0.387,1.6385507921926084,1.7872212909514231,10738,11713
2297,0.38712500000000005,1.620729417764976,1.771924269223181,10622,11612
2298,0.38725,1.6037752918391381,1.7565238774793115,10511,11512
2299,0.387375,1.5879032011661998,1.7412620470888238,10406,11412
2300,0.38749999999999996,1.571696861028229,1.724755104524928,10300,11303
2301,0.387625,1.5539194938588403,1.7058041182881951,10184,11179
2302,0.38775000000000004,1.5351031494171758,1.684983846585688,10060,11043
2303,0.38787499999999997,1.516955280387192,1.6640490203915774,9942,10906
2304,0.388,1.500313950351861,1.6438891321830174,9832,10773
2305,0.38812500000000005,1.4841759822757992,1.6235562387556213,9727,10640
2306,0.38825,1.466998870967622,1.6015664181877982,9614,10496
2307,0.388375,1.4486680893535224,1.5778666862419493,9494,10341
2308,0.38849999999999996,1.430700182345353,1.5540376096842188,9376,10185
2309,0.388625,1.4144318879082276,1.5314820031974743,9270,10037
2310,0.38875000000000004,1.399430520882942,1.5098348192804705,9171,9895
2311,0.38887499999999997,1.3840870881678422,1.4875558156823137,9071,9749
2312,0.389,1.3676608021091747,1.4639735733674153,8963,9594
2313,0.38912500000000005,1.3512506177110553,1.4402565735910646,8856,9439
2314,0.38925,1.336493062250218,1.4181105423849707,8759,9294
2315,0.389375,1.32359461348024,1.3978103677006946,8674,9161
2316,0.38949999999999996,1.311128371643932,1.3779963080437871,8593,9031
2317,0.389625,1.2978446255514449,1.3574841080134294,8506,8896
2318,0.38975000000000004,1.2842602612404919,1.336853976186389,8417,8761
2319,0.38987499999999997,1.2720653404514706,1.3178567347464187,8337,8637
2320,0.39,1.2620784087954011,1.3013687394797484,8271,8529
2321,0.39012500000000006,1.253274662468379,1.2864196499690406,8213,8431
2322,0.39025,1.244087971389329,1.2714941160899582,8153,8333
2323,0.390375,1.2343782188101136,1.2564987632729565,8090,8235
2324,0.39049999999999996,1.2256345149872352,1.242965128717842,8032,8146
2325,0.390625,1.2191643662531293,1.2322385271214487,7990,8076
2326,0.39075000000000004,1.2145041863063775,1.2238883499019444,7959,8021
2327,0.390875,1.2100124734461846,1.2163009977062447,7930,7971
2328,0.391,1.2049144575377708,1.2087243853250895,7897,7921
2329,0.39112500000000006,1.200273712532892,1.202239374315928,7866,7879
2330,0.39125,1.1976901241358655,1.198457671574811,7849,7854
2331,0.39137500000000003,1.1973323556226056,1.197554184754532,7847,7848
2332,0.39149999999999996,1.19773466069572,1.198063840175932,7849,7852
2333,0.391625,1.1976075483767088,1.198692209826793,7849,7856
2334,0.39175000000000004,1.1974273335825307,1.1999051405700143,7847,7864
2335,0.391875,1.1988428243717406,1.2033354772846554,7857,7886
2336,0.392,1.202630771372574,1.2097386621748458,7882,7928
2337,0.39212500000000006,1.2077241518610957,1.2180211280475584,7915,7982
2338,0.39225,1.2125143317819709,1.2265426774434747,7946,8038
2339,0.39237500000000003,1.216818529846045,1.2350841269975061,7975,8094
2340,0.39249999999999996,1.2220831660172482,1.2450509346476275,8009,8160
2341,0.392625,1.2295731606391282,1.2576627461347383,8058,8242
2342,0.39275000000000004,1.238782574833081,1.2723643686524386,8118,8339
2343,0.392875,1.2480279217323784,1.287419390985889,8179,8437
2344,0.393,1.2564929352798684,1.3019553317096908,8235,8532
2345,0.39312500000000006,1.2652003190218144,1.3169357513364044,8292,8631
2346,0.39325,1.2757098268521985,1.3338587491253577,8360,8742
2347,0.39337500000000003,1.2881508656816953,1.3527899751296226,8442,8866
2348,0.39349999999999996,1.3010194112471558,1.3721599883677693,8526,8993
2349,0.393625,1.3129888087276396,1.3905755032585034,8605,9113
2350,0.39375000000000004,1.3244994149068134,1.4084094894356438,8680,9230
2351,0.393875,1.3371654183295243,1.4272084636412752,8763,9353
2352,0.394,1.3517303678431896,1.4476484798174454,8859,9487
2353,0.39412500000000006,1.3670955851220226,1.4685640280608918,8959,9624
2354,0.39425,1.3816223923782487,1.4882507162697998,9055,9753
2355,0.39437500000000003,1.3950996988478561,1.5064333460838448,9143,9873
2356,0.39449999999999996,1.4089474007601097,1.5244697478104776,9234,9991
2357,0.394625,1.4244057952771885,1.5435406749930192,9335,10116
2358,0.39475000000000005,1.440946257557741,1.5630608865020508,9443,10244
2359,0.394875,1.4568646578070603,1.5812730236314896,9548,10363
2360,0.395,1.4713261514958538,1.5972927651361153,9642,10468
2361,0.39512500000000006,1.4853370236646763,1.6120810996069648,9734,10565
2362,0.39525,1.5004427756055452,1.6271427273944639,9833,10664
2363,0.39537500000000003,1.5167608115567155,1.6425591326357147,9940,10765
2364,0.39549999999999996,1.5327773449169255,1.6567857468983156,10045,10858
2365,0.395625,1.547158270366934,1.6684631540134078,10139,10934
2366,0.39575000000000005,1.5603387810463942,1.6780068999652324,10226,10997
2367,0.395875,1.5739302468170322,1.6870146424765384,10315,11056
2368,0.396,1.5886757027596303,1.6962217620928954,10412,11116
2369,0.39612500000000006,1.6034783056948279,1.7045300211924352,10509,11171
2370,0.39625,1.616703507307654,1.7103097857931762,10595,11209
2371,0.39637500000000003,1.6281466699852007,1.7133677691076676,10670,11229
2372,0.39649999999999996,1.6392363983522187,1.7151503358037594,10743,11240
2373,0.396625,1.6512239675663747,1.7169329789600432,10821,11252
2374,0.39675000000000005,1.6635939189657711,1.718230812211199,10903,11261
2375,0.396875,1.6746574763143034,1.717391953078107,10975,11255
2376,0.397,1.6835972426462738,1.713642041613842,11034,11231
2377,0.39712499999999995,1.691439028630902,1.708055953598554,11085,11194
2378,0.39725,1.699749835092481,1.7022555334725649,11139,11156
2379,0.39737500000000003,1.70867050884412,1.6964420539391885,11198,11118
2380,0.39749999999999996,1.7167125352559398,1.6891926925784235,11251,11070
2381,0.397625,1.7225688649954585,1.6792710843515455,11289,11005
2382,0.39775000000000005,1.7267034094919458,1.6672164413739419,11316,10926
2383,0.397875,1.730757859880432,1.6547500244878062,11343,10845
2384,0.398,1.7355070472365688,1.6427300761677708,11374,10766
2385,0.39812499999999995,1.7398873265964323,1.6301797906243718,11403,10684
2386,0.39825,1.7422986168654446,1.6155888841403498,11418,10588
2387,0.39837500000000003,1.7425719318942365,1.5988806538661382,11420,10478
2388,0.39849999999999997,1.7421725755010162,1.581614671510578,11418,10365
2389,0.398625,1.7423894738185115,1.565175594648161,11419,10258
2390,0.39875000000000005,1.7427456328256952,1.5491831025039018,11421,10153
2391,0.398875,1.7415914486725412,1.5320846473081686,11414,10041
2392,0.399,1.7381492665194411,1.5131994829254156,11391,9917
2393,0.39912499999999995,1.7334850943479925,1.493689793589696,11361,9789
2394,0.39925,1.7292064492968646,1.4752580138589473,11333,9668
2395,0.39937500000000004,1.7254948917556956,1.4581787640962525,11308,9556
2396,0.39949999999999997,1.7209026852562117,1.4410950001666025,11278,9444
2397,0.399625,1.7141634958237943,1.4228281136793033,11234,9325
2398,0.39975000000000005,1.7057817599131349,1.4039668180599842,11179,9201
2399,0.399875,1.6974393719227774,1.386273249690205,11124,9085
2400,0.4,1.6899509236253676,1.3706377654567257,11075,8983
2401,0.40012499999999995,1.6822919543764538,1.3561066324504336,11025,8887
2402,0.40025,1.6729008784340456,1.3411835642808758,10964,8790
2403,0.40037500000000004,1.6616463815311486,1.3257965957447593,10890,8689
2404,0.40049999999999997,1.6500305129119341,1.311500844614876,10814,8595
2405,0.400625,1.6393778841813091,1.299667239258964,10744,8517
2406,0.40075000000000005,1.629246034721162,1.2898926232046717,10677,8453
2407,0.400875,1.6180186112100883,1.280592525225152,10604,8392
2408,0.401,1.6049498463492424,1.2710454537979716,10518,8330
2409,0.40112499999999995,1.5911361462137508,1.2623641467452313,10428,8273
2410,0.40125,1.5782138694582986,1.256193248320042,10343,8233
2411,0.40137500000000004,1.5663917408964307,1.2527414652979145,10266,8210
2412,0.40149999999999997,1.5542474580640744,1.2505781573667596,10186,8196
2413,0.401625,1.5405382775267147,1.2484437530452572,10096,8182
2414,0.40175000000000005,1.5257903439368659,1.2468391504418004,9999,8171
2415,0.401875,1.5117052734071499,1.2474322224227736,9907,8175
2416,0.402,1.4991153689782497,1.251013191656148,9825,8199
2417,0.40212499999999995,1.487011776910811,1.2565228040487397,9745,8235
2418,0.40225,1.4738464052391087,1.2623544927981218,9659,8273
2419,0.40237500000000004,1.4594992378454386,1.2683218061226187,9565,8312
2420,0.40249999999999997,1.445481433017772,1.2758618333604803,9473,8361
2421,0.402625,1.433124452271458,1.2862245430663768,9392,8429
2422,0.40275000000000005,1.421990447474897,1.29888357398027,9319,8512
2423,0.402875,1.4104653837074546,1.3121296598357726,9244,8599
2424,0.403,1.3978035545936636,1.3251156173425969,9161,8684
2425,0.40312499999999996,1.3850991270876705,1.3388282806446616,9077,8774
2426,0.40325,1.3739839717114677,1.3547868639052272,9005,8879
2427,0.40337500000000004,1.364660048214308,1.3730758174890068,8943,8999
2428,0.40349999999999997,1.355696076938784,1.392142080840582,8885,9124
2429,0.403625,1.345838112224072,1.410606198591866,8820,9245
2430,0.40375000000000005,1.3355989492096916,1.4288523462989478,8753,9364
2431,0.403875,1.3266647095012403,1.4484355207003166,8694,9492
2432,0.404,1.3198501463410606,1.470037488528996,8650,9634
2433,0.40412499999999996,1.3141268183790424,1.4924956150498825,8612,9781
2434,0.40425,1.3079251087489965,1.514105538071135,8572,9923
2435,0.40437500000000004,1.3011015716073566,1.5345892065247513,8527,10057
2436,0.40449999999999997,1.2951421407620072,1.55529874149087,8488,10193
2437,0.404625,1.2913513055542614,1.5774063275762253,8463,10338
2438,0.40475000000000005,1.2892626162137528,1.6003153541689927,8449,10488
2439,0.404875,1.2872318677991361,1.622254323871936,8436,10632
2440,0.405,1.2844817404273776,1.6423220983575468,8418,10763
2441,0.40512499999999996,1.2820734184132143,1.661460236199955,8402,10889
2442,0.40525,1.281604550492881,1.6811515151469012,8399,11018
2443,0.40537500000000004,1.283241722192681,1.7014531025569266,8410,11151
2444,0.40549999999999997,1.285517260631914,1.720793866135595,8425,11277
2445,0.405625,1.2871399059149442,1.737785708232205,8435,11389
2446,0.40575000000000006,1.288584353140976,1.752813546173146,8445,11487
2447,0.405875,1.2914979461201714,1.767442619769809,8464,11583
2448,0.406,1.296656117815448,1.7823742922783643,8498,11681
2449,0.40612499999999996,1.302990680878856,1.7964748925550331,8539,11773
2450,0.40625,1.3088919803589005,1.8080781418083303,8578,11849
2451,0.40637500000000004,1.3141763642622548,1.8169531017160385,8613,11908
2452,0.4065,1.3202895224883655,1.8245076939917622,8653,11957
2453,0.406625,1.3284957924404084,1.8319783990232126,8706,12006
2454,0.40675000000000006,1.3382887897173807,1.8388409687345304,8771,12051
2455,0.406875,1.347984725863653,1.8434040440259931,8834,12081
2456,0.40700000000000003,1.3567671673854982,1.8448538944655546,8892,12090
2457,0.40712499999999996,1.3656587910991598,1.844226373030994,8950,12086
2458,0.40725,1.3762194550919886,1.843104865314623,9019,12079
2459,0.40737500000000004,1.3885788079859545,1.8416529929333538,9100,12069
2460,0.4075,1.401233195028857,1.8384112966311117,9183,12048
2461,0.407625,1.4128564653423836,1.8321080295977166,9259,12007
2462,0.40775000000000006,1.4238896044895846,1.8232484691422062,9332,11949
2463,0.407875,1.4359475612922272,1.8135216208724567,9411,11885
2464,0.40800000000000003,1.4497747669526844,1.8037553244195907,9501,11821
2465,0.40812499999999996,1.4642735542518064,1.792944442878094,9596,11750
2466,0.40825,1.4778063760600273,1.7795525827967187,9685,11662
2467,0.40837500000000004,1.4901633984883014,1.7634793542407787,9766,11557
2468,0.4085,1.502765891912414,1.7462631873930774,9849,11444
2469,0.408625,1.5168556515407745,1.7292703226256,9941,11333
2470,0.40875000000000006,1.5319056658162662,1.7121048394535356,10039,11220
2471,0.408875,1.546213540022243,1.6932015601845016,10133,11097
2472,0.40900000000000003,1.5589462781430838,1.6718701396286038,10217,10957
2473,0.40912499999999996,1.5711121336110023,1.6492663162431613,10296,10809
2474,0.40925,1.5842586879460536,1.6270892594382278,10383,10663
2475,0.40937500000000004,1.598505543731144,1.605613594793425,10476,10523
2476,0.4095,1.612341223107786,1.583485546476212,10567,10378
2477,0.409625,1.624434045962386,1.5595330924478545,10646,10221
2478,0.40975000000000006,1.6352217397064093,1.5343548084910266,10717,10056
2479,0.409875,1.646318323329877,1.5097259881793006,10789,9894
2480,0.41000000000000003,1.658469588817721,1.486553364250171,10869,9742
2481,0.41012499999999996,1.6705815631218155,1.4639027804055054,10948,9594
2482,0.41025,1.681022674509648,1.4403006187099014,11017,9439
2483,0.41037500000000005,1.6895913734466628,1.4157006198209479,11073,9278
2484,0.4105,1.6977194576446075,1.3916865052431213,11126,9121
2485,0.410625,1.7066615049236356,1.3696606149367003,11185,8976
2486,0.41075000000000006,1.715905462642532,1.3492538445362219,11245,8842
2487,0.410875,1.7237660679594455,1.328918291583257,11297,8709
2488,0.41100000000000003,1.7294295387070264,1.307971358259951,11334,8572
2489,0.41112499999999996,1.7339254051469133,1.287566845787843,11363,8438
2490,0.41125,1.738824486744765,1.2693924193960242,11396,8319
2491,0.41137500000000005,1.74427155069337,1.253701580909697,11431,8216
2492,0.4115,1.7487820989364549,1.2391100310827674,11461,8121
2493,0.411625,1.751053196824422,1.2244058774864814,11476,8024
2494,0.41175000000000006,1.7515529632105111,1.2101387960966525,11479,7931
2495,0.411875,1.7519273904653025,1.1980263081681066,11481,7851
2496,0.41200000000000003,1.752955699497017,1.1889089100849934,11488,7792
2497,0.41212499999999996,1.7535787239286216,1.1817780029391396,11492,7745
2498,0.41225,1.7522009449251483,1.175077810617397,11483,7701
2499,0.41237500000000005,1.7486580214511347,1.1686725531435629,11460,7659
2500,0.4125,1.7444199803259162,1.1640496313352025,11432,7629
2501,0.412625,1.740780546719062,1.1625087052467684,11408,7619
2502,0.41274999999999995,1.7372675968158455,1.1635722534410304,11385,7626
2503,0.412875,1.7322364652070026,1.1655787382582827,11352,7639
2504,0.41300000000000003,1.7249144989524114,1.167727376882845,11304,7653
2505,0.41312499999999996,1.716372767332046,1.1710498217563157,11248,7675
2506,0.41325,1.7082239034912994,1.1771083257700807,11195,7714
2507,0.41337500000000005,1.7006546333171442,1.186028355160289,11145,7773
2508,0.4135,1.6922224307247542,1.1962956688604065,11090,7840
2509,0.413625,1.6816662106110178,1.20656720711421,11021,7907
2510,0.41374999999999995,1.669495692277283,1.2172609714020162,10941,7977
2511,0.413875,1.657398079354455,1.2299630076950916,10862,8061
2512,0.41400000000000003,1.6461932948244904,1.2453832404424467,10788,8162
2513,0.41412499999999997,1.6348622224482157,1.2623841188538913,10714,8273
2514,0.41425,1.6218486297986783,1.2792832096905682,10629,8384
2515,0.41437500000000005,1.607026554874667,1.2958210820699745,10532,8492
2516,0.4145,1.591903393997457,1.3133651227830212,10433,8607
2517,0.414625,1.577809089548708,1.3330993054944786,10340,8737
2518,0.41474999999999995,1.5643064914256897,1.3544353229614468,10252,8876
2519,0.414875,1.5497845243353265,1.3756064073274128,10157,9015
2520,0.41500000000000004,1.5335026627737272,1.3957126039891814,10050,9147
2521,0.41512499999999997,1.5165625050910128,1.4156930570406983,9939,9278
2522,0.41525,1.5006055492072319,1.4370245961937405,9834,9418
2523,0.41537500000000005,1.4858455919096074,1.4597548915227305,9738,9567
2524,0.4155,1.4708653322308085,1.4822998642935292,9639,9714
2525,0.415625,1.4544269425576757,1.5032550424227884,9532,9852
2526,0.41574999999999995,1.4370613948590516,1.5229856743959387,9418,9981
2527,0.415875,1.4204750280361582,1.543034094162753,9309,10112
2528,0.41600000000000004,1.4055047609723814,1.5640756865056027,9211,10250
2529,0.41612499999999997,1.391146232081849,1.5849478214015293,9117,10387
2530,0.41625,1.3758557159146634,1.603952472677684,9017,10512
2531,0.41637500000000005,1.3595174198838997,1.6208242910050021,8910,10622
2532,0.4165,1.3436465814044354,1.6369343389423372,8806,10728
2533,0.416625,1.3295785788895846,1.6534799442751897,8714,10836
2534,0.41674999999999995,1.3168793180494336,1.669895647503335,8630,10944
2535,0.416875,1.303938336582211,1.6844470003237302,8545,11039
2536,0.41700000000000004,1.2900133193334915,1.6962755542554924,8454,11117
2537,0.41712499999999997,1.276201624718396,1.706371018729104,8364,11183
2538,0.41725,1.2641381154968168,1.7162694683844728,8285,11248
2539,0.41737500000000005,1.2540275260269687,1.7260862676220519,8218,11312
2540,0.4175,1.2444411349386486,1.7343130156120423,8156,11366
2541,0.417625,1.2341273202453087,1.7396285736675055,8088,11401
2542,0.41774999999999995,1.223600968278939,1.7424886372068273,8019,11420
2543,0.417875,1.214550041342174,1.7445326817547708,7960,11433
2544,0.41800000000000004,1.207790885883975,1.746539321941111,7915,11446
2545,0.41812499999999997,1.2022963886991713,1.7474547452299019,7879,11452
2546,0.41825,1.1964979999275946,1.7456946729212686,7841,11441
2547,0.41837500000000005,1.1902530626307501,1.7411118616348538,7800,11411
2548,0.4185,1.1850480262977459,1.7351991436711607,7766,11372
2549,0.418625,1.1821876065397583,1.7292786503797444,7748,11333
2550,0.41874999999999996,1.1812052963061717,1.7229120430061913,7741,11291
2551,0.418875,1.1804565345748568,1.7144936364500394,7736,11236
2552,0.41900000000000004,1.1791633534468773,1.7032946648518161,7728,11163
2553,0.41912499999999997,1.1783859831317114,1.6904347349007591,7723,11078
2554,0.41925,1.1797208200510365,1.6775793194103839,7731,10994
2555,0.41937500000000005,1.1833328863010448,1.664971962402688,7755,10912
2556,0.4195,1.187752643350728,1.6512305352344758,7784,10822
2557,0.419625,1.1916866519200615,1.6351575455284857,7810,10716
2558,0.41974999999999996,1.1956071238888808,1.61732906009019,7836,10599
2559,0.419875,1.2011586060262842,1.5995009492007022,7872,10482
2560,0.42000000000000004,1.2091134313130458,1.5825636505514304,7924,10371
2561,0.42012499999999997,1.218400001140868,1.5655699333642645,7985,10260
2562,0.42025,1.227404949847452,1.5470363312940283,8044,10139
2563,0.42037500000000005,1.2359406087011906,1.5269100210887665,8100,10007
2564,0.4205,1.2454483575632864,1.506771413354876,8162,9875
2565,0.420625,1.2571879257773357,1.4880228135751452,8239,9752
2566,0.42074999999999996,1.2706480364300856,1.4702982917040652,8327,9636
2567,0.420875,1.2841397213148669,1.4520563164376592,8416,9516
2568,0.42100000000000004,1.296841094286154,1.432623755821156,8499,9389
2569,0.42112499999999997,1.3097691058202967,1.4131669247500034,8584,9261
2570,0.42125,1.3244776290006712,1.3953889156784873,8680,9145
2571,0.42137500000000006,1.3410900700370847,1.379561490589956,8789,9041
2572,0.4215,1.3580962899724829,1.3643212799919036,8900,8941
2573,0.421625,1.3741634152567048,1.3484798784305785,9006,8837
2574,0.42174999999999996,1.3897254864144095,1.3326128173367855,9108,8733
2575,0.421875,1.4063902902652028,1.3184657004427327,9217,8641
2576,0.42200000000000004,1.424894895515136,1.3069091237003148,9338,8565
2577,0.422125,1.4441340794209574,1.296966437637947,9464,8500
2578,0.42225,1.4624625630149348,1.2871154389847106,9584,8435
2579,0.42237500000000006,1.4796626137532838,1.2772553549221195,9697,8371
2580,0.4225,1.4971474533641886,1.268909789750512,9812,8316
2581,0.42262500000000003,1.5161506898913366,1.2634155967567107,9936,8280
2582,0.42274999999999996,1.5361370028893873,1.2603331932080557,10067,8260
2583,0.422875,1.5553955804111377,1.2580395063360301,10193,8245
2584,0.42300000000000004,1.5730849174848758,1.2557724991989172,10309,8230
2585,0.423125,1.590204682056435,1.2546026241616874,10422,8222
2586,0.42325,1.6082938099187305,1.2561307473229355,10540,8232
2587,0.42337500000000006,1.6274632145848913,1.260520532064683,10666,8261
2588,0.4235,1.6461927015934055,1.266295287329584,10788,8299
2589,0.42362500000000003,1.6631418651674585,1.2721486297720792,10900,8337
2590,0.42374999999999996,1.6787397131693218,1.2785341473228697,11002,8379
2591,0.423875,1.694591571057122,1.2870721641014697,11106,8435
2592,0.42400000000000004,1.7114345776868387,1.2985053774411983,11216,8510
2593,0.424125,1.7281661684568015,1.311727299011686,11326,8597
2594,0.42425,1.7431462551023131,1.325084674293814,11424,8684
2595,0.42437500000000006,1.756164868845593,1.3383451801804276,11509,8771
2596,0.4245,1.7686454978024733,1.3529010943373199,11591,8866
2597,0.42462500000000003,1.7818345430205993,1.3699588995364365,11677,8978
2598,0.42474999999999996,1.7952119190393274,1.3889503003781265,11765,9103
2599,0.424875,1.8070844980374794,1.4081259049446857,11843,9228
2600,0.42500000000000004,1.8166308104751117,1.4266004160490426,11905,9349
2601,0.425125,1.8248729012406728,1.4453248075767482,11959,9472
2602,0.42525,1.8333743147046875,1.465784863350592,12015,9606
2603,0.42537500000000006,1.8422727779281252,1.4880342549704184,12074,9752
2604,0.4255,1.85007699436331,1.5104919400618868,12125,9899
2605,0.42562500000000003,1.8554774972707453,1.531753474973,12160,10038
2606,0.42574999999999996,1.8589361447885067,1.5521811517104853,12183,10172
2607,0.425875,1.8620929645645363,1.5733113554023017,12203,10311
2608,0.42600000000000005,1.8657215119588075,1.5958105876125739,12227,10458
2609,0.426125,1.8687572784747948,1.618504429001132,12247,10607
2610,0.42625,1.8695997279046168,1.6396802494054854,12253,10746
2611,0.42637500000000006,1.8680798502604308,1.6590553444668326,12243,10873
2612,0.4265,1.8656633512264382,1.6779807933855735,12227,10997
2613,0.42662500000000003,1.8636400055346172,1.6976314100405543,12214,11126
2614,0.42674999999999996,1.861534107066969,1.7174168415809303,12200,11255
2615,0.426875,1.8576977981250584,1.7355754968841257,12175,11374
2616,0.42700000000000005,1.8513556189486937,1.751219711151458,12133,11477
2617,0.427125,1.8435762381488452,1.7653080634879355,12082,11569
2618,0.42725,1.8359702878234683,1.7793437809548531,12032,11661
2619,0.42737500000000006,1.8287229117298547,1.7934078487782266,11985,11753
2620,0.4275,1.820390412074196,1.8059561683480634,11930,11836
2621,0.42762500000000003,1.8097109602010277,1.8156307924697062,11860,11899
2622,0.42774999999999996,1.7971939495865077,1.8228497216371096,11778,11946
2623,0.427875,1.784526691779172,1.8292140756744004,11695,11988
2624,0.42800000000000005,1.7725296391150631,1.8354636831949265,11616,12029
2625,0.428125,1.7601846402961694,1.8405057538577432,11536,12062
2626,0.42825,1.745936849314886,1.8427170706649867,11442,12076
2627,0.42837499999999995,1.7296621242270356,1.8419117376737864,11336,12071
2628,0.4285,1.7128700992297021,1.8395444471482891,11225,12056
2629,0.42862500000000003,1.6968933824597545,1.8368999514735478,11121,12038
2630,0.42874999999999996,1.6812979000317994,1.8335035110418723,11019,12016
2631,0.428875,1.664476071205876,1.8277142634089736,10908,11978
2632,0.42900000000000005,1.6456912644796076,1.818769691131308,10785,11919
2633,0.429125,1.6260493772734184,1.8077573118991839,10656,11847
2634,0.42925,1.607196591433428,1.7963123548574091,10533,11772
2635,0.42937499999999995,1.589351775850217,1.7846501886733128,10416,11696
2636,0.4295,1.5711030684584206,1.7713627366135718,10296,11609
2637,0.42962500000000003,1.5512184483451357,1.7552289896228392,10166,11503
2638,0.42974999999999997,1.5302350396061917,1.7368040606285833,10029,11382
2639,0.429875,1.5098656773732861,1.7178256095334585,9895,11258
2640,0.43000000000000005,1.4909540976851734,1.699168707815425,9771,11136
2641,0.430125,1.4725030734107247,1.6798737557725307,9650,11009
2642,0.43025,1.4529763070639061,1.6584479828858076,9522,10869
2643,0.43037499999999995,1.4322657216467223,1.6348324484801193,9386,10714
2644,0.4305,1.4118945335894226,1.6106046649967323,9253,10555
2645,0.43062500000000004,1.3932063556688454,1.5871673469945053,9131,10402
2646,0.43074999999999997,1.375775558910793,1.5641582773277245,9016,10251
2647,0.430875,1.3580003670934853,1.5400429932093107,8900,10093
2648,0.43100000000000005,1.3391473475277553,1.5141587473026683,8776,9923
2649,0.431125,1.3203229252871849,1.4876855694257973,8653,9750
2650,0.43125,1.3031711898379197,1.4623435222772179,8540,9584
2651,0.43137499999999995,1.2879062482187804,1.4384245694218196,8440,9427
2652,0.4315,1.2731088740199104,1.414588665261736,8343,9271
2653,0.43162500000000004,1.257537046680863,1.3896737886021762,8241,9107
2654,0.43174999999999997,1.2417153373955798,1.364284774620724,8138,8941
2655,0.431875,1.2273414593661023,1.3401993514110473,8044,8783
2656,0.43200000000000005,1.2152415538238486,1.3183228900812323,7964,8640
2657,0.432125,1.204398327415749,1.2977160331505035,7893,8505
2658,0.43225,1.1932530541279012,1.2768961909749463,7820,8368
2659,0.43237499999999995,1.1816728848165625,1.2558043595506652,7744,8230
2660,0.4325,1.171154040911825,1.236007850748814,7675,8100
2661,0.43262500000000004,1.1630109530260837,1.218888968550229,7622,7988
2662,0.43274999999999997,1.156786753825764,1.204055091013075,7581,7891
2663,0.432875,1.1508464247952377,1.1899313953799142,7542,7798
2664,0.43300000000000005,1.1444214266158144,1.1758051393475284,7500,7706
2665,0.433125,1.1385812815910177,1.1627968729221405,7462,7621
2666,0.43325,1.134931526819908,1.1525581119979975,7438,7553
2667,0.43337499999999995,1.1336461506751903,1.1453034644871678,7429,7506
2668,0.4335,1.1332643934973112,1.139607226971485,7427,7469
2669,0.43362500000000004,1.1325013842756768,1.1342137789440014,7422,7433
2670,0.43374999999999997,1.1318376816017923,1.1296269994967736,7418,7403
2671,0.433875,1.1329259341998483,1.1275167593788347,7425,7389
2672,0.43400000000000005,1.1365463234459472,1.1286743213461687,7448,7397
2673,0.434125,1.141634822573934,1.1320405091493844,7482,7419
2674,0.43425,1.1465853546433407,1.136007905795445,7514,7445
2675,0.43437499999999996,1.151217233939462,1.1403882853972942,7545,7474
2676,0.4345,1.156978513366371,1.146616081735386,7582,7514
2677,0.43462500000000004,1.1651352633561427,1.15593773876348,7636,7576
2678,0.43474999999999997,1.1751822141997887,1.1678225514807188,7702,7653
2679,0.434875,1.185436049821249,1.18055611097895,7769,7737
2680,0.43500000000000005,1.195080181559212,1.1932853488076351,7832,7820
2681,0.435125,1.2051364825058795,1.2069904988717721,7898,7910
2682,0.43525,1.2171633762723442,1.223183521789896,7977,8016
2683,0.43537499999999996,1.2312884284163752,1.2419409949283593,8069,8139
2684,0.4355,1.2460052732562694,1.261701431248733,8166,8269
2685,0.43562500000000004,1.2599844066328905,1.2810764347533463,8257,8396
2686,0.43574999999999997,1.2736628419622857,1.3004407951082273,8347,8523
2687,0.435875,1.2886509260584336,1.3213397216799256,8445,8660
2688,0.43600000000000005,1.3056878843168154,1.3444448628178196,8557,8811
2689,0.436125,1.3236702325125074,1.3685831814666034,8675,8969
2690,0.43625,1.3409540237332238,1.392039699870547,8788,9123
2691,0.43637499999999996,1.3573224377932582,1.414525587312979,8895,9270
2692,0.4365,1.374189202794094,1.4373820906932055,9006,9420
2693,0.43662500000000004,1.3927880156465606,1.4617704758896666,9128,9580
2694,0.43674999999999997,1.4125832428536036,1.4870832360948614,9258,9746
2695,0.436875,1.431863347752122,1.5115380497855222,9384,9906
2696,0.43700000000000006,1.449785706304017,1.5342230899070697,9501,10055
2697,0.437125,1.467348465113451,1.5560694095359187,9616,10198
2698,0.43725,1.4860886552329324,1.5785495225369246,9739,10345
2699,0.43737499999999996,1.5061148959562378,1.601710618904185,9870,10497
2700,0.4375,1.525904329385775,1.6239719278557638,10000,10643
2701,0.43762500000000004,1.5441135128620336,1.6439360929585356,10120,10774
2702,0.43775,1.5611680653752027,1.6619791978394607,10231,10892
2703,0.437875,1.578669569129804,1.6796581093941385,10346,11008
2704,0.43800000000000006,1.5973510877988182,1.6976663163450176,10468,11126
2705,0.438125,1.6161056490819925,1.7148628010359923,10591,11239
2706,0.43825000000000003,1.6332884477391416,1.7295744953746182,10704,11335
2707,0.43837499999999996,1.6486844899118118,1.7415642517383518,10805,11414
2708,0.4385,1.6637119543402827,1.7522343828756566,10903,11483
2709,0.43862500000000004,1.6796116512661519,1.762816375855176,11008,11553
2710,0.43875,1.69585764715638,1.7727816161558525,11114,11618
2711,0.438875,1.7107507133278697,1.7804350124881314,11212,11668
2712,0.43900000000000006,1.7234630508868383,1.784959738551905,11295,11698
2713,0.439125,1.7350101528715438,1.78738918697039,11371,11714
2714,0.43925000000000003,1.7469488135180213,1.7893049115466602,11449,11726
2715,0.43937499999999996,1.759409818875353,1.7908693216091804,11530,11737
2716,0.4395,1.7708947644175728,1.7906223494966096,11606,11735
2717,0.43962500000000004,1.7800869171610283,1.7872922266911107,11666,11713
2718,0.43975,1.787440734132272,1.7813847717370936,11714,11674
2719,0.439875,1.7945887168676338,1.7745900694480594,11761,11630
2720,0.44000000000000006,1.802296792298242,1.7677375454527549,11812,11585
2721,0.440125,1.8094927320800485,1.7598241233999932,11859,11533
2722,0.44025000000000003,1.8145682105121772,1.7493159072228497,11892,11464
2723,0.44037499999999996,1.8173463702578996,1.7361154024133316,11910,11378
2724,0.4405,1.8192850324768994,1.721764289365633,11923,11284
2725,0.44062500000000004,1.8216660627365608,1.707632368984897,11938,11191
2726,0.44075,1.824005840532375,1.693327543993831,11954,11097
2727,0.440875,1.8246486016917034,1.6772886734704393,11958,10992
2728,0.44100000000000006,1.822811005892937,1.6588296117560986,11946,10871
2729,0.441125,1.8195538806843965,1.6391104069977522,11925,10742
2730,0.44125000000000003,1.816480073043926,1.6198345958003704,11904,10616
2731,0.44137499999999996,1.8137670114421958,1.6012811736091792,11887,10494
2732,0.4415,1.809963367398063,1.5821006839680374,11862,10368
2733,0.44162500000000005,1.8037997802211254,1.5611253179952247,11821,10231
2734,0.44175,1.7957782229888575,1.5389577060952786,11769,10086
2735,0.441875,1.787578712564353,1.5173769826857648,11715,9944
2736,0.44200000000000006,1.7800145434297434,1.4972934574306465,11666,9813
2737,0.442125,1.7720605572326618,1.477776233682852,11613,9685
2738,0.44225000000000003,1.7621550608990815,1.4573545891975774,11548,9551
2739,0.44237499999999996,1.7501672391414087,1.4359847462742963,11470,9411
2740,0.4425,1.7376002337500727,1.4152524519765082,11388,9275
2741,0.44262500000000005,1.7257803547783086,1.3965615702576832,11310,9153
2742,0.44275,1.7142674297959082,1.3795439828865037,11235,9041
2743,0.442875,1.7014479919884637,1.3626521960591294,11151,8930
2744,0.44300000000000006,1.6865797394632194,1.3452034135341038,11053,8816
2745,0.443125,1.6707631273171129,1.3283505984252162,10950,8705
2746,0.44325000000000003,1.6556391243673667,1.3137799160622081,10850,8610
2747,0.44337499999999996,1.6414216275209266,1.3017426820029299,10757,8531
2748,0.4435,1.626694043051753,1.290851710371498,10661,8460
2749,0.44362500000000005,1.610219869757584,1.279891506056814,10553,8388
2750,0.44375,1.5925320001972527,1.2694074208462052,10437,8319
2751,0.443875,1.5753392970066933,1.2611119241715596,10324,8265
2752,0.44399999999999995,1.5594817783266228,1.2558397362741667,10220,8230
2753,0.444125,1.5439587632098337,1.2525757616914202,10118,8209
2754,0.44425000000000003,1.5272307582565448,1.2497570194430934,10009,8190
2755,0.44437499999999996,1.5091867571062123,1.2472398305834993,9891,8174
2756,0.4445,1.4913473055645694,1.246503023544475,9774,8169
2757,0.44462500000000005,1.4750536123173978,1.248837037132612,9667,8184
2758,0.44475,1.4598779015038268,1.2537545086701776,9567,8217
2759,0.444875,1.4442165141557508,1.259583473977927,9465,8255
2760,0.44499999999999995,1.4273343882620972,1.2655121748860962,9354,8294
2761,0.445125,1.4103365790825904,1.2725607841130888,9243,8340
2762,0.44525000000000003,1.3948660538143842,1.2822796136795895,9141,8404
2763,0.44537499999999997,1.381136050021273,1.2947817813907114,9051,8485
2764,0.4455,1.3677267115504135,1.3085403392166934,8964,8576
2765,0.44562500000000005,1.353395632274294,1.3221992237768547,8870,8665
2766,0.44575,1.3386672279894731,1.3361631899736304,8773,8757
2767,0.445875,1.3252392903479584,1.3520048633700026,8685,8860
2768,0.44599999999999995,1.3139382580882124,1.3704206313092335,8611,8981
2769,0.446125,1.3037473573795655,1.3902593643642653,8544,9111
2770,0.44625000000000004,1.293108588334561,1.4098250683285596,8475,9239
2771,0.44637499999999997,1.2818900368344726,1.428844848873198,8401,9364
2772,0.4465,1.2715890523636055,1.4486727866999267,8333,9494
2773,0.44662500000000005,1.2635213883099985,1.4704797897955693,8281,9637
2774,0.44675,1.2572316786731497,1.49366478465119,8239,9789
2775,0.446875,1.251086585983744,1.5164486212344517,8199,9938
2776,0.44699999999999995,1.2443194153837718,1.5379194035398787,8155,10079
2777,0.447125,1.238001697741677,1.559004859697535,8113,10217
2778,0.44725000000000004,1.2337411265474003,1.581170981803492,8085,10362
2779,0.44737499999999997,1.2317139946858466,1.6044552636477798,8072,10515
2780,0.4475,1.2304619790231248,1.627264159282956,8064,10664
2781,0.44762500000000005,1.2287027770615468,1.64818451812511,8052,10802
2782,0.44775,1.2269196320962115,1.6675737401326138,8041,10929
2783,0.447875,1.226767993470225,1.6869672153857946,8040,11056
2784,0.44799999999999995,1.2290309437413443,1.7070343230506522,8055,11187
2785,0.448125,1.2326474574326687,1.7266074339264064,8078,11315
2786,0.44825000000000004,1.2360145442139845,1.743984553993591,8100,11429
2787,0.44837499999999997,1.2389546897340722,1.7588974576665621,8120,11527
2788,0.4485,1.24291918890279,1.77271543816341,8146,11618
2789,0.44862500000000005,1.24917742418187,1.7866352118889204,8187,11709
2790,0.44875,1.2572274945788369,1.8000918710153395,8239,11797
2791,0.448875,1.2653895088078828,1.8113527226779247,8293,11871
2792,0.44899999999999995,1.2728503465925585,1.819562272005876,8342,11925
2793,0.449125,1.2806353924469591,1.8257144096730777,8393,11965
2794,0.44925000000000004,1.290306612890069,1.8313506026881696,8456,12002
2795,0.44937499999999997,1.3019951474128404,1.836592836450826,8533,12036
2796,0.4495,1.3141982247259953,1.839940532348849,8613,12058
2797,0.44962500000000005,1.3255899551915533,1.840081580210075,8687,12059
2798,0.44975,1.3366109773355552,1.837481872194001,8760,12042
2799,0.449875,1.3488752734952054,1.8337922412214314,8840,12018
2800,0.44999999999999996,1.3631257065163223,1.8298037717274511,8933,11992
2801,0.450125,1.3782624315450693,1.8244762131955936,9033,11957
2802,0.45025000000000004,1.392645135541705,1.8162398834514877,9127,11903
2803,0.45037499999999997,1.406060626862898,1.8049631376105162,9215,11829
2804,0.4505,1.4199262504688683,1.7921553421963303,9306,11745
2805,0.45062500000000005,1.435479308783485,1.779156054163827,9408,11660
2806,0.45075,1.4521877571759905,1.7655451780987568,9517,11571
2807,0.450875,1.468343631695283,1.7497360345924515,9623,11467
2808,0.45099999999999996,1.483107860585554,1.7310195460828617,9720,11344
2809,0.451125,1.497482122926788,1.7105356247406729,9814,11210
2810,0.45125000000000004,1.5130069591527389,1.6899705816592097,9916,11075
2811,0.45137499999999997,1.5297944755637334,1.6695892576821985,10026,10942
2812,0.4515,1.5463252765454705,1.6480311920877098,10134,10801
2813,0.45162500000000005,1.561259357772474,1.6241208498161561,10232,10644
2814,0.45175,1.5750257511522547,1.5984564555594678,10322,10476
2815,0.451875,1.589229427168206,1.572816150446489,10415,10308
2816,0.45199999999999996,1.6046068124815542,1.5481126674948356,10516,10146
2817,0.452125,1.6200542732144039,1.523421003883068,10617,9984
2818,0.45225000000000004,1.6339303180733928,1.4972797674642735,10708,9813
2819,0.45237499999999997,1.6460232432796502,1.4696579610932734,10787,9632
2820,0.4525,1.6577544945402087,1.4421574908273136,10864,9451
2821,0.45262500000000006,1.670368126373791,1.4162017319327056,10947,9281
2822,0.45275,1.6833414281720684,1.39144532141972,11032,9119
2823,0.452875,1.6949783729900105,1.3663666984431506,11108,8955
2824,0.45299999999999996,1.7044543443205176,1.3403120349414355,11170,8784
2825,0.453125,1.7127879980717164,1.3144661922101188,11225,8614
2826,0.45325000000000004,1.7215392740806958,1.2905499901975745,11282,8458
2827,0.453375,1.7308420861560825,1.2688520132253827,11343,8316
2828,0.4535,1.7392011422668467,1.2480247574345218,11398,8179
2829,0.45362500000000006,1.745302805604607,1.2268946463680033,11438,8041
2830,0.45375,1.7496046158742362,1.2060509632524794,11466,7904
2831,0.45387500000000003,1.753742142183284,1.1872519143080515,11493,7781
2832,0.45399999999999996,1.75848436691668,1.1713795199996024,11524,7677
2833,0.454125,1.762762102831102,1.1574673144523573,11552,7586
2834,0.45425000000000004,1.7649700540557267,1.1440020209859616,11567,7497
2835,0.454375,1.7649343788875,1.1308904837412672,11567,7411
2836,0.4545,1.764115903029505,1.1196626112636667,11561,7338
2837,0.45462500000000006,1.7637994818275053,1.1116602069932588,11559,7285
2838,0.45475,1.763504472859205,1.106447294356854,11557,7251
2839,0.45487500000000003,1.7615780738626277,1.1024030333144421,11545,7225
2840,0.45499999999999996,1.757239893232841,1.0987662694081453,11516,7201
2841,0.455125,1.7515536887228869,1.0966069701877366,11479,7187
2842,0.45525000000000004,1.7461252218446137,1.0975241855555407,11443,7193
2843,0.455375,1.7411348137383382,1.1016784268224689,11411,7220
2844,0.4555,1.7351340093979808,1.1075885630208173,11371,7259
2845,0.45562500000000006,1.7268562953228843,1.1139424910357396,11317,7300
2846,0.45575,1.7168064679668131,1.1211868584588691,11251,7348
2847,0.45587500000000003,1.7066673357585838,1.1309338486050293,11185,7412
2848,0.45599999999999996,1.6972549551939868,1.143916886987239,11123,7497
2849,0.456125,1.6875468914811538,1.1590191140586308,11060,7596
2850,0.45625000000000004,1.675984138693252,1.1745758829955881,10984,7698
2851,0.456375,1.6624385224882516,1.1903424995839371,10895,7801
2852,0.4565,1.6484157812256555,1.2076979772595695,10803,7915
2853,0.45662500000000006,1.6352447665057703,1.227834693317592,10717,8047
2854,0.45675,1.6224877940489957,1.250169497048511,10633,8193
2855,0.45687500000000003,1.6085338203358104,1.2729374515817264,10542,8342
2856,0.45699999999999996,1.5926429033623952,1.295237120523842,10438,8488
2857,0.457125,1.575917782493875,1.3180028113567472,10328,8638
2858,0.45725000000000005,1.5600016365020621,1.3427032118273057,10224,8800
2859,0.457375,1.545110485035445,1.3693745401174278,10126,8974
2860,0.4575,1.5298297711027284,1.3964180408705893,10026,9152
2861,0.45762500000000006,1.512924930730638,1.4224113737957313,9915,9322
2862,0.45775,1.4949306953547048,1.4476988467436722,9797,9488
2863,0.45787500000000003,1.4775576541346516,1.4737988508890933,9683,9659
2864,0.45799999999999996,1.4616474405383324,1.501359976694335,9579,9839
2865,0.458125,1.4462008633557768,1.5291900543031447,9478,10022
2866,0.45825000000000005,1.4296797945540822,1.5555589510006693,9370,10195
2867,0.458375,1.4119744541046315,1.5801667838031963,9254,10356
2868,0.4585,1.3946064764570012,1.6043478576521655,9140,10514
2869,0.45862500000000006,1.3789180064471802,1.629260688988776,9037,10678
2870,0.45875,1.364482053412906,1.6542991763254795,8942,10842
2871,0.45887500000000003,1.349695577825705,1.67768659600197,8845,10995
2872,0.45899999999999996,1.3338239731605583,1.6985208289590605,8741,11131
2873,0.459125,1.3179725715475314,1.7177467389366283,8637,11257
2874,0.45925000000000005,1.3037844405757166,1.7368546277702408,8544,11383
2875,0.459375,1.2914727273570725,1.7559133981713366,8464,11508
2876,0.4595,1.2796172969800774,1.7733677511375496,8386,11622
2877,0.45962499999999995,1.2669752623392614,1.787849464554267,8303,11717
2878,0.45975,1.2540703590340876,1.7997672163960123,8219,11795
2879,0.45987500000000003,1.2425994859992573,1.8107137895387664,8143,11867
2880,0.45999999999999996,1.2333879802594354,1.8214216752819605,8083,11937
2881,0.460125,1.2254177447416341,1.830791767874531,8031,11998
2882,0.46025000000000005,1.2171292388892136,1.8371955579010937,7977,12040
2883,0.460375,1.2083887788815675,1.8404428908979364,7919,12062
2884,0.4605,1.2006917201948648,1.8419852227856377,7869,12072
2885,0.46062499999999995,1.1953515873758025,1.8431050911216333,7834,12079
2886,0.46075,1.1919105561402141,1.8433265388996052,7811,12080
2887,0.46087500000000003,1.1887325919917986,1.8410084715500727,7790,12065
2888,0.46099999999999997,1.1850480703870028,1.835389089024293,7766,12028
2889,0.461125,1.181925351915153,1.8275575526209347,7746,11977
2890,0.46125000000000005,1.1809687259916606,1.819151614835998,7740,11922
2891,0.461375,1.182350841192104,1.8103900135778532,7749,11865
2892,0.4615,1.1846094973587191,1.7998688312326627,7763,11796
2893,0.46162499999999995,1.1864582774306143,1.786371964200274,7776,11707
2894,0.46175,1.1883760808385444,1.7704601130217872,7788,11603
2895,0.46187500000000004,1.19201378065589,1.7538771552285597,7812,11494
2896,0.46199999999999997,1.1981496597058139,1.7375049391466575,7852,11387
2897,0.462125,1.2057176680187855,1.7203911416929838,7902,11275
2898,0.46225000000000005,1.213109575627898,1.70105069300743,7950,11148
2899,0.462375,1.2201424139944723,1.6794327118378185,7996,11006
2900,0.4625,1.2282618195355066,1.6571230499272018,8050,10860
2901,0.46262499999999995,1.2387313144512266,1.6355329715358782,8118,10719
2902,0.46275,1.2510429465417194,1.6143089394224581,8199,10580
2903,0.46287500000000004,1.263510586886474,1.591925228959091,8281,10433
2904,0.46299999999999997,1.275314702479323,1.56772780957504,8358,10274
2905,0.463125,1.2874740965299378,1.542905333852172,8438,10112
2906,0.46325000000000005,1.301543997440176,1.5191863159899275,8530,9956
2907,0.463375,1.317648658291259,1.4968709283593251,8635,9810
2908,0.4635,1.3342782851924821,1.4746270183761827,8744,9664
2909,0.46362499999999995,1.3500998402107978,1.451300073641312,8848,9511
2910,0.46375,1.3655467002203476,1.427501986646285,8949,9355
2911,0.46387500000000004,1.3822254849827769,1.4050170276752787,9059,9208
2912,0.46399999999999997,1.4008716063053759,1.3847565350071154,9181,9075
2913,0.464125,1.4203776941365454,1.3657864861364108,9309,8951
2914,0.46425000000000005,1.4390958485427727,1.346628943028269,9431,8825
2915,0.464375,1.4568052453807543,1.327228820766225,9547,8698
2916,0.4645,1.4749155638412157,1.309156576492016,9666,8580
2917,0.46462499999999995,1.4946564250790184,1.2937968458902824,9795,8479
2918,0.46475,1.5154880997709068,1.2807584946586357,9932,8394
2919,0.46487500000000004,1.5356949551745238,1.2684673144537189,10064,8313
2920,0.46499999999999997,1.5544302783195052,1.2562102851283383,10187,8233
2921,0.465125,1.5726881553842846,1.2451067689708688,10307,8160
2922,0.46525000000000005,1.5920015933464982,1.2368061771159031,10433,8106
2923,0.465375,1.6124752464815426,1.2315200903046286,10568,8071
2924,0.4655,1.6325823590279451,1.2278188603564764,10699,8047
2925,0.46562499999999996,1.6509756814485537,1.2244420117194854,10820,8025
2926,0.46575,1.6680771249920943,1.2218876748047696,10932,8008
2927,0.46587500000000004,1.6854846879737286,1.221819098180481,11046,8007
2928,0.46599999999999997,1.7039279820255122,1.2250200769585478,11167,8028
2929,0.466125,1.7222967399917426,1.2304231546027746,11287,8064
2930,0.46625000000000005,1.7389430265962504,1.236411859910405,11396,8103
2931,0.466375,1.753648908444183,1.2427881839373722,11493,8145
2932,0.4665,1.767829822302534,1.2509760970000452,11586,8198
2933,0.46662499999999996,1.7827240597325407,1.262210955798516,11683,8272
2934,0.46675,1.7978033981049735,1.275950401255562,11782,8362
2935,0.46687500000000004,1.8113665747008796,1.290467870740159,11871,8457
2936,0.46699999999999997,1.8225840169735041,1.3048977065225549,11944,8552
2937,0.467125,1.8324697296055998,1.3202071941755826,12009,8652
2938,0.46725000000000005,1.8425793079440247,1.3378950565667767,12076,8768
2939,0.467375,1.8530426526550414,1.3580244282630656,12144,8900
2940,0.4675,1.8623607901817314,1.3790202478373015,12205,9038
2941,0.46762499999999996,1.869216757716447,1.3994805038963811,12250,9172
2942,0.46775,1.8740651230356946,1.4197664051635759,12282,9305
2943,0.46787500000000004,1.878538860365167,1.441409709494156,12311,9446
2944,0.46799999999999997,1.8834047310193716,1.4650688187323664,12343,9601
2945,0.468125,1.8875917223104932,1.4895577517579683,12371,9762
2946,0.46825000000000006,1.8894931034963895,1.513148962974716,12383,9917
2947,0.468375,1.8889340090119433,1.5355415279180327,12379,10063
2948,0.4685,1.8873746448167754,1.558065143942942,12369,10211
2949,0.46862499999999996,1.886099669482061,1.581870167827479,12361,10367
2950,0.46875,1.8846286580508915,1.6063388887311716,12351,10527
2951,0.46887500000000004,1.8813094570369315,1.6296795787209888,12329,10680
2952,0.469,1.8753627443723497,1.6509718593832516,12290,10820
2953,0.469125,1.867853783220671,1.6711391743531399,12241,10952
2954,0.46925000000000006,1.8603902640476084,1.691647418642749,12192,11086
2955,0.469375,1.853154873482317,1.7125382332475836,12145,11223
2956,0.46950000000000003,1.84470194449037,1.732226406780382,12089,11352
2957,0.46962499999999996,1.8337681847547371,1.7493113204847097,12018,11464
2958,0.46975,1.8208620294285243,1.7641670011930308,11933,11562
2959,0.46987500000000004,1.8076703515010195,1.778349523447921,11847,11655
2960,0.47,1.7950136806479262,1.7925528631006649,11764,11748
2961,0.470125,1.781874469738488,1.8056378156534267,11678,11833
2962,0.47025000000000006,1.766698996318305,1.8159344543877451,11578,11901
2963,0.470375,1.7493647686320863,1.823210134309763,11465,11949
2964,0.47050000000000003,1.7313835867770244,1.8288730210196913,11347,11986
2965,0.47062499999999996,1.7140907439348725,1.8341618233158246,11233,12020
2966,0.47075,1.6970553561473374,1.8385564929687201,11122,12049
2967,0.47087500000000004,1.678673537012399,1.8403718532282844,11001,12061
2968,0.471,1.6582128363632034,1.8388023032123284,10867,12051
2969,0.471125,1.6367838155411856,1.8348937602800683,10727,12025
2970,0.47125000000000006,1.6160377825667283,1.8302415523945055,10591,11995
2971,0.471375,1.5961991864174738,1.8250230856950946,10461,11960
2972,0.47150000000000003,1.5758621760496272,1.8177944503821954,10328,11913
2973,0.47162499999999996,1.5538011603040123,1.8073011552154195,10183,11844
2974,0.47175,1.5305600864443922,1.7940673432149905,10031,11758
2975,0.47187500000000004,1.5078589902378652,1.7798024150321763,9882,11664
2976,0.472,1.48654915851079,1.7653560220040077,9742,11569
2977,0.472125,1.4656412455449996,1.7497461542766533,9605,11467
2978,0.47225000000000006,1.4436071369501193,1.7314607338711343,9461,11347
2979,0.472375,1.4203472176156253,1.7104247548699767,9308,11209
2980,0.47250000000000003,1.3973934144719355,1.6882029616125365,9158,11064
2981,0.47262499999999996,1.376098273413652,1.6661887027010234,9018,10920
2982,0.47275,1.3560452901991513,1.6440138131255548,8887,10774
2983,0.47287500000000005,1.3356419761561935,1.6201413684002846,8753,10618
2984,0.473,1.3141643175590174,1.5939096222853597,8613,10446
2985,0.473125,1.2927282586003115,1.5665030980354648,8472,10266
2986,0.47325000000000006,1.2729874766493667,1.5396497819635224,8343,10090
2987,0.473375,1.2551657020881042,1.513652981691994,8226,9920
2988,0.47350000000000003,1.2378533363838664,1.4871873165491747,8112,9746
2989,0.47362499999999996,1.219817956364313,1.4591087022405855,7994,9562
2990,0.47375,1.2015936701099466,1.430043048033489,7875,9372
2991,0.47387500000000005,1.184887630937389,1.4017922062314927,7765,9187
2992,0.474,1.1705352947225405,1.3752885552609335,7671,9013
2993,0.474125,1.1575285202179122,1.349622504651971,7586,8845
2994,0.47425000000000006,1.144317543997482,1.3233437959206513,7499,8673
2995,0.474375,1.1307782525870949,1.2964281632495385,7411,8496
2996,0.47450000000000003,1.1184153512907087,1.2704798439727258,7330,8326
2997,0.47462499999999996,1.1085514655394657,1.2469200673697691,7265,8172
2998,0.47475,1.1007376113472034,1.2253968975443634,7214,8031
2999,0.47487500000000005,1.0933463054306662,1.204377744838351,7165,7893
3000,0.475,1.0856161759599319,1.1831933939701418,7115,7754
3001,0.475125,1.0786235094289576,1.163008980602437,7069,7622
3002,0.47524999999999995,1.0739801872802817,1.1455214033604517,7038,7507
3003,0.475375,1.0718660883776459,1.1309911982233094,7025,7412
3004,0.47550000000000003,1.070825876486035,1.1180388709938789,7018,7327
3005,0.47562499999999996,1.0695796049434505,1.1054550288733764,7010,7245
3006,0.47575,1.068612247943283,1.0937895362144214,7003,7168
3007,0.47587500000000005,1.0695803314771504,1.084757738762168,7010,7109
3008,0.476,1.0732673698927462,1.0791956121253654,7034,7073
3009,0.476125,1.078612098329587,1.0760876637020798,7069,7052
3010,0.47624999999999995,1.0840106285521496,1.0738688937338605,7104,7038
3011,0.476375,1.0892838667646818,1.0723919667567294,7139,7028
3012,0.47650000000000003,1.0958808627616587,1.073130462924234,7182,7033
3013,0.47662499999999997,1.1050680687645233,1.0773679805541498,7242,7061
3014,0.47675,1.116339987420423,1.084608784599359,7316,7108
3015,0.47687500000000005,1.1280124493025905,1.0931710216942083,7393,7164
3016,0.477,1.139267396233848,1.1022316012797042,7466,7224
3017,0.477125,1.1511246033944675,1.112797950601147,7544,7293
3018,0.47724999999999995,1.1651397814160382,1.1264063086757643,7636,7382
3019,0.477375,1.181437159812647,1.1431544371737101,7743,7492
3020,0.47750000000000004,1.1985064307745943,1.1614988446950096,7855,7612
3021,0.47762499999999997,1.2150135383102796,1.1800657948612203,7963,7734
3022,0.47775,1.2313903547423701,1.199241344369243,8070,7859
3023,0.47787500000000005,1.2492414973760206,1.2205784648403777,8187,7999
3024,0.478,1.2692998973577136,1.2447530448833506,8318,8158
3025,0.478125,1.2904552168167307,1.2705926912884318,8457,8327
3026,0.47824999999999995,1.311056122427889,1.2963794963428714,8592,8496
3027,0.478375,1.3308778846464457,1.3218180907073704,8722,8663
3028,0.47850000000000004,1.3513258285336243,1.3482396360354545,8856,8836
3029,0.47862499999999997,1.3736247684988532,1.376791771950875,9002,9023
3030,0.47875,1.397229740629973,1.4068499245888662,9157,9220
3031,0.47887500000000005,1.420419448420412,1.4366113106959395,9309,9415
3032,0.479,1.4423411120014984,1.465140383067989,9453,9602
3033,0.479125,1.4639823487262127,1.4933413020128066,9594,9787
3034,0.47924999999999995,1.486869321894375,1.5226566853918568,9744,9979
3035,0.479375,1.5110994709535672,1.5531009477131565,9903,10178
3036,0.47950000000000004,1.5351384820273482,1.5830578620887792,10061,10375
3037,0.47962499999999997,1.5576312103072745,1.611092094512272,10208,10558
3038,0.47975,1.578991363010675,1.6375394535964516,10348,10732
3039,0.47987500000000005,1.600808434130286,1.6639144250036733,10491,10905
3040,0.48,1.6238032593543752,1.6908662543160593,10642,11081
3041,0.480125,1.646856534656732,1.717208038078668,10793,11254
3042,0.48024999999999995,1.6683110556436653,1.7412194389998386,10933,11411
3043,0.480375,1.6879394003437396,1.7626148994708477,11062,11551
3044,0.48050000000000004,1.7071473259136012,1.782747449987558,11188,11683
3045,0.48062499999999997,1.7271632679996765,1.8027986838912702,11319,11815
3046,0.48075,1.7474489996636777,1.8221897533421514,11452,11942
3047,0.48087500000000005,1.7662931219844804,1.839175267513648,11576,12053
3048,0.481,1.7828558214581869,1.8528883036031984,11684,12143
3049,0.481125,1.798140775145384,1.8643126408389445,11784,12218
3050,0.48124999999999996,1.813693190222478,1.874980963406981,11886,12288
3051,0.481375,1.8296325381184368,1.8850078355230118,11991,12354
3052,0.48150000000000004,1.8444493998292182,1.89288661522833,12088,12405
3053,0.48162499999999997,1.856816371555867,1.8973005058291406,12169,12434
3054,0.48175,1.867177607909959,1.8987120702851104,12237,12443
3055,0.48187500000000005,1.8771557194130164,1.8987701743327376,12302,12444
3056,0.482,1.887507174809365,1.8982652626007257,12370,12440
3057,0.482125,1.8971507623561352,1.8961577626037731,12433,12427
3058,0.48224999999999996,1.9044696655529774,1.8908799391473319,12481,12392
3059,0.482375,1.9092790692771304,1.882303339888325,12513,12336
3060,0.48250000000000004,1.9130293838457157,1.8719417074927471,12537,12268
3061,0.48262499999999997,1.9169956493030038,1.8611401221277033,12563,12197
3062,0.48275,1.9206880147746852,1.849485085080792,12587,12121
3063,0.48287500000000005,1.9224451167392187,1.8353975384633365,12599,12028
3064,0.483,1.921478652116727,1.8181769675419337,12593,11916
3065,0.483125,1.9188451552074608,1.7989727290957402,12575,11790
3066,0.48324999999999996,1.916143850442194,1.7794813690610651,12558,11662
3067,0.483375,1.913549244007636,1.759978684503113,12541,11534
3068,0.48350000000000004,1.9096077821546282,1.7391157947744218,12515,11397
3069,0.48362499999999997,1.903048601776793,1.7157292923066094,12472,11244
3070,0.48375,1.8943728886951468,1.6904299753624314,12415,11078
3071,0.48387500000000006,1.8852606094612,1.665008922628077,12355,10912
3072,0.484,1.8765257331038185,1.6403920657560955,12298,10750
3073,0.484125,1.8671445181300428,1.6156677759404325,12237,10588
3074,0.48424999999999996,1.8555574142631497,1.5893881082081573,12161,10416
3075,0.484375,1.8416364878485785,1.561535498587431,12069,10234
3076,0.48450000000000004,1.8268884806404548,1.533725173000589,11973,10051
3077,0.484625,1.8126440291542574,1.5073936268275636,11879,9879
3078,0.48475,1.7984679894990825,1.4822083231977743,11786,9714
3079,0.48487500000000006,1.782752628797204,1.4566601498302936,11683,9546
3080,0.485,1.7647620564134172,1.4301072625169406,11566,9372
3081,0.48512500000000003,1.7456038144382915,1.4037459631249878,11440,9200
3082,0.48524999999999996,1.7269266029971113,1.3793078906771286,11318,9039
3083,0.485375,1.7089526881275414,1.357091755486622,11200,8894
3084,0.48550000000000004,1.6902744486447747,1.3357594189708,11077,8754
3085,0.485625,1.6696649479591772,1.3141458464773497,10942,8612
3086,0.48575,1.64766719830171,1.2928479839092082,10798,8473
3087,0.48587500000000006,1.6260007209718055,1.273630768753746,10656,8347
3088,0.486,1.605516692582326,1.25738197877129,10522,8240
3089,0.48612500000000003,1.5852260698419978,1.2431398910148146,10389,8147
3090,0.48624999999999996,1.5636014352950838,1.2293949287104555,10247,8057
3091,0.486375,1.5405442718628024,1.2160565655169846,10096,7970
3092,0.48650000000000004,1.517587985841851,1.2046562548587267,9946,7895
3093,0.486625,1.4960869886238026,1.196536246923878,9805,7842
3094,0.48675,1.4756270064085408,1.1912599140748692,9671,7807
3095,0.48687500000000006,1.4546181489360588,1.1872046683092679,9533,7780
3096,0.487,1.4323393464705827,1.1836065250254115,9387,7757
3097,0.48712500000000003,1.4099098340712855,1.1815315549713241,9240,7743
3098,0.48724999999999996,1.3889869034768458,1.1825738732050732,9103,7750
3099,0.487375,1.3697982225716503,1.1868880481472879,8977,7778
3100,0.48750000000000004,1.3509384293376994,1.192986039591039,8854,7818
3101,0.487625,1.3311796341673,1.1995479128335387,8724,7861
3102,0.48775,1.3110607511230596,1.2070116151888612,8592,7910
3103,0.48787500000000006,1.2922940084581747,1.21697981821272,8469,7976
3104,0.488,1.2757201810337675,1.230175688406174,8361,8062
3105,0.48812500000000003,1.2603366857761225,1.2454714292650095,8260,8162
3106,0.48824999999999996,1.2445995316793377,1.261190852224217,8157,8265
3107,0.488375,1.2283905857953576,1.2770771965569427,8050,8369
3108,0.48850000000000005,1.2132207173142648,1.2944969646643583,7951,8484
3109,0.488625,1.2004188916187437,1.31462966734808,7867,8616
3110,0.48875,1.1895426164173102,1.336879017276172,7796,8761
3111,0.48887500000000006,1.1789710435499476,1.3594667670616478,7727,8909
3112,0.489,1.1679495560579727,1.3814780841812073,7654,9054
3113,0.48912500000000003,1.157561305861079,1.403833895720495,7586,9200
3114,0.48924999999999996,1.1494251275509932,1.4279896137934238,7533,9358
3115,0.489375,1.1437279309358352,1.4539683899703986,7496,9529
3116,0.48950000000000005,1.1390214667341276,1.48015869886145,7465,9700
3117,0.489625,1.1340329207307025,1.5051258315986964,7432,9864
3118,0.48975,1.129254424497798,1.5292022128002942,7401,10022
3119,0.48987500000000006,1.1263496753818645,1.5538949389197154,7382,10184
3120,0.49,1.126109353889393,1.579841972311923,7380,10354
3121,0.49012500000000003,1.1274793448711762,1.6058412807609148,7389,10524
3122,0.49024999999999996,1.1288628757190902,1.6301537052658985,7398,10683
3123,0.490375,1.1300879227763223,1.6524712654731182,7406,10830
3124,0.49050000000000005,1.1326105445137764,1.6741211585999787,7423,10972
3125,0.490625,1.1377041289453982,1.696255867411705,7456,11117
3126,0.49075,1.144870027422811,1.7182643803239344,7503,11261
3127,0.49087499999999995,1.1524308208265306,1.738366261131576,7553,11393
3128,0.491,1.159575090541223,1.75565691276033,7599,11506
3129,0.49112500000000003,1.1673291294878136,1.7710800172266556,7650,11607
3130,0.49124999999999996,1.1772550337897731,1.7861260142873339,7715,11706
3131,0.491375,1.1894832754722804,1.800865312231638,7795,11802
3132,0.49150000000000005,1.2025096377924922,1.813745494258536,7881,11887
3133,0.491625,1.21500599409289,1.8234026300826016,7963,11950
3134,0.49175,1.2274099778190455,1.830251093280426,8044,11995
3135,0.49187499999999995,1.2413317894303342,1.8358907831517197,8135,12032
3136,0.492,1.2575097607659274,1.8410627074695092,8241,12066
3137,0.49212500000000003,1.2748387630332318,1.8446776774821876,8355,12089
3138,0.49224999999999997,1.2916724778425526,1.8451184658584319,8465,12092
3139,0.492375,1.3077909879546652,1.842207548939627,8571,12073
3140,0.49250000000000005,1.324604227501248,1.8374103126473567,8681,12042
3141,0.492625,1.3433414089516587,1.8320244906202623,8804,12006
3142,0.49275,1.3634617567013463,1.8255905253210756,8936,11964
3143,0.49287499999999995,1.3832479457670261,1.8164848756127938,9065,11905
3144,0.493,1.4018509540618471,1.8039643742072091,9187,11822
3145,0.49312500000000004,1.4202619367085505,1.789137829552745,9308,11725
3146,0.49324999999999997,1.4400103794969572,1.7736635706156225,9437,11624
3147,0.493375,1.461196823578878,1.7577817617668592,9576,11520
3148,0.49350000000000005,1.4822898423079414,1.7401106681092733,9714,11404
3149,0.493625,1.501936958880019,1.7194570327346306,9843,11269
3150,0.49375,1.5205543370576338,1.696404966419016,9965,11118
3151,0.49387499999999995,1.5397337118991457,1.6727222169635678,10091,10962
3152,0.494,1.5601979537655903,1.6493148580238868,10225,10809
3153,0.49412500000000004,1.5808295835847457,1.625255034133991,10360,10651
3154,0.49424999999999997,1.5999730224597988,1.5990822780970637,10486,10480
3155,0.494375,1.6174022717813599,1.5707703265080948,10600,10294
3156,0.49450000000000005,1.6345243212162304,1.5419295569852827,10712,10105
3157,0.494625,1.6525686459819604,1.5139955430724399,10830,9922
3158,0.49475,1.6709978779187198,1.4866387355283268,10951,9743
3159,0.49487499999999995,1.688101294527956,1.4583569495090598,11063,9557
3160,0.495,1.703039589219766,1.428519146133478,11161,9362
3161,0.49512500000000004,1.7168167753473373,1.3983362948378688,11251,9164
3162,0.49524999999999997,1.7309782391429103,1.3695584590473726,11344,8976
3163,0.495375,1.7456434731118158,1.3425064686899564,11440,8798
3164,0.49550000000000005,1.7593029351060208,1.31586785350368,11530,8624
3165,0.495625,1.7706289535053608,1.2885066893013335,11604,8444
3166,0.49575,1.7800652843957159,1.2610522902999435,11666,8264
3167,0.49587499999999995,1.7892340088102898,1.2353050706764266,11726,8096
3168,0.496,1.7988909490733698,1.212191175326085,11789,7944
3169,0.49612500000000004,1.8079541299416928,1.19078994947922,11849,7804
3170,0.49624999999999997,1.8148058682738692,1.169635338926442,11894,7665
3171,0.496375,1.8192603790389912,1.148682568820873,11923,7528
3172,0.49650000000000005,1.822767013085385,1.129510803187941,11946,7402
3173,0.496625,1.8265996612375248,1.1135117050983208,11971,7298
3174,0.49675,1.830267246992483,1.1002994751714972,11995,7211
3175,0.49687499999999996,1.8321071044545387,1.0883034862406613,12007,7132
3176,0.497,1.8313295642809595,1.0768125496054106,12002,7057
3177,0.49712500000000004,1.8289897300610691,1.0669460642077306,11986,6992
3178,0.49724999999999997,1.8266853433297636,1.0603517042028883,11971,6949
3179,0.497375,1.8245893743403196,1.0572375117222605,11958,6929
3180,0.49750000000000005,1.8212466919473775,1.05616853645114,11936,6922
3181,0.497625,1.8153848129779173,1.055877226742897,11897,6920
3182,0.49775,1.8075032713209254,1.0568529174436516,11846,6926
3183,0.49787499999999996,1.7992803481153878,1.0607483493418708,11792,6952
3184,0.498,1.7915283034666991,1.0683351675197064,11741,7001
3185,0.49812500000000004,1.7832216613822456,1.0785321478690195,11687,7068
3186,0.49824999999999997,1.7727991205927005,1.089707518268985,11618,7142
3187,0.498375,1.7601309774120348,1.1016464770720567,11535,7220
3188,0.49850000000000005,1.7467221926851972,1.1157548069815049,11447,7312
3189,0.498625,1.733901608095087,1.13324833963719,11363,7427
3190,0.49875,1.7212322782143124,1.1535639611854658,11280,7560
3191,0.49887499999999996,1.707104658372804,1.1749531965866329,11188,7700
3192,0.499,1.690781042159506,1.1965274345912071,11081,7842
3193,0.49912500000000004,1.673367147854867,1.2192300512673924,10967,7990
3194,0.49924999999999997,1.656509849074471,1.2445350270455713,10856,8156
3195,0.499375,1.6404295781161993,1.2724800174429547,10751,8339
3196,0.49950000000000006,1.623716877246745,1.3014638725484011,10641,8529
3197,0.499625,1.6051429655420404,1.3300579884904873,10519,8717
3198,0.49975,1.5852490066567457,1.3585966063205854,10389,8904
3199,0.49987499999999996,1.5657526636942325,1.3885842533328105,10261,9100
3200,0.5,1.5475032481674178,1.4206519657993049,10142,9310
3201,0.500125,1.5295098390598478,1.453586378796329,10024,9526
3202,0.50025,1.5102431305140518,1.4856326691103376,9898,9736
3203,0.500375,1.4896027003776084,1.5164628596341962,9762,9938
3204,0.5005000000000001,1.469120034450598,1.547379938545056,9628,10141
3205,0.500625,1.4501476020178035,1.5795080152015235,9504,10351
3206,0.50075,1.432269166189362,1.612203703312351,9387,10566
3207,0.500875,1.4138928463426692,1.6436502867937823,9266,10772
3208,0.501,1.3942955551967349,1.6729031861253434,9138,10964
3209,0.501125,1.3745944767892135,1.7008625408590994,9009,11147
3210,0.50125,1.3564448180029751,1.7289719262534295,8890,11331
3211,0.501375,1.3400721218407774,1.7572517502494813,8782,11516
3212,0.5015000000000001,1.32406886066359,1.7840967282583933,8677,11692
3213,0.501625,1.3072049325256465,1.8080874208578466,8567,11849
3214,0.50175,1.2900169914602966,1.8295803443308796,8454,11990
3215,0.501875,1.274214952351825,1.8501154539306395,8351,12125
3216,0.502,1.2606372222109272,1.8703720383891813,8262,12258
3217,0.502125,1.248278790432303,1.8891977062778451,8181,12381
3218,0.50225,1.2355931775804645,1.9049108676256767,8098,12484
3219,0.502375,1.222459696746335,1.9172687914701283,8012,12565
3220,0.5025000000000001,1.2103865964260432,1.9276711404094073,7932,12633
3221,0.502625,1.2007001506262223,1.9373497414386784,7869,12697
3222,0.50275,1.1929551038928814,1.9457792735834898,7818,12752
3223,0.502875,1.1855277699681361,1.9512709186525183,7769,12788
3224,0.503,1.1776606179323512,1.9530170360188688,7718,12799
3225,0.503125,1.1704338076401006,1.9520631109965736,7671,12793
3226,0.50325,1.1654631028323865,1.9500056008480486,7638,12780
3227,0.503375,1.162932262453199,1.9470245922279543,7621,12760
3228,0.5035000000000001,1.1613898059672836,1.9416803450303828,7611,12725
3229,0.503625,1.1595596073956906,1.9327240010955644,7599,12666
3230,0.50375,1.1579304060199207,1.9206867235852976,7589,12587
3231,0.503875,1.158162427438818,1.9072862797157981,7590,12500
3232,0.504,1.16104280133382,1.8933819448805618,7609,12408
3233,0.504125,1.1655137849905535,1.8780025364410355,7638,12308
3234,0.50425,1.169974902299342,1.8596479071968184,7668,12187
3235,0.504375,1.1742503538267217,1.8382560189926347,7696,12047
3236,0.5045000000000001,1.1797923512386146,1.8154055128142097,7732,11897
3237,0.504625,1.1878703697475685,1.7925044856895227,7785,11747
3238,0.50475,1.1979817835956845,1.7692002585312647,7851,11595
3239,0.504875,1.208445138680903,1.7439720445974123,7920,11429
3240,0.505,1.2184449256556769,1.7161747691922995,7985,11247
3241,0.505125,1.2290032988063349,1.687010068803654,8054,11056
3242,0.50525,1.2416781702553574,1.6582233654135492,8137,10867
3243,0.505375,1.256595791921108,1.6301356284824768,8235,10683
3244,0.5055000000000001,1.2722476937575777,1.6014392473741645,8338,10495
3245,0.505625,1.2873014732589745,1.5710079179666951,8436,10296
3246,0.50575,1.3021904687191637,1.5394852256222866,8534,10089
3247,0.505875,1.3185205781420808,1.50869049720372,8641,9887
3248,0.506,1.3370258271189286,1.479573276071416,8762,9697
3249,0.506125,1.3565967901133635,1.4512407325900931,8891,9511
3250,0.50625,1.3755828652074364,1.4222588652695844,9015,9321
3251,0.506375,1.3937598793620545,1.392619072251324,9134,9127
3252,0.5065,1.4125335424751035,1.3639405724297753,9257,8939
3253,0.506625,1.433128889986094,1.3376588125095596,9392,8766
3254,0.50675,1.4550010203345103,1.3134352326745606,9535,8608
3255,0.506875,1.4764285503113777,1.2897497057259284,9676,8453
3256,0.507,1.4965584711477462,1.265944501672014,9808,8296
3257,0.507125,1.5163780403693101,1.243195203253579,9938,8147
3258,0.50725,1.5374129389113664,1.2232080692661214,10076,8016
3259,0.507375,1.5597600141058896,1.2062518606649166,10222,7905
3260,0.5075,1.5818842599133307,1.1909541400404429,10367,7805
3261,0.507625,1.602429753448922,1.1761113688817593,10502,7708
3262,0.50775,1.6218093487356258,1.1622780465428606,10629,7617
3263,0.507875,1.6416116267415508,1.1511729150408507,10758,7544
3264,0.508,1.662556461939827,1.143634107076438,10896,7495
3265,0.508125,1.683523557133439,1.1386470439442382,11033,7462
3266,0.50825,1.702854695035179,1.134646412239334,11160,7436
3267,0.508375,1.720321437998655,1.1314833469062087,11274,7415
3268,0.5085,1.7373285373007175,1.130628713730345,11386,7410
3269,0.508625,1.7551034499022506,1.1333622389282194,11502,7428
3270,0.50875,1.773107010028418,1.139183203354659,11620,7466
3271,0.508875,1.78962693736712,1.1464036995111202,11728,7513
3272,0.509,1.8038226069543521,1.1541935717176226,11822,7564
3273,0.509125,1.8166969718315975,1.163552227101578,11906,7625
3274,0.50925,1.8297946146663269,1.176007000364109,11992,7707
3275,0.509375,1.8432344990399359,1.1916459334783744,12080,7810
3276,0.5095,1.8555068261704413,1.2089150806913225,12160,7923
3277,0.509625,1.8652839570566895,1.22642959674029,12224,8038
3278,0.50975,1.8730099662177475,1.2445638635308518,12275,8156
3279,0.509875,1.880307554766416,1.2648587016261303,12323,8289
3280,0.51,1.8879334621686272,1.2879774666180874,12373,8441
3281,0.510125,1.8948069419087987,1.3127349474670102,12418,8603
3282,0.51025,1.899311845391485,1.3374002314780078,12447,8765
3283,0.510375,1.9012642409767977,1.3616648596118208,12460,8924
3284,0.5105,1.9021156447845315,1.3868469177259346,12466,9089
3285,0.510625,1.903142436156164,1.414081088932313,12472,9267
3286,0.51075,1.9038563421711405,1.4427300592949703,12477,9455
3287,0.510875,1.9025978251360418,1.4709786278282972,12469,9640
3288,0.511,1.898580659152121,1.4978792452587515,12443,9817
3289,0.511125,1.892863714087403,1.5243245894269273,12405,9990
3290,0.51125,1.8870488100410212,1.551746402539007,12367,10170
3291,0.511375,1.8813133136363782,1.580148929807803,12329,10356
3292,0.5115,1.8742067962172508,1.6079065603593792,12283,10538
3293,0.511625,1.864461786559675,1.6335754542978342,12219,10706
3294,0.51175,1.8525831272099649,1.657483861200284,12141,10862
3295,0.511875,1.840254705745027,1.681139738331716,12060,11018
3296,0.512,1.8282946727400715,1.7051868903667236,11982,11175
3297,0.512125,1.8156837254596692,1.7284341331708288,11899,11327
3298,0.51225,1.8008670040249453,1.7491580525160477,11802,11463
3299,0.512375,1.7837215106614843,1.7670712774534658,11690,11581
3300,0.5125,1.7657591612065866,1.7835263178031648,11572,11689
3301,0.512625,1.748315995425365,1.7997055843076455,11458,11795
3302,0.51275,1.7309624929444496,1.8150323984277799,11344,11895
3303,0.512875,1.7120967527658222,1.8277649202620674,11220,11978
3304,0.513,1.6909889141185572,1.83704115771151,11082,12039
3305,0.513125,1.6687527321939426,1.8438512135901857,10936,12084
3306,0.51325,1.6470432917573765,1.8497354709716576,10794,12122
3307,0.513375,1.6260893975251451,1.8548175641930946,10657,12156
3308,0.5135,1.604490108185295,1.857601259622694,10515,12174
3309,0.513625,1.5810252880719478,1.8567814856634672,10361,12169
3310,0.51375,1.5562448576193595,1.8528337993394153,10199,12143
3311,0.513875,1.531875330967946,1.8474212907926577,10039,12107
3312,0.514,1.5087749477252503,1.8413497978189033,9888,12067
3313,0.514125,1.4859617728090375,1.8335962546178517,9738,12017
3314,0.51425,1.4619155272299966,1.8226104721702372,9581,11945
3315,0.514375,1.4365448356014352,1.808282512848141,9415,11851
3316,0.5145,1.4113902339743103,1.7921455177363996,9250,11745
3317,0.514625,1.3878132226874527,1.7755647637414098,9095,11636
3318,0.51475,1.3654065609579116,1.7581476534379221,8948,11522
3319,0.514875,1.3425873051931445,1.7383366365538204,8799,11392
3320,0.515,1.3186412311713234,1.7154532117099839,8642,11242
3321,0.515125,1.2946942866312934,1.690669145585669,8485,11080
3322,0.51525,1.272410328944599,1.6657036854335643,8339,10916
3323,0.515375,1.2520234119810365,1.6408555030253278,8205,10754
3324,0.5155,1.2321343666948876,1.6147986585318443,8075,10583
3325,0.515625,1.2115212702576514,1.5863926267773356,7940,10397
3326,0.51575,1.1907287650787102,1.556270923052525,7804,10199
3327,0.515875,1.1714745359185028,1.526247049130995,7677,10002
3328,0.516,1.1546045314334343,1.4972689616854726,7567,9813
3329,0.5161250000000001,1.1391210263869909,1.4684465288475725,7465,9624
3330,0.51625,1.1234845623838559,1.4383526756266898,7363,9426
3331,0.516375,1.107581181135498,1.4069899522339924,7259,9221
3332,0.5165,1.092925561111543,1.3759928517177271,7163,9018
3333,0.516625,1.0808500797754002,1.346816164474925,7083,8826
3334,0.51675,1.0709152543101608,1.3191445950800662,7018,8645
3335,0.516875,1.0615028128958115,1.2914851004232137,6957,8464
3336,0.517,1.0518602785820155,1.2632106635352522,6893,8279
3337,0.5171250000000001,1.0430724780777236,1.2355310616472284,6836,8097
3338,0.51725,1.0367594547098236,1.2101900011750053,6795,7931
3339,0.517375,1.0331088340944012,1.1874967529379465,6771,7782
3340,0.5175,1.0306725914637112,1.1661221908965096,6755,7642
3341,0.517625,1.028177621298006,1.1449086591123403,6738,7503
3342,0.51775,1.0261152522565888,1.1244588234894843,6725,7369
3343,0.517875,1.0261478452999575,1.1065416117406905,6725,7252
3344,0.518,1.0290642179057443,1.0920470541796494,6744,7157
3345,0.5181250000000001,1.0338078463623004,1.08001388795784,6775,7078
3346,0.51825,1.0387790134351587,1.0689312134779816,6808,7005
3347,0.518375,1.0438021991092747,1.0587053612532782,6841,6938
3348,0.5185,1.0503294258767093,1.0508628482861815,6883,6887
3349,0.518625,1.0596294939473814,1.046739175815125,6944,6860
3350,0.51875,1.0711986297255376,1.0458891989507448,7020,6854
3351,0.518875,1.0833537434694605,1.0466800434267691,7100,6860
3352,0.519,1.0952772174467749,1.0483357300983354,7178,6870
3353,0.5191250000000001,1.1079886122494178,1.0519086446998058,7261,6894
3354,0.51925,1.1230427780187202,1.0589776029987616,7360,6940
3355,0.519375,1.1405624263825707,1.069680295807269,7475,7010
3356,0.5195,1.1590350875501565,1.082510317241468,7596,7094
3357,0.519625,1.1771238924316756,1.09612793219067,7714,7184
3358,0.51975,1.195257266459142,1.1109499554580498,7833,7281
3359,0.519875,1.2150357438172446,1.1285566635656632,7963,7396
3360,0.52,1.2371875574163402,1.1496476784745802,8108,7534
3361,0.5201250000000001,1.2605970582678592,1.17307059401709,8261,7688
3362,0.52025,1.2836070136780888,1.1971236680336765,8412,7845
3363,0.520375,1.3059862133763414,1.2215237396717875,8559,8005
3364,0.5205,1.3291329481886316,1.247610191663973,8711,8176
3365,0.520625,1.3542644562874864,1.2765348039918136,8875,8366
3366,0.52075,1.3808276862052116,1.3076730775785725,9049,8570
3367,0.520875,1.4070927585836046,1.33921818950731,9222,8777
3368,0.521,1.4321978485419986,1.3702264988034976,9386,8980
3369,0.5211250000000001,1.4571210866085798,1.401590014617207,9549,9185
3370,0.52125,1.4833787426059646,1.4347352505027107,9721,9403
3371,0.521375,1.5110579803233395,1.4696566060538694,9903,9632
3372,0.5215,1.538613864753095,1.5047140747121508,10083,9861
3373,0.521625,1.5646803127955793,1.5384448656047578,10254,10082
3374,0.52175,1.589659814017919,1.5711538375963368,10418,10297
3375,0.521875,1.6151303972215285,1.604321164506482,10585,10514
3376,0.522,1.6418012237459694,1.6385586367259173,10760,10738
3377,0.522125,1.6685411410343318,1.6726389235707917,10935,10962
3378,0.52225,1.6936809604401324,1.704798536885492,11100,11173
3379,0.522375,1.716981177716846,1.734706252763114,11252,11369
3380,0.5225,1.739835407771882,1.7636671926183571,11402,11558
3381,0.522625,1.7634599240121902,1.7928130386031826,11557,11749
3382,0.52275,1.7873043543775484,1.8215133204921483,11713,11937
3383,0.522875,1.8096452137437176,1.8479695818984805,11860,12111
3384,0.523,1.829630697013638,1.87126069410469,11991,12263
3385,0.523125,1.8482526273547306,1.8923153796684897,12113,12401
3386,0.52325,1.8670445295509313,1.912610723442646,12236,12534
3387,0.523375,1.8861144080191554,1.9322054526208021,12361,12663
3388,0.5235,1.903941623559367,1.9495371571158127,12478,12776
3389,0.523625,1.9191878431201497,1.963233654767932,12578,12866
3390,0.52375,1.9322866116755777,1.9737028040923432,12663,12935
3391,0.523875,1.944850293546936,1.9825397631752883,12746,12993
3392,0.524,1.9576255002147043,1.990482549338693,12829,13045
3393,0.524125,1.969521594611598,1.9964407540995384,12907,13084
3394,0.52425,1.9789127888240399,1.998797660054433,12969,13099
3395,0.524375,1.985605791855419,1.9973779858281762,13013,13090
3396,0.5245,1.9910430518451137,1.9936510338556164,13048,13066
3397,0.524625,1.996492200099563,1.988920114181079,13084,13035
3398,0.52475,2.0014565444995376,1.9827328315882518,13117,12994
3399,0.524875,2.0042684851468717,1.9734743624102844,13135,12933
3400,0.525,2.0041340972106614,1.9604117237362841,13134,12848
3401,0.525125,2.0021049423754733,1.9446653290264457,13121,12745
3402,0.52525,1.9997759269004385,1.9279064322504007,13106,12635
3403,0.525375,1.997317924476272,1.910389382304565,13090,12520
3404,0.5255,1.993274435271545,1.890747777386454,13063,12391
3405,0.525625,1.9863723640570312,1.8678047691657789,13018,12241
3406,0.52575,1.9771113746445683,1.8421618335665677,12957,12073
3407,0.525875,1.9671706451800903,1.8156049562493908,12892,11899
3408,0.526,1.9573640814584086,1.7890591970235958,12828,11725
3409,0.526125,1.9466686230779293,1.761616342352844,12758,11545
3410,0.52625,1.9335261322316428,1.7318360953996752,12672,11350
3411,0.526375,1.9178108336477326,1.699712792605797,12569,11139
3412,0.5265,1.9010323560695184,1.666877713296762,12459,10924
3413,0.526625,1.8845249613299695,1.6347875316162743,12350,10714
3414,0.52675,1.8678578476761214,1.6031338724929398,12241,10506
3415,0.526875,1.8494283459674588,1.5704356943066227,12120,10292
3416,0.527,1.8285063254569265,1.5360829500024538,11983,10067
3417,0.527125,1.8062057839961527,1.5013073458338941,11837,9839
3418,0.52725,1.7841825442517596,1.4678793138838981,11693,9620
3419,0.527375,1.7626666562506983,1.4361395843427527,11552,9412
3420,0.5275,1.7402589118251104,1.4047950151953983,11405,9206
3421,0.527625,1.715741406070723,1.3727283439667786,11244,8996
3422,0.52775,1.6896667662397924,1.3405867880257805,11073,8786
3423,0.527875,1.6637646966857191,1.3101878195293195,10904,8586
3424,0.528,1.638897087265513,1.2824737174959222,10741,8405
3425,0.528125,1.61408611806317,1.256538960760893,10578,8235
3426,0.52825,1.5878160652297293,1.2309315643189258,10406,8067
3427,0.528375,1.5600005508966714,1.2056196931578074,10224,7901
3428,0.5285,1.5321855247275329,1.182194273845716,10041,7748
3429,0.528625,1.5057383167202565,1.1620575029302538,9868,7616
3430,0.52875,1.4802579044006419,1.1448328542236477,9701,7503
3431,0.528875,1.4541679486867907,1.1289576760839934,9530,7399
3432,0.529,1.4267611878225055,1.1137274435793587,9350,7299
3433,0.529125,1.399170885171289,1.1002668854804711,9170,7211
3434,0.52925,1.3730685380543535,1.0902276749028206,8999,7145
3435,0.529375,1.3486961575758192,1.083820515600602,8839,7103
3436,0.5295,1.3246628200408745,1.0796118013985723,8681,7075
3437,0.529625,1.2997551269081917,1.0763340166582918,8518,7054
3438,0.52975,1.274526494593366,1.074475260055335,8353,7042
3439,0.529875,1.2507036203829627,1.0756857889325677,8197,7050
3440,0.53,1.229141674970407,1.080733568611842,8055,7083
3441,0.530125,1.2088523516111547,1.088532538780778,7922,7134
3442,0.53025,1.1883057783183129,1.097444999241343,7788,7192
3443,0.530375,1.1673977363627437,1.1072491822350146,7651,7256
3444,0.5305,1.1476527691279796,1.1193429428431796,7521,7336
3445,0.530625,1.1304132280506825,1.1349332900951379,7408,7438
3446,0.53075,1.1152496865259691,1.1534474790374158,7309,7559
3447,0.530875,1.1005539935541064,1.1731266726684626,7213,7688
3448,0.531,1.085583832017388,1.1930712612644716,7114,7819
3449,0.531125,1.071434208684249,1.2142130727470883,7022,7957
3450,0.53125,1.0597353430240248,1.2380140896219536,6945,8113
3451,0.531375,1.0506850131551078,1.264499613709944,6886,8287
3452,0.5315,1.0428453006768759,1.2920558886244322,6834,8468
3453,0.531625,1.0349531398432057,1.319241550149597,6783,8646
3454,0.5317500000000001,1.02750981185583,1.346378028779183,6734,8824
3455,0.531875,1.0221875219950396,1.3749570924574104,6699,9011
3456,0.532,1.019784805217513,1.4055971711416155,6683,9212
3457,0.532125,1.0192547071507392,1.4370725481486661,6680,9418
3458,0.53225,1.0190069153103714,1.4676164006483392,6678,9618
3459,0.532375,1.0188751284282662,1.4968892031848675,6677,9810
3460,0.5325,1.020320387601913,1.5261829379270913,6687,10002
3461,0.532625,1.024620290183608,1.556611344895227,6715,10201
3462,0.5327500000000001,1.0312796265184343,1.5875213875141194,6759,10404
3463,0.532875,1.0386236165787557,1.6170875056957918,6807,10598
3464,0.533,1.0458426888716392,1.6443571539930448,6854,10776
3465,0.533125,1.053964166196758,1.6702234620193863,6907,10946
3466,0.53325,1.064550370171947,1.6961240106290172,6977,11116
3467,0.533375,1.0777311732728407,1.7220742955469872,7063,11286
3468,0.5335,1.0920009517937121,1.7464652480432452,7157,11446
3469,0.533625,1.1060293488892705,1.7678748262827717,7248,11586
3470,0.5337500000000001,1.1202509668481477,1.7866581570732376,7342,11709
3471,0.533875,1.1362721632089166,1.8043550583163253,7447,11825
3472,0.534,1.1548266417418944,1.8216459493150388,7568,11938
3473,0.534125,1.1748038548243593,1.837380860756082,7699,12041
3474,0.53425,1.194551305152358,1.8498819163640672,7829,12123
3475,0.534375,1.213842136088428,1.8589113976864475,7955,12183
3476,0.5345,1.2340786163064936,1.8658752629696127,8088,12228
3477,0.534625,1.256481571588859,1.8720129084251158,8234,12268
3478,0.5347500000000001,1.2805011561554382,1.8768078248267848,8392,12300
3479,0.534875,1.3044103013808512,1.8785812218517457,8549,12311
3480,0.535,1.3273496087198786,1.876536657237899,8699,12298
3481,0.535125,1.3502992390773958,1.87173194219162,8849,12267
3482,0.53525,1.374777109361221,1.8657769282799928,9010,12228
3483,0.535375,1.4008716371267182,1.858866106072955,9181,12182
3484,0.5355,1.427038762425435,1.8495750777634663,9352,12121
3485,0.535625,1.451912890041463,1.8366711922755088,9515,12037
3486,0.5357500000000001,1.4758966266541473,1.8207026030331794,9672,11932
3487,0.535875,1.500567740500332,1.803404763662208,9834,11819
3488,0.536,1.526634772680646,1.7856552420466094,10005,11702
3489,0.536125,1.5529655853921258,1.7665016553785595,10178,11577
3490,0.53625,1.5778896591382094,1.7444630672444652,10341,11433
3491,0.536375,1.6011658094201253,1.719496952705159,10493,11269
3492,0.5365,1.6241856421015506,1.6932016680214104,10644,11097
3493,0.536625,1.6481630904560054,1.6670051114376105,10801,10925
3494,0.5367500000000001,1.6725451327880485,1.6405743890360887,10961,10752
3495,0.536875,1.6956053239909494,1.6124083618717213,11112,10567
3496,0.537,1.7164886109937416,1.58188136454445,11249,10367
3497,0.537125,1.7361832815211813,1.5502140802609523,11378,10159
3498,0.53725,1.756219060349097,1.5191705173293855,11510,9956
3499,0.537375,1.7766998891444936,1.4890896469220887,11644,9759
3500,0.5375,1.7961008264303389,1.4586811833536912,11771,9560
3501,0.537625,1.8130790003780657,1.4268353489030097,11882,9351
3502,0.53775,1.8280632040053744,1.3942113726146166,11980,9137
3503,0.537875,1.8426608406181102,1.3626432254941387,12076,8930
3504,0.538,1.8576133748218124,1.3330940213958375,12174,8737
3505,0.538125,1.8718248419332648,1.3046833181741395,12267,8550
3506,0.53825,1.8836639685473588,1.275988256657315,12345,8362
3507,0.538375,1.8929318262856347,1.2470100325280105,12406,8172
3508,0.5385,1.9010650963568367,1.219376268880178,12459,7991
3509,0.538625,1.909325520323812,1.1945293355500282,12513,7828
3510,0.53875,1.917210415119822,1.172136081121315,12565,7682
3511,0.538875,1.9230460960652525,1.1506801981120844,12603,7541
3512,0.539,1.9260324804205888,1.1295061698327946,12622,7402
3513,0.539125,1.927214906698149,1.1097901272943047,12630,7273
3514,0.53925,1.9281820123616151,1.0932372113921944,12637,7165
3515,0.539375,1.9290983649305993,1.0801133570391646,12643,7079
3516,0.5395,1.9285011394374345,1.0690416083580616,12639,7006
3517,0.539625,1.9251109050565545,1.0588121915364301,12616,6939
3518,0.53975,1.919420996606387,1.0499716863208826,12579,6881
3519,0.539875,1.9131042784797014,1.0442292245174285,12538,6843
3520,0.54,1.906968373547731,1.0424116868703919,12498,6832
3521,0.540125,1.8999839779881953,1.0434916130076315,12452,6839
3522,0.54025,1.8905867640923515,1.0458892425093256,12390,6854
3523,0.540375,1.8786448287954836,1.0494397280944476,12312,6878
3524,0.5405,1.8656617475341988,1.0555964968375722,12227,6918
3525,0.540625,1.8529658117356995,1.0656204274344858,12144,6984
3526,0.54075,1.8401203428056871,1.0789906359660486,12059,7071
3527,0.540875,1.8255168964866046,1.0939977971954218,11964,7170
3528,0.541,1.8084196775595882,1.1097891873643961,11852,7273
3529,0.541125,1.7899371378619997,1.1273405747604865,11731,7388
3530,0.54125,1.7717196796642984,1.1481546961393547,11611,7525
3531,0.541375,1.7539920656292345,1.1722941297176677,11495,7683
3532,0.5415,1.7353499386437055,1.1981787185817983,11373,7852
3533,0.541625,1.714570390233452,1.2243967640145847,11237,8024
3534,0.54175,1.6922011931042555,1.2512952749551587,11090,8200
3535,0.541875,1.6699673525357532,1.280387294264534,10944,8391
3536,0.542,1.6487262167198384,1.3123081197080047,10805,8600
3537,0.542125,1.6274955874122534,1.3458443244440081,10666,8820
3538,0.54225,1.604755526047468,1.3792367458592407,10517,9039
3539,0.542375,1.5804156090278276,1.4121487678932265,10357,9255
3540,0.5425,1.5560179079710899,1.4458705328383157,10198,9476
3541,0.542625,1.5329260473360955,1.481509123019733,10046,9709
3542,0.54275,1.5107354688006465,1.518400081194422,9901,9951
3543,0.542875,1.4878664714114336,1.5547016495926027,9751,10189
3544,0.543,1.463608601297648,1.5894404151379407,9592,10417
3545,0.543125,1.4390921032153887,1.6234840109912032,9431,10640
3546,0.54325,1.415985623871643,1.658240049777769,9280,10867
3547,0.543375,1.3945284950090144,1.6936896829889745,9139,11100
3548,0.5435,1.3733272781207508,1.7281853253207964,9000,11326
3549,0.543625,1.3511662272059022,1.7602623947223808,8855,11536
3550,0.54375,1.3285965708231922,1.7902297000410334,8707,11732
3551,0.543875,1.307342980391363,1.8195771622210715,8568,11925
3552,0.544,1.288258754051446,1.8489320073908924,8443,12117
3553,0.544125,1.2703538678633124,1.8770880216837997,8325,12302
3554,0.54425,1.252096878538295,1.9023083463786685,8206,12467
3555,0.544375,1.2333821436838281,1.9242938286205744,8083,12611
3556,0.5445,1.215732920558183,1.9443868776262536,7967,12743
3557,0.544625,1.200490413531245,1.9637615470960457,7868,12870
3558,0.54475,1.1872241773761383,1.9818345455493753,7781,12988
3559,0.544875,1.174325172291102,1.9968592103525564,7696,13087
3560,0.545,1.1610503111983383,2.00797049922145,7609,13159
3561,0.545125,1.1484939510365,2.016157266530818,7527,13213
3562,0.54525,1.13828577037073,2.0229604131328505,7460,13258
3563,0.545375,1.1306231166322733,2.0285058693274904,7410,13294
3564,0.5455,1.1240677396373497,2.0313014229112634,7367,13312
3565,0.545625,1.1173563421247068,2.030047743921316,7323,13304
3566,0.54575,1.1109900627692104,2.0252277824122245,7281,13273
3567,0.545875,1.1066410548141048,2.0185136508388886,7252,13229
3568,0.546,1.1051078805299128,2.0107217550661205,7242,13177
3569,0.546125,1.1053436939327352,2.0008411049357226,7244,13113
3570,0.54625,1.1057583611103199,1.9873349980985469,7247,13024
3571,0.546375,1.1061858315460842,1.9701083414307379,7249,12911
3572,0.5465,1.1080874587366563,1.9507103707902875,7262,12784
3573,0.546625,1.1127412164123776,1.9305236413399842,7292,12652
3574,0.54675,1.1196523251741832,1.9091739009664883,7338,12512
3575,0.546875,1.1271464918533007,1.8851229330960804,7387,12354
3576,0.547,1.134414678834575,1.8577124355387784,7435,12175
3577,0.547125,1.1424847929603408,1.8281351510014572,7487,11981
3578,0.54725,1.1529197810543812,1.7981319527406034,7556,11784
3579,0.5473750000000001,1.1658501855760504,1.76802369204214,7641,11587
3580,0.5475,1.1797710891998372,1.7365070338126365,7732,11380
3581,0.547625,1.1933528819581458,1.702464380830048,7821,11157
3582,0.54775,1.2070309458078199,1.6665523724649356,7910,10922
3583,0.547875,1.2224124553382094,1.6306077255259397,8011,10686
3584,0.548,1.2402319617345319,1.5956015793048328,8128,10457
3585,0.548125,1.2593798002525391,1.5606668462679827,8253,10228
3586,0.54825,1.278204385610274,1.5243992402727062,8377,9990
3587,0.5483750000000001,1.2964798079166728,1.486823740718643,8497,9744
3588,0.5485,1.3156093117067396,1.449596801485865,8622,9500
3589,0.548625,1.3368147337829228,1.4141946053436163,8761,9268
3590,0.54875,1.3595472696152553,1.380322582661862,8910,9046
3591,0.548875,1.3820809285392017,1.3465076557818345,9058,8824
3592,0.549,1.403557422418062,1.3121419271989,9198,8599
3593,0.549125,1.4249580618677775,1.2784533622377765,9339,8378
3594,0.54925,1.4478019491797498,1.2472028524654457,9488,8174
3595,0.5493750000000001,1.4721787301509162,1.2187157758159917,9648,7987
3596,0.5495,1.4965456128776649,1.1916779790770706,9808,7810
3597,0.549625,1.519538317434769,1.1649455816554655,9958,7635
3598,0.54975,1.5415608105216732,1.139133787366528,10103,7465
3599,0.549875,1.5641922727385043,1.1160227744214606,10251,7314
3600,0.55,1.5881427078431003,1.0965125131272722,10408,7186
3601,0.550125,1.6122814986966976,1.0796503344137087,10566,7076
3602,0.55025,1.6349397028236872,1.063932580224556,10715,6973
3603,0.5503750000000001,1.65587777680476,1.0492714495827544,10852,6877
3604,0.5505,1.6764890303321789,1.0371979658917334,10987,6797
3605,0.550625,1.697989170850291,1.0290507691425999,11128,6744
3606,0.55075,1.7198270201174144,1.0243865128602656,11271,6713
3607,0.550875,1.7402780531476993,1.021572790556826,11405,6695
3608,0.551,1.7584892127830765,1.0198328030785047,11524,6684
3609,0.551125,1.7754508655007215,1.0202168528863074,11636,6686
3610,0.55125,1.7926948969035665,1.0243004663997504,11749,6713
3611,0.5513750000000001,1.8103274981710074,1.0322168776529097,11864,6765
3612,0.5515,1.826826065281258,1.0424541265513905,11972,6832
3613,0.551625,1.8408501578571537,1.0536658780368489,12064,6905
3614,0.55175,1.8528310935880454,1.0662613822995064,12143,6988
3615,0.551875,1.86437889904523,1.081812449948757,12218,7090
3616,0.552,1.8762377598058035,1.1010094258597243,12296,7216
3617,0.552125,1.8873145344610909,1.122689889042573,12369,7358
3618,0.55225,1.8959808741193984,1.1451414417795867,12426,7505
3619,0.5523750000000001,1.9020408798515738,1.16806970853097,12465,7655
3620,0.5525,1.906934365967871,1.1928023998089041,12497,7817
3621,0.552625,1.9119263134839575,1.2204792535719575,12530,7999
3622,0.55275,1.916517383569237,1.2504634626855187,12560,8195
3623,0.552875,1.9190373421766282,1.2809357218103596,12577,8395
3624,0.553,1.9186896617136533,1.3109398367370921,12574,8591
3625,0.553125,1.9165233407786564,1.3413552858492503,12560,8791
3626,0.55325,1.9141307796362257,1.3735961753620838,12544,9002
3627,0.553375,1.9116804104956635,1.407644713548628,12528,9225
3628,0.5535,1.9077133723683324,1.4418490145853817,12502,9449
3629,0.553625,1.9009542955504972,1.4747348099601214,12458,9665
3630,0.55375,1.8919006701574816,1.506595971511055,12399,9874
3631,0.553875,1.88222960652719,1.5389022609226854,12335,10085
3632,0.554,1.872753060779751,1.5722557112716546,12273,10304
3633,0.554125,1.8624461447160585,1.605419966268419,12206,10521
3634,0.55425,1.8497490249144475,1.6366233129698473,12123,10726
3635,0.554375,1.834534364891326,1.665527170993499,12023,10915
3636,0.5545,1.8183103749192375,1.693430230416068,11916,11098
3637,0.554625,1.8024100417034365,1.7214587235439553,11812,11282
3638,0.55475,1.786401438020398,1.7489777551048753,11707,11462
3639,0.554875,1.7686809178369554,1.774185512193364,11591,11627
3640,0.555,1.7485175264087645,1.7961586070362012,11459,11771
3641,0.555125,1.7270245876422141,1.8158246304487813,11318,11900
3642,0.55525,1.7058574026714821,1.8346606768894378,11180,12024
3643,0.555375,1.685245647802832,1.8527266396069355,11044,12142
3644,0.5555,1.663789889402506,1.8684624299413843,10904,12245
3645,0.555625,1.6402721389919341,1.880499342307511,10750,12324
3646,0.55575,1.615245080791145,1.8892498509627516,10586,12381
3647,0.555875,1.590438608556674,1.8963148531178462,10423,12428
3648,0.556,1.5667149309399584,1.9024391982185533,10268,12468
3649,0.556125,1.5430966664547783,1.906540371733379,10113,12495
3650,0.55625,1.5180686447155693,1.9070105681059994,9949,12498
3651,0.556375,1.4915451450078707,1.903684389604289,9775,12476
3652,0.5565,1.4650728718686377,1.8980419378250093,9602,12439
3653,0.556625,1.4400199950866697,1.8913981773120165,9437,12395
3654,0.55675,1.4159864097031116,1.8833131554892542,9280,12342
3655,0.556875,1.3913967577737227,1.8721852063856643,9119,12270
3656,0.557,1.365544814104554,1.8572951434652314,8949,12172
3657,0.557125,1.3395649187800232,1.8397777306776768,8779,12057
3658,0.55725,1.3151296770102878,1.8213190429765138,8619,11936
3659,0.557375,1.2924822227462276,1.802188626455321,8470,11811
3660,0.5575,1.2702327605055739,1.781035563929317,8325,11672
3661,0.557625,1.2471690083704063,1.7566986770573694,8173,11513
3662,0.55775,1.2238454778533396,1.7297952054192334,8021,11336
3663,0.557875,1.201989922322628,1.7021268843103847,7877,11155
3664,0.558,1.1824585194614994,1.6746344168077758,7749,10975
3665,0.558125,1.164263902672095,1.6464250152737274,7630,10790
3666,0.55825,1.1458770632756128,1.6160735007188607,7510,10591
3667,0.558375,1.1271945512213362,1.5835889074119704,7387,10378
3668,0.5585,1.1097415742734096,1.5506167057739324,7273,10162
3669,0.558625,1.0948610263890208,1.5186271438005163,7175,9952
3670,0.55875,1.0821238924629857,1.4873247224415007,7092,9747
3671,0.558875,1.0699222849189454,1.4552404716324077,7012,9537
3672,0.559,1.0575139935554496,1.4217755390204023,6931,9318
3673,0.559125,1.0459939592334848,1.3881718482464414,6855,9098
3674,0.55925,1.0369921551821304,1.3562090091503356,6796,8888
3675,0.559375,1.0307059176591817,1.326235798008319,6755,8692
3676,0.5595,1.0256966843410016,1.2969659365881023,6722,8500
3677,0.559625,1.0207005294818314,1.2672877623077967,6689,8305
3678,0.55975,1.0162176530171136,1.2378527910061556,6660,8112
3679,0.559875,1.013918945182047,1.210481422566676,6645,7933
3680,0.56,1.0146013882819929,1.1861174696143137,6649,7773
3681,0.560125,1.017216226938766,1.1638554950293574,6666,7627
3682,0.56025,1.02017109694649,1.1422421398243108,6686,7486
3683,0.560375,1.023297385800301,1.1212426966694269,6706,7348
3684,0.5605,1.0280535630582777,1.102443728374962,6737,7225
3685,0.560625,1.0357143875840298,1.08724155209604,6788,7125
3686,0.56075,1.0457815450941486,1.0752522689065636,6854,7047
3687,0.560875,1.0565768804855764,1.0649043536477991,6924,6979
3688,0.561,1.0672871791981238,1.0554829445167684,6995,6917
3689,0.561125,1.078935851119331,1.0481009796289946,7071,6869
3690,0.56125,1.0930810392153298,1.0443969395962496,7164,6845
3691,0.561375,1.1098481723189721,1.0445669603442576,7274,6846
3692,0.5615,1.127726923792792,1.0471615579997806,7391,6863
3693,0.561625,1.145381977999651,1.0508960723823582,7506,6887
3694,0.56175,1.1632427298525325,1.0562402685188694,7623,6922
3695,0.561875,1.1829100870821294,1.0648249397169134,7752,6978
3696,0.562,1.2051120699661417,1.077397545312676,7898,7061
3697,0.562125,1.2287322226349207,1.0928505503869144,8053,7162
3698,0.56225,1.252111924889753,1.1095239088325781,8206,7271
3699,0.562375,1.2750179942216857,1.1271727221559715,8356,7387
3700,0.5625,1.2988461818146146,1.1471710340856607,8512,7518
3701,0.562625,1.3248106187212834,1.170701459608998,8682,7672
3702,0.56275,1.3523545996131403,1.197166385911491,8863,7846
3703,0.562875,1.3797440485234633,1.2247817417651004,9042,8027
3704,0.5630000000000001,1.4061124250983452,1.2526224280990899,9215,8209
3705,0.563125,1.4324326334981223,1.281594643167673,9388,8399
3706,0.56325,1.4602152329890494,1.3131347107355948,9570,8606
3707,0.563375,1.489541204510636,1.347242364694766,9762,8829
3708,0.5635,1.5188589870385867,1.3822784803670438,9954,9059
3709,0.563625,1.546795443950601,1.416776647446646,10137,9285
3710,0.56375,1.5737456149864193,1.4510336766229057,10314,9509
3711,0.563875,1.6012797020267928,1.4865172651017875,10494,9742
3712,0.5640000000000001,1.630098695224071,1.5238224182185471,10683,9987
3713,0.564125,1.6590629491375908,1.5617007613745297,10873,10235
3714,0.56425,1.6864944945495344,1.5983636684128244,11053,10475
3715,0.564375,1.7121447845570856,1.6334507811188264,11221,10705
3716,0.5645,1.737398164105106,1.6682342962703127,11386,10933
3717,0.564625,1.7634614376609214,1.703809324962529,11557,11166
3718,0.56475,1.7897746002871795,1.7395054221253772,11729,11400
3719,0.564875,1.8146044007679232,1.7734809397162647,11892,11623
3720,0.5650000000000001,1.8370891695686378,1.8047686145745858,12040,11828
3721,0.565125,1.858210799756162,1.8342483180028804,12178,12021
3722,0.56525,1.879492854597444,1.8633458662386033,12317,12212
3723,0.565375,1.901033379848589,1.892066560645091,12459,12400
3724,0.5655,1.921301813642459,1.9187927264112254,12591,12575
3725,0.565625,1.9389499716684397,1.9420953664429155,12707,12728
3726,0.56575,1.9544016506934072,1.96232430442203,12808,12860
3727,0.565875,1.9692596059675855,1.9810157546599125,12906,12983
3728,0.5660000000000001,1.9842610087439856,1.9988482168455068,13004,13100
3729,0.566125,1.9983059869136421,2.014671517551582,13096,13203
3730,0.56625,2.0097597500857245,2.0268092596786285,13171,13283
3731,0.566375,2.018420273444013,2.0350269024190597,13228,13337
3732,0.5665,2.0257215646988223,2.0407352318762526,13276,13374
3733,0.566625,2.0329231435158817,2.0451801210943583,13323,13403
3734,0.56675,2.0395205566407166,2.047853123227475,13366,13421
3735,0.566875,2.0438388278170887,2.0470850785133545,13395,13416
3736,0.5670000000000001,2.04507705908317,2.04209066608759,13403,13383
3737,0.567125,2.044280274877638,2.033940276466179,13397,13330
3738,0.56725,2.04303729504846,2.0242577087082223,13389,13266
3739,0.567375,2.0415133883757735,2.0132527215436915,13379,13194
3740,0.5675,2.0382469428350487,1.9995174056317,13358,13104
3741,0.567625,2.0319602719824257,1.981836757792617,13317,12988
3742,0.56775,2.0231489767811794,1.9607776298242392,13259,12850
3743,0.567875,2.013488726358725,1.9380951514617952,13196,12702
3744,0.5680000000000001,2.003790474753345,1.9146874290482772,13132,12548
3745,0.568125,1.9930287894472856,1.8896233977659929,13062,12384
3746,0.56825,1.9796437395829116,1.8614440992083465,12974,12199
3747,0.568375,1.9635083548544583,1.830129555483988,12868,11994
3748,0.5685,1.9461316624514855,1.797301117719324,12754,11779
3749,0.568625,1.9288479314155775,1.764410029826755,12641,11563
3750,0.56875,1.9112269674750224,1.7311469738075418,12525,11345
3751,0.568875,1.891667320667175,1.6960345160627261,12397,11115
3752,0.569,1.8694406788152444,1.65847070850288,12252,10869
3753,0.569125,1.8456634650875996,1.6196998612135474,12096,10615
3754,0.56925,1.8219945182580164,1.5815094068976794,11941,10365
3755,0.569375,1.7986674984642088,1.544261436981632,11788,10120
3756,0.5695,1.7742873822095133,1.5066883774138025,11628,9874
3757,0.569625,1.7476410228149448,1.4677026547923995,11453,9619
3758,0.56975,1.719286356679401,1.427985100318565,11268,9358
3759,0.569875,1.6909589429626546,1.389390591382376,11082,9106
3760,0.57,1.6635270464252319,1.3529023690161206,10902,8866
3761,0.570125,1.6360197327215613,1.3176592525568482,10722,8635
3762,0.57025,1.6069286460685877,1.2822567081483285,10531,8403
3763,0.570375,1.5761752456083147,1.246713243034973,10330,8170
3764,0.5705,1.5453137565782138,1.2126727219066997,10127,7947
3765,0.570625,1.5157202055992036,1.181592619148907,9933,7744
3766,0.57075,1.4870026556186602,1.1531537098150644,9745,7557
3767,0.570875,1.4575942205101167,1.1258523795881175,9552,7378
3768,0.571,1.4267974253316427,1.0990445464362881,9351,7203
3769,0.571125,1.3957556292951117,1.073916475162279,9147,7038
3770,0.57125,1.3661506999424353,1.0521821305057832,8953,6896
3771,0.571375,1.3382352649117828,1.0341149325560168,8770,6777
3772,0.5715,1.3106292281135061,1.0183440788934885,8589,6674
3773,0.571625,1.2821301986968148,1.0036646027689142,8403,6578
3774,0.57175,1.253302745533182,0.9906265672123293,8214,6492
3775,0.571875,1.2258848295529732,0.9809412629703136,8034,6429
3776,0.572,1.2007429613091212,0.9754364429097006,7869,6393
3777,0.572125,1.1769002144011613,0.9730842453044865,7713,6377
3778,0.57225,1.1528381034920794,0.9723032862889383,7555,6372
3779,0.572375,1.1284637652988438,0.9729258996914382,7396,6376
3780,0.5725,1.1053130345429958,0.9764015621912964,7244,6399
3781,0.572625,1.0847394510594923,0.9839861096753938,7109,6449
3782,0.57275,1.0663246424508852,0.9951525978706014,6988,6522
3783,0.572875,1.048471338061216,1.0081846740343108,6871,6607
3784,0.573,1.0304478980934786,1.0222217037617904,6753,6699
3785,0.573125,1.013359763522999,1.0382307217966609,6641,6804
3786,0.57325,0.998847318232296,1.0577049996242394,6546,6932
3787,0.573375,0.9871181949712501,1.0806969869510408,6469,7082
3788,0.5735,0.9767439963016216,1.1056158312953408,6401,7246
3789,0.573625,0.9664708043475289,1.1310386462072366,6334,7412
3790,0.57375,0.9568086543607249,1.1573008597545231,6271,7584
3791,0.573875,0.949438073441674,1.18590362010418,6222,7772
3792,0.574,0.9451654688174839,1.2174701161122747,6194,7979
3793,0.574125,0.942951271947718,1.2507746795243868,6180,8197
3794,0.57425,0.9412120560611533,1.2840458717710173,6168,8415
3795,0.574375,0.9397878705165623,1.3169348482549759,6159,8631
3796,0.5745,0.9401455621418057,1.3507196643353725,6161,8852
3797,0.574625,0.9435679565140507,1.3864955371222956,6184,9087
3798,0.57475,0.9495644888532496,1.4235864541992467,6223,9330
3799,0.574875,0.9564644108239609,1.4601394888888697,6268,9569
3800,0.575,0.9634615676899662,1.495170526069971,6314,9799
3801,0.575125,0.9715860573321863,1.5295370340560295,6367,10024
3802,0.57525,0.9824023371638182,1.564637069007426,6438,10254
3803,0.575375,0.9960417528936562,1.6004428969908637,6528,10489
3804,0.5755,1.0109994979739847,1.6352987786072801,6626,10717
3805,0.575625,1.0259453571018542,1.6677327623735767,6724,10930
3806,0.57575,1.0413134090687681,1.6980471206112269,6824,11128
3807,0.575875,1.0587088072931683,1.7277261132225574,6938,11323
3808,0.576,1.0788633853287626,1.7573922160563795,7070,11517
3809,0.576125,1.1006640478576055,1.7858354064269166,7213,11704
3810,0.57625,1.1224550907159323,1.8113159799779068,7356,11871
3811,0.576375,1.1440057841654085,1.8335329193102683,7497,12016
3812,0.5765,1.1667138794742284,1.8538277581218272,7646,12149
3813,0.576625,1.1917950380557192,1.8733746681691854,7811,12277
3814,0.57675,1.2186936280571563,1.8915914637720426,7987,12397
3815,0.576875,1.2456761749059762,1.9067335667898562,8164,12496
3816,0.577,1.2718762825566723,1.9179389789336878,8335,12569
3817,0.577125,1.29826652912401,1.926200535446825,8508,12624
3818,0.57725,1.3263566944954535,1.9330640230715845,8692,12669
3819,0.577375,1.3562265156578415,1.9386611272257919,8888,12705
3820,0.5775,1.3863227419409734,1.9415062164971333,9085,12724
3821,0.577625,1.415270092229254,1.9403073191077727,9275,12716
3822,0.57775,1.4434610275092794,1.9355554667280694,9460,12685
3823,0.577875,1.4724627296177204,1.9289315170644534,9650,12641
3824,0.578,1.5029727494714376,1.921261221969511,9850,12591
3825,0.578125,1.5338475783341632,1.9115434679959118,10052,12527
3826,0.57825,1.5634049830437684,1.8982518900867325,10246,12440
3827,0.578375,1.5913917493867125,1.8813021142347397,10429,12329
3828,0.5785,1.6191871761578407,1.8622544017459643,10612,12204
3829,0.5786250000000001,1.6479926422562736,1.84250255379324,10800,12075
3830,0.57875,1.6772423631660915,1.821683705934572,10992,11939
3831,0.578875,1.7051969556137994,1.798271080057498,11175,11785
3832,0.579,1.7309882916010313,1.7716177829922442,11344,11610
3833,0.579125,1.7555914828956416,1.7429278430398103,11505,11422
3834,0.57925,1.780523015138823,1.7139532161472866,11669,11233
3835,0.579375,1.8058735656869473,1.6850255384323294,11835,11043
3836,0.5795,1.8301049401971332,1.6548518850763954,11994,10845
3837,0.5796250000000001,1.8518610652464749,1.6223246007871723,12136,10632
3838,0.57975,1.871557618523112,1.5881097266241204,12265,10408
3839,0.579875,1.8907890154457583,1.5540527503425698,12391,10185
3840,0.58,1.9102838930829493,1.5211328861915616,12519,9969
3841,0.580125,1.9289336616727468,1.4884903405062437,12641,9755
3842,0.58025,1.945094655602448,1.4547272830301492,12747,9534
3843,0.580375,1.9585558296737935,1.4198742333114298,12836,9305
3844,0.5805,1.9707420512457507,1.3855922226390087,12915,9081
3845,0.5806250000000001,1.9829035934582862,1.353360979877572,12995,8869
3846,0.58075,1.9945266746092982,1.3228884143078128,13071,8670
3847,0.580875,2.0039269231094545,1.2927028022564042,13133,8472
3848,0.581,2.0102940018998376,1.2621964515746853,13175,8272
3849,0.581125,2.0146634686603777,1.2325963387781769,13203,8078
3850,0.58125,2.0186146706204346,1.205661161652742,13229,7901
3851,0.581375,2.022303415098638,1.181712867230826,13253,7744
3852,0.5815,2.0242586600587673,1.1594326367605945,13266,7598
3853,0.5816250000000001,2.023193338251851,1.137670671562999,13259,7456
3854,0.58175,2.0195937376815207,1.1170350207391844,13236,7321
3855,0.581875,2.015126300678037,1.099297468030518,13206,7204
3856,0.582,2.010592857475904,1.0853483786411908,13177,7113
3857,0.582125,2.004958973467297,1.0742242796963362,13140,7040
3858,0.58225,1.9966558523134228,1.064409552436195,13085,6976
3859,0.582375,1.9855478137742062,1.0558033051557902,13012,6919
3860,0.5825,1.9731353435173686,1.0499223941981422,12931,6881
3861,0.5826250000000001,1.9607443564678027,1.0480902575871025,12850,6869
3862,0.58275,1.947936502375158,1.0498473764141734,12766,6880
3863,0.582875,1.9331023923277546,1.0535442565683601,12669,6905
3864,0.583,1.915506000773792,1.058386169935508,12553,6936
3865,0.583125,1.8962562816982138,1.065404716754844,12427,6982
3866,0.58325,1.8770048551957157,1.0761560296436734,12301,7053
3867,0.583375,1.85797843143797,1.0907533368701963,12176,7148
3868,0.5835,1.8377753097195544,1.1076641483113612,12044,7259
3869,0.5836250000000001,1.815175956564303,1.1255211642237575,11896,7376
3870,0.58375,1.7907322137746906,1.1447123272834772,11736,7502
3871,0.583875,1.7661738550768513,1.1667878955810014,11575,7647
3872,0.584,1.7423636685023158,1.1924165103590183,11419,7815
3873,0.584125,1.7183255678473563,1.2204140000289485,11261,7998
3874,0.58425,1.6925463676724564,1.2490462631570516,11092,8186
3875,0.584375,1.6649430349135288,1.277997375741663,10911,8375
3876,0.5845,1.6370656352430653,1.3085737468071017,10729,8576
3877,0.584625,1.6102863825998925,1.3418941702497253,10553,8794
3878,0.58475,1.5842098672429281,1.3773013397670997,10382,9026
3879,0.584875,1.5572660835126941,1.4129560060986588,10206,9260
3880,0.585,1.5287547812249531,1.4478826675948469,10019,9489
3881,0.585125,1.4998169006385038,1.48294223970487,9829,9719
3882,0.58525,1.4721322359044862,1.519531083338756,9648,9958
3883,0.585375,1.4459516976290994,1.5576145826836048,9476,10208
3884,0.5855,1.4198938165732247,1.5955250123170868,9305,10456
3885,0.585625,1.3927551821695567,1.6317733457173438,9128,10694
3886,0.58575,1.3650996829361675,1.6666398302419212,8946,10922
3887,0.585875,1.3386649470848113,1.7015818253208457,8773,11151
3888,0.586,1.314317484562619,1.7371902233196839,8614,11385
3889,0.586125,1.291080707472716,1.7722188673934807,8461,11614
3890,0.58625,1.267436791277198,1.8048876098852762,8306,11829
3891,0.586375,1.243293861496106,1.8348508685372469,8148,12025
3892,0.5865,1.2201890517354024,1.8634017757609083,7997,12212
3893,0.586625,1.1994775152353792,1.8916625045535094,7861,12397
3894,0.58675,1.1807427886540363,1.918995595303307,7738,12576
3895,0.586875,1.162389809245636,1.9435982060776973,7618,12738
3896,0.587,1.1436894243510585,1.9645474371767033,7495,12875
3897,0.587125,1.1257498433023188,1.9827729104199843,7378,12994
3898,0.58725,1.110214479360956,1.9997552613954517,7276,13106
3899,0.587375,1.097294256517945,2.015559445594862,7191,13209
3900,0.5875,1.0855643098448329,2.0286319108275537,7114,13295
3901,0.587625,1.0737744949845747,2.0376119582892214,7037,13354
3902,0.58775,1.0624388409275471,2.0429214792425325,6963,13388
3903,0.587875,1.0532420874309456,2.046172179559789,6903,13410
3904,0.588,1.0469950524834053,2.0481210368208793,6862,13423
3905,0.588125,1.0426627741546342,2.04769895148923,6833,13420
3906,0.58825,1.0386666074704476,2.0433127369663193,6807,13391
3907,0.588375,1.0348515556259903,2.0348127726177725,6782,13335
3908,0.5885,1.0326895709989972,2.023696003311531,6768,13262
3909,0.588625,1.0334687324782843,2.011295245150986,6773,13181
3910,0.58875,1.036703856514658,1.9971893061451256,6794,13089
3911,0.588875,1.0407296992599508,1.9797961213861508,6821,12975
3912,0.589,1.0447457145271049,1.9584168413078757,6847,12835
3913,0.589125,1.0497877075061006,1.9342072250861109,6880,12676
3914,0.58925,1.057425923278773,1.9088748933566972,6930,12510
3915,0.589375,1.0677975697438935,1.882711403403384,6998,12339
3916,0.5895,1.0794037595784791,1.8543882058232788,7074,12153
3917,0.589625,1.0909202474476745,1.8227667562985999,7149,11946
3918,0.58975,1.102787116417951,1.7884870868411213,7227,11721
3919,0.589875,1.116615551823737,1.7533737898175727,7318,11491
3920,0.59,1.1331434314856514,1.718390385378005,7426,11262
3921,0.590125,1.151263709763047,1.6826667678541773,7545,11028
3922,0.59025,1.1693267235261344,1.6448002057386408,7663,10779
3923,0.590375,1.1871077682777496,1.6048218518695727,7780,10517
3924,0.5905,1.206010592007736,1.5643988741680457,7904,10252
3925,0.590625,1.2272568170537013,1.5250227053343999,8043,9994
3926,0.59075,1.2502967253363493,1.4864184350459857,8194,9741
3927,0.590875,1.2734027015773008,1.4471369988968275,8345,9484
3928,0.591,1.2957141446232603,1.406598694529471,8492,9218
3929,0.591125,1.318209355749161,1.3660637592115097,8639,8953
3930,0.59125,1.3424037578123964,1.3273292193969701,8798,8699
3931,0.591375,1.3683826433200406,1.2907602982980393,8968,8459
3932,0.5915,1.3945982226829405,1.255086147315344,9140,8225
3933,0.591625,1.4196805742840435,1.2192094529764432,9304,7990
3934,0.59175,1.444027411524083,1.1837949659549634,9464,7758
3935,0.591875,1.4692110545774417,1.1506751540850069,9629,7541
3936,0.592,1.495934074585941,1.1208047116769937,9804,7345
3937,0.592125,1.5230578581361984,1.0932878559925618,9982,7165
3938,0.59225,1.548904939888355,1.0666796503192355,10151,6991
3939,0.592375,1.5732267393768031,1.040952548642205,10310,6822
3940,0.5925,1.5974070538841403,1.0176990238345272,10469,6670
3941,0.592625,1.6226516192035219,0.9983200355638902,10634,6543
3942,0.59275,1.648398866279709,0.9824350836437284,10803,6438
3943,0.592875,1.672913479792705,0.9684747942206474,10964,6347
3944,0.593,1.6953312536462102,0.9557252465342946,11111,6263
3945,0.593125,1.7166310696337777,0.9452991181901056,11250,6195
3946,0.59325,1.7383330342279362,0.9388334773315142,11392,6153
3947,0.593375,1.7605312908583233,0.9365219160567791,11538,6138
3948,0.5935,1.781690960313058,0.9369113360633795,11676,6140
3949,0.593625,1.8004591280416828,0.9387124238297877,11799,6152
3950,0.59375,1.817254479225487,0.9423893226320755,11910,6176
3951,0.593875,1.833674280305522,0.9495662773424359,12017,6223
3952,0.594,1.8504498687414543,0.9609833507535275,12127,6298
3953,0.594125,1.8664751996605118,0.9755248138270324,12232,6393
3954,0.5942500000000001,1.8801090035369998,0.9915217136068453,12321,6498
3955,0.594375,1.8911424777684336,1.0087195898688688,12394,6611
3956,0.5945,1.901002586290243,1.0284823589610754,12458,6740
3957,0.594625,1.9109415482686931,1.05198200639878,12524,6894
3958,0.59475,1.9204473856021584,1.0786098794008505,12586,7069
3959,0.594875,1.9278373834797848,1.1065705238267374,12634,7252
3960,0.595,1.9323027234818535,1.1349272067258054,12664,7438
3961,0.595125,1.93488033947806,1.1645743111917062,12680,7632
3962,0.5952500000000001,1.9371508215773257,1.1969362549252156,12695,7844
3963,0.595375,1.9392710824239408,1.2320008448562327,12709,8074
3964,0.5955,1.9397710572341558,1.2681170952709504,12712,8311
3965,0.595625,1.9373645237218784,1.3038068692213256,12697,8545
3966,0.59575,1.9325384923033542,1.3393554666412868,12665,8778
3967,0.595875,1.9269600009409362,1.3762193549850739,12629,9019
3968,0.596,1.9214313586131042,1.4149826653098925,12592,9273
3969,0.596125,1.9149184883078365,1.4543865643140625,12550,9531
3970,0.5962500000000001,1.9058528400868597,1.4926324486677363,12490,9782
3971,0.596375,1.8940988645817614,1.5293505179962943,12413,10023
3972,0.5965,1.8811570727447164,1.5658041181295497,12328,10262
3973,0.596625,1.8683532947698727,1.6030801459007364,12244,10506
3974,0.59675,1.8552489954967641,1.6405006240398161,12159,10751
3975,0.596875,1.8402344963879185,1.6762170906486402,12060,10985
3976,0.597,1.8225733872192293,1.7092562208646682,11944,11202
3977,0.597125,1.8033741375795085,1.7404926025262626,11819,11406
3978,0.5972500000000001,1.7842877928849767,1.771347568401428,11694,11609
3979,0.597375,1.7655403935314489,1.8018227515778804,11571,11808
3980,0.5975,1.7457294830857661,1.8302976336359753,11441,11995
3981,0.597625,1.7236346814293009,1.855341202389589,11296,12159
3982,0.59775,1.6998069016264319,1.8773020922583104,11140,12303
3983,0.597875,1.6759749014525094,1.8977161464285113,10984,12437
3984,0.598,1.6530003742199644,1.917262297101764,10833,12565
3985,0.598125,1.629906054989705,1.9347915879097712,10682,12680
3986,0.5982500000000001,1.6051775036089146,1.9486295976844867,10520,12771
3987,0.598375,1.5787303509436548,1.958544490284614,10346,12836
3988,0.5985,1.5521132528640527,1.9659504492968711,10172,12884
3989,0.598625,1.5266969342916303,1.9720973975483804,10005,12924
3990,0.59875,1.5020844244335885,1.9764815452101032,9844,12953
3991,0.598875,1.4767040789944834,1.9774389468012163,9678,12959
3992,0.599,1.4498539383121827,1.9741900001515056,9502,12938
3993,0.599125,1.4226731567284419,1.9678112605706464,9324,12896
3994,0.5992500000000001,1.3968396723467937,1.9599330788888842,9154,12845
3995,0.599375,1.372602464007589,1.950772087311729,8995,12785
3996,0.5995,1.3485780608589404,1.938927507903765,8838,12707
3997,0.599625,1.323560975339287,1.9231916561031908,8674,12604
3998,0.59975,1.298112949057128,1.9041388228926381,8507,12479
3999,0.599875,1.2739693879645435,1.8835316232468822,8349,12344
4000,0.6,1.2519945094709377,1.862275627062985,8205,12205
4001,0.600125,1.2312093576038456,1.8394471348897408,8069,12055
4002,0.60025,1.2100936689138297,1.8135943884721313,7930,11886
4003,0.600375,1.188553054137847,1.784704368160703,7789,11696
4004,0.6004999999999999,1.1681220606020803,1.7544050769108255,7655,11498
4005,0.600625,1.1501531790313486,1.7241540290247928,7538,11299
4006,0.60075,1.1342272113966911,1.6936477351477348,7433,11099
4007,0.6008749999999999,1.118746283729855,1.6614140770649777,7332,10888
4008,0.601,1.102978359412124,1.62685585432206,7228,10662
4009,0.601125,1.0880286871464542,1.5912214906138187,7131,10428
4010,0.60125,1.0755376464669362,1.5563018510081992,7049,10199
4011,0.601375,1.0657130511253738,1.5224617187001308,6984,9978
4012,0.6014999999999999,1.0571268528100313,1.4884354320992543,6928,9755
4013,0.601625,1.0485256478101999,1.4531365000287177,6872,9523
4014,0.60175,1.0404201330083531,1.4172459765652135,6818,9288
4015,0.6018749999999999,1.0344916411248868,1.38261806143362,6780,9061
4016,0.602,1.0315475112713801,1.3502343987375596,6760,8849
4017,0.602125,1.0305492293624774,1.3192312613249564,6754,8646
4018,0.60225,1.0299145279821331,1.288200611514539,6750,8442
4019,0.602375,1.0294847169474044,1.2571564768376744,6747,8239
4020,0.6024999999999999,1.0307279872574533,1.2277372698773283,6755,8046
4021,0.602625,1.034928588627519,1.2013940343500566,6783,7873
4022,0.60275,1.041597443428671,1.177800150820936,6826,7719
4023,0.6028749999999999,1.0490653499510305,1.155443653255288,6875,7572
4024,0.603,1.0565277432365459,1.1336711764289074,6924,7430
4025,0.603125,1.0650163508716277,1.1136587898653003,6980,7298
4026,0.60325,1.0760972843758987,1.0971093871811561,7052,7190
4027,0.603375,1.0899035652133902,1.0842844735097028,7143,7106
4028,0.6034999999999999,1.104932069625769,1.0738005335586733,7241,7037
4029,0.603625,1.1198542699665832,1.0644391339247106,7339,6976
4030,0.60375,1.1351059240048411,1.0567361718037325,7439,6925
4031,0.6038749999999999,1.1522938539709926,1.05238812841552,7552,6897
4032,0.604,1.172151539671912,1.0522073654294686,7682,6896
4033,0.604125,1.19356750880788,1.055150114117972,7822,6915
4034,0.60425,1.2148876458373394,1.059618635820347,7962,6944
4035,0.604375,1.235882775438046,1.06542853674929,8099,6982
4036,0.6044999999999999,1.2579521592477214,1.0740122655953486,8244,7039
4037,0.604625,1.2823129261371269,1.0866084125302948,8404,7121
4038,0.60475,1.3084108602882052,1.1026726449875086,8575,7226
4039,0.6048749999999999,1.334513853885863,1.1204711680750694,8746,7343
4040,0.605,1.3597568212249875,1.1391259274773244,8911,7465
4041,0.605125,1.385113597503021,1.159586653275492,9077,7599
4042,0.60525,1.4120951606660892,1.1833295027708595,9254,7755
4043,0.605375,1.4407823909542503,1.210390097445048,9442,7932
4044,0.6054999999999999,1.4696231217047775,1.2391611150754829,9631,8121
4045,0.605625,1.497243101828481,1.26820365398731,9812,8311
4046,0.60575,1.524035765235435,1.297837649632415,9988,8506
4047,0.6058749999999999,1.5515692158552803,1.3295493748117642,10168,8713
4048,0.606,1.5805418739848849,1.3639478222260502,10358,8939
4049,0.606125,1.6098110548250553,1.3997938980639717,10550,9174
4050,0.60625,1.6376953029839916,1.4353035630686173,10733,9406
4051,0.606375,1.6639421440305826,1.4701162830969927,10905,9635
4052,0.6064999999999999,1.6899315789226215,1.5054993803232344,11075,9866
4053,0.606625,1.7168656601217482,1.5425383744786412,11252,10109
4054,0.60675,1.7441792493967763,1.5805486265071438,11431,10358
4055,0.6068749999999999,1.7701335922592492,1.617669724888911,11601,10602
4056,0.607,1.7938611741761306,1.652911235151815,11756,10833
4057,0.607125,1.8163377154546012,1.687125532986463,11904,11057
4058,0.60725,1.8390803082625085,1.721706820386003,12053,11283
4059,0.607375,1.8621802453825038,1.756624797966286,12204,11512
4060,0.6074999999999999,1.8840999602824002,1.790222448853403,12348,11732
4061,0.607625,1.9034840310154124,1.8210278703851013,12475,11934
4062,0.60775,1.9207488143596623,1.8493446966310743,12588,12120
4063,0.6078749999999999,1.9374894439199657,1.8766598878302212,12698,12299
4064,0.608,1.9544353182949985,1.9035999328173612,12809,12475
4065,0.608125,1.9704786641506733,1.9289601471499946,12914,12642
4066,0.60825,1.9839766915976798,1.9510074518146898,13002,12786
4067,0.608375,1.9947193018842437,1.969448741223611,13073,12907
4068,0.6084999999999999,2.004132383968513,1.985634697633676,13134,13013
4069,0.608625,2.0134673188794125,2.000749864375611,13195,13112
4070,0.60875,2.0222115233822135,2.0142235899209258,13253,13200
4071,0.6088749999999999,2.0286819256176742,2.024323966442215,13295,13267
4072,0.609,2.0320695935533797,2.030202732114701,13317,13305
4073,0.609125,2.033411605214482,2.032867486327321,13326,13323
4074,0.60925,2.0342889471501056,2.0338797294036515,13332,13329
4075,0.609375,2.0348591941868457,2.0333877602042216,13336,13326
4076,0.6094999999999999,2.0336532031195573,2.029923375626412,13328,13303
4077,0.609625,2.0293859450767187,2.02221278752122,13300,13253
4078,0.60975,2.022545888527289,2.0107658764685867,13255,13178
4079,0.609875,2.014801805407066,1.9972829461691883,13204,13089
4080,0.61,2.0069580065317925,1.9826096982297843,13153,12993
4081,0.610125,1.9979826946072259,1.9657653974215366,13094,12883
4082,0.61025,1.9863098683885283,1.9452443906103387,13017,12748
4083,0.610375,1.9718068047964128,1.9209832686353023,12922,12589
4084,0.6104999999999999,1.9559771089513287,1.8945634162966207,12819,12416
4085,0.610625,1.940149980217253,1.8673998324000358,12715,12238
4086,0.61075,1.9238905170937466,1.8391508323282935,12608,12053
4087,0.610875,1.905592944731471,1.8083107135702439,12488,11851
4088,0.611,1.8845250153701323,1.7742534665721619,12350,11628
4089,0.611125,1.8617996236936982,1.7382037247307902,12201,11391
4090,0.61125,1.839072490907552,1.701933688741705,12053,11154
4091,0.611375,1.8165745860095066,1.665794794301184,11905,10917
4092,0.6114999999999999,1.7929086214108092,1.6285133966963312,11750,10673
4093,0.611625,1.766859626402195,1.5890005198832708,11579,10414
4094,0.61175,1.738984150909139,1.5479402180266213,11397,10145
4095,0.611875,1.7110168154997805,1.5071952495174754,11213,9878
4096,0.612,1.6838253886279182,1.467761301741605,11035,9619
4097,0.612125,1.6564388894745188,1.4287941869397447,10856,9364
4098,0.61225,1.6273493570232338,1.3889107697958576,10665,9102
4099,0.612375,1.5964790910510724,1.3481552919920183,10463,8835
4100,0.6124999999999999,1.565383591886343,1.3082015025375267,10259,8573
4101,0.612625,1.5354405973566947,1.2705407907983066,10063,8327
4102,0.61275,1.5062603036224873,1.234891650361339,9871,8093
4103,0.612875,1.4762783784666862,1.199791822825841,9675,7863
4104,0.613,1.4448003049803313,1.1646419562329031,9469,7633
4105,0.613125,1.4129728002171251,1.1306762099701748,9260,7410
4106,0.61325,1.382481470573345,1.0996593142598348,9060,7207
4107,0.613375,1.3535830563269937,1.0719180769569223,8871,7025
4108,0.6134999999999999,1.3249019270151825,1.0461373880281668,8683,6856
4109,0.613625,1.2952405003327851,1.0211699954377356,8488,6692
4110,0.61375,1.2651684741462714,0.9976253644900648,8291,6538
4111,0.613875,1.2364292460211295,0.9772755658083405,8103,6405
4112,0.614,1.2098950469159013,0.9610101651038614,7929,6298
4113,0.614125,1.1845949392588393,0.9478638155221663,7763,6212
4114,0.61425,1.1590166700072104,0.9363180030675866,7596,6136
4115,0.614375,1.1330738338959938,0.9262679415652415,7426,6070
4116,0.6144999999999999,1.108308923711613,0.9192256559659421,7263,6024
4117,0.614625,1.0860823174972485,0.9165088473163908,7118,6006
4118,0.61475,1.0659826350979882,0.9176514240890081,6986,6014
4119,0.614875,1.0464197303381442,0.9209965235435684,6858,6036
4120,0.615,1.0266691939676116,0.9257413289642045,6728,6067
4121,0.615125,1.007843780107881,0.9329086786863287,6605,6114
4122,0.61525,0.9915912424992057,0.9440453505864635,6498,6187
4123,0.615375,0.9781266156561623,0.9592546777262967,6410,6287
4124,0.6154999999999999,0.9660289105032882,0.9769938174274783,6331,6403
4125,0.615625,0.954051598276674,0.9958847166143685,6252,6527
4126,0.61575,0.9427120597328075,1.0163042478799462,6178,6660
4127,0.615875,0.9336980972753803,1.0397913416644413,6119,6814
4128,0.616,0.9278233001102101,1.0670031371305595,6081,6993
4129,0.6161249999999999,0.9240551613896316,1.0967438463965482,6056,7188
4130,0.61625,0.9208171741486452,1.1272677180364492,6035,7388
4131,0.616375,0.9179561386300953,1.1582472039532883,6016,7591
4132,0.6164999999999999,0.9169454638588558,1.190977191246789,6009,7805
4133,0.616625,0.9190743221655292,1.226565111459062,6023,8038
4134,0.61675,0.9238582623521383,1.2643425259731982,6055,8286
4135,0.616875,0.9296323903754651,1.3024593369574604,6092,8536
4136,0.617,0.9355961310651998,1.339929541249869,6132,8781
4137,0.6171249999999999,0.9427848619438488,1.377603948406816,6179,9028
4138,0.61725,0.9527680071969652,1.4168692640400322,6244,9286
4139,0.617375,0.9656815425218078,1.457681709814506,6329,9553
4140,0.6174999999999999,0.9800249442451833,1.4983649361826983,6423,9820
4141,0.617625,0.9944719104836232,1.5374218655853598,6517,10076
4142,0.61775,1.009460056455708,1.5751253029793961,6616,10323
4143,0.617875,1.0265976745105632,1.6129258003073266,6728,10570
4144,0.618,1.0466193349548751,1.6514081023035259,6859,10823
4145,0.6181249999999999,1.0684142586913288,1.6893205815556436,7002,11071
4146,0.61825,1.090328635470313,1.7248783109771433,7146,11304
4147,0.618375,1.1121331911528922,1.7577316276669144,7288,11519
4148,0.6184999999999999,1.135226695483968,1.7891702854103448,7440,11726
4149,0.618625,1.1608253777967625,1.8203137784821812,7608,11930
4150,0.61875,1.1883737276943416,1.850522661053273,7788,12128
4151,0.618875,1.216137934940637,1.8779927856523841,7970,12308
4152,0.619,1.2432508176784816,1.9018006102124534,8148,12464
4153,0.6191249999999999,1.2706837102892916,1.9228757560607495,8328,12602
4154,0.61925,1.2999447007713412,1.9426994732844463,8519,12732
4155,0.619375,1.3311113813344342,1.9613379166506448,8724,12854
4156,0.6194999999999999,1.362627916040311,1.9772392826720546,8930,12958
4157,0.619625,1.3931159963893238,1.9890451322753422,9130,13035
4158,0.61975,1.422964628787447,1.9971800848357824,9326,13089
4159,0.619875,1.4537371147956912,2.00325899707081,9527,13129
4160,0.62,1.4861267165835428,2.008042371461456,9739,13160
4161,0.6201249999999999,1.5189852328762683,2.0104649557062846,9955,13176
4162,0.62025,1.5506253534851475,2.008937679483285,10162,13166
4163,0.620375,1.580788410466467,2.0033152509473644,10360,13129
4164,0.6204999999999999,1.6108478933582615,1.9950990999024347,10557,13075
4165,0.620625,1.6419990271105027,1.9856266236385882,10761,13013
4166,0.62075,1.673669551300342,1.9744812496959996,10969,12940
4167,0.620875,1.7041132985899918,1.9600855093194107,11168,12846
4168,0.621,1.7324550727955068,1.9417450678835282,11354,12725
4169,0.6211249999999999,1.7596626499558956,1.920620056288886,11532,12587
4170,0.62125,1.7872449374796708,1.8984222674967157,11713,12442
4171,0.621375,1.8152848112115731,1.875447171066659,11897,12291
4172,0.6214999999999999,1.8422360777049318,1.8503698167758276,12073,12127
4173,0.621625,1.8667344884914572,1.82205488866933,12234,11941
4174,0.62175,1.8891873963301633,1.7911452278566882,12381,11738
4175,0.621875,1.9111807656433886,1.7594677632599813,12525,11531
4176,0.622,1.9334346825048492,1.72798783646713,12671,11325
4177,0.6221249999999999,1.9548319319255758,1.6958366007748742,12811,11114
4178,0.62225,1.9737201745758868,1.6616119856032545,12935,10890
4179,0.622375,1.9898796704364237,1.6253451665296377,13041,10652
4180,0.6224999999999999,2.0047265960672265,1.5887026684611796,13138,10412
4181,0.622625,2.019502566544476,1.5531745835558552,13235,10179
4182,0.62275,2.0336851989779907,1.518483944570774,13328,9952
4183,0.622875,2.045581607204205,1.483178891396151,13406,9720
4184,0.623,2.054373049079769,1.4466761776047778,13464,9481
4185,0.6231249999999999,2.0610868170686216,1.4102317357257121,13508,9242
4186,0.62325,2.0672941543746424,1.3756375267882195,13548,9015
4187,0.623375,2.073142956197732,1.3432529462678426,13587,8803
4188,0.6234999999999999,2.07715447974222,1.31180056508619,13613,8597
4189,0.623625,2.0780341990458946,1.2801757458903251,13619,8390
4190,0.62375,2.0762612028227005,1.2490351910725876,13607,8186
4191,0.623875,2.0734950238179346,1.2202026161283575,13589,7997
4192,0.624,2.0705308874275494,1.1946232869475286,13569,7829
4193,0.6241249999999999,2.066328088523622,1.1713913474731654,13542,7677
4194,0.62425,2.0593119070634507,1.1490511790612383,13496,7530
4195,0.624375,2.0493411143945464,1.1275639866963982,13431,7390
4196,0.6244999999999999,2.037911032884574,1.1085104709328417,13356,7265
4197,0.624625,2.026342826330919,1.0932793470309516,13280,7165
4198,0.62475,2.0141938124834464,1.081477448420556,13200,7088
4199,0.624875,1.9998507149084095,1.0715223729122947,13106,7022
4200,0.625,1.9825740690235387,1.0626868647198668,12993,6964
4201,0.6251249999999999,1.9634698615679274,1.05607002740069,12868,6921
4202,0.62525,1.9441872181833366,1.053295175073079,12741,6903
4203,0.625375,1.9249508483830888,1.0545420398828609,12615,6911
4204,0.6255,1.9043575425279395,1.0583436189679214,12480,6936
4205,0.625625,1.8811867683750272,1.063396728613052,12329,6969
4206,0.62575,1.8559898740303598,1.0701517383501638,12163,7013
4207,0.625875,1.830496660230468,1.0802192980682597,11996,7079
4208,0.626,1.805570454608662,1.094326115578296,11833,7172
4209,0.6261249999999999,1.7802362358384616,1.1113434308941885,11667,7283
4210,0.62625,1.7529823975690138,1.1295896429585333,11488,7403
4211,0.626375,1.7237280095628145,1.148798110310626,11297,7529
4212,0.6265,1.6940257501949731,1.1703210898005554,11102,7670
4213,0.626625,1.6652509622403395,1.195319511486702,10913,7834
4214,0.62675,1.6370118643641522,1.2231743206072048,10728,8016
4215,0.626875,1.6077425818055189,1.2520803934339997,10537,8206
4216,0.627,1.5767474787149274,1.2810921024911501,10333,8396
4217,0.6271249999999999,1.5451725926100837,1.3110957852829992,10126,8592
4218,0.62725,1.5147032764910002,1.3435086975569814,9927,8805
4219,0.627375,1.485596457486281,1.3783124352686988,9736,9033
4220,0.6275,1.456477117139504,1.4138507783753231,9545,9266
4221,0.627625,1.4261487226148903,1.4486413916598608,9346,9494
4222,0.62775,1.3951824419303827,1.4829664286808162,9143,9719
4223,0.627875,1.3653235739000538,1.518280312657168,8948,9950
4224,0.628,1.3374466634822406,1.5551662379114695,8765,10192
4225,0.6281249999999999,1.310583508327868,1.5923655819919245,8589,10436
4226,0.62825,1.283224992075275,1.628081094502088,8410,10670
4227,0.628375,1.2552882540633983,1.661945499157948,8227,10892
4228,0.6285,1.2283197185967658,1.6952258205634914,8050,11110
4229,0.628625,1.203684086580966,1.7290138065028426,7888,11331
4230,0.62875,1.180974669971309,1.762637475458867,7740,11552
4231,0.628875,1.1586063863398515,1.7942555116806997,7593,11759
4232,0.629,1.1358602388294858,1.8229028489522208,7444,11947
4233,0.6291249999999999,1.1138547429378027,1.8494634398280232,7300,12121
4234,0.62925,1.0942437390680675,1.875369040047954,7171,12290
4235,0.629375,1.0772486720072405,1.9006327456794103,7060,12456
4236,0.6295,1.0614552623446527,1.9236464843521504,6956,12607
4237,0.629625,1.0456239867145845,1.942992643341045,6853,12734
4238,0.62975,1.0302795024844325,1.9590341449500022,6752,12839
4239,0.629875,1.017117154289155,1.9733219682451293,6666,12932
4240,0.63,1.0069583145545895,1.9865509574666196,6599,13019
4241,0.6301249999999999,0.9987784932035103,1.9975887941645036,6546,13091
4242,0.63025,0.9910094090511017,2.0047783436656905,6495,13139
4243,0.630375,0.9835062879179546,2.0079056458239473,6446,13159
4244,0.6305,0.9777511399702106,2.0084032684983573,6408,13162
4245,0.630625,0.9750419033628694,2.0075399604694817,6390,13157
4246,0.63075,0.974903033661499,2.004831115978198,6389,13139
4247,0.630875,0.9756786720983279,1.9986322590481338,6394,13098
4248,0.631,0.9765773842415748,1.9881834582421662,6400,13030
4249,0.6311249999999999,0.9786437799510213,1.974581063563552,6414,12941
4250,0.63125,0.9834565851850355,1.959475261355769,6445,12842
4251,0.631375,0.9911611316981679,1.9431024799552685,6496,12734
4252,0.6315,1.0002662850487307,1.924081617758965,6555,12610
4253,0.631625,1.0094551494609671,1.9012244652581933,6616,12460
4254,0.6317499999999999,1.019174743266848,1.8751245111935537,6679,12289
4255,0.631875,1.0310427416343866,1.8475632099028245,6757,12108
4256,0.632,1.0458030589126186,1.819464542163478,6854,11924
4257,0.6321249999999999,1.0623542031416162,1.7899227118886616,6962,11730
4258,0.63225,1.0790515773552403,1.7575032939377475,7072,11518
4259,0.632375,1.0956750280352263,1.7222099561105793,7181,11287
4260,0.6325,1.1136323376138864,1.6856866890737123,7298,11047
4261,0.632625,1.1341486208596396,1.6494062248027344,7433,10810
4262,0.6327499999999999,1.1566771120673582,1.61307947722476,7580,10571
4263,0.632875,1.1794925852947444,1.5752478532033918,7730,10324
4264,0.633,1.2017362709795656,1.5353267654383953,7876,10062
4265,0.6331249999999999,1.224387723959623,1.4945762826875748,8024,9795
4266,0.63325,1.248963051226959,1.454797924572407,8185,9534
4267,0.633375,1.2755476426764856,1.4163660908505564,8359,9282
4268,0.6335,1.302593231152682,1.3780236877836696,8537,9031
4269,0.633625,1.3287288283400152,1.3386917053271254,8708,8773
4270,0.6337499999999999,1.3543505067313482,1.2990575931635575,8876,8514
4271,0.633875,1.381028360479628,1.2609808331170245,9051,8264
4272,0.634,1.4094621674674246,1.2254472508923189,9237,8031
4273,0.6341249999999999,1.4385099463207125,1.1915961828626795,9427,7809
4274,0.63425,1.4664903096798465,1.1580215612905087,9611,7589
4275,0.634375,1.4931501970167411,1.1247382829576844,9786,7371
4276,0.6345,1.5198683907429045,1.0933845644472553,9961,7166
4277,0.634625,1.547845076528567,1.0654101914453995,10144,6982
4278,0.6347499999999999,1.5765126254779183,1.0404862700154691,10332,6819
4279,0.634875,1.6041291558385828,1.0170975563367166,10513,6666
4280,0.635,1.6298234160858076,0.9945864588075353,10681,6518
4281,0.6351249999999999,1.6545667702036433,0.9741238944938164,10843,6384
4282,0.63525,1.6798713638439848,0.9574067411124094,11009,6274
4283,0.635375,1.705822946682155,0.9446896555068448,11179,6191
4284,0.6355,1.7308778436085328,0.9345815109056205,11343,6125
4285,0.635625,1.7536739554490972,0.9258555378131782,11493,6068
4286,0.6357499999999999,1.774620425963641,0.9190386470383571,11630,6023
4287,0.635875,1.7953046399640888,0.9158177280333692,11766,6002
4288,0.636,1.8164477457635657,0.9169950231541,11904,6010
4289,0.6361249999999999,1.8369332214559637,0.9215161667978081,12039,6039
4290,0.63625,1.8551090656875335,0.9277724255755122,12158,6080
4291,0.636375,1.8707555116485761,0.9355680667325768,12260,6131
4292,0.6365,1.8852883598598686,0.946323935703994,12355,6202
4293,0.636625,1.8999484918393559,0.9612668108973282,12452,6300
4294,0.6367499999999999,1.9142124504432516,0.9798404179815842,12545,6421
4295,0.636875,1.9263859277097561,1.0002989467537866,12625,6556
4296,0.637,1.935648430138113,1.0217523295336628,12685,6696
4297,0.6371249999999999,1.9430251638417653,1.045138340569542,12734,6849
4298,0.63725,1.950084969668078,1.0719213098341545,12780,7025
4299,0.637375,1.9569730204476032,1.102125213267866,12825,7223
4300,0.6375,1.9622075508092256,1.1341313299263291,12860,7433
4301,0.637625,1.9644907094094286,1.1664896558089612,12874,7645
4302,0.6377499999999999,1.9642979772439348,1.1995093783267476,12873,7861
4303,0.637875,1.9632849957753442,1.2346664210913685,12867,8092
4304,0.638,1.9622428364965674,1.272559876125133,12860,8340
4305,0.6381249999999999,1.9601263778778226,1.3119412358934857,12846,8598
4306,0.63825,1.9553562422148747,1.351017574934479,12815,8854
4307,0.638375,1.9477863033407454,1.3894200317223366,12765,9106
4308,0.6385,1.9389067676245428,1.4284081907224468,12707,9361
4309,0.638625,1.9300334670189145,1.4690604470116706,12649,9628
4310,0.6387499999999999,1.9207181928887471,1.5106856706226302,12588,9900
4311,0.638875,1.909341951683728,1.55141760775282,12513,10167
4312,0.639,1.8951593920539376,1.5902606406501678,12420,10422
4313,0.6391249999999999,1.8792704492077372,1.6280626267149965,12316,10670
4314,0.63925,1.8633180531819955,1.6662139147701365,12211,10920
4315,0.639375,1.8475205797107321,1.704681014363614,12108,11172
4316,0.6395,1.8304683673238484,1.7418043698161825,11996,11415
4317,0.639625,1.810934320714474,1.7761101799844274,11868,11640
4318,0.6397499999999999,1.789463133111154,1.8079008015389144,11727,11848
4319,0.639875,1.7677778661961832,1.8386625178493903,11585,12050
4320,0.64,1.7467350429339223,1.8690217134895344,11447,12249
4321,0.6401249999999999,1.7253527800889117,1.8977741437802176,11307,12437
4322,0.64025,1.7021125697293833,1.9231876778307615,11155,12604
4323,0.640375,1.676926549365181,1.9449706306424526,10990,12747
4324,0.6405,1.6513404509112515,1.9644755352609904,10822,12874
4325,0.640625,1.6267226660061835,1.9828891737619296,10661,12995
4326,0.6407499999999999,1.6026744727363906,1.9996434736672932,10503,13105
4327,0.640875,1.5776230762905412,2.013009399044835,10339,13192
4328,0.641,1.5508659552129307,2.0221418011678933,10164,13252
4329,0.641125,1.5235423061561193,2.0280515822695024,9985,13291
4330,0.64125,1.4973306985120456,2.0323036810838473,9813,13319
4331,0.641375,1.4724813436002024,2.0350499163982354,9650,13337
4332,0.6415,1.4476125859876963,2.0348256312995683,9487,13335
4333,0.641625,1.421521345384089,2.0303605548849504,9316,13306
4334,0.6417499999999999,1.3947723413874928,2.0221680012490726,9141,13252
4335,0.641875,1.3691045341670751,2.0119515689895593,8973,13186
4336,0.642,1.3453862477532736,2.000560063121714,8817,13111
4337,0.642125,1.3226431873091515,1.9870156073073226,8668,13022
4338,0.64225,1.299360278768844,1.9698151132392738,8515,12909
4339,0.642375,1.2754488491641593,1.9488973927882858,8359,12772
4340,0.6425,1.2524496606370232,1.9258456631152108,8208,12621
4341,0.642625,1.2317219125116945,1.9020763217032302,8072,12465
4342,0.6427499999999999,1.2128535788821897,1.8772486098744312,7949,12303
4343,0.642875,1.1942544133816089,1.8498572393566726,7827,12123
4344,0.643,1.175200430694595,1.8192760709553435,7702,11923
4345,0.643125,1.1568053432352905,1.786729032782344,7581,11710
4346,0.64325,1.1407183737093023,1.7539870201543801,7476,11495
4347,0.643375,1.1271565441419928,1.7213995397882083,7387,11281
4348,0.6435,1.1147013457919281,1.6876903782894588,7305,11060
4349,0.643625,1.1021092285520098,1.651767336810889,7223,10825
4350,0.6437499999999999,1.0899010226889567,1.6143105853093598,7143,10580
4351,0.643875,1.0797684541017833,1.5771783318487351,7076,10336
4352,0.644,1.0725294805103975,1.5413610490859777,7029,10101
4353,0.644125,1.0671564094395098,1.5060086755708622,6994,9870
4354,0.64425,1.0620779639689881,1.4697315540199918,6960,9632
4355,0.644375,1.0571465886443308,1.4325667716131678,6928,9388
4356,0.6445,1.0538417199611174,1.3961803097465477,6906,9150
4357,0.644625,1.0534589373180245,1.362055203056555,6904,8926
4358,0.6447499999999999,1.0555205444507987,1.3299010309251993,6917,8716
4359,0.644875,1.058368744512638,1.2982460972360501,6936,8508
4360,0.645,1.0612103697357025,1.2664811239857885,6955,8300
4361,0.645125,1.065088507711244,1.2358299015532292,6980,8099
4362,0.64525,1.0715805632780195,1.208046390017066,7023,7917
4363,0.645375,1.0808307540669266,1.18344627999228,7083,7756
4364,0.6455,1.091347027777862,1.160703044483322,7152,7607
4365,0.645625,1.1018117724196268,1.1386577765007064,7221,7462
4366,0.6457499999999999,1.1126714803400262,1.1179081001360127,7292,7326
4367,0.645875,1.1255434958730712,1.1002141267888146,7376,7210
4368,0.646,1.1411715856977072,1.0864533996557428,7479,7120
4369,0.646125,1.158454297845853,1.0756485595575667,7592,7049
4370,0.64625,1.175747250559496,1.0662691466290855,7705,6988
4371,0.646375,1.1928306848331753,1.0581985725057401,7817,6935
4372,0.6465,1.2111129441410184,1.05293725997616,7937,6901
4373,0.646625,1.2318198745345066,1.0517915873732522,8073,6893
4374,0.6467499999999999,1.2544055988253986,1.0542844747836508,8221,6909
4375,0.646875,1.2771459401962035,1.0587484854173908,8370,6939
4376,0.647,1.2991833257000323,1.0643706947826137,8514,6975
4377,0.647125,1.3214986573324243,1.0721643786136617,8661,7027
4378,0.64725,1.345609526667755,1.0836673449161092,8819,7102
4379,0.6473749999999999,1.371602948383899,1.0989746257855075,8989,7202
4380,0.6475,1.3979324072804107,1.1165357882672375,9161,7317
4381,0.647625,1.4232287966955113,1.13496597152588,9327,7438
4382,0.6477499999999999,1.4478901876482801,1.154636057725146,9489,7567
4383,0.647875,1.473488791990204,1.1770798701363354,9657,7714
4384,0.648,1.5007266119303635,1.2029503507453658,9835,7884
4385,0.648125,1.5284639991663291,1.2310484831364537,10017,8068
4386,0.64825,1.5550219959732858,1.2596262737274881,10191,8255
4387,0.6483749999999999,1.5801500699665116,1.288354968708283,10356,8443
4388,0.6485,1.6052296184778223,1.3185292939663826,10520,8641
4389,0.648625,1.6314635306751495,1.3512576047255247,10692,8856
4390,0.6487499999999999,1.6582869585062678,1.3858734687961236,10868,9082
4391,0.648875,1.683960880090474,1.4205299073597528,11036,9310
4392,0.649,1.7076169721384176,1.454245136262424,11191,9531
4393,0.649125,1.730229596795903,1.4878753026372429,11339,9751
4394,0.64925,1.7533139577562187,1.5228135451924874,11491,9980
4395,0.6493749999999999,1.7769589240828398,1.559023621108415,11645,10217
4396,0.6495,1.7996239919984096,1.5948377854584583,11794,10452
4397,0.649625,1.8199502869764888,1.628768629427295,11927,10674
4398,0.6497499999999999,1.838350222027651,1.6610996477613578,12048,10886
4399,0.649875,1.8564144970852832,1.6932930864134466,12166,11097
4400,0.65,1.8748676134437334,1.7259463361765173,12287,11311
4401,0.650125,1.892596441211738,1.7578213394212945,12403,11520
4402,0.65025,1.9079524027846788,1.7871476022074564,12504,11712
4403,0.6503749999999999,1.9207191878908838,1.8135907188379632,12588,11886
4404,0.6505,1.932316079807375,1.8384564569476483,12664,12049
4405,0.650625,1.943987469950536,1.8628810318145796,12740,12209
4406,0.6507499999999999,1.955213432354808,1.8862423525475758,12814,12362
4407,0.650875,1.9643032122965165,1.906754201887555,12873,12496
4408,0.651,1.9704398864171733,1.9235114656787493,12913,12606
4409,0.651125,1.9746522484714777,1.9374626241863704,12941,12697
4410,0.65125,1.9785127399817002,1.950108137079608,12966,12780
4411,0.6513749999999999,1.9821701478809595,1.9615336460596589,12990,12855
4412,0.6515,1.984146330516031,1.9702070303301842,13003,12912
4413,0.651625,1.9831470700310208,1.9747896508394933,12997,12942
4414,0.6517499999999999,1.979651487506081,1.9757259632140802,12974,12948
4415,0.651875,1.975318870955094,1.9746506146746625,12945,12941
4416,0.652,1.9709439423110813,1.9723437735045635,12917,12926
4417,0.652125,1.9654852339347846,1.967759644678905,12881,12896
4418,0.65225,1.957367023439407,1.9593283314647227,12828,12841
4419,0.6523749999999999,1.9464468405993203,1.9469233479123111,12756,12759
4420,0.6525,1.934218546851787,1.9320644922675476,12676,12662
4421,0.652625,1.9220016271388365,1.9161070103252615,12596,12557
4422,0.6527499999999999,1.9093515227057416,1.8986515952768694,12513,12443
4423,0.652875,1.8946528851298465,1.878137381868934,12417,12309
4424,0.653,1.877164002838669,1.8538859221223434,12302,12150
4425,0.653125,1.8579884433275726,1.8270724421518447,12177,11974
4426,0.65325,1.8387727612225393,1.7994229933859247,12051,11793
4427,0.6533749999999999,1.819738946485389,1.7712463987335663,11926,11608
4428,0.6535,1.7994809416380058,1.741230121233963,11793,11411
4429,0.653625,1.7767752418992526,1.708250257234951,11644,11195
4430,0.6537499999999999,1.7521701179891993,1.6729600353719825,11483,10964
4431,0.653875,1.7273921922061708,1.6371956950538167,11321,10730
4432,0.654,1.7033015319432645,1.6019307991632297,11163,10498
4433,0.654125,1.6789197777380622,1.5663035904113405,11003,10265
4434,0.65425,1.6527319256805137,1.5289179555492043,10831,10020
4435,0.6543749999999999,1.6246535924138914,1.489809862961963,10647,9764
4436,0.6545,1.5962339651973894,1.4506494776549428,10461,9507
4437,0.654625,1.5688448614026844,1.4129293574673296,10282,9260
4438,0.6547499999999999,1.5420909564853287,1.3763738499967686,10106,9020
4439,0.654875,1.5144028181245932,1.3395312484029678,9925,8779
4440,0.655,1.4850812538567082,1.3018173328538094,9733,8532
4441,0.655125,1.4552687485966904,1.264485935988796,9537,8287
4442,0.65525,1.4266471207628864,1.229325837978012,9350,8057
4443,0.6553749999999999,1.3994697835326508,1.1966921833441997,9172,7843
4444,0.6555,1.3723582377404397,1.165302277136171,8994,7637
4445,0.655625,1.3441125051418543,1.1340452222519797,8809,7432
4446,0.6557499999999999,1.315300354828285,1.1035705311949089,8620,7232
4447,0.655875,1.2876637345890487,1.075693829891194,8439,7050
4448,0.656,1.2620738959459614,1.0513514659452936,8271,6890
4449,0.656125,1.2375594014562101,1.029627875268742,8110,6748
4450,0.65625,1.212607966169148,1.0090570181643452,7947,6613
4451,0.6563749999999999,1.1871336273569568,0.989589011862393,7780,6485
4452,0.6565,1.1626797804380484,0.9727928833972392,7620,6375
4453,0.656625,1.140608169875345,0.9600451411404818,7475,6292
4454,0.65675,1.1205092287617253,0.9509399617129153,7343,6232
4455,0.656875,1.100795071898615,0.9438818932729512,7214,6186
4456,0.657,1.080743979419515,0.9381303218180126,7083,6148
4457,0.657125,1.0614718213077619,0.9347707443403052,6956,6126
4458,0.65725,1.0446298722044243,0.9354127034446584,6846,6130
4459,0.6573749999999999,1.0304370878935647,0.9402220566373665,6753,6162
4460,0.6575,1.0174767776073521,0.9477179041009429,6668,6211
4461,0.657625,1.0045070805770113,0.9565832046813848,6583,6269
4462,0.65775,0.9920503903532842,0.9672545866316314,6502,6339
4463,0.657875,0.981799856988318,0.981329134977795,6434,6431
4464,0.658,0.9745747260144657,0.999520240026962,6387,6550
4465,0.658125,0.9693484432369295,1.0206861288486844,6353,6689
4466,0.65825,0.9645507235132812,1.0431325558665094,6321,6836
4467,0.6583749999999999,0.9600348434461327,1.0665806562110318,6292,6990
4468,0.6585,0.957280915181747,1.092370940047374,6274,7159
4469,0.658625,0.9575850242321348,1.121653114350468,6276,7351
4470,0.65875,0.9604698145252673,1.1537974711888288,6295,7562
4471,0.658875,0.9642776505623811,1.1869888435176854,6319,7779
4472,0.659,0.9682153510410275,1.220272206636062,6345,7997
4473,0.659125,0.9733258025213982,1.2545251789109002,6379,8222
4474,0.65925,0.9811860256553429,1.2911570006477138,6430,8462
4475,0.6593749999999999,0.9919396585608061,1.3301419793766736,6501,8717
4476,0.6595,1.0040938788350795,1.3698173482753595,6580,8977
4477,0.659625,1.0163301021843598,1.408694981084922,6661,9232
4478,0.65975,1.0290936516291487,1.4470519996801676,6744,9483
4479,0.659875,1.0440004942147083,1.4863385594924512,6842,9741
4480,0.66,1.0617928169967554,1.527134343723294,6959,10008
4481,0.660125,1.0813673759222078,1.5681779704202514,7087,10277
4482,0.66025,1.1010777907814093,1.607670163651687,7216,10536
4483,0.6603749999999999,1.120702088535793,1.645242341077215,7345,10782
4484,0.6605,1.14164618963443,1.6821609133350504,7482,11024
4485,0.660625,1.1651332999279966,1.7195176828358718,7636,11269
4486,0.66075,1.1906146919263285,1.756641355002093,7803,11512
4487,0.660875,1.216363121372643,1.7916919014912225,7972,11742
4488,0.661,1.241517738313563,1.8237060998923782,8136,11952
4489,0.661125,1.267055952368429,1.8535702635986386,8304,12148
4490,0.66125,1.2944916554271306,1.882718975608507,8484,12339
4491,0.6613749999999999,1.3239079507144647,1.911168579874889,8676,12525
4492,0.6615,1.3537542083338963,1.9373146167426563,8872,12696
4493,0.661625,1.382657000646459,1.9597434000240062,9061,12843
4494,0.66175,1.4110098803970093,1.9788220329320703,9247,12968
4495,0.661875,1.4403803423168515,1.9961058749429548,9440,13082
4496,0.662,1.4714654820511228,2.01229428864642,9643,13188
4497,0.662125,1.5031205553085423,2.0262595546582953,9851,13279
4498,0.66225,1.5336613287306335,2.036349156011794,10051,13345
4499,0.6623749999999999,1.5628318162766652,2.0423537108474004,10242,13385
4500,0.6625,1.5920077937243589,2.045710264927855,10433,13407
4501,0.662625,1.6223863640576224,2.0476918872544507,10632,13420
4502,0.66275,1.6533967388073378,2.047818076273373,10836,13421
4503,0.662875,1.6832938063874285,2.044448189260042,11032,13398
4504,0.6629999999999999,1.7112030151318962,2.036825802875733,11215,13349
4505,0.663125,1.7380923667515529,2.026050399000976,11391,13278
4506,0.66325,1.7654705832151534,2.0137748709383976,11570,13197
4507,0.6633749999999999,1.7934199388606493,2.000237883369308,11753,13109
4508,0.6635,1.8203932330144434,1.9840600584178392,11930,13003
4509,0.663625,1.8450248020188122,1.9640543587045127,12092,12872
4510,0.66375,1.867720188341981,1.940814859275385,12240,12719
4511,0.663875,1.8900631515001796,1.916122983877393,12387,12558
4512,0.6639999999999999,1.9127711932132971,1.890902040177585,12536,12392
4513,0.664125,1.934724137955585,1.8642448943641183,12679,12218
4514,0.66425,1.954266326941994,1.834715102560169,12807,12024
4515,0.6643749999999999,1.9711743477471448,1.8023136205000434,12918,11812
4516,0.6645,1.9868603707457493,1.7686810267088784,13021,11591
4517,0.664625,2.0025616796694052,1.735285939025056,13124,11372
4518,0.66475,2.0177512559020228,1.701834458259419,13224,11153
4519,0.664875,2.0307312843691356,1.6668624880452316,13309,10924
4520,0.6649999999999999,2.040677822975833,1.6297792604446797,13374,10681
4521,0.665125,2.048612706787741,1.5918380059040282,13426,10432
4522,0.66525,2.0561014873945944,1.554832770118028,13475,10190
4523,0.6653749999999999,2.0632861500386603,1.5191298738012058,13522,9956
4524,0.6655,2.0686818476036137,1.4834635698554937,13557,9722
4525,0.665625,2.070987773387725,1.4467456614225203,13572,9481
4526,0.66575,2.070676583418593,1.4096539166900288,13570,9238
4527,0.665875,2.0694012455830175,1.3740376918747044,13562,9005
4528,0.6659999999999999,2.067950312867363,1.3408722886735363,13553,8788
4529,0.666125,2.0652763215922874,1.3092861804863656,13535,8581
4530,0.66625,2.0597977314729587,1.2778621490896116,13499,8375
4531,0.6663749999999999,2.0513664546597816,1.2466037204406515,13444,8170
4532,0.6665,2.041470939377705,1.2171375758342484,13379,7977
4533,0.666625,2.031425484130302,1.1909018748408724,13313,7805
4534,0.66675,2.0207805734368534,1.1675560653687036,13243,7652
4535,0.666875,2.0079161542745574,1.145573292061295,13159,7508
4536,0.6669999999999999,1.992086064269591,1.1242844585664953,13055,7368
4537,0.667125,1.974389696172931,1.1048491660378903,12939,7241
4538,0.66725,1.9564697062645824,1.0889532250556386,12822,7137
4539,0.6673749999999999,1.9385444844834199,1.0768405578892735,12704,7057
4540,0.6675,1.9192046705903285,1.0671096938116023,12578,6993
4541,0.667625,1.8972237756980361,1.0585239937425865,12434,6937
4542,0.66775,1.8731474025813344,1.0516010278911883,12276,6892
4543,0.667875,1.8486998424157324,1.0480189560136777,12116,6868
4544,0.6679999999999999,1.8247391643220634,1.0485719512882012,11959,6872
4545,0.668125,1.800285363173514,1.0521983178077459,11798,6896
4546,0.66825,1.773822136529929,1.0572827739302053,11625,6929
4547,0.6683749999999999,1.7452641682937369,1.0636238937456448,11438,6971
4548,0.6685,1.7161600718014633,1.0726377201052861,11247,7030
4549,0.668625,1.6878814667018813,1.085547185536485,11062,7114
4550,0.66875,1.6600331984480652,1.1017931531345815,10879,7221
4551,0.668875,1.6310463883853292,1.1196279911778804,10689,7338
4552,0.6689999999999999,1.6002227714272894,1.138160868344156,10487,7459
4553,0.669125,1.5687061479196325,1.158329901123912,10281,7591
4554,0.66925,1.53818002836673,1.1816008739474448,10081,7744
4555,0.6693749999999999,1.5088999072930689,1.2080003666013255,9889,7917
4556,0.6695,1.4794897433391507,1.2359134067121649,9696,8100
4557,0.669625,1.4487524032597983,1.2638949089979123,9495,8283
4558,0.66975,1.4172588742133976,1.2922601338904485,9288,8469
4559,0.669875,1.3867547038635437,1.322492245318818,9088,8667
4560,0.6699999999999999,1.358115110034265,1.3551987159048469,8901,8881
4561,0.670125,1.330372994674403,1.3891405591949877,8719,9104
4562,0.67025,1.30202076877293,1.4225354733989277,8533,9323
4563,0.6703749999999999,1.2729775265775238,1.4550263104918095,8343,9536
4564,0.6705,1.244792063934219,1.4878854100860637,8158,9751
4565,0.670625,1.2188318714430557,1.5222049384819132,7988,9976
4566,0.67075,1.1946934555215207,1.5573084952994918,7830,10206
4567,0.670875,1.1707953314746207,1.5913454767416442,7673,10429
4568,0.6709999999999999,1.1464224878010643,1.6233367692924094,7513,10639
4569,0.671125,1.1226978083982917,1.654147539138648,7358,10841
4570,0.67125,1.101279867403456,1.6851861750236052,7217,11044
4571,0.6713749999999999,1.082395201074547,1.71643789709731,7094,11249
4572,0.6715,1.064634959619533,1.746262451713034,6977,11444
4573,0.671625,1.046765376866004,1.7732058611141925,6860,11621
4574,0.67175,1.029317173775493,1.7975907432409761,6746,11781
4575,0.671875,1.013992051499,1.8209240022651454,6645,11934
4576,0.6719999999999999,1.00161800937919,1.843852917073928,6564,12084
4577,0.672125,0.991177438447807,1.8651943257683652,6496,12224
4578,0.67225,0.9811091692318107,1.8832372819058567,6430,12342
4579,0.672375,0.9712757510482787,1.89771129651833,6365,12437
4580,0.6725,0.9631667050253971,1.909990024536013,6312,12517
4581,0.672625,0.9580876465298811,1.9212812024525638,6279,12591
4582,0.67275,0.9555708498012988,1.931037461865006,6262,12655
4583,0.672875,0.9539683928446987,1.9375501258981043,6252,12698
4584,0.6729999999999999,0.9524968711927386,1.9399939816426126,6242,12714
4585,0.673125,0.952208992559022,1.9393993497339939,6240,12710
4586,0.67325,0.9546916239450062,1.9373499980326976,6257,12697
4587,0.673375,0.9600982544217579,1.9340158934094422,6292,12675
4588,0.6735,0.9669458989261478,1.9279497820444518,6337,12635
4589,0.673625,0.9739257748822813,1.9178979635890765,6383,12569
4590,0.67375,0.9814929542857483,1.904389435586884,6432,12481
4591,0.673875,0.9912730771660068,1.889142511355464,6496,12381
4592,0.6739999999999999,1.0040179117045624,1.87301969793538,6580,12275
4593,0.674125,1.018633678838726,1.8550557342489238,6676,12157
4594,0.67425,1.0334833327574828,1.833759028142553,6773,12018
4595,0.674375,1.0483540791142676,1.8090787034077627,6870,11856
4596,0.6745,1.064660848461095,1.7826070849924311,6977,11682
4597,0.674625,1.0836356624284451,1.7557684190877998,7102,11507
4598,0.67475,1.104738403796052,1.7282285296781164,7240,11326
4599,0.674875,1.1262502069417992,1.6984874013586262,7381,11131
4600,0.6749999999999999,1.1473183595556182,1.6659228642570456,7519,10918
4601,0.675125,1.168928141601347,1.631761480424962,7661,10694
4602,0.67525,1.1926010406009493,1.5977754631877963,7816,10471
4603,0.675375,1.2184274544507305,1.5643143019343775,7985,10252
4604,0.6755,1.2448637415757104,1.53010046293068,8158,10028
4605,0.675625,1.2705431303410957,1.494039117206732,8327,9791
4606,0.67575,1.2958654939068968,1.4568065394768086,8493,9547
4607,0.675875,1.3224042863610839,1.4202557832221623,8667,9308
4608,0.6759999999999999,1.350862200541741,1.3853709633212419,8853,9079
4609,0.676125,1.3800997024514599,1.3512944753751979,9045,8856
4610,0.67625,1.408437383225557,1.3166280005225073,9230,8629
4611,0.676375,1.435623671715069,1.281398875365554,9409,8398
4612,0.6765,1.4630383523242936,1.247262317387892,9588,8174
4613,0.676625,1.491882107739972,1.2156896243634288,9777,7967
4614,0.67675,1.5215873058306901,1.186377749115461,9972,7775
4615,0.676875,1.5504115466703325,1.1578415293357809,10161,7588
4616,0.6769999999999999,1.5774825533455044,1.1294574704049012,10338,7402
4617,0.677125,1.6037701456124325,1.1024344540647115,10510,7225
4618,0.67725,1.630784416721584,1.0785109331198566,10688,7068
4619,0.677375,1.6586085474249115,1.0579865575733676,10870,6934
4620,0.6775,1.6856957906377719,1.0395183221366022,11047,6813
4621,0.677625,1.710680467205911,1.0219304744085829,11211,6697
4622,0.67775,1.7339676490928735,1.0058035220001535,11364,6592
4623,0.677875,1.7571401560130913,0.9928802628425374,11516,6507
4624,0.6779999999999999,1.78091409658903,0.9840208241726852,11671,6449
4625,0.678125,1.804167436717143,0.9782304042041448,11824,6411
4626,0.67825,1.825242211358957,0.9739611648711765,11962,6383
4627,0.678375,1.8439122441623992,0.9710792797711852,12084,6364
4628,0.6785,1.8615865033864578,0.9710681596533267,12200,6364
4629,0.6786249999999999,1.8794986247295271,0.975217470689584,12317,6391
4630,0.67875,1.8971175166188763,0.9830337995778476,12433,6442
4631,0.678875,1.9127408607042422,0.9928338251926352,12535,6507
4632,0.6789999999999999,1.9255398036412312,1.003789258203284,12619,6578
4633,0.679125,1.9365308582281169,1.0168985940068196,12691,6664
4634,0.67925,1.9472738662857967,1.0336855054291536,12762,6774
4635,0.679375,1.9579047151207176,1.0542315928009802,12831,6909
4636,0.6795,1.9669320959936667,1.0769737445340433,12890,7058
4637,0.6796249999999999,1.9730483785917834,1.1005152244554053,12931,7212
4638,0.67975,1.9767190585982868,1.1252158806217056,12955,7374
4639,0.679875,1.9795896108468625,1.1525993843519706,12973,7554
4640,0.6799999999999999,1.9824407883685549,1.183309433345752,12992,7755
4641,0.680125,1.984217026940173,1.2161387053844954,13004,7970
4642,0.68025,1.983328411280643,1.249331852307308,12998,8188
4643,0.680375,1.9796182126070678,1.2825537369736315,12974,8405
4644,0.6805,1.9745659985285753,1.3170936731286202,12941,8632
4645,0.6806249999999999,1.9694769578795084,1.3540555838947257,12907,8874
4646,0.68075,1.9638922625864013,1.3927695723461773,12871,9128
4647,0.680875,1.9561823567493763,1.4313861598772235,12820,9381
4648,0.6809999999999999,1.9455914106218393,1.4689220027263798,12751,9627
4649,0.681125,1.9332089995906123,1.506232615038936,12669,9871
4650,0.68125,1.9206678378050568,1.5447113930612915,12587,10123
4651,0.681375,1.9081762645456215,1.5843232178001947,12505,10383
4652,0.6815,1.8943147848146742,1.6234022880079533,12415,10639
4653,0.6816249999999999,1.8778467086746722,1.6604639241693089,12307,10882
4654,0.68175,1.8593073949909937,1.6957950804459578,12185,11114
4655,0.681875,1.8404108673683508,1.7308621490211609,12061,11343
4656,0.6819999999999999,1.8220049259170248,1.7662672905634373,11941,11575
4657,0.682125,1.8030993154786088,1.8007777897986639,11817,11802
4658,0.68225,1.7821675233740004,1.8326289983727462,11680,12010
4659,0.682375,1.7591140844912247,1.8614928017059433,11529,12199
4660,0.6825,1.7354775436127092,1.8886816305006031,11374,12378
4661,0.6826249999999999,1.712619554543165,1.9153386723588672,11224,12552
4662,0.68275,1.6901351170742016,1.9408490418207038,11076,12720
4663,0.682875,1.6664456499421756,1.9634338941557523,10921,12868
4664,0.6829999999999999,1.6408433440708239,1.9821955779843312,10753,12991
4665,0.683125,1.6144626377004798,1.9980900589857415,10581,13095
4666,0.68325,1.5889778746419672,2.012625229180596,10414,13190
4667,0.683375,1.5646356016039529,2.0258940421847824,10254,13277
4668,0.6835,1.5400510596468524,2.0363714959043713,10093,13346
4669,0.6836249999999999,1.5140186516341523,2.0427258114370295,9922,13387
4670,0.68375,1.4871011636293623,2.0454079779145435,9746,13405
4671,0.683875,1.4610362282251634,2.0460587878689465,9575,13409
4672,0.6839999999999999,1.4366914409693725,2.045464104870406,9416,13405
4673,0.684125,1.4130923971465799,2.0425833231311694,9261,13386
4674,0.68425,1.3887245210705663,2.035851174971061,9101,13342
4675,0.684375,1.3635002625022687,2.0251451943552516,8936,13272
4676,0.6845,1.3389621169527914,2.0119885451445705,8775,13186
4677,0.6846249999999999,1.316471640241529,1.997739144003263,8628,13092
4678,0.68475,1.2956197690820295,1.9819996250452825,8491,12989
4679,0.684875,1.2748198345920654,1.9632103033075368,8355,12866
4680,0.6849999999999999,1.253352023703151,1.9406931260318396,8214,12719
4681,0.685125,1.2323348206659372,1.915622909537692,8076,12554
4682,0.68525,1.2134227966117033,1.889724477290618,7952,12384
4683,0.685375,1.1968388994613273,1.8633045976627005,7844,12211
4684,0.6855,1.1811710981347256,1.8350478509273542,7741,12026
4685,0.6856249999999999,1.165182868838594,1.8038266260640123,7636,11822
4686,0.68575,1.149402588714128,1.7702896295757033,7533,11602
4687,0.685875,1.1355300439769165,1.736267779839306,7442,11379
4688,0.6859999999999999,1.1243917358930131,1.7027285407942447,7369,11159
4689,0.686125,1.1149689877431552,1.6688033063709407,7307,10937
4690,0.68625,1.1056999785582338,1.6330883962414657,7246,10703
4691,0.686375,1.0964470341671797,1.5956115333116814,7186,10457
4692,0.6865,1.088699864250757,1.55803399997212,7135,10211
4693,0.6866249999999999,1.083764694749661,1.5218388854103937,7103,9974
4694,0.68675,1.0811748147706346,1.4867405323940825,7086,9744
4695,0.686875,1.0792837296501465,1.4512767544855583,7073,9511
4696,0.6869999999999999,1.0773098554047014,1.4148524346537288,7060,9272
4697,0.687125,1.0763081197034534,1.3787101612665436,7054,9036
4698,0.68725,1.077867988262549,1.3446271861337948,7064,8812
4699,0.687375,1.0821459321011122,1.312946919623278,7092,8605
4700,0.6875,1.0876623094035751,1.2823747939613364,7128,8404
4701,0.6876249999999999,1.0931120447758567,1.2517879850195837,7164,8204
4702,0.68775,1.0989542583930132,1.2218240936221139,7202,8007
4703,0.687875,1.1068189802773452,1.1942869382295864,7254,7827
4704,0.688,1.1174626866770254,1.1701012333191776,7323,7668
4705,0.688125,1.1297966237275714,1.1483400474425476,7404,7526
4706,0.68825,1.1421890636186047,1.1275263081483868,7485,7389
4707,0.688375,1.1544328201531138,1.1075995265167011,7566,7259
4708,0.6885,1.1679486974949167,1.0901186157760683,7654,7144
4709,0.6886249999999999,1.1839748520652127,1.076450553413613,7759,7055
4710,0.68875,1.2019775377730681,1.0661806289106894,7877,6987
4711,0.688875,1.2202444906491146,1.0577052342052176,7997,6932
4712,0.689,1.237929805795032,1.0502763842424017,8113,6883
4713,0.689125,1.2560257690858734,1.0449730719145638,8231,6848
4714,0.68925,1.276061047983838,1.0433992488188117,8363,6838
4715,0.689375,1.2981333857795756,1.0457161691144643,8507,6853
4716,0.6895,1.3207066277681279,1.0504393539367194,8655,6884
4717,0.6896249999999999,1.3424216208891697,1.056249273001107,8798,6922
4718,0.68975,1.3636859653155695,1.063581181371975,8937,6970
4719,0.689875,1.386080939743141,1.074031961926006,9084,7039
4720,0.69,1.4103171368436769,1.0883159883371953,9243,7132
4721,0.690125,1.4352629859182184,1.1052936998303433,9406,7244
4722,0.69025,1.4592470835743758,1.1232742940492053,9563,7361
4723,0.690375,1.4820258937590243,1.1419836107223231,9713,7484
4724,0.6905,1.5049872455672735,1.1627681157285812,9863,7620
4725,0.6906249999999999,1.5293398627829173,1.1867847394034454,10023,7778
4726,0.69075,1.5545241321521157,1.213412241908013,10188,7952
4727,0.690875,1.5788056367342929,1.2408451712421744,10347,8132
4728,0.691,1.601320029637851,1.2681394293756612,10494,8311
4729,0.691125,1.623044993651993,1.296184760600837,10637,8495
4730,0.69125,1.645498402679509,1.326403683180935,10784,8693
4731,0.691375,1.6687711215254046,1.3587849077704488,10936,8905
4732,0.6915,1.691323976940421,1.391681137484857,11084,9121
4733,0.6916249999999999,1.7117987391114085,1.423620741817651,11218,9330
4734,0.69175,1.7306077931079402,1.4548982958273033,11342,9535
4735,0.691875,1.7493411213082304,1.486982311085882,11464,9745
4736,0.692,1.7687218347511966,1.5204716527651734,11591,9965
4737,0.692125,1.7876347275093538,1.5541248797653588,11715,10185
4738,0.69225,1.8044284806567703,1.5861633315404058,11826,10395
4739,0.692375,1.8188833682172898,1.6162396374512364,11920,10592
4740,0.6925,1.8324146072899279,1.6456419263259718,12009,10785
4741,0.6926249999999999,1.8462618676400937,1.6754841372578821,12100,10980
4742,0.69275,1.8598998732061953,1.7051174373655498,12189,11175
4743,0.692875,1.8716318899005908,1.7327244889534545,12266,11356
4744,0.693,1.8806344156259949,1.7573648940717397,12325,11517
4745,0.693125,1.8879290693381614,1.7799478220957792,12373,11665
4746,0.69325,1.8950805541467735,1.801930648773252,12420,11809
4747,0.693375,1.9022293624152786,1.8233523410936585,12466,11950
4748,0.6935,1.907888536377118,1.8426308003808307,12504,12076
4749,0.6936249999999999,1.9107545320162194,1.8583743307947047,12522,12179
4750,0.69375,1.9112966706609416,1.8709715673969893,12526,12262
4751,0.693875,1.9111639823635607,1.881998834481648,12525,12334
4752,0.694,1.9111405107552604,1.8921758109701134,12525,12401
4753,0.694125,1.9101737086915902,1.9003943390266167,12519,12454
4754,0.6942499999999999,1.9066764119406878,1.9050206352446744,12496,12485
4755,0.694375,1.9004943687203584,1.9058631213530122,12455,12490
4756,0.6945,1.8931093586682768,1.9043756534921192,12407,12481
4757,0.6946249999999999,1.8858285105588688,1.901847022192447,12359,12464
4758,0.69475,1.8781946746898988,1.8978113067613176,12309,12437
4759,0.694875,1.8685797057589844,1.8906412172800333,12246,12391
4760,0.695,1.8562289286804838,1.8795924160429065,12165,12318
4761,0.695125,1.8422328122456566,1.865775125930727,12073,12228
4762,0.6952499999999999,1.8282247157632403,1.850851611202268,11981,12130
4763,0.695375,1.8144133709852266,1.8350684714512384,11891,12026
4764,0.6955,1.7993794367177245,1.8170528166520876,11792,11908
4765,0.6956249999999999,1.7818861345557528,1.795622596917326,11678,11768
4766,0.69575,1.7624685075122923,1.7713753782537462,11551,11609
4767,0.695875,1.7428400331406722,1.7460945392094789,11422,11443
4768,0.696,1.7238477508805703,1.7207038248454727,11297,11277
4769,0.696125,1.704500428223409,1.694294996099457,11171,11104
4770,0.6962499999999999,1.683270374567258,1.6654289946597913,11031,10915
4771,0.696375,1.660060744924463,1.6341026421412226,10879,10709
4772,0.6965,1.6364085187314088,1.60195091093524,10724,10499
4773,0.6966249999999999,1.6136735982161923,1.5704353450422235,10575,10292
4774,0.69675,1.5914490620415807,1.5392535647437733,10430,10088
4775,0.696875,1.5681542380602842,1.5069316053347934,10277,9876
4776,0.697,1.5430790732823862,1.472867515991275,10113,9653
4777,0.697125,1.5173556092699019,1.4383020625760004,9944,9426
4778,0.6972499999999999,1.4926556570093696,1.4050156286359572,9782,9208
4779,0.697375,1.4692230949107712,1.3733597211595165,9629,9000
4780,0.6975,1.445670376613322,1.342052721102289,9474,8795
4781,0.6976249999999999,1.420788999432528,1.3099895594042683,9311,8585
4782,0.69775,1.3951387417184944,1.277830232598503,9143,8374
4783,0.697875,1.3704541274209774,1.2474054943225195,8981,8175
4784,0.698,1.347599557945729,1.2196713190124397,8832,7993
4785,0.698125,1.325597350352807,1.1937362056328145,8687,7823
4786,0.6982499999999999,1.3029295814270043,1.1681624239294206,8539,7656
4787,0.698375,1.2795052856066134,1.1429325348806258,8385,7490
4788,0.6985,1.2568634893175032,1.1196519126239426,8237,7338
4789,0.6986249999999999,1.2363622270734793,1.0997371572421468,8103,7207
4790,0.69875,1.2175888752345259,1.082826014545982,7980,7096
4791,0.698875,1.1989531670361961,1.0673698774872566,7857,6995
4792,0.699,1.179731666241294,1.0526779549395369,7731,6899
4793,0.699125,1.1610392100701497,1.039888304240434,7609,6815
4794,0.6992499999999999,1.1445267100083094,1.0306654443048244,7501,6755
4795,0.699375,1.1304134430120065,1.0252323508737724,7408,6719
4796,0.6995,1.1172837059015908,1.0221670456696026,7322,6699
4797,0.6996249999999999,1.1038973027722185,1.020212910886607,7235,6686
4798,0.69975,1.0907789477403858,1.0198681515147445,7149,6684
4799,0.699875,1.0796247739945606,1.0227922603014465,7075,6703
4800,0.7,1.0712576477500266,1.0297615154771105,7021,6749
4801,0.700125,1.064655275905169,1.0396971759883538,6977,6814
4802,0.7002499999999999,1.0582522466233795,1.0509678264481037,6935,6888
4803,0.700375,1.051907320827426,1.0633568876637982,6894,6969
4804,0.7005,1.0471066749837448,1.0782662778932584,6862,7067
4805,0.7006249999999999,1.0451530337139934,1.0969058926801578,6850,7189
4806,0.70075,1.0455762213159536,1.1187046796992217,6852,7332
4807,0.700875,1.046726314802881,1.141904260939705,6860,7484
4808,0.701,1.0478183418922908,1.1656042470689336,6867,7639
4809,0.701125,1.0499038817281545,1.190734420068854,6881,7804
4810,0.7012499999999999,1.0545690937802934,1.2187534574711747,6911,7987
4811,0.701375,1.0619671846653793,1.2496820820201489,6960,8190
4812,0.7015,1.0706152915195204,1.2819007032827292,7016,8401
4813,0.7016249999999999,1.079205160665931,1.3139608657997972,7073,8611
4814,0.70175,1.0881927773556683,1.346175682299681,7132,8822
4815,0.701875,1.0992050793405252,1.3800273869740687,7204,9044
4816,0.702,1.1129954929869381,1.4161237014261046,7294,9281
4817,0.702125,1.1284722561834686,1.4532270492967951,7396,9524
4818,0.7022499999999999,1.144000673459589,1.489557647928207,7497,9762
4819,0.702375,1.159370630786689,1.5247619473108314,7598,9993
4820,0.7025,1.1760000425894874,1.5601169003699131,7707,10224
4821,0.7026249999999999,1.1951242129498114,1.5967202601999497,7832,10464
4822,0.70275,1.2162065784832798,1.6339021130959337,7971,10708
4823,0.702875,1.2375320924227053,1.6698191895082644,8110,10943
4824,0.703,1.2582520986954713,1.703500475888391,8246,11164
4825,0.703125,1.2793561632755586,1.735819942676659,8384,11376
4826,0.7032499999999999,1.3023702616993895,1.768195398964804,8535,11588
4827,0.703375,1.3273894732467655,1.8006220324375513,8699,11801
4828,0.7035,1.3528750034705015,1.8314700116466975,8866,12003
4829,0.703625,1.3774650841373857,1.8592961610991547,9027,12185
4830,0.70375,1.4015647209276452,1.884434186365117,9185,12350
4831,0.703875,1.4267526194543028,1.9084022862400087,9350,12507
4832,0.704,1.45373681666008,1.931859146481041,9527,12661
4833,0.704125,1.4813832047187607,1.9536330442221002,9708,12803
4834,0.7042499999999999,1.508017857569128,1.9720244115505206,9883,12924
4835,0.704375,1.5333947327700685,1.9867739977707592,10049,13021
4836,0.7045,1.5588991651680935,1.9992664673461118,10216,13102
4837,0.704625,1.5857373989051722,2.010720260220198,10392,13177
4838,0.70475,1.6133473516066728,2.0205983229841946,10573,13242
4839,0.704875,1.6399921509114732,2.027201832406114,10748,13285
4840,0.705,1.6648050042501679,2.0297148934379643,10910,13302
4841,0.705125,1.6887611624046641,2.0291765422354957,11067,13298
4842,0.7052499999999999,1.7133760771675492,2.02717859496805,11229,13285
4843,0.705375,1.7387382058653937,2.0238983411951326,11395,13264
4844,0.7055,1.7633059788446568,2.017895070210392,11556,13224
4845,0.705625,1.7857187865327697,2.0079207965300783,11703,13159
4846,0.70575,1.8063866475947656,1.994509362433716,11838,13071
4847,0.705875,1.826897197781442,1.979383018265308,11973,12972
4848,0.706,1.8479712182740515,1.9634072713892425,12111,12867
4849,0.706125,1.8684911973586196,1.9456188990158512,12245,12751
4850,0.7062499999999999,1.8868035316819065,1.9245273696639318,12365,12613
4851,0.706375,1.9026862403653868,1.900081877899275,12469,12452
4852,0.7065,1.9175523127313538,1.8738738276220273,12567,12281
4853,0.706625,1.9326392269159043,1.8473255534669324,12666,12107
4854,0.70675,1.9474195492670803,1.8200999889383915,12763,11928
4855,0.706875,1.9601944320045754,1.790693264371287,12846,11735
4856,0.707,1.9701383014128226,1.7584784165428335,12911,11524
4857,0.707125,1.9782707575441063,1.7246763038916697,12965,11303
4858,0.7072499999999999,1.9861545357577937,1.6910525629314839,13016,11082
4859,0.707375,1.9939282232036137,1.6579492751539444,13067,10866
4860,0.7075,2.0001030180905035,1.6240807162211894,13108,10644
4861,0.707625,2.0033736056221265,1.5883431384920497,13129,10409
4862,0.70775,2.0042076084314564,1.5514032283759263,13135,10167
4863,0.707875,2.0042524425996846,1.5151038475143075,13135,9929
4864,0.708,2.0042906214796834,1.4804183823409065,13135,9702
4865,0.708125,2.0032681644890795,1.4464780396713202,13129,9480
4866,0.7082499999999999,1.9995965698362768,1.4118729252014204,13105,9253
4867,0.708375,1.9931203575952696,1.3766184982495229,13062,9022
4868,0.7085,1.9853201877340412,1.3423578757391423,13011,8797
4869,0.708625,1.977502191649801,1.3105501231892098,12960,8589
4870,0.70875,1.9692083435519008,1.2808799108613265,12905,8394
4871,0.708875,1.9588097573208478,1.2518498399679254,12837,8204
4872,0.709,1.9455511512009525,1.222824307632944,12750,8014
4873,0.709125,1.9305225354587612,1.1950003146151198,12652,7832
4874,0.7092499999999999,1.9153569577105296,1.1701047407890361,12552,7668
4875,0.709375,1.900262998736773,1.1484260708283225,12454,7526
4876,0.7095,1.8838213255077143,1.1286106190112852,12346,7396
4877,0.709625,1.8647953405469284,1.1094725351968042,12221,7271
4878,0.70975,1.8437204386497739,1.0915828837770825,12083,7154
4879,0.7098749999999999,1.8223106332176302,1.076675767788786,11943,7056
4880,0.71,1.8014136812911417,1.065603432336853,11806,6984
4881,0.710125,1.780039262374451,1.0573640939445634,11666,6930
4882,0.7102499999999999,1.7566607895106012,1.0504038886068938,11512,6884
4883,0.710375,1.7311827249277387,1.044583999200016,11345,6846
4884,0.7105,1.7051435555585486,1.0413839256506825,11175,6825
4885,0.710625,1.6799049024800206,1.0420905725747416,11009,6829
4886,0.71075,1.6550617706880237,1.0462089471081981,10847,6856
4887,0.7108749999999999,1.6290356319180161,1.05205538814433,10676,6895
4888,0.711,1.6011187901330945,1.058802525736691,10493,6939
4889,0.711125,1.5724458658188711,1.067451078341595,10305,6996
4890,0.7112499999999999,1.5446914657336344,1.079528251649842,10123,7075
4891,0.711375,1.5181024885207635,1.0951205185423654,9949,7177
4892,0.7115,1.491294626712135,1.1126709717134455,9773,7292
4893,0.711625,1.4630628413696547,1.1307904255584103,9588,7411
4894,0.71175,1.4339705929638789,1.1498476029168065,9398,7536
4895,0.7118749999999999,1.4057563105903563,1.1713763727524018,9213,7677
4896,0.712,1.3792885166565427,1.196031917318168,9039,7838
4897,0.712125,1.3535938680994817,1.2226196684095252,8871,8013
4898,0.7122499999999999,1.327158992604962,1.2493982520867264,8698,8188
4899,0.712375,1.2998976878181,1.276047692181136,8519,8363
4900,0.7125,1.273353947179686,1.3038735885385648,8345,8545
4901,0.712625,1.248890975500207,1.3339972265216409,8185,8742
4902,0.71275,1.2261015135920368,1.3657670747570805,8035,8951
4903,0.7128749999999999,1.2034008509131333,1.397352959799028,7887,9158
4904,0.713,1.1800712895216139,1.427791700117342,7734,9357
4905,0.713125,1.1572335827040454,1.4579597518245668,7584,9555
4906,0.7132499999999999,1.136544725576675,1.4892721423440023,7448,9760
4907,0.713375,1.1182302400642639,1.5217159835557315,7328,9973
4908,0.7135,1.100880818636603,1.5536482081531158,7215,10182
4909,0.713625,1.0832628035597323,1.583607273615414,7099,10378
4910,0.71375,1.0659075786345384,1.6119035735395353,6986,10564
4911,0.7138749999999999,1.0505180681642134,1.6400271333727516,6885,10748
4912,0.714,1.0379240396339056,1.6686038384534974,6802,10935
4913,0.714125,1.0271101994128564,1.6964246745239584,6731,11118
4914,0.7142499999999999,1.0165182218958495,1.7217485686202574,6662,11284
4915,0.714375,1.0060140272149323,1.7442707366490757,6593,11431
4916,0.7145,0.9970910125440776,1.765326595685115,6535,11569
4917,0.714625,0.9910591691820134,1.7860818544661334,6495,11705
4918,0.71475,0.9874556226583856,1.805943589195871,6471,11835
4919,0.7148749999999999,0.984637768603452,1.823154236795876,6453,11948
4920,0.715,0.981827959524103,1.836836660456096,6435,12038
4921,0.715125,0.9800850868163937,1.8479664557579514,6423,12111
4922,0.7152499999999999,0.9810025987880502,1.8580701820890433,6429,12177
4923,0.715375,0.9847409473794388,1.8672583856533465,6454,12237
4924,0.7155,0.9898244611174039,1.8740225153263719,6487,12282
4925,0.715625,0.9949520024401067,1.877045996890415,6521,12301
4926,0.71575,1.000586587630378,1.876793723737011,6557,12300
4927,0.7158749999999999,1.0083620779639964,1.874918997219757,6608,12287
4928,0.716,1.019038706754331,1.8722187542040702,6678,12270
4929,0.716125,1.0315313789522038,1.8676619432397314,6760,12240
4930,0.7162499999999999,1.0442119180666996,1.8596913070703385,6843,12188
4931,0.716375,1.0568765569573104,1.8481907759403486,6926,12112
4932,0.7165,1.0709493776629169,1.8346882868193775,7019,12024
4933,0.716625,1.0876716481077577,1.8205448506663908,7128,11931
4934,0.71675,1.106512558921044,1.8053645243751788,7252,11832
4935,0.7168749999999999,1.1257625827576139,1.7875873342772568,7378,11715
4936,0.717,1.1445783435727803,1.766533251156933,7501,11577
4937,0.717125,1.1639544231543435,1.7433734035298085,7628,11425
4938,0.7172499999999999,1.185421545202442,1.7198272556171836,7769,11271
4939,0.717375,1.2090792448763188,1.6961945383139547,7924,11116
4940,0.7175,1.2333928893407122,1.6711511716203946,8083,10952
4941,0.717625,1.2570045534843057,1.643559271482777,8238,10771
4942,0.71775,1.2803227671924904,1.6140557286670272,8391,10578
4943,0.7178749999999999,1.3049294177789599,1.5844581296397147,8552,10384
4944,0.718,1.3315353825761256,1.555719173642613,8726,10196
4945,0.718125,1.359009030127457,1.5269540995177604,8906,10007
4946,0.7182499999999999,1.3856785495918156,1.4967417766123667,9081,9809
4947,0.718375,1.4112996309777848,1.4650912395014775,9249,9602
4948,0.7185,1.4372589634137563,1.433643949375988,9419,9396
4949,0.718625,1.4647637468446466,1.4038621121214607,9599,9200
4950,0.71875,1.493252462563849,1.3754382381466754,9786,9014
4951,0.7188749999999999,1.5209883909563733,1.3468874423271968,9968,8827
4952,0.719,1.5471044893803323,1.3175911613804792,10139,8635
4953,0.719125,1.5725753386429957,1.2887678826750784,10306,8446
4954,0.71925,1.598915310513481,1.2621702244150241,10479,8272
4955,0.719375,1.6262113570621508,1.2381165316481717,10658,8114
4956,0.7195,1.6529199897063829,1.215286862633269,10833,7965
4957,0.719625,1.6776782531475551,1.1925328173764562,10995,7815
4958,0.71975,1.7008934067612573,1.1704663405143527,11147,7671
4959,0.7198749999999999,1.7241499025205667,1.1508656242691693,11299,7542
4960,0.72,1.748164928169341,1.1346299044627925,11457,7436
4961,0.720125,1.7718169603139122,1.1208070300217579,11612,7345
4962,0.72025,1.793447982013026,1.1078950792371216,11754,7261
4963,0.720375,1.8128311907434358,1.0958091944975945,11881,7181
4964,0.7205,1.8313743638719062,1.086084503754578,12002,7118
4965,0.720625,1.8503093736426903,1.080064889247054,12126,7078
4966,0.72075,1.8691028055933394,1.0773133275108984,12249,7060
4967,0.7208749999999999,1.8860494551793079,1.0762047806378807,12360,7053
4968,0.721,1.900317036125942,1.0759707967223977,12454,7051
4969,0.721125,1.912918081706666,1.0776709576363657,12536,7063
4970,0.72125,1.925407927427698,1.0828909257430004,12618,7097
4971,0.721375,1.937917431721849,1.0917748707443051,12700,7155
4972,0.7215,1.9489497571653422,1.1028224848082593,12773,7227
4973,0.721625,1.9571912532392848,1.114699735623115,12827,7305
4974,0.72175,1.9631009293474493,1.1278287377224356,12865,7391
4975,0.7218749999999999,1.9683173202284774,1.1437946534264758,12900,7496
4976,0.722,1.973613812792488,1.1633015735935417,12934,7624
4977,0.722125,1.97792706682488,1.1852011368011037,12963,7767
4978,0.72225,1.9796590109491317,1.2077952229304598,12974,7915
4979,0.722375,1.9786444000246837,1.2308038663872587,12967,8066
4980,0.7225,1.9763539564372141,1.2555692239680478,12952,8228
4981,0.722625,1.9740837182596442,1.283245427410937,12937,8410
4982,0.72275,1.971365433689019,1.3132099160758353,12920,8606
4983,0.7228749999999999,1.9665598767040124,1.3436573938104053,12888,8806
4984,0.723,1.9589013343941126,1.3736453467357737,12838,9002
4985,0.723125,1.94946931541438,1.4040665152778196,12776,9202
4986,0.72325,1.939886317313792,1.436347762956895,12713,9413
4987,0.723375,1.930350344978815,1.4704834639445654,12651,9637
4988,0.7235,1.9194314847927025,1.5048332271741856,12579,9862
4989,0.723625,1.905882578257797,1.5379335257698408,12490,10079
4990,0.72375,1.8902284987827331,1.5700881489262042,12388,10290
4991,0.7238749999999999,1.874172803682633,1.6027758759647148,12283,10504
4992,0.724,1.8585528779978886,1.6366067966901803,12180,10726
4993,0.724125,1.8423681401781797,1.6703515837768663,12074,10947
4994,0.72425,1.8240818704589075,1.7022444755767816,11954,11156
4995,0.724375,1.8035885543050847,1.7319517086111693,11820,11351
4996,0.7245,1.7824168735720347,1.7607756181381775,11681,11539
4997,0.724625,1.7619188444344076,1.7898448649501144,11547,11730
4998,0.72475,1.7416800809509452,1.8185257415051754,11414,11918
4999,0.7248749999999999,1.7201129068150245,1.8450163500937604,11273,12091
5000,0.725,1.6965007326322525,1.868391935574546,11118,12245
5001,0.725125,1.671969569306914,1.8895774211701604,10957,12384
5002,0.72525,1.6481857074403008,1.9100459379044963,10802,12518
5003,0.725375,1.625388051945902,1.9298521172321323,10652,12647
5004,0.7254999999999999,1.6021846314228514,1.9474293290442464,10500,12763
5005,0.725625,1.5773631014419156,1.9614010597699412,10337,12854
5006,0.72575,1.5514799804293216,1.9721707421385672,10168,12925
5007,0.7258749999999999,1.5262671469004414,1.9813290271932995,10003,12985
5008,0.726,1.5025869666951073,1.9896093601998506,9847,13039
5009,0.726125,1.479460361346525,1.9959167092283292,9696,13080
5010,0.72625,1.455368644331419,1.998629697511343,9538,13098
5011,0.726375,1.4302207463045098,1.9975683623839144,9373,13091
5012,0.7264999999999999,1.4055562384269316,1.9941973180136712,9211,13069
5013,0.726625,1.382734372606226,1.989815193715517,9062,13040
5014,0.72675,1.3613444010553128,1.9839649353452753,8922,13002
5015,0.7268749999999999,1.3397986120299874,1.975027097341096,8781,12944
5016,0.727,1.3173767861695929,1.96226412573956,8634,12860
5017,0.727125,1.2951976564254817,1.9467919295809337,8488,12758
5018,0.72725,1.2749166885493715,1.930277338510931,8355,12650
5019,0.727375,1.2567583854047721,1.9129703738022332,8236,12537
5020,0.7274999999999999,1.2393129181435307,1.8935004157228128,8122,12409
5021,0.727625,1.221346622648367,1.8706865250641769,8004,12260
5022,0.72775,1.2033913763700483,1.8451262267227861,7887,12092
5023,0.7278749999999999,1.1871511121900051,1.8186017131478833,7780,11918
5024,0.728,1.1734571039595978,1.7920344212166035,7690,11744
5025,0.728125,1.1612960746926537,1.7645127034527432,7611,11564
5026,0.72825,1.149112206461448,1.73459303013361,7531,11368
5027,0.728375,1.1367744280787344,1.7022667249748513,7450,11156
5028,0.7284999999999999,1.125779625222412,1.6691622865025875,7378,10939
5029,0.728625,1.1174417648977715,1.6367338593469547,7323,10726
5030,0.72875,1.1113024125905318,1.604670801315586,7283,10516
5031,0.7288749999999999,1.1057238728824688,1.5714900855118186,7246,10299
5032,0.729,1.09993385170763,1.5365799718640065,7209,10070
5033,0.729125,1.0949970404374363,1.5011707848518916,7176,9838
5034,0.72925,1.0925131080316912,1.467031895556645,7160,9614
5035,0.729375,1.0926491471750295,1.4345033122707904,7161,9401
5036,0.7294999999999999,1.0939365202223221,1.4022915183758382,7169,9190
5037,0.729625,1.0950815133045633,1.3692792412528645,7177,8974
5038,0.72975,1.0965549283732605,1.3361140593749363,7186,8756
5039,0.7298749999999999,1.099998768540743,1.304614192652374,7209,8550
5040,0.73,1.1061817365952342,1.275723059422507,7249,8361
5041,0.730125,1.1140275262970571,1.248536682750158,7301,8182
5042,0.73025,1.1219170403849947,1.2216050294483103,7353,8006
5043,0.730375,1.1296558706557502,1.194898634455565,7403,7831
5044,0.7304999999999999,1.1386777087692093,1.1700112127121989,7462,7668
5045,0.730625,1.1502336699615159,1.1483481748367217,7538,7526
5046,0.73075,1.1638030009800266,1.129536631748989,7627,7403
5047,0.7308749999999999,1.1776864242833247,1.1120179955522302,7718,7288
5048,0.731,1.1910509788452908,1.095092225933932,7806,7177
5049,0.731125,1.2049018095868895,1.0798889563695653,7896,7077
5050,0.73125,1.2207803236626191,1.0680651756744979,8001,7000
5051,0.731375,1.2387968411235437,1.0598373088953776,8119,6946
5052,0.7314999999999999,1.2574275885902717,1.0537778639406343,8241,6906
5053,0.731625,1.275325554496301,1.048625821595838,8358,6872
5054,0.73175,1.2929102106707415,1.0448761428985378,8473,6848
5055,0.7318749999999999,1.3117743929059515,1.0441862976064613,8597,6843
5056,0.732,1.332639909267682,1.0473317933171102,8734,6864
5057,0.732125,1.3543860182709366,1.0532344205896187,8876,6902
5058,0.73225,1.3753517356348959,1.060264614735328,9014,6949
5059,0.732375,1.3953034905631116,1.0682090012335772,9144,7001
5060,0.7324999999999999,1.4156386032152757,1.0784740587506263,9278,7068
5061,0.732625,1.4375747717524916,1.0922756178404502,9421,7158
5062,0.73275,1.4605608240951131,1.1090499222369454,9572,7268
5063,0.7328749999999999,1.482870210563408,1.1270472532073361,9718,7386
5064,0.733,1.5036458651895492,1.1453772152273893,9854,7506
5065,0.733125,1.5238721268637312,1.1649809037249776,9987,7635
5066,0.73325,1.5450728926325363,1.1873295860092568,10126,7781
5067,0.733375,1.567344381733501,1.2124578190488458,10272,7946
5068,0.7334999999999999,1.5891521028942768,1.2387610339871273,10415,8118
5069,0.733625,1.6091418032188514,1.2648069358138112,10546,8289
5070,0.73375,1.6277291404164862,1.2909258669185597,10667,8460
5071,0.7338749999999999,1.6465066361479268,1.3186182960454689,10791,8642
5072,0.734,1.6661992126891292,1.3485111034821622,10920,8838
5073,0.734125,1.6856927221532807,1.3793867166775042,11047,9040
5074,0.73425,1.703336160271386,1.409486111800695,11163,9237
5075,0.734375,1.7189093513884068,1.438477160404801,11265,9427
5076,0.7344999999999999,1.7338263128630322,1.4676588022827906,11363,9618
5077,0.734625,1.7493247481852037,1.4981512388954876,11464,9818
5078,0.73475,1.7648766670378304,1.5293073637861194,11566,10022
5079,0.734875,1.7787818613378878,1.5593069602235328,11657,10219
5080,0.735,1.79021261793399,1.587202207585272,11732,10402
5081,0.735125,1.8001856007342631,1.613890288709692,11798,10577
5082,0.73525,1.8102598403835413,1.640812138659025,11864,10753
5083,0.735375,1.8205694373993664,1.6679858591229624,11931,10931
5084,0.7354999999999999,1.8296203529348742,1.6938042167650111,11991,11101
5085,0.735625,1.836101275695633,1.7168461903660415,12033,11252
5086,0.73575,1.840473106968733,1.7374670964324184,12062,11387
5087,0.735875,1.8443758120010065,1.757206073561824,12087,11516
5088,0.736,1.8485837611743796,1.776741983428549,12115,11644
5089,0.736125,1.852034138586002,1.7949223901686584,12137,11763
5090,0.73625,1.853128954525758,1.8100660401662365,12145,11862
5091,0.736375,1.8517025927088113,1.8219309045579224,12135,11940
5092,0.7364999999999999,1.84922497009985,1.8319177044130814,12119,12006
5093,0.736625,1.84699087691287,1.841259659014894,12104,12067
5094,0.73675,1.8445303913970676,1.8494331570726303,12088,12120
5095,0.736875,1.8402021893638874,1.85475137823045,12060,12155
5096,0.737,1.8332380534864536,1.8564089454988535,12014,12166
5097,0.737125,1.8247145776365268,1.8554538383193846,11958,12160
5098,0.73725,1.8162509575883177,1.85348521143025,11903,12147
5099,0.737375,1.8080415073480616,1.8506860122207007,11849,12129
5100,0.7374999999999999,1.7986522578515545,1.8456194936493855,11788,12095
5101,0.737625,1.7868316304275622,1.8370398791787934,11710,12039
5102,0.73775,1.7730997390638874,1.8254814690102064,11620,11963
5103,0.737875,1.7591550441331334,1.8126651765074813,11529,11879
5104,0.738,1.7458295223755065,1.7994533981399867,11441,11793
5105,0.738125,1.732116876127525,1.7848780000215736,11352,11697
5106,0.73825,1.7164743882965372,1.76744177747103,11249,11583
5107,0.738375,1.6987902710559142,1.747085481532729,11133,11450
5108,0.7384999999999999,1.6805866838003958,1.7253903569533287,11014,11308
5109,0.738625,1.6632088779247651,1.7037668735776121,10900,11166
5110,0.73875,1.646235487114379,1.6818644648158643,10789,11022
5111,0.738875,1.6280716474247385,1.6581641535840284,10670,10867
5112,0.739,1.607993400980511,1.632022346658697,10538,10696
5113,0.739125,1.5871192190165677,1.6046417952013772,10401,10516
5114,0.73925,1.5671077071563975,1.5777686487573308,10270,10340
5115,0.739375,1.5481899508738417,1.5517241838380469,10146,10169
5116,0.7394999999999999,1.5289660499621045,1.5252006616531326,10020,9996
5117,0.739625,1.508215633697405,1.497071187354149,9884,9811
5118,0.73975,1.4864871208311392,1.467978284814554,9742,9621
5119,0.739875,1.465504229563102,1.4397397279130761,9604,9435
5120,0.74,1.4461211276818815,1.413303014075912,9477,9262
5121,0.740125,1.4273505143856253,1.3877727614765931,9354,9095
5122,0.74025,1.4076654780413598,1.361711915608125,9225,8924
5123,0.740375,1.3869667354023816,1.3351083149629797,9090,8750
5124,0.7404999999999999,1.3667856748891885,1.309577124651694,8957,8582
5125,0.740625,1.3484734111822416,1.2865492453350373,8837,8432
5126,0.74075,1.3316111230053718,1.2656810979266404,8727,8295
5127,0.740875,1.3146031034298387,1.2454470722933715,8615,8162
5128,0.741,1.2967212325865558,1.2251835171191328,8498,8029
5129,0.7411249999999999,1.279076452200036,1.2060596720807106,8383,7904
5130,0.74125,1.263316560483313,1.1897750620560663,8279,7797
5131,0.741375,1.2496585309558303,1.176591346671091,8190,7711
5132,0.7414999999999999,1.2366851559564556,1.1651286552203348,8105,7636
5133,0.741625,1.2231555573437072,1.1541757133519408,8016,7564
5134,0.74175,1.2095945735464386,1.1442790213267695,7927,7499
5135,0.741875,1.197699287292648,1.1371490931964197,7849,7452
5136,0.742,1.1882943191826407,1.1336156466883316,7788,7429
5137,0.7421249999999999,1.1803599492480377,1.1326555396834965,7736,7423
5138,0.74225,1.172334132676493,1.1326947901332407,7683,7423
5139,0.742375,1.1640798002344446,1.1335758004780636,7629,7429
5140,0.7424999999999999,1.1570880720276862,1.136760683666713,7583,7450
5141,0.742625,1.1526673939851453,1.1435204357847901,7554,7494
5142,0.74275,1.1503540564606556,1.1533456725726434,7539,7559
5143,0.742875,1.1485053460744914,1.1645399300131682,7527,7632
5144,0.743,1.146344207284932,1.1762646445281288,7513,7709
5145,0.7431249999999999,1.1449308368188966,1.1895110065678782,7503,7796
5146,0.74325,1.1458606730713246,1.2057983619676305,7510,7902
5147,0.743375,1.1492968516676647,1.2252070322894797,7532,8030
5148,0.7434999999999999,1.1537670466618175,1.2461756516740352,7561,8167
5149,0.743625,1.1579741331054767,1.2673122925098295,7589,8305
5150,0.74375,1.1623857724681834,1.2889846185302982,7618,8447
5151,0.743875,1.1686411054481198,1.3127271293911353,7659,8603
5152,0.744,1.1775062420953055,1.339197277049412,7717,8777
5153,0.7441249999999999,1.187902559593597,1.367204392177929,7785,8960
5154,0.74425,1.1982089102401983,1.3950125620724432,7853,9142
5155,0.744375,1.2082291070191926,1.4223088080328905,7918,9321
5156,0.7444999999999999,1.2193953229057644,1.450407182239077,7991,9505
5157,0.744625,1.2329574191083568,1.480438835695803,8080,9702
5158,0.74475,1.2483936401711944,1.5117634217701772,8181,9907
5159,0.744875,1.2640039617811782,1.542563215063849,8284,10109
5160,0.745,1.2789549175867367,1.5718886403836911,8382,10302
5161,0.7451249999999999,1.294251391346264,1.6006308498994997,8482,10490
5162,0.74525,1.3114347582540766,1.6302205432211883,8595,10684
5163,0.745375,1.3306155375033004,1.6606614009995297,8720,10883
5164,0.7454999999999999,1.3502703701905434,1.69032770148859,8849,11078
5165,0.745625,1.3690528757064935,1.71777593599149,8972,11258
5166,0.74575,1.3873833569417955,1.7433350967495873,9092,11425
5167,0.745875,1.4068556813192896,1.7685142773449534,9220,11590
5168,0.746,1.4281928722922819,1.7939587762086038,9360,11757
5169,0.7461249999999999,1.4502755874024977,1.8184792373710303,9505,11918
5170,0.74625,1.471444407968311,1.840354368313731,9643,12061
5171,0.746375,1.4914674947397075,1.8592991857425696,9774,12185
5172,0.7464999999999999,1.5117440482397484,1.8766688089092447,9907,12299
5173,0.746625,1.533493794776283,1.8936484487303278,10050,12410
5174,0.74675,1.55616772116169,1.9096643710741226,10199,12515
5175,0.746875,1.5780415660151565,1.9229777915153354,10342,12602
5176,0.747,1.5982606643039272,1.9327298371316979,10474,12666
5177,0.7471249999999999,1.617811866926616,1.9399137593289195,10602,12713
5178,0.74725,1.6382216776657457,1.9460730723408264,10736,12754
5179,0.747375,1.6595890155444346,1.9513344903995247,10876,12788
5180,0.7474999999999999,1.6803821663360343,1.9542047633080586,11013,12807
5181,0.747625,1.6992497297447995,1.9533816743272803,11136,12802
5182,0.74775,1.7166102765496127,1.9493434647982115,11250,12775
5183,0.747875,1.7340593002967963,1.943755709438342,11364,12739
5184,0.748,1.752324739691138,1.937426493201899,11484,12697
5185,0.7481249999999999,1.7702955063137393,1.929334735272937,11602,12644
5186,0.74825,1.7863236850439868,1.9179319371356722,11707,12569
5187,0.748375,1.8001922177599903,1.9031095377921834,11798,12472
5188,0.7484999999999999,1.8133182553947447,1.8864017153271466,11884,12363
5189,0.748625,1.8269426500368668,1.8691744310988878,11973,12250
5190,0.74875,1.8405405637188268,1.851035400892912,12062,12131
5191,0.748875,1.8524149437833206,1.8304270109481944,12140,11996
5192,0.749,1.86174122544278,1.8066703088206235,12201,11840
5193,0.7491249999999999,1.8695392136036415,1.7809362249437635,12252,11672
5194,0.74925,1.8773710635812377,1.7549427824775992,12304,11501
5195,0.749375,1.8853739843510142,1.728987052179314,12356,11331
5196,0.7494999999999999,1.892057021533492,1.7017411217336047,12400,11153
5197,0.749625,1.896111924861474,1.6720621415676027,12426,10958
5198,0.74975,1.8980026266369305,1.640580964382577,12439,10752
5199,0.749875,1.899372094095695,1.6091081191714982,12448,10545
5200,0.75,1.9009976651954295,1.578588301084847,12458,10345
5201,0.7501249999999999,1.9018194586297696,1.5481278643646914,12464,10146
5202,0.75025,1.9002423820752852,1.5162959963036031,12453,9937
5203,0.750375,1.8961036812740164,1.4830913294822876,12426,9720
5204,0.7505,1.8908760967565783,1.4501442944179448,12392,9504
5205,0.750625,1.8858572060833654,1.4189055247685518,12359,9299
5206,0.75075,1.8805798365886488,1.3890555143321717,12325,9103
5207,0.750875,1.8734053775064212,1.35909701170525,12278,8907
5208,0.751,1.863568288231836,1.3283988383807566,12213,8706
5209,0.7511249999999999,1.8521478055454306,1.2981667176004954,12138,8508
5210,0.75125,1.8407657342083041,1.270140456370741,12064,8324
5211,0.751375,1.8296189664180793,1.2446256445128194,11991,8157
5212,0.7515,1.8172760812286028,1.2202897414794485,11910,7997
5213,0.751625,1.8024880213000898,1.1959720084743428,11813,7838
5214,0.75175,1.7857773966413995,1.1722724080230682,11703,7683
5215,0.751875,1.7688451416928854,1.1509576085593292,11592,7543
5216,0.752,1.7525256874300437,1.1329158710220293,11485,7425
5217,0.7521249999999999,1.735815173945676,1.1171847156270858,11376,7322
5218,0.75225,1.7171733080845322,1.102252620431621,11254,7224
5219,0.752375,1.6964907153780118,1.0880259465696656,11118,7130
5220,0.7525,1.675291961106239,1.0760319318024876,10979,7052
5221,0.752625,1.6549246981066923,1.067607540761805,10846,6997
5222,0.75275,1.6349699604956005,1.06230986506176,10715,6962
5223,0.752875,1.61383528647241,1.058509085064735,10576,6937
5224,0.753,1.590799125678535,1.0554331170272568,10425,6917
5225,0.7531249999999999,1.5669823645384477,1.0541391185227085,10269,6908
5226,0.75325,1.5440460353259577,1.0562115673266874,10119,6922
5227,0.753375,1.5222236634121769,1.0617947315492484,9976,6959
5228,0.7535,1.5001178055394775,1.0693897015885474,9831,7008
5229,0.753625,1.4765105661510058,1.077665170868416,9676,7063
5230,0.75375,1.4519528611292651,1.0870473082527665,9516,7124
5231,0.753875,1.428170928209957,1.0991266701629363,9360,7203
5232,0.754,1.4060214807150548,1.1146140665975428,9215,7305
5233,0.7541249999999999,1.3845197890132857,1.1323691744896303,9074,7421
5234,0.75425,1.3621415416401053,1.1507032010440803,8927,7541
5235,0.754375,1.338790083255421,1.1693467739459473,8774,7663
5236,0.7545,1.3159994609997372,1.189653864166718,8625,7797
5237,0.754625,1.2951234768574749,1.2127915985500122,8488,7948
5238,0.75475,1.275746028158492,1.2381515336023987,8361,8114
5239,0.754875,1.2562741546261431,1.2639435560585004,8233,8283
5240,0.755,1.235982513416353,1.2892413293195149,8100,8449
5241,0.7551249999999999,1.215984849300961,1.3149546937750103,7969,8618
5242,0.75525,1.1979317914683445,1.3425284534362094,7851,8798
5243,0.755375,1.1820431668712392,1.3719756777158847,7747,8991
5244,0.7555,1.1669046451921594,1.401675334446674,7647,9186
5245,0.755625,1.1512782429239223,1.4301838210806543,7545,9373
5246,0.75575,1.1356917114293839,1.457825318697957,7443,9554
5247,0.755875,1.121845056883308,1.4860993572725378,7352,9739
5248,0.756,1.110565834407376,1.5156370336453628,7278,9933
5249,0.7561249999999999,1.100837260696444,1.5452301667459853,7214,10127
5250,0.75625,1.0911002298749914,1.5731341759087754,7151,10310
5251,0.756375,1.081220603848762,1.5990363901408018,7086,10479
5252,0.7565,1.0726924258112005,1.624260044590461,7030,10645
5253,0.756625,1.0668270455612185,1.6499543805688508,6992,10813
5254,0.7567499999999999,1.0631636374916278,1.6755058504181919,6968,10981
5255,0.756875,1.0600623402325542,1.699132167955502,6947,11135
5256,0.757,1.0567489173144529,1.719927545238609,6926,11272
5257,0.7571249999999999,1.0542863384244927,1.7388351022812085,6909,11396
5258,0.75725,1.054272767667844,1.757345308149982,6909,11517
5259,0.757375,1.0568740050821526,1.775529151794372,6926,11636
5260,0.7575,1.0606203265274952,1.791835301489507,6951,11743
5261,0.757625,1.0642171314320403,1.8049013679380845,6974,11829
5262,0.7577499999999999,1.0681345268307711,1.8151436672569061,7000,11896
5263,0.757875,1.0740140046870998,1.8241643871733717,7039,11955
5264,0.758,1.082623930637415,1.8327071096464962,7095,12011
5265,0.7581249999999999,1.0928878257653873,1.839685445066669,7162,12057
5266,0.75825,1.1031865732946446,1.84348512624536,7230,12081
5267,0.758375,1.1133258877648904,1.8439316863606432,7296,12084
5268,0.7585,1.124739713248146,1.842493599381648,7371,12075
5269,0.758625,1.1386795349632075,1.8404716525003537,7462,12062
5270,0.7587499999999999,1.1546250735680588,1.8374092420104897,7567,12042
5271,0.758875,1.170877616280015,1.8316856159963206,7673,12004
5272,0.759,1.1866048432677736,1.8225601690477093,7777,11944
5273,0.7591249999999999,1.2028126032093571,1.8111439818669226,7883,11870
5274,0.75925,1.2210430546699043,1.7990973078097323,8002,11791
5275,0.759375,1.241407302361445,1.7866618303914374,8136,11709
5276,0.7595,1.2623823756546146,1.772456876448428,8273,11616
5277,0.759625,1.2826220691288384,1.7552897427376801,8406,11503
5278,0.7597499999999999,1.3025466490409892,1.7357445414731816,8536,11375
5279,0.759875,1.3237497191539453,1.7155884273426005,8675,11243
5280,0.76,1.346953814220409,1.6957262513876454,8827,11113
5281,0.7601249999999999,1.3710388636703783,1.6752282738680893,8985,10979
5282,0.76025,1.394344484074791,1.652631456994635,9138,10831
5283,0.760375,1.4166376214262815,1.6279062594695983,9284,10669
5284,0.7605,1.439316015117716,1.6026590604042754,9433,10503
5285,0.760625,1.4635976717538524,1.5783207054991104,9592,10344
5286,0.7607499999999999,1.4889316044009666,1.55455618654341,9758,10188
5287,0.760875,1.5135913130363203,1.5298571329452995,9919,10026
5288,0.761,1.5367196345574055,1.5035856033628552,10071,9854
5289,0.7611249999999999,1.5593006529999363,1.4769449655092781,10219,9679
5290,0.76125,1.5828578429205202,1.451677003575738,10373,9514
5291,0.761375,1.607486824034266,1.428093621538657,10535,9359
5292,0.7615,1.6316523201112858,1.4048728091144689,10693,9207
5293,0.761625,1.6539991002106427,1.3808685316766645,10840,9050
5294,0.7617499999999999,1.6749416441766078,1.3566994655568363,10977,8891
5295,0.761875,1.6960710902650937,1.3341549152244723,11115,8744
5296,0.762,1.7181107668200761,1.3141494959652116,11260,8612
5297,0.7621249999999999,1.739944717919472,1.2957506703038149,11403,8492
5298,0.76225,1.7599199139755601,1.277480207598821,11534,8372
5299,0.762375,1.7778139354228684,1.2592809391640976,11651,8253
5300,0.7625,1.7950383358052302,1.242719483139655,11764,8144
5301,0.762625,1.8128281359884384,1.229174888910366,11881,8056
5302,0.7627499999999999,1.8306524447463253,1.2182487447619872,11997,7984
5303,0.762875,1.8468079384101734,1.2083579029420397,12103,7919
5304,0.763,1.8604635759194033,1.198778817009037,12193,7856
5305,0.7631249999999999,1.8726324871012765,1.190618785148047,12272,7803
5306,0.76325,1.884869966474345,1.185513708690508,12353,7769
5307,0.763375,1.8973061851364548,1.1836602807797554,12434,7757
5308,0.7635,1.9084429873113433,1.1836126943462604,12507,7757
5309,0.763625,1.9169647686006475,1.1840931284559282,12563,7760
5310,0.7637499999999999,1.9233279683681537,1.185581300153168,12605,7770
5311,0.763875,1.929167934978184,1.189721075967998,12643,7797
5312,0.764,1.9352542757317714,1.1972760276630485,12683,7846
5313,0.7641249999999999,1.9405192817846217,1.2071577455959317,12717,7911
5314,0.76425,1.9433599506169892,1.217728208721307,12736,7981
5315,0.764375,1.943605551938427,1.2287673822022496,12738,8053
5316,0.7645,1.9427207985692634,1.2416768700664578,12732,8137
5317,0.764625,1.9419952073085651,1.257669449207919,12727,8242
5318,0.7647499999999999,1.9409535255971666,1.2761801019034489,12720,8364
5319,0.764875,1.9379490639424917,1.2954596580975404,12701,8490
5320,0.765,1.9322082177069995,1.3146200344934427,12663,8615
5321,0.7651249999999999,1.9248021961282566,1.3346064027084912,12614,8746
5322,0.76525,1.9173448258858075,1.3568958067666126,12566,8893
5323,0.765375,1.9100250936865955,1.381530264065805,12518,9054
5324,0.7655,1.9014037579224479,1.406914270874906,12461,9220
5325,0.765625,1.8902240496836746,1.4316261685962677,12388,9382
5326,0.7657499999999999,1.8770009878577079,1.456008414377479,12301,9542
5327,0.765875,1.8634280613922058,1.4815750210317629,12212,9710
5328,0.766,1.8503324117035451,1.5089677372459689,12126,9889
5329,0.766125,1.8367030711493242,1.5369851198965894,12037,10073
5330,0.76625,1.8209928297601952,1.5638854207369848,11934,10249
5331,0.766375,1.8030856135275544,1.589354857080393,11817,10416
5332,0.7665,1.7844995132219874,1.614711662273725,11695,10582
5333,0.766625,1.7665759587813525,1.6410961923643401,11577,10755
5334,0.7667499999999999,1.7488900192953352,1.6678822290825241,11462,10931
5335,0.766875,1.7298435523763023,1.6932710820676047,11337,11097
5336,0.767,1.708709616174359,1.7163369653846035,11198,11248
5337,0.767125,1.6866040210058966,1.7379995030475148,11053,11390
5338,0.76725,1.6651830413608013,1.7597223481170727,10913,11533
5339,0.767375,1.644675788923029,1.7815464912984542,10779,11676
5340,0.7675,1.6236807519624128,1.801887632405893,10641,11809
5341,0.767625,1.6009763366681962,1.8193476201824064,10492,11923
5342,0.7677499999999999,1.577110130121189,1.834304456384488,10336,12021
5343,0.767875,1.5538054346913268,1.8483196737713594,10183,12113
5344,0.768,1.5319164190507484,1.862094123311246,10040,12203
5345,0.768125,1.510456222376794,1.8744968506127095,9899,12285
5346,0.76825,1.4878988107564686,1.8838674719017345,9751,12346
5347,0.768375,1.464146236404447,1.8899841193044293,9595,12386
5348,0.7685,1.440731677301998,1.8942668742200461,9442,12414
5349,0.768625,1.419008509128814,1.8979674263179085,9300,12439
5350,0.7687499999999999,1.398560637031405,1.9005796666402026,9166,12456
5351,0.768875,1.3777955603557912,1.9004332297785733,9030,12455
5352,0.769,1.3559888369717183,1.8967380833449665,8887,12430
5353,0.769125,1.334255569058435,1.8905563733757633,8744,12390
5354,0.76925,1.3142481872560785,1.8835001964832079,8613,12344
5355,0.769375,1.2961887773850893,1.8757641627299755,8495,12293
5356,0.7695,1.2786657108825994,1.8659218787862473,8380,12229
5357,0.769625,1.2604441598758827,1.8527365727176697,8260,12142
5358,0.7697499999999999,1.242055468938981,1.8367501878143764,8140,12037
5359,0.769875,1.2252036835209068,1.819689894010905,8029,11926
5360,0.77,1.2107208261036415,1.8024229627432056,7935,11812
5361,0.770125,1.1975950147274679,1.7839847441342969,7849,11692
5362,0.77025,1.1842724593249316,1.762880148396988,7761,11553
5363,0.770375,1.170624755298478,1.739050678726303,7672,11397
5364,0.7705,1.1581520761216888,1.714077007324839,7590,11233
5365,0.770625,1.148172299169321,1.689367728648089,7525,11071
5366,0.7707499999999999,1.1402315015691509,1.664569150992212,7473,10909
5367,0.770875,1.1326970976325832,1.638157959161107,7423,10736
5368,0.771,1.1248024763439017,1.609485075619099,7372,10548
5369,0.771125,1.1176185776709182,1.579746671621745,7324,10353
5370,0.77125,1.1127518568159391,1.5506812999887296,7293,10163
5371,0.771375,1.1103767181007582,1.5226016869219214,7277,9979
5372,0.7715,1.1090323302082938,1.4941906785050216,7268,9792
5373,0.771625,1.1074332636711848,1.4643111742230888,7258,9597
5374,0.7717499999999999,1.1060590498625804,1.4335947983849755,7249,9395
5375,0.771875,1.1065608455127096,1.4038478148711597,7252,9200
5376,0.772,1.109716896226111,1.3760057028581127,7273,9018
5377,0.772125,1.114460803030883,1.3491606446585447,7304,8842
5378,0.77225,1.1191837038991088,1.3218628375958819,7335,8663
5379,0.7723749999999999,1.1237017253996058,1.2940871552502544,7364,8481
5380,0.7725,1.1294593560500579,1.267435687065835,7402,8306
5381,0.772625,1.1377187382734664,1.2433262454498235,7456,8148
5382,0.7727499999999999,1.1479703383592603,1.2214022546562995,7523,8005
5383,0.772875,1.1585262559785543,1.2001252978700412,7593,7865
5384,0.773,1.1685650270270347,1.1788192070716563,7658,7726
5385,0.773125,1.1791033758146299,1.1586410913654315,7727,7593
5386,0.77325,1.1916943339135235,1.1412788247314734,7810,7479
5387,0.7733749999999999,1.2064598515169989,1.1269829871578678,7907,7386
5388,0.7735,1.2218877546563895,1.1143632845013378,8008,7303
5389,0.773625,1.2366425595436872,1.1021987599075855,8104,7223
5390,0.7737499999999999,1.251155159216032,1.09102704653897,8200,7150
5391,0.773875,1.267029662086117,1.0825506824965991,8304,7095
5392,0.774,1.284998967269595,1.0775923630280235,8421,7062
5393,0.774125,1.3039532001930574,1.0751229418664041,8546,7046
5394,0.77425,1.3222419887603891,1.0735634999574555,8665,7036
5395,0.7743749999999999,1.3396420769989217,1.0727526221369885,8779,7030
5396,0.7745,1.3575607747900325,1.074149757434912,8897,7040
5397,0.774625,1.3772254027611475,1.0790244299627334,9026,7071
5398,0.7747499999999999,1.3980940194792133,1.0868669944531324,9163,7123
5399,0.774875,1.4184488729706664,1.0959819600271625,9296,7183
5400,0.775,1.4374412410147162,1.1055329738280386,9420,7245
5401,0.775125,1.4560633126726539,1.1165146819140592,9542,7317
5402,0.77525,1.4758463244136075,1.1304511184921053,9672,7409
5403,0.7753749999999999,1.4968932865814317,1.1474285173134469,9810,7520
5404,0.7755,1.51767593757398,1.1658926211941483,9946,7641
5405,0.775625,1.5368456576754757,1.1844597824355663,10072,7762
5406,0.7757499999999999,1.5548231324606845,1.2035070741531184,10190,7887
5407,0.775875,1.5732052740288855,1.2245794936094105,10310,8025
5408,0.776,1.5927207532465302,1.2483460234341295,10438,8181
5409,0.776125,1.6122585002614316,1.2736285015197544,10566,8347
5410,0.77625,1.6301699183435094,1.2987044317547234,10683,8511
5411,0.7763749999999999,1.6462365439091504,1.3232750906093698,10789,8672
5412,0.7765,1.6618734155269839,1.3486695465119176,10891,8839
5413,0.776625,1.6783185461459762,1.3760346440891384,10999,9018
5414,0.7767499999999999,1.6950435522270833,1.40474632174157,11109,9206
5415,0.776875,1.7103471132829096,1.4330036355722378,11209,9391
5416,0.777,1.723399698049223,1.45987419605434,11294,9567
5417,0.777125,1.7352154346821675,1.4862666408832732,11372,9740
5418,0.77725,1.7473501181727116,1.5136293586643892,11451,9920
5419,0.7773749999999999,1.7599339063405621,1.5419838110109114,11534,10106
5420,0.7775,1.7714681323568129,1.569722050950062,11609,10287
5421,0.777625,1.7806361694091577,1.595418221962899,11670,10456
5422,0.7777499999999999,1.787892941307489,1.6194187483834348,11717,10613
5423,0.777875,1.794871776535299,1.64324981690388,11763,10769
5424,0.778,1.8023397784835302,1.6675733856234563,11812,10929
5425,0.778125,1.8092262416723777,1.6912162059459366,11857,11084
5426,0.77825,1.8139246964134474,1.7124724513250837,11888,11223
5427,0.7783749999999999,1.8162604685447723,1.7310718467115223,11903,11345
5428,0.7785,1.8176938742131554,1.7483833803640256,11912,11458
5429,0.778625,1.819509577128317,1.7656051816577598,11924,11571
5430,0.7787499999999999,1.8212270406028122,1.7821754124680473,11936,11680
5431,0.778875,1.8211938589259833,1.7963660580336547,11935,11773
5432,0.779,1.818630305784066,1.8073278283184866,11919,11845
5433,0.779125,1.8146010647507032,1.8160622765707854,11892,11902
5434,0.77925,1.810713060498412,1.8241198904473948,11867,11955
5435,0.7793749999999999,1.8071480053399285,1.8316329466261934,11843,12004
5436,0.7795,1.8024590392760083,1.8371123133300356,11813,12040
5437,0.779625,1.7953814373715054,1.8392583791647836,11766,12054
5438,0.7797499999999999,1.7864219537448023,1.8385504600370468,11707,12049
5439,0.779875,1.7772655124953256,1.8366536204282833,11647,12037
5440,0.78,1.7687304192268694,1.8343738485101706,11592,12022
5441,0.780125,1.7597966103840699,1.8306863424027515,11533,11998
5442,0.78025,1.748907549052468,1.8240372727379537,11462,11954
5443,0.7803749999999999,1.735937616157366,1.814311117283884,11377,11890
5444,0.7805,1.7223951680489837,1.803033493189932,11288,11816
5445,0.780625,1.7096117256980472,1.791560198268441,11204,11741
5446,0.7807499999999999,1.6971523028646915,1.7794872285351107,11122,11662
5447,0.780875,1.6834085720088363,1.7652437091900406,11032,11569
5448,0.781,1.6676433036592129,1.7481359468008701,10929,11457
5449,0.781125,1.6509619361117411,1.7293186834372765,10820,11333
5450,0.78125,1.6350103137129217,1.7104923816418691,10715,11210
5451,0.7813749999999999,1.6200070792974302,1.6919352289503375,10617,11088
5452,0.7815,1.604540238527099,1.6722991946684658,10516,10960
5453,0.781625,1.5873777217767275,1.6504201414683208,10403,10816
5454,0.78175,1.569056670516421,1.6269065629980646,10283,10662
5455,0.781875,1.5512899931744417,1.603545638526596,10167,10509
5456,0.782,1.5349215378053647,1.5812578295200075,10059,10363
5457,0.782125,1.518954218467918,1.5591244665076827,9955,10218
5458,0.78225,1.5018518913372563,1.5356890362004672,9843,10064
5459,0.7823749999999999,1.4835066365715444,1.510923899080811,9722,9902
5460,0.7825,1.4654418155540692,1.486432759353558,9604,9741
5461,0.782625,1.4490011657313555,1.4636391848480688,9496,9592
5462,0.78275,1.433759147715192,1.4421963829853843,9396,9452
5463,0.782875,1.418114032968188,1.4205797172197108,9294,9310
5464,0.783,1.401332381076951,1.3981306433007463,9184,9163
5465,0.783125,1.3845205483078016,1.3760276645397365,9074,9018
5466,0.78325,1.3693224822231622,1.3559836286982971,8974,8887
5467,0.7833749999999999,1.3559520707959323,1.3382775556082205,8886,8771
5468,0.7835,1.3429897807376323,1.3215508331040746,8801,8661
5469,0.783625,1.3291931943896382,1.3046172773108764,8711,8550
5470,0.78375,1.3150863867641758,1.2880521332841002,8619,8441
5471,0.783875,1.3023664750188735,1.2735982048169412,8535,8347
5472,0.784,1.291858897257408,1.2621208318678445,8466,8271
5473,0.784125,1.2825455511719719,1.2526356771851814,8405,8209
5474,0.78425,1.27286679037765,1.243610503495359,8342,8150
5475,0.7843749999999999,1.262688737004552,1.2349322108565277,8275,8093
5476,0.7845,1.2535064716975717,1.2281098949413198,8215,8049
5477,0.784625,1.2466331772203234,1.2244637995130851,8170,8025
5478,0.78475,1.2416106291398652,1.2235357659125836,8137,8019
5479,0.784875,1.236802349672347,1.2236822852453382,8106,8020
5480,0.785,1.2314382375269233,1.224119178455867,8070,8022
5481,0.785125,1.2265861591490843,1.2258931786388751,8039,8034
5482,0.78525,1.2238499029506607,1.2305800256397443,8021,8065
5483,0.7853749999999999,1.2234016265708882,1.2383169981827609,8018,8115
5484,0.7855,1.2237786598311085,1.2475999438834857,8020,8176
5485,0.785625,1.2236941539683641,1.2570941060068257,8020,8238
5486,0.78575,1.2236266262330555,1.2672239762743023,8019,8305
5487,0.785875,1.2252266344617126,1.2795802362797637,8030,8386
5488,0.786,1.2292722242469696,1.2948755865337578,8056,8486
5489,0.786125,1.2346972038395336,1.3119733720597124,8092,8598
5490,0.78625,1.2398933075443683,1.3291901920650322,8126,8711
5491,0.7863749999999999,1.2446776539970525,1.3462637852846364,8157,8823
5492,0.7865,1.2504960998216643,1.3645568834879984,8195,8943
5493,0.786625,1.2586125364945169,1.3852470024568122,8248,9078
5494,0.78675,1.26851953923124,1.4077376321585253,8313,9226
5495,0.786875,1.2785316797267423,1.430252099678124,8379,9373
5496,0.787,1.2878303067713261,1.4518789193915618,8440,9515
5497,0.787125,1.2974353000102472,1.4735441406265897,8503,9657
5498,0.78725,1.3089031656388872,1.4967100272953706,8578,9809
5499,0.7873749999999999,1.3223596477510666,1.5214082933612767,8666,9971
5500,0.7875,1.3362966616940881,1.5460376202176067,8758,10132
5501,0.787625,1.3493831068902855,1.569175109531095,8843,10284
5502,0.78775,1.3620545291598092,1.5911665153089236,8926,10428
5503,0.787875,1.3759199563202336,1.6135337206099514,9017,10574
5504,0.7879999999999999,1.391717448955477,1.6369308296742642,9121,10728
5505,0.788125,1.408342531759494,1.660173226488289,9230,10880
5506,0.78825,1.424150445136325,1.6815403258473627,9333,11020
5507,0.7883749999999999,1.4389237533648507,1.7007437800447962,9430,11146
5508,0.7885,1.454075769994818,1.7191313492222864,9529,11266
5509,0.788625,1.470839996164722,1.7378768952180712,9639,11389
5510,0.78875,1.4886808238956153,1.7563914638963585,9756,11511
5511,0.788875,1.5058869800783685,1.7729172282104884,9869,11619
5512,0.7889999999999999,1.521616343522693,1.7865726084263518,9972,11708
5513,0.789125,1.5368678181110895,1.7983245755832304,10072,11785
5514,0.78925,1.5531794465366944,1.8096869843064811,10179,11860
5515,0.7893749999999999,1.5706611277012814,1.8207536408598433,10293,11932
5516,0.7895,1.5877915495363577,1.8299953646053555,10406,11993
5517,0.789625,1.6032290932037392,1.8360711540075925,10507,12033
5518,0.78975,1.6174014763588405,1.8394178638207628,10600,12055
5519,0.789875,1.6319126643176098,1.8416572819142396,10695,12069
5520,0.7899999999999999,1.6474983835201384,1.8435515798327844,10797,12082
5521,0.790125,1.6630546116911635,1.844031867256956,10899,12085
5522,0.79025,1.6769397743985468,1.8415002289461635,10990,12068
5523,0.7903749999999999,1.688942394551501,1.8357973341768585,11069,12031
5524,0.7905,1.7004844457521122,1.8284055361201375,11144,11983
5525,0.790625,1.7128108139527238,1.8206381883732798,11225,11932
5526,0.79075,1.72539991264353,1.8120499163674257,11308,11875
5527,0.790875,1.736557131900459,1.801029817845996,11381,11803
5528,0.7909999999999999,1.7454595524111165,1.7868457499667028,11439,11710
5529,0.791125,1.7531278053509718,1.7706158410972805,11489,11604
5530,0.79125,1.761124069510039,1.7540059865082223,11542,11495
5531,0.7913749999999999,1.7695847572488008,1.7372620929106526,11597,11385
5532,0.7915,1.7770173186148,1.7190063170535677,11646,11266
5533,0.791625,1.7821110963347409,1.6980473942552499,11679,11128
5534,0.79175,1.7853268299281115,1.6749695249049918,11700,10977
5535,0.791875,1.7883035005182821,1.6515386180206748,11720,10824
5536,0.7919999999999999,1.7918136964739242,1.628657000487704,11743,10674
5537,0.792125,1.7947920209022015,1.6053911605016746,11762,10521
5538,0.79225,1.7956371335920198,1.5802731086397674,11768,10356
5539,0.7923749999999999,1.7941793025682067,1.553267216059455,11758,10179
5540,0.7925,1.791883597998412,1.5259727180919334,11743,10001
5541,0.792625,1.7900392418568538,1.499812315950416,11731,9829
5542,0.79275,1.7881700608550708,1.4744419453097497,11719,9663
5543,0.792875,1.7846278108481577,1.4483433337635745,11696,9492
5544,0.7929999999999999,1.7786367278447286,1.4208678888846495,11656,9312
5545,0.793125,1.7712652521486887,1.3932076526002681,11608,9131
5546,0.79325,1.7641238637686953,1.3670925101844955,11561,8959
5547,0.7933749999999999,1.7573976232437827,1.3428219748997028,11517,8800
5548,0.7935,1.749642817377872,1.3190612583313213,11466,8645
5549,0.793625,1.739597661515649,1.2946512463313722,11401,8485
5550,0.79375,1.7277716506052712,1.2701973392128392,11323,8324
5551,0.793875,1.7158522456097978,1.2474754574679283,11245,8175
5552,0.7939999999999999,1.7046600933514549,1.2273868275119788,11172,8044
5553,0.794125,1.6931772718974956,1.2089856069780973,11096,7923
5554,0.79425,1.6798491957898154,1.1907804432941536,11009,7804
5555,0.7943749999999999,1.6645520038004977,1.1727013157596524,10909,7685
5556,0.7945,1.6487956269242854,1.1563023532100238,10806,7578
5557,0.794625,1.6339129745913885,1.1429505613178297,10708,7490
5558,0.79475,1.619470274056962,1.1322360148438113,10613,7420
5559,0.794875,1.6038602337377945,1.1225646594536975,10511,7357
5560,0.7949999999999999,1.5863464944748014,1.1132027237202355,10396,7295
5561,0.795125,1.5680351969864619,1.1052480311053587,10276,7243
5562,0.79525,1.5505727325693555,1.1003278216707275,10162,7211
5563,0.7953749999999999,1.5341781335653175,1.0986309996142722,10054,7200
5564,0.7955,1.5174396504782461,1.0987048916950473,9945,7200
5565,0.795625,1.49912531208756,1.0992657811327,9825,7204
5566,0.79575,1.4797722248386105,1.100788496248056,9698,7214
5567,0.795875,1.461093127050724,1.1049130569314876,9575,7241
5568,0.7959999999999999,1.443931574671772,1.1124002528840353,9463,7290
5569,0.796125,1.4272900660616115,1.1221599784230543,9354,7354
5570,0.79625,1.409631931132047,1.1325536103745402,9238,7422
5571,0.7963749999999999,1.390848611593886,1.1433616129229933,9115,7493
5572,0.7965,1.372462731053485,1.1559871836246505,8995,7576
5573,0.796625,1.3558171881436802,1.171645780125678,8885,7678
5574,0.79675,1.3404855161728952,1.1897761318400246,8785,7797
5575,0.796875,1.3248649689600083,1.208633860450904,8683,7921
5576,0.7969999999999999,1.3082210102504415,1.2273366846890215,8574,8043
5577,0.797125,1.2916588202046209,1.2468365525063116,8465,8171
5578,0.79725,1.2768211016596582,1.2686182117906974,8368,8314
5579,0.797375,1.2639204269242286,1.2927322618500747,8283,8472
5580,0.7975,1.251535887158314,1.3175926009242152,8202,8635
5581,0.797625,1.2384236266458497,1.341787730424623,8116,8794
5582,0.79775,1.2251062302400924,1.3656709579303836,8029,8950
5583,0.797875,1.2132792698799093,1.390767763793832,7951,9115
5584,0.7979999999999999,1.2037665930811363,1.4177319058326725,7889,9291
5585,0.798125,1.1955484582737452,1.4453744086019387,7835,9472
5586,0.79825,1.1870635400688914,1.471966368590876,7780,9647
5587,0.798375,1.1781762381717888,1.4972071338545525,7721,9812
5588,0.7985,1.1703798755401371,1.5224282691141475,7670,9977
5589,0.798625,1.1649858379386555,1.5487835653214397,7635,10150
5590,0.79875,1.1615340719770595,1.5756602554924706,7612,10326
5591,0.798875,1.158386234553762,1.6012730158917907,7592,10494
5592,0.7989999999999999,1.1547703292560338,1.624709255828301,7568,10648
5593,0.799125,1.1517522928547135,1.64690152035634,7548,10793
5594,0.79925,1.1509339553063798,1.6693260252515747,7543,10940
5595,0.799375,1.1524854819665864,1.6920358632880037,7553,11089
5596,0.7995,1.1549421815426628,1.713458296253662,7569,11229
5597,0.799625,1.1570151500194268,1.7322060951922973,7583,11352
5598,0.79975,1.159180819531189,1.7486674717420538,7597,11460
5599,0.799875,1.1630876274137747,1.7644133614801938,7622,11563
5600,0.7999999999999999,1.1695114669590303,1.7801531468997498,7665,11666
5601,0.800125,1.1773839566635742,1.7947634462800626,7716,11762
5602,0.80025,1.185094606570745,1.8065904355864157,7767,11840
5603,0.800375,1.1924582708207203,1.8154177152169184,7815,11898
5604,0.8005,1.200918503688886,1.8226697008864332,7870,11945
5605,0.800625,1.2117368507375652,1.8296012149154337,7941,11990
5606,0.80075,1.2244034995687536,1.835708049535722,8024,12030
5607,0.800875,1.237230586963317,1.8393204537738632,8108,12054
5608,0.8009999999999999,1.2493969809296757,1.8396477066900288,8188,12056
5609,0.801125,1.261920029053557,1.8377499211809816,8270,12044
5610,0.80125,1.2763536552694206,1.8352358140090654,8365,12027
5611,0.801375,1.2928209661042789,1.8322952418286438,8473,12008
5612,0.8015,1.3098111848166323,1.8274956965180538,8584,11977
5613,0.801625,1.3259904595165672,1.8195929185810888,8690,11925
5614,0.80175,1.3417915260733408,1.8091200173756354,8794,11856
5615,0.801875,1.3588205395135209,1.7977939869873867,8905,11782
5616,0.8019999999999999,1.3778126252409202,1.7864706212527781,9030,11708
5617,0.802125,1.3976603067988917,1.7741725113382105,9160,11627
5618,0.80225,1.4167157578586136,1.7593905803193417,9285,11530
5619,0.802375,1.4347584075103221,1.7420511521031072,9403,11417
5620,0.8025,1.4531983660666892,1.7237185926188663,9524,11297
5621,0.802625,1.4732658613191478,1.7057841141421655,9655,11179
5622,0.80275,1.4944219423051095,1.6878756426726327,9794,11062
5623,0.802875,1.5149519221474117,1.668450545830814,9928,10934
5624,0.8029999999999999,1.534010195709745,1.6468395788740562,10053,10793
5625,0.803125,1.5525921125881879,1.6242179739613383,10175,10644
5626,0.80325,1.572232091639478,1.6023026650792527,10304,10501
5627,0.803375,1.593036339295871,1.5813841694503035,10440,10364
5628,0.8035,1.613479783387992,1.560122631483767,10574,10224
5629,0.8036249999999999,1.6322169794061054,1.5373578556106615,10697,10075
5630,0.80375,1.649671755023788,1.5136980784002583,10811,9920
5631,0.803875,1.6674441245201421,1.4909259904083585,10928,9771
5632,0.8039999999999999,1.6862658037729237,1.4699534136382393,11051,9633
5633,0.804125,1.7050287049310529,1.4498489022181842,11174,9502
5634,0.80425,1.722087134779516,1.4291391548357029,11286,9366
5635,0.804375,1.737225450024522,1.4077757923239909,11385,9226
5636,0.8045,1.75186141274073,1.3873379944773017,11481,9092
5637,0.8046249999999999,1.7672356591135947,1.3692211247346333,11582,8973
5638,0.80475,1.7828223169838173,1.3530467107376096,11684,8867
5639,0.804875,1.7969224632890055,1.3372551079679145,11776,8764
5640,0.8049999999999999,1.8087088406950158,1.3211496737370196,11854,8658
5641,0.805125,1.8191977271466209,1.3058679087339577,11922,8558
5642,0.80525,1.8299469358165492,1.293079019469464,11993,8474
5643,0.805375,1.8410885120024503,1.2830159671352828,12066,8408
5644,0.8055,1.851125540226292,1.2742719509978282,12132,8351
5645,0.8056249999999999,1.858743011383959,1.2656107199696438,12181,8294
5646,0.80575,1.8643973299653402,1.2575558762807126,12219,8242
5647,0.805875,1.8697231721702667,1.2517972810490672,12253,8204
5648,0.8059999999999999,1.8754888547077289,1.24914634361265,12291,8186
5649,0.806125,1.8806247566796706,1.2485641023437575,12325,8183
5650,0.80625,1.8835253646613535,1.2484633157563525,12344,8182
5651,0.806375,1.884016839623886,1.2486758059837353,12347,8183
5652,0.8065,1.8835602138940655,1.2506558261357796,12344,8196
5653,0.8066249999999999,1.883440757060851,1.255669324121805,12343,8229
5654,0.80675,1.8831784317761342,1.2632046895864375,12342,8279
5655,0.806875,1.8811212351634554,1.27156611585526,12328,8333
5656,0.8069999999999999,1.8764897524386006,1.2799185593657099,12298,8388
5657,0.807125,1.8703488986622994,1.2892596233453149,12258,8449
5658,0.80725,1.8643057564137753,1.3011179076082313,12218,8527
5659,0.807375,1.8585421347028277,1.3155858270960628,12180,8622
5660,0.8075,1.8516112165182048,1.3311168673770915,12135,8724
5661,0.8076249999999999,1.842248279502742,1.3463366766033584,12073,8823
5662,0.80775,1.830960048305586,1.3616331092548832,11999,8924
5663,0.807875,1.8194313995314229,1.3785634057476615,11924,9035
5664,0.8079999999999999,1.808480582250957,1.3978101737486217,11852,9161
5665,0.808125,1.797087481904949,1.4182102197958484,11777,9294
5666,0.80825,1.783695525489462,1.4380572693236862,11690,9424
5667,0.808375,1.768179087616215,1.457070021358912,11588,9549
5668,0.8085,1.7520465576825646,1.4765960681612145,11482,9677
5669,0.8086249999999999,1.7366295439982253,1.4978018152118018,11381,9816
5670,0.80875,1.721493211483614,1.5200836919200413,11282,9962
5671,0.808875,1.7050294623534834,1.5416621004393583,11174,10103
5672,0.8089999999999999,1.6865013847635981,1.561626740433127,11053,10234
5673,0.809125,1.6670148368451343,1.5809089976114292,10925,10361
5674,0.80925,1.6482161938100117,1.6009805526653846,10802,10492
5675,0.809375,1.6303247540673442,1.621886611746051,10684,10629
5676,0.8095,1.6119293117060507,1.6420433094687024,10564,10761
5677,0.8096249999999999,1.5917987311458792,1.6600491110140059,10432,10879
5678,0.80975,1.570471240836174,1.6762748887541505,10292,10986
5679,0.809875,1.5496610007138911,1.6922713035647323,10156,11090
5680,0.8099999999999999,1.5302132811768303,1.7087247039063032,10028,11198
5681,0.810125,1.5111325996857916,1.7244860464335372,9903,11302
5682,0.81025,1.4908846020230422,1.7378734206884634,9771,11389
5683,0.810375,1.4693633527641878,1.7486400782492753,9630,11460
5684,0.8105,1.4480943964115176,1.7581780484188334,9490,11522
5685,0.8106249999999999,1.428423859025489,1.7677079188041134,9361,11585
5686,0.81075,1.4099287978328,1.7766896402826509,9240,11644
5687,0.810875,1.3910102937247164,1.7834162256969368,9116,11688
5688,0.8109999999999999,1.3709379295997257,1.7870585761324231,8985,11712
5689,0.811125,1.3508213015580162,1.788637514168804,8853,11722
5690,0.81125,1.3323078131098536,1.7897218126222452,8731,11729
5691,0.811375,1.315615024647009,1.790460972406021,8622,11734
5692,0.8115,1.2993272898415236,1.7893819764399277,8515,11727
5693,0.8116249999999999,1.2822062904928049,1.7852001517332294,8403,11699
5694,0.81175,1.2647804101606768,1.7784085422982847,8289,11655
5695,0.811875,1.2487512790987165,1.770684674861855,8184,11604
5696,0.8119999999999999,1.234949048185906,1.7628457150637065,8093,11553
5697,0.812125,1.2223605205120804,1.7538767103297432,8011,11494
5698,0.81225,1.209431141443677,1.7422323487881117,7926,11418
5699,0.812375,1.196032301596009,1.727804263320996,7838,11323
5700,0.8125,1.1836645192817534,1.7121238753322345,7757,11221
5701,0.8126249999999999,1.1736465719574205,1.696551418654768,7692,11119
5702,0.81275,1.165525978157881,1.6806859833067331,7638,11015
5703,0.812875,1.157672136710419,1.6629584423892734,7587,10898
5704,0.813,1.1493209467899106,1.642675544463803,7532,10765
5705,0.813125,1.1415463821065592,1.620991176635567,7481,10623
5706,0.81325,1.1359584344741018,1.5996037026829886,7445,10483
5707,0.813375,1.1327355417350429,1.5787879890798744,7423,10347
5708,0.8135,1.1304213793349474,1.5571915265894976,7408,10205
5709,0.8136249999999999,1.127735488076766,1.5336445751160108,7391,10051
5710,0.81375,1.1251628068493333,1.5087489763239257,7374,9888
5711,0.813875,1.1243603237394013,1.484284252228947,7369,9727
5712,0.814,1.1261125110342078,1.4611622852565764,7380,9576
5713,0.814125,1.129359574919001,1.4384549585055844,7401,9427
5714,0.81425,1.1324996066249666,1.4146955329640718,7422,9271
5715,0.814375,1.1353560139615548,1.3898454264394962,7441,9108
5716,0.8145,1.1393808628999933,1.3654967782850915,7467,8949
5717,0.8146249999999999,1.1458441464210225,1.3430610369554556,7509,8802
5718,0.81475,1.1542444217016468,1.322178833350985,7564,8665
5719,0.814875,1.1629020938616617,1.301312569475931,7621,8528
5720,0.815,1.171004185507243,1.2797904526375183,7674,8387
5721,0.815125,1.1795760607863086,1.2587775256012694,7730,8250
5722,0.81525,1.190179510873321,1.2399730599332566,7800,8126
5723,0.815375,1.2029453352448805,1.223642459317,7884,8019
5724,0.8155,1.216370265884987,1.2084135484402072,7972,7919
5725,0.8156249999999999,1.2291277499798898,1.193086707877267,8055,7819
5726,0.81575,1.241657604398856,1.1782239623395248,8137,7722
5727,0.815875,1.255572821430285,1.1655551821007062,8229,7639
5728,0.816,1.2716151131971267,1.1559331409296354,8334,7576
5729,0.816125,1.2886833137682532,1.1483613696186292,8446,7526
5730,0.81625,1.3051356260742084,1.141296005009723,8553,7480
5731,0.816375,1.3207572017777172,1.1346128878543151,8656,7436
5732,0.8165,1.3369635638463564,1.12981068295082,8762,7404
5733,0.8166249999999999,1.3549900178558838,1.1281998842506578,8880,7394
5734,0.81675,1.374302354432622,1.1293133150732282,9007,7401
5735,0.816875,1.3931902678445405,1.1314992237672472,9130,7415
5736,0.817,1.4108121743103017,1.1339660025653147,9246,7432
5737,0.817125,1.428167061655457,1.1377538031019045,9360,7456
5738,0.81725,1.446792606518158,1.1444326572834238,9482,7500
5739,0.817375,1.4667978704720732,1.1541350315588337,9613,7564
5740,0.8175,1.4866602385615109,1.1653528703807652,9743,7637
5741,0.8176249999999999,1.5050363047148432,1.1767484334624296,9863,7712
5742,0.81775,1.5223515230350717,1.1887441492600948,9977,7791
5743,0.817875,1.540207102904104,1.202929554933608,10094,7884
5744,0.818,1.5593355327698173,1.2200171135661242,10219,7996
5745,0.818125,1.5786290572252117,1.2388708263746535,10346,8119
5746,0.81825,1.5964418861540652,1.2578088186266834,10462,8243
5747,0.818375,1.6125578342955365,1.2765711999017852,10568,8366
5748,0.8185,1.6283936894126494,1.296523882781511,10672,8497
5749,0.8186249999999999,1.645188667336777,1.3188483376006925,10782,8643
5750,0.81875,1.6624150440776322,1.3429527377823023,10895,8801
5751,0.818875,1.6783716017229093,1.3670657762172376,10999,8959
5752,0.819,1.6922283613897178,1.3902819618942388,11090,9111
5753,0.819125,1.7049984434782481,1.413533911691099,11174,9264
5754,0.8192499999999999,1.7182360855781693,1.4382909692405765,11261,9426
5755,0.819375,1.7320693324114502,1.464592376505254,11351,9598
5756,0.8195,1.7449968623757373,1.4908447247640444,11436,9770
5757,0.8196249999999999,1.7556988501384152,1.5156333369813186,11506,9933
5758,0.81975,1.76462649464909,1.5393124296325351,11565,10088
5759,0.819875,1.7734088751283954,1.5634125139496904,11622,10246
5760,0.82,1.782808341827502,1.5885964157470533,11684,10411
5761,0.820125,1.7917489382430603,1.6136882552951322,11742,10575
5762,0.8202499999999999,1.798618469139202,1.6369761258522286,11787,10728
5763,0.820375,1.8032360702356038,1.65818022021585,11818,10867
5764,0.8205,1.8070554289064764,1.6786566301732269,11843,11001
5765,0.8206249999999999,1.811354155259142,1.6995872606303923,11871,11138
5766,0.82075,1.815644262248045,1.7203908444115383,11899,11275
5767,0.820875,1.818265514613962,1.7393168078934669,11916,11399
5768,0.821,1.8184300071867465,1.755490328774945,11917,11505
5769,0.821125,1.8171939164334123,1.769884566178157,11909,11599
5770,0.8212499999999999,1.8161553629630083,1.7840189376400686,11902,11692
5771,0.821375,1.8154869824143771,1.797992119642125,11898,11783
5772,0.8215,1.8137325977467607,1.8102790612396942,11886,11864
5773,0.8216249999999999,1.809617953946437,1.8195420899843149,11860,11925
5774,0.82175,1.8036400948214504,1.8262205505010862,11820,11968
5775,0.821875,1.797474083892364,1.8319378301161566,11780,12006
5776,0.822,1.7919282488091477,1.837456780975347,11744,12042
5777,0.822125,1.7859724629668259,1.8417082335009796,11705,12070
5778,0.8222499999999999,1.7780400738361437,1.8430930157847847,11653,12079
5779,0.822375,1.7679953283197007,1.8414495332434804,11587,12068
5780,0.8225,1.7573364621019643,1.8382568618372606,11517,12047
5781,0.8226249999999999,1.7473849244758455,1.8348240468730816,11452,12025
5782,0.82275,1.7376957370295854,1.8307003798084995,11388,11998
5783,0.822875,1.7266506962452812,1.8242685936401448,11316,11956
5784,0.823,1.7135028417531555,1.8147891669104068,11230,11893
5785,0.823125,1.699348063273737,1.803371843313607,11137,11819
5786,0.8232499999999999,1.6858228657643803,1.7916731554672394,11048,11742
5787,0.823375,1.673136799236967,1.7799286902172102,10965,11665
5788,0.8235,1.6598690475292432,1.7667493658571938,10878,11579
5789,0.8236249999999999,1.6447790272264367,1.750931794121004,10779,11475
5790,0.82375,1.6283956957551742,1.7330472150394522,10672,11358
5791,0.823875,1.6124241434520425,1.714847786113186,10567,11238
5792,0.824,1.597700784888482,1.6972213485410002,10471,11123
5793,0.824125,1.5832215202165048,1.679219227686599,10376,11005
5794,0.8242499999999999,1.5674436266129539,1.6593576584907,10272,10875
5795,0.824375,1.5502530733921724,1.637584691045877,10160,10732
5796,0.8245,1.533167591072484,1.6154827644587204,10048,10587
5797,0.8246249999999999,1.517525797333568,1.5944573850540584,9945,10449
5798,0.82475,1.5028975522098824,1.574146969518764,9849,10316
5799,0.824875,1.4876770743967702,1.5530154865551198,9750,10178
5800,0.825,1.4711274227847562,1.5303964221232758,9641,10030
5801,0.825125,1.454352030724981,1.5074638240763312,9531,9879
5802,0.8252499999999999,1.4389925010045028,1.4859295891887059,9431,9738
5803,0.825375,1.4252609774734286,1.4660753424244473,9341,9608
5804,0.8255,1.4117367797632714,1.4465485843347325,9252,9480
5805,0.8256249999999999,1.3971769591886782,1.4261727641622983,9157,9347
5806,0.82575,1.3821056682824684,1.4055361943753824,9058,9211
5807,0.825875,1.3682207255077983,1.3863981541883192,8967,9086
5808,0.826,1.3563488827009809,1.3696437451624237,8889,8976
5809,0.826125,1.3454739750231859,1.3543116130897466,8818,8876
5810,0.8262499999999999,1.3340389022044066,1.3388955702928895,8743,8775
5811,0.826375,1.3219129483188898,1.323311531179717,8663,8672
5812,0.8265,1.3105949531739816,1.3091003860035255,8589,8579
5813,0.8266249999999999,1.3014024588830797,1.2976168167418005,8529,8504
5814,0.82675,1.2938821785895716,1.2884395364147259,8480,8444
5815,0.826875,1.2864031490383703,1.279964172898247,8431,8388
5816,0.827,1.2782013354033168,1.271447717812934,8377,8333
5817,0.827125,1.2703512169666367,1.2639799123231352,8325,8284
5818,0.8272499999999999,1.2644637135867878,1.2591810945970692,8287,8252
5819,0.827375,1.260718623202615,1.2572345116214139,8262,8239
5820,0.8275,1.2576613945817325,1.2566830914823441,8242,8236
5821,0.8276249999999999,1.2540137626943404,1.2562400307969157,8218,8233
5822,0.82775,1.2502632610820914,1.2563783848784238,8194,8234
5823,0.827875,1.2480698786007043,1.2587377559981159,8179,8249
5824,0.828,1.2482214727085044,1.2640798605822388,8180,8284
5825,0.828125,1.2496620228187336,1.2713168933733265,8190,8332
5826,0.8282499999999999,1.2507937585784308,1.2788138817567232,8197,8381
5827,0.828375,1.2514445930819051,1.286356307013935,8201,8430
5828,0.8285,1.2530714406540693,1.2953537145944334,8212,8489
5829,0.828625,1.25694948544584,1.307029244077488,8238,8566
5830,0.82875,1.2625827940918026,1.3208305934703064,8274,8656
5831,0.828875,1.2682975973312554,1.335023629856473,8312,8749
5832,0.829,1.273287034527824,1.3487375359996718,8345,8839
5833,0.829125,1.278582873780062,1.3629369198401924,8379,8932
5834,0.8292499999999999,1.285753572115992,1.3791203172929776,8426,9038
5835,0.829375,1.2949368511043393,1.397353208825479,8486,9158
5836,0.8295,1.3046365957174832,1.4160653905348255,8550,9280
5837,0.829625,1.3135336297366937,1.4338622320431795,8608,9397
5838,0.82975,1.3220753450805112,1.451114796011338,8664,9510
5839,0.829875,1.3318824987302846,1.469367147966719,8729,9630
5840,0.83,1.3437047323945697,1.4892923720237408,8806,9760
5841,0.830125,1.356448964427742,1.5097214942021755,8890,9894
5842,0.8302499999999999,1.3684816126094903,1.5289461948538003,8968,10020
5843,0.830375,1.379596162558594,1.5466869145229842,9041,10136
5844,0.8305,1.3912165670039471,1.5642967242827772,9117,10252
5845,0.830625,1.4045866445125716,1.5829512552537228,9205,10374
5846,0.83075,1.4191807596455306,1.60205981945891,9301,10499
5847,0.830875,1.4332972280090084,1.619859326342845,9393,10616
5848,0.831,1.4461031134867952,1.6354594792175123,9477,10718
5849,0.831125,1.458606063526859,1.6498150903522577,9559,10812
5850,0.8312499999999999,1.4723524066528815,1.6644245260180768,9649,10908
5851,0.831375,1.4874598335558618,1.6793628239850298,9748,11006
5852,0.8315,1.502414317459365,1.6930789007084115,9846,11096
5853,0.831625,1.5158809839889598,1.7042068033526014,9934,11169
5854,0.83175,1.5282937459719261,1.713155563046508,10016,11227
5855,0.831875,1.5412621826298725,1.7215163922570307,10101,11282
5856,0.832,1.5555270486640518,1.730018337872006,10194,11338
5857,0.832125,1.5699887352210944,1.7375569880105763,10289,11387
5858,0.8322499999999999,1.5830094662251633,1.7424967335103936,10374,11420
5859,0.832375,1.5943809217586766,1.7446385580127037,10449,11434
5860,0.8325,1.605527595399903,1.7454233790456792,10522,11439
5861,0.832625,1.6176962331581655,1.7461215694430172,10602,11443
5862,0.83275,1.6303664567805725,1.746243482307087,10685,11444
5863,0.832875,1.6418441937573243,1.7441328760467074,10760,11430
5864,0.833,1.6513064035484897,1.7390114614038008,10822,11397
5865,0.833125,1.6597729222672446,1.7319506524256494,10877,11351
5866,0.8332499999999999,1.6688044759622938,1.7245693228194126,10937,11302
5867,0.833375,1.6785353554438762,1.7170662990131358,11000,11253
5868,0.8335,1.6874702402906698,1.7080168544713321,11059,11194
5869,0.833625,1.6942950468804996,1.6961832905785803,11104,11116
5870,0.83375,1.6994664559499275,1.682104068443182,11138,11024
5871,0.833875,1.7046187546591203,1.6675003030434459,11171,10928
5872,0.834,1.7105192289323548,1.6532307020401389,11210,10835
5873,0.834125,1.7160965724858628,1.6383195525767984,11247,10737
5874,0.8342499999999999,1.7197429584045718,1.6212582912647473,11271,10625
5875,0.834375,1.7212815964349635,1.601972573126653,11281,10499
5876,0.8345,1.7221699591497381,1.5820249590196493,11286,10368
5877,0.834625,1.7236891414851543,1.5628037304465112,11296,10242
5878,0.83475,1.7253543481231608,1.5439328129278667,11307,10118
5879,0.8348749999999999,1.7255082317956054,1.523864524303759,11308,9987
5880,0.835,1.723365480560451,1.5019235853198973,11294,9843
5881,0.835125,1.7199845596376042,1.4792782384072314,11272,9695
5882,0.8352499999999999,1.7169655844738374,1.4576375443936185,11252,9553
5883,0.835375,1.7144828828755876,1.4372833016135111,11236,9419
5884,0.8355,1.7110816793004204,1.4168661673387544,11214,9286
5885,0.835625,1.7054888217693767,1.3952157353725994,11177,9144
5886,0.83575,1.6982021719765654,1.3729293897920958,11129,8998
5887,0.8358749999999999,1.6908973193357912,1.351778377343615,11081,8859
5888,0.836,1.6843828398645335,1.3326625690076999,11039,8734
5889,0.836125,1.677628571907829,1.3146381156902904,10995,8616
5890,0.8362499999999999,1.6690675599280034,1.2962189455656488,10938,8495
5891,0.836375,1.6585634748836209,1.2773435996781146,10870,8371
5892,0.8365,1.6476137198804557,1.2595779528432254,10798,8255
5893,0.836625,1.6375386509084437,1.2443038978877052,10732,8155
5894,0.83675,1.6278919524890165,1.2311294078201849,10669,8068
5895,0.8368749999999999,1.6170538370394463,1.2184812591043623,10598,7985
5896,0.837,1.6042755305900884,1.2056492832787429,10514,7901
5897,0.837125,1.5906508772858836,1.1937575667301754,10424,7823
5898,0.8372499999999999,1.577814122333955,1.1844620853669114,10340,7762
5899,0.837375,1.565972340136723,1.1779828089313242,10263,7720
5900,0.8375,1.5537020410257287,1.172900249908113,10182,7687
5901,0.837625,1.5397597691936609,1.1679658264586485,10091,7654
5902,0.83775,1.5246714287688041,1.1636912238098724,9992,7626
5903,0.8378749999999999,1.5101388755221579,1.1617548458903662,9897,7614
5904,0.838,1.4969951260268914,1.1629571536253391,9811,7622
5905,0.838125,1.4842325192252956,1.1662487855077293,9727,7643
5906,0.8382499999999999,1.4703046254131467,1.1700326881784684,9636,7668
5907,0.838375,1.455093562079637,1.1741314924360668,9536,7695
5908,0.8385,1.4401130800947846,1.179990910090577,9438,7733
5909,0.838625,1.4266976908435283,1.188869022405225,9350,7791
5910,0.83875,1.4144130379764752,1.2002470462231452,9269,7866
5911,0.8388749999999999,1.4016490152899694,1.2124227121331725,9186,7946
5912,0.839,1.3876642641471209,1.224555232743127,9094,8025
5913,0.839125,1.3735577096415195,1.23763719384734,9002,8111
5914,0.8392499999999999,1.3609663706853996,1.2531929028800293,8919,8213
5915,0.839375,1.3500977338200417,1.2713112061629448,8848,8332
5916,0.8395,1.3395264021676139,1.2904427332220532,8779,8457
5917,0.839625,1.328004653746787,1.309210978783889,8703,8580
5918,0.83975,1.3160518242986408,1.328002326117565,8625,8703
5919,0.8398749999999999,1.305360874591521,1.348373208329817,8555,8837
5920,0.84,1.2967536701356135,1.3710060608072612,8498,8985
5921,0.840125,1.2892091338836262,1.3947381267377046,8449,9141
5922,0.8402499999999999,1.2811652386728143,1.4178641407302122,8396,9292
5923,0.840375,1.272486329858793,1.4401043503080293,8339,9438
5924,0.8405,1.264666306802984,1.462808392730815,8288,9587
5925,0.840625,1.2590177723927771,1.4871451755679526,8251,9746
5926,0.84075,1.2550825107227088,1.5125140393476786,8225,9912
5927,0.8408749999999999,1.2512246426911793,1.537138661789192,8200,10074
5928,0.841,1.2466752386414666,1.560112330598336,8170,10224
5929,0.841125,1.2425039071171888,1.5823702833640803,8143,10370
5930,0.8412499999999999,1.2403167280022898,1.6053882619795905,8129,10521
5931,0.841375,1.2402886931620176,1.6292156917007663,8128,10677
5932,0.8415,1.240960484721298,1.6522730284600047,8133,10828
5933,0.841625,1.2410491136333897,1.6731631080642695,8133,10965
5934,0.84175,1.2410374364763932,1.6922611673864592,8133,11090
5935,0.8418749999999999,1.2425808154497782,1.71112217261847,8143,11214
5936,0.842,1.2464625350116854,1.730436664513447,8169,11341
5937,0.842125,1.251622058574684,1.7490596271668135,8203,11463
5938,0.8422499999999999,1.25645715909544,1.7653129617616858,8234,11569
5939,0.842375,1.260791355726758,1.7789534664127593,8263,11659
5940,0.8425,1.2660772329378702,1.7913764050375827,8297,11740
5941,0.842625,1.2735857126733288,1.8038052424367115,8347,11821
5942,0.84275,1.2828166674156063,1.815702407629099,8407,11899
5943,0.8428749999999999,1.2920922055311237,1.8253629520581918,8468,11963
5944,0.843,1.3006014153368943,1.8319593404006596,8524,12006
5945,0.843125,1.3093720891139684,1.8365134493835296,8581,12036
5946,0.8432499999999999,1.3199687820615151,1.8405945680154046,8651,12063
5947,0.843375,1.3325253920378046,1.8443521480463243,8733,12087
5948,0.8435,1.345542056453879,1.8463125369101632,8818,12100
5949,0.843625,1.3576959320660396,1.8451898202207917,8898,12093
5950,0.84375,1.3694308216963116,1.8414751817269401,8975,12068
5951,0.8438749999999999,1.3823639758308754,1.8368436578539524,9059,12038
5952,0.844,1.397241609102236,1.8321092891588346,9157,12007
5953,0.844125,1.4129672972170095,1.8262533609229634,9260,11969
5954,0.84425,1.42790419605088,1.8177261655656818,9358,11913
5955,0.844375,1.4418426154264719,1.8064143135130921,9449,11839
5956,0.8445,1.4562034142827691,1.7938435885657023,9543,11756
5957,0.844625,1.4722274051573294,1.7813679877740172,9648,11674
5958,0.84475,1.489386029876899,1.7685797844979925,9761,11591
5959,0.8448749999999999,1.5059747707865851,1.753902480284162,9870,11494
5960,0.845,1.521157943229678,1.7366349237276038,9969,11381
5961,0.845125,1.5359405374418453,1.7179226071562368,10066,11259
5962,0.84525,1.5518663110859718,1.6994550377158189,10170,11138
5963,0.845375,1.5690504774113878,1.6814978051046832,10283,11020
5964,0.8455,1.585976620461353,1.6626887416979559,10394,10897
5965,0.845625,1.6013075724741028,1.641848116492572,10494,10760
5966,0.84575,1.6154750434103893,1.6195674908695088,10587,10614
5967,0.8458749999999999,1.630086508135702,1.5976158727615677,10683,10470
5968,0.846,1.6458807101524633,1.5768944433369372,10786,10334
5969,0.846125,1.661756131022644,1.5564642583358805,10890,10200
5970,0.84625,1.6760731813005485,1.5348476742000012,10984,10059
5971,0.846375,1.6886218328085967,1.5119951923947856,11067,9909
5972,0.8465,1.7008249705715435,1.4894880741227796,11147,9762
5973,0.846625,1.713927841066277,1.4687269963630079,11232,9625
5974,0.84675,1.727408670127112,1.4493419749664471,11321,9498
5975,0.8468749999999999,1.7395721026600768,1.4297850235980711,11400,9370
5976,0.847,1.749593923495431,1.4093742362048858,11466,9236
5977,0.847125,1.7584929121165387,1.3892648878686717,11524,9105
5978,0.84725,1.7678288506051745,1.3711468737005956,11586,8986
5979,0.847375,1.777735208813507,1.3552766819374553,11651,8882
5980,0.8475,1.7867159630589469,1.3402737244542313,11709,8784
5981,0.847625,1.7934564547363043,1.3249305391468151,11754,8683
5982,0.84775,1.7984129126016322,1.3098019148223667,11786,8584
5983,0.8478749999999999,1.8032193055777272,1.2966111565219818,11818,8497
5984,0.848,1.8086427298339747,1.286205174096913,11853,8429
5985,0.848125,1.8136118286529554,1.2775823948300393,11886,8373
5986,0.84825,1.8165188587434626,1.2691946362475384,11905,8318
5987,0.848375,1.8171872583714643,1.2609142570918306,11909,8264
5988,0.8485,1.817074868250331,1.254237293708781,11908,8220
5989,0.848625,1.817463301829578,1.250472511274602,11911,8195
5990,0.84875,1.817868427351331,1.2491519121437011,11914,8186
5991,0.8488749999999999,1.8166337167300168,1.2486238697707734,11905,8183
5992,0.849,1.8129748274350803,1.2480978472380686,11882,8180
5993,0.849125,1.8079513546090331,1.248616042408711,11849,8183
5994,0.84925,1.80316469864444,1.2517514998311547,11817,8203
5995,0.849375,1.798790637214969,1.2576406854937323,11789,8242
5996,0.8495,1.7933760039422073,1.2647805126574965,11753,8289
5997,0.849625,1.785649424709563,1.2718391900552686,11702,8335
5998,0.84975,1.7761107019978895,1.2792460493136024,11640,8384
5999,0.8498749999999999,1.7664375377203234,1.2885984861038697,11577,8445
6000,0.85,1.7574407861450512,1.3006177432222974,11518,8524
6001,0.850125,1.7480927377009754,1.314177514272186,11456,8613
6002,0.85025,1.7368290565915845,1.3276064879084333,11382,8701
6003,0.850375,1.7235162084272613,1.3406561900035932,11295,8786
6004,0.8504999999999999,1.7096545594766723,1.3547047538767834,11204,8878
6005,0.850625,1.696567603729256,1.3709466477609573,11119,8985
6006,0.85075,1.6838123318847928,1.3888037657124634,11035,9102
6007,0.8508749999999999,1.6697724360233,1.406519208076057,10943,9218
6008,0.851,1.6537027884033388,1.423202518739772,10838,9327
6009,0.851125,1.6367010501394343,1.4398019330459981,10726,9436
6010,0.85125,1.6204054469644027,1.4578029334359859,10619,9554
6011,0.851375,1.6050272003362824,1.4772613700594706,10519,9681
6012,0.8514999999999999,1.589147126707018,1.4966008458468765,10415,9808
6013,0.851625,1.5715262371429262,1.514424041790073,10299,9925
6014,0.85175,1.5526950556768206,1.5311028114413097,10176,10034
6015,0.8518749999999999,1.5343602113421746,1.5481855200081065,10056,10146
6016,0.852,1.5173596393565518,1.5663529966937566,9944,10265
6017,0.852125,1.5006907416125683,1.5844474485548767,9835,10384
6018,0.85225,1.4828122874523073,1.6007750726684424,9718,10491
6019,0.852375,1.4636117269680928,1.6150741139869154,9592,10585
6020,0.8524999999999999,1.4446082687888724,1.6287186008382581,9467,10674
6021,0.852625,1.4271420031844237,1.6429081889420774,9353,10767
6022,0.85275,1.4107842652456708,1.6570791158535212,9246,10860
6023,0.8528749999999999,1.3939307472331939,1.6694979963443297,9135,10941
6024,0.853,1.3758459873143585,1.679306824583353,9017,11006
6025,0.853125,1.3576348986743,1.6874951350485206,8897,11059
6026,0.85325,1.3409405708625546,1.6955982297550158,8788,11112
6027,0.853375,1.3259766350549522,1.7037301118905974,8690,11166
6028,0.8534999999999999,1.3113239042547558,1.7103804564172629,8594,11209
6029,0.853625,1.2957409215853841,1.7142256525142878,8492,11234
6030,0.85375,1.2797533344411909,1.7157184067072504,8387,11244
6031,0.8538749999999999,1.2650604503293452,1.7164947094570697,8291,11249
6032,0.854,1.252490508049212,1.7173292300444327,8208,11255
6033,0.854125,1.2410288175632767,1.7171637763999164,8133,11254
6034,0.85425,1.2291197441222113,1.714409295969308,8055,11236
6035,0.854375,1.216634016760197,1.7089134079315416,7973,11200
6036,0.8544999999999999,1.2050719017817428,1.7021634869527997,7898,11155
6037,0.854625,1.1957523369272687,1.6954759214240154,7836,11111
6038,0.85475,1.188223401442383,1.6884063899782142,7787,11065
6039,0.8548749999999999,1.180855455213609,1.6793430237240556,7739,11006
6040,0.855,1.1728857442878098,1.667550719142407,7687,10928
6041,0.855125,1.1653899721603236,1.6541426322766013,7637,10841
6042,0.85525,1.1599802263786423,1.640777720375275,7602,10753
6043,0.855375,1.156837400852652,1.6276929897558097,7581,10667
6044,0.8554999999999999,1.154507968262278,1.613499799479501,7566,10574
6045,0.855625,1.151714599567128,1.5969942139040325,7548,10466
6046,0.85575,1.1489456757064476,1.5787459720899768,7530,10346
6047,0.8558749999999999,1.1478619279512359,1.5605047753973547,7523,10227
6048,0.856,1.1492518502988525,1.543155095658643,7532,10113
6049,0.856125,1.1520599361141548,1.5257439816937997,7550,9999
6050,0.85625,1.1546888054146782,1.5067825332501417,7567,9875
6051,0.856375,1.1569666212102039,1.4862128197959197,7582,9740
6052,0.8564999999999999,1.1603504063510668,1.465610508601425,7604,9605
6053,0.856625,1.1661152952945961,1.4463735627899534,7642,9479
6054,0.85675,1.1737651459868206,1.428132143337762,7692,9359
6055,0.8568749999999999,1.1816258049208164,1.4093412765476185,7744,9236
6056,0.857,1.1888898511912687,1.3893248817178523,7792,9105
6057,0.857125,1.1965883004887836,1.3692468467617351,7842,8973
6058,0.85725,1.2062886652714555,1.3508083800975146,7906,8853
6059,0.857375,1.2181275149499462,1.3342799252411635,7983,8744
6060,0.8574999999999999,1.230607375264117,1.3182973743045818,8065,8640
6061,0.857625,1.2424074891568362,1.3016721798334072,8142,8531
6062,0.85775,1.2539734472971482,1.2849803355482403,8218,8421
6063,0.8578749999999999,1.2669239715652896,1.2699685210286487,8303,8323
6064,0.858,1.2820064366734236,1.2575090224546184,8402,8241
6065,0.858125,1.29812524997156,1.2466274971381077,8507,8170
6066,0.85825,1.3136440770284443,1.2358046587854823,8609,8099
6067,0.858375,1.3283533994284558,1.2249432561700353,8705,8028
6068,0.8584999999999999,1.343673917787451,1.2155710066643948,8806,7966
6069,0.858625,1.3608459415551204,1.2090294547601925,8918,7923
6070,0.85875,1.3793400738824193,1.204884266972387,9040,7896
6071,0.8588749999999999,1.3974506096245236,1.2015181569184565,9158,7874
6072,0.859,1.414340338310487,1.1981753847728993,9269,7852
6073,0.859125,1.4310123743818703,1.1959331820683212,9378,7838
6074,0.85925,1.4490082614903168,1.1963996439654343,9496,7841
6075,0.859375,1.4684406507061176,1.1997460770638446,9624,7863
6076,0.8594999999999999,1.4877902286916997,1.2045038100971073,9750,7894
6077,0.859625,1.5057165869568434,1.2093748136627032,9868,7926
6078,0.85975,1.5226478655010094,1.2148213219713186,9979,7961
6079,0.859875,1.54018763373575,1.2224725491185977,10094,8012
6080,0.86,1.5590704093857692,1.2330802806867425,10218,8081
6081,0.860125,1.578190123625035,1.245547261207035,10343,8163
6082,0.86025,1.595902328132462,1.258229565529931,10459,8246
6083,0.860375,1.6119918250939005,1.2709042383062972,10564,8329
6084,0.8604999999999999,1.62787603611539,1.2849729139437058,10668,8421
6085,0.860625,1.644794450252064,1.3016513595322878,10779,8531
6086,0.86075,1.6622192596096588,1.3203804415495166,10894,8653
6087,0.860875,1.6784488009145728,1.3394197441556885,11000,8778
6088,0.861,1.6926522946565736,1.3578927112090604,11093,8899
6089,0.861125,1.7058417037311808,1.376758758115891,11179,9023
6090,0.86125,1.7195697601278883,1.3975117634400935,11269,9159
6091,0.861375,1.733962656065551,1.420213082760496,11364,9308
6092,0.8614999999999999,1.7475168817182452,1.4432889024411533,11453,9459
6093,0.861625,1.758910091793942,1.4653414900257735,11527,9603
6094,0.86175,1.768590646995287,1.4867392909816721,11591,9743
6095,0.861875,1.7781844767262551,1.5090242266440186,11654,9890
6096,0.862,1.788450485320897,1.5328676823901564,11721,10046
6097,0.862125,1.798308983682019,1.557099415240571,11785,10205
6098,0.86225,1.8061437745453053,1.5800102347417975,11837,10355
6099,0.862375,1.8117697341419323,1.6013200898416644,11874,10494
6100,0.8624999999999999,1.8166360516850644,1.6223819045520629,11906,10632
6101,0.862625,1.8220156148411972,1.6443714858942795,11941,10777
6102,0.86275,1.8274155098414437,1.6666986077887798,11976,10923
6103,0.862875,1.8311703870730816,1.687600904151525,12001,11060
6104,0.863,1.8324870603170615,1.706189026998186,12009,11182
6105,0.863125,1.8324162769478367,1.7234189369837487,12009,11295
6106,0.86325,1.8325506020015576,1.7407903096217998,12010,11408
6107,0.863375,1.8330570095169243,1.758379627913243,12013,11524
6108,0.8634999999999999,1.83247357665607,1.7746373510611098,12009,11630
6109,0.863625,1.8295202403834965,1.7881991420716312,11990,11719
6110,0.86375,1.8246881960813488,1.7994756837560657,11958,11793
6111,0.863875,1.8196466416193753,1.810059852867325,11925,11862
6112,0.864,1.815198043227472,1.8206823378934494,11896,11932
6113,0.864125,1.8103064412369818,1.8302403245751453,11864,11995
6114,0.86425,1.8033993991774073,1.8370997247601226,11819,12040
6115,0.864375,1.794335453838985,1.8410629477771978,11759,12066
6116,0.8644999999999999,1.784607224429593,1.843572212183827,11696,12082
6117,0.864625,1.7755306623715943,1.8458990516718847,11636,12097
6118,0.86475,1.7666554284932174,1.8475548144681821,11578,12108
6119,0.864875,1.7563581205469043,1.846884076600511,11510,12104
6120,0.865,1.7438867584202713,1.8431091675655535,11429,12079
6121,0.865125,1.730332415562759,1.8373019136695843,11340,12041
6122,0.86525,1.7173269992933817,1.8310813775270576,11255,12000
6123,0.865375,1.7050757043765716,1.8246463479988362,11174,11958
6124,0.8654999999999999,1.6921536148927452,1.8165718223029024,11090,11905
6125,0.865625,1.6773163258503594,1.8056195885012232,10992,11833
6126,0.86575,1.6610892621670763,1.7923273498470746,10886,11746
6127,0.865875,1.645174292024221,1.7784152253606695,10782,11655
6128,0.866,1.6304049266686937,1.764740685853794,10685,11565
6129,0.8661249999999999,1.6157745013898153,1.750326552026129,10589,11471
6130,0.86625,1.5997380728906634,1.7336625661571257,10484,11362
6131,0.866375,1.5821797520562917,1.7146724770705093,10369,11237
6132,0.8664999999999999,1.5646157763385011,1.6949167335133812,10254,11108
6133,0.866625,1.5483836511549673,1.6757813195061335,10147,10982
6134,0.86675,1.533052505682336,1.6568876875093697,10047,10859
6135,0.866875,1.517016222188261,1.636685531476934,9942,10726
6136,0.867,1.4995379154536947,1.6144968106379292,9827,10581
6137,0.8671249999999999,1.4817214774076353,1.5914868967851927,9711,10430
6138,0.86725,1.46520936729963,1.5693618870527641,9602,10285
6139,0.867375,1.4502149909223838,1.5484005548177953,9504,10148
6140,0.8674999999999999,1.4353193278509815,1.5272504894407823,9407,10009
6141,0.867625,1.419281492026102,1.5047382083395149,9301,9861
6142,0.86775,1.4026280912732887,1.4814580306790617,9192,9709
6143,0.867875,1.3870597936721194,1.4591781862695488,9090,9563
6144,0.868,1.3734065825422082,1.4387955980189413,9001,9429
6145,0.8681249999999999,1.3606559050258975,1.419363575487139,8917,9302
6146,0.86825,1.347254638589299,1.3993933333634134,8829,9171
6147,0.868375,1.333076406349088,1.3788208655251046,8736,9036
6148,0.8684999999999999,1.3196247316647767,1.359209686661738,8648,8908
6149,0.868625,1.3082221772279756,1.3419395548237214,8574,8795
6150,0.86875,1.29842079511012,1.3266165531966654,8509,8694
6151,0.868875,1.288595268907569,1.3116658507950782,8445,8596
6152,0.869,1.2779874982931274,1.2963759719503858,8375,8496
6153,0.8691249999999999,1.2676781713874543,1.2818700318351157,8308,8401
6154,0.86925,1.259284669630346,1.2698033866811187,8253,8322
6155,0.869375,1.252993489284193,1.2603957714865301,8212,8260
6156,0.8694999999999999,1.247356991519127,1.2522278615835738,8175,8207
6157,0.869625,1.2411040192594394,1.2440516659203935,8134,8153
6158,0.86975,1.2347293861802906,1.2363798977995826,8092,8103
6159,0.869875,1.229900512587547,1.230892453172962,8060,8067
6160,0.87,1.2274128149148287,1.2283917545716625,8044,8050
6161,0.8701249999999999,1.2262179361696404,1.2278308941249023,8036,8047
6162,0.87025,1.2247258503229996,1.227615765763867,8026,8045
6163,0.870375,1.2227722708018143,1.2275724589533772,8014,8045
6164,0.8704999999999999,1.22182194465475,1.2291506529899725,8007,8055
6165,0.870625,1.2231578949226742,1.2336129180562145,8016,8085
6166,0.87075,1.2262920102305448,1.2404454744752507,8037,8129
6167,0.870875,1.2295582990192346,1.2479515780955526,8058,8179
6168,0.871,1.2321576119046558,1.255296477399711,8075,8227
6169,0.8711249999999999,1.2351293335207296,1.2634793062579892,8095,8280
6170,0.87125,1.2400494217774856,1.2740314170297105,8127,8349
6171,0.871375,1.2470629547150933,1.2870491936956123,8173,8435
6172,0.8714999999999999,1.2546810099136687,1.3009912768024756,8223,8526
6173,0.871625,1.2615914109898652,1.3144896356330416,8268,8615
6174,0.87175,1.2682483392840413,1.3279395684822182,8312,8703
6175,0.871875,1.2762791020588016,1.3429068485003335,8364,8801
6176,0.872,1.286439636561065,1.3600836497276185,8431,8913
6177,0.8721249999999999,1.2976428737968562,1.3783173317761381,8504,9033
6178,0.87225,1.3082609479728475,1.3959130941477351,8574,9148
6179,0.872375,1.3180927376545397,1.4126019717630638,8638,9258
6180,0.8724999999999999,1.3285672542048725,1.4297446801364202,8707,9370
6181,0.872625,1.3409330144982086,1.4485214652564296,8788,9493
6182,0.87275,1.3546687128706443,1.4683432327803945,8878,9623
6183,0.872875,1.3680766017451353,1.4874454173264184,8966,9748
6184,0.873,1.3803272834523383,1.5049332206504027,9046,9863
6185,0.8731249999999999,1.3924315229368258,1.5217539128529611,9125,9973
6186,0.87325,1.405938342757151,1.5393953516736674,9214,10089
6187,0.873375,1.4209676837688172,1.557919119737229,9312,10210
6188,0.8734999999999999,1.436007325901704,1.5757578368713678,9411,10327
6189,0.873625,1.449723740033993,1.591526465000331,9501,10430
6190,0.87375,1.462551726200693,1.6056122951812104,9585,10523
6191,0.873875,1.4761012774073758,1.6195822297199114,9674,10614
6192,0.874,1.4911130950758669,1.6341385947398823,9772,10709
6193,0.8741249999999999,1.5064870374883412,1.6481479617289418,9873,10801
6194,0.87425,1.5205843253717697,1.6599435907291842,9965,10879
6195,0.874375,1.5331951557297594,1.669293362526116,10048,10940
6196,0.8744999999999999,1.545742071270781,1.6776033197179026,10130,10994
6197,0.874625,1.5594693929043326,1.6861073544385663,10220,11050
6198,0.87475,1.5738538577980443,1.6942779471662106,10314,11104
6199,0.874875,1.5871980461601203,1.7004197785790298,10402,11144
6200,0.875,1.5986751247419173,1.703714499636675,10477,11165
6201,0.8751249999999999,1.6093006915111405,1.7051926856824555,10547,11175
6202,0.87525,1.6206308085428167,1.706431820186328,10621,11183
6203,0.875375,1.6327946800958677,1.7075890027842129,10701,11191
6204,0.8755,1.6442914982922385,1.70719767030172,10776,11188
6205,0.875625,1.6538012976080938,1.7039783996903144,10838,11167
6206,0.87575,1.6617745059600308,1.6984282609494143,10891,11131
6207,0.875875,1.669838796341679,1.692227535471191,10943,11090
6208,0.876,1.6787545042317091,1.6861948655188457,11002,11051
6209,0.8761249999999999,1.6874430492370314,1.6793154624758335,11059,11006
6210,0.87625,1.694289032967413,1.6700428724389071,11104,10945
6211,0.876375,1.6991078117920573,1.6582662589466415,11135,10868
6212,0.8765,1.7033487502491471,1.6455132667273682,11163,10784
6213,0.876625,1.7082845987232305,1.633139037955429,11195,10703
6214,0.87675,1.7134220086346144,1.6207362887803243,11229,10622
6215,0.876875,1.7170948913629518,1.606728242349785,11253,10530
6216,0.877,1.7185090335791497,1.5904127660926533,11262,10423
6217,0.8771249999999999,1.718713861882949,1.5729336544242662,11264,10308
6218,0.87725,1.7193003438286039,1.5559780229636881,11268,10197
6219,0.877375,1.7204335748090311,1.5398083672621323,11275,10091
6220,0.8775,1.7206494898245874,1.5230587504187714,11276,9982
6221,0.877625,1.7186656167817365,1.5045449929643016,11263,9860
6222,0.87775,1.7149704933004346,1.4848535601185755,11239,9731
6223,0.877875,1.7112304084397818,1.4657477167306074,11215,9606
6224,0.878,1.70824468713326,1.4481222889811003,11195,9490
6225,0.8781249999999999,1.7049739945967377,1.4310313711940597,11174,9378
6226,0.87825,1.6998423041935304,1.4129897899929418,11140,9260
6227,0.878375,1.6927043471128727,1.3939399585321126,11093,9135
6228,0.8785,1.6850487403531398,1.375454531719,11043,9014
6229,0.878625,1.67818723703561,1.3589250763099996,10998,8906
6230,0.87875,1.6716651223070764,1.3439720363700516,10955,8808
6231,0.878875,1.6638544422260582,1.3290374100842137,10904,8710
6232,0.879,1.6539985074286812,1.3134288758543418,10840,8608
6233,0.8791249999999999,1.6431835266972554,1.2982909144001975,10769,8508
6234,0.87925,1.6330364053238877,1.2853022919254933,10702,8423
6235,0.879375,1.6237572015533557,1.274708057437912,10641,8354
6236,0.8795,1.613915745960885,1.2651159175183402,10577,8291
6237,0.879625,1.6022622665862476,1.2553064654252635,10501,8227
6238,0.87975,1.5893167247626918,1.2458223496457184,10416,8165
6239,0.879875,1.57677543257533,1.2383745679339724,10334,8116
6240,0.88,1.5654662687241434,1.2337975983287472,10259,8086
6241,0.8801249999999999,1.5543768641375195,1.2310773420241294,10187,8068
6242,0.88025,1.5419565145102068,1.2286530368268413,10105,8052
6243,0.880375,1.5280835181631232,1.2263844393797663,10014,8037
6244,0.8805,1.5142682626192607,1.2257549998953865,9924,8033
6245,0.880625,1.5018423714934275,1.2280609451532198,9842,8048
6246,0.88075,1.490369073403134,1.2328218223693883,9767,8079
6247,0.880875,1.4782363371401475,1.2383736649491794,9688,8116
6248,0.881,1.4647013630789953,1.2439137432993155,9599,8152
6249,0.8811249999999999,1.450862133930425,1.250472241381073,9508,8195
6250,0.88125,1.4383552157152537,1.259610397290566,9426,8255
6251,0.881375,1.4273881433500197,1.271453108590446,9355,8333
6252,0.8815,1.4165360574475714,1.2844859828657345,9283,8418
6253,0.881625,1.4045522714582084,1.2973662152766965,9205,8502
6254,0.8817499999999999,1.3919576394977842,1.310512436540635,9122,8589
6255,0.881875,1.3804471294226144,1.325511681847352,9047,8687
6256,0.882,1.3708450848458753,1.3430751901338462,8984,8802
6257,0.8821249999999999,1.3621333805555045,1.3620670336734155,8927,8926
6258,0.88225,1.3527533947618404,1.3808066740361606,8865,9049
6259,0.882375,1.342573331346285,1.399036828015628,8799,9169
6260,0.8825,1.333091378938047,1.41812724508452,8737,9294
6261,0.882625,1.3256248569940117,1.4392644562831811,8688,9432
6262,0.8827499999999999,1.319720669072712,1.4618628678569725,8649,9580
6263,0.882875,1.3137484520289053,1.4841585606678678,8610,9727
6264,0.883,1.3069451625742583,1.5052545257943688,8565,9865
6265,0.8831249999999999,1.300386656729255,1.5260929287781764,8522,10001
6266,0.88325,1.2956855955289979,1.5481536593903795,8491,10146
6267,0.883375,1.293023873645604,1.571487465949807,8474,10299
6268,0.8835,1.2909493691697878,1.5945133304756614,8460,10450
6269,0.883625,1.2881865676067046,1.6158298050403581,8442,10590
6270,0.8837499999999999,1.285226049504752,1.6358050926082643,8423,10720
6271,0.883875,1.2837311335087203,1.6559843945975221,8413,10853
6272,0.884,1.2844932634784085,1.677045846105865,8418,10991
6273,0.8841249999999999,1.2864602461518628,1.6978294357590185,8431,11127
6274,0.88425,1.288038352213778,1.7166395976530566,8441,11250
6275,0.884375,1.2890597320410435,1.7332132728245118,8448,11359
6276,0.8845,1.2909857056915373,1.7489236218266273,8461,11462
6277,0.884625,1.2950960125775395,1.764969870166336,8488,11567
6278,0.8847499999999999,1.300899396085603,1.7807882374939128,8526,11671
6279,0.884875,1.306726865178634,1.7946457324299516,8564,11761
6280,0.885,1.3117764110775876,1.805685127608559,8597,11834
6281,0.8851249999999999,1.3170847065364903,1.814897118252304,8632,11894
6282,0.88525,1.3242251387999826,1.8238185208193722,8678,11953
6283,0.885375,1.3333403639755417,1.8325652028007307,8738,12010
6284,0.8855,1.3429391795866958,1.8396290237052824,8801,12056
6285,0.885625,1.351707278677547,1.8436888724165106,8859,12083
6286,0.8857499999999999,1.3600968541825948,1.8452002401407146,8914,12093
6287,0.885875,1.3697333748217726,1.845802180917446,8977,12097
6288,0.886,1.381371081450886,1.8462726761591886,9053,12100
6289,0.8861249999999999,1.3939213586407555,1.84555708772382,9135,12095
6290,0.88625,1.405754936084781,1.8420701286736756,9213,12072
6291,0.886375,1.4166694376545592,1.8356633882988316,9284,12030
6292,0.8865,1.4280927615649444,1.827828386417583,9359,11979
6293,0.886625,1.4412724610795629,1.8198858242623133,9446,11927
6294,0.8867499999999999,1.4556864079966996,1.8113958325152304,9540,11871
6295,0.886875,1.4696361813589016,1.8007511263073783,9631,11801
6296,0.887,1.4822918506887408,1.7872212909538079,9714,11713
6297,0.8871249999999999,1.4946637968426535,1.7719242692307637,9795,11612
6298,0.88725,1.5083007983617183,1.7565238774704814,9885,11512
6299,0.887375,1.5233227003602954,1.7412620470861944,9983,11412
6300,0.8875,1.538217326625314,1.724755104532824,10081,11303
6301,0.887625,1.551651339723452,1.7058041182792965,10169,11179
6302,0.8877499999999999,1.5640598705611768,1.6849838465804206,10250,11043
6303,0.887875,1.5770533904201067,1.6640490204014715,10335,10906
6304,0.888,1.5913732178093465,1.6438891321789713,10429,10773
6305,0.8881249999999999,1.6059199750975028,1.6235562387450353,10525,10640
6306,0.88825,1.6190557855865537,1.6015664181946117,10611,10496
6307,0.888375,1.6305718954391661,1.577866686241466,10686,10341
6308,0.8885,1.6418920347154207,1.5540376096739135,10760,10185
6309,0.888625,1.6542618578271744,1.5314820032032284,10841,10037
6310,0.8887499999999999,1.6671595733235318,1.5098348192831184,10926,9895
6311,0.888875,1.678889378446443,1.4875558156692523,11003,9749
6312,0.889,1.6886261945033065,1.4639735733685748,11067,9594
6313,0.8891249999999999,1.6973875190519228,1.440256573598658,11124,9439
6314,0.88925,1.706731450811676,1.4181105423750577,11185,9294
6315,0.889375,1.7167893749396839,1.3978103676982634,11251,9161
6316,0.8895,1.7260628008692238,1.377996308050915,11312,9031
6317,0.889625,1.7332342236140197,1.3574841080049482,11359,8896
6318,0.8897499999999999,1.7387566671671042,1.3368539761805207,11395,8761
6319,0.889875,1.7442605424838995,1.3178567347570649,11431,8637
6320,0.89,1.7505090573404152,1.3013687394753526,11472,8529
6321,0.8901249999999999,1.7564266437970757,1.286419649959306,11511,8431
6322,0.89025,1.7604010486511859,1.27149411609674,11537,8333
6323,0.890375,1.7622509113969744,1.2564987632735864,11549,8235
6324,0.8905,1.7634290103438959,1.2429651287076768,11557,8146
6325,0.890625,1.765211644808322,1.2322385271285277,11568,8076
6326,0.8907499999999999,1.76710914311527,1.2238883499050404,11581,8021
6327,0.890875,1.7674592252784398,1.2163009976945498,11583,7971
6328,0.891,1.7654716112471478,1.2087243853269412,11570,7921
6329,0.891125,1.7621997884521963,1.202239374325104,11549,7879
6330,0.89125,1.7592389058407072,1.1984576715657609,11529,7854
6331,0.891375,1.756758362763244,1.1975541847537277,11513,7848
6332,0.8915,1.7532985138238877,1.1980638401842216,11490,7852
6333,0.891625,1.7475814232037192,1.1986922098199504,11453,7856
6334,0.8917499999999999,1.740100274631219,1.1999051405654002,11404,7864
6335,0.891875,1.7325261130843566,1.2033354772970553,11354,7886
6336,0.892,1.7256631224562395,1.2097386621718906,11309,7928
6337,0.892125,1.7184769288506057,1.218021128039423,11262,7982
6338,0.89225,1.7093965617421782,1.2265426774518777,11203,8038
6339,0.892375,1.6982819013901214,1.2350841269997466,11130,8094
6340,0.8925,1.6866268001980071,1.2450509346390817,11053,8160
6341,0.892625,1.6757483295744358,1.2576627461433678,10982,8242
6342,0.8927499999999999,1.665197169285565,1.2723643686572574,10913,8339
6343,0.892875,1.653350831676592,1.2874193909755205,10835,8437
6344,0.893,1.639458158884016,1.3019553317132968,10744,8532
6345,0.893125,1.6246109504914055,1.3169357513468427,10647,8631
6346,0.89325,1.610441755555952,1.3338587491179834,10554,8742
6347,0.893375,1.5971563218955744,1.3527899751298644,10467,8866
6348,0.8935,1.583330209256932,1.3721599883777684,10377,8993
6349,0.893625,1.5677194060478066,1.3905755032524678,10274,9113
6350,0.8937499999999999,1.5508496591292342,1.408409489432564,10164,9230
6351,0.893875,1.5344230816330555,1.4272084636543638,10056,9353
6352,0.894,1.5192733629854684,1.447648479815919,9957,9487
6353,0.894125,1.504393943683599,1.4685640280530954,9859,9624
6354,0.89425,1.4882399222291458,1.4882507162795355,9753,9753
6355,0.894375,1.47069538098075,1.5064333460862434,9638,9873
6356,0.8945,1.4532764674186003,1.5244697478029898,9524,9991
6357,0.894625,1.437320527914436,1.5435406750016027,9420,10116
6358,0.8947499999999999,1.4223964716573108,1.5630608865077897,9322,10244
6359,0.894875,1.4068978916670203,1.5812730236207286,9220,10363
6360,0.895,1.3900875516073758,1.597292765140413,9110,10468
6361,0.895125,1.3730689214068361,1.6120810996168973,8999,10565
6362,0.89525,1.3574839740855895,1.6271427273874919,8896,10664
6363,0.895375,1.3435455553403715,1.6425591326351805,8805,10765
6364,0.8955,1.3298340166933378,1.656785746908563,8715,10858
6365,0.895625,1.315107765862994,1.6684631540063661,8619,10934
6366,0.8957499999999999,1.2998926315136459,1.6780068999620898,8519,10997
6367,0.895875,1.285888418898187,1.6870146424885533,8427,11056
6368,0.896,1.2739241694210521,1.6962217620910647,8349,11116
6369,0.896125,1.262986298103394,1.7045300211833188,8277,11171
6370,0.89625,1.2515205640629723,1.7103097858024268,8202,11209
6371,0.896375,1.2393993744097473,1.713367769108669,8123,11229
6372,0.8965,1.2281249423151195,1.7151503357954667,8049,11240
6373,0.896625,1.219018414486512,1.7169329789671703,7989,11252
6374,0.8967499999999999,1.2116303242371773,1.718230812216015,7941,11261
6375,0.896875,1.2043337219810784,1.7173919530657364,7893,11255
6376,0.897,1.196368762459318,1.7136420416170035,7841,11231
6377,0.897125,1.1888142655380853,1.7080559536069926,7791,11194
6378,0.89725,1.183285623504309,1.7022555334642437,7755,11156
6379,0.8973749999999999,1.1799672112543518,1.69644205393712,7733,11118
6380,0.8975,1.1774091386235093,1.68919269258729,7716,11070
6381,0.897625,1.1743378563261087,1.679271084342983,7696,11005
6382,0.8977499999999999,1.1712456471472836,1.667216441369268,7676,10926
6383,0.897875,1.1697972514740331,1.6547500244984787,7666,10845
6384,0.898,1.1707852590152412,1.6427300761643275,7673,10766
6385,0.898125,1.173158329654822,1.6301797906139213,7688,10684
6386,0.89825,1.1753233001830388,1.6155888841480344,7703,10588
6387,0.8983749999999999,1.1771125840895509,1.5988806538660318,7714,10478
6388,0.8985,1.1799874683057057,1.5816146715006476,7733,10365
6389,0.898625,1.1852273479438489,1.5651755946543873,7768,10258
6390,0.8987499999999999,1.1923403187510204,1.5491831025072094,7814,10153
6391,0.898875,1.1996564249530508,1.532084647294988,7862,10041
6392,0.899,1.2063723848560859,1.513199482927132,7906,9917
6393,0.899125,1.213523277666292,1.493689793597646,7953,9789
6394,0.89925,1.222680586439773,1.4752580138492373,8013,9668
6395,0.8993749999999999,1.2339847414497458,1.4581787640938784,8087,9556
6396,0.8995,1.2459420037646007,1.4410950001743177,8165,9444
6397,0.899625,1.2572352099148334,1.4228281136706311,8239,9325
6398,0.8997499999999999,1.2683133882976028,1.403966818054282,8312,9201
6399,0.899875,1.2807985273039157,1.3862732497011123,8394,9085
6400,0.9,1.2954410846525044,1.3706377654524564,8490,8983
6401,0.900125,1.3111483529826065,1.3561066324403397,8593,8887
6402,0.90025,1.3262866751287603,1.3411835642880037,8692,8790
6403,0.9003749999999999,1.3406489890381459,1.325796595745289,8786,8689
6404,0.9005,1.3556582226247884,1.3115008446045324,8884,8595
6405,0.900625,1.3725566722548392,1.2996672392660755,8995,8517
6406,0.9007499999999999,1.3908166816407483,1.2898926232078718,9115,8453
6407,0.900875,1.4087340303046858,1.2805925252129533,9232,8392
6408,0.901,1.4254727328540728,1.2710454537998244,9342,8330
6409,0.901125,1.4420368615780395,1.262364146754451,9451,8273
6410,0.90125,1.459968649363647,1.2561932483106517,9568,8233
6411,0.9013749999999999,1.4793811623424638,1.2527414652968907,9695,8210
6412,0.9015,1.4987552289503165,1.2505781573751271,9822,8196
6413,0.901625,1.516750305796165,1.2484437530380246,9940,8182
6414,0.9017499999999999,1.5337941244674838,1.2468391504368774,10052,8171
6415,0.901875,1.5514895712981172,1.2474322224353096,10168,8175
6416,0.902,1.5705702116062683,1.2510131916528962,10293,8199
6417,0.902125,1.5899287560010256,1.2565228040402177,10420,8235
6418,0.90225,1.6079192748396913,1.2623544928065082,10538,8273
6419,0.9023749999999999,1.6243248316938046,1.2683218061247619,10645,8312
6420,0.9025,1.6405608616341627,1.2758618333514642,10752,8361
6421,0.902625,1.657864625011603,1.2862245430751376,10865,8429
6422,0.9027499999999999,1.675705854189388,1.2988835739849758,10982,8512
6423,0.902875,1.6923802031217563,1.3121296598250647,11091,8599
6424,0.903,1.7070539992299285,1.3251156173460674,11187,8684
6425,0.903125,1.7207361121749474,1.3388282806553844,11277,8774
6426,0.90325,1.7349759946779426,1.354786863897446,11370,8879
6427,0.9033749999999999,1.749896385831988,1.3730758174892796,11468,8999
6428,0.9035,1.7639901640902362,1.392142080850673,11560,9124
6429,0.903625,1.7759312279025243,1.4106061985857616,11639,9245
6430,0.9037499999999999,1.7861640533712886,1.428852346295656,11706,9364
6431,0.903875,1.7963105726964663,1.4484355207139044,11772,9492
6432,0.904,1.8071255972424847,1.470037488527344,11843,9634
6433,0.904125,1.8175252664376165,1.4924956150420863,11911,9781
6434,0.90425,1.8258891502454913,1.514105538081091,11966,9923
6435,0.9043749999999999,1.8320278493383304,1.534589206527446,12006,10057
6436,0.9045,1.8373862519252138,1.5552987414832133,12041,10193
6437,0.904625,1.8432329387497135,1.577406327585339,12080,10338
6438,0.9047499999999999,1.8490707003529794,1.6003153541749688,12118,10488
6439,0.904875,1.8532299229638023,1.6222543238612253,12145,10632
6440,0.905,1.854913204455694,1.6423220983620987,12156,10763
6441,0.905125,1.8551671452902365,1.6614602362105346,12158,10889
6442,0.90525,1.8555802486122706,1.6811515151399448,12161,11018
6443,0.9053749999999999,1.8563155325329181,1.7014531025567514,12166,11151
6444,0.9055,1.8559072392898768,1.7207938661463635,12163,11277
6445,0.905625,1.8530716127563156,1.737785708225373,12144,11389
6446,0.9057499999999999,1.8482963109148711,1.7528135461702214,12113,11487
6447,0.905875,1.843247170324342,1.767442619782536,12080,11583
6448,0.906,1.8387234844149871,1.7823742922768309,12050,11681
6449,0.906125,1.8336863289445413,1.7964748925460616,12017,11773
6450,0.90625,1.8265605218714447,1.8080781418182155,11971,11849
6451,0.9063749999999999,1.8172020921166614,1.8169531017174338,11909,11908
6452,0.9065,1.8071013977092307,1.8245076939836788,11843,11957
6453,0.906625,1.797572393002057,1.831978399030885,11781,12006
6454,0.90675,1.7881630128606865,1.8388409687399063,11719,12051
6455,0.906875,1.777248416077688,1.8434040440136024,11647,12081
6456,0.907,1.7640754754945271,1.8448538944692436,11561,12090
6457,0.907125,1.749734423506833,1.8442263730399073,11467,12086
6458,0.90725,1.7358566351068239,1.8431048653065258,11376,12079
6459,0.9073749999999999,1.7226470935383489,1.8416529929314236,11290,12069
6460,0.9075,1.7086809926233346,1.8384112966406332,11198,12048
6461,0.907625,1.6927143682373689,1.8321080295890437,11093,12007
6462,0.90775,1.6752734154866624,1.8232484691378048,10979,11949
6463,0.907875,1.6580611095134845,1.8135216208834595,10866,11885
6464,0.908,1.64191240120635,1.8037553244164237,10760,11821
6465,0.908125,1.6258224031189232,1.7929444428673285,10655,11750
6466,0.90825,1.6082482804924407,1.779552582804912,10540,11662
6467,0.9083749999999999,1.5890765863023804,1.7634793542405425,10414,11557
6468,0.9085,1.5698263251457423,1.746263187383133,10288,11444
6469,0.908625,1.5518380941930028,1.7292703226317676,10170,11333
6470,0.90875,1.534684428388238,1.7121048394571066,10058,11220
6471,0.908875,1.5167629265895721,1.6932015601706665,9940,11097
6472,0.909,1.4973407184673304,1.6718701396304554,9813,10957
6473,0.909125,1.4775260031506803,1.6492663162509191,9683,10809
6474,0.90925,1.4589658251132442,1.6270892594282678,9561,10663
6475,0.9093749999999999,1.4418784446871358,1.605613594790507,9449,10523
6476,0.9095,1.4248499494036684,1.5834855464840396,9338,10378
6477,0.909625,1.4066448032012822,1.5595330924383792,9219,10221
6478,0.90975,1.3877951886989368,1.5343548084849983,9095,10056
6479,0.909875,1.3700075596048404,1.5097259881898486,8978,9894
6480,0.91,1.354117877316003,1.4865533642455089,8874,9742
6481,0.910125,1.3391197431421769,1.4639027803944338,8776,9594
6482,0.91025,1.323466345529449,1.4403006187168386,8673,9439
6483,0.9103749999999999,1.307037756759693,1.4157006198207271,8566,9278
6484,0.9105,1.2913440676844223,1.391686505232036,8463,9121
6485,0.910625,1.2777145061376183,1.3696606149431698,8374,8976
6486,0.91075,1.2657078667778299,1.3492538445389444,8295,8842
6487,0.910875,1.2537056307642713,1.3289182915698703,8216,8709
6488,0.911,1.240956530076724,1.307971358261198,8133,8572
6489,0.911125,1.2285480958385413,1.2875668457964164,8051,8438
6490,0.91125,1.2181045432302957,1.2693924193856634,7983,8319
6491,0.9113749999999999,1.209819167692593,1.2537015809077596,7929,8216
6492,0.9115,1.2022510755827047,1.23911003109055,7879,8121
6493,0.911625,1.194135774756044,1.2244058774781665,7826,8024
6494,0.91175,1.185974645002384,1.2101387960907628,7772,7931
6495,0.911875,1.179441546992018,1.1980263081801008,7730,7851
6496,0.912,1.1753381943312482,1.1889089100807615,7703,7792
6497,0.912125,1.1726223567834988,1.181778002929555,7685,7745
6498,0.91225,1.16970994859924,1.1750778106250737,7666,7701
6499,0.9123749999999999,1.1664424097861776,1.1686725531449866,7644,7659
6500,0.9125,1.164289985888979,1.1640496313250124,7630,7629
6501,0.912625,1.164540943496169,1.1625087052550285,7632,7619
6502,0.91275,1.1667121473033362,1.1635722534449184,7646,7626
6503,0.912875,1.1691422882028752,1.1655787382466392,7662,7639
6504,0.9129999999999999,1.171036595212174,1.167727376885467,7675,7653
6505,0.913125,1.173438502183274,1.1710498217667464,7690,7675
6506,0.91325,1.177927678917249,1.1771083257612012,7720,7714
6507,0.9133749999999999,1.1846525542618802,1.1860283551601007,7764,7773
6508,0.9135,1.1921271897808083,1.1962956688699002,7813,7840
6509,0.913625,1.1990420041660055,1.2065672071075666,7858,7907
6510,0.91375,1.2058533817597932,1.217260971397864,7903,7977
6511,0.913875,1.2141904206107539,1.2299630077087618,7957,8061
6512,0.9139999999999999,1.2248104360054635,1.2453832404400145,8027,8162
6513,0.914125,1.2366273063590698,1.262384118845732,8104,8273
6514,0.91425,1.248013684810744,1.2792832097001428,8179,8384
6515,0.9143749999999999,1.258768524956151,1.2958210820726983,8249,8492
6516,0.9145,1.2703204741826,1.3133651227746252,8325,8607
6517,0.914625,1.2839172336454896,1.333099305503902,8414,8737
6518,0.91475,1.2990362377914904,1.3544353229671524,8513,8876
6519,0.914875,1.3139780251403856,1.3756064073166063,8611,9015
6520,0.9149999999999999,1.3279110403316707,1.3957126039935037,8703,9147
6521,0.915125,1.3418434399831092,1.4156930570518553,8794,9278
6522,0.91525,1.3573212004856237,1.4370245961864012,8895,9418
6523,0.9153749999999999,1.3744607749895323,1.4597548915229543,9008,9567
6524,0.9155,1.3917460293820774,1.4822998643044916,9121,9714
6525,0.915625,1.4078390936739202,1.5032550424162805,9226,9852
6526,0.91575,1.4231700177029942,1.5229856743930001,9327,9981
6527,0.915875,1.4393436376815731,1.5430340941764007,9433,10112
6528,0.9159999999999999,1.4570951112103818,1.5640756865041754,9549,10250
6529,0.916125,1.4753183717177127,1.584947821392989,9669,10387
6530,0.91625,1.4923683554585965,1.6039524726880934,9780,10512
6531,0.9163749999999999,1.5080286245127361,1.6208242910071469,9883,10622
6532,0.9165,1.5237147592646445,1.6369343389344295,9986,10728
6533,0.916625,1.5406638031651427,1.653479944283835,10097,10836
6534,0.91675,1.5583449251558221,1.6698956475093387,10213,10944
6535,0.916875,1.5750528617138648,1.6844470003118357,10322,11039
6536,0.9169999999999999,1.589952685774224,1.6962755542598509,10420,11117
6537,0.917125,1.60405166945211,1.7063710187390875,10512,11183
6538,0.91725,1.6188973431014375,1.716269468376837,10610,11248
6539,0.9173749999999999,1.634610194072263,1.7260862676209074,10713,11312
6540,0.9175,1.6496805389429674,1.7343130156225475,10811,11366
6541,0.917625,1.6627794010764978,1.739628573659454,10897,11401
6542,0.91775,1.6743480883616384,1.7424886372031148,10973,11420
6543,0.917875,1.6860050700132416,1.7445326817668794,11049,11433
6544,0.9179999999999999,1.6985014203690634,1.74653932193871,11131,11446
6545,0.918125,1.7107492675517475,1.7474547452196545,11212,11452
6546,0.91825,1.7211239171224628,1.7456946729305423,11280,11441
6547,0.9183749999999999,1.729431453352962,1.7411118616353487,11334,11411
6548,0.9185,1.737112017509482,1.735199143661858,11384,11372
6549,0.918625,1.745429215222589,1.7292786503867725,11439,11333
6550,0.91875,1.7538806552714679,1.7229120430107205,11494,11291
6551,0.918875,1.7607913390495356,1.714493636436481,11540,11236
6552,0.9189999999999999,1.765358297929253,1.7032946648545981,11569,11163
6553,0.919125,1.7686223888821726,1.6904347349092772,11591,11078
6554,0.91925,1.7721662156854234,1.6775793194010176,11614,10994
6555,0.9193749999999999,1.7761467469032735,1.6649719624001666,11640,10912
6556,0.9195,1.7790920456704988,1.651230535243308,11659,10822
6557,0.919625,1.779712053816911,1.635157545519159,11664,10716
6558,0.91975,1.7784880243213743,1.6173290600847294,11655,10599
6559,0.919875,1.777079293199502,1.5995009492118262,11646,10482
6560,0.9199999999999999,1.776278576964158,1.5825636505473524,11641,10371
6561,0.920125,1.7750403062160784,1.5655699333531308,11633,10260
6562,0.92025,1.7717826037149946,1.5470363313017506,11612,10139
6563,0.9203749999999999,1.7663547618663695,1.5269100210886744,11576,10007
6564,0.9205,1.7602403779720004,1.5067714133440369,11536,9875
6565,0.920625,1.7547466306572297,1.4880228135818423,11500,9752
6566,0.92075,1.7494146799308312,1.4702982917072727,11465,9636
6567,0.920875,1.7426129201972644,1.4520563164239197,11420,9516
6568,0.9209999999999999,1.733581484915881,1.4326237558228008,11361,9389
6569,0.921125,1.7234039019697975,1.4131669247587002,11294,9261
6570,0.92125,1.7137048898192495,1.3953889156681152,11231,9145
6571,0.9213749999999999,1.7046828331995743,1.3795614905878102,11172,9041
6572,0.9215,1.694906397040569,1.3643212800000457,11108,8941
6573,0.921625,1.683125168063572,1.348479878421836,11031,8837
6574,0.92175,1.669858981987815,1.3326128173308107,10944,8733
6575,0.921875,1.6568045544384018,1.3184657004547704,10858,8641
6576,0.9219999999999999,1.6447906850672083,1.3069091236959758,10779,8565
6577,0.922125,1.6328064534882112,1.296966437627824,10701,8500
6578,0.92225,1.6193031170621324,1.2871154389924886,10612,8435
6579,0.922375,1.6041614557838835,1.2772553549232626,10513,8371
6580,0.9225,1.5888948412851034,1.2689097897399004,10413,8316
6581,0.922625,1.5748383873900176,1.2634155967648482,10321,8280
6582,0.92275,1.5615592987728608,1.2603331932118162,10234,8260
6583,0.922875,1.5474500064155141,1.2580395063237464,10141,8245
6584,0.9229999999999999,1.5317726363365933,1.2557724992013257,10039,8230
6585,0.923125,1.5156305572047803,1.2546026241720527,9933,8222
6586,0.92325,1.5006661564679997,1.2561307473135181,9835,8232
6587,0.923375,1.4870932194596729,1.2605205320641897,9746,8261
6588,0.9235,1.4734935394338289,1.2662952873389717,9657,8299
6589,0.923625,1.4586274749572463,1.2721486297649858,9559,8337
6590,0.92375,1.4430232894092958,1.2785341473182426,9457,8379
6591,0.923875,1.428383711139845,1.287072164115245,9361,8435
6592,0.9239999999999999,1.41554116589453,1.2985053774383428,9277,8510
6593,0.924125,1.4034859163582956,1.3117272990031197,9198,8597
6594,0.92425,1.390668003890647,1.3250846743032603,9114,8684
6595,0.924375,1.3769645520992833,1.3383451801830695,9024,8771
6596,0.9245,1.3638828948825217,1.3529010943283575,8938,8866
6597,0.924625,1.3527497012830936,1.3699588995459924,8865,8978
6598,0.92475,1.3431213975259988,1.388950300383652,8802,9103
6599,0.924875,1.3333772927244705,1.4081259049335653,8738,9228
6600,0.9249999999999999,1.3227641344066687,1.4266004160531904,8669,9349
6601,0.925125,1.3123676624630785,1.445324807588191,8601,9472
6602,0.92525,1.3038104843988252,1.4657848633428157,8545,9606
6603,0.925375,1.2972844767975134,1.4880342549707088,8502,9752
6604,0.9255,1.2913475055578996,1.5104919400729255,8463,9899
6605,0.925625,1.2847340214004954,1.5317534749664423,8420,10038
6606,0.92575,1.2779445192663474,1.5521811517073327,8375,10172
6607,0.925875,1.2726521518811502,1.5733113554164637,8340,10311
6608,0.9259999999999999,1.2696580902709629,1.5958105876110409,8321,10458
6609,0.926125,1.267919731348984,1.6185044289925887,8309,10607
6610,0.92625,1.2658527743258536,1.6396802494161427,8296,10746
6611,0.926375,1.2632986061195994,1.6590553444692775,8279,10873
6612,0.9265,1.2617275689706962,1.6779807933775257,8269,10997
6613,0.926625,1.2624281799095038,1.6976314100496916,8273,11126
6614,0.92675,1.2649176955115358,1.717416841587197,8290,11255
6615,0.926875,1.2675353438171864,1.7355754968722275,8307,11374
6616,0.9269999999999999,1.2694870239319442,1.7512197111560877,8320,11477
6617,0.927125,1.2718169764592668,1.765308063498468,8335,11569
6618,0.92725,1.2761058023756584,1.7793437809472428,8363,11661
6619,0.927375,1.282502989796204,1.7934078487773402,8405,11753
6620,0.9275,1.2895237755793962,1.8059561683590948,8451,11836
6621,0.927625,1.295859873380326,1.815630792461737,8493,11899
6622,0.92775,1.3019690703907063,1.8228497216336048,8533,11946
6623,0.927875,1.3094819790292085,1.8292140756870767,8582,11988
6624,0.9279999999999999,1.3191575290452346,1.8354636831927962,8645,12029
6625,0.928125,1.329911317076287,1.8405057538474636,8716,12062
6626,0.92825,1.3401178072395905,1.8427170706748337,8783,12076
6627,0.928375,1.3495778605659232,1.8419117376744687,8845,12071
6628,0.9285,1.359722117829796,1.8395444471390965,8911,12056
6629,0.9286249999999999,1.3718003632766573,1.8368999514808835,8990,12038
6630,0.92875,1.385292194174842,1.8335035110468543,9079,12016
6631,0.928875,1.398500395407643,1.8277142633951315,9165,11978
6632,0.9289999999999999,1.410595732133,1.818769691134481,9244,11919
6633,0.929125,1.4225887594909825,1.807757311907907,9323,11847
6634,0.92925,1.436027921627628,1.7963123548481017,9411,11772
6635,0.929375,1.4510322125702213,1.7846501886706185,9509,11696
6636,0.9295,1.4660881040557245,1.7713627366228661,9608,11609
6637,0.9296249999999999,1.4798604008202838,1.7552289896131181,9698,11503
6638,0.92975,1.4927818888012296,1.7368040606231836,9783,11382
6639,0.929875,1.506460205564043,1.7178256095446052,9873,11258
6640,0.9299999999999999,1.5216333684507217,1.6991687078113757,9972,11136
6641,0.930125,1.5371982328547134,1.6798737557607761,10074,11009
6642,0.93025,1.5515127129779076,1.658447982893767,10168,10869
6643,0.930375,1.5643634085614209,1.6348324484795789,10252,10714
6644,0.9305,1.5771689917414464,1.6106046649855947,10336,10555
6645,0.9306249999999999,1.5911696553943422,1.5871673470008867,10428,10402
6646,0.93075,1.6058377705119942,1.5641582773308962,10524,10251
6647,0.930875,1.6194713316310312,1.5400429931946413,10613,10093
6648,0.9309999999999999,1.631238721258248,1.5141587473041527,10690,9923
6649,0.931125,1.6421505756998855,1.4876855694340678,10762,9750
6650,0.93125,1.6537578401387367,1.4623435222663028,10838,9584
6651,0.931375,1.6661844701680635,1.4384245694188906,10920,9427
6652,0.9315,1.677924300501545,1.4145886652696948,10996,9271
6653,0.9316249999999999,1.6876519248999173,1.389673788592476,11060,9107
6654,0.93175,1.6958122708187928,1.364284774614133,11114,8941
6655,0.931875,1.704027478092246,1.340199351422586,11168,8783
6656,0.9319999999999999,1.7130523400057789,1.3183228900762385,11227,8640
6657,0.932125,1.7218027532961087,1.2977160331393063,11284,8505
6658,0.93225,1.7286578393981995,1.27689619098228,11329,8368
6659,0.932375,1.7334275464207427,1.2558043595509958,11360,8230
6660,0.9325,1.7375559253037256,1.236007850737231,11387,8100
6661,0.9326249999999999,1.7423105371891974,1.218888968557753,11418,7988
6662,0.93275,1.7471929902944727,1.2040550910161596,11450,7891
6663,0.932875,1.7505323286134886,1.189931395366512,11472,7798
6664,0.9329999999999999,1.7515296675495178,1.1758051393491888,11479,7706
6665,0.933125,1.7512299879239335,1.1627968729319795,11477,7621
6666,0.93325,1.751220055588579,1.15255811198749,11477,7553
6667,0.933375,1.7516610369027363,1.1453034644859148,11480,7506
6668,0.9335,1.7510852270087744,1.1396072269802153,11476,7469
6669,0.9336249999999999,1.7482068304996952,1.1342137789360467,11457,7433
6670,0.93375,1.7435113924348975,1.1296269994911459,11426,7403
6671,0.933875,1.7386625657644525,1.1275167593923383,11394,7389
6672,0.9339999999999999,1.734457407383446,1.1286743213423711,11367,7397
6673,0.934125,1.7298547062312215,1.1320405091400847,11337,7419
6674,0.93425,1.723276959965805,1.136007905804268,11294,7445
6675,0.934375,1.7145778458895786,1.1403882853995875,11237,7474
6676,0.9345,1.7052453548123092,1.1466160817253859,11175,7514
6677,0.9346249999999999,1.6965910598364404,1.155937738772941,11119,7576
6678,0.93475,1.6881605150164265,1.1678225514856084,11064,7653
6679,0.934875,1.6783264996517637,1.180556110967334,10999,7737
6680,0.9349999999999999,1.6663335215449586,1.1932853488111843,10920,7820
6681,0.935125,1.653269462566484,1.2069904988833928,10835,7910
6682,0.93525,1.6407633734185056,1.2231835217813165,10753,8016
6683,0.935375,1.6290179384804462,1.2419409949286901,10676,8139
6684,0.9355,1.6166060883552802,1.261701431259521,10595,8269
6685,0.9356249999999999,1.6022816295960223,1.2810764347467412,10501,8396
6686,0.93575,1.5865685705976085,1.3004407951045764,10398,8523
6687,0.935875,1.5711677396575408,1.321339721694689,10297,8660
6688,0.9359999999999999,1.5569119878637536,1.3444448628159353,10203,8811
6689,0.936125,1.542794371284282,1.3685831814582152,10111,8969
6690,0.93625,1.5272700476382426,1.3920396998812683,10009,9123
6691,0.936375,1.5102236066011732,1.4145255873159819,9897,9270
6692,0.9365,1.4931721378722633,1.4373820906848858,9786,9420
6693,0.9366249999999999,1.4774543664063642,1.4617704758995913,9683,9580
6694,0.93675,1.462641000349526,1.4870832361013393,9586,9746
6695,0.936875,1.4471278505412781,1.5115380497740065,9484,9906
6696,0.9369999999999999,1.4301802988014962,1.5342230899119953,9373,10055
6697,0.937125,1.412904829055541,1.556069409547467,9260,10198
6698,0.93725,1.3969468033625425,1.578549522529438,9155,10345
6699,0.937375,1.3825228241411427,1.6017106189041141,9061,10497
6700,0.9375,1.3682173444939385,1.623971927867495,8967,10643
6701,0.9376249999999999,1.352793208457785,1.643936092951234,8866,10774
6702,0.93775,1.3367809912628874,1.6619791978364185,8761,10892
6703,0.937875,1.3218855422247617,1.6796581094080547,8663,11008
6704,0.938,1.308941218451915,1.6976663163434744,8578,11126
6705,0.938125,1.2969400071672643,1.7148628010264206,8500,11239
6706,0.93825,1.2843334693092554,1.72957449538545,8417,11335
6707,0.938375,1.271000026070976,1.7415642517400234,8330,11414
6708,0.9385,1.258448089464574,1.7522343828670721,8247,11483
6709,0.9386249999999999,1.248005170495838,1.7628163758636444,8179,11553
6710,0.93875,1.2392283044197019,1.7727816161618546,8121,11618
6711,0.938875,1.2304971602954542,1.7804350124748998,8064,11668
6712,0.939,1.221058600487852,1.7849597385560938,8002,11698
6713,0.939125,1.2119982191425638,1.787389186980235,7943,11714
6714,0.93925,1.2049382222166438,1.7893049115381137,7897,11726
6715,0.939375,1.2000698143289354,1.7908693216072855,7865,11737
6716,0.9395,1.1959499246029281,1.7906223495071418,7838,11735
6717,0.9396249999999999,1.1913117885758662,1.7872922266819502,7807,11713
6718,0.93975,1.186654414076852,1.7813847717325848,7777,11674
6719,0.939875,1.1836491823592885,1.7745900694602168,7757,11630
6720,0.94,1.1830952159781538,1.7677375454496114,7754,11585
6721,0.940125,1.1839475752772561,1.7598241233886018,7759,11533
6722,0.94025,1.184619343050268,1.7493159072319853,7764,11464
6723,0.940375,1.1849490003107506,1.736115402413345,7766,11378
6724,0.9405,1.1864037030578058,1.7217642893551683,7775,11284
6725,0.9406249999999999,1.1902684936996537,1.7076323689918853,7801,11191
6726,0.94075,1.1960568758288688,1.6933275439979618,7838,11097
6727,0.940875,1.2021040398213447,1.6772886734557717,7878,10992
6728,0.941,1.207611573309611,1.6588296117584247,7914,10871
6729,0.941125,1.2136191271078471,1.6391104070064744,7954,10742
6730,0.94125,1.2217024457762364,1.6198345957899214,8007,10616
6731,0.941375,1.232005891796264,1.6012811736063317,8074,10494
6732,0.9415,1.243039319616324,1.5821006839768235,8146,10368
6733,0.9416249999999999,1.25348880310079,1.5611253179853266,8215,10231
6734,0.94175,1.2638062454143029,1.5389577060890591,8282,10086
6735,0.941875,1.2756161321419877,1.517376982697535,8360,9944
6736,0.942,1.2896710371538065,1.4972934574259609,8452,9813
6737,0.942125,1.3048799756783047,1.4777762336712414,8552,9685
6738,0.94225,1.3196106191799808,1.457354589205411,8648,9551
6739,0.942375,1.333656830398121,1.4359847462744093,8740,9411
6740,0.9425,1.3484420609005616,1.4152524519648544,8837,9275
6741,0.9426249999999999,1.3652087225057707,1.3965615702650822,8947,9153
6742,0.94275,1.3834288718685053,1.3795439828897693,9066,9041
6743,0.942875,1.4013975948399968,1.3626521960450402,9184,8930
6744,0.943,1.4182778143604602,1.3452034135358064,9295,8816
6745,0.943125,1.4350721119469305,1.3283505984348702,9405,8705
6746,0.94325,1.4533208420211752,1.3137799160513495,9524,8610
6747,0.943375,1.473134806525899,1.3017426820011841,9654,8531
6748,0.9435,1.4929921979782372,1.2908517103802424,9784,8460
6749,0.9436249999999999,1.5115494703689898,1.279891506048181,9906,8388
6750,0.94375,1.5292310023835451,1.2694074208401598,10022,8319
6751,0.943875,1.5476359851930142,1.2611119241848763,10143,8265
6752,0.944,1.5674939652570128,1.255839736269908,10273,8230
6753,0.944125,1.587693321606835,1.25257576168138,10405,8209
6754,0.9442499999999999,1.606583500739228,1.2497570194516998,10529,8190
6755,0.944375,1.623942663840581,1.2472398305853447,10643,8174
6756,0.9445,1.6411810871223944,1.2465030235337613,10756,8169
6757,0.9446249999999999,1.6595306319883507,1.2488370371418227,10876,8184
6758,0.94475,1.6784554150640574,1.253754508674665,11000,8217
6759,0.944875,1.6962452766071132,1.259583473965578,11117,8255
6760,0.945,1.7120605566220783,1.2655121748892022,11220,8294
6761,0.945125,1.726903984622885,1.2725607841245794,11317,8340
6762,0.9452499999999999,1.7423187452908684,1.2822796136702497,11418,8404
6763,0.945375,1.7584212047053525,1.2947817813906932,11524,8485
6764,0.9455,1.7736977883732556,1.3085403392271895,11624,8576
6765,0.9456249999999999,1.7868158863973567,1.3221992237697873,11710,8665
6766,0.94575,1.7982134360670283,1.336163189969352,11785,8757
6767,0.945875,1.8095058260988468,1.352004863384871,11859,8860
6768,0.946,1.8214413441430959,1.3704206313068144,11937,8981
6769,0.946125,1.8329296524440397,1.390259364355499,12012,9111
6770,0.9462499999999999,1.842343913897777,1.4098250683390503,12074,9239
6771,0.946375,1.8494884195456194,1.4288448488761636,12121,9364
6772,0.9465,1.8558018678343298,1.4486727866909948,12162,9494
6773,0.9466249999999999,1.8625467971342202,1.470479789805688,12206,9637
6774,0.94675,1.8692201239065571,1.4936647846574607,12250,9789
6775,0.946875,1.8741465559573836,1.5164486212226789,12282,9938
6776,0.947,1.8765232274977526,1.537919403544649,12298,10079
6777,0.947125,1.877391516866093,1.5590048597094417,12304,10217
6778,0.9472499999999999,1.8783349636517999,1.5811709817955888,12310,10362
6779,0.947375,1.8795119068391148,1.6044552636478404,12318,10515
6780,0.9475,1.8794522086311125,1.627264159294806,12317,10664
6781,0.9476249999999999,1.8768680565181501,1.648184518117814,12300,10802
6782,0.94775,1.872243387880727,1.667573740129414,12270,10929
6783,0.947875,1.8672406773372285,1.6869672154002635,12237,11056
6784,0.948,1.8626562244184917,1.7070343230490723,12207,11187
6785,0.948125,1.8574484999376186,1.7266074339168518,12173,11315
6786,0.9482499999999999,1.8500401123402956,1.7439845540047174,12124,11429
6787,0.948375,1.8402852950570507,1.7588974576685377,12060,11527
6788,0.9485,1.8296730281554034,1.7727154381547463,11991,11618
6789,0.9486249999999999,1.8195163215528734,1.7866352118978577,11924,11709
6790,0.94875,1.8093625996268945,1.8000918710216576,11858,11797
6791,0.948875,1.7975869578028632,1.8113527226646315,11781,11871
6792,0.949,1.7834366500188406,1.8195622720103932,11688,11925
6793,0.949125,1.7680027443155948,1.8257144096833984,11587,11965
6794,0.9492499999999999,1.7529179001690196,1.8313506026796864,11488,12002
6795,0.949375,1.7383888410051553,1.836592836449101,11393,12036
6796,0.9495,1.7229929477868007,1.8399405323599192,11292,12058
6797,0.9496249999999999,1.7054888939710924,1.840081580200865,11177,12059
6798,0.94975,1.6864059510696987,1.837481872189692,11052,12042
6799,0.949875,1.6674506094402566,1.8337922412340035,10928,12018
6800,0.95,1.6494617596173347,1.8298037717245315,10810,11992
6801,0.950125,1.6314388747174762,1.8244762131840049,10692,11957
6802,0.9502499999999999,1.6118438844982925,1.8162398834611542,10563,11903
6803,0.950375,1.590568503342918,1.8049631376105333,10424,11829
6804,0.9505,1.569137274859211,1.792155342185907,10283,11745
6805,0.9506249999999999,1.5488967022777769,1.7791560541709153,10151,11660
6806,0.95075,1.5294255722445802,1.7655451781032385,10023,11571
6807,0.950875,1.5091280670264242,1.74973603457729,9890,11467
6808,0.951,1.4872782081981224,1.731019546085432,9747,11344
6809,0.951125,1.4649913780586403,1.71053562474938,9601,11210
6810,0.9512499999999999,1.4439220708210427,1.6899705816486825,9463,11075
6811,0.951375,1.4242962428211088,1.669589257678974,9334,10942
6812,0.9515,1.4047078979739558,1.6480311920967812,9206,10801
6813,0.9516249999999999,1.3839296138061967,1.6241208498056434,9070,10644
6814,0.95175,1.3625018570594887,1.5984564555531178,8929,10476
6815,0.951875,1.3421395102891638,1.5728161504580793,8796,10308
6816,0.952,1.323687081345613,1.5481126674899472,8675,10146
6817,0.952125,1.3061468074956646,1.5234210038706497,8560,9984
6818,0.9522499999999999,1.2879805754508928,1.4972797674721525,8441,9813
6819,0.952375,1.2690771879566123,1.4696579610927891,8317,9632
6820,0.9525,1.2509554716727997,1.442157490815149,8198,9451
6821,0.9526249999999999,1.2349533638410268,1.4162017319396385,8093,9281
6822,0.95275,1.220638315946435,1.3914453214227214,8000,9119
6823,0.952875,1.206400380417548,1.3663666984280192,7906,8955
6824,0.953,1.191496749843196,1.3403120349427464,7809,8784
6825,0.953125,1.177023271443376,1.3144661922192704,7714,8614
6826,0.9532499999999999,1.1646123083258444,1.2905499901859825,7632,8458
6827,0.953375,1.154465101421738,1.268852013222845,7566,8316
6828,0.9535,1.1451484782383512,1.2480247574428962,7505,8179
6829,0.953625,1.1354054091706371,1.2268946463584192,7441,8041
6830,0.95375,1.125744458161161,1.206050963245648,7378,7904
6831,0.953875,1.117846357782108,1.187251914320935,7326,7781
6832,0.954,1.1125193639117528,1.1713795199945456,7291,7677
6833,0.954125,1.1087274259743756,1.1574673144413596,7266,7586
6834,0.9542499999999999,1.1048922605532714,1.1440020209940323,7241,7497
6835,0.954375,1.1008607009426363,1.1308904837424703,7215,7411
6836,0.9545,1.098107965148468,1.1196626112519203,7197,7338
6837,0.954625,1.0979268413667305,1.1116602070020627,7195,7285
6838,0.95475,1.099838256357229,1.1064472943606487,7208,7251
6839,0.954875,1.102184475611328,1.1024030333012342,7223,7225
6840,0.955,1.1041738098717406,1.0987662694105174,7236,7201
6841,0.955125,1.1068522563516643,1.0966069701990095,7254,7187
6842,0.9552499999999999,1.1118015278463869,1.0975241855451925,7286,7193
6843,0.955375,1.1191715531603457,1.1016784268220494,7335,7220
6844,0.9555,1.127477352214836,1.1075885630307871,7389,7259
6845,0.955625,1.1354097409077346,1.1139424910282179,7441,7300
6846,0.95575,1.1434249445939675,1.1211868584537696,7494,7348
6847,0.955875,1.1531513299602159,1.1309338486200626,7557,7412
6848,0.956,1.1653449169877812,1.1439168869840879,7637,7497
6849,0.956125,1.17891771231754,1.159019114049583,7726,7596
6850,0.9562499999999999,1.1922399326801878,1.174575883005722,7813,7698
6851,0.956375,1.205107521908676,1.1903424995870198,7898,7801
6852,0.9565,1.2189455594420493,1.207697977249914,7988,7915
6853,0.956625,1.234997615549984,1.2278346933281226,8094,8047
6854,0.95675,1.25273644915631,1.2501694970545059,8210,8193
6855,0.956875,1.2704573779595316,1.2729374515699645,8326,8342
6856,0.957,1.2873231017453868,1.2952371205284092,8437,8488
6857,0.957125,1.304335511678088,1.318002811369346,8548,8638
6858,0.9572499999999999,1.323033822095287,1.342703211819019,8671,8800
6859,0.957375,1.3435272350643535,1.3693745401180166,8805,8974
6860,0.9575,1.3642919027798224,1.3964180408826423,8941,9152
6861,0.957625,1.3839817905911815,1.4224113737888928,9070,9322
6862,0.95775,1.4030183612856506,1.447698846740453,9195,9488
6863,0.957875,1.4229974572227948,1.4737988509046291,9326,9659
6864,0.958,1.444644865714775,1.5013599766928971,9468,9839
6865,0.958125,1.4668447928952033,1.5291900542941828,9613,10022
6866,0.9582499999999999,1.4879421224972469,1.5555589510123575,9751,10195
6867,0.958375,1.507710061880226,1.580166783806118,9881,10356
6868,0.9585,1.5275535673499516,1.6043478576437367,10011,10514
6869,0.958625,1.5486988153169854,1.6292606889988657,10150,10678
6870,0.95875,1.5706038981658734,1.654299176332501,10293,10842
6871,0.958875,1.5915522957986736,1.6776865959893756,10430,10995
6872,0.959,1.610697678216686,1.698520828964363,10556,11131
6873,0.959125,1.6290358004684389,1.7177467389482342,10676,11257
6874,0.9592499999999999,1.6481025951608523,1.7368546277623318,10801,11383
6875,0.959375,1.668006905848331,1.7559133981706252,10931,11508
6876,0.9595,1.6872273920430527,1.7733677511497523,11057,11622
6877,0.959625,1.7044234433981622,1.787849464545896,11170,11717
6878,0.95975,1.7200247891768614,1.799767216392553,11272,11795
6879,0.9598749999999999,1.7356384132288742,1.8107137895526535,11375,11867
6880,0.96,1.7520040280186644,1.8214216752799877,11482,11937
6881,0.960125,1.768022562615575,1.8307917678636683,11587,11998
6882,0.9602499999999999,1.7820583146752609,1.837195557912029,11679,12040
6883,0.960375,1.7939065916872237,1.8404428908988912,11757,12062
6884,0.9605,1.8049970153408135,1.8419852227760694,11829,12072
6885,0.960625,1.8165829690605833,1.8431050911297528,11905,12079
6886,0.96075,1.828152160222404,1.8433265389053077,11981,12080
6887,0.9608749999999999,1.8380200495201668,1.8410084715353667,12046,12065
6888,0.961,1.8453745088165798,1.8353890890280307,12094,12028
6889,0.961125,1.8512476558767774,1.8275575526305465,12132,11977
6890,0.9612499999999999,1.8572137928287158,1.8191516148263005,12171,11922
6891,0.961375,1.86342206204526,1.8103900135751605,12212,11865
6892,0.9615,1.8683931896564483,1.7998688312429916,12245,11796
6893,0.961625,1.8708303058896443,1.786371964189998,12261,11707
6894,0.96175,1.8712083875644672,1.7704601130162798,12263,11603
6895,0.9618749999999999,1.871181064049504,1.7538771552408192,12263,11494
6896,0.962,1.8715359208773834,1.7375049391425772,12265,11387
6897,0.962125,1.8712228648899816,1.720391141680543,12263,11275
6898,0.9622499999999999,1.8686561044510581,1.7010506930163138,12246,11148
6899,0.962375,1.8636816555431692,1.6794327118374661,12214,11006
6900,0.9625,1.8577804751138942,1.6571230499154883,12175,10860
6901,0.962625,1.8522577628311094,1.635532971542963,12139,10719
6902,0.96275,1.8466533551218336,1.614308939426153,12102,10580
6903,0.9628749999999999,1.839334999939138,1.5919252289435337,12054,10433
6904,0.963,1.8295428513431813,1.5677278095768845,11990,10274
6905,0.963125,1.8183611427321578,1.5429053338613261,11917,10112
6906,0.9632499999999999,1.8074159689464055,1.5191863159784482,11845,9956
6907,0.963375,1.7969077757530156,1.4968709283564157,11776,9810
6908,0.9635,1.785407955836159,1.4746270183849983,11701,9664
6909,0.963625,1.7716694999128655,1.4513000736310802,11611,9511
6910,0.96375,1.7562163023582542,1.4275019866394183,11510,9355
6911,0.9638749999999999,1.7407497972149404,1.405017027687984,11408,9208
6912,0.964,1.726104137275951,1.384756535001941,11312,9075
6913,0.964125,1.711274390677092,1.3657864861245885,11215,8951
6914,0.9642499999999999,1.6947184104511352,1.3466289430363956,11107,8825
6915,0.964375,1.6763241755635532,1.3272288207668224,10986,8698
6916,0.9645,1.657612828842875,1.3091565764797561,10863,8580
6917,0.964625,1.639927819224645,1.2937968458986089,10747,8479
6918,0.96475,1.6228452167946634,1.2807584946621562,10635,8394
6919,0.9648749999999999,1.6047668355853986,1.2684673144395173,10517,8313
6920,0.965,1.5849646665622275,1.2562102851303123,10387,8233
6921,0.965125,1.5645524083193911,1.2451067689816793,10253,8160
6922,0.9652499999999999,1.545183205755753,1.2368061771047782,10127,8106
6923,0.965375,1.5270820082429193,1.2315200903034775,10008,8071
6924,0.9655,1.5088421408935448,1.2278188603660518,9888,8047
6925,0.965625,1.4892358372208192,1.2244420117110961,9760,8025
6926,0.96575,1.4688035390616176,1.2218876747988716,9626,8008
6927,0.9658749999999999,1.4492604284719626,1.2218190981951826,9498,8007
6928,0.966,1.4314516202031426,1.2250200769545967,9381,8028
6929,0.966125,1.4143802698299244,1.2304231545928819,9269,8064
6930,0.9662499999999999,1.3965094756341028,1.2364118599200247,9152,8103
6931,0.966375,1.377729547934725,1.24278818393994,9029,8145
6932,0.9665,1.3595610978926793,1.2509760969894006,8910,8198
6933,0.966625,1.3433441257110892,1.2622109558087757,8804,8272
6934,0.96675,1.3286484044728235,1.275950401260929,8707,8362
6935,0.9668749999999999,1.3138665672389866,1.2904678707276636,8611,8457
6936,0.967,1.298258625906227,1.304897706526485,8508,8552
6937,0.967125,1.2829234850022098,1.3202071941880893,8408,8652
6938,0.9672499999999999,1.2694967822530487,1.3378950565575962,8320,8768
6939,0.967375,1.2581832488697389,1.3580244282633707,8246,8900
6940,0.9675,1.247553397471447,1.3790202478489628,8176,9038
6941,0.967625,1.2363540758630451,1.3994805038891995,8103,9172
6942,0.96775,1.2250978969397905,1.4197664051596774,8029,9305
6943,0.9678749999999999,1.2154698104433401,1.4414097095098992,7966,9446
6944,0.968,1.2082824371393406,1.4650688187303604,7919,9601
6945,0.968125,1.2025042350600914,1.4895577517487588,7881,9762
6946,0.9682499999999999,1.1965615530575981,1.5131489629862174,7842,9917
6947,0.968375,1.1903059757802574,1.535541527921049,7801,10063
6948,0.9685,1.1852175722405671,1.5580651439339523,7767,10211
6949,0.968625,1.182594076254342,1.5818701678379161,7750,10367
6950,0.96875,1.1819614361549267,1.6063388887380627,7746,10527
6951,0.9688749999999999,1.1816670095747712,1.6296795787082516,7744,10680
6952,0.969,1.1809242522393668,1.6509718593884712,7739,10820
6953,0.969125,1.1807843535441052,1.6711391743652213,7738,10952
6954,0.96925,1.1828342490115251,1.6916474186345474,7752,11086
6955,0.969375,1.1872291149375984,1.7125382332471129,7781,11223
6956,0.9695,1.1924892280236257,1.7322264067928317,7815,11352
6957,0.969625,1.1973106644096891,1.7493113204764368,7847,11464
6958,0.96975,1.202154898977561,1.76416700118955,7878,11562
6959,0.9698749999999999,1.20865553143734,1.7783495234624207,7921,11655
6960,0.97,1.2175737854868989,1.7925528630987848,7979,11748
6961,0.970125,1.2278268365260578,1.8056378156426296,8047,11833
6962,0.97025,1.2377900237236243,1.8159344543991216,8112,11901
6963,0.970375,1.24726436157633,1.8232101343110416,8174,11949
6964,0.9705,1.2576799385524051,1.8288730210101551,8242,11986
6965,0.970625,1.2702852671293645,1.8341618233244006,8325,12020
6966,0.97075,1.2845579732754455,1.8385564929748472,8418,12049
6967,0.9708749999999999,1.2987981617113682,1.8403718532134905,8512,12061
6968,0.971,1.312173232422807,1.838802303216487,8599,12051
6969,0.971125,1.3256896854473434,1.8348937602901063,8688,12025
6970,0.97125,1.340891247408962,1.8302415523849387,8788,11995
6971,0.971375,1.357891531969926,1.8250230856924938,8899,11960
6972,0.9715,1.3751709984727156,1.8177944503931065,9012,11913
6973,0.971625,1.3913878112768308,1.8073011552050005,9119,11844
6974,0.97175,1.40696752176973,1.794067343209704,9221,11758
6975,0.9718749999999999,1.4235099472225314,1.7798024150447274,9329,11664
6976,0.972,1.441744735318883,1.7653560220001603,9449,11569
6977,0.972125,1.460559835166945,1.7497461542638741,9572,11467
6978,0.97225,1.4783037565772312,1.7314607338805086,9688,11347
6979,0.972375,1.4947532136228743,1.7104247548694906,9796,11209
6980,0.9725,1.5113165517433234,1.6882029616008152,9905,11064
6981,0.972625,1.5292232168035238,1.666188702708059,10022,10920
6982,0.97275,1.547934453922224,1.644013813129519,10145,10774
6983,0.9728749999999999,1.565736777252553,1.620141368384089,10261,10618
6984,0.973,1.5817867766074392,1.5939096222873643,10366,10446
6985,0.973125,1.597083010916786,1.5665030980444519,10467,10266
6986,0.97325,1.6131641057592438,1.5396497819518273,10572,10090
6987,0.973375,1.6301414854909673,1.513652981688579,10683,9920
6988,0.9735,1.64649628412415,1.4871873165581495,10790,9746
6989,0.973625,1.6608902584115932,1.4591087022296256,10885,9562
6990,0.97375,1.673755403927467,1.430043048026347,10969,9372
6991,0.9738749999999999,1.686700869029332,1.4017922062439334,11054,9187
6992,0.974,1.7004684361077858,1.3752885552554304,11144,9013
6993,0.974125,1.7139610085875745,1.3496225046392798,11233,8845
6994,0.97425,1.7255447706137412,1.3233437959286656,11309,8673
6995,0.974375,1.7350168272432678,1.296428163249513,11371,8496
6996,0.9745,1.743808516888419,1.2704798439598068,11428,8326
6997,0.974625,1.7531748576550052,1.2469200673776224,11490,8172
6998,0.97475,1.7626051178707778,1.2253968975474998,11551,8031
6999,0.9748749999999999,1.770416244042262,1.204377744823173,11603,7893
7000,0.975,1.7757975271458601,1.1831933939716202,11638,7754
7001,0.975125,1.7797824356453142,1.1630089806128356,11664,7622
7002,0.97525,1.7839465624111022,1.1455214033484744,11691,7507
7003,0.975375,1.788440278519959,1.1309911982215075,11721,7412
7004,0.9754999999999999,1.7917854851277053,1.1180388710030396,11743,7327
7005,0.975625,1.7926864312855089,1.1054550288642153,11749,7245
7006,0.97575,1.7916191646174744,1.0937895362077132,11742,7168
7007,0.9758749999999999,1.7902383342406734,1.0847577387766776,11733,7109
7008,0.976,1.7893325022887552,1.0791956121206292,11727,7073
7009,0.976125,1.7878525054668555,1.0760876636915029,11717,7052
7010,0.97625,1.7842134428212797,1.073868893742992,11693,7038
7011,0.976375,1.7782621776302958,1.0723919667589739,11654,7028
7012,0.9764999999999999,1.7714804779048934,1.0731304629126448,11610,7033
7013,0.976625,1.7651743132894127,1.0773679805643515,11568,7061
7014,0.97675,1.7588842557840867,1.084608784604165,11527,7108
7015,0.9768749999999999,1.7509787489898072,1.0931710216812476,11475,7164
7016,0.977,1.7406986088727845,1.102231601283072,11408,7224
7017,0.977125,1.7291286907754397,1.1127979506138566,11332,7293
7018,0.97725,1.7178956771793594,1.1264063086658083,11258,7382
7019,0.977375,1.707200560284482,1.143154437174063,11188,7492
7020,0.9774999999999999,1.69561524310661,1.1614988447063956,11112,7612
7021,0.977625,1.6818931830084978,1.1800657948540383,11022,7734
7022,0.97775,1.6665587018957555,1.199241344364822,10922,7859
7023,0.9778749999999999,1.6513136139792965,1.220578464856757,10822,7999
7024,0.978,1.6369924088930332,1.2447530448809647,10728,8158
7025,0.978125,1.6225904394310608,1.270592691279418,10634,8327
7026,0.97825,1.6065657946214662,1.2963794963544137,10529,8496
7027,0.978375,1.5888066313357645,1.3218180907109744,10412,8663
7028,0.9784999999999999,1.570834215270373,1.3482396360261202,10295,8836
7029,0.978625,1.5539920532630607,1.3767917719621807,10184,9023
7030,0.97875,1.5378562109463834,1.4068499245959216,10078,9220
7031,0.9788749999999999,1.5208284252008593,1.4366113106836527,9967,9415
7032,0.979,1.502180539373171,1.4651403830734617,9845,9602
7033,0.979125,1.4830260232877883,1.4933413020259965,9719,9787
7034,0.97925,1.4650177138390292,1.522656685383766,9601,9979
7035,0.979375,1.448380162249512,1.5531009477135986,9492,10178
7036,0.9794999999999999,1.4317062069934652,1.5830578621018812,9383,10375
7037,0.979625,1.41376749542771,1.6110920945048046,9265,10558
7038,0.97975,1.3951037851973116,1.6375394535934227,9143,10732
7039,0.9798749999999999,1.3774294650965895,1.6639144250195328,9027,10905
7040,0.98,1.3615887489208862,1.6908662543147857,8923,11081
7041,0.980125,1.3465837726983936,1.7172080380687174,8825,11254
7042,0.98025,1.3308764979186192,1.7412194390122446,8722,11411
7043,0.980375,1.3143559702237366,1.7626148994732609,8614,11551
7044,0.9804999999999999,1.298541409619174,1.7827474499786664,8510,11683
7045,0.980625,1.284771288435979,1.8027986839011465,8420,11815
7046,0.98075,1.2726137166968279,1.8221897533493707,8340,11942
7047,0.9808749999999999,1.2604595195261195,1.8391752674996025,8261,12053
7048,0.981,1.247566757743404,1.8528883036084745,8176,12143
7049,0.981125,1.2350322326464906,1.86431264085026,8094,12218
7050,0.98125,1.2244893285955734,1.8749809633982886,8025,12288
7051,0.981375,1.2161403651186677,1.8850078355213553,7970,12354
7052,0.9814999999999999,1.208553287184705,1.892886615240611,7920,12405
7053,0.981625,1.2004722117641269,1.8973005058194208,7867,12434
7054,0.98175,1.1924068604914109,1.8987120702808686,7815,12443
7055,0.9818749999999999,1.186039125293379,1.8987701743464034,7773,12444
7056,0.982,1.1821784057725329,1.898265262597959,7748,12440
7057,0.982125,1.1797897705528955,1.8961577625914638,7732,12427
7058,0.98225,1.177296014525508,1.890879939158043,7716,12392
7059,0.982375,1.1745450002615772,1.8823033398884685,7697,12336
7060,0.9824999999999999,1.1730129108026748,1.871941707481882,7687,12268
7061,0.982625,1.1739934279809958,1.861140122135411,7694,12197
7062,0.98275,1.1770082868888176,1.8494850850859017,7714,12121
7063,0.9828749999999999,1.1804004700873658,1.835397538447163,7736,12028
7064,0.983,1.1833789017059724,1.8181769675449746,7755,11916
7065,0.983125,1.186990084056905,1.7989727291051902,7779,11790
7066,0.98325,1.1928161159443362,1.779481369049999,7817,11662
7067,0.983375,1.2010071900386214,1.7599786844997454,7871,11534
7068,0.9834999999999999,1.2100784588751132,1.7391157947844198,7930,11397
7069,0.983625,1.2187207383487444,1.715729292295387,7987,11244
7070,0.98375,1.2273901138842207,1.6904299753558214,8044,11078
7071,0.9838749999999999,1.23771467273949,1.665008922640635,8111,10912
7072,0.984,1.2504500104786354,1.6403920657510356,8195,10750
7073,0.984125,1.2645075666856984,1.6156677759271805,8287,10588
7074,0.98425,1.2782568447326814,1.5893881082167596,8377,10416
7075,0.984375,1.2914929330984573,1.5615354985870074,8464,10234
7076,0.9844999999999999,1.305639912044978,1.5337251729877028,8557,10051
7077,0.984625,1.3219402151525275,1.5073936268350667,8663,9879
7078,0.98475,1.3398653270687302,1.4822083232011238,8781,9714
7079,0.984875,1.357709161964909,1.4566601498141643,8898,9546
7080,0.985,1.3746328884706964,1.4301072625184559,9009,9372
7081,0.985125,1.3916367492686494,1.4037459631349058,9120,9200
7082,0.98525,1.4102581961071434,1.3793078906647522,9242,9039
7083,0.985375,1.4306045665996483,1.3570917554839854,9376,8894
7084,0.9854999999999999,1.4511500512797113,1.3357594189798792,9510,8754
7085,0.985625,1.4705465707125482,1.3141458464671356,9637,8612
7086,0.98575,1.4892134657544907,1.2928479839019344,9760,8473
7087,0.985875,1.5087443954770574,1.273630768767684,9888,8347
7088,0.986,1.5298629096489615,1.2573819787659124,10026,8240
7089,0.986125,1.551450939981717,1.243139891003087,10168,8147
7090,0.98625,1.5718510669384995,1.2293949287191386,10301,8057
7091,0.986375,1.5908341845185203,1.2160565655183484,10426,7970
7092,0.9864999999999999,1.6098029343557658,1.204656254846155,10550,7895
7093,0.986625,1.629981196822354,1.1965362469333831,10682,7842
7094,0.98675,1.6508247961723053,1.1912599140789482,10819,7807
7095,0.986875,1.6706149930051395,1.187204668295139,10949,7780
7096,0.987,1.6885032964120723,1.1836065250279593,11066,7757
7097,0.987125,1.7054833805386789,1.1815315549834569,11177,7743
7098,0.98725,1.7230891867225162,1.1825738731939648,11292,7750
7099,0.987375,1.7414276789545178,1.1868880481468524,11413,7778
7100,0.9874999999999999,1.7589757583184824,1.1929860396017122,11528,7818
7101,0.987625,1.7743911994129964,1.199547912825468,11629,7861
7102,0.98775,1.7881022688546497,1.2070116151833619,11719,7910
7103,0.987875,1.801714662351763,1.2169798182288165,11808,7976
7104,0.988,1.8159669871270474,1.2301756884027701,11901,8062
7105,0.988125,1.8297592715945714,1.2454714292552422,11992,8162
7106,0.98825,1.8414551248770854,1.2611908522350646,12068,8265
7107,0.988375,1.8508493989971568,1.277077196560158,12130,8369
7108,0.9884999999999999,1.8593714997444282,1.2944969646539268,12186,8484
7109,0.988625,1.8682748541179575,1.314629667359266,12244,8616
7110,0.98875,1.8770474777902484,1.3368790172825382,12301,8761
7111,0.988875,1.8840054230607781,1.3594667670488356,12347,8909
7112,0.989,1.8883374405551363,1.3814780841860215,12375,9054
7113,0.989125,1.891076830903442,1.4038338957338117,12393,9200
7114,0.98925,1.893799385508696,1.4279896137844652,12411,9358
7115,0.989375,1.8966560574830065,1.4539683899707845,12430,9529
7116,0.9894999999999999,1.8981697057809495,1.4801586988742388,12440,9700
7117,0.989625,1.8970459284320522,1.505125831591101,12432,9864
7118,0.98975,1.893762503908406,1.5292022127967004,12411,10022
7119,0.989875,1.8899762075555029,1.553894938936043,12386,10184
7120,0.99,1.886478112245303,1.5798419723102288,12363,10354
7121,0.990125,1.8822219613910756,1.6058412807509475,12335,10524
7122,0.99025,1.8756261443229463,1.6301537052782893,12292,10683
7123,0.990375,1.8665412074300738,1.6524712654758607,12233,10830
7124,0.9904999999999999,1.8564529808145895,1.6741211585907265,12166,10972
7125,0.990625,1.8466718821169175,1.69625586742214,12102,11117
7126,0.99075,1.836743301999234,1.7182643803312563,12037,11261
7127,0.990875,1.8250408778941964,1.7383662611176167,11961,11393
7128,0.991,1.8108109782436814,1.755656912765762,11867,11506
7129,0.9911249999999999,1.795144371498559,1.7710800172386088,11765,11607
7130,0.99125,1.7796739961840013,1.7861260142785969,11663,11706
7131,0.991375,1.7646074429123235,1.8008653122303773,11565,11802
7132,0.9914999999999999,1.748523536728509,1.8137454942713058,11459,11887
7133,0.991625,1.730182977484753,1.8234026300731074,11339,11950
7134,0.99175,1.7101176303928123,1.8302510932763971,11207,11995
7135,0.991875,1.6900371480277803,1.8358907831660987,11076,12032
7136,0.992,1.670784133061335,1.8410627074670538,10950,12066
7137,0.9921249999999999,1.6513623176753915,1.8446776774700089,10822,12089
7138,0.99225,1.630238415682762,1.8451184658697968,10684,12092
7139,0.992375,1.6073094432810169,1.842207548940126,10534,12073
7140,0.9924999999999999,1.5841057387109672,1.83741031263671,10382,12042
7141,0.992625,1.561980081263064,1.832024490628444,10237,12006
7142,0.99275,1.5405179874174797,1.8255905253267783,10096,11964
7143,0.992875,1.5181308076384288,1.816484875596501,9949,11905
7144,0.993,1.4941001401018965,1.8039643742107923,9792,11822
7145,0.9931249999999999,1.46954933280642,1.789137829562575,9631,11725
7146,0.99325,1.4461412029083498,1.7736635706047899,9477,11624
7147,0.993375,1.4241103639976898,1.757781761763514,9333,11520
7148,0.9934999999999999,1.402059778197589,1.7401106681199217,9189,11404
7149,0.993625,1.3787712558932677,1.7194570327231868,9036,11269
7150,0.99375,1.3547947369766398,1.696404966412671,8879,11118
7151,0.993875,1.331854788066133,1.672722216976307,8728,10962
7152,0.994,1.3108057770617114,1.6493148580190677,8590,10809
7153,0.9941249999999999,1.2906599452185221,1.6252550341203287,8458,10651
7154,0.99425,1.269889292149041,1.5990822781061302,8322,10480
7155,0.994375,1.2483928080475417,1.570770326507417,8181,10294
7156,0.9944999999999999,1.2276995469597904,1.5419295569723217,8046,10105
7157,0.994625,1.2091576772116388,1.5139955430797898,7924,9922
7158,0.99475,1.1923448512969275,1.486638735531874,7814,9743
7159,0.994875,1.1756612549434533,1.458356949492174,7705,9557
7160,0.995,1.158374113883807,1.4285191461350628,7592,9362
7161,0.9951249999999999,1.1415891697267713,1.3983362948475753,7482,9164
7162,0.99525,1.1269485105459205,1.3695584590346765,7386,8976
7163,0.995375,1.1146628937854361,1.3425064686867687,7305,8798
7164,0.9954999999999999,1.103308426506269,1.3158678535128123,7231,8624
7165,0.995625,1.0916370827232629,1.2885066892903652,7154,8444
7166,0.99575,1.080166128163199,1.2610522902922876,7079,8264
7167,0.995875,1.070584656908474,1.2353050706900908,7016,8096
7168,0.996,1.063708923106639,1.2121911753202719,6971,7944
7169,0.9961249999999999,1.058510473854995,1.1907899494666851,6937,7804
7170,0.99625,1.053418203098919,1.1696353389349012,6904,7665
7171,0.996375,1.048285665357046,1.1486825688216955,6870,7528
7172,0.9964999999999999,1.0445943275799905,1.1295108031746393,6846,7402
7173,0.996625,1.0436427208180874,1.1135117051074799,6840,7298
7174,0.99675,1.0449569962118241,1.1002994751751336,6848,7211
7175,0.996875,1.0468840938388582,1.0883034862257124,6861,7132
7176,0.997,1.0486364408257292,1.0768125496074308,6872,7057
7177,0.9971249999999999,1.0512635641111505,1.0669460642196604,6890,6992
7178,0.99725,1.056350115265481,1.060351704190934,6923,6949
7179,0.997375,1.0640483457588632,1.0572375117214166,6973,6929
7180,0.9974999999999999,1.0728749819348262,1.0561685364614177,7031,6922
7181,0.997625,1.0815219083428216,1.0558772267343315,7088,6920
7182,0.99775,1.090445785317897,1.056852917437405,7146,6926
7183,0.997875,1.1012747632430187,1.0607483493580852,7217,6952
7184,0.998,1.1147640027851233,1.068335167515607,7306,7001
7185,0.9981249999999999,1.1298239948677686,1.0785321478589027,7404,7068
7186,0.99825,1.144822796458585,1.0897075182794749,7503,7142
7187,0.998375,1.1595535385730578,1.1016464770753156,7599,7220
7188,0.9984999999999999,1.1754378511201362,1.1157548069703167,7703,7312
7189,0.998625,1.1937152136701032,1.1332483396487092,7823,7427
7190,0.99875,1.213853673364305,1.15356396119149,7955,7560
7191,0.998875,1.2341432152508227,1.1749531965737825,8088,7700
7192,0.999,1.2537406092175853,1.1965274345957262,8217,7842
7193,0.9991249999999999,1.2736412241625423,1.2192300512813,8347,7990
7194,0.99925,1.2953771866610182,1.244535027036119,8489,8156
7195,0.999375,1.3190500550897848,1.2724800174438093,8645,8339
7196,0.9994999999999999,1.3431278117771364,1.3014638725612575,8802,8529
7197,0.999625,1.3662557401954845,1.3300579884833,8954,8717
7198,0.99975,1.3888461415538451,1.3585966063168335,9102,8904
7199,0.999875,1.4124852355360278,1.3885842533501929,9257,9100
7200,1.0,1.4378887601106174,1.4206519657976033,9423,9310
7201,1.000125,1.4639304682956038,1.453586378784073,9594,9526
7202,1.00025,1.4889444230484694,1.4856326691185369,9758,9736
7203,1.000375,1.5126926701885712,1.5164628596323964,9914,9938
7204,1.0005,1.536568701080493,1.5473799385300955,10070,10141
7205,1.000625,1.5617869544160927,1.5795080152069778,10235,10351
7206,1.00075,1.5877935501697231,1.6122037033137615,10406,10566
7207,1.000875,1.6128597951647705,1.643650286774058,10570,10772
7208,1.0010000000000001,1.636127024003345,1.672903186125085,10723,10964
7209,1.001125,1.6585785310004304,1.7008625408663025,10870,11147
7210,1.00125,1.6817377008131538,1.7289719262394858,11021,11331
7211,1.0013750000000001,1.7057007813934795,1.7572517502435883,11178,11516
7212,1.0015,1.728933826349141,1.7840967282664277,11331,11692
7213,1.001625,1.7500836507910786,1.8080874208439688,11469,11849
7214,1.0017500000000001,1.7695674769395018,1.8295803443228509,11597,11990
7215,1.001875,1.7889798923522529,1.8501154539418498,11724,12125
7216,1.002,1.8090483583695671,1.8703720383834985,11856,12258
7217,1.002125,1.8286617424733613,1.8891977062625864,11984,12381
7218,1.00225,1.846172502497164,1.9049108676344741,12099,12484
7219,1.002375,1.8613643727895566,1.9172687914685276,12199,12565
7220,1.0025,1.875655698220999,1.927671140397291,12292,12633
7221,1.002625,1.890288926655356,1.9373497414457548,12388,12697
7222,1.00275,1.9047411977699182,1.9457792735884842,12483,12752
7223,1.002875,1.917317816855199,1.9512709186355082,12565,12788
7224,1.0030000000000001,1.927196935889765,1.9530170360226498,12630,12799
7225,1.003125,1.9354014316221346,1.9520631110068905,12684,12793
7226,1.00325,1.943496863553357,1.9500056008385958,12737,12780
7227,1.0033750000000001,1.951624171590636,1.9470245922257787,12790,12760
7228,1.0035,1.958296435062434,1.9416803450429136,12834,12725
7229,1.003625,1.9622097327273227,1.932724001085937,12860,12666
7230,1.0037500000000001,1.9638325965591652,1.9206867235819731,12870,12587
7231,1.003875,1.964812854760459,1.9072862797313686,12877,12500
7232,1.004,1.965932942248603,1.893381944879592,12884,12408
7233,1.004125,1.9661382998231038,1.878002536430675,12885,12308
7234,1.00425,1.9638393566969747,1.859647907210073,12870,12187
7235,1.004375,1.9588790671189265,1.8382560189959314,12838,12047
7236,1.0045,1.952736041446986,1.8154055128065838,12797,11897
7237,1.004625,1.9467138745583976,1.792504485701444,12758,11747
7238,1.00475,1.9403515329728604,1.7692002585402826,12716,11595
7239,1.004875,1.9320166520798954,1.743972044585408,12662,11429
7240,1.0050000000000001,1.9209500192292785,1.7161747691997038,12589,11247
7241,1.005125,1.9082372649004677,1.6870100688185874,12506,11056
7242,1.00525,1.8955066288496052,1.6582233654073986,12422,10867
7243,1.0053750000000001,1.882961462805837,1.630135628484736,12340,10683
7244,1.0055,1.8691768061682634,1.6014392473892878,12250,10495
7245,1.005625,1.852910045412582,1.5710079179612242,12143,10296
7246,1.0057500000000001,1.8346901953381312,1.5394852256210845,12024,10089
7247,1.005875,1.8162245383077156,1.5086904972227737,11903,9887
7248,1.006,1.7983537751136451,1.4795732760719402,11786,9697
7249,1.006125,1.7800802197108017,1.4512407325829388,11666,9511
7250,1.00625,1.7598696370277997,1.4222588652835506,11533,9321
7251,1.006375,1.7376185770203936,1.392619072257117,11388,9127
7252,1.0065,1.7148573777238527,1.3639405724223654,11238,8939
7253,1.006625,1.6929392954617144,1.337658812523263,11095,8766
7254,1.00675,1.6714507822480662,1.3134352326829974,10954,8608
7255,1.006875,1.6488045916310772,1.2897497057152332,10806,8453
7256,1.0070000000000001,1.6242841717366232,1.2659445016781994,10645,8296
7257,1.007125,1.599015174242913,1.2431952032688889,10479,8147
7258,1.00725,1.574663151289507,1.223208069258234,10320,8016
7259,1.0073750000000001,1.5514658874223872,1.206251860666962,10168,7905
7260,1.0075,1.5280299277447562,1.1909541400530463,10014,7805
7261,1.007625,1.5031410801334812,1.1761113688754274,9851,7708
7262,1.00775,1.4773536712436997,1.1622780465387899,9682,7617
7263,1.007875,1.4523970440713467,1.1511729150581813,9518,7544
7264,1.008,1.4291307062226082,1.1436341070735812,9366,7495
7265,1.008125,1.4065724002396955,1.1386470439348955,9218,7462
7266,1.00825,1.3831999615230077,1.1346464122494366,9065,7436
7267,1.008375,1.358918546796721,1.131483346909131,8906,7415
7268,1.0085,1.335263679759361,1.130628713718917,8751,7410
7269,1.008625,1.313590295837596,1.1333622389384805,8609,7428
7270,1.00875,1.293483084180698,1.1391832033587241,8477,7466
7271,1.008875,1.2733495292462202,1.1464036994967113,8345,7513
7272,1.0090000000000001,1.2524643896601468,1.154193571719369,8208,7564
7273,1.009125,1.231941164936188,1.1635522271125909,8074,7625
7274,1.00925,1.2134298983944614,1.176007000351844,7952,7707
7275,1.0093750000000001,1.1971494893818306,1.1916459334759808,7846,7810
7276,1.0095,1.181684346345884,1.2089150806994695,7744,7923
7277,1.009625,1.1657948921087413,1.2264295967293866,7640,8038
7278,1.00975,1.1500069621893403,1.2445638635225817,7537,8156
7279,1.009875,1.1360183281740925,1.2648587016386441,7445,8289
7280,1.01,1.12465400396682,1.2879774666113197,7371,8441
7281,1.010125,1.1148943643559064,1.3127349474530619,7307,8603
7282,1.01025,1.105177174651302,1.3374002314844622,7243,8765
7283,1.010375,1.0953648892321601,1.3616648596101926,7179,8924
7284,1.0105,1.0869478805441555,1.3868469177114509,7123,9089
7285,1.010625,1.0812335749086954,1.4140810889382198,7086,9267
7286,1.01075,1.0777569872512494,1.4427300592963397,7063,9455
7287,1.010875,1.0748738735865058,1.4709786278100567,7044,9640
7288,1.0110000000000001,1.071805409632912,1.4978792452583896,7024,9817
7289,1.011125,1.069609786901061,1.5243245894343076,7010,9990
7290,1.01125,1.0698802199325643,1.5517464025253582,7012,10170
7291,1.0113750000000001,1.072777404749816,1.580148929802415,7031,10356
7292,1.0115,1.0768263783035812,1.6079065603666143,7057,10538
7293,1.011625,1.0807271850191138,1.6335754542845657,7083,10706
7294,1.01175,1.0849444810013895,1.657483861191893,7110,10862
7295,1.011875,1.0911142317143967,1.6811397383422868,7151,11018
7296,1.012,1.099999221086555,1.705186890360489,7209,11175
7297,1.012125,1.110517355249434,1.7284341331558268,7278,11327
7298,1.01225,1.121043889499681,1.7491580525235693,7347,11463
7299,1.012375,1.1313789205746043,1.767071277451378,7415,11581
7300,1.0125,1.142950805004604,1.783526317790571,7490,11689
7301,1.012625,1.157005494789598,1.7997055843137144,7583,11795
7302,1.01275,1.1730172511733545,1.815032398431487,7687,11895
7303,1.012875,1.1892820006391263,1.8277649202449,7794,11978
7304,1.0130000000000001,1.2049621800440269,1.8370411577140286,7897,12039
7305,1.013125,1.2210585373205987,1.8438512135991074,8002,12084
7306,1.01325,1.2391082906465787,1.8497354709614937,8121,12122
7307,1.0133750000000001,1.2592177900505188,1.8548175641899713,8252,12156
7308,1.0135,1.2798595123188994,1.8576012596336113,8388,12174
7309,1.013625,1.2996829266999752,1.8567814856531473,8518,12169
7310,1.01375,1.319104216413386,1.8528337993352093,8645,12143
7311,1.013875,1.3397131689960644,1.8474212908064755,8780,12107
7312,1.014,1.3622287831005142,1.8413497978170326,8928,12067
7313,1.014125,1.385527755992271,1.833596254606824,9080,12017
7314,1.01425,1.4079467873773386,1.8226104721821026,9227,11945
7315,1.014375,1.42925024422546,1.8082825128502524,9367,11851
7316,1.0145,1.4508336342000834,1.7921455177283874,9508,11745
7317,1.014625,1.4739131005040547,1.77556476375186,9659,11636
7318,1.01475,1.4979361682561847,1.758147653446005,9817,11522
7319,1.014875,1.5211752442756588,1.7383366365414454,9969,11392
7320,1.0150000000000001,1.5427724719307245,1.7154532117166885,10111,11242
7321,1.015125,1.5637116584403368,1.6906691455992244,10248,11080
7322,1.01525,1.5855164207427155,1.6657036854274685,10391,10916
7323,1.0153750000000001,1.6082829549134938,1.6408555030268883,10540,10754
7324,1.0155,1.630476994915971,1.614798658546259,10685,10583
7325,1.015625,1.650744765968029,1.586392626771647,10818,10397
7326,1.01575,1.6695026474787962,1.5562709230515648,10941,10199
7327,1.015875,1.6883441297975308,1.5262470491489755,11065,10002
7328,1.016,1.7079953407453083,1.4972689616862969,11194,9813
7329,1.016125,1.7273435774066463,1.4684465288406203,11320,9624
7330,1.01625,1.7447395089877795,1.4383526756405365,11434,9426
7331,1.016375,1.7599648632576277,1.406989952239617,11534,9221
7332,1.0165,1.774435779552802,1.3759928517112625,11629,9018
7333,1.0166250000000001,1.7893923022774365,1.3468161644882917,11727,8826
7334,1.01675,1.8043089888932458,1.319144595088895,11825,8645
7335,1.016875,1.8174883853946782,1.291485100413385,11911,8464
7336,1.0170000000000001,1.8281057265239276,1.2632106635420304,11981,8279
7337,1.017125,1.8371808160919025,1.2355310616624684,12040,8097
7338,1.01725,1.8462760038848631,1.2101900011684177,12100,7931
7339,1.0173750000000001,1.8555288860022465,1.1874967529406104,12160,7782
7340,1.0175,1.863449082418043,1.16612219090957,12212,7642
7341,1.017625,1.8687291000203132,1.1449086591071016,12247,7503
7342,1.01775,1.8718338043819878,1.1244588234866295,12267,7369
7343,1.017875,1.8744072660563902,1.1065416117581974,12284,7252
7344,1.018,1.8772280883460215,1.0920470541779481,12303,7157
7345,1.018125,1.8792378098857565,1.080013887949887,12316,7078
7346,1.01825,1.8788429036161634,1.0689312134886286,12313,7005
7347,1.018375,1.8758823168741565,1.0587053612570965,12294,6938
7348,1.0185,1.8718306179289552,1.0508628482761775,12267,6887
7349,1.0186250000000001,1.8679873278164671,1.0467391758259743,12242,6860
7350,1.01875,1.8638873218534862,1.045889198955468,12215,6854
7351,1.018875,1.8578941301530258,1.0466800434139834,12176,6860
7352,1.0190000000000001,1.8492444339308793,1.0483357301007026,12119,6870
7353,1.019125,1.8390197597672697,1.051908644711298,12052,6894
7354,1.01925,1.8288442577175978,1.058977602987587,11986,6940
7355,1.0193750000000001,1.8189172068229427,1.0696802958058407,11920,7010
7356,1.0195,1.807809601474538,1.0825103172496375,11848,7094
7357,1.019625,1.7942748133056796,1.0961279321809816,11759,7184
7358,1.01975,1.7788378817525148,1.110949955450331,11658,7281
7359,1.019875,1.7632021554132045,1.1285566635782474,11555,7396
7360,1.02,1.7482044508628778,1.1496476784680865,11457,7534
7361,1.020125,1.7328432490900212,1.1730705940041772,11356,7688
7362,1.02025,1.7155805398887205,1.1971236680395994,11243,7845
7363,1.020375,1.6963091571945261,1.2215237396704755,11117,8005
7364,1.0205,1.6765557873481394,1.2476101916496498,10987,8176
7365,1.0206250000000001,1.6576701001519798,1.2765348039975117,10864,8366
7366,1.02075,1.6392350301598715,1.3076730775791812,10743,8570
7367,1.020875,1.6196598829299207,1.339218189489675,10615,8777
7368,1.0210000000000001,1.598224730664094,1.3702264988022317,10474,8980
7369,1.021125,1.5760519211872652,1.401590014623871,10329,9185
7370,1.02125,1.5548037762161757,1.4347352504885162,10190,9403
7371,1.0213750000000001,1.5347149229172103,1.4696566060480853,10058,9632
7372,1.0215,1.5143888222653816,1.5047140747177326,9925,9861
7373,1.021625,1.4926082705275021,1.5384448655912002,9782,10082
7374,1.02175,1.4699246543874303,1.571153837586772,9633,10297
7375,1.021875,1.4480644474887066,1.6043211645155202,9490,10514
7376,1.022,1.4278843568397461,1.6385586367182605,9358,10738
7377,1.022125,1.4083993918774613,1.6726389235551558,9230,10962
7378,1.02225,1.3880847196422574,1.7047985368908583,9097,11173
7379,1.022375,1.3668428918248874,1.7347062527596238,8958,11369
7380,1.0225,1.3462068868795727,1.7636671926043757,8823,11558
7381,1.0226250000000001,1.3275291532748668,1.7928130386073398,8700,11749
7382,1.02275,1.3103919472890955,1.821513320493684,8588,11937
7383,1.022875,1.2932003730848163,1.847969581880257,8475,12111
7384,1.0230000000000001,1.275226856811743,1.8712606941050656,8357,12263
7385,1.023125,1.2575826119121645,1.8923153796751269,8242,12401
7386,1.02325,1.2419154368375482,1.912610723430898,8139,12534
7387,1.023375,1.228442026028904,1.9322054526158086,8051,12663
7388,1.0235,1.2157446174723765,1.9495371571242575,7968,12776
7389,1.023625,1.2025814970065425,1.9632336547560143,7881,12866
7390,1.02375,1.1894763909049373,1.973702804086385,7795,12935
7391,1.023875,1.1781249886553267,1.982539763186458,7721,12993
7392,1.024,1.1693502433684508,1.9904825493350942,7663,13045
7393,1.024125,1.1621304902044864,1.996440754086955,7616,13084
7394,1.02425,1.1549014701722837,1.998797660064116,7569,13099
7395,1.024375,1.1475236290919537,1.9973779858282346,7520,13090
7396,1.0245,1.14148534083986,1.9936510338464788,7481,13066
7397,1.0246250000000001,1.138092044207403,1.9889201141892263,7459,13035
7398,1.02475,1.1368767720676511,1.982732831594709,7451,12994
7399,1.024875,1.136193305614294,1.9734743623967343,7446,12933
7400,1.0250000000000001,1.135260847672293,1.9604117237416727,7440,12848
7401,1.025125,1.1351356213308923,1.944665329037859,7439,12745
7402,1.02525,1.1374088722019031,1.927906432243811,7454,12635
7403,1.025375,1.142239330249577,1.9103893823047717,7486,12520
7404,1.0255,1.1481500646510008,1.890747777399737,7525,12391
7405,1.025625,1.15383915461274,1.8678047691592408,7562,12241
7406,1.02575,1.1597692894089022,1.8421618335654486,7601,12073
7407,1.025875,1.167574471267193,1.8156049562657355,7652,11899
7408,1.026,1.1780155207698124,1.789059197024482,7720,11725
7409,1.026125,1.1900083867431217,1.7616163423456022,7799,11545
7410,1.02625,1.2019263699987468,1.7318360954132963,7877,11350
7411,1.026375,1.2135676227309558,1.6997127926108915,7953,11139
7412,1.0265,1.2263585641242167,1.666877713291281,8037,10924
7413,1.0266250000000001,1.2415432241135287,1.63478753162907,8137,10714
7414,1.02675,1.2585939549008274,1.6031338725023456,8248,10506
7415,1.026875,1.2758047959702108,1.5704356942975466,8361,10292
7416,1.0270000000000001,1.292336317421582,1.5360829500101634,8469,10067
7417,1.027125,1.3091874306107685,1.5013073458490385,8580,9839
7418,1.02725,1.3278935459430457,1.4678793138790898,8702,9620
7419,1.027375,1.348559245271932,1.4361395843462543,8838,9412
7420,1.0275,1.3696552758267608,1.4047950152095634,8976,9206
7421,1.027625,1.3898294275057335,1.372728343962946,9108,8996
7422,1.02775,1.409496253733224,1.3405867880249718,9237,8786
7423,1.027875,1.43024397412094,1.3101878195474679,9373,8586
7424,1.028,1.4527900808906635,1.2824737174963698,9521,8405
7425,1.028125,1.4760098393035928,1.2565389607549458,9673,8235
7426,1.02825,1.4982385913223029,1.230931564331276,9819,8067
7427,1.028375,1.5192394338922295,1.2056196931633263,9956,7901
7428,1.0285,1.5404066923265847,1.1821942738384557,10095,7748
7429,1.0286250000000001,1.5629554290131162,1.1620575029426463,10243,7616
7430,1.02875,1.586332189802707,1.1448328542304884,10396,7503
7431,1.028875,1.6088085179201834,1.1289576760739526,10543,7399
7432,1.0290000000000001,1.6295258087865994,1.1137274435839424,10679,7299
7433,1.029125,1.6494672515902324,1.1002668854937163,10810,7211
7434,1.02925,1.6701559750014316,1.0902276748944673,10946,7145
7435,1.029375,1.6916878308399363,1.0838205156015805,11087,7103
7436,1.0295,1.7125283524708628,1.0796118014085938,11223,7075
7437,1.029625,1.7313237222515614,1.0763340166513868,11346,7054
7438,1.02975,1.7484904338096416,1.0744752600501108,11459,7042
7439,1.029875,1.7656222625522056,1.0756857889469018,11571,7050
7440,1.03,1.7834457911615498,1.080733568607629,11688,7083
7441,1.030125,1.8008489546487108,1.0885325387707219,11802,7134
7442,1.03025,1.8161832417215646,1.097444999248789,11903,7192
7443,1.030375,1.82923139384184,1.107249182235922,11988,7256
7444,1.0305,1.8414107561984836,1.119342942831114,12068,7336
7445,1.0306250000000001,1.853962783010357,1.1349332901025941,12150,7438
7446,1.03075,1.8663636428948143,1.153447479039373,12231,7559
7447,1.030875,1.8769177051652963,1.1731266726534808,12301,7688
7448,1.0310000000000001,1.8848022367667465,1.193071261264383,12352,7819
7449,1.031125,1.8910392923016546,1.2142130727551288,12393,7957
7450,1.03125,1.897193686949401,1.23801408960928,12433,8113
7451,1.031375,1.9034057052292457,1.2644996137058124,12474,8287
7452,1.0315,1.9081878738444416,1.2920558886303466,12506,8468
7453,1.031625,1.910235831734477,1.31924155013784,12519,8646
7454,1.03175,1.9100177963567697,1.3463780287703881,12517,8824
7455,1.031875,1.909181415463923,1.3749570924669716,12512,9011
7456,1.032,1.9085090886110372,1.4055971711343689,12508,9212
7457,1.032125,1.9069463735587384,1.4370725481344053,12497,9418
7458,1.0322500000000001,1.9029039782167865,1.467616400653258,12471,9618
7459,1.032375,1.8962253028088725,1.4968892031819232,12427,9810
7460,1.0325,1.8883895786125293,1.5261829379133063,12376,10002
7461,1.0326250000000001,1.8807012000330796,1.5566113448993246,12325,10201
7462,1.03275,1.8727001176031628,1.5875213875149108,12273,10404
7463,1.032875,1.862755136828707,1.6170875056782548,12208,10598
7464,1.0330000000000001,1.8501084052952774,1.6443571539925144,12125,10776
7465,1.033125,1.8358471033208752,1.6702234620253253,12031,10946
7466,1.03325,1.821601212236896,1.6961240106167381,11938,11116
7467,1.033375,1.8075760143065998,1.722074295541587,11846,11286
7468,1.0335,1.7923486687157137,1.746465248050081,11746,11446
7469,1.033625,1.7746788658870387,1.7678748262705577,11631,11586
7470,1.03375,1.7550981071903275,1.7866581570662123,11502,11709
7471,1.033875,1.735316336759898,1.8043550583259742,11373,11825
7472,1.034,1.7161770890898613,1.8216459493101842,11247,11938
7473,1.034125,1.69668567398236,1.8373808607428848,11119,12041
7474,1.0342500000000001,1.6753110094611077,1.849881916371826,10979,12123
7475,1.034375,1.65195294374422,1.8589113976851868,10826,12183
7476,1.0345,1.6281452518742907,1.8658752629594084,10670,12228
7477,1.0346250000000001,1.605244751608663,1.8720129084314863,10520,12268
7478,1.03475,1.582841573065071,1.8768078248314533,10373,12300
7479,1.034875,1.55935224809433,1.8785812218373499,10219,12311
7480,1.0350000000000001,1.5340640943885404,1.876536657241617,10054,12298
7481,1.035125,1.508106706000692,1.8717319422010308,9884,12267
7482,1.03525,1.483149640332461,1.8657769282723708,9720,12228
7483,1.035375,1.4594347297744452,1.8588661060716734,9565,12182
7484,1.0355,1.4355725991915238,1.8495750777749154,9408,12121
7485,1.035625,1.410353146190879,1.8366711922678474,9243,12037
7486,1.03575,1.3843347859093518,1.8207026030310236,9072,11932
7487,1.035875,1.3592509252221867,1.8034047636764603,8908,11819
7488,1.036,1.335965099503725,1.7856552420465308,8755,11702
7489,1.036125,1.313499018407979,1.7665016553704127,8608,11577
7490,1.0362500000000001,1.2903344122385958,1.7444630672566988,8456,11433
7491,1.036375,1.2663802349791822,1.7194969527089135,8299,11269
7492,1.0365,1.2431756985676135,1.6932016680156292,8147,11097
7493,1.0366250000000001,1.2220792916026437,1.6670051114488662,8009,10925
7494,1.03675,1.2026791104196164,1.640574389044697,7882,10752
7495,1.036875,1.1833858743050776,1.6124083618622937,7755,10567
7496,1.0370000000000001,1.163477394115871,1.5818813645516414,7625,10367
7497,1.037125,1.1440700126534245,1.5502140802748177,7498,10159
7498,1.03725,1.126816398248713,1.519170517324857,7385,9956
7499,1.037375,1.1119378309566992,1.4890896469250503,7287,9759
7500,1.0375,1.0980208474538042,1.4586811833674278,7196,9560
7501,1.037625,1.083827720944235,1.4268353488991699,7103,9351
7502,1.03775,1.0698858526349784,1.3942113726142373,7012,9137
7503,1.037875,1.0578942707415144,1.3626432255114538,6933,8930
7504,1.038,1.0486789314310223,1.3330940213968454,6873,8737
7505,1.038125,1.041220814317495,1.3046833181686714,6824,8550
7506,1.0382500000000001,1.0339579485042674,1.2759882566697893,6776,8362
7507,1.038375,1.0267526896997612,1.2470100325336555,6729,8172
7508,1.0385,1.0210949474484734,1.2193762688740937,6692,7991
7509,1.0386250000000001,1.018291301441252,1.1945293355623854,6673,7828
7510,1.03875,1.0178755364580712,1.1721360811287265,6671,7682
7511,1.038875,1.0182017775577745,1.1506801981031995,6673,7541
7512,1.039,1.0184891709552308,1.1295061698381554,6675,7402
7513,1.039125,1.019793465318253,1.1097901273077317,6683,7273
7514,1.03925,1.0237050233722258,1.093237211385241,6709,7165
7515,1.039375,1.0303812682739353,1.0801133570410013,6753,7079
7516,1.0395,1.0383435495840776,1.0690416083685945,6805,7006
7517,1.039625,1.0462878006790948,1.0588121915308126,6857,6939
7518,1.03975,1.054674151601486,1.0499716863168729,6912,6881
7519,1.039875,1.065133620748284,1.0442292245320755,6980,6843
7520,1.04,1.0784236347271459,1.042411686867271,7068,6832
7521,1.040125,1.093456329366575,1.0434916129990384,7166,6839
7522,1.0402500000000001,1.1086007894695908,1.0458892425171928,7265,6854
7523,1.040375,1.1236505417716114,1.0494397280962602,7364,6878
7524,1.0405,1.1400269879972804,1.0555964968267357,7471,6918
7525,1.0406250000000001,1.1589687446993981,1.0656204274424637,7595,6984
7526,1.04075,1.1799423735536712,1.0789906359684118,7733,7071
7527,1.040875,1.2012357450220466,1.093997797181923,7872,7170
7528,1.041,1.2220029016404372,1.109789187364582,8009,7273
7529,1.041125,1.2432358699284136,1.1273405747687961,8148,7388
7530,1.04125,1.266462839151573,1.1481546961274132,8300,7525
7531,1.041375,1.2917808376054951,1.1722941297142302,8466,7683
7532,1.0415,1.3176527483683051,1.198178718587332,8635,7852
7533,1.041625,1.3427181930834835,1.2243967640036986,8800,8024
7534,1.04175,1.3673832752945276,1.2512952749465056,8961,8200
7535,1.041875,1.3932274921680377,1.2803872942737669,9131,8391
7536,1.042,1.4209593638593185,1.3123081197005786,9312,8600
7537,1.042125,1.4494449454929312,1.3458443244303373,9499,8820
7538,1.0422500000000001,1.4770101540284288,1.3792367458631618,9680,9039
7539,1.042375,1.5034084605071534,1.4121487678901152,9853,9255
7540,1.0425,1.5300243866740468,1.4458705328242298,10027,9476
7541,1.0426250000000001,1.5580630299441987,1.481509123023118,10211,9709
7542,1.04275,1.5869608328598843,1.518400081194023,10400,9951
7543,1.042875,1.6149791154104352,1.5547016495751493,10584,10189
7544,1.043,1.6412489525218994,1.5894404151360149,10756,10417
7545,1.043125,1.6667431360449416,1.6234840109959032,10923,10640
7546,1.04325,1.6929743425114336,1.6582400497645635,11095,10867
7547,1.043375,1.7200279390326731,1.6936896829826484,11272,11100
7548,1.0435,1.746358962906012,1.728185325325638,11445,11326
7549,1.043625,1.7706031129147881,1.7602623947093874,11604,11536
7550,1.04375,1.7931664317528517,1.7902297000325942,11752,11732
7551,1.043875,1.8156323018052365,1.819577162228745,11899,11925
7552,1.044,1.838716989527821,1.848932007384431,12050,12117
7553,1.044125,1.8612982169476098,1.8770880216695838,12198,12302
7554,1.0442500000000001,1.8817173804547365,1.9023083463841868,12332,12467
7555,1.044375,1.8997472772588648,1.9242938286176123,12450,12611
7556,1.0445,1.9167954721241975,1.944386877614669,12562,12743
7557,1.0446250000000001,1.9340938307716027,1.9637615471002963,12675,12870
7558,1.04475,1.9511091391891124,1.9818345455519928,12787,12988
7559,1.044875,1.9661366184666338,1.9968592103369853,12885,13087
7560,1.045,1.9783446336833586,2.0079704992232035,12965,13159
7561,1.045125,1.9887466126670355,2.016157266537904,13033,13213
7562,1.04525,1.9988990287311506,2.022960413123954,13100,13258
7563,1.045375,2.0089341380914894,2.028505869324416,13166,13294
7564,1.0455,2.017356760285412,2.0313014229206483,13221,13312
7565,1.045625,2.0228551765437426,2.030047743912253,13257,13304
7566,1.04575,2.0258906012852718,2.0252277824088414,13277,13273
7567,1.045875,2.0281040616325345,2.018513650850809,13291,13229
7568,1.046,2.0302717217000295,2.010721755064948,13306,13177
7569,1.046125,2.031333315888512,2.0008411049264723,13313,13113
7570,1.0462500000000001,2.0296941411224503,1.987334998109319,13302,13024
7571,1.046375,2.0251926248335477,1.970108341432993,13272,12911
7572,1.0465,2.0193034614602223,1.9507103707842024,13234,12784
7573,1.0466250000000001,2.013326969032758,1.9305236413495988,13195,12652
7574,1.04675,2.006799477406488,1.909173900974333,13152,12512
7575,1.046875,1.9980866500868308,1.88512293308625,13095,12354
7576,1.047,1.9864279640482383,1.8577124355456354,13018,12175
7577,1.047125,1.9729084216496342,1.8281351510140496,12930,11981
7578,1.04725,1.9591563091453261,1.798131952736579,12840,11784
7579,1.047375,1.9453757159503897,1.7680236920446437,12749,11587
7580,1.0475,1.9301430984573111,1.7365070338262765,12649,11380
7581,1.047625,1.9122179516227373,1.7024643808263886,12532,11157
7582,1.04775,1.892132074170999,1.666552372465468,12400,10922
7583,1.0478750000000001,1.8715962154733405,1.6306077255426956,12266,10686
7584,1.048,1.8514552064277765,1.5956015793069676,12134,10457
7585,1.048125,1.8307161571197312,1.5606668462633793,11998,10228
7586,1.0482500000000001,1.8078502709480826,1.5243992402860007,11848,9990
7587,1.048375,1.7827601768781327,1.4868237407249043,11683,9744
7588,1.0485,1.756982905353996,1.4495968014817835,11515,9500
7589,1.0486250000000001,1.7318790119566445,1.4141946053565322,11350,9268
7590,1.04875,1.7070428245947533,1.3803225826708045,11187,9046
7591,1.048875,1.680895538074377,1.3465076557748297,11016,8824
7592,1.049,1.652729574197749,1.31214192720611,10831,8599
7593,1.049125,1.6236800749004268,1.2784533622522236,10641,8378
7594,1.04925,1.5954225638827302,1.247202852461109,10456,8174
7595,1.049375,1.5682052582717638,1.2187157758196712,10277,7987
7596,1.0495,1.5406455596405257,1.1916779790894427,10097,7810
7597,1.049625,1.5115405317319308,1.1649455816522292,9906,7635
7598,1.04975,1.4814561178876748,1.139133787365184,9709,7465
7599,1.0498750000000001,1.452133610203434,1.116022774437637,9517,7314
7600,1.05,1.4244447582948647,1.09651251312681,9335,7186
7601,1.050125,1.3974198075699156,1.0796503344079218,9158,7076
7602,1.0502500000000001,1.3695493172217519,1.0639325802345025,8975,6973
7603,1.050375,1.3407513534063236,1.0492714495869429,8787,6877
7604,1.0505,1.3125744949995093,1.0371979658839,8602,6797
7605,1.0506250000000001,1.2863868402168859,1.0290507691526778,8430,6744
7606,1.05075,1.2617863093080146,1.0243865128648526,8269,6713
7607,1.050875,1.2371936455775634,1.0215727905464893,8108,6695
7608,1.051,1.2118968560051697,1.019832803080919,7942,6684
7609,1.051125,1.187022635490482,1.0202168528966329,7779,6686
7610,1.05125,1.1642341330733885,1.0243004663904702,7630,6713
7611,1.051375,1.143763220218208,1.0322168776520066,7496,6765
7612,1.0515,1.1242071092428245,1.0424541265584837,7368,6832
7613,1.051625,1.10433881372481,1.0536658780287216,7237,6905
7614,1.05175,1.0846965146266943,1.0662613822929148,7109,6988
7615,1.0518750000000001,1.066990038417286,1.081812449959571,6993,7090
7616,1.052,1.0520561340241514,1.1010094258540393,6895,7216
7617,1.052125,1.0388865462513548,1.1226898890314296,6808,7358
7618,1.0522500000000001,1.0259300194083827,1.1451414417843824,6724,7505
7619,1.052375,1.0130595513877763,1.1680697085296228,6639,7655
7620,1.0525,1.0017756002465028,1.1928023997963273,6565,7817
7621,1.0526250000000001,0.9933951767341601,1.220479253576516,6510,7999
7622,1.05275,0.9874623605514914,1.2504634626856288,6471,8195
7623,1.052875,0.9823414112315751,1.280935721794859,6438,8395
7624,1.053,0.9772614324516544,1.3109398367354526,6405,8591
7625,1.053125,0.9732879287388672,1.3413552858544993,6379,8791
7626,1.05325,0.9720208027703195,1.3735961753494432,6370,9002
7627,1.053375,0.9736267770829125,1.4076447135431334,6381,9225
7628,1.0535,0.9766362481380518,1.4418490145895735,6400,9449
7629,1.053625,0.9797539192242077,1.474734809947962,6421,9665
7630,1.05375,0.9834484038773014,1.506595971502366,6445,9874
7631,1.0538750000000001,0.9893588934392193,1.5389022609298624,6484,10085
7632,1.054,0.9982506700477086,1.5722557112645832,6542,10304
7633,1.054125,1.0090433840875936,1.6054199662545034,6613,10521
7634,1.0542500000000001,1.0201132896941523,1.6366233129739027,6685,10726
7635,1.054375,1.0312607149375363,1.6655271709900257,6758,10915
7636,1.0545,1.043913493256201,1.6934302304036921,6841,11098
7637,1.054625,1.059316281489648,1.7214587235470118,6942,11282
7638,1.05475,1.076941291194306,1.7489777551058008,7058,11462
7639,1.054875,1.0950816316332757,1.7741855121773913,7177,11627
7640,1.055,1.1128961766934686,1.79615860703615,7293,11771
7641,1.055125,1.131381357430363,1.8158246304541374,7415,11900
7642,1.05525,1.1520693470157628,1.8346606768792038,7550,12024
7643,1.055375,1.1750607190923383,1.8527266396024584,7701,12142
7644,1.0555,1.1988214722077806,1.8684624299484367,7857,12245
7645,1.055625,1.22199389723409,1.8804993422972205,8008,12324
7646,1.05575,1.2449863317655439,1.8892498509576618,8159,12381
7647,1.0558750000000001,1.269380057159191,1.896314853127383,8319,12428
7648,1.056,1.2958849412375693,1.9024391982155675,8493,12468
7649,1.056125,1.3233679373384866,1.9065403717227463,8673,12495
7650,1.0562500000000001,1.3501554266544316,1.9070105681144134,8848,12498
7651,1.056375,1.3760008993844577,1.9036843896045628,9018,12476
7652,1.0565,1.4022884687938817,1.8980419378175184,9190,12439
7653,1.056625,1.4302223869649127,1.891398177319334,9373,12395
7654,1.05675,1.459237833498086,1.8833131554951081,9563,12342
7655,1.056875,1.4875944405153563,1.87218520637455,9749,12270
7656,1.057,1.514421190998842,1.8572951434702791,9925,12172
7657,1.057125,1.540688375387729,1.8397777306879417,10097,12057
7658,1.05725,1.5679057815817345,1.8213190429714388,10275,11936
7659,1.057375,1.596155497348312,1.8021886264560947,10461,11811
7660,1.0575,1.623888913373193,1.7810355639411761,10642,11672
7661,1.057625,1.6497377129455804,1.756698677052472,10812,11513
7662,1.05775,1.674103578782155,1.7297952054188854,10971,11336
7663,1.0578750000000001,1.698565189031015,1.702126884325039,11132,11155
7664,1.058,1.7238337867870328,1.6746344168091618,11297,10975
7665,1.058125,1.748781753573193,1.6464250152683095,11461,10790
7666,1.0582500000000001,1.7717448537723295,1.616073500731055,11611,10591
7667,1.058375,1.7924899647590837,1.583588907417048,11747,10378
7668,1.0585,1.812418469528923,1.5506167057698943,11878,10162
7669,1.058625,1.832755795371608,1.5186271438122285,12011,9952
7670,1.05875,1.8529620591125948,1.487324722450031,12144,9747
7671,1.058875,1.8713255887003732,1.4552404716253897,12264,9537
7672,1.059,1.8870076578187813,1.4217755390275035,12367,9318
7673,1.059125,1.9010144127798312,1.3881718482599945,12458,9098
7674,1.05925,1.9148948805509272,1.3562090091466967,12549,8888
7675,1.059375,1.9287737155430287,1.3262357980118524,12640,8692
7676,1.0595,1.9411480046804328,1.296965936600464,12722,8500
7677,1.059625,1.9506981762522784,1.2672877623050105,12784,8305
7678,1.05975,1.9578774951914955,1.2378527910056796,12831,8112
7679,1.0598750000000001,1.9643189540450954,1.2104814225824863,12873,7933
7680,1.06,1.9707906199943734,1.1861174696147903,12916,7773
7681,1.060125,1.9762240804160323,1.163855495024518,12951,7627
7682,1.0602500000000001,1.9790164566176334,1.1422421398347329,12970,7486
7683,1.060375,1.9789979847675683,1.121242696674177,12970,7348
7684,1.0605,1.977635172476178,1.1024437283686095,12961,7225
7685,1.060625,1.9762201688526027,1.08724155210653,12951,7125
7686,1.06075,1.9742811712687944,1.0752522689119917,12939,7047
7687,1.060875,1.9701757610254584,1.06490435363899,12912,6979
7688,1.061,1.9631354000061847,1.055482944520137,12866,6917
7689,1.061125,1.9542371566741,1.0481009796398253,12807,6869
7690,1.06125,1.9451014796054233,1.044396939588504,12747,6845
7691,1.061375,1.9359247309195557,1.0445669603444718,12687,6846
7692,1.0615,1.9252757632245252,1.0471615580074467,12617,6863
7693,1.061625,1.9119066053217404,1.0508960723757066,12530,6887
7694,1.06175,1.8963417385520982,1.0562402685134729,12428,6922
7695,1.0618750000000001,1.880284757626598,1.0648249397281544,12323,6978
7696,1.062,1.8645735106192425,1.0773975453080051,12220,7061
7697,1.062125,1.8482083102758557,1.0928505503772696,12112,7162
7698,1.0622500000000001,1.8296537551926035,1.1095239088376543,11991,7271
7699,1.062375,1.8088060753192903,1.1271727221555226,11854,7387
7700,1.0625,1.787196112837325,1.1471710340741208,11713,7518
7701,1.062625,1.7661784585654048,1.1707014596139422,11575,7672
7702,1.06275,1.7453417020542397,1.1971663859117447,11438,7846
7703,1.062875,1.7231015383051826,1.2247817417509042,11293,8027
7704,1.063,1.6987451287282094,1.2526224280974747,11133,8209
7705,1.063125,1.673402605769095,1.2815946431729486,10967,8399
7706,1.06325,1.6487447334010084,1.3131347107233535,10805,8606
7707,1.063375,1.625015229538184,1.3472423646896643,10650,8829
7708,1.0635000000000001,1.6008272539949218,1.3822784803705181,10491,9059
7709,1.063625,1.5749738961772695,1.41677664743502,10322,9285
7710,1.06375,1.5480173875962793,1.4510336766139695,10145,9509
7711,1.0638750000000001,1.5216955801768368,1.486517265108263,9973,9742
7712,1.064,1.496877048361562,1.523822418210937,9810,9987
7713,1.064125,1.4725891356803638,1.5617007613608047,9651,10235
7714,1.0642500000000001,1.447319764449432,1.5983636684155504,9485,10475
7715,1.064375,1.420984636392366,1.6334507811147834,9313,10705
7716,1.0645,1.3951302285828846,1.668234296257325,9143,10933
7717,1.064625,1.371122806648407,1.703809324964454,8986,11166
7718,1.06475,1.348558716283082,1.7395054221248432,8838,11400
7719,1.064875,1.325857389995971,1.7734809397000058,8689,11623
7720,1.065,1.3023057753175808,1.804768614572988,8535,11828
7721,1.065125,1.2790297639529684,1.8342483180066569,8382,12021
7722,1.06525,1.2576919445083492,1.8633458662273072,8242,12212
7723,1.065375,1.2385238748803225,1.8920665606394202,8117,12400
7724,1.0655000000000001,1.220122686283454,1.9187927264162383,7996,12575
7725,1.065625,1.2012615470045833,1.942095366431623,7873,12728
7726,1.06575,1.1824790133635805,1.9623243044155394,7749,12860
7727,1.0658750000000001,1.1654855104828772,1.9810157546673324,7638,12983
7728,1.066,1.1511185934877155,1.9988482168410333,7544,13100
7729,1.066125,1.1383710229108432,2.014671517539857,7460,13203
7730,1.0662500000000001,1.1256927521480007,2.0268092596849976,7377,13283
7731,1.066375,1.1129581829380497,2.0350269024176653,7294,13337
7732,1.0665,1.1016693554982875,2.0407352318676915,7220,13374
7733,1.066625,1.0931450419309305,2.045180121099647,7164,13403
7734,1.06675,1.0869312459393645,2.0478531232316652,7123,13421
7735,1.066875,1.0813943141239832,2.047085078501286,7087,13416
7736,1.067,1.0757655837982747,2.0420906660911764,7050,13383
7737,1.067125,1.0711129397324082,2.0339402764744636,7020,13330
7738,1.06725,1.0690387951491729,2.0242577087024776,7006,13266
7739,1.067375,1.069712513149953,2.0132527215431475,7010,13194
7740,1.0675000000000001,1.0716672448192408,1.9995174056421945,7023,13104
7741,1.067625,1.0736105615969753,1.9818367577868752,7036,12988
7742,1.06775,1.0760140431941103,1.9607776298234472,7052,12850
7743,1.0678750000000001,1.0805199444505078,1.9380951514747817,7081,12702
7744,1.068,1.087896693404761,1.914687429049406,7130,12548
7745,1.068125,1.0970671679219712,1.8896233977602261,7190,12384
7746,1.0682500000000001,1.1064109169706222,1.8614440992199652,7251,12199
7747,1.068375,1.1157316299365883,1.8301295554884092,7312,11994
7748,1.0685,1.1264605546039193,1.7973011177159097,7382,11779
7749,1.068625,1.1398458143195518,1.7644100298377354,7470,11563
7750,1.06875,1.155363126729158,1.7311469738162908,7572,11345
7751,1.068875,1.1713091459414067,1.6960345160562733,7676,11115
7752,1.069,1.1868463177942798,1.6584707085105588,7778,10869
7753,1.069125,1.2029746716750136,1.6196998612268352,7884,10615
7754,1.06925,1.2212299947979004,1.5815094068955189,8003,10365
7755,1.069375,1.2417164899523856,1.5442614369857486,8138,10120
7756,1.0695000000000001,1.2629037903018494,1.5066883774270015,8277,9874
7757,1.069625,1.2834378263453012,1.4677026547908316,8411,9619
7758,1.06975,1.3037305717229586,1.4279851003198996,8544,9358
7759,1.0698750000000001,1.3253669399724761,1.3893905913986537,8686,9106
7760,1.07,1.3490604197056866,1.3529023690185469,8841,8866
7761,1.070125,1.3736815735380297,1.3176592525538848,9003,8635
7762,1.07025,1.3975603739697315,1.2822567081604017,9159,8403
7763,1.070375,1.4204538845955743,1.246713243041294,9309,8170
7764,1.0705,1.443749768746525,1.2126727219030418,9462,7947
7765,1.070625,1.468655805460681,1.1815926191608856,9625,7744
7766,1.07075,1.4946106738000005,1.1531537098226199,9795,7557
7767,1.070875,1.5198774782079438,1.1258523795820161,9961,7378
7768,1.071,1.543588643450034,1.09904454644198,10116,7203
7769,1.071125,1.5667178716889671,1.0739164751748589,10268,7038
7770,1.07125,1.590778330028358,1.0521821305010164,10425,6896
7771,1.071375,1.6158554534705032,1.0341149325586794,10590,6777
7772,1.0715000000000001,1.6404039464048252,1.0183440789032268,10751,6674
7773,1.071625,1.6630587728785484,1.00366460276515,10899,6578
7774,1.07175,1.6842248626763192,0.9906265672097049,11038,6492
7775,1.0718750000000001,1.7054841079032808,0.9809412629834526,11177,6429
7776,1.072,1.727550932516177,0.9754364429076378,11322,6393
7777,1.072125,1.7493008663055194,0.973084245297874,11464,6377
7778,1.07225,1.7690727900315861,0.9723032862959123,11594,6372
7779,1.072375,1.7866366659352495,0.9729258996934229,11709,6376
7780,1.0725,1.8033969316680138,0.9764015621824259,11819,6399
7781,1.072625,1.820582039153918,0.9839861096823767,11931,6449
7782,1.07275,1.8376551016671627,0.9951525978726239,12043,6522
7783,1.072875,1.8529074153430047,1.0081846740230431,12143,6607
7784,1.073,1.8655031960698805,1.022221703761838,12226,6699
7785,1.073125,1.8764515059911775,1.0382307218035833,12298,6804
7786,1.07325,1.8873042641731204,1.0577049996139596,12369,6932
7787,1.073375,1.8981889926047442,1.0806969869479328,12440,7082
7788,1.0735000000000001,1.9076056242043637,1.105615831299563,12502,7246
7789,1.073625,1.9142374104254023,1.1310386461977113,12545,7412
7790,1.07375,1.918540419674505,1.1573008597467402,12573,7584
7791,1.0738750000000001,1.9221504265236875,1.1859036201114568,12597,7772
7792,1.074,1.9258382620112122,1.2174701161054442,12621,7979
7793,1.074125,1.9285382568557874,1.2507746795122925,12639,8197
7794,1.07425,1.9286502585493939,1.2840458717735084,12640,8415
7795,1.074375,1.9260072093129232,1.3169348482517056,12622,8631
7796,1.0745,1.9220783060364237,1.3507196643228037,12597,8852
7797,1.074625,1.9181583666804718,1.3864955371243304,12571,9087
7798,1.07475,1.9137782403648864,1.4235864541980923,12542,9330
7799,1.074875,1.9072981386485528,1.4601394888734078,12500,9569
7800,1.075,1.8979521354164117,1.4951705260675385,12438,9799
7801,1.075125,1.8868198877433346,1.5295370340591667,12365,10024
7802,1.07525,1.8755244125282295,1.564637068995554,12291,10254
7803,1.075375,1.8642646140052543,1.6004428969847753,12218,10489
7804,1.0755000000000001,1.8516118636415755,1.6352987786105262,12135,10717
7805,1.075625,1.8363206791286157,1.6677327623618894,12035,10930
7806,1.07575,1.8189180034937769,1.6980471206034027,11920,11128
7807,1.0758750000000001,1.8011098584276606,1.7277261132282729,11804,11323
7808,1.076,1.7837364868550385,1.7573922160502962,11690,11517
7809,1.076125,1.7658005559413084,1.7858354064143207,11572,11704
7810,1.07625,1.7457689806606567,1.8113159799818381,11441,11871
7811,1.076375,1.7235402602329872,1.833532919307218,11295,12016
7812,1.0765,1.7006474611952238,1.8538277581116185,11145,12149
7813,1.076625,1.6784473440024101,1.8733746681722432,11000,12277
7814,1.07675,1.656530615151056,1.8915914637737963,10856,12397
7815,1.076875,1.6333150233900167,1.9067335667764094,10704,12496
7816,1.077,1.6080897225539212,1.9179389789348342,10539,12569
7817,1.077125,1.5819867650507946,1.9262005354524976,10368,12624
7818,1.07725,1.5566787641037914,1.9330640230639613,10202,12669
7819,1.077375,1.5324112044439955,1.9386611272230703,10043,12705
7820,1.0775000000000001,1.5077989319448306,1.9415062165048713,9882,12724
7821,1.077625,1.4816366290941376,1.9403073191001505,9710,12716
7822,1.07775,1.4544880291331788,1.935555466725268,9532,12685
7823,1.0778750000000001,1.4280923817431865,1.928931517074535,9359,12641
7824,1.078,1.4033195567837788,1.9212612219686522,9197,12591
7825,1.078125,1.3791980779184025,1.9115434679883725,9039,12527
7826,1.07825,1.3542169340104822,1.898251890095958,8875,12440
7827,1.078375,1.3282927666007112,1.8813021142369262,8705,12329
7828,1.0785,1.3029728676504575,1.8622544017412137,8539,12204
7829,1.078625,1.2796241795111256,1.8425025538017399,8386,12075
7830,1.07875,1.257843588414887,1.8216837059415019,8243,11939
7831,1.078875,1.2360509180119599,1.7982710800497552,8101,11785
7832,1.079,1.2135333597780744,1.7716177829983888,7953,11610
7833,1.0791250000000001,1.1914168891235424,1.7429278430508837,7808,11422
7834,1.07925,1.1713640205985267,1.7139532161444353,7677,11233
7835,1.079375,1.15360606752067,1.6850255384349844,7560,11043
7836,1.0795000000000001,1.136739748827834,1.6548518850882556,7450,10845
7837,1.079625,1.1195376404924775,1.6223246007847076,7337,10632
7838,1.07975,1.1025375296883881,1.5881097266250737,7226,10408
7839,1.0798750000000001,1.0874488837854819,1.5540527503571815,7127,10185
7840,1.08,1.075108115195537,1.521132886193804,7046,9969
7841,1.080125,1.064506645685542,1.4884903405029846,6976,9755
7842,1.08025,1.0540928979629849,1.454727283041719,6908,9534
7843,1.080375,1.0437395408967705,1.4198742333171745,6840,9305
7844,1.0805,1.0349466842892778,1.3855922226360162,6783,9081
7845,1.080625,1.0290309629802312,1.353360979888904,6744,8869
7846,1.08075,1.0255360417533559,1.3228884143155708,6721,8670
7847,1.080875,1.022825718402732,1.2927028022509433,6703,8472
7848,1.081,1.0201285773033735,1.2621964515808857,6686,8272
7849,1.0811250000000001,1.0185095391333103,1.2325963387905268,6675,8078
7850,1.08125,1.019567848198485,1.2056611616492572,6682,7901
7851,1.081375,1.023469488139347,1.1817128672340382,6707,7744
7852,1.0815000000000001,1.0287440269558967,1.1594326367708645,6742,7598
7853,1.081625,1.0340952450682013,1.137670671560322,6777,7456
7854,1.08175,1.0399907307197571,1.1170350207379212,6816,7321
7855,1.0818750000000001,1.0480685440284883,1.0992974680438958,6869,7204
7856,1.082,1.059092723105433,1.0853483786405065,6941,7113
7857,1.082125,1.0719815594405553,1.0742242796912378,7025,7040
7858,1.08225,1.0851098277641922,1.0644095524440371,7111,6976
7859,1.082375,1.0982762557631023,1.05580330515885,7198,6919
7860,1.0825,1.112906951129303,1.0499223941910696,7294,6881
7861,1.082625,1.130244720814419,1.0480902575949331,7407,6869
7862,1.08275,1.1497597992864157,1.0498473764172749,7535,6880
7863,1.082875,1.1697431944958943,1.0535442565589972,7666,6905
7864,1.083,1.1893515530464422,1.0583861699366621,7795,6936
7865,1.0831250000000001,1.2095789575633786,1.065404716762557,7927,6982
7866,1.08325,1.231955111187722,1.076156029635011,8074,7053
7867,1.083375,1.256578002604716,1.0907533368684152,8235,7148
7868,1.0835000000000001,1.2819109313070227,1.10766414831616,8401,7259
7869,1.083625,1.3065933835570256,1.125521164215826,8563,7376
7870,1.08375,1.331030788800878,1.1447123272768311,8723,7502
7871,1.0838750000000001,1.3568014271198514,1.1667878955887443,8892,7647
7872,1.084,1.3846120750760862,1.192416510353065,9074,7815
7873,1.084125,1.4133265169634404,1.2204140000183106,9262,7998
7874,1.08425,1.441267891319173,1.2490462631596542,9445,8186
7875,1.084375,1.4681863860285866,1.2779973757391507,9622,8375
7876,1.0845,1.4954627574377226,1.3085737467953396,9801,8576
7877,1.084625,1.5242978617019236,1.3418941702520377,9990,8794
7878,1.08475,1.5541234493202853,1.3773013397658354,10185,9026
7879,1.084875,1.583195707243788,1.4129560060842739,10376,9260
7880,1.085,1.6106401636543994,1.4478826675921592,10555,9489
7881,1.0851250000000001,1.6374236630632892,1.4829422397077625,10731,9719
7882,1.08525,1.665052563194833,1.5195310833269884,10912,9958
7883,1.085375,1.6936055570926554,1.5576145826775933,11099,10208
7884,1.0855000000000001,1.7215306833465964,1.5955250123193192,11282,10456
7885,1.085625,1.7474563364966433,1.6317733457058905,11452,10694
7886,1.08575,1.7717809811152254,1.6666398302335783,11612,10922
7887,1.085875,1.7960801693590913,1.701581825325464,11771,11151
7888,1.086,1.8210621176640625,1.7371902233128325,11935,11385
7889,1.086125,1.8455963023457382,1.772218867380756,12095,11614
7890,1.08625,1.8680157109520226,1.8048876098876683,12242,11829
7891,1.086375,1.888084594880444,1.8348508685333356,12374,12025
7892,1.0865,1.907201868457968,1.8634017757499461,12499,12212
7893,1.086625,1.9265906702064566,1.8916625045551978,12626,12397
7894,1.08675,1.9457090139229887,1.9189955953035172,12751,12576
7895,1.086875,1.9628433326912016,1.943598206063757,12864,12738
7896,1.087,1.9771532185280776,1.964547437176299,12957,12875
7897,1.0871250000000001,1.9896433713041402,1.9827729104239369,13039,12994
7898,1.08725,2.001861610835196,1.9997552613868288,13119,13106
7899,1.087375,2.013931645004968,2.015559445590876,13199,13209
7900,1.0875000000000001,2.0243498778087194,2.028631910833399,13267,13295
7901,1.087625,2.0317963385928364,2.0376119582806256,13316,13354
7902,1.08775,2.036724179047869,2.0429214792385753,13348,13388
7903,1.087875,2.0407665833770268,2.0461721795678485,13374,13410
7904,1.088,2.0446921156756455,2.0481210368188747,13400,13423
7905,1.088125,2.0474331832142796,2.0476989514808004,13418,13420
7906,1.08825,2.047388049084777,2.043312736973914,13418,13391
7907,1.088375,2.0443884291655112,2.0348127726185883,13398,13335
7908,1.0885,2.039902646058959,2.02369600330622,13369,13262
7909,1.088625,2.0352250132581355,2.0112952451578403,13338,13181
7910,1.08875,2.029886237692757,1.9971893061509747,13303,13089
7911,1.088875,2.0222467673507936,1.9797961213779405,13253,12975
7912,1.089,2.0115412820863945,1.9584168413132288,13183,12835
7913,1.0891250000000001,1.9988504292593647,1.9342072250957851,13100,12676
7914,1.08925,1.98579858978183,1.9088748933538904,13014,12510
7915,1.089375,1.9725864186763677,1.882711403405381,12928,12339
7916,1.0895000000000001,1.9577874129380683,1.854388205834536,12831,12153
7917,1.089625,1.9401586017169632,1.8227667562960155,12715,11946
7918,1.08975,1.9202298119902221,1.7884870868424403,12584,11721
7919,1.089875,1.8997103311163759,1.7533737898313664,12450,11491
7920,1.09,1.8794440346515018,1.7183903853808118,12317,11262
7921,1.090125,1.8584375965022057,1.6826667678514162,12179,11028
7922,1.09025,1.8351622965188594,1.644800205750475,12027,10779
7923,1.090375,1.8095213619322412,1.6048218518755286,11859,10517
7924,1.0905,1.7830529333240057,1.564398874166505,11685,10252
7925,1.090625,1.7571191940127748,1.5250227053458634,11515,9994
7926,1.09075,1.7313166040894414,1.4864184350547698,11346,9741
7927,1.090875,1.7040689971477745,1.4471369988928429,11168,9484
7928,1.091,1.6746719241657466,1.406598694537035,10975,9218
7929,1.0911250000000001,1.6442641452420883,1.3660637592244833,10776,8953
7930,1.09125,1.614525272165811,1.3273292193956818,10581,8699
7931,1.091375,1.585708075069686,1.2907602983027044,10392,8459
7932,1.0915000000000001,1.556434951842638,1.2550861473270927,10200,8225
7933,1.091625,1.5255083972988548,1.219209452975768,9998,7990
7934,1.09175,1.4935001966926342,1.1837949659560698,9788,7758
7935,1.091875,1.4621578828863186,1.1506751540996532,9582,7541
7936,1.092,1.4323598192462983,1.120804711678735,9387,7345
7937,1.092125,1.403143222577963,1.093287855989991,9196,7165
7938,1.09225,1.3730059536419814,1.0666796503290359,8998,6991
7939,1.092375,1.3418736918645067,1.0409525486473812,8794,6822
7940,1.0925,1.3113029123331639,1.0176990238303676,8594,6670
7941,1.092625,1.282669871016865,0.9983200355736243,8406,6543
7942,1.09275,1.255580877844062,0.9824350836490425,8229,6438
7943,1.092875,1.2284652736181818,0.9684747942143022,8051,6347
7944,1.093,1.2006198405223816,0.9557252465377277,7868,6263
7945,1.0931250000000001,1.1731801998865123,0.9452991181997442,7689,6195
7946,1.09325,1.1478185481821377,0.938833477325643,7522,6153
7947,1.093375,1.1247758967233301,0.9365219160574787,7371,6138
7948,1.0935000000000001,1.1026586601968238,0.9369113360699315,7226,6140
7949,1.093625,1.0802490867363215,0.9387124238246294,7080,6152
7950,1.09375,1.0580945948130027,0.9423893226277322,6934,6176
7951,1.093875,1.0379142196642128,0.9495662773517927,6802,6223
7952,1.094,1.020553862089709,0.9609833507495895,6688,6298
7953,1.094125,1.0050143291467122,0.9755248138190132,6586,6393
7954,1.09425,0.9897533110752212,0.9915217136106595,6486,6498
7955,1.094375,0.9746526020639686,1.0087195898682288,6387,6611
7956,1.0945,0.9612212818888961,1.0284823589511551,6299,6740
7957,1.094625,0.9507847749279297,1.0519820064024177,6231,6894
7958,1.0947500000000001,0.9428953436160071,1.0786098794004322,6179,7069
7959,1.094875,0.9359251659940897,1.1065705238144572,6134,7252
7960,1.095,0.9291109796237411,1.1349272067237315,6089,7438
7961,1.0951250000000001,0.9235256055978985,1.164574311195311,6052,7632
7962,1.09525,0.9207759281131584,1.1969362549143214,6034,7844
7963,1.095375,0.9210352844745954,1.2320008448511839,6036,8074
7964,1.0955000000000001,0.9228403043789952,1.2681170952727987,6048,8311
7965,1.095625,0.9249015125074022,1.3038068692108462,6061,8545
7966,1.09575,0.927692920256055,1.339355466632916,6080,8778
7967,1.095875,0.9328586647778119,1.3762193549892967,6114,9019
7968,1.096,0.9411685135668401,1.414982665302592,6168,9273
7969,1.096125,0.9515461154882626,1.4543865643017173,6236,9531
7970,1.09625,0.9623712312850984,1.492632448668757,6307,9782
7971,1.096375,0.9734471798130377,1.5293505179918818,6380,10023
7972,1.0965,0.9862042679195677,1.5658041181178168,6463,10262
7973,1.096625,1.0018890872838646,1.6030801459012478,6566,10506
7974,1.0967500000000001,1.0199752477057105,1.6405006240382654,6685,10751
7975,1.096875,1.0387567019031108,1.6762170906342218,6808,10985
7976,1.097,1.0573926178851152,1.7092562208623094,6930,11202
7977,1.0971250000000001,1.0768791565896871,1.7404926025283365,7057,11406
7978,1.09725,1.0987476657076403,1.771347568391204,7201,11609
7979,1.097375,1.1230973265642343,1.801822751572279,7360,11808
7980,1.0975000000000001,1.148392190793048,1.830297633639139,7526,11995
7981,1.097625,1.173272039887514,1.8553412023794893,7689,12159
7982,1.09775,1.1981421550088083,1.87730209225219,7852,12303
7983,1.097875,1.2245802099013516,1.8977161464338046,8025,12437
7984,1.098,1.253291932027911,1.9172622970974305,8214,12565
7985,1.098125,1.2831396012556024,1.9347915878995339,8409,12680
7986,1.09825,1.3124444134378077,1.9486295976890622,8601,12771
7987,1.098375,1.3409541650363264,1.9585444902829603,8788,12836
7988,1.0985,1.3700467909368543,1.9659504492894464,8979,12884
7989,1.098625,1.4009198874681126,1.97209739755233,9181,12924
7990,1.0987500000000001,1.4330015271401042,1.976481545213198,9391,12953
7991,1.098875,1.4645437946237032,1.9774389467910933,9598,12959
7992,1.099,1.494667713059823,1.9741900001542336,9795,12938
7993,1.0991250000000001,1.5243352152832272,1.9678112605773121,9990,12896
7994,1.09925,1.5550473633837985,1.959933078884152,10191,12845
7995,1.099375,1.5868771691926844,1.9507720873113032,10400,12785
7996,1.0995000000000001,1.6182666281596274,1.938927507912354,10605,12707
7997,1.099625,1.6478377303926308,1.9231916560986326,10799,12604
7998,1.09975,1.6759821991484447,1.9041388228921654,10984,12479
7999,1.099875,1.704268511259906,1.8835316232577866,11169,12344
