sequence,conversion_trigger_host_us,ch0_raw,ch1_raw,ch0_adc_input_v,ch1_adc_input_v,ch0_myoware_raw_v_estimate,ch1_myoware_raw_v_estimate,adc_status,adc_crc,read_start_us,read_duration_us,elapsed_slots,active_mask,flags
1,125,49,867,0.007476806640625,0.132293701171875,0.007476806640625,0.132293701171875,,,127,15,1,3,0
2,250,99,891,0.015106201171875,0.135955810546875,0.015106201171875,0.135955810546875,,,252,15,1,3,0
3,375,149,912,0.022735595703125,0.13916015625,0.022735595703125,0.13916015625,,,377,15,1,3,0
4,500,198,932,0.03021240234375,0.1422119140625,0.03021240234375,0.1422119140625,,,502,15,1,3,0
5,625,247,948,0.037689208984375,0.1446533203125,0.037689208984375,0.1446533203125,,,627,15,1,3,0
6,750,295,963,0.045013427734375,0.146942138671875,0.045013427734375,0.146942138671875,,,752,15,1,3,0
7,875,342,975,0.05218505859375,0.148773193359375,0.05218505859375,0.148773193359375,,,877,15,1,3,0
8,1000,389,985,0.059356689453125,0.150299072265625,0.059356689453125,0.150299072265625,,,1002,15,1,3,0
9,1125,434,992,0.06622314453125,0.1513671875,0.06622314453125,0.1513671875,,,1127,15,1,3,0
10,1250,479,997,0.073089599609375,0.152130126953125,0.073089599609375,0.152130126953125,,,1252,15,1,3,0
11,1375,522,999,0.07965087890625,0.152435302734375,0.07965087890625,0.152435302734375,,,1377,15,1,3,0
12,1500,564,999,0.0860595703125,0.152435302734375,0.0860595703125,0.152435302734375,,,1502,15,1,3,0
13,1625,605,996,0.092315673828125,0.1519775390625,0.092315673828125,0.1519775390625,,,1627,15,1,3,0
14,1750,644,991,0.0982666015625,0.151214599609375,0.0982666015625,0.151214599609375,,,1752,15,1,3,0
15,1875,681,983,0.103912353515625,0.149993896484375,0.103912353515625,0.149993896484375,,,1877,15,1,3,0
16,2000,717,973,0.109405517578125,0.148468017578125,0.109405517578125,0.148468017578125,,,2002,15,1,3,0
17,2125,751,961,0.114593505859375,0.146636962890625,0.114593505859375,0.146636962890625,,,2127,15,1,3,0
18,2250,783,946,0.119476318359375,0.14434814453125,0.119476318359375,0.14434814453125,,,2252,15,1,3,0
19,2375,813,928,0.124053955078125,0.1416015625,0.124053955078125,0.1416015625,,,2377,15,1,3,0
20,2500,841,909,0.128326416015625,0.138702392578125,0.128326416015625,0.138702392578125,,,2502,15,1,3,0
21,2625,867,887,0.132293701171875,0.135345458984375,0.132293701171875,0.135345458984375,,,2627,15,1,3,0
22,2750,891,863,0.135955810546875,0.131683349609375,0.135955810546875,0.131683349609375,,,2752,15,1,3,0
23,2875,912,836,0.13916015625,0.1275634765625,0.13916015625,0.1275634765625,,,2877,15,1,3,0
24,3000,932,808,0.1422119140625,0.123291015625,0.1422119140625,0.123291015625,,,3002,15,1,3,0
25,3125,948,778,0.1446533203125,0.11871337890625,0.1446533203125,0.11871337890625,,,3127,15,1,3,0
26,3250,963,745,0.146942138671875,0.113677978515625,0.146942138671875,0.113677978515625,,,3252,15,1,3,0
27,3375,975,711,0.148773193359375,0.108489990234375,0.148773193359375,0.108489990234375,,,3377,15,1,3,0
28,3500,985,675,0.150299072265625,0.102996826171875,0.150299072265625,0.102996826171875,,,3502,15,1,3,0
29,3625,992,637,0.1513671875,0.097198486328125,0.1513671875,0.097198486328125,,,3627,15,1,3,0
30,3750,997,598,0.152130126953125,0.09124755859375,0.152130126953125,0.09124755859375,,,3752,15,1,3,0
31,3875,999,557,0.152435302734375,0.084991455078125,0.152435302734375,0.084991455078125,,,3877,15,1,3,0
32,4000,999,515,0.152435302734375,0.078582763671875,0.152435302734375,0.078582763671875,,,4002,15,1,3,0
33,4125,996,472,0.1519775390625,0.072021484375,0.1519775390625,0.072021484375,,,4127,15,1,3,0
34,4250,991,427,0.151214599609375,0.065155029296875,0.151214599609375,0.065155029296875,,,4252,15,1,3,0
35,4375,983,381,0.149993896484375,0.058135986328125,0.149993896484375,0.058135986328125,,,4377,15,1,3,0
36,4500,973,334,0.148468017578125,0.05096435546875,0.148468017578125,0.05096435546875,,,4502,15,1,3,0
37,4625,961,287,0.146636962890625,0.043792724609375,0.146636962890625,0.043792724609375,,,4627,15,1,3,0
38,4750,946,239,0.14434814453125,0.036468505859375,0.14434814453125,0.036468505859375,,,4752,15,1,3,0
39,4875,928,190,0.1416015625,0.02899169921875,0.1416015625,0.02899169921875,,,4877,15,1,3,0
40,5000,909,141,0.138702392578125,0.021514892578125,0.138702392578125,0.021514892578125,,,5002,15,1,3,0
41,5125,887,91,0.135345458984375,0.013885498046875,0.135345458984375,0.013885498046875,,,5127,15,1,3,0
42,5250,863,41,0.131683349609375,0.006256103515625,0.131683349609375,0.006256103515625,,,5252,15,1,3,0
43,5375,836,-8,0.1275634765625,-0.001220703125,0.1275634765625,-0.001220703125,,,5377,15,1,3,0
44,5500,808,-58,0.123291015625,-0.00885009765625,0.123291015625,-0.00885009765625,,,5502,15,1,3,0
45,5625,778,-108,0.11871337890625,-0.0164794921875,0.11871337890625,-0.0164794921875,,,5627,15,1,3,0
46,5750,745,-157,0.113677978515625,-0.023956298828125,0.113677978515625,-0.023956298828125,,,5752,15,1,3,0
47,5875,711,-206,0.108489990234375,-0.03143310546875,0.108489990234375,-0.03143310546875,,,5877,15,1,3,0
48,6000,675,-255,0.102996826171875,-0.038909912109375,0.102996826171875,-0.038909912109375,,,6002,15,1,3,0
49,6125,637,-303,0.097198486328125,-0.046234130859375,0.097198486328125,-0.046234130859375,,,6127,15,1,3,0
50,6250,598,-350,0.09124755859375,-0.05340576171875,0.09124755859375,-0.05340576171875,,,6252,15,1,3,0
51,6375,557,-397,0.084991455078125,-0.060577392578125,0.084991455078125,-0.060577392578125,,,6377,15,1,3,0
52,6500,515,-442,0.078582763671875,-0.06744384765625,0.078582763671875,-0.06744384765625,,,6502,15,1,3,0
53,6625,472,-486,0.072021484375,-0.07415771484375,0.072021484375,-0.07415771484375,,,6627,15,1,3,0
54,6750,427,-529,0.065155029296875,-0.080718994140625,0.065155029296875,-0.080718994140625,,,6752,15,1,3,0
55,6875,381,-571,0.058135986328125,-0.087127685546875,0.058135986328125,-0.087127685546875,,,6877,15,1,3,0
56,7000,334,-611,0.05096435546875,-0.093231201171875,0.05096435546875,-0.093231201171875,,,7002,15,1,3,0
57,7125,287,-650,0.043792724609375,-0.09918212890625,0.043792724609375,-0.09918212890625,,,7127,15,1,3,0
58,7250,239,-687,0.036468505859375,-0.104827880859375,0.036468505859375,-0.104827880859375,,,7252,15,1,3,0
59,7375,190,-723,0.02899169921875,-0.110321044921875,0.02899169921875,-0.110321044921875,,,7377,15,1,3,0
60,7500,141,-756,0.021514892578125,-0.1153564453125,0.021514892578125,-0.1153564453125,,,7502,15,1,3,0
61,7625,91,-788,0.013885498046875,-0.1202392578125,0.013885498046875,-0.1202392578125,,,7627,15,1,3,0
62,7750,41,-818,0.006256103515625,-0.12481689453125,0.006256103515625,-0.12481689453125,,,7752,15,1,3,0
63,7875,-8,-845,-0.001220703125,-0.128936767578125,-0.001220703125,-0.128936767578125,,,7877,15,1,3,0
64,8000,-58,-871,-0.00885009765625,-0.132904052734375,-0.00885009765625,-0.132904052734375,,,8002,15,1,3,0
65,8125,-108,-894,-0.0164794921875,-0.13641357421875,-0.0164794921875,-0.13641357421875,,,8127,15,1,3,0
66,8250,-157,-916,-0.023956298828125,-0.1397705078125,-0.023956298828125,-0.1397705078125,,,8252,15,1,3,0
67,8375,-206,-935,-0.03143310546875,-0.142669677734375,-0.03143310546875,-0.142669677734375,,,8377,15,1,3,0
68,8500,-255,-951,-0.038909912109375,-0.145111083984375,-0.038909912109375,-0.145111083984375,,,8502,15,1,3,0
69,8625,-303,-965,-0.046234130859375,-0.147247314453125,-0.046234130859375,-0.147247314453125,,,8627,15,1,3,0
70,8750,-350,-977,-0.05340576171875,-0.149078369140625,-0.05340576171875,-0.149078369140625,,,8752,15,1,3,0
71,8875,-397,-986,-0.060577392578125,-0.15045166015625,-0.060577392578125,-0.15045166015625,,,8877,15,1,3,0
72,9000,-442,-993,-0.06744384765625,-0.151519775390625,-0.06744384765625,-0.151519775390625,,,9002,15,1,3,0
73,9125,-486,-998,-0.07415771484375,-0.15228271484375,-0.07415771484375,-0.15228271484375,,,9127,15,1,3,0
74,9250,-529,-999,-0.080718994140625,-0.152435302734375,-0.080718994140625,-0.152435302734375,,,9252,15,1,3,0
75,9375,-571,-999,-0.087127685546875,-0.152435302734375,-0.087127685546875,-0.152435302734375,,,9377,15,1,3,0
76,9500,-611,-996,-0.093231201171875,-0.1519775390625,-0.093231201171875,-0.1519775390625,,,9502,15,1,3,0
77,9625,-650,-990,-0.09918212890625,-0.15106201171875,-0.09918212890625,-0.15106201171875,,,9627,15,1,3,0
78,9750,-687,-982,-0.104827880859375,-0.14984130859375,-0.104827880859375,-0.14984130859375,,,9752,15,1,3,0
79,9875,-723,-971,-0.110321044921875,-0.148162841796875,-0.110321044921875,-0.148162841796875,,,9877,15,1,3,0
80,10000,-756,-958,-0.1153564453125,-0.14617919921875,-0.1153564453125,-0.14617919921875,,,10002,15,1,3,0
81,10125,-788,-943,-0.1202392578125,-0.143890380859375,-0.1202392578125,-0.143890380859375,,,10127,15,1,3,0
82,10250,-818,-925,-0.12481689453125,-0.141143798828125,-0.12481689453125,-0.141143798828125,,,10252,15,1,3,0
83,10375,-845,-905,-0.128936767578125,-0.138092041015625,-0.128936767578125,-0.138092041015625,,,10377,15,1,3,0
84,10500,-871,-883,-0.132904052734375,-0.134735107421875,-0.132904052734375,-0.134735107421875,,,10502,15,1,3,0
85,10625,-894,-858,-0.13641357421875,-0.13092041015625,-0.13641357421875,-0.13092041015625,,,10627,15,1,3,0
86,10750,-916,-832,-0.1397705078125,-0.126953125,-0.1397705078125,-0.126953125,,,10752,15,1,3,0
87,10875,-935,-803,-0.142669677734375,-0.122528076171875,-0.142669677734375,-0.122528076171875,,,10877,15,1,3,0
88,11000,-951,-772,-0.145111083984375,-0.1177978515625,-0.145111083984375,-0.1177978515625,,,11002,15,1,3,0
89,11125,-965,-740,-0.147247314453125,-0.1129150390625,-0.147247314453125,-0.1129150390625,,,11127,15,1,3,0
90,11250,-977,-705,-0.149078369140625,-0.107574462890625,-0.149078369140625,-0.107574462890625,,,11252,15,1,3,0
91,11375,-986,-669,-0.15045166015625,-0.102081298828125,-0.15045166015625,-0.102081298828125,,,11377,15,1,3,0
92,11500,-993,-631,-0.151519775390625,-0.096282958984375,-0.151519775390625,-0.096282958984375,,,11502,15,1,3,0
93,11625,-998,-591,-0.15228271484375,-0.090179443359375,-0.15228271484375,-0.090179443359375,,,11627,15,1,3,0
94,11750,-999,-550,-0.152435302734375,-0.08392333984375,-0.152435302734375,-0.08392333984375,,,11752,15,1,3,0
95,11875,-999,-508,-0.152435302734375,-0.0775146484375,-0.152435302734375,-0.0775146484375,,,11877,15,1,3,0
96,12000,-996,-464,-0.1519775390625,-0.07080078125,-0.1519775390625,-0.07080078125,,,12002,15,1,3,0
97,12125,-990,-419,-0.15106201171875,-0.063934326171875,-0.15106201171875,-0.063934326171875,,,12127,15,1,3,0
98,12250,-982,-373,-0.14984130859375,-0.056915283203125,-0.14984130859375,-0.056915283203125,,,12252,15,1,3,0
99,12375,-971,-327,-0.148162841796875,-0.049896240234375,-0.148162841796875,-0.049896240234375,,,12377,15,1,3,0
100,12500,-958,-279,-0.14617919921875,-0.042572021484375,-0.14617919921875,-0.042572021484375,,,12502,15,1,3,0
101,12625,-943,-231,-0.143890380859375,-0.035247802734375,-0.143890380859375,-0.035247802734375,,,12627,15,1,3,0
102,12750,-925,-182,-0.141143798828125,-0.02777099609375,-0.141143798828125,-0.02777099609375,,,12752,15,1,3,0
103,12875,-905,-132,-0.138092041015625,-0.0201416015625,-0.138092041015625,-0.0201416015625,,,12877,15,1,3,0
104,13000,-883,-83,-0.134735107421875,-0.012664794921875,-0.134735107421875,-0.012664794921875,,,13002,15,1,3,0
105,13125,-858,-33,-0.13092041015625,-0.005035400390625,-0.13092041015625,-0.005035400390625,,,13127,15,1,3,0
106,13250,-832,16,-0.126953125,0.00244140625,-0.126953125,0.00244140625,,,13252,15,1,3,0
107,13375,-803,66,-0.122528076171875,0.01007080078125,-0.122528076171875,0.01007080078125,,,13377,15,1,3,0
108,13500,-772,116,-0.1177978515625,0.0177001953125,-0.1177978515625,0.0177001953125,,,13502,15,1,3,0
109,13625,-740,166,-0.1129150390625,0.02532958984375,-0.1129150390625,0.02532958984375,,,13627,15,1,3,0
110,13750,-705,215,-0.107574462890625,0.032806396484375,-0.107574462890625,0.032806396484375,,,13752,15,1,3,0
111,13875,-669,263,-0.102081298828125,0.040130615234375,-0.102081298828125,0.040130615234375,,,13877,15,1,3,0
112,14000,-631,311,-0.096282958984375,0.047454833984375,-0.096282958984375,0.047454833984375,,,14002,15,1,3,0
113,14125,-591,358,-0.090179443359375,0.05462646484375,-0.090179443359375,0.05462646484375,,,14127,15,1,3,0
114,14250,-550,404,-0.08392333984375,0.0616455078125,-0.08392333984375,0.0616455078125,,,14252,15,1,3,0
115,14375,-508,450,-0.0775146484375,0.06866455078125,-0.0775146484375,0.06866455078125,,,14377,15,1,3,0
116,14500,-464,494,-0.07080078125,0.07537841796875,-0.07080078125,0.07537841796875,,,14502,15,1,3,0
117,14625,-419,536,-0.063934326171875,0.081787109375,-0.063934326171875,0.081787109375,,,14627,15,1,3,0
118,14750,-373,578,-0.056915283203125,0.08819580078125,-0.056915283203125,0.08819580078125,,,14752,15,1,3,0
119,14875,-327,618,-0.049896240234375,0.09429931640625,-0.049896240234375,0.09429931640625,,,14877,15,1,3,0
120,15000,-279,656,-0.042572021484375,0.10009765625,-0.042572021484375,0.10009765625,,,15002,15,1,3,0
121,15125,-231,693,-0.035247802734375,0.105743408203125,-0.035247802734375,0.105743408203125,,,15127,15,1,3,0
122,15250,-182,728,-0.02777099609375,0.111083984375,-0.02777099609375,0.111083984375,,,15252,15,1,3,0
123,15375,-132,762,-0.0201416015625,0.11627197265625,-0.0201416015625,0.11627197265625,,,15377,15,1,3,0
124,15500,-83,793,-0.012664794921875,0.121002197265625,-0.012664794921875,0.121002197265625,,,15502,15,1,3,0
125,15625,-33,823,-0.005035400390625,0.125579833984375,-0.005035400390625,0.125579833984375,,,15627,15,1,3,0
126,15750,16,850,0.00244140625,0.12969970703125,0.00244140625,0.12969970703125,,,15752,15,1,3,0
127,15875,66,875,0.01007080078125,0.133514404296875,0.01007080078125,0.133514404296875,,,15877,15,1,3,0
128,16000,116,898,0.0177001953125,0.13702392578125,0.0177001953125,0.13702392578125,,,16002,15,1,3,0
129,16125,166,919,0.02532958984375,0.140228271484375,0.02532958984375,0.140228271484375,,,16127,15,1,3,0
130,16250,215,937,0.032806396484375,0.142974853515625,0.032806396484375,0.142974853515625,,,16252,15,1,3,0
131,16375,263,954,0.040130615234375,0.14556884765625,0.040130615234375,0.14556884765625,,,16377,15,1,3,0
132,16500,311,967,0.047454833984375,0.147552490234375,0.047454833984375,0.147552490234375,,,16502,15,1,3,0
133,16625,358,979,0.05462646484375,0.149383544921875,0.05462646484375,0.149383544921875,,,16627,15,1,3,0
134,16750,404,988,0.0616455078125,0.1507568359375,0.0616455078125,0.1507568359375,,,16752,15,1,3,0
135,16875,450,994,0.06866455078125,0.15167236328125,0.06866455078125,0.15167236328125,,,16877,15,1,3,0
136,17000,494,998,0.07537841796875,0.15228271484375,0.07537841796875,0.15228271484375,,,17002,15,1,3,0
137,17125,536,999,0.081787109375,0.152435302734375,0.081787109375,0.152435302734375,,,17127,15,1,3,0
138,17250,578,998,0.08819580078125,0.15228271484375,0.08819580078125,0.15228271484375,,,17252,15,1,3,0
139,17375,618,995,0.09429931640625,0.151824951171875,0.09429931640625,0.151824951171875,,,17377,15,1,3,0
140,17500,656,989,0.10009765625,0.150909423828125,0.10009765625,0.150909423828125,,,17502,15,1,3,0
141,17625,693,980,0.105743408203125,0.1495361328125,0.105743408203125,0.1495361328125,,,17627,15,1,3,0
142,17750,728,969,0.111083984375,0.147857666015625,0.111083984375,0.147857666015625,,,17752,15,1,3,0
143,17875,762,956,0.11627197265625,0.1458740234375,0.11627197265625,0.1458740234375,,,17877,15,1,3,0
144,18000,793,940,0.121002197265625,0.1434326171875,0.121002197265625,0.1434326171875,,,18002,15,1,3,0
145,18125,823,922,0.125579833984375,0.14068603515625,0.125579833984375,0.14068603515625,,,18127,15,1,3,0
146,18250,850,902,0.12969970703125,0.13763427734375,0.12969970703125,0.13763427734375,,,18252,15,1,3,0
147,18375,875,879,0.133514404296875,0.134124755859375,0.133514404296875,0.134124755859375,,,18377,15,1,3,0
148,18500,898,854,0.13702392578125,0.13031005859375,0.13702392578125,0.13031005859375,,,18502,15,1,3,0
149,18625,919,827,0.140228271484375,0.126190185546875,0.140228271484375,0.126190185546875,,,18627,15,1,3,0
150,18750,937,798,0.142974853515625,0.12176513671875,0.142974853515625,0.12176513671875,,,18752,15,1,3,0
151,18875,954,767,0.14556884765625,0.117034912109375,0.14556884765625,0.117034912109375,,,18877,15,1,3,0
152,19000,967,734,0.147552490234375,0.11199951171875,0.147552490234375,0.11199951171875,,,19002,15,1,3,0
153,19125,979,699,0.149383544921875,0.106658935546875,0.149383544921875,0.106658935546875,,,19127,15,1,3,0
154,19250,988,662,0.1507568359375,0.10101318359375,0.1507568359375,0.10101318359375,,,19252,15,1,3,0
155,19375,994,624,0.15167236328125,0.09521484375,0.15167236328125,0.09521484375,,,19377,15,1,3,0
156,19500,998,584,0.15228271484375,0.089111328125,0.15228271484375,0.089111328125,,,19502,15,1,3,0
157,19625,999,543,0.152435302734375,0.082855224609375,0.152435302734375,0.082855224609375,,,19627,15,1,3,0
158,19750,998,501,0.15228271484375,0.076446533203125,0.15228271484375,0.076446533203125,,,19752,15,1,3,0
159,19875,995,457,0.151824951171875,0.069732666015625,0.151824951171875,0.069732666015625,,,19877,15,1,3,0
160,20000,989,412,0.150909423828125,0.0628662109375,0.150909423828125,0.0628662109375,,,20002,15,1,3,0
161,20125,980,366,0.1495361328125,0.05584716796875,0.1495361328125,0.05584716796875,,,20127,15,1,3,0
162,20250,969,319,0.147857666015625,0.048675537109375,0.147857666015625,0.048675537109375,,,20252,15,1,3,0
163,20375,956,271,0.1458740234375,0.041351318359375,0.1458740234375,0.041351318359375,,,20377,15,1,3,0
164,20500,940,222,0.1434326171875,0.03387451171875,0.1434326171875,0.03387451171875,,,20502,15,1,3,0
165,20625,922,173,0.14068603515625,0.026397705078125,0.14068603515625,0.026397705078125,,,20627,15,1,3,0
166,20750,902,124,0.13763427734375,0.0189208984375,0.13763427734375,0.0189208984375,,,20752,15,1,3,0
167,20875,879,74,0.134124755859375,0.01129150390625,0.134124755859375,0.01129150390625,,,20877,15,1,3,0
168,21000,854,24,0.13031005859375,0.003662109375,0.13031005859375,0.003662109375,,,21002,15,1,3,0
169,21125,827,-25,0.126190185546875,-0.003814697265625,0.126190185546875,-0.003814697265625,,,21127,15,1,3,0
170,21250,798,-75,0.12176513671875,-0.011444091796875,0.12176513671875,-0.011444091796875,,,21252,15,1,3,0
171,21375,767,-124,0.117034912109375,-0.0189208984375,0.117034912109375,-0.0189208984375,,,21377,15,1,3,0
172,21500,734,-174,0.11199951171875,-0.02655029296875,0.11199951171875,-0.02655029296875,,,21502,15,1,3,0
173,21625,699,-223,0.106658935546875,-0.034027099609375,0.106658935546875,-0.034027099609375,,,21627,15,1,3,0
174,21750,662,-271,0.10101318359375,-0.041351318359375,0.10101318359375,-0.041351318359375,,,21752,15,1,3,0
175,21875,624,-319,0.09521484375,-0.048675537109375,0.09521484375,-0.048675537109375,,,21877,15,1,3,0
176,22000,584,-366,0.089111328125,-0.05584716796875,0.089111328125,-0.05584716796875,,,22002,15,1,3,0
177,22125,543,-412,0.082855224609375,-0.0628662109375,0.082855224609375,-0.0628662109375,,,22127,15,1,3,0
178,22250,501,-457,0.076446533203125,-0.069732666015625,0.076446533203125,-0.069732666015625,,,22252,15,1,3,0
179,22375,457,-501,0.069732666015625,-0.076446533203125,0.069732666015625,-0.076446533203125,,,22377,15,1,3,0
180,22500,412,-544,0.0628662109375,-0.0830078125,0.0628662109375,-0.0830078125,,,22502,15,1,3,0
181,22625,366,-585,0.05584716796875,-0.089263916015625,0.05584716796875,-0.089263916015625,,,22627,15,1,3,0
182,22750,319,-625,0.048675537109375,-0.095367431640625,0.048675537109375,-0.095367431640625,,,22752,15,1,3,0
183,22875,271,-663,0.041351318359375,-0.101165771484375,0.041351318359375,-0.101165771484375,,,22877,15,1,3,0
184,23000,222,-699,0.03387451171875,-0.106658935546875,0.03387451171875,-0.106658935546875,,,23002,15,1,3,0
185,23125,173,-734,0.026397705078125,-0.11199951171875,0.026397705078125,-0.11199951171875,,,23127,15,1,3,0
186,23250,124,-767,0.0189208984375,-0.117034912109375,0.0189208984375,-0.117034912109375,,,23252,15,1,3,0
187,23375,74,-798,0.01129150390625,-0.12176513671875,0.01129150390625,-0.12176513671875,,,23377,15,1,3,0
188,23500,24,-827,0.003662109375,-0.126190185546875,0.003662109375,-0.126190185546875,,,23502,15,1,3,0
189,23625,-25,-854,-0.003814697265625,-0.13031005859375,-0.003814697265625,-0.13031005859375,,,23627,15,1,3,0
190,23750,-75,-879,-0.011444091796875,-0.134124755859375,-0.011444091796875,-0.134124755859375,,,23752,15,1,3,0
191,23875,-124,-902,-0.0189208984375,-0.13763427734375,-0.0189208984375,-0.13763427734375,,,23877,15,1,3,0
192,24000,-174,-922,-0.02655029296875,-0.14068603515625,-0.02655029296875,-0.14068603515625,,,24002,15,1,3,0
193,24125,-223,-940,-0.034027099609375,-0.1434326171875,-0.034027099609375,-0.1434326171875,,,24127,15,1,3,0
194,24250,-271,-956,-0.041351318359375,-0.1458740234375,-0.041351318359375,-0.1458740234375,,,24252,15,1,3,0
195,24375,-319,-969,-0.048675537109375,-0.147857666015625,-0.048675537109375,-0.147857666015625,,,24377,15,1,3,0
196,24500,-366,-980,-0.05584716796875,-0.1495361328125,-0.05584716796875,-0.1495361328125,,,24502,15,1,3,0
197,24625,-412,-989,-0.0628662109375,-0.150909423828125,-0.0628662109375,-0.150909423828125,,,24627,15,1,3,0
198,24750,-457,-995,-0.069732666015625,-0.151824951171875,-0.069732666015625,-0.151824951171875,,,24752,15,1,3,0
199,24875,-501,-998,-0.076446533203125,-0.15228271484375,-0.076446533203125,-0.15228271484375,,,24877,15,1,3,0
200,25000,-544,-999,-0.0830078125,-0.152435302734375,-0.0830078125,-0.152435302734375,,,25002,15,1,3,0
201,25125,-585,-998,-0.089263916015625,-0.15228271484375,-0.089263916015625,-0.15228271484375,,,25127,15,1,3,0
202,25250,-625,-994,-0.095367431640625,-0.15167236328125,-0.095367431640625,-0.15167236328125,,,25252,15,1,3,0
203,25375,-663,-988,-0.101165771484375,-0.1507568359375,-0.101165771484375,-0.1507568359375,,,25377,15,1,3,0
204,25500,-699,-979,-0.106658935546875,-0.149383544921875,-0.106658935546875,-0.149383544921875,,,25502,15,1,3,0
205,25625,-734,-967,-0.11199951171875,-0.147552490234375,-0.11199951171875,-0.147552490234375,,,25627,15,1,3,0
206,25750,-767,-954,-0.117034912109375,-0.14556884765625,-0.117034912109375,-0.14556884765625,,,25752,15,1,3,0
207,25875,-798,-937,-0.12176513671875,-0.142974853515625,-0.12176513671875,-0.142974853515625,,,25877,15,1,3,0
208,26000,-827,-919,-0.126190185546875,-0.140228271484375,-0.126190185546875,-0.140228271484375,,,26002,15,1,3,0
209,26125,-854,-898,-0.13031005859375,-0.13702392578125,-0.13031005859375,-0.13702392578125,,,26127,15,1,3,0
210,26250,-879,-875,-0.134124755859375,-0.133514404296875,-0.134124755859375,-0.133514404296875,,,26252,15,1,3,0
211,26375,-902,-850,-0.13763427734375,-0.12969970703125,-0.13763427734375,-0.12969970703125,,,26377,15,1,3,0
212,26500,-922,-822,-0.14068603515625,-0.12542724609375,-0.14068603515625,-0.12542724609375,,,26502,15,1,3,0
213,26625,-940,-793,-0.1434326171875,-0.121002197265625,-0.1434326171875,-0.121002197265625,,,26627,15,1,3,0
214,26750,-956,-761,-0.1458740234375,-0.116119384765625,-0.1458740234375,-0.116119384765625,,,26752,15,1,3,0
215,26875,-969,-728,-0.147857666015625,-0.111083984375,-0.147857666015625,-0.111083984375,,,26877,15,1,3,0
216,27000,-980,-693,-0.1495361328125,-0.105743408203125,-0.1495361328125,-0.105743408203125,,,27002,15,1,3,0
217,27125,-989,-656,-0.150909423828125,-0.10009765625,-0.150909423828125,-0.10009765625,,,27127,15,1,3,0
218,27250,-995,-618,-0.151824951171875,-0.09429931640625,-0.151824951171875,-0.09429931640625,,,27252,15,1,3,0
219,27375,-998,-578,-0.15228271484375,-0.08819580078125,-0.15228271484375,-0.08819580078125,,,27377,15,1,3,0
220,27500,-999,-536,-0.152435302734375,-0.081787109375,-0.152435302734375,-0.081787109375,,,27502,15,1,3,0
221,27625,-998,-493,-0.15228271484375,-0.075225830078125,-0.15228271484375,-0.075225830078125,,,27627,15,1,3,0
222,27750,-994,-449,-0.15167236328125,-0.068511962890625,-0.15167236328125,-0.068511962890625,,,27752,15,1,3,0
223,27875,-988,-404,-0.1507568359375,-0.0616455078125,-0.1507568359375,-0.0616455078125,,,27877,15,1,3,0
224,28000,-979,-358,-0.149383544921875,-0.05462646484375,-0.149383544921875,-0.05462646484375,,,28002,15,1,3,0
225,28125,-967,-311,-0.147552490234375,-0.047454833984375,-0.147552490234375,-0.047454833984375,,,28127,15,1,3,0
226,28250,-954,-263,-0.14556884765625,-0.040130615234375,-0.14556884765625,-0.040130615234375,,,28252,15,1,3,0
227,28375,-937,-214,-0.142974853515625,-0.03265380859375,-0.142974853515625,-0.03265380859375,,,28377,15,1,3,0
228,28500,-919,-165,-0.140228271484375,-0.025177001953125,-0.140228271484375,-0.025177001953125,,,28502,15,1,3,0
229,28625,-898,-116,-0.13702392578125,-0.0177001953125,-0.13702392578125,-0.0177001953125,,,28627,15,1,3,0
230,28750,-875,-66,-0.133514404296875,-0.01007080078125,-0.133514404296875,-0.01007080078125,,,28752,15,1,3,0
231,28875,-850,-16,-0.12969970703125,-0.00244140625,-0.12969970703125,-0.00244140625,,,28877,15,1,3,0
232,29000,-822,33,-0.12542724609375,0.005035400390625,-0.12542724609375,0.005035400390625,,,29002,15,1,3,0
233,29125,-793,83,-0.121002197265625,0.012664794921875,-0.121002197265625,0.012664794921875,,,29127,15,1,3,0
234,29250,-761,133,-0.116119384765625,0.020294189453125,-0.116119384765625,0.020294189453125,,,29252,15,1,3,0
235,29375,-728,182,-0.111083984375,0.02777099609375,-0.111083984375,0.02777099609375,,,29377,15,1,3,0
236,29500,-693,231,-0.105743408203125,0.035247802734375,-0.105743408203125,0.035247802734375,,,29502,15,1,3,0
237,29625,-656,279,-0.10009765625,0.042572021484375,-0.10009765625,0.042572021484375,,,29627,15,1,3,0
238,29750,-618,327,-0.09429931640625,0.049896240234375,-0.09429931640625,0.049896240234375,,,29752,15,1,3,0
239,29875,-578,374,-0.08819580078125,0.05706787109375,-0.08819580078125,0.05706787109375,,,29877,15,1,3,0
240,30000,-536,420,-0.081787109375,0.0640869140625,-0.081787109375,0.0640869140625,,,30002,15,1,3,0
241,30125,-493,464,-0.075225830078125,0.07080078125,-0.075225830078125,0.07080078125,,,30127,15,1,3,0
242,30250,-449,508,-0.068511962890625,0.0775146484375,-0.068511962890625,0.0775146484375,,,30252,15,1,3,0
243,30375,-404,551,-0.0616455078125,0.084075927734375,-0.0616455078125,0.084075927734375,,,30377,15,1,3,0
244,30500,-358,592,-0.05462646484375,0.09033203125,-0.05462646484375,0.09033203125,,,30502,15,1,3,0
245,30625,-311,631,-0.047454833984375,0.096282958984375,-0.047454833984375,0.096282958984375,,,30627,15,1,3,0
246,30750,-263,669,-0.040130615234375,0.102081298828125,-0.040130615234375,0.102081298828125,,,30752,15,1,3,0
247,30875,-214,705,-0.03265380859375,0.107574462890625,-0.03265380859375,0.107574462890625,,,30877,15,1,3,0
248,31000,-165,740,-0.025177001953125,0.1129150390625,-0.025177001953125,0.1129150390625,,,31002,15,1,3,0
249,31125,-116,773,-0.0177001953125,0.117950439453125,-0.0177001953125,0.117950439453125,,,31127,15,1,3,0
250,31250,-66,803,-0.01007080078125,0.122528076171875,-0.01007080078125,0.122528076171875,,,31252,15,1,3,0
251,31375,-16,832,-0.00244140625,0.126953125,-0.00244140625,0.126953125,,,31377,15,1,3,0
252,31500,33,859,0.005035400390625,0.131072998046875,0.005035400390625,0.131072998046875,,,31502,15,1,3,0
253,31625,83,883,0.012664794921875,0.134735107421875,0.012664794921875,0.134735107421875,,,31627,15,1,3,0
254,31750,133,905,0.020294189453125,0.138092041015625,0.020294189453125,0.138092041015625,,,31752,15,1,3,0
255,31875,182,925,0.02777099609375,0.141143798828125,0.02777099609375,0.141143798828125,,,31877,15,1,3,0
256,32000,231,943,0.035247802734375,0.143890380859375,0.035247802734375,0.143890380859375,,,32002,15,1,3,0
257,32125,279,959,0.042572021484375,0.146331787109375,0.042572021484375,0.146331787109375,,,32127,15,1,3,0
258,32250,327,972,0.049896240234375,0.1483154296875,0.049896240234375,0.1483154296875,,,32252,15,1,3,0
259,32375,374,982,0.05706787109375,0.14984130859375,0.05706787109375,0.14984130859375,,,32377,15,1,3,0
260,32500,420,990,0.0640869140625,0.15106201171875,0.0640869140625,0.15106201171875,,,32502,15,1,3,0
261,32625,464,996,0.07080078125,0.1519775390625,0.07080078125,0.1519775390625,,,32627,15,1,3,0
262,32750,508,999,0.0775146484375,0.152435302734375,0.0775146484375,0.152435302734375,,,32752,15,1,3,0
263,32875,551,999,0.084075927734375,0.152435302734375,0.084075927734375,0.152435302734375,,,32877,15,1,3,0
264,33000,592,998,0.09033203125,0.15228271484375,0.09033203125,0.15228271484375,,,33002,15,1,3,0
265,33125,631,993,0.096282958984375,0.151519775390625,0.096282958984375,0.151519775390625,,,33127,15,1,3,0
266,33250,669,986,0.102081298828125,0.15045166015625,0.102081298828125,0.15045166015625,,,33252,15,1,3,0
267,33375,705,977,0.107574462890625,0.149078369140625,0.107574462890625,0.149078369140625,,,33377,15,1,3,0
268,33500,740,965,0.1129150390625,0.147247314453125,0.1129150390625,0.147247314453125,,,33502,15,1,3,0
269,33625,773,951,0.117950439453125,0.145111083984375,0.117950439453125,0.145111083984375,,,33627,15,1,3,0
270,33750,803,934,0.122528076171875,0.14251708984375,0.122528076171875,0.14251708984375,,,33752,15,1,3,0
271,33875,832,915,0.126953125,0.139617919921875,0.126953125,0.139617919921875,,,33877,15,1,3,0
272,34000,859,894,0.131072998046875,0.13641357421875,0.131072998046875,0.13641357421875,,,34002,15,1,3,0
273,34125,883,871,0.134735107421875,0.132904052734375,0.134735107421875,0.132904052734375,,,34127,15,1,3,0
274,34250,905,845,0.138092041015625,0.128936767578125,0.138092041015625,0.128936767578125,,,34252,15,1,3,0
275,34375,925,818,0.141143798828125,0.12481689453125,0.141143798828125,0.12481689453125,,,34377,15,1,3,0
276,34500,943,788,0.143890380859375,0.1202392578125,0.143890380859375,0.1202392578125,,,34502,15,1,3,0
277,34625,959,756,0.146331787109375,0.1153564453125,0.146331787109375,0.1153564453125,,,34627,15,1,3,0
278,34750,972,722,0.1483154296875,0.11016845703125,0.1483154296875,0.11016845703125,,,34752,15,1,3,0
279,34875,982,687,0.14984130859375,0.104827880859375,0.14984130859375,0.104827880859375,,,34877,15,1,3,0
280,35000,990,650,0.15106201171875,0.09918212890625,0.15106201171875,0.09918212890625,,,35002,15,1,3,0
281,35125,996,611,0.1519775390625,0.093231201171875,0.1519775390625,0.093231201171875,,,35127,15,1,3,0
282,35250,999,571,0.152435302734375,0.087127685546875,0.152435302734375,0.087127685546875,,,35252,15,1,3,0
283,35375,999,529,0.152435302734375,0.080718994140625,0.152435302734375,0.080718994140625,,,35377,15,1,3,0
284,35500,998,486,0.15228271484375,0.07415771484375,0.15228271484375,0.07415771484375,,,35502,15,1,3,0
285,35625,993,442,0.151519775390625,0.06744384765625,0.151519775390625,0.06744384765625,,,35627,15,1,3,0
286,35750,986,396,0.15045166015625,0.0604248046875,0.15045166015625,0.0604248046875,,,35752,15,1,3,0
287,35875,977,350,0.149078369140625,0.05340576171875,0.149078369140625,0.05340576171875,,,35877,15,1,3,0
288,36000,965,303,0.147247314453125,0.046234130859375,0.147247314453125,0.046234130859375,,,36002,15,1,3,0
289,36125,951,255,0.145111083984375,0.038909912109375,0.145111083984375,0.038909912109375,,,36127,15,1,3,0
290,36250,934,206,0.14251708984375,0.03143310546875,0.14251708984375,0.03143310546875,,,36252,15,1,3,0
291,36375,915,157,0.139617919921875,0.023956298828125,0.139617919921875,0.023956298828125,,,36377,15,1,3,0
292,36500,894,107,0.13641357421875,0.016326904296875,0.13641357421875,0.016326904296875,,,36502,15,1,3,0
293,36625,871,57,0.132904052734375,0.008697509765625,0.132904052734375,0.008697509765625,,,36627,15,1,3,0
294,36750,845,7,0.128936767578125,0.001068115234375,0.128936767578125,0.001068115234375,,,36752,15,1,3,0
295,36875,818,-42,0.12481689453125,-0.00640869140625,0.12481689453125,-0.00640869140625,,,36877,15,1,3,0
296,37000,788,-91,0.1202392578125,-0.013885498046875,0.1202392578125,-0.013885498046875,,,37002,15,1,3,0
297,37125,756,-141,0.1153564453125,-0.021514892578125,0.1153564453125,-0.021514892578125,,,37127,15,1,3,0
298,37250,722,-190,0.11016845703125,-0.02899169921875,0.11016845703125,-0.02899169921875,,,37252,15,1,3,0
299,37375,687,-239,0.104827880859375,-0.036468505859375,0.104827880859375,-0.036468505859375,,,37377,15,1,3,0
300,37500,650,-287,0.09918212890625,-0.043792724609375,0.09918212890625,-0.043792724609375,,,37502,15,1,3,0
301,37625,611,-335,0.093231201171875,-0.051116943359375,0.093231201171875,-0.051116943359375,,,37627,15,1,3,0
302,37750,571,-382,0.087127685546875,-0.05828857421875,0.087127685546875,-0.05828857421875,,,37752,15,1,3,0
303,37875,529,-427,0.080718994140625,-0.065155029296875,0.080718994140625,-0.065155029296875,,,37877,15,1,3,0
304,38000,486,-472,0.07415771484375,-0.072021484375,0.07415771484375,-0.072021484375,,,38002,15,1,3,0
305,38125,442,-515,0.06744384765625,-0.078582763671875,0.06744384765625,-0.078582763671875,,,38127,15,1,3,0
306,38250,396,-558,0.0604248046875,-0.08514404296875,0.0604248046875,-0.08514404296875,,,38252,15,1,3,0
307,38375,350,-598,0.05340576171875,-0.09124755859375,0.05340576171875,-0.09124755859375,,,38377,15,1,3,0
308,38500,303,-638,0.046234130859375,-0.09735107421875,0.046234130859375,-0.09735107421875,,,38502,15,1,3,0
309,38625,255,-675,0.038909912109375,-0.102996826171875,0.038909912109375,-0.102996826171875,,,38627,15,1,3,0
310,38750,206,-711,0.03143310546875,-0.108489990234375,0.03143310546875,-0.108489990234375,,,38752,15,1,3,0
311,38875,157,-746,0.023956298828125,-0.11383056640625,0.023956298828125,-0.11383056640625,,,38877,15,1,3,0
312,39000,107,-778,0.016326904296875,-0.11871337890625,0.016326904296875,-0.11871337890625,,,39002,15,1,3,0
313,39125,57,-808,0.008697509765625,-0.123291015625,0.008697509765625,-0.123291015625,,,39127,15,1,3,0
314,39250,7,-837,0.001068115234375,-0.127716064453125,0.001068115234375,-0.127716064453125,,,39252,15,1,3,0
315,39375,-42,-863,-0.00640869140625,-0.131683349609375,-0.00640869140625,-0.131683349609375,,,39377,15,1,3,0
316,39500,-91,-887,-0.013885498046875,-0.135345458984375,-0.013885498046875,-0.135345458984375,,,39502,15,1,3,0
317,39625,-141,-909,-0.021514892578125,-0.138702392578125,-0.021514892578125,-0.138702392578125,,,39627,15,1,3,0
318,39750,-190,-929,-0.02899169921875,-0.141754150390625,-0.02899169921875,-0.141754150390625,,,39752,15,1,3,0
319,39875,-239,-946,-0.036468505859375,-0.14434814453125,-0.036468505859375,-0.14434814453125,,,39877,15,1,3,0
320,40000,-287,-961,-0.043792724609375,-0.146636962890625,-0.043792724609375,-0.146636962890625,,,40002,15,1,3,0
321,40125,-335,-973,-0.051116943359375,-0.148468017578125,-0.051116943359375,-0.148468017578125,,,40127,15,1,3,0
322,40250,-382,-984,-0.05828857421875,-0.150146484375,-0.05828857421875,-0.150146484375,,,40252,15,1,3,0
323,40375,-427,-991,-0.065155029296875,-0.151214599609375,-0.065155029296875,-0.151214599609375,,,40377,15,1,3,0
324,40500,-472,-996,-0.072021484375,-0.1519775390625,-0.072021484375,-0.1519775390625,,,40502,15,1,3,0
325,40625,-515,-999,-0.078582763671875,-0.152435302734375,-0.078582763671875,-0.152435302734375,,,40627,15,1,3,0
326,40750,-558,-999,-0.08514404296875,-0.152435302734375,-0.08514404296875,-0.152435302734375,,,40752,15,1,3,0
327,40875,-598,-997,-0.09124755859375,-0.152130126953125,-0.09124755859375,-0.152130126953125,,,40877,15,1,3,0
328,41000,-638,-992,-0.09735107421875,-0.1513671875,-0.09735107421875,-0.1513671875,,,41002,15,1,3,0
329,41125,-675,-985,-0.102996826171875,-0.150299072265625,-0.102996826171875,-0.150299072265625,,,41127,15,1,3,0
330,41250,-711,-975,-0.108489990234375,-0.148773193359375,-0.108489990234375,-0.148773193359375,,,41252,15,1,3,0
331,41375,-746,-963,-0.11383056640625,-0.146942138671875,-0.11383056640625,-0.146942138671875,,,41377,15,1,3,0
332,41500,-778,-948,-0.11871337890625,-0.1446533203125,-0.11871337890625,-0.1446533203125,,,41502,15,1,3,0
333,41625,-808,-931,-0.123291015625,-0.142059326171875,-0.123291015625,-0.142059326171875,,,41627,15,1,3,0
334,41750,-837,-912,-0.127716064453125,-0.13916015625,-0.127716064453125,-0.13916015625,,,41752,15,1,3,0
335,41875,-863,-891,-0.131683349609375,-0.135955810546875,-0.131683349609375,-0.135955810546875,,,41877,15,1,3,0
336,42000,-887,-867,-0.135345458984375,-0.132293701171875,-0.135345458984375,-0.132293701171875,,,42002,15,1,3,0
337,42125,-909,-841,-0.138702392578125,-0.128326416015625,-0.138702392578125,-0.128326416015625,,,42127,15,1,3,0
338,42250,-929,-813,-0.141754150390625,-0.124053955078125,-0.141754150390625,-0.124053955078125,,,42252,15,1,3,0
339,42375,-946,-783,-0.14434814453125,-0.119476318359375,-0.14434814453125,-0.119476318359375,,,42377,15,1,3,0
340,42500,-961,-750,-0.146636962890625,-0.11444091796875,-0.146636962890625,-0.11444091796875,,,42502,15,1,3,0
341,42625,-973,-717,-0.148468017578125,-0.109405517578125,-0.148468017578125,-0.109405517578125,,,42627,15,1,3,0
342,42750,-984,-681,-0.150146484375,-0.103912353515625,-0.150146484375,-0.103912353515625,,,42752,15,1,3,0
343,42875,-991,-643,-0.151214599609375,-0.098114013671875,-0.151214599609375,-0.098114013671875,,,42877,15,1,3,0
344,43000,-996,-604,-0.1519775390625,-0.0921630859375,-0.1519775390625,-0.0921630859375,,,43002,15,1,3,0
345,43125,-999,-564,-0.152435302734375,-0.0860595703125,-0.152435302734375,-0.0860595703125,,,43127,15,1,3,0
346,43250,-999,-522,-0.152435302734375,-0.07965087890625,-0.152435302734375,-0.07965087890625,,,43252,15,1,3,0
347,43375,-997,-479,-0.152130126953125,-0.073089599609375,-0.152130126953125,-0.073089599609375,,,43377,15,1,3,0
348,43500,-992,-434,-0.1513671875,-0.06622314453125,-0.1513671875,-0.06622314453125,,,43502,15,1,3,0
349,43625,-985,-389,-0.150299072265625,-0.059356689453125,-0.150299072265625,-0.059356689453125,,,43627,15,1,3,0
350,43750,-975,-342,-0.148773193359375,-0.05218505859375,-0.148773193359375,-0.05218505859375,,,43752,15,1,3,0
351,43875,-963,-295,-0.146942138671875,-0.045013427734375,-0.146942138671875,-0.045013427734375,,,43877,15,1,3,0
352,44000,-948,-246,-0.1446533203125,-0.03753662109375,-0.1446533203125,-0.03753662109375,,,44002,15,1,3,0
353,44125,-931,-198,-0.142059326171875,-0.03021240234375,-0.142059326171875,-0.03021240234375,,,44127,15,1,3,0
354,44250,-912,-148,-0.13916015625,-0.0225830078125,-0.13916015625,-0.0225830078125,,,44252,15,1,3,0
355,44375,-891,-99,-0.135955810546875,-0.015106201171875,-0.135955810546875,-0.015106201171875,,,44377,15,1,3,0
356,44500,-867,-49,-0.132293701171875,-0.007476806640625,-0.132293701171875,-0.007476806640625,,,44502,15,1,3,0
357,44625,-841,0,-0.128326416015625,0.0,-0.128326416015625,0.0,,,44627,15,1,3,0
358,44750,-813,50,-0.124053955078125,0.00762939453125,-0.124053955078125,0.00762939453125,,,44752,15,1,3,0
359,44875,-783,100,-0.119476318359375,0.0152587890625,-0.119476318359375,0.0152587890625,,,44877,15,1,3,0
360,45000,-750,149,-0.11444091796875,0.022735595703125,-0.11444091796875,0.022735595703125,,,45002,15,1,3,0
361,45125,-717,199,-0.109405517578125,0.030364990234375,-0.109405517578125,0.030364990234375,,,45127,15,1,3,0
362,45250,-681,247,-0.103912353515625,0.037689208984375,-0.103912353515625,0.037689208984375,,,45252,15,1,3,0
363,45375,-643,295,-0.098114013671875,0.045013427734375,-0.098114013671875,0.045013427734375,,,45377,15,1,3,0
364,45500,-604,343,-0.0921630859375,0.052337646484375,-0.0921630859375,0.052337646484375,,,45502,15,1,3,0
365,45625,-564,389,-0.0860595703125,0.059356689453125,-0.0860595703125,0.059356689453125,,,45627,15,1,3,0
366,45750,-522,435,-0.07965087890625,0.066375732421875,-0.07965087890625,0.066375732421875,,,45752,15,1,3,0
367,45875,-479,479,-0.073089599609375,0.073089599609375,-0.073089599609375,0.073089599609375,,,45877,15,1,3,0
368,46000,-434,523,-0.06622314453125,0.079803466796875,-0.06622314453125,0.079803466796875,,,46002,15,1,3,0
369,46125,-389,565,-0.059356689453125,0.086212158203125,-0.059356689453125,0.086212158203125,,,46127,15,1,3,0
370,46250,-342,605,-0.05218505859375,0.092315673828125,-0.05218505859375,0.092315673828125,,,46252,15,1,3,0
371,46375,-295,644,-0.045013427734375,0.0982666015625,-0.045013427734375,0.0982666015625,,,46377,15,1,3,0
372,46500,-246,681,-0.03753662109375,0.103912353515625,-0.03753662109375,0.103912353515625,,,46502,15,1,3,0
373,46625,-198,717,-0.03021240234375,0.109405517578125,-0.03021240234375,0.109405517578125,,,46627,15,1,3,0
374,46750,-148,751,-0.0225830078125,0.114593505859375,-0.0225830078125,0.114593505859375,,,46752,15,1,3,0
375,46875,-99,783,-0.015106201171875,0.119476318359375,-0.015106201171875,0.119476318359375,,,46877,15,1,3,0
376,47000,-49,813,-0.007476806640625,0.124053955078125,-0.007476806640625,0.124053955078125,,,47002,15,1,3,0
377,47125,0,841,0.0,0.128326416015625,0.0,0.128326416015625,,,47127,15,1,3,0
378,47250,50,867,0.00762939453125,0.132293701171875,0.00762939453125,0.132293701171875,,,47252,15,1,3,0
379,47375,100,891,0.0152587890625,0.135955810546875,0.0152587890625,0.135955810546875,,,47377,15,1,3,0
380,47500,149,912,0.022735595703125,0.13916015625,0.022735595703125,0.13916015625,,,47502,15,1,3,0
381,47625,199,932,0.030364990234375,0.1422119140625,0.030364990234375,0.1422119140625,,,47627,15,1,3,0
382,47750,247,949,0.037689208984375,0.144805908203125,0.037689208984375,0.144805908203125,,,47752,15,1,3,0
383,47875,295,963,0.045013427734375,0.146942138671875,0.045013427734375,0.146942138671875,,,47877,15,1,3,0
384,48000,343,975,0.052337646484375,0.148773193359375,0.052337646484375,0.148773193359375,,,48002,15,1,3,0
385,48125,389,985,0.059356689453125,0.150299072265625,0.059356689453125,0.150299072265625,,,48127,15,1,3,0
386,48250,435,992,0.066375732421875,0.1513671875,0.066375732421875,0.1513671875,,,48252,15,1,3,0
387,48375,479,997,0.073089599609375,0.152130126953125,0.073089599609375,0.152130126953125,,,48377,15,1,3,0
388,48500,523,999,0.079803466796875,0.152435302734375,0.079803466796875,0.152435302734375,,,48502,15,1,3,0
389,48625,565,999,0.086212158203125,0.152435302734375,0.086212158203125,0.152435302734375,,,48627,15,1,3,0
390,48750,605,996,0.092315673828125,0.1519775390625,0.092315673828125,0.1519775390625,,,48752,15,1,3,0
391,48875,644,991,0.0982666015625,0.151214599609375,0.0982666015625,0.151214599609375,,,48877,15,1,3,0
392,49000,681,983,0.103912353515625,0.149993896484375,0.103912353515625,0.149993896484375,,,49002,15,1,3,0
393,49125,717,973,0.109405517578125,0.148468017578125,0.109405517578125,0.148468017578125,,,49127,15,1,3,0
394,49250,751,961,0.114593505859375,0.146636962890625,0.114593505859375,0.146636962890625,,,49252,15,1,3,0
395,49375,783,946,0.119476318359375,0.14434814453125,0.119476318359375,0.14434814453125,,,49377,15,1,3,0
396,49500,813,928,0.124053955078125,0.1416015625,0.124053955078125,0.1416015625,,,49502,15,1,3,0
397,49625,841,909,0.128326416015625,0.138702392578125,0.128326416015625,0.138702392578125,,,49627,15,1,3,0
398,49750,867,887,0.132293701171875,0.135345458984375,0.132293701171875,0.135345458984375,,,49752,15,1,3,0
399,49875,891,862,0.135955810546875,0.13153076171875,0.135955810546875,0.13153076171875,,,49877,15,1,3,0
400,50000,912,836,0.13916015625,0.1275634765625,0.13916015625,0.1275634765625,,,50002,15,1,3,0
401,50125,932,808,0.1422119140625,0.123291015625,0.1422119140625,0.123291015625,,,50127,15,1,3,0
402,50250,949,777,0.144805908203125,0.118560791015625,0.144805908203125,0.118560791015625,,,50252,15,1,3,0
403,50375,963,745,0.146942138671875,0.113677978515625,0.146942138671875,0.113677978515625,,,50377,15,1,3,0
404,50500,975,711,0.148773193359375,0.108489990234375,0.148773193359375,0.108489990234375,,,50502,15,1,3,0
405,50625,985,675,0.150299072265625,0.102996826171875,0.150299072265625,0.102996826171875,,,50627,15,1,3,0
406,50750,992,637,0.1513671875,0.097198486328125,0.1513671875,0.097198486328125,,,50752,15,1,3,0
407,50875,997,598,0.152130126953125,0.09124755859375,0.152130126953125,0.09124755859375,,,50877,15,1,3,0
408,51000,999,557,0.152435302734375,0.084991455078125,0.152435302734375,0.084991455078125,,,51002,15,1,3,0
409,51125,999,515,0.152435302734375,0.078582763671875,0.152435302734375,0.078582763671875,,,51127,15,1,3,0
410,51250,996,471,0.1519775390625,0.071868896484375,0.1519775390625,0.071868896484375,,,51252,15,1,3,0
411,51375,991,426,0.151214599609375,0.06500244140625,0.151214599609375,0.06500244140625,,,51377,15,1,3,0
412,51500,983,381,0.149993896484375,0.058135986328125,0.149993896484375,0.058135986328125,,,51502,15,1,3,0
413,51625,973,334,0.148468017578125,0.05096435546875,0.148468017578125,0.05096435546875,,,51627,15,1,3,0
414,51750,961,287,0.146636962890625,0.043792724609375,0.146636962890625,0.043792724609375,,,51752,15,1,3,0
415,51875,946,238,0.14434814453125,0.03631591796875,0.14434814453125,0.03631591796875,,,51877,15,1,3,0
416,52000,928,189,0.1416015625,0.028839111328125,0.1416015625,0.028839111328125,,,52002,15,1,3,0
417,52125,909,140,0.138702392578125,0.0213623046875,0.138702392578125,0.0213623046875,,,52127,15,1,3,0
418,52250,887,91,0.135345458984375,0.013885498046875,0.135345458984375,0.013885498046875,,,52252,15,1,3,0
419,52375,862,41,0.13153076171875,0.006256103515625,0.13153076171875,0.006256103515625,,,52377,15,1,3,0
420,52500,836,-8,0.1275634765625,-0.001220703125,0.1275634765625,-0.001220703125,,,52502,15,1,3,0
421,52625,808,-58,0.123291015625,-0.00885009765625,0.123291015625,-0.00885009765625,,,52627,15,1,3,0
422,52750,777,-108,0.118560791015625,-0.0164794921875,0.118560791015625,-0.0164794921875,,,52752,15,1,3,0
423,52875,745,-158,0.113677978515625,-0.02410888671875,0.113677978515625,-0.02410888671875,,,52877,15,1,3,0
424,53000,711,-207,0.108489990234375,-0.031585693359375,0.108489990234375,-0.031585693359375,,,53002,15,1,3,0
425,53125,675,-255,0.102996826171875,-0.038909912109375,0.102996826171875,-0.038909912109375,,,53127,15,1,3,0
426,53250,637,-303,0.097198486328125,-0.046234130859375,0.097198486328125,-0.046234130859375,,,53252,15,1,3,0
427,53375,598,-351,0.09124755859375,-0.053558349609375,0.09124755859375,-0.053558349609375,,,53377,15,1,3,0
428,53500,557,-397,0.084991455078125,-0.060577392578125,0.084991455078125,-0.060577392578125,,,53502,15,1,3,0
429,53625,515,-442,0.078582763671875,-0.06744384765625,0.078582763671875,-0.06744384765625,,,53627,15,1,3,0
430,53750,471,-487,0.071868896484375,-0.074310302734375,0.071868896484375,-0.074310302734375,,,53752,15,1,3,0
431,53875,426,-530,0.06500244140625,-0.08087158203125,0.06500244140625,-0.08087158203125,,,53877,15,1,3,0
432,54000,381,-571,0.058135986328125,-0.087127685546875,0.058135986328125,-0.087127685546875,,,54002,15,1,3,0
433,54125,334,-612,0.05096435546875,-0.0933837890625,0.05096435546875,-0.0933837890625,,,54127,15,1,3,0
434,54250,287,-650,0.043792724609375,-0.09918212890625,0.043792724609375,-0.09918212890625,,,54252,15,1,3,0
435,54375,238,-688,0.03631591796875,-0.10498046875,0.03631591796875,-0.10498046875,,,54377,15,1,3,0
436,54500,189,-723,0.028839111328125,-0.110321044921875,0.028839111328125,-0.110321044921875,,,54502,15,1,3,0
437,54625,140,-757,0.0213623046875,-0.115509033203125,0.0213623046875,-0.115509033203125,,,54627,15,1,3,0
438,54750,91,-788,0.013885498046875,-0.1202392578125,0.013885498046875,-0.1202392578125,,,54752,15,1,3,0
439,54875,41,-818,0.006256103515625,-0.12481689453125,0.006256103515625,-0.12481689453125,,,54877,15,1,3,0
440,55000,-8,-846,-0.001220703125,-0.12908935546875,-0.001220703125,-0.12908935546875,,,55002,15,1,3,0
441,55125,-58,-871,-0.00885009765625,-0.132904052734375,-0.00885009765625,-0.132904052734375,,,55127,15,1,3,0
442,55250,-108,-895,-0.0164794921875,-0.136566162109375,-0.0164794921875,-0.136566162109375,,,55252,15,1,3,0
443,55375,-158,-916,-0.02410888671875,-0.1397705078125,-0.02410888671875,-0.1397705078125,,,55377,15,1,3,0
444,55500,-207,-935,-0.031585693359375,-0.142669677734375,-0.031585693359375,-0.142669677734375,,,55502,15,1,3,0
445,55625,-255,-951,-0.038909912109375,-0.145111083984375,-0.038909912109375,-0.145111083984375,,,55627,15,1,3,0
446,55750,-303,-965,-0.046234130859375,-0.147247314453125,-0.046234130859375,-0.147247314453125,,,55752,15,1,3,0
447,55875,-351,-977,-0.053558349609375,-0.149078369140625,-0.053558349609375,-0.149078369140625,,,55877,15,1,3,0
448,56000,-397,-986,-0.060577392578125,-0.15045166015625,-0.060577392578125,-0.15045166015625,,,56002,15,1,3,0
449,56125,-442,-993,-0.06744384765625,-0.151519775390625,-0.06744384765625,-0.151519775390625,,,56127,15,1,3,0
450,56250,-487,-998,-0.074310302734375,-0.15228271484375,-0.074310302734375,-0.15228271484375,,,56252,15,1,3,0
451,56375,-530,-999,-0.08087158203125,-0.152435302734375,-0.08087158203125,-0.152435302734375,,,56377,15,1,3,0
452,56500,-571,-999,-0.087127685546875,-0.152435302734375,-0.087127685546875,-0.152435302734375,,,56502,15,1,3,0
453,56625,-612,-996,-0.0933837890625,-0.1519775390625,-0.0933837890625,-0.1519775390625,,,56627,15,1,3,0
454,56750,-650,-990,-0.09918212890625,-0.15106201171875,-0.09918212890625,-0.15106201171875,,,56752,15,1,3,0
455,56875,-688,-982,-0.10498046875,-0.14984130859375,-0.10498046875,-0.14984130859375,,,56877,15,1,3,0
456,57000,-723,-971,-0.110321044921875,-0.148162841796875,-0.110321044921875,-0.148162841796875,,,57002,15,1,3,0
457,57125,-757,-958,-0.115509033203125,-0.14617919921875,-0.115509033203125,-0.14617919921875,,,57127,15,1,3,0
458,57250,-788,-943,-0.1202392578125,-0.143890380859375,-0.1202392578125,-0.143890380859375,,,57252,15,1,3,0
459,57375,-818,-925,-0.12481689453125,-0.141143798828125,-0.12481689453125,-0.141143798828125,,,57377,15,1,3,0
460,57500,-846,-905,-0.12908935546875,-0.138092041015625,-0.12908935546875,-0.138092041015625,,,57502,15,1,3,0
461,57625,-871,-883,-0.132904052734375,-0.134735107421875,-0.132904052734375,-0.134735107421875,,,57627,15,1,3,0
462,57750,-895,-858,-0.136566162109375,-0.13092041015625,-0.136566162109375,-0.13092041015625,,,57752,15,1,3,0
463,57875,-916,-832,-0.1397705078125,-0.126953125,-0.1397705078125,-0.126953125,,,57877,15,1,3,0
464,58000,-935,-803,-0.142669677734375,-0.122528076171875,-0.142669677734375,-0.122528076171875,,,58002,15,1,3,0
465,58125,-951,-772,-0.145111083984375,-0.1177978515625,-0.145111083984375,-0.1177978515625,,,58127,15,1,3,0
466,58250,-965,-739,-0.147247314453125,-0.112762451171875,-0.147247314453125,-0.112762451171875,,,58252,15,1,3,0
467,58375,-977,-705,-0.149078369140625,-0.107574462890625,-0.149078369140625,-0.107574462890625,,,58377,15,1,3,0
468,58500,-986,-668,-0.15045166015625,-0.1019287109375,-0.15045166015625,-0.1019287109375,,,58502,15,1,3,0
469,58625,-993,-630,-0.151519775390625,-0.09613037109375,-0.151519775390625,-0.09613037109375,,,58627,15,1,3,0
470,58750,-998,-591,-0.15228271484375,-0.090179443359375,-0.15228271484375,-0.090179443359375,,,58752,15,1,3,0
471,58875,-999,-550,-0.152435302734375,-0.08392333984375,-0.152435302734375,-0.08392333984375,,,58877,15,1,3,0
472,59000,-999,-507,-0.152435302734375,-0.077362060546875,-0.152435302734375,-0.077362060546875,,,59002,15,1,3,0
473,59125,-996,-464,-0.1519775390625,-0.07080078125,-0.1519775390625,-0.07080078125,,,59127,15,1,3,0
474,59250,-990,-419,-0.15106201171875,-0.063934326171875,-0.15106201171875,-0.063934326171875,,,59252,15,1,3,0
475,59375,-982,-373,-0.14984130859375,-0.056915283203125,-0.14984130859375,-0.056915283203125,,,59377,15,1,3,0
476,59500,-971,-326,-0.148162841796875,-0.04974365234375,-0.148162841796875,-0.04974365234375,,,59502,15,1,3,0
477,59625,-958,-278,-0.14617919921875,-0.04241943359375,-0.14617919921875,-0.04241943359375,,,59627,15,1,3,0
478,59750,-943,-230,-0.143890380859375,-0.03509521484375,-0.143890380859375,-0.03509521484375,,,59752,15,1,3,0
479,59875,-925,-181,-0.141143798828125,-0.027618408203125,-0.141143798828125,-0.027618408203125,,,59877,15,1,3,0
480,60000,-905,-132,-0.138092041015625,-0.0201416015625,-0.138092041015625,-0.0201416015625,,,60002,15,1,3,0
481,60125,-883,-82,-0.134735107421875,-0.01251220703125,-0.134735107421875,-0.01251220703125,,,60127,15,1,3,0
482,60250,-858,-32,-0.13092041015625,-0.0048828125,-0.13092041015625,-0.0048828125,,,60252,15,1,3,0
483,60375,-832,17,-0.126953125,0.002593994140625,-0.126953125,0.002593994140625,,,60377,15,1,3,0
484,60500,-803,67,-0.122528076171875,0.010223388671875,-0.122528076171875,0.010223388671875,,,60502,15,1,3,0
485,60625,-772,116,-0.1177978515625,0.0177001953125,-0.1177978515625,0.0177001953125,,,60627,15,1,3,0
486,60750,-739,166,-0.112762451171875,0.02532958984375,-0.112762451171875,0.02532958984375,,,60752,15,1,3,0
487,60875,-705,215,-0.107574462890625,0.032806396484375,-0.107574462890625,0.032806396484375,,,60877,15,1,3,0
488,61000,-668,264,-0.1019287109375,0.040283203125,-0.1019287109375,0.040283203125,,,61002,15,1,3,0
489,61125,-630,311,-0.09613037109375,0.047454833984375,-0.09613037109375,0.047454833984375,,,61127,15,1,3,0
490,61250,-591,359,-0.090179443359375,0.054779052734375,-0.090179443359375,0.054779052734375,,,61252,15,1,3,0
491,61375,-550,405,-0.08392333984375,0.061798095703125,-0.08392333984375,0.061798095703125,,,61377,15,1,3,0
492,61500,-507,450,-0.077362060546875,0.06866455078125,-0.077362060546875,0.06866455078125,,,61502,15,1,3,0
493,61625,-464,494,-0.07080078125,0.07537841796875,-0.07080078125,0.07537841796875,,,61627,15,1,3,0
494,61750,-419,537,-0.063934326171875,0.081939697265625,-0.063934326171875,0.081939697265625,,,61752,15,1,3,0
495,61875,-373,578,-0.056915283203125,0.08819580078125,-0.056915283203125,0.08819580078125,,,61877,15,1,3,0
496,62000,-326,618,-0.04974365234375,0.09429931640625,-0.04974365234375,0.09429931640625,,,62002,15,1,3,0
497,62125,-278,657,-0.04241943359375,0.100250244140625,-0.04241943359375,0.100250244140625,,,62127,15,1,3,0
498,62250,-230,694,-0.03509521484375,0.10589599609375,-0.03509521484375,0.10589599609375,,,62252,15,1,3,0
499,62375,-181,729,-0.027618408203125,0.111236572265625,-0.027618408203125,0.111236572265625,,,62377,15,1,3,0
500,62500,-132,762,-0.0201416015625,0.11627197265625,-0.0201416015625,0.11627197265625,,,62502,15,1,3,0
501,62625,-82,793,-0.01251220703125,0.121002197265625,-0.01251220703125,0.121002197265625,,,62627,15,1,3,0
502,62750,-32,823,-0.0048828125,0.125579833984375,-0.0048828125,0.125579833984375,,,62752,15,1,3,0
503,62875,17,850,0.002593994140625,0.12969970703125,0.002593994140625,0.12969970703125,,,62877,15,1,3,0
504,63000,67,875,0.010223388671875,0.133514404296875,0.010223388671875,0.133514404296875,,,63002,15,1,3,0
505,63125,116,898,0.0177001953125,0.13702392578125,0.0177001953125,0.13702392578125,,,63127,15,1,3,0
506,63250,166,919,0.02532958984375,0.140228271484375,0.02532958984375,0.140228271484375,,,63252,15,1,3,0
507,63375,215,938,0.032806396484375,0.14312744140625,0.032806396484375,0.14312744140625,,,63377,15,1,3,0
508,63500,264,954,0.040283203125,0.14556884765625,0.040283203125,0.14556884765625,,,63502,15,1,3,0
509,63625,311,968,0.047454833984375,0.147705078125,0.047454833984375,0.147705078125,,,63627,15,1,3,0
510,63750,359,979,0.054779052734375,0.149383544921875,0.054779052734375,0.149383544921875,,,63752,15,1,3,0
511,63875,405,988,0.061798095703125,0.1507568359375,0.061798095703125,0.1507568359375,,,63877,15,1,3,0
512,64000,450,994,0.06866455078125,0.15167236328125,0.06866455078125,0.15167236328125,,,64002,15,1,3,0
513,64125,494,998,0.07537841796875,0.15228271484375,0.07537841796875,0.15228271484375,,,64127,15,1,3,0
514,64250,537,999,0.081939697265625,0.152435302734375,0.081939697265625,0.152435302734375,,,64252,15,1,3,0
515,64375,578,998,0.08819580078125,0.15228271484375,0.08819580078125,0.15228271484375,,,64377,15,1,3,0
516,64500,618,995,0.09429931640625,0.151824951171875,0.09429931640625,0.151824951171875,,,64502,15,1,3,0
517,64625,657,989,0.100250244140625,0.150909423828125,0.100250244140625,0.150909423828125,,,64627,15,1,3,0
518,64750,694,980,0.10589599609375,0.1495361328125,0.10589599609375,0.1495361328125,,,64752,15,1,3,0
519,64875,729,969,0.111236572265625,0.147857666015625,0.111236572265625,0.147857666015625,,,64877,15,1,3,0
520,65000,762,956,0.11627197265625,0.1458740234375,0.11627197265625,0.1458740234375,,,65002,15,1,3,0
521,65125,793,940,0.121002197265625,0.1434326171875,0.121002197265625,0.1434326171875,,,65127,15,1,3,0
522,65250,823,922,0.125579833984375,0.14068603515625,0.125579833984375,0.14068603515625,,,65252,15,1,3,0
523,65375,850,901,0.12969970703125,0.137481689453125,0.12969970703125,0.137481689453125,,,65377,15,1,3,0
524,65500,875,879,0.133514404296875,0.134124755859375,0.133514404296875,0.134124755859375,,,65502,15,1,3,0
525,65625,898,854,0.13702392578125,0.13031005859375,0.13702392578125,0.13031005859375,,,65627,15,1,3,0
526,65750,919,827,0.140228271484375,0.126190185546875,0.140228271484375,0.126190185546875,,,65752,15,1,3,0
527,65875,938,798,0.14312744140625,0.12176513671875,0.14312744140625,0.12176513671875,,,65877,15,1,3,0
528,66000,954,767,0.14556884765625,0.117034912109375,0.14556884765625,0.117034912109375,,,66002,15,1,3,0
529,66125,968,734,0.147705078125,0.11199951171875,0.147705078125,0.11199951171875,,,66127,15,1,3,0
530,66250,979,699,0.149383544921875,0.106658935546875,0.149383544921875,0.106658935546875,,,66252,15,1,3,0
531,66375,988,662,0.1507568359375,0.10101318359375,0.1507568359375,0.10101318359375,,,66377,15,1,3,0
532,66500,994,624,0.15167236328125,0.09521484375,0.15167236328125,0.09521484375,,,66502,15,1,3,0
533,66625,998,584,0.15228271484375,0.089111328125,0.15228271484375,0.089111328125,,,66627,15,1,3,0
534,66750,999,543,0.152435302734375,0.082855224609375,0.152435302734375,0.082855224609375,,,66752,15,1,3,0
535,66875,998,500,0.15228271484375,0.0762939453125,0.15228271484375,0.0762939453125,,,66877,15,1,3,0
536,67000,995,456,0.151824951171875,0.069580078125,0.151824951171875,0.069580078125,,,67002,15,1,3,0
537,67125,989,411,0.150909423828125,0.062713623046875,0.150909423828125,0.062713623046875,,,67127,15,1,3,0
538,67250,980,365,0.1495361328125,0.055694580078125,0.1495361328125,0.055694580078125,,,67252,15,1,3,0
539,67375,969,318,0.147857666015625,0.04852294921875,0.147857666015625,0.04852294921875,,,67377,15,1,3,0
540,67500,956,270,0.1458740234375,0.04119873046875,0.1458740234375,0.04119873046875,,,67502,15,1,3,0
541,67625,940,222,0.1434326171875,0.03387451171875,0.1434326171875,0.03387451171875,,,67627,15,1,3,0
542,67750,922,173,0.14068603515625,0.026397705078125,0.14068603515625,0.026397705078125,,,67752,15,1,3,0
543,67875,901,124,0.137481689453125,0.0189208984375,0.137481689453125,0.0189208984375,,,67877,15,1,3,0
544,68000,879,74,0.134124755859375,0.01129150390625,0.134124755859375,0.01129150390625,,,68002,15,1,3,0
545,68125,854,24,0.13031005859375,0.003662109375,0.13031005859375,0.003662109375,,,68127,15,1,3,0
546,68250,827,-25,0.126190185546875,-0.003814697265625,0.126190185546875,-0.003814697265625,,,68252,15,1,3,0
547,68375,798,-75,0.12176513671875,-0.011444091796875,0.12176513671875,-0.011444091796875,,,68377,15,1,3,0
548,68500,767,-125,0.117034912109375,-0.019073486328125,0.117034912109375,-0.019073486328125,,,68502,15,1,3,0
549,68625,734,-174,0.11199951171875,-0.02655029296875,0.11199951171875,-0.02655029296875,,,68627,15,1,3,0
550,68750,699,-223,0.106658935546875,-0.034027099609375,0.106658935546875,-0.034027099609375,,,68752,15,1,3,0
551,68875,662,-272,0.10101318359375,-0.04150390625,0.10101318359375,-0.04150390625,,,68877,15,1,3,0
552,69000,624,-319,0.09521484375,-0.048675537109375,0.09521484375,-0.048675537109375,,,69002,15,1,3,0
553,69125,584,-366,0.089111328125,-0.05584716796875,0.089111328125,-0.05584716796875,,,69127,15,1,3,0
554,69250,543,-412,0.082855224609375,-0.0628662109375,0.082855224609375,-0.0628662109375,,,69252,15,1,3,0
555,69375,500,-457,0.0762939453125,-0.069732666015625,0.0762939453125,-0.069732666015625,,,69377,15,1,3,0
556,69500,456,-501,0.069580078125,-0.076446533203125,0.069580078125,-0.076446533203125,,,69502,15,1,3,0
557,69625,411,-544,0.062713623046875,-0.0830078125,0.062713623046875,-0.0830078125,,,69627,15,1,3,0
558,69750,365,-585,0.055694580078125,-0.089263916015625,0.055694580078125,-0.089263916015625,,,69752,15,1,3,0
559,69875,318,-625,0.04852294921875,-0.095367431640625,0.04852294921875,-0.095367431640625,,,69877,15,1,3,0
560,70000,270,-663,0.04119873046875,-0.101165771484375,0.04119873046875,-0.101165771484375,,,70002,15,1,3,0
561,70125,222,-700,0.03387451171875,-0.1068115234375,0.03387451171875,-0.1068115234375,,,70127,15,1,3,0
562,70250,173,-734,0.026397705078125,-0.11199951171875,0.026397705078125,-0.11199951171875,,,70252,15,1,3,0
563,70375,124,-767,0.0189208984375,-0.117034912109375,0.0189208984375,-0.117034912109375,,,70377,15,1,3,0
564,70500,74,-799,0.01129150390625,-0.121917724609375,0.01129150390625,-0.121917724609375,,,70502,15,1,3,0
565,70625,24,-828,0.003662109375,-0.1263427734375,0.003662109375,-0.1263427734375,,,70627,15,1,3,0
566,70750,-25,-855,-0.003814697265625,-0.130462646484375,-0.003814697265625,-0.130462646484375,,,70752,15,1,3,0
567,70875,-75,-879,-0.011444091796875,-0.134124755859375,-0.011444091796875,-0.134124755859375,,,70877,15,1,3,0
568,71000,-125,-902,-0.019073486328125,-0.13763427734375,-0.019073486328125,-0.13763427734375,,,71002,15,1,3,0
569,71125,-174,-922,-0.02655029296875,-0.14068603515625,-0.02655029296875,-0.14068603515625,,,71127,15,1,3,0
570,71250,-223,-941,-0.034027099609375,-0.143585205078125,-0.034027099609375,-0.143585205078125,,,71252,15,1,3,0
571,71375,-272,-956,-0.04150390625,-0.1458740234375,-0.04150390625,-0.1458740234375,,,71377,15,1,3,0
572,71500,-319,-970,-0.048675537109375,-0.14801025390625,-0.048675537109375,-0.14801025390625,,,71502,15,1,3,0
573,71625,-366,-981,-0.05584716796875,-0.149688720703125,-0.05584716796875,-0.149688720703125,,,71627,15,1,3,0
574,71750,-412,-989,-0.0628662109375,-0.150909423828125,-0.0628662109375,-0.150909423828125,,,71752,15,1,3,0
575,71875,-457,-995,-0.069732666015625,-0.151824951171875,-0.069732666015625,-0.151824951171875,,,71877,15,1,3,0
576,72000,-501,-998,-0.076446533203125,-0.15228271484375,-0.076446533203125,-0.15228271484375,,,72002,15,1,3,0
577,72125,-544,-999,-0.0830078125,-0.152435302734375,-0.0830078125,-0.152435302734375,,,72127,15,1,3,0
578,72250,-585,-998,-0.089263916015625,-0.15228271484375,-0.089263916015625,-0.15228271484375,,,72252,15,1,3,0
579,72375,-625,-994,-0.095367431640625,-0.15167236328125,-0.095367431640625,-0.15167236328125,,,72377,15,1,3,0
580,72500,-663,-988,-0.101165771484375,-0.1507568359375,-0.101165771484375,-0.1507568359375,,,72502,15,1,3,0
581,72625,-700,-979,-0.1068115234375,-0.149383544921875,-0.1068115234375,-0.149383544921875,,,72627,15,1,3,0
582,72750,-734,-967,-0.11199951171875,-0.147552490234375,-0.11199951171875,-0.147552490234375,,,72752,15,1,3,0
583,72875,-767,-953,-0.117034912109375,-0.145416259765625,-0.117034912109375,-0.145416259765625,,,72877,15,1,3,0
584,73000,-799,-937,-0.121917724609375,-0.142974853515625,-0.121917724609375,-0.142974853515625,,,73002,15,1,3,0
585,73125,-828,-919,-0.1263427734375,-0.140228271484375,-0.1263427734375,-0.140228271484375,,,73127,15,1,3,0
586,73250,-855,-898,-0.130462646484375,-0.13702392578125,-0.130462646484375,-0.13702392578125,,,73252,15,1,3,0
587,73375,-879,-875,-0.134124755859375,-0.133514404296875,-0.134124755859375,-0.133514404296875,,,73377,15,1,3,0
588,73500,-902,-849,-0.13763427734375,-0.129547119140625,-0.13763427734375,-0.129547119140625,,,73502,15,1,3,0
589,73625,-922,-822,-0.14068603515625,-0.12542724609375,-0.14068603515625,-0.12542724609375,,,73627,15,1,3,0
590,73750,-941,-793,-0.143585205078125,-0.121002197265625,-0.143585205078125,-0.121002197265625,,,73752,15,1,3,0
591,73875,-956,-761,-0.1458740234375,-0.116119384765625,-0.1458740234375,-0.116119384765625,,,73877,15,1,3,0
592,74000,-970,-728,-0.14801025390625,-0.111083984375,-0.14801025390625,-0.111083984375,,,74002,15,1,3,0
593,74125,-981,-693,-0.149688720703125,-0.105743408203125,-0.149688720703125,-0.105743408203125,,,74127,15,1,3,0
594,74250,-989,-656,-0.150909423828125,-0.10009765625,-0.150909423828125,-0.10009765625,,,74252,15,1,3,0
595,74375,-995,-617,-0.151824951171875,-0.094146728515625,-0.151824951171875,-0.094146728515625,,,74377,15,1,3,0
596,74500,-998,-577,-0.15228271484375,-0.088043212890625,-0.15228271484375,-0.088043212890625,,,74502,15,1,3,0
597,74625,-999,-536,-0.152435302734375,-0.081787109375,-0.152435302734375,-0.081787109375,,,74627,15,1,3,0
598,74750,-998,-493,-0.15228271484375,-0.075225830078125,-0.15228271484375,-0.075225830078125,,,74752,15,1,3,0
599,74875,-994,-449,-0.15167236328125,-0.068511962890625,-0.15167236328125,-0.068511962890625,,,74877,15,1,3,0
600,75000,-988,-404,-0.1507568359375,-0.0616455078125,-0.1507568359375,-0.0616455078125,,,75002,15,1,3,0
601,75125,-979,-357,-0.149383544921875,-0.054473876953125,-0.149383544921875,-0.054473876953125,,,75127,15,1,3,0
602,75250,-967,-310,-0.147552490234375,-0.04730224609375,-0.147552490234375,-0.04730224609375,,,75252,15,1,3,0
603,75375,-953,-262,-0.145416259765625,-0.03997802734375,-0.145416259765625,-0.03997802734375,,,75377,15,1,3,0
604,75500,-937,-214,-0.142974853515625,-0.03265380859375,-0.142974853515625,-0.03265380859375,,,75502,15,1,3,0
605,75625,-919,-165,-0.140228271484375,-0.025177001953125,-0.140228271484375,-0.025177001953125,,,75627,15,1,3,0
606,75750,-898,-115,-0.13702392578125,-0.017547607421875,-0.13702392578125,-0.017547607421875,,,75752,15,1,3,0
607,75875,-875,-65,-0.133514404296875,-0.009918212890625,-0.133514404296875,-0.009918212890625,,,75877,15,1,3,0
608,76000,-849,-15,-0.129547119140625,-0.002288818359375,-0.129547119140625,-0.002288818359375,,,76002,15,1,3,0
609,76125,-822,34,-0.12542724609375,0.00518798828125,-0.12542724609375,0.00518798828125,,,76127,15,1,3,0
610,76250,-793,83,-0.121002197265625,0.012664794921875,-0.121002197265625,0.012664794921875,,,76252,15,1,3,0
611,76375,-761,133,-0.116119384765625,0.020294189453125,-0.116119384765625,0.020294189453125,,,76377,15,1,3,0
612,76500,-728,183,-0.111083984375,0.027923583984375,-0.111083984375,0.027923583984375,,,76502,15,1,3,0
613,76625,-693,231,-0.105743408203125,0.035247802734375,-0.105743408203125,0.035247802734375,,,76627,15,1,3,0
614,76750,-656,280,-0.10009765625,0.042724609375,-0.10009765625,0.042724609375,,,76752,15,1,3,0
615,76875,-617,327,-0.094146728515625,0.049896240234375,-0.094146728515625,0.049896240234375,,,76877,15,1,3,0
616,77000,-577,374,-0.088043212890625,0.05706787109375,-0.088043212890625,0.05706787109375,,,77002,15,1,3,0
617,77125,-536,420,-0.081787109375,0.0640869140625,-0.081787109375,0.0640869140625,,,77127,15,1,3,0
618,77250,-493,465,-0.075225830078125,0.070953369140625,-0.075225830078125,0.070953369140625,,,77252,15,1,3,0
619,77375,-449,509,-0.068511962890625,0.077667236328125,-0.068511962890625,0.077667236328125,,,77377,15,1,3,0
620,77500,-404,551,-0.0616455078125,0.084075927734375,-0.0616455078125,0.084075927734375,,,77502,15,1,3,0
621,77625,-357,592,-0.054473876953125,0.09033203125,-0.054473876953125,0.09033203125,,,77627,15,1,3,0
622,77750,-310,631,-0.04730224609375,0.096282958984375,-0.04730224609375,0.096282958984375,,,77752,15,1,3,0
623,77875,-262,669,-0.03997802734375,0.102081298828125,-0.03997802734375,0.102081298828125,,,77877,15,1,3,0
624,78000,-214,706,-0.03265380859375,0.10772705078125,-0.03265380859375,0.10772705078125,,,78002,15,1,3,0
625,78125,-165,740,-0.025177001953125,0.1129150390625,-0.025177001953125,0.1129150390625,,,78127,15,1,3,0
626,78250,-115,773,-0.017547607421875,0.117950439453125,-0.017547607421875,0.117950439453125,,,78252,15,1,3,0
627,78375,-65,804,-0.009918212890625,0.1226806640625,-0.009918212890625,0.1226806640625,,,78377,15,1,3,0
628,78500,-15,832,-0.002288818359375,0.126953125,-0.002288818359375,0.126953125,,,78502,15,1,3,0
629,78625,34,859,0.00518798828125,0.131072998046875,0.00518798828125,0.131072998046875,,,78627,15,1,3,0
630,78750,83,883,0.012664794921875,0.134735107421875,0.012664794921875,0.134735107421875,,,78752,15,1,3,0
631,78875,133,906,0.020294189453125,0.13824462890625,0.020294189453125,0.13824462890625,,,78877,15,1,3,0
632,79000,183,926,0.027923583984375,0.14129638671875,0.027923583984375,0.14129638671875,,,79002,15,1,3,0
633,79125,231,943,0.035247802734375,0.143890380859375,0.035247802734375,0.143890380859375,,,79127,15,1,3,0
634,79250,280,959,0.042724609375,0.146331787109375,0.042724609375,0.146331787109375,,,79252,15,1,3,0
635,79375,327,972,0.049896240234375,0.1483154296875,0.049896240234375,0.1483154296875,,,79377,15,1,3,0
636,79500,374,982,0.05706787109375,0.14984130859375,0.05706787109375,0.14984130859375,,,79502,15,1,3,0
637,79625,420,990,0.0640869140625,0.15106201171875,0.0640869140625,0.15106201171875,,,79627,15,1,3,0
638,79750,465,996,0.070953369140625,0.1519775390625,0.070953369140625,0.1519775390625,,,79752,15,1,3,0
639,79875,509,999,0.077667236328125,0.152435302734375,0.077667236328125,0.152435302734375,,,79877,15,1,3,0
640,80000,551,999,0.084075927734375,0.152435302734375,0.084075927734375,0.152435302734375,,,80002,15,1,3,0
641,80125,592,997,0.09033203125,0.152130126953125,0.09033203125,0.152130126953125,,,80127,15,1,3,0
642,80250,631,993,0.096282958984375,0.151519775390625,0.096282958984375,0.151519775390625,,,80252,15,1,3,0
643,80375,669,986,0.102081298828125,0.15045166015625,0.102081298828125,0.15045166015625,,,80377,15,1,3,0
644,80500,706,977,0.10772705078125,0.149078369140625,0.10772705078125,0.149078369140625,,,80502,15,1,3,0
645,80625,740,965,0.1129150390625,0.147247314453125,0.1129150390625,0.147247314453125,,,80627,15,1,3,0
646,80750,773,951,0.117950439453125,0.145111083984375,0.117950439453125,0.145111083984375,,,80752,15,1,3,0
647,80875,804,934,0.1226806640625,0.14251708984375,0.1226806640625,0.14251708984375,,,80877,15,1,3,0
648,81000,832,915,0.126953125,0.139617919921875,0.126953125,0.139617919921875,,,81002,15,1,3,0
649,81125,859,894,0.131072998046875,0.13641357421875,0.131072998046875,0.13641357421875,,,81127,15,1,3,0
650,81250,883,871,0.134735107421875,0.132904052734375,0.134735107421875,0.132904052734375,,,81252,15,1,3,0
651,81375,906,845,0.13824462890625,0.128936767578125,0.13824462890625,0.128936767578125,,,81377,15,1,3,0
652,81500,926,817,0.14129638671875,0.124664306640625,0.14129638671875,0.124664306640625,,,81502,15,1,3,0
653,81625,943,787,0.143890380859375,0.120086669921875,0.143890380859375,0.120086669921875,,,81627,15,1,3,0
654,81750,959,756,0.146331787109375,0.1153564453125,0.146331787109375,0.1153564453125,,,81752,15,1,3,0
655,81875,972,722,0.1483154296875,0.11016845703125,0.1483154296875,0.11016845703125,,,81877,15,1,3,0
656,82000,982,687,0.14984130859375,0.104827880859375,0.14984130859375,0.104827880859375,,,82002,15,1,3,0
657,82125,990,649,0.15106201171875,0.099029541015625,0.15106201171875,0.099029541015625,,,82127,15,1,3,0
658,82250,996,611,0.1519775390625,0.093231201171875,0.1519775390625,0.093231201171875,,,82252,15,1,3,0
659,82375,999,570,0.152435302734375,0.08697509765625,0.152435302734375,0.08697509765625,,,82377,15,1,3,0
660,82500,999,529,0.152435302734375,0.080718994140625,0.152435302734375,0.080718994140625,,,82502,15,1,3,0
661,82625,997,486,0.152130126953125,0.07415771484375,0.152130126953125,0.07415771484375,,,82627,15,1,3,0
662,82750,993,441,0.151519775390625,0.067291259765625,0.151519775390625,0.067291259765625,,,82752,15,1,3,0
663,82875,986,396,0.15045166015625,0.0604248046875,0.15045166015625,0.0604248046875,,,82877,15,1,3,0
664,83000,977,349,0.149078369140625,0.053253173828125,0.149078369140625,0.053253173828125,,,83002,15,1,3,0
665,83125,965,302,0.147247314453125,0.04608154296875,0.147247314453125,0.04608154296875,,,83127,15,1,3,0
666,83250,951,254,0.145111083984375,0.03875732421875,0.145111083984375,0.03875732421875,,,83252,15,1,3,0
667,83375,934,206,0.14251708984375,0.03143310546875,0.14251708984375,0.03143310546875,,,83377,15,1,3,0
668,83500,915,156,0.139617919921875,0.0238037109375,0.139617919921875,0.0238037109375,,,83502,15,1,3,0
669,83625,894,107,0.13641357421875,0.016326904296875,0.13641357421875,0.016326904296875,,,83627,15,1,3,0
670,83750,871,57,0.132904052734375,0.008697509765625,0.132904052734375,0.008697509765625,,,83752,15,1,3,0
671,83875,845,7,0.128936767578125,0.001068115234375,0.128936767578125,0.001068115234375,,,83877,15,1,3,0
672,84000,817,-42,0.124664306640625,-0.00640869140625,0.124664306640625,-0.00640869140625,,,84002,15,1,3,0
673,84125,787,-92,0.120086669921875,-0.0140380859375,0.120086669921875,-0.0140380859375,,,84127,15,1,3,0
674,84250,756,-141,0.1153564453125,-0.021514892578125,0.1153564453125,-0.021514892578125,,,84252,15,1,3,0
675,84375,722,-191,0.11016845703125,-0.029144287109375,0.11016845703125,-0.029144287109375,,,84377,15,1,3,0
676,84500,687,-240,0.104827880859375,-0.03662109375,0.104827880859375,-0.03662109375,,,84502,15,1,3,0
677,84625,649,-288,0.099029541015625,-0.0439453125,0.099029541015625,-0.0439453125,,,84627,15,1,3,0
678,84750,611,-335,0.093231201171875,-0.051116943359375,0.093231201171875,-0.051116943359375,,,84752,15,1,3,0
679,84875,570,-382,0.08697509765625,-0.05828857421875,0.08697509765625,-0.05828857421875,,,84877,15,1,3,0
680,85000,529,-428,0.080718994140625,-0.0653076171875,0.080718994140625,-0.0653076171875,,,85002,15,1,3,0
681,85125,486,-472,0.07415771484375,-0.072021484375,0.07415771484375,-0.072021484375,,,85127,15,1,3,0
682,85250,441,-516,0.067291259765625,-0.0787353515625,0.067291259765625,-0.0787353515625,,,85252,15,1,3,0
683,85375,396,-558,0.0604248046875,-0.08514404296875,0.0604248046875,-0.08514404296875,,,85377,15,1,3,0
684,85500,349,-599,0.053253173828125,-0.091400146484375,0.053253173828125,-0.091400146484375,,,85502,15,1,3,0
685,85625,302,-638,0.04608154296875,-0.09735107421875,0.04608154296875,-0.09735107421875,,,85627,15,1,3,0
686,85750,254,-676,0.03875732421875,-0.1031494140625,0.03875732421875,-0.1031494140625,,,85752,15,1,3,0
687,85875,206,-712,0.03143310546875,-0.108642578125,0.03143310546875,-0.108642578125,,,85877,15,1,3,0
688,86000,156,-746,0.0238037109375,-0.11383056640625,0.0238037109375,-0.11383056640625,,,86002,15,1,3,0
689,86125,107,-778,0.016326904296875,-0.11871337890625,0.016326904296875,-0.11871337890625,,,86127,15,1,3,0
690,86250,57,-809,0.008697509765625,-0.123443603515625,0.008697509765625,-0.123443603515625,,,86252,15,1,3,0
691,86375,7,-837,0.001068115234375,-0.127716064453125,0.001068115234375,-0.127716064453125,,,86377,15,1,3,0
692,86500,-42,-863,-0.00640869140625,-0.131683349609375,-0.00640869140625,-0.131683349609375,,,86502,15,1,3,0
693,86625,-92,-887,-0.0140380859375,-0.135345458984375,-0.0140380859375,-0.135345458984375,,,86627,15,1,3,0
694,86750,-141,-909,-0.021514892578125,-0.138702392578125,-0.021514892578125,-0.138702392578125,,,86752,15,1,3,0
695,86875,-191,-929,-0.029144287109375,-0.141754150390625,-0.029144287109375,-0.141754150390625,,,86877,15,1,3,0
696,87000,-240,-946,-0.03662109375,-0.14434814453125,-0.03662109375,-0.14434814453125,,,87002,15,1,3,0
697,87125,-288,-961,-0.0439453125,-0.146636962890625,-0.0439453125,-0.146636962890625,,,87127,15,1,3,0
698,87250,-335,-974,-0.051116943359375,-0.14862060546875,-0.051116943359375,-0.14862060546875,,,87252,15,1,3,0
699,87375,-382,-984,-0.05828857421875,-0.150146484375,-0.05828857421875,-0.150146484375,,,87377,15,1,3,0
700,87500,-428,-991,-0.0653076171875,-0.151214599609375,-0.0653076171875,-0.151214599609375,,,87502,15,1,3,0
701,87625,-472,-996,-0.072021484375,-0.1519775390625,-0.072021484375,-0.1519775390625,,,87627,15,1,3,0
702,87750,-516,-999,-0.0787353515625,-0.152435302734375,-0.0787353515625,-0.152435302734375,,,87752,15,1,3,0
703,87875,-558,-999,-0.08514404296875,-0.152435302734375,-0.08514404296875,-0.152435302734375,,,87877,15,1,3,0
704,88000,-599,-997,-0.091400146484375,-0.152130126953125,-0.091400146484375,-0.152130126953125,,,88002,15,1,3,0
705,88125,-638,-992,-0.09735107421875,-0.1513671875,-0.09735107421875,-0.1513671875,,,88127,15,1,3,0
706,88250,-676,-985,-0.1031494140625,-0.150299072265625,-0.1031494140625,-0.150299072265625,,,88252,15,1,3,0
707,88375,-712,-975,-0.108642578125,-0.148773193359375,-0.108642578125,-0.148773193359375,,,88377,15,1,3,0
708,88500,-746,-963,-0.11383056640625,-0.146942138671875,-0.11383056640625,-0.146942138671875,,,88502,15,1,3,0
709,88625,-778,-948,-0.11871337890625,-0.1446533203125,-0.11871337890625,-0.1446533203125,,,88627,15,1,3,0
710,88750,-809,-931,-0.123443603515625,-0.142059326171875,-0.123443603515625,-0.142059326171875,,,88752,15,1,3,0
711,88875,-837,-912,-0.127716064453125,-0.13916015625,-0.127716064453125,-0.13916015625,,,88877,15,1,3,0
712,89000,-863,-890,-0.131683349609375,-0.13580322265625,-0.131683349609375,-0.13580322265625,,,89002,15,1,3,0
713,89125,-887,-866,-0.135345458984375,-0.13214111328125,-0.135345458984375,-0.13214111328125,,,89127,15,1,3,0
714,89250,-909,-840,-0.138702392578125,-0.128173828125,-0.138702392578125,-0.128173828125,,,89252,15,1,3,0
715,89375,-929,-812,-0.141754150390625,-0.1239013671875,-0.141754150390625,-0.1239013671875,,,89377,15,1,3,0
716,89500,-946,-782,-0.14434814453125,-0.11932373046875,-0.14434814453125,-0.11932373046875,,,89502,15,1,3,0
717,89625,-961,-750,-0.146636962890625,-0.11444091796875,-0.146636962890625,-0.11444091796875,,,89627,15,1,3,0
718,89750,-974,-716,-0.14862060546875,-0.1092529296875,-0.14862060546875,-0.1092529296875,,,89752,15,1,3,0
719,89875,-984,-680,-0.150146484375,-0.103759765625,-0.150146484375,-0.103759765625,,,89877,15,1,3,0
720,90000,-991,-643,-0.151214599609375,-0.098114013671875,-0.151214599609375,-0.098114013671875,,,90002,15,1,3,0
721,90125,-996,-604,-0.1519775390625,-0.0921630859375,-0.1519775390625,-0.0921630859375,,,90127,15,1,3,0
722,90250,-999,-563,-0.152435302734375,-0.085906982421875,-0.152435302734375,-0.085906982421875,,,90252,15,1,3,0
723,90375,-999,-521,-0.152435302734375,-0.079498291015625,-0.152435302734375,-0.079498291015625,,,90377,15,1,3,0
724,90500,-997,-478,-0.152130126953125,-0.07293701171875,-0.152130126953125,-0.07293701171875,,,90502,15,1,3,0
725,90625,-992,-434,-0.1513671875,-0.06622314453125,-0.1513671875,-0.06622314453125,,,90627,15,1,3,0
726,90750,-985,-388,-0.150299072265625,-0.0592041015625,-0.150299072265625,-0.0592041015625,,,90752,15,1,3,0
727,90875,-975,-342,-0.148773193359375,-0.05218505859375,-0.148773193359375,-0.05218505859375,,,90877,15,1,3,0
728,91000,-963,-294,-0.146942138671875,-0.04486083984375,-0.146942138671875,-0.04486083984375,,,91002,15,1,3,0
729,91125,-948,-246,-0.1446533203125,-0.03753662109375,-0.1446533203125,-0.03753662109375,,,91127,15,1,3,0
730,91250,-931,-197,-0.142059326171875,-0.030059814453125,-0.142059326171875,-0.030059814453125,,,91252,15,1,3,0
731,91375,-912,-148,-0.13916015625,-0.0225830078125,-0.13916015625,-0.0225830078125,,,91377,15,1,3,0
732,91500,-890,-98,-0.13580322265625,-0.01495361328125,-0.13580322265625,-0.01495361328125,,,91502,15,1,3,0
733,91625,-866,-49,-0.13214111328125,-0.007476806640625,-0.13214111328125,-0.007476806640625,,,91627,15,1,3,0
734,91750,-840,0,-0.128173828125,0.0,-0.128173828125,0.0,,,91752,15,1,3,0
735,91875,-812,50,-0.1239013671875,0.00762939453125,-0.1239013671875,0.00762939453125,,,91877,15,1,3,0
736,92000,-782,100,-0.11932373046875,0.0152587890625,-0.11932373046875,0.0152587890625,,,92002,15,1,3,0
737,92125,-750,150,-0.11444091796875,0.02288818359375,-0.11444091796875,0.02288818359375,,,92127,15,1,3,0
738,92250,-716,199,-0.1092529296875,0.030364990234375,-0.1092529296875,0.030364990234375,,,92252,15,1,3,0
739,92375,-680,248,-0.103759765625,0.037841796875,-0.103759765625,0.037841796875,,,92377,15,1,3,0
740,92500,-643,296,-0.098114013671875,0.045166015625,-0.098114013671875,0.045166015625,,,92502,15,1,3,0
741,92625,-604,343,-0.0921630859375,0.052337646484375,-0.0921630859375,0.052337646484375,,,92627,15,1,3,0
742,92750,-563,390,-0.085906982421875,0.05950927734375,-0.085906982421875,0.05950927734375,,,92752,15,1,3,0
743,92875,-521,435,-0.079498291015625,0.066375732421875,-0.079498291015625,0.066375732421875,,,92877,15,1,3,0
744,93000,-478,480,-0.07293701171875,0.0732421875,-0.07293701171875,0.0732421875,,,93002,15,1,3,0
745,93125,-434,523,-0.06622314453125,0.079803466796875,-0.06622314453125,0.079803466796875,,,93127,15,1,3,0
746,93250,-388,565,-0.0592041015625,0.086212158203125,-0.0592041015625,0.086212158203125,,,93252,15,1,3,0
747,93375,-342,605,-0.05218505859375,0.092315673828125,-0.05218505859375,0.092315673828125,,,93377,15,1,3,0
748,93500,-294,644,-0.04486083984375,0.0982666015625,-0.04486083984375,0.0982666015625,,,93502,15,1,3,0
749,93625,-246,682,-0.03753662109375,0.10406494140625,-0.03753662109375,0.10406494140625,,,93627,15,1,3,0
750,93750,-197,717,-0.030059814453125,0.109405517578125,-0.030059814453125,0.109405517578125,,,93752,15,1,3,0
751,93875,-148,751,-0.0225830078125,0.114593505859375,-0.0225830078125,0.114593505859375,,,93877,15,1,3,0
752,94000,-98,783,-0.01495361328125,0.119476318359375,-0.01495361328125,0.119476318359375,,,94002,15,1,3,0
753,94125,-49,813,-0.007476806640625,0.124053955078125,-0.007476806640625,0.124053955078125,,,94127,15,1,3,0
754,94250,0,841,0.0,0.128326416015625,0.0,0.128326416015625,,,94252,15,1,3,0
755,94375,50,867,0.00762939453125,0.132293701171875,0.00762939453125,0.132293701171875,,,94377,15,1,3,0
756,94500,100,891,0.0152587890625,0.135955810546875,0.0152587890625,0.135955810546875,,,94502,15,1,3,0
757,94625,150,913,0.02288818359375,0.139312744140625,0.02288818359375,0.139312744140625,,,94627,15,1,3,0
758,94750,199,932,0.030364990234375,0.1422119140625,0.030364990234375,0.1422119140625,,,94752,15,1,3,0
759,94875,248,949,0.037841796875,0.144805908203125,0.037841796875,0.144805908203125,,,94877,15,1,3,0
760,95000,296,963,0.045166015625,0.146942138671875,0.045166015625,0.146942138671875,,,95002,15,1,3,0
761,95125,343,975,0.052337646484375,0.148773193359375,0.052337646484375,0.148773193359375,,,95127,15,1,3,0
762,95250,390,985,0.05950927734375,0.150299072265625,0.05950927734375,0.150299072265625,,,95252,15,1,3,0
763,95375,435,992,0.066375732421875,0.1513671875,0.066375732421875,0.1513671875,,,95377,15,1,3,0
764,95500,480,997,0.0732421875,0.152130126953125,0.0732421875,0.152130126953125,,,95502,15,1,3,0
765,95625,523,999,0.079803466796875,0.152435302734375,0.079803466796875,0.152435302734375,,,95627,15,1,3,0
766,95750,565,999,0.086212158203125,0.152435302734375,0.086212158203125,0.152435302734375,,,95752,15,1,3,0
767,95875,605,996,0.092315673828125,0.1519775390625,0.092315673828125,0.1519775390625,,,95877,15,1,3,0
768,96000,644,991,0.0982666015625,0.151214599609375,0.0982666015625,0.151214599609375,,,96002,15,1,3,0
769,96125,682,983,0.10406494140625,0.149993896484375,0.10406494140625,0.149993896484375,,,96127,15,1,3,0
770,96250,717,973,0.109405517578125,0.148468017578125,0.109405517578125,0.148468017578125,,,96252,15,1,3,0
771,96375,751,961,0.114593505859375,0.146636962890625,0.114593505859375,0.146636962890625,,,96377,15,1,3,0
772,96500,783,946,0.119476318359375,0.14434814453125,0.119476318359375,0.14434814453125,,,96502,15,1,3,0
773,96625,813,928,0.124053955078125,0.1416015625,0.124053955078125,0.1416015625,,,96627,15,1,3,0
774,96750,841,908,0.128326416015625,0.1385498046875,0.128326416015625,0.1385498046875,,,96752,15,1,3,0
775,96875,867,886,0.132293701171875,0.13519287109375,0.132293701171875,0.13519287109375,,,96877,15,1,3,0
776,97000,891,862,0.135955810546875,0.13153076171875,0.135955810546875,0.13153076171875,,,97002,15,1,3,0
777,97125,913,836,0.139312744140625,0.1275634765625,0.139312744140625,0.1275634765625,,,97127,15,1,3,0
778,97250,932,807,0.1422119140625,0.123138427734375,0.1422119140625,0.123138427734375,,,97252,15,1,3,0
779,97375,949,777,0.144805908203125,0.118560791015625,0.144805908203125,0.118560791015625,,,97377,15,1,3,0
780,97500,963,745,0.146942138671875,0.113677978515625,0.146942138671875,0.113677978515625,,,97502,15,1,3,0
781,97625,975,710,0.148773193359375,0.10833740234375,0.148773193359375,0.10833740234375,,,97627,15,1,3,0
782,97750,985,674,0.150299072265625,0.10284423828125,0.150299072265625,0.10284423828125,,,97752,15,1,3,0
783,97875,992,637,0.1513671875,0.097198486328125,0.1513671875,0.097198486328125,,,97877,15,1,3,0
784,98000,997,597,0.152130126953125,0.091094970703125,0.152130126953125,0.091094970703125,,,98002,15,1,3,0
785,98125,999,556,0.152435302734375,0.0848388671875,0.152435302734375,0.0848388671875,,,98127,15,1,3,0
786,98250,999,514,0.152435302734375,0.07843017578125,0.152435302734375,0.07843017578125,,,98252,15,1,3,0
787,98375,996,471,0.1519775390625,0.071868896484375,0.1519775390625,0.071868896484375,,,98377,15,1,3,0
788,98500,991,426,0.151214599609375,0.06500244140625,0.151214599609375,0.06500244140625,,,98502,15,1,3,0
789,98625,983,380,0.149993896484375,0.0579833984375,0.149993896484375,0.0579833984375,,,98627,15,1,3,0
790,98750,973,334,0.148468017578125,0.05096435546875,0.148468017578125,0.05096435546875,,,98752,15,1,3,0
791,98875,961,286,0.146636962890625,0.04364013671875,0.146636962890625,0.04364013671875,,,98877,15,1,3,0
792,99000,946,238,0.14434814453125,0.03631591796875,0.14434814453125,0.03631591796875,,,99002,15,1,3,0
793,99125,928,189,0.1416015625,0.028839111328125,0.1416015625,0.028839111328125,,,99127,15,1,3,0
794,99250,908,140,0.1385498046875,0.0213623046875,0.1385498046875,0.0213623046875,,,99252,15,1,3,0
795,99375,886,90,0.13519287109375,0.01373291015625,0.13519287109375,0.01373291015625,,,99377,15,1,3,0
796,99500,862,40,0.13153076171875,0.006103515625,0.13153076171875,0.006103515625,,,99502,15,1,3,0
797,99625,836,-9,0.1275634765625,-0.001373291015625,0.1275634765625,-0.001373291015625,,,99627,15,1,3,0
798,99750,807,-59,0.123138427734375,-0.009002685546875,0.123138427734375,-0.009002685546875,,,99752,15,1,3,0
799,99875,777,-109,0.118560791015625,-0.016632080078125,0.118560791015625,-0.016632080078125,,,99877,15,1,3,0
800,100000,745,-158,0.113677978515625,-0.02410888671875,0.113677978515625,-0.02410888671875,,,100002,15,1,3,0
801,100125,710,-207,0.10833740234375,-0.031585693359375,0.10833740234375,-0.031585693359375,,,100127,15,1,3,0
802,100250,674,-256,0.10284423828125,-0.0390625,0.10284423828125,-0.0390625,,,100252,15,1,3,0
803,100375,637,-304,0.097198486328125,-0.04638671875,0.097198486328125,-0.04638671875,,,100377,15,1,3,0
804,100500,597,-351,0.091094970703125,-0.053558349609375,0.091094970703125,-0.053558349609375,,,100502,15,1,3,0
805,100625,556,-397,0.0848388671875,-0.060577392578125,0.0848388671875,-0.060577392578125,,,100627,15,1,3,0
806,100750,514,-443,0.07843017578125,-0.067596435546875,0.07843017578125,-0.067596435546875,,,100752,15,1,3,0
807,100875,471,-487,0.071868896484375,-0.074310302734375,0.071868896484375,-0.074310302734375,,,100877,15,1,3,0
808,101000,426,-530,0.06500244140625,-0.08087158203125,0.06500244140625,-0.08087158203125,,,101002,15,1,3,0
809,101125,380,-572,0.0579833984375,-0.0872802734375,0.0579833984375,-0.0872802734375,,,101127,15,1,3,0
810,101250,334,-612,0.05096435546875,-0.0933837890625,0.05096435546875,-0.0933837890625,,,101252,15,1,3,0
811,101375,286,-651,0.04364013671875,-0.099334716796875,0.04364013671875,-0.099334716796875,,,101377,15,1,3,0
812,101500,238,-688,0.03631591796875,-0.10498046875,0.03631591796875,-0.10498046875,,,101502,15,1,3,0
813,101625,189,-723,0.028839111328125,-0.110321044921875,0.028839111328125,-0.110321044921875,,,101627,15,1,3,0
814,101750,140,-757,0.0213623046875,-0.115509033203125,0.0213623046875,-0.115509033203125,,,101752,15,1,3,0
815,101875,90,-789,0.01373291015625,-0.120391845703125,0.01373291015625,-0.120391845703125,,,101877,15,1,3,0
816,102000,40,-818,0.006103515625,-0.12481689453125,0.006103515625,-0.12481689453125,,,102002,15,1,3,0
817,102125,-9,-846,-0.001373291015625,-0.12908935546875,-0.001373291015625,-0.12908935546875,,,102127,15,1,3,0
818,102250,-59,-872,-0.009002685546875,-0.133056640625,-0.009002685546875,-0.133056640625,,,102252,15,1,3,0
819,102375,-109,-895,-0.016632080078125,-0.136566162109375,-0.016632080078125,-0.136566162109375,,,102377,15,1,3,0
820,102500,-158,-916,-0.02410888671875,-0.1397705078125,-0.02410888671875,-0.1397705078125,,,102502,15,1,3,0
821,102625,-207,-935,-0.031585693359375,-0.142669677734375,-0.031585693359375,-0.142669677734375,,,102627,15,1,3,0
822,102750,-256,-951,-0.0390625,-0.145111083984375,-0.0390625,-0.145111083984375,,,102752,15,1,3,0
823,102875,-304,-966,-0.04638671875,-0.14739990234375,-0.04638671875,-0.14739990234375,,,102877,15,1,3,0
824,103000,-351,-977,-0.053558349609375,-0.149078369140625,-0.053558349609375,-0.149078369140625,,,103002,15,1,3,0
825,103125,-397,-986,-0.060577392578125,-0.15045166015625,-0.060577392578125,-0.15045166015625,,,103127,15,1,3,0
826,103250,-443,-993,-0.067596435546875,-0.151519775390625,-0.067596435546875,-0.151519775390625,,,103252,15,1,3,0
827,103375,-487,-998,-0.074310302734375,-0.15228271484375,-0.074310302734375,-0.15228271484375,,,103377,15,1,3,0
828,103500,-530,-999,-0.08087158203125,-0.152435302734375,-0.08087158203125,-0.152435302734375,,,103502,15,1,3,0
829,103625,-572,-999,-0.0872802734375,-0.152435302734375,-0.0872802734375,-0.152435302734375,,,103627,15,1,3,0
830,103750,-612,-996,-0.0933837890625,-0.1519775390625,-0.0933837890625,-0.1519775390625,,,103752,15,1,3,0
831,103875,-651,-990,-0.099334716796875,-0.15106201171875,-0.099334716796875,-0.15106201171875,,,103877,15,1,3,0
832,104000,-688,-982,-0.10498046875,-0.14984130859375,-0.10498046875,-0.14984130859375,,,104002,15,1,3,0
833,104125,-723,-971,-0.110321044921875,-0.148162841796875,-0.110321044921875,-0.148162841796875,,,104127,15,1,3,0
834,104250,-757,-958,-0.115509033203125,-0.14617919921875,-0.115509033203125,-0.14617919921875,,,104252,15,1,3,0
835,104375,-789,-943,-0.120391845703125,-0.143890380859375,-0.120391845703125,-0.143890380859375,,,104377,15,1,3,0
836,104500,-818,-925,-0.12481689453125,-0.141143798828125,-0.12481689453125,-0.141143798828125,,,104502,15,1,3,0
837,104625,-846,-905,-0.12908935546875,-0.138092041015625,-0.12908935546875,-0.138092041015625,,,104627,15,1,3,0
838,104750,-872,-883,-0.133056640625,-0.134735107421875,-0.133056640625,-0.134735107421875,,,104752,15,1,3,0
839,104875,-895,-858,-0.136566162109375,-0.13092041015625,-0.136566162109375,-0.13092041015625,,,104877,15,1,3,0
840,105000,-916,-831,-0.1397705078125,-0.126800537109375,-0.1397705078125,-0.126800537109375,,,105002,15,1,3,0
841,105125,-935,-802,-0.142669677734375,-0.12237548828125,-0.142669677734375,-0.12237548828125,,,105127,15,1,3,0
842,105250,-951,-772,-0.145111083984375,-0.1177978515625,-0.145111083984375,-0.1177978515625,,,105252,15,1,3,0
843,105375,-966,-739,-0.14739990234375,-0.112762451171875,-0.14739990234375,-0.112762451171875,,,105377,15,1,3,0
844,105500,-977,-704,-0.149078369140625,-0.107421875,-0.149078369140625,-0.107421875,,,105502,15,1,3,0
845,105625,-986,-668,-0.15045166015625,-0.1019287109375,-0.15045166015625,-0.1019287109375,,,105627,15,1,3,0
846,105750,-993,-630,-0.151519775390625,-0.09613037109375,-0.151519775390625,-0.09613037109375,,,105752,15,1,3,0
847,105875,-998,-590,-0.15228271484375,-0.09002685546875,-0.15228271484375,-0.09002685546875,,,105877,15,1,3,0
848,106000,-999,-549,-0.152435302734375,-0.083770751953125,-0.152435302734375,-0.083770751953125,,,106002,15,1,3,0
849,106125,-999,-507,-0.152435302734375,-0.077362060546875,-0.152435302734375,-0.077362060546875,,,106127,15,1,3,0
850,106250,-996,-463,-0.1519775390625,-0.070648193359375,-0.1519775390625,-0.070648193359375,,,106252,15,1,3,0
851,106375,-990,-418,-0.15106201171875,-0.06378173828125,-0.15106201171875,-0.06378173828125,,,106377,15,1,3,0
852,106500,-982,-373,-0.14984130859375,-0.056915283203125,-0.14984130859375,-0.056915283203125,,,106502,15,1,3,0
853,106625,-971,-326,-0.148162841796875,-0.04974365234375,-0.148162841796875,-0.04974365234375,,,106627,15,1,3,0
854,106750,-958,-278,-0.14617919921875,-0.04241943359375,-0.14617919921875,-0.04241943359375,,,106752,15,1,3,0
855,106875,-943,-230,-0.143890380859375,-0.03509521484375,-0.143890380859375,-0.03509521484375,,,106877,15,1,3,0
856,107000,-925,-181,-0.141143798828125,-0.027618408203125,-0.141143798828125,-0.027618408203125,,,107002,15,1,3,0
857,107125,-905,-131,-0.138092041015625,-0.019989013671875,-0.138092041015625,-0.019989013671875,,,107127,15,1,3,0
858,107250,-883,-82,-0.134735107421875,-0.01251220703125,-0.134735107421875,-0.01251220703125,,,107252,15,1,3,0
859,107375,-858,-32,-0.13092041015625,-0.0048828125,-0.13092041015625,-0.0048828125,,,107377,15,1,3,0
860,107500,-831,17,-0.126800537109375,0.002593994140625,-0.126800537109375,0.002593994140625,,,107502,15,1,3,0
861,107625,-802,67,-0.12237548828125,0.010223388671875,-0.12237548828125,0.010223388671875,,,107627,15,1,3,0
862,107750,-772,117,-0.1177978515625,0.017852783203125,-0.1177978515625,0.017852783203125,,,107752,15,1,3,0
863,107875,-739,166,-0.112762451171875,0.02532958984375,-0.112762451171875,0.02532958984375,,,107877,15,1,3,0
864,108000,-704,215,-0.107421875,0.032806396484375,-0.107421875,0.032806396484375,,,108002,15,1,3,0
865,108125,-668,264,-0.1019287109375,0.040283203125,-0.1019287109375,0.040283203125,,,108127,15,1,3,0
866,108250,-630,312,-0.09613037109375,0.047607421875,-0.09613037109375,0.047607421875,,,108252,15,1,3,0
867,108375,-590,359,-0.09002685546875,0.054779052734375,-0.09002685546875,0.054779052734375,,,108377,15,1,3,0
868,108500,-549,405,-0.083770751953125,0.061798095703125,-0.083770751953125,0.061798095703125,,,108502,15,1,3,0
869,108625,-507,450,-0.077362060546875,0.06866455078125,-0.077362060546875,0.06866455078125,,,108627,15,1,3,0
870,108750,-463,494,-0.070648193359375,0.07537841796875,-0.070648193359375,0.07537841796875,,,108752,15,1,3,0
871,108875,-418,537,-0.06378173828125,0.081939697265625,-0.06378173828125,0.081939697265625,,,108877,15,1,3,0
872,109000,-373,579,-0.056915283203125,0.088348388671875,-0.056915283203125,0.088348388671875,,,109002,15,1,3,0
873,109125,-326,619,-0.04974365234375,0.094451904296875,-0.04974365234375,0.094451904296875,,,109127,15,1,3,0
874,109250,-278,657,-0.04241943359375,0.100250244140625,-0.04241943359375,0.100250244140625,,,109252,15,1,3,0
875,109375,-230,694,-0.03509521484375,0.10589599609375,-0.03509521484375,0.10589599609375,,,109377,15,1,3,0
876,109500,-181,729,-0.027618408203125,0.111236572265625,-0.027618408203125,0.111236572265625,,,109502,15,1,3,0
877,109625,-131,762,-0.019989013671875,0.11627197265625,-0.019989013671875,0.11627197265625,,,109627,15,1,3,0
878,109750,-82,794,-0.01251220703125,0.12115478515625,-0.01251220703125,0.12115478515625,,,109752,15,1,3,0
879,109875,-32,823,-0.0048828125,0.125579833984375,-0.0048828125,0.125579833984375,,,109877,15,1,3,0
880,110000,17,850,0.002593994140625,0.12969970703125,0.002593994140625,0.12969970703125,,,110002,15,1,3,0
881,110125,67,876,0.010223388671875,0.1336669921875,0.010223388671875,0.1336669921875,,,110127,15,1,3,0
882,110250,117,899,0.017852783203125,0.137176513671875,0.017852783203125,0.137176513671875,,,110252,15,1,3,0
883,110375,166,919,0.02532958984375,0.140228271484375,0.02532958984375,0.140228271484375,,,110377,15,1,3,0
884,110500,215,938,0.032806396484375,0.14312744140625,0.032806396484375,0.14312744140625,,,110502,15,1,3,0
885,110625,264,954,0.040283203125,0.14556884765625,0.040283203125,0.14556884765625,,,110627,15,1,3,0
886,110750,312,968,0.047607421875,0.147705078125,0.047607421875,0.147705078125,,,110752,15,1,3,0
887,110875,359,979,0.054779052734375,0.149383544921875,0.054779052734375,0.149383544921875,,,110877,15,1,3,0
888,111000,405,988,0.061798095703125,0.1507568359375,0.061798095703125,0.1507568359375,,,111002,15,1,3,0
889,111125,450,994,0.06866455078125,0.15167236328125,0.06866455078125,0.15167236328125,,,111127,15,1,3,0
890,111250,494,998,0.07537841796875,0.15228271484375,0.07537841796875,0.15228271484375,,,111252,15,1,3,0
891,111375,537,999,0.081939697265625,0.152435302734375,0.081939697265625,0.152435302734375,,,111377,15,1,3,0
892,111500,579,998,0.088348388671875,0.15228271484375,0.088348388671875,0.15228271484375,,,111502,15,1,3,0
893,111625,619,995,0.094451904296875,0.151824951171875,0.094451904296875,0.151824951171875,,,111627,15,1,3,0
894,111750,657,989,0.100250244140625,0.150909423828125,0.100250244140625,0.150909423828125,,,111752,15,1,3,0
895,111875,694,980,0.10589599609375,0.1495361328125,0.10589599609375,0.1495361328125,,,111877,15,1,3,0
896,112000,729,969,0.111236572265625,0.147857666015625,0.111236572265625,0.147857666015625,,,112002,15,1,3,0
897,112125,762,956,0.11627197265625,0.1458740234375,0.11627197265625,0.1458740234375,,,112127,15,1,3,0
898,112250,794,940,0.12115478515625,0.1434326171875,0.12115478515625,0.1434326171875,,,112252,15,1,3,0
899,112375,823,922,0.125579833984375,0.14068603515625,0.125579833984375,0.14068603515625,,,112377,15,1,3,0
900,112500,850,901,0.12969970703125,0.137481689453125,0.12969970703125,0.137481689453125,,,112502,15,1,3,0
901,112625,876,879,0.1336669921875,0.134124755859375,0.1336669921875,0.134124755859375,,,112627,15,1,3,0
902,112750,899,854,0.137176513671875,0.13031005859375,0.137176513671875,0.13031005859375,,,112752,15,1,3,0
903,112875,919,827,0.140228271484375,0.126190185546875,0.140228271484375,0.126190185546875,,,112877,15,1,3,0
904,113000,938,797,0.14312744140625,0.121612548828125,0.14312744140625,0.121612548828125,,,113002,15,1,3,0
905,113125,954,766,0.14556884765625,0.11688232421875,0.14556884765625,0.11688232421875,,,113127,15,1,3,0
906,113250,968,733,0.147705078125,0.111846923828125,0.147705078125,0.111846923828125,,,113252,15,1,3,0
907,113375,979,698,0.149383544921875,0.10650634765625,0.149383544921875,0.10650634765625,,,113377,15,1,3,0
908,113500,988,662,0.1507568359375,0.10101318359375,0.1507568359375,0.10101318359375,,,113502,15,1,3,0
909,113625,994,624,0.15167236328125,0.09521484375,0.15167236328125,0.09521484375,,,113627,15,1,3,0
910,113750,998,584,0.15228271484375,0.089111328125,0.15228271484375,0.089111328125,,,113752,15,1,3,0
911,113875,999,542,0.152435302734375,0.08270263671875,0.152435302734375,0.08270263671875,,,113877,15,1,3,0
912,114000,998,500,0.15228271484375,0.0762939453125,0.15228271484375,0.0762939453125,,,114002,15,1,3,0
913,114125,995,456,0.151824951171875,0.069580078125,0.151824951171875,0.069580078125,,,114127,15,1,3,0
914,114250,989,411,0.150909423828125,0.062713623046875,0.150909423828125,0.062713623046875,,,114252,15,1,3,0
915,114375,980,365,0.1495361328125,0.055694580078125,0.1495361328125,0.055694580078125,,,114377,15,1,3,0
916,114500,969,318,0.147857666015625,0.04852294921875,0.147857666015625,0.04852294921875,,,114502,15,1,3,0
917,114625,956,270,0.1458740234375,0.04119873046875,0.1458740234375,0.04119873046875,,,114627,15,1,3,0
918,114750,940,222,0.1434326171875,0.03387451171875,0.1434326171875,0.03387451171875,,,114752,15,1,3,0
919,114875,922,173,0.14068603515625,0.026397705078125,0.14068603515625,0.026397705078125,,,114877,15,1,3,0
920,115000,901,123,0.137481689453125,0.018768310546875,0.137481689453125,0.018768310546875,,,115002,15,1,3,0
921,115125,879,73,0.134124755859375,0.011138916015625,0.134124755859375,0.011138916015625,,,115127,15,1,3,0
922,115250,854,23,0.13031005859375,0.003509521484375,0.13031005859375,0.003509521484375,,,115252,15,1,3,0
923,115375,827,-26,0.126190185546875,-0.00396728515625,0.126190185546875,-0.00396728515625,,,115377,15,1,3,0
924,115500,797,-76,0.121612548828125,-0.0115966796875,0.121612548828125,-0.0115966796875,,,115502,15,1,3,0
925,115625,766,-125,0.11688232421875,-0.019073486328125,0.11688232421875,-0.019073486328125,,,115627,15,1,3,0
926,115750,733,-175,0.111846923828125,-0.026702880859375,0.111846923828125,-0.026702880859375,,,115752,15,1,3,0
927,115875,698,-224,0.10650634765625,-0.0341796875,0.10650634765625,-0.0341796875,,,115877,15,1,3,0
928,116000,662,-272,0.10101318359375,-0.04150390625,0.10101318359375,-0.04150390625,,,116002,15,1,3,0
929,116125,624,-320,0.09521484375,-0.048828125,0.09521484375,-0.048828125,,,116127,15,1,3,0
930,116250,584,-367,0.089111328125,-0.055999755859375,0.089111328125,-0.055999755859375,,,116252,15,1,3,0
931,116375,542,-413,0.08270263671875,-0.063018798828125,0.08270263671875,-0.063018798828125,,,116377,15,1,3,0
932,116500,500,-458,0.0762939453125,-0.06988525390625,0.0762939453125,-0.06988525390625,,,116502,15,1,3,0
933,116625,456,-502,0.069580078125,-0.07659912109375,0.069580078125,-0.07659912109375,,,116627,15,1,3,0
934,116750,411,-544,0.062713623046875,-0.0830078125,0.062713623046875,-0.0830078125,,,116752,15,1,3,0
935,116875,365,-585,0.055694580078125,-0.089263916015625,0.055694580078125,-0.089263916015625,,,116877,15,1,3,0
936,117000,318,-625,0.04852294921875,-0.095367431640625,0.04852294921875,-0.095367431640625,,,117002,15,1,3,0
937,117125,270,-663,0.04119873046875,-0.101165771484375,0.04119873046875,-0.101165771484375,,,117127,15,1,3,0
938,117250,222,-700,0.03387451171875,-0.1068115234375,0.03387451171875,-0.1068115234375,,,117252,15,1,3,0
939,117375,173,-735,0.026397705078125,-0.112152099609375,0.026397705078125,-0.112152099609375,,,117377,15,1,3,0
940,117500,123,-768,0.018768310546875,-0.1171875,0.018768310546875,-0.1171875,,,117502,15,1,3,0
941,117625,73,-799,0.011138916015625,-0.121917724609375,0.011138916015625,-0.121917724609375,,,117627,15,1,3,0
942,117750,23,-828,0.003509521484375,-0.1263427734375,0.003509521484375,-0.1263427734375,,,117752,15,1,3,0
943,117875,-26,-855,-0.00396728515625,-0.130462646484375,-0.00396728515625,-0.130462646484375,,,117877,15,1,3,0
944,118000,-76,-880,-0.0115966796875,-0.13427734375,-0.0115966796875,-0.13427734375,,,118002,15,1,3,0
945,118125,-125,-902,-0.019073486328125,-0.13763427734375,-0.019073486328125,-0.13763427734375,,,118127,15,1,3,0
946,118250,-175,-923,-0.026702880859375,-0.140838623046875,-0.026702880859375,-0.140838623046875,,,118252,15,1,3,0
947,118375,-224,-941,-0.0341796875,-0.143585205078125,-0.0341796875,-0.143585205078125,,,118377,15,1,3,0
948,118500,-272,-956,-0.04150390625,-0.1458740234375,-0.04150390625,-0.1458740234375,,,118502,15,1,3,0
949,118625,-320,-970,-0.048828125,-0.14801025390625,-0.048828125,-0.14801025390625,,,118627,15,1,3,0
950,118750,-367,-981,-0.055999755859375,-0.149688720703125,-0.055999755859375,-0.149688720703125,,,118752,15,1,3,0
951,118875,-413,-989,-0.063018798828125,-0.150909423828125,-0.063018798828125,-0.150909423828125,,,118877,15,1,3,0
952,119000,-458,-995,-0.06988525390625,-0.151824951171875,-0.06988525390625,-0.151824951171875,,,119002,15,1,3,0
953,119125,-502,-999,-0.07659912109375,-0.152435302734375,-0.07659912109375,-0.152435302734375,,,119127,15,1,3,0
954,119250,-544,-999,-0.0830078125,-0.152435302734375,-0.0830078125,-0.152435302734375,,,119252,15,1,3,0
955,119375,-585,-998,-0.089263916015625,-0.15228271484375,-0.089263916015625,-0.15228271484375,,,119377,15,1,3,0
956,119500,-625,-994,-0.095367431640625,-0.15167236328125,-0.095367431640625,-0.15167236328125,,,119502,15,1,3,0
957,119625,-663,-987,-0.101165771484375,-0.150604248046875,-0.101165771484375,-0.150604248046875,,,119627,15,1,3,0
958,119750,-700,-978,-0.1068115234375,-0.14923095703125,-0.1068115234375,-0.14923095703125,,,119752,15,1,3,0
959,119875,-735,-967,-0.112152099609375,-0.147552490234375,-0.112152099609375,-0.147552490234375,,,119877,15,1,3,0
960,120000,-768,-953,-0.1171875,-0.145416259765625,-0.1171875,-0.145416259765625,,,120002,15,1,3,0
961,120125,-799,-937,-0.121917724609375,-0.142974853515625,-0.121917724609375,-0.142974853515625,,,120127,15,1,3,0
962,120250,-828,-918,-0.1263427734375,-0.14007568359375,-0.1263427734375,-0.14007568359375,,,120252,15,1,3,0
963,120375,-855,-898,-0.130462646484375,-0.13702392578125,-0.130462646484375,-0.13702392578125,,,120377,15,1,3,0
964,120500,-880,-875,-0.13427734375,-0.133514404296875,-0.13427734375,-0.133514404296875,,,120502,15,1,3,0
965,120625,-902,-849,-0.13763427734375,-0.129547119140625,-0.13763427734375,-0.129547119140625,,,120627,15,1,3,0
966,120750,-923,-822,-0.140838623046875,-0.12542724609375,-0.140838623046875,-0.12542724609375,,,120752,15,1,3,0
967,120875,-941,-792,-0.143585205078125,-0.120849609375,-0.143585205078125,-0.120849609375,,,120877,15,1,3,0
968,121000,-956,-761,-0.1458740234375,-0.116119384765625,-0.1458740234375,-0.116119384765625,,,121002,15,1,3,0
969,121125,-970,-728,-0.14801025390625,-0.111083984375,-0.14801025390625,-0.111083984375,,,121127,15,1,3,0
970,121250,-981,-692,-0.149688720703125,-0.1055908203125,-0.149688720703125,-0.1055908203125,,,121252,15,1,3,0
971,121375,-989,-655,-0.150909423828125,-0.099945068359375,-0.150909423828125,-0.099945068359375,,,121377,15,1,3,0
972,121500,-995,-617,-0.151824951171875,-0.094146728515625,-0.151824951171875,-0.094146728515625,,,121502,15,1,3,0
973,121625,-999,-577,-0.152435302734375,-0.088043212890625,-0.152435302734375,-0.088043212890625,,,121627,15,1,3,0
974,121750,-999,-535,-0.152435302734375,-0.081634521484375,-0.152435302734375,-0.081634521484375,,,121752,15,1,3,0
975,121875,-998,-492,-0.15228271484375,-0.0750732421875,-0.15228271484375,-0.0750732421875,,,121877,15,1,3,0
976,122000,-994,-448,-0.15167236328125,-0.068359375,-0.15167236328125,-0.068359375,,,122002,15,1,3,0
977,122125,-987,-403,-0.150604248046875,-0.061492919921875,-0.150604248046875,-0.061492919921875,,,122127,15,1,3,0
978,122250,-978,-357,-0.14923095703125,-0.054473876953125,-0.14923095703125,-0.054473876953125,,,122252,15,1,3,0
979,122375,-967,-310,-0.147552490234375,-0.04730224609375,-0.147552490234375,-0.04730224609375,,,122377,15,1,3,0
980,122500,-953,-262,-0.145416259765625,-0.03997802734375,-0.145416259765625,-0.03997802734375,,,122502,15,1,3,0
981,122625,-937,-213,-0.142974853515625,-0.032501220703125,-0.142974853515625,-0.032501220703125,,,122627,15,1,3,0
982,122750,-918,-164,-0.14007568359375,-0.0250244140625,-0.14007568359375,-0.0250244140625,,,122752,15,1,3,0
983,122875,-898,-115,-0.13702392578125,-0.017547607421875,-0.13702392578125,-0.017547607421875,,,122877,15,1,3,0
984,123000,-875,-65,-0.133514404296875,-0.009918212890625,-0.133514404296875,-0.009918212890625,,,123002,15,1,3,0
985,123125,-849,-15,-0.129547119140625,-0.002288818359375,-0.129547119140625,-0.002288818359375,,,123127,15,1,3,0
986,123250,-822,34,-0.12542724609375,0.00518798828125,-0.12542724609375,0.00518798828125,,,123252,15,1,3,0
987,123375,-792,84,-0.120849609375,0.0128173828125,-0.120849609375,0.0128173828125,,,123377,15,1,3,0
988,123500,-761,134,-0.116119384765625,0.02044677734375,-0.116119384765625,0.02044677734375,,,123502,15,1,3,0
989,123625,-728,183,-0.111083984375,0.027923583984375,-0.111083984375,0.027923583984375,,,123627,15,1,3,0
990,123750,-692,232,-0.1055908203125,0.035400390625,-0.1055908203125,0.035400390625,,,123752,15,1,3,0
991,123875,-655,280,-0.099945068359375,0.042724609375,-0.099945068359375,0.042724609375,,,123877,15,1,3,0
992,124000,-617,328,-0.094146728515625,0.050048828125,-0.094146728515625,0.050048828125,,,124002,15,1,3,0
993,124125,-577,375,-0.088043212890625,0.057220458984375,-0.088043212890625,0.057220458984375,,,124127,15,1,3,0
994,124250,-535,420,-0.081634521484375,0.0640869140625,-0.081634521484375,0.0640869140625,,,124252,15,1,3,0
995,124375,-492,465,-0.0750732421875,0.070953369140625,-0.0750732421875,0.070953369140625,,,124377,15,1,3,0
996,124500,-448,509,-0.068359375,0.077667236328125,-0.068359375,0.077667236328125,,,124502,15,1,3,0
997,124625,-403,551,-0.061492919921875,0.084075927734375,-0.061492919921875,0.084075927734375,,,124627,15,1,3,0
998,124750,-357,592,-0.054473876953125,0.09033203125,-0.054473876953125,0.09033203125,,,124752,15,1,3,0
999,124875,-310,632,-0.04730224609375,0.096435546875,-0.04730224609375,0.096435546875,,,124877,15,1,3,0
1000,125000,-262,670,-0.03997802734375,0.10223388671875,-0.03997802734375,0.10223388671875,,,125002,15,1,3,0
1001,125125,-213,706,-0.032501220703125,0.10772705078125,-0.032501220703125,0.10772705078125,,,125127,15,1,3,0
1002,125250,-164,740,-0.0250244140625,0.1129150390625,-0.0250244140625,0.1129150390625,,,125252,15,1,3,0
1003,125375,-115,773,-0.017547607421875,0.117950439453125,-0.017547607421875,0.117950439453125,,,125377,15,1,3,0
1004,125500,-65,804,-0.009918212890625,0.1226806640625,-0.009918212890625,0.1226806640625,,,125502,15,1,3,0
1005,125625,-15,833,-0.002288818359375,0.127105712890625,-0.002288818359375,0.127105712890625,,,125627,15,1,3,0
1006,125750,34,859,0.00518798828125,0.131072998046875,0.00518798828125,0.131072998046875,,,125752,15,1,3,0
1007,125875,84,884,0.0128173828125,0.1348876953125,0.0128173828125,0.1348876953125,,,125877,15,1,3,0
1008,126000,134,906,0.02044677734375,0.13824462890625,0.02044677734375,0.13824462890625,,,126002,15,1,3,0
1009,126125,183,926,0.027923583984375,0.14129638671875,0.027923583984375,0.14129638671875,,,126127,15,1,3,0
1010,126250,232,943,0.035400390625,0.143890380859375,0.035400390625,0.143890380859375,,,126252,15,1,3,0
1011,126375,280,959,0.042724609375,0.146331787109375,0.042724609375,0.146331787109375,,,126377,15,1,3,0
1012,126500,328,972,0.050048828125,0.1483154296875,0.050048828125,0.1483154296875,,,126502,15,1,3,0
1013,126625,375,982,0.057220458984375,0.14984130859375,0.057220458984375,0.14984130859375,,,126627,15,1,3,0
1014,126750,420,990,0.0640869140625,0.15106201171875,0.0640869140625,0.15106201171875,,,126752,15,1,3,0
1015,126875,465,996,0.070953369140625,0.1519775390625,0.070953369140625,0.1519775390625,,,126877,15,1,3,0
1016,127000,509,999,0.077667236328125,0.152435302734375,0.077667236328125,0.152435302734375,,,127002,15,1,3,0
1017,127125,551,999,0.084075927734375,0.152435302734375,0.084075927734375,0.152435302734375,,,127127,15,1,3,0
1018,127250,592,997,0.09033203125,0.152130126953125,0.09033203125,0.152130126953125,,,127252,15,1,3,0
1019,127375,632,993,0.096435546875,0.151519775390625,0.096435546875,0.151519775390625,,,127377,15,1,3,0
1020,127500,670,986,0.10223388671875,0.15045166015625,0.10223388671875,0.15045166015625,,,127502,15,1,3,0
1021,127625,706,977,0.10772705078125,0.149078369140625,0.10772705078125,0.149078369140625,,,127627,15,1,3,0
1022,127750,740,965,0.1129150390625,0.147247314453125,0.1129150390625,0.147247314453125,,,127752,15,1,3,0
1023,127875,773,951,0.117950439453125,0.145111083984375,0.117950439453125,0.145111083984375,,,127877,15,1,3,0
1024,128000,804,934,0.1226806640625,0.14251708984375,0.1226806640625,0.14251708984375,,,128002,15,1,3,0
1025,128125,833,915,0.127105712890625,0.139617919921875,0.127105712890625,0.139617919921875,,,128127,15,1,3,0
1026,128250,859,894,0.131072998046875,0.13641357421875,0.131072998046875,0.13641357421875,,,128252,15,1,3,0
1027,128375,884,870,0.1348876953125,0.13275146484375,0.1348876953125,0.13275146484375,,,128377,15,1,3,0
1028,128500,906,845,0.13824462890625,0.128936767578125,0.13824462890625,0.128936767578125,,,128502,15,1,3,0
1029,128625,926,817,0.14129638671875,0.124664306640625,0.14129638671875,0.124664306640625,,,128627,15,1,3,0
1030,128750,943,787,0.143890380859375,0.120086669921875,0.143890380859375,0.120086669921875,,,128752,15,1,3,0
1031,128875,959,755,0.146331787109375,0.115203857421875,0.146331787109375,0.115203857421875,,,128877,15,1,3,0
1032,129000,972,722,0.1483154296875,0.11016845703125,0.1483154296875,0.11016845703125,,,129002,15,1,3,0
1033,129125,982,686,0.14984130859375,0.10467529296875,0.14984130859375,0.10467529296875,,,129127,15,1,3,0
1034,129250,990,649,0.15106201171875,0.099029541015625,0.15106201171875,0.099029541015625,,,129252,15,1,3,0
1035,129375,996,610,0.1519775390625,0.09307861328125,0.1519775390625,0.09307861328125,,,129377,15,1,3,0
1036,129500,999,570,0.152435302734375,0.08697509765625,0.152435302734375,0.08697509765625,,,129502,15,1,3,0
1037,129625,999,528,0.152435302734375,0.08056640625,0.152435302734375,0.08056640625,,,129627,15,1,3,0
1038,129750,997,485,0.152130126953125,0.074005126953125,0.152130126953125,0.074005126953125,,,129752,15,1,3,0
1039,129875,993,441,0.151519775390625,0.067291259765625,0.151519775390625,0.067291259765625,,,129877,15,1,3,0
1040,130000,986,395,0.15045166015625,0.060272216796875,0.15045166015625,0.060272216796875,,,130002,15,1,3,0
1041,130125,977,349,0.149078369140625,0.053253173828125,0.149078369140625,0.053253173828125,,,130127,15,1,3,0
1042,130250,965,302,0.147247314453125,0.04608154296875,0.147247314453125,0.04608154296875,,,130252,15,1,3,0
1043,130375,951,254,0.145111083984375,0.03875732421875,0.145111083984375,0.03875732421875,,,130377,15,1,3,0
1044,130500,934,205,0.14251708984375,0.031280517578125,0.14251708984375,0.031280517578125,,,130502,15,1,3,0
1045,130625,915,156,0.139617919921875,0.0238037109375,0.139617919921875,0.0238037109375,,,130627,15,1,3,0
1046,130750,894,106,0.13641357421875,0.01617431640625,0.13641357421875,0.01617431640625,,,130752,15,1,3,0
1047,130875,870,57,0.13275146484375,0.008697509765625,0.13275146484375,0.008697509765625,,,130877,15,1,3,0
1048,131000,845,7,0.128936767578125,0.001068115234375,0.128936767578125,0.001068115234375,,,131002,15,1,3,0
1049,131125,817,-42,0.124664306640625,-0.00640869140625,0.124664306640625,-0.00640869140625,,,131127,15,1,3,0
1050,131250,787,-92,0.120086669921875,-0.0140380859375,0.120086669921875,-0.0140380859375,,,131252,15,1,3,0
1051,131375,755,-142,0.115203857421875,-0.02166748046875,0.115203857421875,-0.02166748046875,,,131377,15,1,3,0
1052,131500,722,-191,0.11016845703125,-0.029144287109375,0.11016845703125,-0.029144287109375,,,131502,15,1,3,0
1053,131625,686,-240,0.10467529296875,-0.03662109375,0.10467529296875,-0.03662109375,,,131627,15,1,3,0
1054,131750,649,-288,0.099029541015625,-0.0439453125,0.099029541015625,-0.0439453125,,,131752,15,1,3,0
1055,131875,610,-336,0.09307861328125,-0.05126953125,0.09307861328125,-0.05126953125,,,131877,15,1,3,0
1056,132000,570,-382,0.08697509765625,-0.05828857421875,0.08697509765625,-0.05828857421875,,,132002,15,1,3,0
1057,132125,528,-428,0.08056640625,-0.0653076171875,0.08056640625,-0.0653076171875,,,132127,15,1,3,0
1058,132250,485,-473,0.074005126953125,-0.072174072265625,0.074005126953125,-0.072174072265625,,,132252,15,1,3,0
1059,132375,441,-516,0.067291259765625,-0.0787353515625,0.067291259765625,-0.0787353515625,,,132377,15,1,3,0
1060,132500,395,-558,0.060272216796875,-0.08514404296875,0.060272216796875,-0.08514404296875,,,132502,15,1,3,0
1061,132625,349,-599,0.053253173828125,-0.091400146484375,0.053253173828125,-0.091400146484375,,,132627,15,1,3,0
1062,132750,302,-638,0.04608154296875,-0.09735107421875,0.04608154296875,-0.09735107421875,,,132752,15,1,3,0
1063,132875,254,-676,0.03875732421875,-0.1031494140625,0.03875732421875,-0.1031494140625,,,132877,15,1,3,0
1064,133000,205,-712,0.031280517578125,-0.108642578125,0.031280517578125,-0.108642578125,,,133002,15,1,3,0
1065,133125,156,-746,0.0238037109375,-0.11383056640625,0.0238037109375,-0.11383056640625,,,133127,15,1,3,0
1066,133250,106,-778,0.01617431640625,-0.11871337890625,0.01617431640625,-0.11871337890625,,,133252,15,1,3,0
1067,133375,57,-809,0.008697509765625,-0.123443603515625,0.008697509765625,-0.123443603515625,,,133377,15,1,3,0
1068,133500,7,-837,0.001068115234375,-0.127716064453125,0.001068115234375,-0.127716064453125,,,133502,15,1,3,0
1069,133625,-42,-863,-0.00640869140625,-0.131683349609375,-0.00640869140625,-0.131683349609375,,,133627,15,1,3,0
1070,133750,-92,-887,-0.0140380859375,-0.135345458984375,-0.0140380859375,-0.135345458984375,,,133752,15,1,3,0
1071,133875,-142,-909,-0.02166748046875,-0.138702392578125,-0.02166748046875,-0.138702392578125,,,133877,15,1,3,0
1072,134000,-191,-929,-0.029144287109375,-0.141754150390625,-0.029144287109375,-0.141754150390625,,,134002,15,1,3,0
1073,134125,-240,-946,-0.03662109375,-0.14434814453125,-0.03662109375,-0.14434814453125,,,134127,15,1,3,0
1074,134250,-288,-961,-0.0439453125,-0.146636962890625,-0.0439453125,-0.146636962890625,,,134252,15,1,3,0
1075,134375,-336,-974,-0.05126953125,-0.14862060546875,-0.05126953125,-0.14862060546875,,,134377,15,1,3,0
1076,134500,-382,-984,-0.05828857421875,-0.150146484375,-0.05828857421875,-0.150146484375,,,134502,15,1,3,0
1077,134625,-428,-991,-0.0653076171875,-0.151214599609375,-0.0653076171875,-0.151214599609375,,,134627,15,1,3,0
1078,134750,-473,-996,-0.072174072265625,-0.1519775390625,-0.072174072265625,-0.1519775390625,,,134752,15,1,3,0
1079,134875,-516,-999,-0.0787353515625,-0.152435302734375,-0.0787353515625,-0.152435302734375,,,134877,15,1,3,0
1080,135000,-558,-999,-0.08514404296875,-0.152435302734375,-0.08514404296875,-0.152435302734375,,,135002,15,1,3,0
1081,135125,-599,-997,-0.091400146484375,-0.152130126953125,-0.091400146484375,-0.152130126953125,,,135127,15,1,3,0
1082,135250,-638,-992,-0.09735107421875,-0.1513671875,-0.09735107421875,-0.1513671875,,,135252,15,1,3,0
1083,135375,-676,-985,-0.1031494140625,-0.150299072265625,-0.1031494140625,-0.150299072265625,,,135377,15,1,3,0
1084,135500,-712,-975,-0.108642578125,-0.148773193359375,-0.108642578125,-0.148773193359375,,,135502,15,1,3,0
1085,135625,-746,-963,-0.11383056640625,-0.146942138671875,-0.11383056640625,-0.146942138671875,,,135627,15,1,3,0
1086,135750,-778,-948,-0.11871337890625,-0.1446533203125,-0.11871337890625,-0.1446533203125,,,135752,15,1,3,0
1087,135875,-809,-931,-0.123443603515625,-0.142059326171875,-0.123443603515625,-0.142059326171875,,,135877,15,1,3,0
1088,136000,-837,-912,-0.127716064453125,-0.13916015625,-0.127716064453125,-0.13916015625,,,136002,15,1,3,0
1089,136125,-863,-890,-0.131683349609375,-0.13580322265625,-0.131683349609375,-0.13580322265625,,,136127,15,1,3,0
1090,136250,-887,-866,-0.135345458984375,-0.13214111328125,-0.135345458984375,-0.13214111328125,,,136252,15,1,3,0
1091,136375,-909,-840,-0.138702392578125,-0.128173828125,-0.138702392578125,-0.128173828125,,,136377,15,1,3,0
1092,136500,-929,-812,-0.141754150390625,-0.1239013671875,-0.141754150390625,-0.1239013671875,,,136502,15,1,3,0
1093,136625,-946,-782,-0.14434814453125,-0.11932373046875,-0.14434814453125,-0.11932373046875,,,136627,15,1,3,0
1094,136750,-961,-750,-0.146636962890625,-0.11444091796875,-0.146636962890625,-0.11444091796875,,,136752,15,1,3,0
1095,136875,-974,-716,-0.14862060546875,-0.1092529296875,-0.14862060546875,-0.1092529296875,,,136877,15,1,3,0
1096,137000,-984,-680,-0.150146484375,-0.103759765625,-0.150146484375,-0.103759765625,,,137002,15,1,3,0
1097,137125,-991,-643,-0.151214599609375,-0.098114013671875,-0.151214599609375,-0.098114013671875,,,137127,15,1,3,0
1098,137250,-996,-604,-0.1519775390625,-0.0921630859375,-0.1519775390625,-0.0921630859375,,,137252,15,1,3,0
1099,137375,-999,-563,-0.152435302734375,-0.085906982421875,-0.152435302734375,-0.085906982421875,,,137377,15,1,3,0
1100,137500,-999,-521,-0.152435302734375,-0.079498291015625,-0.152435302734375,-0.079498291015625,,,137502,15,1,3,0
1101,137625,-997,-478,-0.152130126953125,-0.07293701171875,-0.152130126953125,-0.07293701171875,,,137627,15,1,3,0
1102,137750,-992,-433,-0.1513671875,-0.066070556640625,-0.1513671875,-0.066070556640625,,,137752,15,1,3,0
1103,137875,-985,-388,-0.150299072265625,-0.0592041015625,-0.150299072265625,-0.0592041015625,,,137877,15,1,3,0
1104,138000,-975,-341,-0.148773193359375,-0.052032470703125,-0.148773193359375,-0.052032470703125,,,138002,15,1,3,0
1105,138125,-963,-294,-0.146942138671875,-0.04486083984375,-0.146942138671875,-0.04486083984375,,,138127,15,1,3,0
1106,138250,-948,-246,-0.1446533203125,-0.03753662109375,-0.1446533203125,-0.03753662109375,,,138252,15,1,3,0
1107,138375,-931,-197,-0.142059326171875,-0.030059814453125,-0.142059326171875,-0.030059814453125,,,138377,15,1,3,0
1108,138500,-912,-148,-0.13916015625,-0.0225830078125,-0.13916015625,-0.0225830078125,,,138502,15,1,3,0
1109,138625,-890,-98,-0.13580322265625,-0.01495361328125,-0.13580322265625,-0.01495361328125,,,138627,15,1,3,0
1110,138750,-866,-48,-0.13214111328125,-0.00732421875,-0.13214111328125,-0.00732421875,,,138752,15,1,3,0
1111,138875,-840,1,-0.128173828125,0.000152587890625,-0.128173828125,0.000152587890625,,,138877,15,1,3,0
1112,139000,-812,51,-0.1239013671875,0.007781982421875,-0.1239013671875,0.007781982421875,,,139002,15,1,3,0
1113,139125,-782,101,-0.11932373046875,0.015411376953125,-0.11932373046875,0.015411376953125,,,139127,15,1,3,0
1114,139250,-750,150,-0.11444091796875,0.02288818359375,-0.11444091796875,0.02288818359375,,,139252,15,1,3,0
1115,139375,-716,199,-0.1092529296875,0.030364990234375,-0.1092529296875,0.030364990234375,,,139377,15,1,3,0
1116,139500,-680,248,-0.103759765625,0.037841796875,-0.103759765625,0.037841796875,,,139502,15,1,3,0
1117,139625,-643,296,-0.098114013671875,0.045166015625,-0.098114013671875,0.045166015625,,,139627,15,1,3,0
1118,139750,-604,344,-0.0921630859375,0.052490234375,-0.0921630859375,0.052490234375,,,139752,15,1,3,0
1119,139875,-563,390,-0.085906982421875,0.05950927734375,-0.085906982421875,0.05950927734375,,,139877,15,1,3,0
1120,140000,-521,436,-0.079498291015625,0.0665283203125,-0.079498291015625,0.0665283203125,,,140002,15,1,3,0
1121,140125,-478,480,-0.07293701171875,0.0732421875,-0.07293701171875,0.0732421875,,,140127,15,1,3,0
1122,140250,-433,523,-0.066070556640625,0.079803466796875,-0.066070556640625,0.079803466796875,,,140252,15,1,3,0
1123,140375,-388,565,-0.0592041015625,0.086212158203125,-0.0592041015625,0.086212158203125,,,140377,15,1,3,0
1124,140500,-341,606,-0.052032470703125,0.09246826171875,-0.052032470703125,0.09246826171875,,,140502,15,1,3,0
1125,140625,-294,645,-0.04486083984375,0.098419189453125,-0.04486083984375,0.098419189453125,,,140627,15,1,3,0
1126,140750,-246,682,-0.03753662109375,0.10406494140625,-0.03753662109375,0.10406494140625,,,140752,15,1,3,0
1127,140875,-197,718,-0.030059814453125,0.10955810546875,-0.030059814453125,0.10955810546875,,,140877,15,1,3,0
1128,141000,-148,752,-0.0225830078125,0.11474609375,-0.0225830078125,0.11474609375,,,141002,15,1,3,0
1129,141125,-98,784,-0.01495361328125,0.11962890625,-0.01495361328125,0.11962890625,,,141127,15,1,3,0
1130,141250,-48,814,-0.00732421875,0.12420654296875,-0.00732421875,0.12420654296875,,,141252,15,1,3,0
1131,141375,1,842,0.000152587890625,0.12847900390625,0.000152587890625,0.12847900390625,,,141377,15,1,3,0
1132,141500,51,868,0.007781982421875,0.1324462890625,0.007781982421875,0.1324462890625,,,141502,15,1,3,0
1133,141625,101,891,0.015411376953125,0.135955810546875,0.015411376953125,0.135955810546875,,,141627,15,1,3,0
1134,141750,150,913,0.02288818359375,0.139312744140625,0.02288818359375,0.139312744140625,,,141752,15,1,3,0
1135,141875,199,932,0.030364990234375,0.1422119140625,0.030364990234375,0.1422119140625,,,141877,15,1,3,0
1136,142000,248,949,0.037841796875,0.144805908203125,0.037841796875,0.144805908203125,,,142002,15,1,3,0
1137,142125,296,963,0.045166015625,0.146942138671875,0.045166015625,0.146942138671875,,,142127,15,1,3,0
1138,142250,344,976,0.052490234375,0.14892578125,0.052490234375,0.14892578125,,,142252,15,1,3,0
1139,142375,390,985,0.05950927734375,0.150299072265625,0.05950927734375,0.150299072265625,,,142377,15,1,3,0
1140,142500,436,992,0.0665283203125,0.1513671875,0.0665283203125,0.1513671875,,,142502,15,1,3,0
1141,142625,480,997,0.0732421875,0.152130126953125,0.0732421875,0.152130126953125,,,142627,15,1,3,0
1142,142750,523,999,0.079803466796875,0.152435302734375,0.079803466796875,0.152435302734375,,,142752,15,1,3,0
1143,142875,565,999,0.086212158203125,0.152435302734375,0.086212158203125,0.152435302734375,,,142877,15,1,3,0
1144,143000,606,996,0.09246826171875,0.1519775390625,0.09246826171875,0.1519775390625,,,143002,15,1,3,0
1145,143125,645,991,0.098419189453125,0.151214599609375,0.098419189453125,0.151214599609375,,,143127,15,1,3,0
1146,143250,682,983,0.10406494140625,0.149993896484375,0.10406494140625,0.149993896484375,,,143252,15,1,3,0
1147,143375,718,973,0.10955810546875,0.148468017578125,0.10955810546875,0.148468017578125,,,143377,15,1,3,0
1148,143500,752,960,0.11474609375,0.146484375,0.11474609375,0.146484375,,,143502,15,1,3,0
1149,143625,784,945,0.11962890625,0.144195556640625,0.11962890625,0.144195556640625,,,143627,15,1,3,0
1150,143750,814,928,0.12420654296875,0.1416015625,0.12420654296875,0.1416015625,,,143752,15,1,3,0
1151,143875,842,908,0.12847900390625,0.1385498046875,0.12847900390625,0.1385498046875,,,143877,15,1,3,0
1152,144000,868,886,0.1324462890625,0.13519287109375,0.1324462890625,0.13519287109375,,,144002,15,1,3,0
1153,144125,891,862,0.135955810546875,0.13153076171875,0.135955810546875,0.13153076171875,,,144127,15,1,3,0
1154,144250,913,836,0.139312744140625,0.1275634765625,0.139312744140625,0.1275634765625,,,144252,15,1,3,0
1155,144375,932,807,0.1422119140625,0.123138427734375,0.1422119140625,0.123138427734375,,,144377,15,1,3,0
1156,144500,949,777,0.144805908203125,0.118560791015625,0.144805908203125,0.118560791015625,,,144502,15,1,3,0
1157,144625,963,744,0.146942138671875,0.113525390625,0.146942138671875,0.113525390625,,,144627,15,1,3,0
1158,144750,976,710,0.14892578125,0.10833740234375,0.14892578125,0.10833740234375,,,144752,15,1,3,0
1159,144875,985,674,0.150299072265625,0.10284423828125,0.150299072265625,0.10284423828125,,,144877,15,1,3,0
1160,145000,992,636,0.1513671875,0.0970458984375,0.1513671875,0.0970458984375,,,145002,15,1,3,0
1161,145125,997,597,0.152130126953125,0.091094970703125,0.152130126953125,0.091094970703125,,,145127,15,1,3,0
1162,145250,999,556,0.152435302734375,0.0848388671875,0.152435302734375,0.0848388671875,,,145252,15,1,3,0
1163,145375,999,514,0.152435302734375,0.07843017578125,0.152435302734375,0.07843017578125,,,145377,15,1,3,0
1164,145500,996,470,0.1519775390625,0.07171630859375,0.1519775390625,0.07171630859375,,,145502,15,1,3,0
1165,145625,991,426,0.151214599609375,0.06500244140625,0.151214599609375,0.06500244140625,,,145627,15,1,3,0
1166,145750,983,380,0.149993896484375,0.0579833984375,0.149993896484375,0.0579833984375,,,145752,15,1,3,0
1167,145875,973,333,0.148468017578125,0.050811767578125,0.148468017578125,0.050811767578125,,,145877,15,1,3,0
1168,146000,960,286,0.146484375,0.04364013671875,0.146484375,0.04364013671875,,,146002,15,1,3,0
1169,146125,945,237,0.144195556640625,0.036163330078125,0.144195556640625,0.036163330078125,,,146127,15,1,3,0
1170,146250,928,189,0.1416015625,0.028839111328125,0.1416015625,0.028839111328125,,,146252,15,1,3,0
1171,146375,908,139,0.1385498046875,0.021209716796875,0.1385498046875,0.021209716796875,,,146377,15,1,3,0
1172,146500,886,90,0.13519287109375,0.01373291015625,0.13519287109375,0.01373291015625,,,146502,15,1,3,0
1173,146625,862,40,0.13153076171875,0.006103515625,0.13153076171875,0.006103515625,,,146627,15,1,3,0
1174,146750,836,-9,0.1275634765625,-0.001373291015625,0.1275634765625,-0.001373291015625,,,146752,15,1,3,0
1175,146875,807,-59,0.123138427734375,-0.009002685546875,0.123138427734375,-0.009002685546875,,,146877,15,1,3,0
1176,147000,777,-109,0.118560791015625,-0.016632080078125,0.118560791015625,-0.016632080078125,,,147002,15,1,3,0
1177,147125,744,-159,0.113525390625,-0.024261474609375,0.113525390625,-0.024261474609375,,,147127,15,1,3,0
1178,147250,710,-208,0.10833740234375,-0.03173828125,0.10833740234375,-0.03173828125,,,147252,15,1,3,0
1179,147375,674,-256,0.10284423828125,-0.0390625,0.10284423828125,-0.0390625,,,147377,15,1,3,0
1180,147500,636,-304,0.0970458984375,-0.04638671875,0.0970458984375,-0.04638671875,,,147502,15,1,3,0
1181,147625,597,-352,0.091094970703125,-0.0537109375,0.091094970703125,-0.0537109375,,,147627,15,1,3,0
1182,147750,556,-398,0.0848388671875,-0.06072998046875,0.0848388671875,-0.06072998046875,,,147752,15,1,3,0
1183,147875,514,-443,0.07843017578125,-0.067596435546875,0.07843017578125,-0.067596435546875,,,147877,15,1,3,0
1184,148000,470,-487,0.07171630859375,-0.074310302734375,0.07171630859375,-0.074310302734375,,,148002,15,1,3,0
1185,148125,426,-530,0.06500244140625,-0.08087158203125,0.06500244140625,-0.08087158203125,,,148127,15,1,3,0
1186,148250,380,-572,0.0579833984375,-0.0872802734375,0.0579833984375,-0.0872802734375,,,148252,15,1,3,0
1187,148375,333,-612,0.050811767578125,-0.0933837890625,0.050811767578125,-0.0933837890625,,,148377,15,1,3,0
1188,148500,286,-651,0.04364013671875,-0.099334716796875,0.04364013671875,-0.099334716796875,,,148502,15,1,3,0
1189,148625,237,-688,0.036163330078125,-0.10498046875,0.036163330078125,-0.10498046875,,,148627,15,1,3,0
1190,148750,189,-724,0.028839111328125,-0.1104736328125,0.028839111328125,-0.1104736328125,,,148752,15,1,3,0
1191,148875,139,-757,0.021209716796875,-0.115509033203125,0.021209716796875,-0.115509033203125,,,148877,15,1,3,0
1192,149000,90,-789,0.01373291015625,-0.120391845703125,0.01373291015625,-0.120391845703125,,,149002,15,1,3,0
1193,149125,40,-819,0.006103515625,-0.124969482421875,0.006103515625,-0.124969482421875,,,149127,15,1,3,0
1194,149250,-9,-846,-0.001373291015625,-0.12908935546875,-0.001373291015625,-0.12908935546875,,,149252,15,1,3,0
1195,149375,-59,-872,-0.009002685546875,-0.133056640625,-0.009002685546875,-0.133056640625,,,149377,15,1,3,0
1196,149500,-109,-895,-0.016632080078125,-0.136566162109375,-0.016632080078125,-0.136566162109375,,,149502,15,1,3,0
1197,149625,-159,-916,-0.024261474609375,-0.1397705078125,-0.024261474609375,-0.1397705078125,,,149627,15,1,3,0
1198,149750,-208,-935,-0.03173828125,-0.142669677734375,-0.03173828125,-0.142669677734375,,,149752,15,1,3,0
1199,149875,-256,-952,-0.0390625,-0.145263671875,-0.0390625,-0.145263671875,,,149877,15,1,3,0
1200,150000,-304,-966,-0.04638671875,-0.14739990234375,-0.04638671875,-0.14739990234375,,,150002,15,1,3,0
1201,150125,-352,-977,-0.0537109375,-0.149078369140625,-0.0537109375,-0.149078369140625,,,150127,15,1,3,0
1202,150250,-398,-987,-0.06072998046875,-0.150604248046875,-0.06072998046875,-0.150604248046875,,,150252,15,1,3,0
1203,150375,-443,-993,-0.067596435546875,-0.151519775390625,-0.067596435546875,-0.151519775390625,,,150377,15,1,3,0
1204,150500,-487,-998,-0.074310302734375,-0.15228271484375,-0.074310302734375,-0.15228271484375,,,150502,15,1,3,0
1205,150625,-530,-999,-0.08087158203125,-0.152435302734375,-0.08087158203125,-0.152435302734375,,,150627,15,1,3,0
1206,150750,-572,-999,-0.0872802734375,-0.152435302734375,-0.0872802734375,-0.152435302734375,,,150752,15,1,3,0
1207,150875,-612,-996,-0.0933837890625,-0.1519775390625,-0.0933837890625,-0.1519775390625,,,150877,15,1,3,0
1208,151000,-651,-990,-0.099334716796875,-0.15106201171875,-0.099334716796875,-0.15106201171875,,,151002,15,1,3,0
1209,151125,-688,-982,-0.10498046875,-0.14984130859375,-0.10498046875,-0.14984130859375,,,151127,15,1,3,0
1210,151250,-724,-971,-0.1104736328125,-0.148162841796875,-0.1104736328125,-0.148162841796875,,,151252,15,1,3,0
1211,151375,-757,-958,-0.115509033203125,-0.14617919921875,-0.115509033203125,-0.14617919921875,,,151377,15,1,3,0
1212,151500,-789,-943,-0.120391845703125,-0.143890380859375,-0.120391845703125,-0.143890380859375,,,151502,15,1,3,0
1213,151625,-819,-925,-0.124969482421875,-0.141143798828125,-0.124969482421875,-0.141143798828125,,,151627,15,1,3,0
1214,151750,-846,-905,-0.12908935546875,-0.138092041015625,-0.12908935546875,-0.138092041015625,,,151752,15,1,3,0
1215,151875,-872,-882,-0.133056640625,-0.13458251953125,-0.133056640625,-0.13458251953125,,,151877,15,1,3,0
1216,152000,-895,-858,-0.136566162109375,-0.13092041015625,-0.136566162109375,-0.13092041015625,,,152002,15,1,3,0
1217,152125,-916,-831,-0.1397705078125,-0.126800537109375,-0.1397705078125,-0.126800537109375,,,152127,15,1,3,0
1218,152250,-935,-802,-0.142669677734375,-0.12237548828125,-0.142669677734375,-0.12237548828125,,,152252,15,1,3,0
1219,152375,-952,-771,-0.145263671875,-0.117645263671875,-0.145263671875,-0.117645263671875,,,152377,15,1,3,0
1220,152500,-966,-739,-0.14739990234375,-0.112762451171875,-0.14739990234375,-0.112762451171875,,,152502,15,1,3,0
1221,152625,-977,-704,-0.149078369140625,-0.107421875,-0.149078369140625,-0.107421875,,,152627,15,1,3,0
1222,152750,-987,-668,-0.150604248046875,-0.1019287109375,-0.150604248046875,-0.1019287109375,,,152752,15,1,3,0
1223,152875,-993,-630,-0.151519775390625,-0.09613037109375,-0.151519775390625,-0.09613037109375,,,152877,15,1,3,0
1224,153000,-998,-590,-0.15228271484375,-0.09002685546875,-0.15228271484375,-0.09002685546875,,,153002,15,1,3,0
1225,153125,-999,-549,-0.152435302734375,-0.083770751953125,-0.152435302734375,-0.083770751953125,,,153127,15,1,3,0
1226,153250,-999,-507,-0.152435302734375,-0.077362060546875,-0.152435302734375,-0.077362060546875,,,153252,15,1,3,0
1227,153375,-996,-463,-0.1519775390625,-0.070648193359375,-0.1519775390625,-0.070648193359375,,,153377,15,1,3,0
1228,153500,-990,-418,-0.15106201171875,-0.06378173828125,-0.15106201171875,-0.06378173828125,,,153502,15,1,3,0
1229,153625,-982,-372,-0.14984130859375,-0.0567626953125,-0.14984130859375,-0.0567626953125,,,153627,15,1,3,0
1230,153750,-971,-325,-0.148162841796875,-0.049591064453125,-0.148162841796875,-0.049591064453125,,,153752,15,1,3,0
1231,153875,-958,-278,-0.14617919921875,-0.04241943359375,-0.14617919921875,-0.04241943359375,,,153877,15,1,3,0
1232,154000,-943,-229,-0.143890380859375,-0.034942626953125,-0.143890380859375,-0.034942626953125,,,154002,15,1,3,0
1233,154125,-925,-180,-0.141143798828125,-0.0274658203125,-0.141143798828125,-0.0274658203125,,,154127,15,1,3,0
1234,154250,-905,-131,-0.138092041015625,-0.019989013671875,-0.138092041015625,-0.019989013671875,,,154252,15,1,3,0
1235,154375,-882,-81,-0.13458251953125,-0.012359619140625,-0.13458251953125,-0.012359619140625,,,154377,15,1,3,0
1236,154500,-858,-31,-0.13092041015625,-0.004730224609375,-0.13092041015625,-0.004730224609375,,,154502,15,1,3,0
1237,154625,-831,18,-0.126800537109375,0.00274658203125,-0.126800537109375,0.00274658203125,,,154627,15,1,3,0
1238,154750,-802,68,-0.12237548828125,0.0103759765625,-0.12237548828125,0.0103759765625,,,154752,15,1,3,0
1239,154875,-771,117,-0.117645263671875,0.017852783203125,-0.117645263671875,0.017852783203125,,,154877,15,1,3,0
1240,155000,-739,167,-0.112762451171875,0.025482177734375,-0.112762451171875,0.025482177734375,,,155002,15,1,3,0
1241,155125,-704,216,-0.107421875,0.032958984375,-0.107421875,0.032958984375,,,155127,15,1,3,0
1242,155250,-668,264,-0.1019287109375,0.040283203125,-0.1019287109375,0.040283203125,,,155252,15,1,3,0
1243,155375,-630,312,-0.09613037109375,0.047607421875,-0.09613037109375,0.047607421875,,,155377,15,1,3,0
1244,155500,-590,359,-0.09002685546875,0.054779052734375,-0.09002685546875,0.054779052734375,,,155502,15,1,3,0
1245,155625,-549,406,-0.083770751953125,0.06195068359375,-0.083770751953125,0.06195068359375,,,155627,15,1,3,0
1246,155750,-507,451,-0.077362060546875,0.068817138671875,-0.077362060546875,0.068817138671875,,,155752,15,1,3,0
1247,155875,-463,495,-0.070648193359375,0.075531005859375,-0.070648193359375,0.075531005859375,,,155877,15,1,3,0
1248,156000,-418,538,-0.06378173828125,0.08209228515625,-0.06378173828125,0.08209228515625,,,156002,15,1,3,0
1249,156125,-372,579,-0.0567626953125,0.088348388671875,-0.0567626953125,0.088348388671875,,,156127,15,1,3,0
1250,156250,-325,619,-0.049591064453125,0.094451904296875,-0.049591064453125,0.094451904296875,,,156252,15,1,3,0
1251,156375,-278,657,-0.04241943359375,0.100250244140625,-0.04241943359375,0.100250244140625,,,156377,15,1,3,0
1252,156500,-229,694,-0.034942626953125,0.10589599609375,-0.034942626953125,0.10589599609375,,,156502,15,1,3,0
1253,156625,-180,729,-0.0274658203125,0.111236572265625,-0.0274658203125,0.111236572265625,,,156627,15,1,3,0
1254,156750,-131,763,-0.019989013671875,0.116424560546875,-0.019989013671875,0.116424560546875,,,156752,15,1,3,0
1255,156875,-81,794,-0.012359619140625,0.12115478515625,-0.012359619140625,0.12115478515625,,,156877,15,1,3,0
1256,157000,-31,823,-0.004730224609375,0.125579833984375,-0.004730224609375,0.125579833984375,,,157002,15,1,3,0
1257,157125,18,851,0.00274658203125,0.129852294921875,0.00274658203125,0.129852294921875,,,157127,15,1,3,0
1258,157250,68,876,0.0103759765625,0.1336669921875,0.0103759765625,0.1336669921875,,,157252,15,1,3,0
1259,157375,117,899,0.017852783203125,0.137176513671875,0.017852783203125,0.137176513671875,,,157377,15,1,3,0
1260,157500,167,920,0.025482177734375,0.140380859375,0.025482177734375,0.140380859375,,,157502,15,1,3,0
1261,157625,216,938,0.032958984375,0.14312744140625,0.032958984375,0.14312744140625,,,157627,15,1,3,0
1262,157750,264,954,0.040283203125,0.14556884765625,0.040283203125,0.14556884765625,,,157752,15,1,3,0
1263,157875,312,968,0.047607421875,0.147705078125,0.047607421875,0.147705078125,,,157877,15,1,3,0
1264,158000,359,979,0.054779052734375,0.149383544921875,0.054779052734375,0.149383544921875,,,158002,15,1,3,0
1265,158125,406,988,0.06195068359375,0.1507568359375,0.06195068359375,0.1507568359375,,,158127,15,1,3,0
1266,158250,451,994,0.068817138671875,0.15167236328125,0.068817138671875,0.15167236328125,,,158252,15,1,3,0
1267,158375,495,998,0.075531005859375,0.15228271484375,0.075531005859375,0.15228271484375,,,158377,15,1,3,0
1268,158500,538,999,0.08209228515625,0.152435302734375,0.08209228515625,0.152435302734375,,,158502,15,1,3,0
1269,158625,579,998,0.088348388671875,0.15228271484375,0.088348388671875,0.15228271484375,,,158627,15,1,3,0
1270,158750,619,995,0.094451904296875,0.151824951171875,0.094451904296875,0.151824951171875,,,158752,15,1,3,0
1271,158875,657,989,0.100250244140625,0.150909423828125,0.100250244140625,0.150909423828125,,,158877,15,1,3,0
1272,159000,694,980,0.10589599609375,0.1495361328125,0.10589599609375,0.1495361328125,,,159002,15,1,3,0
1273,159125,729,969,0.111236572265625,0.147857666015625,0.111236572265625,0.147857666015625,,,159127,15,1,3,0
1274,159250,763,956,0.116424560546875,0.1458740234375,0.116424560546875,0.1458740234375,,,159252,15,1,3,0
1275,159375,794,940,0.12115478515625,0.1434326171875,0.12115478515625,0.1434326171875,,,159377,15,1,3,0
1276,159500,823,922,0.125579833984375,0.14068603515625,0.125579833984375,0.14068603515625,,,159502,15,1,3,0
1277,159625,851,901,0.129852294921875,0.137481689453125,0.129852294921875,0.137481689453125,,,159627,15,1,3,0
1278,159750,876,878,0.1336669921875,0.13397216796875,0.1336669921875,0.13397216796875,,,159752,15,1,3,0
1279,159875,899,853,0.137176513671875,0.130157470703125,0.137176513671875,0.130157470703125,,,159877,15,1,3,0
1280,160000,920,826,0.140380859375,0.12603759765625,0.140380859375,0.12603759765625,,,160002,15,1,3,0
1281,160125,938,797,0.14312744140625,0.121612548828125,0.14312744140625,0.121612548828125,,,160127,15,1,3,0
1282,160250,954,766,0.14556884765625,0.11688232421875,0.14556884765625,0.11688232421875,,,160252,15,1,3,0
1283,160375,968,733,0.147705078125,0.111846923828125,0.147705078125,0.111846923828125,,,160377,15,1,3,0
1284,160500,979,698,0.149383544921875,0.10650634765625,0.149383544921875,0.10650634765625,,,160502,15,1,3,0
1285,160625,988,661,0.1507568359375,0.100860595703125,0.1507568359375,0.100860595703125,,,160627,15,1,3,0
1286,160750,994,623,0.15167236328125,0.095062255859375,0.15167236328125,0.095062255859375,,,160752,15,1,3,0
1287,160875,998,583,0.15228271484375,0.088958740234375,0.15228271484375,0.088958740234375,,,160877,15,1,3,0
1288,161000,999,542,0.152435302734375,0.08270263671875,0.152435302734375,0.08270263671875,,,161002,15,1,3,0
1289,161125,998,499,0.15228271484375,0.076141357421875,0.15228271484375,0.076141357421875,,,161127,15,1,3,0
1290,161250,995,455,0.151824951171875,0.069427490234375,0.151824951171875,0.069427490234375,,,161252,15,1,3,0
1291,161375,989,410,0.150909423828125,0.06256103515625,0.150909423828125,0.06256103515625,,,161377,15,1,3,0
1292,161500,980,364,0.1495361328125,0.0555419921875,0.1495361328125,0.0555419921875,,,161502,15,1,3,0
1293,161625,969,317,0.147857666015625,0.048370361328125,0.147857666015625,0.048370361328125,,,161627,15,1,3,0
1294,161750,956,270,0.1458740234375,0.04119873046875,0.1458740234375,0.04119873046875,,,161752,15,1,3,0
1295,161875,940,221,0.1434326171875,0.033721923828125,0.1434326171875,0.033721923828125,,,161877,15,1,3,0
1296,162000,922,172,0.14068603515625,0.0262451171875,0.14068603515625,0.0262451171875,,,162002,15,1,3,0
1297,162125,901,123,0.137481689453125,0.018768310546875,0.137481689453125,0.018768310546875,,,162127,15,1,3,0
1298,162250,878,73,0.13397216796875,0.011138916015625,0.13397216796875,0.011138916015625,,,162252,15,1,3,0
1299,162375,853,23,0.130157470703125,0.003509521484375,0.130157470703125,0.003509521484375,,,162377,15,1,3,0
1300,162500,826,-26,0.12603759765625,-0.00396728515625,0.12603759765625,-0.00396728515625,,,162502,15,1,3,0
1301,162625,797,-76,0.121612548828125,-0.0115966796875,0.121612548828125,-0.0115966796875,,,162627,15,1,3,0
1302,162750,766,-126,0.11688232421875,-0.01922607421875,0.11688232421875,-0.01922607421875,,,162752,15,1,3,0
1303,162875,733,-175,0.111846923828125,-0.026702880859375,0.111846923828125,-0.026702880859375,,,162877,15,1,3,0
1304,163000,698,-224,0.10650634765625,-0.0341796875,0.10650634765625,-0.0341796875,,,163002,15,1,3,0
1305,163125,661,-273,0.100860595703125,-0.041656494140625,0.100860595703125,-0.041656494140625,,,163127,15,1,3,0
1306,163250,623,-320,0.095062255859375,-0.048828125,0.095062255859375,-0.048828125,,,163252,15,1,3,0
1307,163375,583,-367,0.088958740234375,-0.055999755859375,0.088958740234375,-0.055999755859375,,,163377,15,1,3,0
1308,163500,542,-413,0.08270263671875,-0.063018798828125,0.08270263671875,-0.063018798828125,,,163502,15,1,3,0
1309,163625,499,-458,0.076141357421875,-0.06988525390625,0.076141357421875,-0.06988525390625,,,163627,15,1,3,0
1310,163750,455,-502,0.069427490234375,-0.07659912109375,0.069427490234375,-0.07659912109375,,,163752,15,1,3,0
1311,163875,410,-545,0.06256103515625,-0.083160400390625,0.06256103515625,-0.083160400390625,,,163877,15,1,3,0
1312,164000,364,-586,0.0555419921875,-0.08941650390625,0.0555419921875,-0.08941650390625,,,164002,15,1,3,0
1313,164125,317,-626,0.048370361328125,-0.09552001953125,0.048370361328125,-0.09552001953125,,,164127,15,1,3,0
1314,164250,270,-664,0.04119873046875,-0.101318359375,0.04119873046875,-0.101318359375,,,164252,15,1,3,0
1315,164375,221,-700,0.033721923828125,-0.1068115234375,0.033721923828125,-0.1068115234375,,,164377,15,1,3,0
1316,164500,172,-735,0.0262451171875,-0.112152099609375,0.0262451171875,-0.112152099609375,,,164502,15,1,3,0
1317,164625,123,-768,0.018768310546875,-0.1171875,0.018768310546875,-0.1171875,,,164627,15,1,3,0
1318,164750,73,-799,0.011138916015625,-0.121917724609375,0.011138916015625,-0.121917724609375,,,164752,15,1,3,0
1319,164875,23,-828,0.003509521484375,-0.1263427734375,0.003509521484375,-0.1263427734375,,,164877,15,1,3,0
1320,165000,-26,-855,-0.00396728515625,-0.130462646484375,-0.00396728515625,-0.130462646484375,,,165002,15,1,3,0
1321,165125,-76,-880,-0.0115966796875,-0.13427734375,-0.0115966796875,-0.13427734375,,,165127,15,1,3,0
1322,165250,-126,-902,-0.01922607421875,-0.13763427734375,-0.01922607421875,-0.13763427734375,,,165252,15,1,3,0
1323,165375,-175,-923,-0.026702880859375,-0.140838623046875,-0.026702880859375,-0.140838623046875,,,165377,15,1,3,0
1324,165500,-224,-941,-0.0341796875,-0.143585205078125,-0.0341796875,-0.143585205078125,,,165502,15,1,3,0
1325,165625,-273,-957,-0.041656494140625,-0.146026611328125,-0.041656494140625,-0.146026611328125,,,165627,15,1,3,0
1326,165750,-320,-970,-0.048828125,-0.14801025390625,-0.048828125,-0.14801025390625,,,165752,15,1,3,0
1327,165875,-367,-981,-0.055999755859375,-0.149688720703125,-0.055999755859375,-0.149688720703125,,,165877,15,1,3,0
1328,166000,-413,-989,-0.063018798828125,-0.150909423828125,-0.063018798828125,-0.150909423828125,,,166002,15,1,3,0
1329,166125,-458,-995,-0.06988525390625,-0.151824951171875,-0.06988525390625,-0.151824951171875,,,166127,15,1,3,0
1330,166250,-502,-999,-0.07659912109375,-0.152435302734375,-0.07659912109375,-0.152435302734375,,,166252,15,1,3,0
1331,166375,-545,-999,-0.083160400390625,-0.152435302734375,-0.083160400390625,-0.152435302734375,,,166377,15,1,3,0
1332,166500,-586,-998,-0.08941650390625,-0.15228271484375,-0.08941650390625,-0.15228271484375,,,166502,15,1,3,0
1333,166625,-626,-994,-0.09552001953125,-0.15167236328125,-0.09552001953125,-0.15167236328125,,,166627,15,1,3,0
1334,166750,-664,-987,-0.101318359375,-0.150604248046875,-0.101318359375,-0.150604248046875,,,166752,15,1,3,0
1335,166875,-700,-978,-0.1068115234375,-0.14923095703125,-0.1068115234375,-0.14923095703125,,,166877,15,1,3,0
1336,167000,-735,-967,-0.112152099609375,-0.147552490234375,-0.112152099609375,-0.147552490234375,,,167002,15,1,3,0
1337,167125,-768,-953,-0.1171875,-0.145416259765625,-0.1171875,-0.145416259765625,,,167127,15,1,3,0
1338,167250,-799,-937,-0.121917724609375,-0.142974853515625,-0.121917724609375,-0.142974853515625,,,167252,15,1,3,0
1339,167375,-828,-918,-0.1263427734375,-0.14007568359375,-0.1263427734375,-0.14007568359375,,,167377,15,1,3,0
1340,167500,-855,-897,-0.130462646484375,-0.136871337890625,-0.130462646484375,-0.136871337890625,,,167502,15,1,3,0
1341,167625,-880,-874,-0.13427734375,-0.13336181640625,-0.13427734375,-0.13336181640625,,,167627,15,1,3,0
1342,167750,-902,-849,-0.13763427734375,-0.129547119140625,-0.13763427734375,-0.129547119140625,,,167752,15,1,3,0
1343,167875,-923,-822,-0.140838623046875,-0.12542724609375,-0.140838623046875,-0.12542724609375,,,167877,15,1,3,0
1344,168000,-941,-792,-0.143585205078125,-0.120849609375,-0.143585205078125,-0.120849609375,,,168002,15,1,3,0
1345,168125,-957,-761,-0.146026611328125,-0.116119384765625,-0.146026611328125,-0.116119384765625,,,168127,15,1,3,0
1346,168250,-970,-727,-0.14801025390625,-0.110931396484375,-0.14801025390625,-0.110931396484375,,,168252,15,1,3,0
1347,168375,-981,-692,-0.149688720703125,-0.1055908203125,-0.149688720703125,-0.1055908203125,,,168377,15,1,3,0
1348,168500,-989,-655,-0.150909423828125,-0.099945068359375,-0.150909423828125,-0.099945068359375,,,168502,15,1,3,0
1349,168625,-995,-617,-0.151824951171875,-0.094146728515625,-0.151824951171875,-0.094146728515625,,,168627,15,1,3,0
1350,168750,-999,-576,-0.152435302734375,-0.087890625,-0.152435302734375,-0.087890625,,,168752,15,1,3,0
1351,168875,-999,-535,-0.152435302734375,-0.081634521484375,-0.152435302734375,-0.081634521484375,,,168877,15,1,3,0
1352,169000,-998,-492,-0.15228271484375,-0.0750732421875,-0.15228271484375,-0.0750732421875,,,169002,15,1,3,0
1353,169125,-994,-448,-0.15167236328125,-0.068359375,-0.15167236328125,-0.068359375,,,169127,15,1,3,0
1354,169250,-987,-403,-0.150604248046875,-0.061492919921875,-0.150604248046875,-0.061492919921875,,,169252,15,1,3,0
1355,169375,-978,-356,-0.14923095703125,-0.0543212890625,-0.14923095703125,-0.0543212890625,,,169377,15,1,3,0
1356,169500,-967,-309,-0.147552490234375,-0.047149658203125,-0.147552490234375,-0.047149658203125,,,169502,15,1,3,0
1357,169625,-953,-261,-0.145416259765625,-0.039825439453125,-0.145416259765625,-0.039825439453125,,,169627,15,1,3,0
1358,169750,-937,-213,-0.142974853515625,-0.032501220703125,-0.142974853515625,-0.032501220703125,,,169752,15,1,3,0
1359,169875,-918,-164,-0.14007568359375,-0.0250244140625,-0.14007568359375,-0.0250244140625,,,169877,15,1,3,0
1360,170000,-897,-114,-0.136871337890625,-0.01739501953125,-0.136871337890625,-0.01739501953125,,,170002,15,1,3,0
1361,170125,-874,-64,-0.13336181640625,-0.009765625,-0.13336181640625,-0.009765625,,,170127,15,1,3,0
1362,170250,-849,-15,-0.129547119140625,-0.002288818359375,-0.129547119140625,-0.002288818359375,,,170252,15,1,3,0
1363,170375,-822,34,-0.12542724609375,0.00518798828125,-0.12542724609375,0.00518798828125,,,170377,15,1,3,0
1364,170500,-792,84,-0.120849609375,0.0128173828125,-0.120849609375,0.0128173828125,,,170502,15,1,3,0
1365,170625,-761,134,-0.116119384765625,0.02044677734375,-0.116119384765625,0.02044677734375,,,170627,15,1,3,0
1366,170750,-727,183,-0.110931396484375,0.027923583984375,-0.110931396484375,0.027923583984375,,,170752,15,1,3,0
1367,170875,-692,232,-0.1055908203125,0.035400390625,-0.1055908203125,0.035400390625,,,170877,15,1,3,0
1368,171000,-655,281,-0.099945068359375,0.042877197265625,-0.099945068359375,0.042877197265625,,,171002,15,1,3,0
1369,171125,-617,328,-0.094146728515625,0.050048828125,-0.094146728515625,0.050048828125,,,171127,15,1,3,0
1370,171250,-576,375,-0.087890625,0.057220458984375,-0.087890625,0.057220458984375,,,171252,15,1,3,0
1371,171375,-535,421,-0.081634521484375,0.064239501953125,-0.081634521484375,0.064239501953125,,,171377,15,1,3,0
1372,171500,-492,466,-0.0750732421875,0.07110595703125,-0.0750732421875,0.07110595703125,,,171502,15,1,3,0
1373,171625,-448,509,-0.068359375,0.077667236328125,-0.068359375,0.077667236328125,,,171627,15,1,3,0
1374,171750,-403,552,-0.061492919921875,0.084228515625,-0.061492919921875,0.084228515625,,,171752,15,1,3,0
1375,171875,-356,593,-0.0543212890625,0.090484619140625,-0.0543212890625,0.090484619140625,,,171877,15,1,3,0
1376,172000,-309,632,-0.047149658203125,0.096435546875,-0.047149658203125,0.096435546875,,,172002,15,1,3,0
1377,172125,-261,670,-0.039825439453125,0.10223388671875,-0.039825439453125,0.10223388671875,,,172127,15,1,3,0
1378,172250,-213,706,-0.032501220703125,0.10772705078125,-0.032501220703125,0.10772705078125,,,172252,15,1,3,0
1379,172375,-164,741,-0.0250244140625,0.113067626953125,-0.0250244140625,0.113067626953125,,,172377,15,1,3,0
1380,172500,-114,773,-0.01739501953125,0.117950439453125,-0.01739501953125,0.117950439453125,,,172502,15,1,3,0
1381,172625,-64,804,-0.009765625,0.1226806640625,-0.009765625,0.1226806640625,,,172627,15,1,3,0
1382,172750,-15,833,-0.002288818359375,0.127105712890625,-0.002288818359375,0.127105712890625,,,172752,15,1,3,0
1383,172875,34,859,0.00518798828125,0.131072998046875,0.00518798828125,0.131072998046875,,,172877,15,1,3,0
1384,173000,84,884,0.0128173828125,0.1348876953125,0.0128173828125,0.1348876953125,,,173002,15,1,3,0
1385,173125,134,906,0.02044677734375,0.13824462890625,0.02044677734375,0.13824462890625,,,173127,15,1,3,0
1386,173250,183,926,0.027923583984375,0.14129638671875,0.027923583984375,0.14129638671875,,,173252,15,1,3,0
1387,173375,232,944,0.035400390625,0.14404296875,0.035400390625,0.14404296875,,,173377,15,1,3,0
1388,173500,281,959,0.042877197265625,0.146331787109375,0.042877197265625,0.146331787109375,,,173502,15,1,3,0
1389,173625,328,972,0.050048828125,0.1483154296875,0.050048828125,0.1483154296875,,,173627,15,1,3,0
1390,173750,375,982,0.057220458984375,0.14984130859375,0.057220458984375,0.14984130859375,,,173752,15,1,3,0
1391,173875,421,990,0.064239501953125,0.15106201171875,0.064239501953125,0.15106201171875,,,173877,15,1,3,0
1392,174000,466,996,0.07110595703125,0.1519775390625,0.07110595703125,0.1519775390625,,,174002,15,1,3,0
1393,174125,509,999,0.077667236328125,0.152435302734375,0.077667236328125,0.152435302734375,,,174127,15,1,3,0
1394,174250,552,999,0.084228515625,0.152435302734375,0.084228515625,0.152435302734375,,,174252,15,1,3,0
1395,174375,593,997,0.090484619140625,0.152130126953125,0.090484619140625,0.152130126953125,,,174377,15,1,3,0
1396,174500,632,993,0.096435546875,0.151519775390625,0.096435546875,0.151519775390625,,,174502,15,1,3,0
1397,174625,670,986,0.10223388671875,0.15045166015625,0.10223388671875,0.15045166015625,,,174627,15,1,3,0
1398,174750,706,977,0.10772705078125,0.149078369140625,0.10772705078125,0.149078369140625,,,174752,15,1,3,0
1399,174875,741,965,0.113067626953125,0.147247314453125,0.113067626953125,0.147247314453125,,,174877,15,1,3,0
1400,175000,773,951,0.117950439453125,0.145111083984375,0.117950439453125,0.145111083984375,,,175002,15,1,3,0
1401,175125,804,934,0.1226806640625,0.14251708984375,0.1226806640625,0.14251708984375,,,175127,15,1,3,0
1402,175250,833,915,0.127105712890625,0.139617919921875,0.127105712890625,0.139617919921875,,,175252,15,1,3,0
1403,175375,859,894,0.131072998046875,0.13641357421875,0.131072998046875,0.13641357421875,,,175377,15,1,3,0
1404,175500,884,870,0.1348876953125,0.13275146484375,0.1348876953125,0.13275146484375,,,175502,15,1,3,0
1405,175625,906,845,0.13824462890625,0.128936767578125,0.13824462890625,0.128936767578125,,,175627,15,1,3,0
1406,175750,926,817,0.14129638671875,0.124664306640625,0.14129638671875,0.124664306640625,,,175752,15,1,3,0
1407,175875,944,787,0.14404296875,0.120086669921875,0.14404296875,0.120086669921875,,,175877,15,1,3,0
1408,176000,959,755,0.146331787109375,0.115203857421875,0.146331787109375,0.115203857421875,,,176002,15,1,3,0
1409,176125,972,721,0.1483154296875,0.110015869140625,0.1483154296875,0.110015869140625,,,176127,15,1,3,0
1410,176250,982,686,0.14984130859375,0.10467529296875,0.14984130859375,0.10467529296875,,,176252,15,1,3,0
1411,176375,990,649,0.15106201171875,0.099029541015625,0.15106201171875,0.099029541015625,,,176377,15,1,3,0
1412,176500,996,610,0.1519775390625,0.09307861328125,0.1519775390625,0.09307861328125,,,176502,15,1,3,0
1413,176625,999,570,0.152435302734375,0.08697509765625,0.152435302734375,0.08697509765625,,,176627,15,1,3,0
1414,176750,999,528,0.152435302734375,0.08056640625,0.152435302734375,0.08056640625,,,176752,15,1,3,0
1415,176875,997,485,0.152130126953125,0.074005126953125,0.152130126953125,0.074005126953125,,,176877,15,1,3,0
1416,177000,993,440,0.151519775390625,0.067138671875,0.151519775390625,0.067138671875,,,177002,15,1,3,0
1417,177125,986,395,0.15045166015625,0.060272216796875,0.15045166015625,0.060272216796875,,,177127,15,1,3,0
1418,177250,977,349,0.149078369140625,0.053253173828125,0.149078369140625,0.053253173828125,,,177252,15,1,3,0
1419,177375,965,301,0.147247314453125,0.045928955078125,0.147247314453125,0.045928955078125,,,177377,15,1,3,0
1420,177500,951,253,0.145111083984375,0.038604736328125,0.145111083984375,0.038604736328125,,,177502,15,1,3,0
1421,177625,934,205,0.14251708984375,0.031280517578125,0.14251708984375,0.031280517578125,,,177627,15,1,3,0
1422,177750,915,155,0.139617919921875,0.023651123046875,0.139617919921875,0.023651123046875,,,177752,15,1,3,0
1423,177875,894,106,0.13641357421875,0.01617431640625,0.13641357421875,0.01617431640625,,,177877,15,1,3,0
1424,178000,870,56,0.13275146484375,0.008544921875,0.13275146484375,0.008544921875,,,178002,15,1,3,0
1425,178125,845,6,0.128936767578125,0.00091552734375,0.128936767578125,0.00091552734375,,,178127,15,1,3,0
1426,178250,817,-43,0.124664306640625,-0.006561279296875,0.124664306640625,-0.006561279296875,,,178252,15,1,3,0
1427,178375,787,-93,0.120086669921875,-0.014190673828125,0.120086669921875,-0.014190673828125,,,178377,15,1,3,0
1428,178500,755,-142,0.115203857421875,-0.02166748046875,0.115203857421875,-0.02166748046875,,,178502,15,1,3,0
1429,178625,721,-192,0.110015869140625,-0.029296875,0.110015869140625,-0.029296875,,,178627,15,1,3,0
1430,178750,686,-240,0.10467529296875,-0.03662109375,0.10467529296875,-0.03662109375,,,178752,15,1,3,0
1431,178875,649,-289,0.099029541015625,-0.044097900390625,0.099029541015625,-0.044097900390625,,,178877,15,1,3,0
1432,179000,610,-336,0.09307861328125,-0.05126953125,0.09307861328125,-0.05126953125,,,179002,15,1,3,0
1433,179125,570,-383,0.08697509765625,-0.058441162109375,0.08697509765625,-0.058441162109375,,,179127,15,1,3,0
1434,179250,528,-428,0.08056640625,-0.0653076171875,0.08056640625,-0.0653076171875,,,179252,15,1,3,0
1435,179375,485,-473,0.074005126953125,-0.072174072265625,0.074005126953125,-0.072174072265625,,,179377,15,1,3,0
1436,179500,440,-517,0.067138671875,-0.078887939453125,0.067138671875,-0.078887939453125,,,179502,15,1,3,0
1437,179625,395,-559,0.060272216796875,-0.085296630859375,0.060272216796875,-0.085296630859375,,,179627,15,1,3,0
1438,179750,349,-599,0.053253173828125,-0.091400146484375,0.053253173828125,-0.091400146484375,,,179752,15,1,3,0
1439,179875,301,-639,0.045928955078125,-0.097503662109375,0.045928955078125,-0.097503662109375,,,179877,15,1,3,0
1440,180000,253,-676,0.038604736328125,-0.1031494140625,0.038604736328125,-0.1031494140625,,,180002,15,1,3,0
1441,180125,205,-712,0.031280517578125,-0.108642578125,0.031280517578125,-0.108642578125,,,180127,15,1,3,0
1442,180250,155,-746,0.023651123046875,-0.11383056640625,0.023651123046875,-0.11383056640625,,,180252,15,1,3,0
1443,180375,106,-779,0.01617431640625,-0.118865966796875,0.01617431640625,-0.118865966796875,,,180377,15,1,3,0
1444,180500,56,-809,0.008544921875,-0.123443603515625,0.008544921875,-0.123443603515625,,,180502,15,1,3,0
1445,180625,6,-837,0.00091552734375,-0.127716064453125,0.00091552734375,-0.127716064453125,,,180627,15,1,3,0
1446,180750,-43,-864,-0.006561279296875,-0.1318359375,-0.006561279296875,-0.1318359375,,,180752,15,1,3,0
1447,180875,-93,-888,-0.014190673828125,-0.135498046875,-0.014190673828125,-0.135498046875,,,180877,15,1,3,0
1448,181000,-142,-910,-0.02166748046875,-0.13885498046875,-0.02166748046875,-0.13885498046875,,,181002,15,1,3,0
1449,181125,-192,-929,-0.029296875,-0.141754150390625,-0.029296875,-0.141754150390625,,,181127,15,1,3,0
1450,181250,-240,-946,-0.03662109375,-0.14434814453125,-0.03662109375,-0.14434814453125,,,181252,15,1,3,0
1451,181375,-289,-961,-0.044097900390625,-0.146636962890625,-0.044097900390625,-0.146636962890625,,,181377,15,1,3,0
1452,181500,-336,-974,-0.05126953125,-0.14862060546875,-0.05126953125,-0.14862060546875,,,181502,15,1,3,0
1453,181625,-383,-984,-0.058441162109375,-0.150146484375,-0.058441162109375,-0.150146484375,,,181627,15,1,3,0
1454,181750,-428,-991,-0.0653076171875,-0.151214599609375,-0.0653076171875,-0.151214599609375,,,181752,15,1,3,0
1455,181875,-473,-997,-0.072174072265625,-0.152130126953125,-0.072174072265625,-0.152130126953125,,,181877,15,1,3,0
1456,182000,-517,-999,-0.078887939453125,-0.152435302734375,-0.078887939453125,-0.152435302734375,,,182002,15,1,3,0
1457,182125,-559,-999,-0.085296630859375,-0.152435302734375,-0.085296630859375,-0.152435302734375,,,182127,15,1,3,0
1458,182250,-599,-997,-0.091400146484375,-0.152130126953125,-0.091400146484375,-0.152130126953125,,,182252,15,1,3,0
1459,182375,-639,-992,-0.097503662109375,-0.1513671875,-0.097503662109375,-0.1513671875,,,182377,15,1,3,0
1460,182500,-676,-985,-0.1031494140625,-0.150299072265625,-0.1031494140625,-0.150299072265625,,,182502,15,1,3,0
1461,182625,-712,-975,-0.108642578125,-0.148773193359375,-0.108642578125,-0.148773193359375,,,182627,15,1,3,0
1462,182750,-746,-963,-0.11383056640625,-0.146942138671875,-0.11383056640625,-0.146942138671875,,,182752,15,1,3,0
1463,182875,-779,-948,-0.118865966796875,-0.1446533203125,-0.118865966796875,-0.1446533203125,,,182877,15,1,3,0
1464,183000,-809,-931,-0.123443603515625,-0.142059326171875,-0.123443603515625,-0.142059326171875,,,183002,15,1,3,0
1465,183125,-837,-912,-0.127716064453125,-0.13916015625,-0.127716064453125,-0.13916015625,,,183127,15,1,3,0
1466,183250,-864,-890,-0.1318359375,-0.13580322265625,-0.1318359375,-0.13580322265625,,,183252,15,1,3,0
1467,183375,-888,-866,-0.135498046875,-0.13214111328125,-0.135498046875,-0.13214111328125,,,183377,15,1,3,0
1468,183500,-910,-840,-0.13885498046875,-0.128173828125,-0.13885498046875,-0.128173828125,,,183502,15,1,3,0
1469,183625,-929,-812,-0.141754150390625,-0.1239013671875,-0.141754150390625,-0.1239013671875,,,183627,15,1,3,0
1470,183750,-946,-782,-0.14434814453125,-0.11932373046875,-0.14434814453125,-0.11932373046875,,,183752,15,1,3,0
1471,183875,-961,-750,-0.146636962890625,-0.11444091796875,-0.146636962890625,-0.11444091796875,,,183877,15,1,3,0
1472,184000,-974,-716,-0.14862060546875,-0.1092529296875,-0.14862060546875,-0.1092529296875,,,184002,15,1,3,0
1473,184125,-984,-680,-0.150146484375,-0.103759765625,-0.150146484375,-0.103759765625,,,184127,15,1,3,0
1474,184250,-991,-642,-0.151214599609375,-0.09796142578125,-0.151214599609375,-0.09796142578125,,,184252,15,1,3,0
1475,184375,-997,-603,-0.152130126953125,-0.092010498046875,-0.152130126953125,-0.092010498046875,,,184377,15,1,3,0
1476,184500,-999,-563,-0.152435302734375,-0.085906982421875,-0.152435302734375,-0.085906982421875,,,184502,15,1,3,0
1477,184625,-999,-521,-0.152435302734375,-0.079498291015625,-0.152435302734375,-0.079498291015625,,,184627,15,1,3,0
1478,184750,-997,-477,-0.152130126953125,-0.072784423828125,-0.152130126953125,-0.072784423828125,,,184752,15,1,3,0
1479,184875,-992,-433,-0.1513671875,-0.066070556640625,-0.1513671875,-0.066070556640625,,,184877,15,1,3,0
1480,185000,-985,-387,-0.150299072265625,-0.059051513671875,-0.150299072265625,-0.059051513671875,,,185002,15,1,3,0
1481,185125,-975,-341,-0.148773193359375,-0.052032470703125,-0.148773193359375,-0.052032470703125,,,185127,15,1,3,0
1482,185250,-963,-293,-0.146942138671875,-0.044708251953125,-0.146942138671875,-0.044708251953125,,,185252,15,1,3,0
1483,185375,-948,-245,-0.1446533203125,-0.037384033203125,-0.1446533203125,-0.037384033203125,,,185377,15,1,3,0
1484,185500,-931,-196,-0.142059326171875,-0.0299072265625,-0.142059326171875,-0.0299072265625,,,185502,15,1,3,0
1485,185625,-912,-147,-0.13916015625,-0.022430419921875,-0.13916015625,-0.022430419921875,,,185627,15,1,3,0
1486,185750,-890,-98,-0.13580322265625,-0.01495361328125,-0.13580322265625,-0.01495361328125,,,185752,15,1,3,0
1487,185875,-866,-48,-0.13214111328125,-0.00732421875,-0.13214111328125,-0.00732421875,,,185877,15,1,3,0
1488,186000,-840,1,-0.128173828125,0.000152587890625,-0.128173828125,0.000152587890625,,,186002,15,1,3,0
1489,186125,-812,51,-0.1239013671875,0.007781982421875,-0.1239013671875,0.007781982421875,,,186127,15,1,3,0
1490,186250,-782,101,-0.11932373046875,0.015411376953125,-0.11932373046875,0.015411376953125,,,186252,15,1,3,0
1491,186375,-750,151,-0.11444091796875,0.023040771484375,-0.11444091796875,0.023040771484375,,,186377,15,1,3,0
1492,186500,-716,200,-0.1092529296875,0.030517578125,-0.1092529296875,0.030517578125,,,186502,15,1,3,0
1493,186625,-680,249,-0.103759765625,0.037994384765625,-0.103759765625,0.037994384765625,,,186627,15,1,3,0
1494,186750,-642,297,-0.09796142578125,0.045318603515625,-0.09796142578125,0.045318603515625,,,186752,15,1,3,0
1495,186875,-603,344,-0.092010498046875,0.052490234375,-0.092010498046875,0.052490234375,,,186877,15,1,3,0
1496,187000,-563,391,-0.085906982421875,0.059661865234375,-0.085906982421875,0.059661865234375,,,187002,15,1,3,0
1497,187125,-521,436,-0.079498291015625,0.0665283203125,-0.079498291015625,0.0665283203125,,,187127,15,1,3,0
1498,187250,-477,480,-0.072784423828125,0.0732421875,-0.072784423828125,0.0732421875,,,187252,15,1,3,0
1499,187375,-433,524,-0.066070556640625,0.0799560546875,-0.066070556640625,0.0799560546875,,,187377,15,1,3,0
1500,187500,-387,566,-0.059051513671875,0.08636474609375,-0.059051513671875,0.08636474609375,,,187502,15,1,3,0
1501,187625,-341,606,-0.052032470703125,0.09246826171875,-0.052032470703125,0.09246826171875,,,187627,15,1,3,0
1502,187750,-293,645,-0.044708251953125,0.098419189453125,-0.044708251953125,0.098419189453125,,,187752,15,1,3,0
1503,187875,-245,682,-0.037384033203125,0.10406494140625,-0.037384033203125,0.10406494140625,,,187877,15,1,3,0
1504,188000,-196,718,-0.0299072265625,0.10955810546875,-0.0299072265625,0.10955810546875,,,188002,15,1,3,0
1505,188125,-147,752,-0.022430419921875,0.11474609375,-0.022430419921875,0.11474609375,,,188127,15,1,3,0
1506,188250,-98,784,-0.01495361328125,0.11962890625,-0.01495361328125,0.11962890625,,,188252,15,1,3,0
1507,188375,-48,814,-0.00732421875,0.12420654296875,-0.00732421875,0.12420654296875,,,188377,15,1,3,0
1508,188500,1,842,0.000152587890625,0.12847900390625,0.000152587890625,0.12847900390625,,,188502,15,1,3,0
1509,188625,51,868,0.007781982421875,0.1324462890625,0.007781982421875,0.1324462890625,,,188627,15,1,3,0
1510,188750,101,892,0.015411376953125,0.1361083984375,0.015411376953125,0.1361083984375,,,188752,15,1,3,0
1511,188875,151,913,0.023040771484375,0.139312744140625,0.023040771484375,0.139312744140625,,,188877,15,1,3,0
1512,189000,200,932,0.030517578125,0.1422119140625,0.030517578125,0.1422119140625,,,189002,15,1,3,0
1513,189125,249,949,0.037994384765625,0.144805908203125,0.037994384765625,0.144805908203125,,,189127,15,1,3,0
1514,189250,297,964,0.045318603515625,0.1470947265625,0.045318603515625,0.1470947265625,,,189252,15,1,3,0
1515,189375,344,976,0.052490234375,0.14892578125,0.052490234375,0.14892578125,,,189377,15,1,3,0
1516,189500,391,985,0.059661865234375,0.150299072265625,0.059661865234375,0.150299072265625,,,189502,15,1,3,0
1517,189625,436,992,0.0665283203125,0.1513671875,0.0665283203125,0.1513671875,,,189627,15,1,3,0
1518,189750,480,997,0.0732421875,0.152130126953125,0.0732421875,0.152130126953125,,,189752,15,1,3,0
1519,189875,524,999,0.0799560546875,0.152435302734375,0.0799560546875,0.152435302734375,,,189877,15,1,3,0
1520,190000,566,999,0.08636474609375,0.152435302734375,0.08636474609375,0.152435302734375,,,190002,15,1,3,0
1521,190125,606,996,0.09246826171875,0.1519775390625,0.09246826171875,0.1519775390625,,,190127,15,1,3,0
1522,190250,645,991,0.098419189453125,0.151214599609375,0.098419189453125,0.151214599609375,,,190252,15,1,3,0
1523,190375,682,983,0.10406494140625,0.149993896484375,0.10406494140625,0.149993896484375,,,190377,15,1,3,0
1524,190500,718,973,0.10955810546875,0.148468017578125,0.10955810546875,0.148468017578125,,,190502,15,1,3,0
1525,190625,752,960,0.11474609375,0.146484375,0.11474609375,0.146484375,,,190627,15,1,3,0
1526,190750,784,945,0.11962890625,0.144195556640625,0.11962890625,0.144195556640625,,,190752,15,1,3,0
1527,190875,814,928,0.12420654296875,0.1416015625,0.12420654296875,0.1416015625,,,190877,15,1,3,0
1528,191000,842,908,0.12847900390625,0.1385498046875,0.12847900390625,0.1385498046875,,,191002,15,1,3,0
1529,191125,868,886,0.1324462890625,0.13519287109375,0.1324462890625,0.13519287109375,,,191127,15,1,3,0
1530,191250,892,862,0.1361083984375,0.13153076171875,0.1361083984375,0.13153076171875,,,191252,15,1,3,0
1531,191375,913,835,0.139312744140625,0.127410888671875,0.139312744140625,0.127410888671875,,,191377,15,1,3,0
1532,191500,932,807,0.1422119140625,0.123138427734375,0.1422119140625,0.123138427734375,,,191502,15,1,3,0
1533,191625,949,776,0.144805908203125,0.118408203125,0.144805908203125,0.118408203125,,,191627,15,1,3,0
1534,191750,964,744,0.1470947265625,0.113525390625,0.1470947265625,0.113525390625,,,191752,15,1,3,0
1535,191875,976,710,0.14892578125,0.10833740234375,0.14892578125,0.10833740234375,,,191877,15,1,3,0
1536,192000,985,674,0.150299072265625,0.10284423828125,0.150299072265625,0.10284423828125,,,192002,15,1,3,0
1537,192125,992,636,0.1513671875,0.0970458984375,0.1513671875,0.0970458984375,,,192127,15,1,3,0
1538,192250,997,597,0.152130126953125,0.091094970703125,0.152130126953125,0.091094970703125,,,192252,15,1,3,0
1539,192375,999,556,0.152435302734375,0.0848388671875,0.152435302734375,0.0848388671875,,,192377,15,1,3,0
1540,192500,999,513,0.152435302734375,0.078277587890625,0.152435302734375,0.078277587890625,,,192502,15,1,3,0
1541,192625,996,470,0.1519775390625,0.07171630859375,0.1519775390625,0.07171630859375,,,192627,15,1,3,0
1542,192750,991,425,0.151214599609375,0.064849853515625,0.151214599609375,0.064849853515625,,,192752,15,1,3,0
1543,192875,983,380,0.149993896484375,0.0579833984375,0.149993896484375,0.0579833984375,,,192877,15,1,3,0
1544,193000,973,333,0.148468017578125,0.050811767578125,0.148468017578125,0.050811767578125,,,193002,15,1,3,0
1545,193125,960,285,0.146484375,0.043487548828125,0.146484375,0.043487548828125,,,193127,15,1,3,0
1546,193250,945,237,0.144195556640625,0.036163330078125,0.144195556640625,0.036163330078125,,,193252,15,1,3,0
1547,193375,928,188,0.1416015625,0.0286865234375,0.1416015625,0.0286865234375,,,193377,15,1,3,0
1548,193500,908,139,0.1385498046875,0.021209716796875,0.1385498046875,0.021209716796875,,,193502,15,1,3,0
1549,193625,886,89,0.13519287109375,0.013580322265625,0.13519287109375,0.013580322265625,,,193627,15,1,3,0
1550,193750,862,39,0.13153076171875,0.005950927734375,0.13153076171875,0.005950927734375,,,193752,15,1,3,0
1551,193875,835,-10,0.127410888671875,-0.00152587890625,0.127410888671875,-0.00152587890625,,,193877,15,1,3,0
1552,194000,807,-60,0.123138427734375,-0.0091552734375,0.123138427734375,-0.0091552734375,,,194002,15,1,3,0
1553,194125,776,-109,0.118408203125,-0.016632080078125,0.118408203125,-0.016632080078125,,,194127,15,1,3,0
1554,194250,744,-159,0.113525390625,-0.024261474609375,0.113525390625,-0.024261474609375,,,194252,15,1,3,0
1555,194375,710,-208,0.10833740234375,-0.03173828125,0.10833740234375,-0.03173828125,,,194377,15,1,3,0
1556,194500,674,-257,0.10284423828125,-0.039215087890625,0.10284423828125,-0.039215087890625,,,194502,15,1,3,0
1557,194625,636,-305,0.0970458984375,-0.046539306640625,0.0970458984375,-0.046539306640625,,,194627,15,1,3,0
1558,194750,597,-352,0.091094970703125,-0.0537109375,0.091094970703125,-0.0537109375,,,194752,15,1,3,0
1559,194875,556,-398,0.0848388671875,-0.06072998046875,0.0848388671875,-0.06072998046875,,,194877,15,1,3,0
1560,195000,513,-444,0.078277587890625,-0.0677490234375,0.078277587890625,-0.0677490234375,,,195002,15,1,3,0
1561,195125,470,-488,0.07171630859375,-0.074462890625,0.07171630859375,-0.074462890625,,,195127,15,1,3,0
1562,195250,425,-531,0.064849853515625,-0.081024169921875,0.064849853515625,-0.081024169921875,,,195252,15,1,3,0
1563,195375,380,-573,0.0579833984375,-0.087432861328125,0.0579833984375,-0.087432861328125,,,195377,15,1,3,0
1564,195500,333,-613,0.050811767578125,-0.093536376953125,0.050811767578125,-0.093536376953125,,,195502,15,1,3,0
1565,195625,285,-651,0.043487548828125,-0.099334716796875,0.043487548828125,-0.099334716796875,,,195627,15,1,3,0
1566,195750,237,-689,0.036163330078125,-0.105133056640625,0.036163330078125,-0.105133056640625,,,195752,15,1,3,0
1567,195875,188,-724,0.0286865234375,-0.1104736328125,0.0286865234375,-0.1104736328125,,,195877,15,1,3,0
1568,196000,139,-757,0.021209716796875,-0.115509033203125,0.021209716796875,-0.115509033203125,,,196002,15,1,3,0
1569,196125,89,-789,0.013580322265625,-0.120391845703125,0.013580322265625,-0.120391845703125,,,196127,15,1,3,0
1570,196250,39,-819,0.005950927734375,-0.124969482421875,0.005950927734375,-0.124969482421875,,,196252,15,1,3,0
1571,196375,-10,-846,-0.00152587890625,-0.12908935546875,-0.00152587890625,-0.12908935546875,,,196377,15,1,3,0
1572,196500,-60,-872,-0.0091552734375,-0.133056640625,-0.0091552734375,-0.133056640625,,,196502,15,1,3,0
1573,196625,-109,-895,-0.016632080078125,-0.136566162109375,-0.016632080078125,-0.136566162109375,,,196627,15,1,3,0
1574,196750,-159,-916,-0.024261474609375,-0.1397705078125,-0.024261474609375,-0.1397705078125,,,196752,15,1,3,0
1575,196875,-208,-935,-0.03173828125,-0.142669677734375,-0.03173828125,-0.142669677734375,,,196877,15,1,3,0
1576,197000,-257,-952,-0.039215087890625,-0.145263671875,-0.039215087890625,-0.145263671875,,,197002,15,1,3,0
1577,197125,-305,-966,-0.046539306640625,-0.14739990234375,-0.046539306640625,-0.14739990234375,,,197127,15,1,3,0
1578,197250,-352,-977,-0.0537109375,-0.149078369140625,-0.0537109375,-0.149078369140625,,,197252,15,1,3,0
1579,197375,-398,-987,-0.06072998046875,-0.150604248046875,-0.06072998046875,-0.150604248046875,,,197377,15,1,3,0
1580,197500,-444,-993,-0.0677490234375,-0.151519775390625,-0.0677490234375,-0.151519775390625,,,197502,15,1,3,0
1581,197625,-488,-998,-0.074462890625,-0.15228271484375,-0.074462890625,-0.15228271484375,,,197627,15,1,3,0
1582,197750,-531,-999,-0.081024169921875,-0.152435302734375,-0.081024169921875,-0.152435302734375,,,197752,15,1,3,0
1583,197875,-573,-999,-0.087432861328125,-0.152435302734375,-0.087432861328125,-0.152435302734375,,,197877,15,1,3,0
1584,198000,-613,-996,-0.093536376953125,-0.1519775390625,-0.093536376953125,-0.1519775390625,,,198002,15,1,3,0
1585,198125,-651,-990,-0.099334716796875,-0.15106201171875,-0.099334716796875,-0.15106201171875,,,198127,15,1,3,0
1586,198250,-689,-982,-0.105133056640625,-0.14984130859375,-0.105133056640625,-0.14984130859375,,,198252,15,1,3,0
1587,198375,-724,-971,-0.1104736328125,-0.148162841796875,-0.1104736328125,-0.148162841796875,,,198377,15,1,3,0
1588,198500,-757,-958,-0.115509033203125,-0.14617919921875,-0.115509033203125,-0.14617919921875,,,198502,15,1,3,0
1589,198625,-789,-942,-0.120391845703125,-0.14373779296875,-0.120391845703125,-0.14373779296875,,,198627,15,1,3,0
1590,198750,-819,-925,-0.124969482421875,-0.141143798828125,-0.124969482421875,-0.141143798828125,,,198752,15,1,3,0
1591,198875,-846,-905,-0.12908935546875,-0.138092041015625,-0.12908935546875,-0.138092041015625,,,198877,15,1,3,0
1592,199000,-872,-882,-0.133056640625,-0.13458251953125,-0.133056640625,-0.13458251953125,,,199002,15,1,3,0
1593,199125,-895,-858,-0.136566162109375,-0.13092041015625,-0.136566162109375,-0.13092041015625,,,199127,15,1,3,0
1594,199250,-916,-831,-0.1397705078125,-0.126800537109375,-0.1397705078125,-0.126800537109375,,,199252,15,1,3,0
1595,199375,-935,-802,-0.142669677734375,-0.12237548828125,-0.142669677734375,-0.12237548828125,,,199377,15,1,3,0
1596,199500,-952,-771,-0.145263671875,-0.117645263671875,-0.145263671875,-0.117645263671875,,,199502,15,1,3,0
1597,199625,-966,-738,-0.14739990234375,-0.11260986328125,-0.14739990234375,-0.11260986328125,,,199627,15,1,3,0
1598,199750,-977,-704,-0.149078369140625,-0.107421875,-0.149078369140625,-0.107421875,,,199752,15,1,3,0
1599,199875,-987,-667,-0.150604248046875,-0.101776123046875,-0.150604248046875,-0.101776123046875,,,199877,15,1,3,0
1600,200000,-993,-629,-0.151519775390625,-0.095977783203125,-0.151519775390625,-0.095977783203125,,,200002,15,1,3,0
1601,200125,-998,-590,-0.15228271484375,-0.09002685546875,-0.15228271484375,-0.09002685546875,,,200127,15,1,3,0
1602,200250,-999,-549,-0.152435302734375,-0.083770751953125,-0.152435302734375,-0.083770751953125,,,200252,15,1,3,0
1603,200375,-999,-506,-0.152435302734375,-0.07720947265625,-0.152435302734375,-0.07720947265625,,,200377,15,1,3,0
1604,200500,-996,-463,-0.1519775390625,-0.070648193359375,-0.1519775390625,-0.070648193359375,,,200502,15,1,3,0
1605,200625,-990,-418,-0.15106201171875,-0.06378173828125,-0.15106201171875,-0.06378173828125,,,200627,15,1,3,0
1606,200750,-982,-372,-0.14984130859375,-0.0567626953125,-0.14984130859375,-0.0567626953125,,,200752,15,1,3,0
1607,200875,-971,-325,-0.148162841796875,-0.049591064453125,-0.148162841796875,-0.049591064453125,,,200877,15,1,3,0
1608,201000,-958,-277,-0.14617919921875,-0.042266845703125,-0.14617919921875,-0.042266845703125,,,201002,15,1,3,0
1609,201125,-942,-229,-0.14373779296875,-0.034942626953125,-0.14373779296875,-0.034942626953125,,,201127,15,1,3,0
1610,201250,-925,-180,-0.141143798828125,-0.0274658203125,-0.141143798828125,-0.0274658203125,,,201252,15,1,3,0
1611,201375,-905,-131,-0.138092041015625,-0.019989013671875,-0.138092041015625,-0.019989013671875,,,201377,15,1,3,0
1612,201500,-882,-81,-0.13458251953125,-0.012359619140625,-0.13458251953125,-0.012359619140625,,,201502,15,1,3,0
1613,201625,-858,-31,-0.13092041015625,-0.004730224609375,-0.13092041015625,-0.004730224609375,,,201627,15,1,3,0
1614,201750,-831,18,-0.126800537109375,0.00274658203125,-0.126800537109375,0.00274658203125,,,201752,15,1,3,0
1615,201875,-802,68,-0.12237548828125,0.0103759765625,-0.12237548828125,0.0103759765625,,,201877,15,1,3,0
1616,202000,-771,118,-0.117645263671875,0.01800537109375,-0.117645263671875,0.01800537109375,,,202002,15,1,3,0
1617,202125,-738,167,-0.11260986328125,0.025482177734375,-0.11260986328125,0.025482177734375,,,202127,15,1,3,0
1618,202250,-704,216,-0.107421875,0.032958984375,-0.107421875,0.032958984375,,,202252,15,1,3,0
1619,202375,-667,265,-0.101776123046875,0.040435791015625,-0.101776123046875,0.040435791015625,,,202377,15,1,3,0
1620,202500,-629,313,-0.095977783203125,0.047760009765625,-0.095977783203125,0.047760009765625,,,202502,15,1,3,0
1621,202625,-590,360,-0.09002685546875,0.054931640625,-0.09002685546875,0.054931640625,,,202627,15,1,3,0
1622,202750,-549,406,-0.083770751953125,0.06195068359375,-0.083770751953125,0.06195068359375,,,202752,15,1,3,0
1623,202875,-506,451,-0.07720947265625,0.068817138671875,-0.07720947265625,0.068817138671875,,,202877,15,1,3,0
1624,203000,-463,495,-0.070648193359375,0.075531005859375,-0.070648193359375,0.075531005859375,,,203002,15,1,3,0
1625,203125,-418,538,-0.06378173828125,0.08209228515625,-0.06378173828125,0.08209228515625,,,203127,15,1,3,0
1626,203250,-372,579,-0.0567626953125,0.088348388671875,-0.0567626953125,0.088348388671875,,,203252,15,1,3,0
1627,203375,-325,619,-0.049591064453125,0.094451904296875,-0.049591064453125,0.094451904296875,,,203377,15,1,3,0
1628,203500,-277,658,-0.042266845703125,0.10040283203125,-0.042266845703125,0.10040283203125,,,203502,15,1,3,0
1629,203625,-229,695,-0.034942626953125,0.106048583984375,-0.034942626953125,0.106048583984375,,,203627,15,1,3,0
1630,203750,-180,730,-0.0274658203125,0.11138916015625,-0.0274658203125,0.11138916015625,,,203752,15,1,3,0
1631,203875,-131,763,-0.019989013671875,0.116424560546875,-0.019989013671875,0.116424560546875,,,203877,15,1,3,0
1632,204000,-81,794,-0.012359619140625,0.12115478515625,-0.012359619140625,0.12115478515625,,,204002,15,1,3,0
1633,204125,-31,824,-0.004730224609375,0.125732421875,-0.004730224609375,0.125732421875,,,204127,15,1,3,0
1634,204250,18,851,0.00274658203125,0.129852294921875,0.00274658203125,0.129852294921875,,,204252,15,1,3,0
1635,204375,68,876,0.0103759765625,0.1336669921875,0.0103759765625,0.1336669921875,,,204377,15,1,3,0
1636,204500,118,899,0.01800537109375,0.137176513671875,0.01800537109375,0.137176513671875,,,204502,15,1,3,0
1637,204625,167,920,0.025482177734375,0.140380859375,0.025482177734375,0.140380859375,,,204627,15,1,3,0
1638,204750,216,938,0.032958984375,0.14312744140625,0.032958984375,0.14312744140625,,,204752,15,1,3,0
1639,204875,265,954,0.040435791015625,0.14556884765625,0.040435791015625,0.14556884765625,,,204877,15,1,3,0
1640,205000,313,968,0.047760009765625,0.147705078125,0.047760009765625,0.147705078125,,,205002,15,1,3,0
1641,205125,360,979,0.054931640625,0.149383544921875,0.054931640625,0.149383544921875,,,205127,15,1,3,0
1642,205250,406,988,0.06195068359375,0.1507568359375,0.06195068359375,0.1507568359375,,,205252,15,1,3,0
1643,205375,451,994,0.068817138671875,0.15167236328125,0.068817138671875,0.15167236328125,,,205377,15,1,3,0
1644,205500,495,998,0.075531005859375,0.15228271484375,0.075531005859375,0.15228271484375,,,205502,15,1,3,0
1645,205625,538,999,0.08209228515625,0.152435302734375,0.08209228515625,0.152435302734375,,,205627,15,1,3,0
1646,205750,579,998,0.088348388671875,0.15228271484375,0.088348388671875,0.15228271484375,,,205752,15,1,3,0
1647,205875,619,995,0.094451904296875,0.151824951171875,0.094451904296875,0.151824951171875,,,205877,15,1,3,0
1648,206000,658,989,0.10040283203125,0.150909423828125,0.10040283203125,0.150909423828125,,,206002,15,1,3,0
1649,206125,695,980,0.106048583984375,0.1495361328125,0.106048583984375,0.1495361328125,,,206127,15,1,3,0
1650,206250,730,969,0.11138916015625,0.147857666015625,0.11138916015625,0.147857666015625,,,206252,15,1,3,0
1651,206375,763,955,0.116424560546875,0.145721435546875,0.116424560546875,0.145721435546875,,,206377,15,1,3,0
1652,206500,794,940,0.12115478515625,0.1434326171875,0.12115478515625,0.1434326171875,,,206502,15,1,3,0
1653,206625,824,921,0.125732421875,0.140533447265625,0.125732421875,0.140533447265625,,,206627,15,1,3,0
1654,206750,851,901,0.129852294921875,0.137481689453125,0.129852294921875,0.137481689453125,,,206752,15,1,3,0
1655,206875,876,878,0.1336669921875,0.13397216796875,0.1336669921875,0.13397216796875,,,206877,15,1,3,0
1656,207000,899,853,0.137176513671875,0.130157470703125,0.137176513671875,0.130157470703125,,,207002,15,1,3,0
1657,207125,920,826,0.140380859375,0.12603759765625,0.140380859375,0.12603759765625,,,207127,15,1,3,0
1658,207250,938,797,0.14312744140625,0.121612548828125,0.14312744140625,0.121612548828125,,,207252,15,1,3,0
1659,207375,954,766,0.14556884765625,0.11688232421875,0.14556884765625,0.11688232421875,,,207377,15,1,3,0
1660,207500,968,733,0.147705078125,0.111846923828125,0.147705078125,0.111846923828125,,,207502,15,1,3,0
1661,207625,979,698,0.149383544921875,0.10650634765625,0.149383544921875,0.10650634765625,,,207627,15,1,3,0
1662,207750,988,661,0.1507568359375,0.100860595703125,0.1507568359375,0.100860595703125,,,207752,15,1,3,0
1663,207875,994,623,0.15167236328125,0.095062255859375,0.15167236328125,0.095062255859375,,,207877,15,1,3,0
1664,208000,998,583,0.15228271484375,0.088958740234375,0.15228271484375,0.088958740234375,,,208002,15,1,3,0
1665,208125,999,542,0.152435302734375,0.08270263671875,0.152435302734375,0.08270263671875,,,208127,15,1,3,0
1666,208250,998,499,0.15228271484375,0.076141357421875,0.15228271484375,0.076141357421875,,,208252,15,1,3,0
1667,208375,995,455,0.151824951171875,0.069427490234375,0.151824951171875,0.069427490234375,,,208377,15,1,3,0
1668,208500,989,410,0.150909423828125,0.06256103515625,0.150909423828125,0.06256103515625,,,208502,15,1,3,0
1669,208625,980,364,0.1495361328125,0.0555419921875,0.1495361328125,0.0555419921875,,,208627,15,1,3,0
1670,208750,969,317,0.147857666015625,0.048370361328125,0.147857666015625,0.048370361328125,,,208752,15,1,3,0
1671,208875,955,269,0.145721435546875,0.041046142578125,0.145721435546875,0.041046142578125,,,208877,15,1,3,0
1672,209000,940,221,0.1434326171875,0.033721923828125,0.1434326171875,0.033721923828125,,,209002,15,1,3,0
1673,209125,921,172,0.140533447265625,0.0262451171875,0.140533447265625,0.0262451171875,,,209127,15,1,3,0
1674,209250,901,122,0.137481689453125,0.01861572265625,0.137481689453125,0.01861572265625,,,209252,15,1,3,0
1675,209375,878,72,0.13397216796875,0.010986328125,0.13397216796875,0.010986328125,,,209377,15,1,3,0
1676,209500,853,22,0.130157470703125,0.00335693359375,0.130157470703125,0.00335693359375,,,209502,15,1,3,0
1677,209625,826,-26,0.12603759765625,-0.00396728515625,0.12603759765625,-0.00396728515625,,,209627,15,1,3,0
1678,209750,797,-76,0.121612548828125,-0.0115966796875,0.121612548828125,-0.0115966796875,,,209752,15,1,3,0
1679,209875,766,-126,0.11688232421875,-0.01922607421875,0.11688232421875,-0.01922607421875,,,209877,15,1,3,0
1680,210000,733,-176,0.111846923828125,-0.02685546875,0.111846923828125,-0.02685546875,,,210002,15,1,3,0
1681,210125,698,-225,0.10650634765625,-0.034332275390625,0.10650634765625,-0.034332275390625,,,210127,15,1,3,0
1682,210250,661,-273,0.100860595703125,-0.041656494140625,0.100860595703125,-0.041656494140625,,,210252,15,1,3,0
1683,210375,623,-321,0.095062255859375,-0.048980712890625,0.095062255859375,-0.048980712890625,,,210377,15,1,3,0
1684,210500,583,-368,0.088958740234375,-0.05615234375,0.088958740234375,-0.05615234375,,,210502,15,1,3,0
1685,210625,542,-414,0.08270263671875,-0.06317138671875,0.08270263671875,-0.06317138671875,,,210627,15,1,3,0
1686,210750,499,-459,0.076141357421875,-0.070037841796875,0.076141357421875,-0.070037841796875,,,210752,15,1,3,0
1687,210875,455,-502,0.069427490234375,-0.07659912109375,0.069427490234375,-0.07659912109375,,,210877,15,1,3,0
1688,211000,410,-545,0.06256103515625,-0.083160400390625,0.06256103515625,-0.083160400390625,,,211002,15,1,3,0
1689,211125,364,-586,0.0555419921875,-0.08941650390625,0.0555419921875,-0.08941650390625,,,211127,15,1,3,0
1690,211250,317,-626,0.048370361328125,-0.09552001953125,0.048370361328125,-0.09552001953125,,,211252,15,1,3,0
1691,211375,269,-664,0.041046142578125,-0.101318359375,0.041046142578125,-0.101318359375,,,211377,15,1,3,0
1692,211500,221,-701,0.033721923828125,-0.106964111328125,0.033721923828125,-0.106964111328125,,,211502,15,1,3,0
1693,211625,172,-735,0.0262451171875,-0.112152099609375,0.0262451171875,-0.112152099609375,,,211627,15,1,3,0
1694,211750,122,-768,0.01861572265625,-0.1171875,0.01861572265625,-0.1171875,,,211752,15,1,3,0
1695,211875,72,-799,0.010986328125,-0.121917724609375,0.010986328125,-0.121917724609375,,,211877,15,1,3,0
1696,212000,22,-828,0.00335693359375,-0.1263427734375,0.00335693359375,-0.1263427734375,,,212002,15,1,3,0
1697,212125,-26,-855,-0.00396728515625,-0.130462646484375,-0.00396728515625,-0.130462646484375,,,212127,15,1,3,0
1698,212250,-76,-880,-0.0115966796875,-0.13427734375,-0.0115966796875,-0.13427734375,,,212252,15,1,3,0
1699,212375,-126,-903,-0.01922607421875,-0.137786865234375,-0.01922607421875,-0.137786865234375,,,212377,15,1,3,0
1700,212500,-176,-923,-0.02685546875,-0.140838623046875,-0.02685546875,-0.140838623046875,,,212502,15,1,3,0
1701,212625,-225,-941,-0.034332275390625,-0.143585205078125,-0.034332275390625,-0.143585205078125,,,212627,15,1,3,0
1702,212750,-273,-957,-0.041656494140625,-0.146026611328125,-0.041656494140625,-0.146026611328125,,,212752,15,1,3,0
1703,212875,-321,-970,-0.048980712890625,-0.14801025390625,-0.048980712890625,-0.14801025390625,,,212877,15,1,3,0
1704,213000,-368,-981,-0.05615234375,-0.149688720703125,-0.05615234375,-0.149688720703125,,,213002,15,1,3,0
1705,213125,-414,-989,-0.06317138671875,-0.150909423828125,-0.06317138671875,-0.150909423828125,,,213127,15,1,3,0
1706,213250,-459,-995,-0.070037841796875,-0.151824951171875,-0.070037841796875,-0.151824951171875,,,213252,15,1,3,0
1707,213375,-502,-999,-0.07659912109375,-0.152435302734375,-0.07659912109375,-0.152435302734375,,,213377,15,1,3,0
1708,213500,-545,-999,-0.083160400390625,-0.152435302734375,-0.083160400390625,-0.152435302734375,,,213502,15,1,3,0
1709,213625,-586,-998,-0.08941650390625,-0.15228271484375,-0.08941650390625,-0.15228271484375,,,213627,15,1,3,0
1710,213750,-626,-994,-0.09552001953125,-0.15167236328125,-0.09552001953125,-0.15167236328125,,,213752,15,1,3,0
1711,213875,-664,-987,-0.101318359375,-0.150604248046875,-0.101318359375,-0.150604248046875,,,213877,15,1,3,0
1712,214000,-701,-978,-0.106964111328125,-0.14923095703125,-0.106964111328125,-0.14923095703125,,,214002,15,1,3,0
1713,214125,-735,-967,-0.112152099609375,-0.147552490234375,-0.112152099609375,-0.147552490234375,,,214127,15,1,3,0
1714,214250,-768,-953,-0.1171875,-0.145416259765625,-0.1171875,-0.145416259765625,,,214252,15,1,3,0
1715,214375,-799,-937,-0.121917724609375,-0.142974853515625,-0.121917724609375,-0.142974853515625,,,214377,15,1,3,0
1716,214500,-828,-918,-0.1263427734375,-0.14007568359375,-0.1263427734375,-0.14007568359375,,,214502,15,1,3,0
1717,214625,-855,-897,-0.130462646484375,-0.136871337890625,-0.130462646484375,-0.136871337890625,,,214627,15,1,3,0
1718,214750,-880,-874,-0.13427734375,-0.13336181640625,-0.13427734375,-0.13336181640625,,,214752,15,1,3,0
1719,214875,-903,-849,-0.137786865234375,-0.129547119140625,-0.137786865234375,-0.129547119140625,,,214877,15,1,3,0
1720,215000,-923,-821,-0.140838623046875,-0.125274658203125,-0.140838623046875,-0.125274658203125,,,215002,15,1,3,0
1721,215125,-941,-792,-0.143585205078125,-0.120849609375,-0.143585205078125,-0.120849609375,,,215127,15,1,3,0
1722,215250,-957,-760,-0.146026611328125,-0.115966796875,-0.146026611328125,-0.115966796875,,,215252,15,1,3,0
1723,215375,-970,-727,-0.14801025390625,-0.110931396484375,-0.14801025390625,-0.110931396484375,,,215377,15,1,3,0
1724,215500,-981,-692,-0.149688720703125,-0.1055908203125,-0.149688720703125,-0.1055908203125,,,215502,15,1,3,0
1725,215625,-989,-655,-0.150909423828125,-0.099945068359375,-0.150909423828125,-0.099945068359375,,,215627,15,1,3,0
1726,215750,-995,-616,-0.151824951171875,-0.093994140625,-0.151824951171875,-0.093994140625,,,215752,15,1,3,0
1727,215875,-999,-576,-0.152435302734375,-0.087890625,-0.152435302734375,-0.087890625,,,215877,15,1,3,0
1728,216000,-999,-535,-0.152435302734375,-0.081634521484375,-0.152435302734375,-0.081634521484375,,,216002,15,1,3,0
1729,216125,-998,-492,-0.15228271484375,-0.0750732421875,-0.15228271484375,-0.0750732421875,,,216127,15,1,3,0
1730,216250,-994,-448,-0.15167236328125,-0.068359375,-0.15167236328125,-0.068359375,,,216252,15,1,3,0
1731,216375,-987,-402,-0.150604248046875,-0.06134033203125,-0.150604248046875,-0.06134033203125,,,216377,15,1,3,0
1732,216500,-978,-356,-0.14923095703125,-0.0543212890625,-0.14923095703125,-0.0543212890625,,,216502,15,1,3,0
1733,216625,-967,-309,-0.147552490234375,-0.047149658203125,-0.147552490234375,-0.047149658203125,,,216627,15,1,3,0
1734,216750,-953,-261,-0.145416259765625,-0.039825439453125,-0.145416259765625,-0.039825439453125,,,216752,15,1,3,0
1735,216875,-937,-212,-0.142974853515625,-0.0323486328125,-0.142974853515625,-0.0323486328125,,,216877,15,1,3,0
1736,217000,-918,-163,-0.14007568359375,-0.024871826171875,-0.14007568359375,-0.024871826171875,,,217002,15,1,3,0
1737,217125,-897,-114,-0.136871337890625,-0.01739501953125,-0.136871337890625,-0.01739501953125,,,217127,15,1,3,0
1738,217250,-874,-64,-0.13336181640625,-0.009765625,-0.13336181640625,-0.009765625,,,217252,15,1,3,0
1739,217375,-849,-14,-0.129547119140625,-0.00213623046875,-0.129547119140625,-0.00213623046875,,,217377,15,1,3,0
1740,217500,-821,35,-0.125274658203125,0.005340576171875,-0.125274658203125,0.005340576171875,,,217502,15,1,3,0
1741,217625,-792,85,-0.120849609375,0.012969970703125,-0.120849609375,0.012969970703125,,,217627,15,1,3,0
1742,217750,-760,134,-0.115966796875,0.02044677734375,-0.115966796875,0.02044677734375,,,217752,15,1,3,0
1743,217875,-727,184,-0.110931396484375,0.028076171875,-0.110931396484375,0.028076171875,,,217877,15,1,3,0
1744,218000,-692,233,-0.1055908203125,0.035552978515625,-0.1055908203125,0.035552978515625,,,218002,15,1,3,0
1745,218125,-655,281,-0.099945068359375,0.042877197265625,-0.099945068359375,0.042877197265625,,,218127,15,1,3,0
1746,218250,-616,329,-0.093994140625,0.050201416015625,-0.093994140625,0.050201416015625,,,218252,15,1,3,0
1747,218375,-576,375,-0.087890625,0.057220458984375,-0.087890625,0.057220458984375,,,218377,15,1,3,0
1748,218500,-535,421,-0.081634521484375,0.064239501953125,-0.081634521484375,0.064239501953125,,,218502,15,1,3,0
1749,218625,-492,466,-0.0750732421875,0.07110595703125,-0.0750732421875,0.07110595703125,,,218627,15,1,3,0
1750,218750,-448,510,-0.068359375,0.07781982421875,-0.068359375,0.07781982421875,,,218752,15,1,3,0
1751,218875,-402,552,-0.06134033203125,0.084228515625,-0.06134033203125,0.084228515625,,,218877,15,1,3,0
1752,219000,-356,593,-0.0543212890625,0.090484619140625,-0.0543212890625,0.090484619140625,,,219002,15,1,3,0
1753,219125,-309,632,-0.047149658203125,0.096435546875,-0.047149658203125,0.096435546875,,,219127,15,1,3,0
1754,219250,-261,670,-0.039825439453125,0.10223388671875,-0.039825439453125,0.10223388671875,,,219252,15,1,3,0
1755,219375,-212,707,-0.0323486328125,0.107879638671875,-0.0323486328125,0.107879638671875,,,219377,15,1,3,0
1756,219500,-163,741,-0.024871826171875,0.113067626953125,-0.024871826171875,0.113067626953125,,,219502,15,1,3,0
1757,219625,-114,774,-0.01739501953125,0.11810302734375,-0.01739501953125,0.11810302734375,,,219627,15,1,3,0
1758,219750,-64,804,-0.009765625,0.1226806640625,-0.009765625,0.1226806640625,,,219752,15,1,3,0
1759,219875,-14,833,-0.00213623046875,0.127105712890625,-0.00213623046875,0.127105712890625,,,219877,15,1,3,0
1760,220000,35,860,0.005340576171875,0.1312255859375,0.005340576171875,0.1312255859375,,,220002,15,1,3,0
1761,220125,85,884,0.012969970703125,0.1348876953125,0.012969970703125,0.1348876953125,,,220127,15,1,3,0
1762,220250,134,906,0.02044677734375,0.13824462890625,0.02044677734375,0.13824462890625,,,220252,15,1,3,0
1763,220375,184,926,0.028076171875,0.14129638671875,0.028076171875,0.14129638671875,,,220377,15,1,3,0
1764,220500,233,944,0.035552978515625,0.14404296875,0.035552978515625,0.14404296875,,,220502,15,1,3,0
1765,220625,281,959,0.042877197265625,0.146331787109375,0.042877197265625,0.146331787109375,,,220627,15,1,3,0
1766,220750,329,972,0.050201416015625,0.1483154296875,0.050201416015625,0.1483154296875,,,220752,15,1,3,0
1767,220875,375,982,0.057220458984375,0.14984130859375,0.057220458984375,0.14984130859375,,,220877,15,1,3,0
1768,221000,421,990,0.064239501953125,0.15106201171875,0.064239501953125,0.15106201171875,,,221002,15,1,3,0
1769,221125,466,996,0.07110595703125,0.1519775390625,0.07110595703125,0.1519775390625,,,221127,15,1,3,0
1770,221250,510,999,0.07781982421875,0.152435302734375,0.07781982421875,0.152435302734375,,,221252,15,1,3,0
1771,221375,552,999,0.084228515625,0.152435302734375,0.084228515625,0.152435302734375,,,221377,15,1,3,0
1772,221500,593,997,0.090484619140625,0.152130126953125,0.090484619140625,0.152130126953125,,,221502,15,1,3,0
1773,221625,632,993,0.096435546875,0.151519775390625,0.096435546875,0.151519775390625,,,221627,15,1,3,0
1774,221750,670,986,0.10223388671875,0.15045166015625,0.10223388671875,0.15045166015625,,,221752,15,1,3,0
1775,221875,707,977,0.107879638671875,0.149078369140625,0.107879638671875,0.149078369140625,,,221877,15,1,3,0
1776,222000,741,965,0.113067626953125,0.147247314453125,0.113067626953125,0.147247314453125,,,222002,15,1,3,0
1777,222125,774,950,0.11810302734375,0.14495849609375,0.11810302734375,0.14495849609375,,,222127,15,1,3,0
1778,222250,804,934,0.1226806640625,0.14251708984375,0.1226806640625,0.14251708984375,,,222252,15,1,3,0
1779,222375,833,915,0.127105712890625,0.139617919921875,0.127105712890625,0.139617919921875,,,222377,15,1,3,0
1780,222500,860,893,0.1312255859375,0.136260986328125,0.1312255859375,0.136260986328125,,,222502,15,1,3,0
1781,222625,884,870,0.1348876953125,0.13275146484375,0.1348876953125,0.13275146484375,,,222627,15,1,3,0
1782,222750,906,844,0.13824462890625,0.1287841796875,0.13824462890625,0.1287841796875,,,222752,15,1,3,0
1783,222875,926,816,0.14129638671875,0.12451171875,0.14129638671875,0.12451171875,,,222877,15,1,3,0
1784,223000,944,787,0.14404296875,0.120086669921875,0.14404296875,0.120086669921875,,,223002,15,1,3,0
1785,223125,959,755,0.146331787109375,0.115203857421875,0.146331787109375,0.115203857421875,,,223127,15,1,3,0
1786,223250,972,721,0.1483154296875,0.110015869140625,0.1483154296875,0.110015869140625,,,223252,15,1,3,0
1787,223375,982,686,0.14984130859375,0.10467529296875,0.14984130859375,0.10467529296875,,,223377,15,1,3,0
1788,223500,990,648,0.15106201171875,0.098876953125,0.15106201171875,0.098876953125,,,223502,15,1,3,0
1789,223625,996,610,0.1519775390625,0.09307861328125,0.1519775390625,0.09307861328125,,,223627,15,1,3,0
1790,223750,999,569,0.152435302734375,0.086822509765625,0.152435302734375,0.086822509765625,,,223752,15,1,3,0
1791,223875,999,527,0.152435302734375,0.080413818359375,0.152435302734375,0.080413818359375,,,223877,15,1,3,0
1792,224000,997,484,0.152130126953125,0.0738525390625,0.152130126953125,0.0738525390625,,,224002,15,1,3,0
1793,224125,993,440,0.151519775390625,0.067138671875,0.151519775390625,0.067138671875,,,224127,15,1,3,0
1794,224250,986,395,0.15045166015625,0.060272216796875,0.15045166015625,0.060272216796875,,,224252,15,1,3,0
1795,224375,977,348,0.149078369140625,0.0531005859375,0.149078369140625,0.0531005859375,,,224377,15,1,3,0
1796,224500,965,301,0.147247314453125,0.045928955078125,0.147247314453125,0.045928955078125,,,224502,15,1,3,0
1797,224625,950,253,0.14495849609375,0.038604736328125,0.14495849609375,0.038604736328125,,,224627,15,1,3,0
1798,224750,934,204,0.14251708984375,0.0311279296875,0.14251708984375,0.0311279296875,,,224752,15,1,3,0
1799,224875,915,155,0.139617919921875,0.023651123046875,0.139617919921875,0.023651123046875,,,224877,15,1,3,0
1800,225000,893,105,0.136260986328125,0.016021728515625,0.136260986328125,0.016021728515625,,,225002,15,1,3,0
1801,225125,870,56,0.13275146484375,0.008544921875,0.13275146484375,0.008544921875,,,225127,15,1,3,0
1802,225250,844,6,0.1287841796875,0.00091552734375,0.1287841796875,0.00091552734375,,,225252,15,1,3,0
1803,225375,816,-43,0.12451171875,-0.006561279296875,0.12451171875,-0.006561279296875,,,225377,15,1,3,0
1804,225500,787,-93,0.120086669921875,-0.014190673828125,0.120086669921875,-0.014190673828125,,,225502,15,1,3,0
1805,225625,755,-143,0.115203857421875,-0.021820068359375,0.115203857421875,-0.021820068359375,,,225627,15,1,3,0
1806,225750,721,-192,0.110015869140625,-0.029296875,0.110015869140625,-0.029296875,,,225752,15,1,3,0
1807,225875,686,-241,0.10467529296875,-0.036773681640625,0.10467529296875,-0.036773681640625,,,225877,15,1,3,0
1808,226000,648,-289,0.098876953125,-0.044097900390625,0.098876953125,-0.044097900390625,,,226002,15,1,3,0
1809,226125,610,-337,0.09307861328125,-0.051422119140625,0.09307861328125,-0.051422119140625,,,226127,15,1,3,0
1810,226250,569,-383,0.086822509765625,-0.058441162109375,0.086822509765625,-0.058441162109375,,,226252,15,1,3,0
1811,226375,527,-429,0.080413818359375,-0.065460205078125,0.080413818359375,-0.065460205078125,,,226377,15,1,3,0
1812,226500,484,-473,0.0738525390625,-0.072174072265625,0.0738525390625,-0.072174072265625,,,226502,15,1,3,0
1813,226625,440,-517,0.067138671875,-0.078887939453125,0.067138671875,-0.078887939453125,,,226627,15,1,3,0
1814,226750,395,-559,0.060272216796875,-0.085296630859375,0.060272216796875,-0.085296630859375,,,226752,15,1,3,0
1815,226875,348,-600,0.0531005859375,-0.091552734375,0.0531005859375,-0.091552734375,,,226877,15,1,3,0
1816,227000,301,-639,0.045928955078125,-0.097503662109375,0.045928955078125,-0.097503662109375,,,227002,15,1,3,0
1817,227125,253,-677,0.038604736328125,-0.103302001953125,0.038604736328125,-0.103302001953125,,,227127,15,1,3,0
1818,227250,204,-713,0.0311279296875,-0.108795166015625,0.0311279296875,-0.108795166015625,,,227252,15,1,3,0
1819,227375,155,-747,0.023651123046875,-0.113983154296875,0.023651123046875,-0.113983154296875,,,227377,15,1,3,0
1820,227500,105,-779,0.016021728515625,-0.118865966796875,0.016021728515625,-0.118865966796875,,,227502,15,1,3,0
1821,227625,56,-809,0.008544921875,-0.123443603515625,0.008544921875,-0.123443603515625,,,227627,15,1,3,0
1822,227750,6,-838,0.00091552734375,-0.12786865234375,0.00091552734375,-0.12786865234375,,,227752,15,1,3,0
1823,227875,-43,-864,-0.006561279296875,-0.1318359375,-0.006561279296875,-0.1318359375,,,227877,15,1,3,0
1824,228000,-93,-888,-0.014190673828125,-0.135498046875,-0.014190673828125,-0.135498046875,,,228002,15,1,3,0
1825,228125,-143,-910,-0.021820068359375,-0.13885498046875,-0.021820068359375,-0.13885498046875,,,228127,15,1,3,0
1826,228250,-192,-929,-0.029296875,-0.141754150390625,-0.029296875,-0.141754150390625,,,228252,15,1,3,0
1827,228375,-241,-947,-0.036773681640625,-0.144500732421875,-0.036773681640625,-0.144500732421875,,,228377,15,1,3,0
1828,228500,-289,-961,-0.044097900390625,-0.146636962890625,-0.044097900390625,-0.146636962890625,,,228502,15,1,3,0
1829,228625,-337,-974,-0.051422119140625,-0.14862060546875,-0.051422119140625,-0.14862060546875,,,228627,15,1,3,0
1830,228750,-383,-984,-0.058441162109375,-0.150146484375,-0.058441162109375,-0.150146484375,,,228752,15,1,3,0
1831,228875,-429,-991,-0.065460205078125,-0.151214599609375,-0.065460205078125,-0.151214599609375,,,228877,15,1,3,0
1832,229000,-473,-997,-0.072174072265625,-0.152130126953125,-0.072174072265625,-0.152130126953125,,,229002,15,1,3,0
1833,229125,-517,-999,-0.078887939453125,-0.152435302734375,-0.078887939453125,-0.152435302734375,,,229127,15,1,3,0
1834,229250,-559,-999,-0.085296630859375,-0.152435302734375,-0.085296630859375,-0.152435302734375,,,229252,15,1,3,0
1835,229375,-600,-997,-0.091552734375,-0.152130126953125,-0.091552734375,-0.152130126953125,,,229377,15,1,3,0
1836,229500,-639,-992,-0.097503662109375,-0.1513671875,-0.097503662109375,-0.1513671875,,,229502,15,1,3,0
1837,229625,-677,-985,-0.103302001953125,-0.150299072265625,-0.103302001953125,-0.150299072265625,,,229627,15,1,3,0
1838,229750,-713,-975,-0.108795166015625,-0.148773193359375,-0.108795166015625,-0.148773193359375,,,229752,15,1,3,0
1839,229875,-747,-962,-0.113983154296875,-0.14678955078125,-0.113983154296875,-0.14678955078125,,,229877,15,1,3,0
1840,230000,-779,-948,-0.118865966796875,-0.1446533203125,-0.118865966796875,-0.1446533203125,,,230002,15,1,3,0
1841,230125,-809,-931,-0.123443603515625,-0.142059326171875,-0.123443603515625,-0.142059326171875,,,230127,15,1,3,0
1842,230250,-838,-911,-0.12786865234375,-0.139007568359375,-0.12786865234375,-0.139007568359375,,,230252,15,1,3,0
1843,230375,-864,-890,-0.1318359375,-0.13580322265625,-0.1318359375,-0.13580322265625,,,230377,15,1,3,0
1844,230500,-888,-866,-0.135498046875,-0.13214111328125,-0.135498046875,-0.13214111328125,,,230502,15,1,3,0
1845,230625,-910,-840,-0.13885498046875,-0.128173828125,-0.13885498046875,-0.128173828125,,,230627,15,1,3,0
1846,230750,-929,-812,-0.141754150390625,-0.1239013671875,-0.141754150390625,-0.1239013671875,,,230752,15,1,3,0
1847,230875,-947,-781,-0.144500732421875,-0.119171142578125,-0.144500732421875,-0.119171142578125,,,230877,15,1,3,0
1848,231000,-961,-749,-0.146636962890625,-0.114288330078125,-0.146636962890625,-0.114288330078125,,,231002,15,1,3,0
1849,231125,-974,-715,-0.14862060546875,-0.109100341796875,-0.14862060546875,-0.109100341796875,,,231127,15,1,3,0
1850,231250,-984,-680,-0.150146484375,-0.103759765625,-0.150146484375,-0.103759765625,,,231252,15,1,3,0
1851,231375,-991,-642,-0.151214599609375,-0.09796142578125,-0.151214599609375,-0.09796142578125,,,231377,15,1,3,0
1852,231500,-997,-603,-0.152130126953125,-0.092010498046875,-0.152130126953125,-0.092010498046875,,,231502,15,1,3,0
1853,231625,-999,-562,-0.152435302734375,-0.08575439453125,-0.152435302734375,-0.08575439453125,,,231627,15,1,3,0
1854,231750,-999,-520,-0.152435302734375,-0.079345703125,-0.152435302734375,-0.079345703125,,,231752,15,1,3,0
1855,231875,-997,-477,-0.152130126953125,-0.072784423828125,-0.152130126953125,-0.072784423828125,,,231877,15,1,3,0
1856,232000,-992,-432,-0.1513671875,-0.06591796875,-0.1513671875,-0.06591796875,,,232002,15,1,3,0
1857,232125,-985,-387,-0.150299072265625,-0.059051513671875,-0.150299072265625,-0.059051513671875,,,232127,15,1,3,0
1858,232250,-975,-340,-0.148773193359375,-0.0518798828125,-0.148773193359375,-0.0518798828125,,,232252,15,1,3,0
1859,232375,-962,-293,-0.14678955078125,-0.044708251953125,-0.14678955078125,-0.044708251953125,,,232377,15,1,3,0
1860,232500,-948,-245,-0.1446533203125,-0.037384033203125,-0.1446533203125,-0.037384033203125,,,232502,15,1,3,0
1861,232625,-931,-196,-0.142059326171875,-0.0299072265625,-0.142059326171875,-0.0299072265625,,,232627,15,1,3,0
1862,232750,-911,-147,-0.139007568359375,-0.022430419921875,-0.139007568359375,-0.022430419921875,,,232752,15,1,3,0
1863,232875,-890,-97,-0.13580322265625,-0.014801025390625,-0.13580322265625,-0.014801025390625,,,232877,15,1,3,0
1864,233000,-866,-47,-0.13214111328125,-0.007171630859375,-0.13214111328125,-0.007171630859375,,,233002,15,1,3,0
1865,233125,-840,2,-0.128173828125,0.00030517578125,-0.128173828125,0.00030517578125,,,233127,15,1,3,0
1866,233250,-812,52,-0.1239013671875,0.0079345703125,-0.1239013671875,0.0079345703125,,,233252,15,1,3,0
1867,233375,-781,102,-0.119171142578125,0.01556396484375,-0.119171142578125,0.01556396484375,,,233377,15,1,3,0
1868,233500,-749,151,-0.114288330078125,0.023040771484375,-0.114288330078125,0.023040771484375,,,233502,15,1,3,0
1869,233625,-715,200,-0.109100341796875,0.030517578125,-0.109100341796875,0.030517578125,,,233627,15,1,3,0
1870,233750,-680,249,-0.103759765625,0.037994384765625,-0.103759765625,0.037994384765625,,,233752,15,1,3,0
1871,233875,-642,297,-0.09796142578125,0.045318603515625,-0.09796142578125,0.045318603515625,,,233877,15,1,3,0
1872,234000,-603,344,-0.092010498046875,0.052490234375,-0.092010498046875,0.052490234375,,,234002,15,1,3,0
1873,234125,-562,391,-0.08575439453125,0.059661865234375,-0.08575439453125,0.059661865234375,,,234127,15,1,3,0
1874,234250,-520,436,-0.079345703125,0.0665283203125,-0.079345703125,0.0665283203125,,,234252,15,1,3,0
1875,234375,-477,481,-0.072784423828125,0.073394775390625,-0.072784423828125,0.073394775390625,,,234377,15,1,3,0
1876,234500,-432,524,-0.06591796875,0.0799560546875,-0.06591796875,0.0799560546875,,,234502,15,1,3,0
1877,234625,-387,566,-0.059051513671875,0.08636474609375,-0.059051513671875,0.08636474609375,,,234627,15,1,3,0
1878,234750,-340,606,-0.0518798828125,0.09246826171875,-0.0518798828125,0.09246826171875,,,234752,15,1,3,0
1879,234875,-293,645,-0.044708251953125,0.098419189453125,-0.044708251953125,0.098419189453125,,,234877,15,1,3,0
1880,235000,-245,683,-0.037384033203125,0.104217529296875,-0.037384033203125,0.104217529296875,,,235002,15,1,3,0
1881,235125,-196,718,-0.0299072265625,0.10955810546875,-0.0299072265625,0.10955810546875,,,235127,15,1,3,0
1882,235250,-147,752,-0.022430419921875,0.11474609375,-0.022430419921875,0.11474609375,,,235252,15,1,3,0
1883,235375,-97,784,-0.014801025390625,0.11962890625,-0.014801025390625,0.11962890625,,,235377,15,1,3,0
1884,235500,-47,814,-0.007171630859375,0.12420654296875,-0.007171630859375,0.12420654296875,,,235502,15,1,3,0
1885,235625,2,842,0.00030517578125,0.12847900390625,0.00030517578125,0.12847900390625,,,235627,15,1,3,0
1886,235750,52,868,0.0079345703125,0.1324462890625,0.0079345703125,0.1324462890625,,,235752,15,1,3,0
1887,235875,102,892,0.01556396484375,0.1361083984375,0.01556396484375,0.1361083984375,,,235877,15,1,3,0
1888,236000,151,913,0.023040771484375,0.139312744140625,0.023040771484375,0.139312744140625,,,236002,15,1,3,0
1889,236125,200,932,0.030517578125,0.1422119140625,0.030517578125,0.1422119140625,,,236127,15,1,3,0
1890,236250,249,949,0.037994384765625,0.144805908203125,0.037994384765625,0.144805908203125,,,236252,15,1,3,0
1891,236375,297,964,0.045318603515625,0.1470947265625,0.045318603515625,0.1470947265625,,,236377,15,1,3,0
1892,236500,344,976,0.052490234375,0.14892578125,0.052490234375,0.14892578125,,,236502,15,1,3,0
1893,236625,391,985,0.059661865234375,0.150299072265625,0.059661865234375,0.150299072265625,,,236627,15,1,3,0
1894,236750,436,992,0.0665283203125,0.1513671875,0.0665283203125,0.1513671875,,,236752,15,1,3,0
1895,236875,481,997,0.073394775390625,0.152130126953125,0.073394775390625,0.152130126953125,,,236877,15,1,3,0
1896,237000,524,999,0.0799560546875,0.152435302734375,0.0799560546875,0.152435302734375,,,237002,15,1,3,0
1897,237125,566,999,0.08636474609375,0.152435302734375,0.08636474609375,0.152435302734375,,,237127,15,1,3,0
1898,237250,606,996,0.09246826171875,0.1519775390625,0.09246826171875,0.1519775390625,,,237252,15,1,3,0
1899,237375,645,991,0.098419189453125,0.151214599609375,0.098419189453125,0.151214599609375,,,237377,15,1,3,0
1900,237500,683,983,0.104217529296875,0.149993896484375,0.104217529296875,0.149993896484375,,,237502,15,1,3,0
1901,237625,718,973,0.10955810546875,0.148468017578125,0.10955810546875,0.148468017578125,,,237627,15,1,3,0
1902,237750,752,960,0.11474609375,0.146484375,0.11474609375,0.146484375,,,237752,15,1,3,0
1903,237875,784,945,0.11962890625,0.144195556640625,0.11962890625,0.144195556640625,,,237877,15,1,3,0
1904,238000,814,928,0.12420654296875,0.1416015625,0.12420654296875,0.1416015625,,,238002,15,1,3,0
1905,238125,842,908,0.12847900390625,0.1385498046875,0.12847900390625,0.1385498046875,,,238127,15,1,3,0
1906,238250,868,886,0.1324462890625,0.13519287109375,0.1324462890625,0.13519287109375,,,238252,15,1,3,0
1907,238375,892,862,0.1361083984375,0.13153076171875,0.1361083984375,0.13153076171875,,,238377,15,1,3,0
1908,238500,913,835,0.139312744140625,0.127410888671875,0.139312744140625,0.127410888671875,,,238502,15,1,3,0
1909,238625,932,807,0.1422119140625,0.123138427734375,0.1422119140625,0.123138427734375,,,238627,15,1,3,0
1910,238750,949,776,0.144805908203125,0.118408203125,0.144805908203125,0.118408203125,,,238752,15,1,3,0
1911,238875,964,744,0.1470947265625,0.113525390625,0.1470947265625,0.113525390625,,,238877,15,1,3,0
1912,239000,976,709,0.14892578125,0.108184814453125,0.14892578125,0.108184814453125,,,239002,15,1,3,0
1913,239125,985,673,0.150299072265625,0.102691650390625,0.150299072265625,0.102691650390625,,,239127,15,1,3,0
1914,239250,992,636,0.1513671875,0.0970458984375,0.1513671875,0.0970458984375,,,239252,15,1,3,0
1915,239375,997,596,0.152130126953125,0.0909423828125,0.152130126953125,0.0909423828125,,,239377,15,1,3,0
1916,239500,999,555,0.152435302734375,0.084686279296875,0.152435302734375,0.084686279296875,,,239502,15,1,3,0
1917,239625,999,513,0.152435302734375,0.078277587890625,0.152435302734375,0.078277587890625,,,239627,15,1,3,0
1918,239750,996,470,0.1519775390625,0.07171630859375,0.1519775390625,0.07171630859375,,,239752,15,1,3,0
1919,239875,991,425,0.151214599609375,0.064849853515625,0.151214599609375,0.064849853515625,,,239877,15,1,3,0
1920,240000,983,379,0.149993896484375,0.057830810546875,0.149993896484375,0.057830810546875,,,240002,15,1,3,0
1921,240125,973,332,0.148468017578125,0.0506591796875,0.148468017578125,0.0506591796875,,,240127,15,1,3,0
1922,240250,960,285,0.146484375,0.043487548828125,0.146484375,0.043487548828125,,,240252,15,1,3,0
1923,240375,945,237,0.144195556640625,0.036163330078125,0.144195556640625,0.036163330078125,,,240377,15,1,3,0
1924,240500,928,188,0.1416015625,0.0286865234375,0.1416015625,0.0286865234375,,,240502,15,1,3,0
1925,240625,908,138,0.1385498046875,0.02105712890625,0.1385498046875,0.02105712890625,,,240627,15,1,3,0
1926,240750,886,89,0.13519287109375,0.013580322265625,0.13519287109375,0.013580322265625,,,240752,15,1,3,0
1927,240875,862,39,0.13153076171875,0.005950927734375,0.13153076171875,0.005950927734375,,,240877,15,1,3,0
1928,241000,835,-10,0.127410888671875,-0.00152587890625,0.127410888671875,-0.00152587890625,,,241002,15,1,3,0
1929,241125,807,-60,0.123138427734375,-0.0091552734375,0.123138427734375,-0.0091552734375,,,241127,15,1,3,0
1930,241250,776,-110,0.118408203125,-0.01678466796875,0.118408203125,-0.01678466796875,,,241252,15,1,3,0
1931,241375,744,-159,0.113525390625,-0.024261474609375,0.113525390625,-0.024261474609375,,,241377,15,1,3,0
1932,241500,709,-209,0.108184814453125,-0.031890869140625,0.108184814453125,-0.031890869140625,,,241502,15,1,3,0
1933,241625,673,-257,0.102691650390625,-0.039215087890625,0.102691650390625,-0.039215087890625,,,241627,15,1,3,0
1934,241750,636,-305,0.0970458984375,-0.046539306640625,0.0970458984375,-0.046539306640625,,,241752,15,1,3,0
1935,241875,596,-352,0.0909423828125,-0.0537109375,0.0909423828125,-0.0537109375,,,241877,15,1,3,0
1936,242000,555,-399,0.084686279296875,-0.060882568359375,0.084686279296875,-0.060882568359375,,,242002,15,1,3,0
1937,242125,513,-444,0.078277587890625,-0.0677490234375,0.078277587890625,-0.0677490234375,,,242127,15,1,3,0
1938,242250,470,-488,0.07171630859375,-0.074462890625,0.07171630859375,-0.074462890625,,,242252,15,1,3,0
1939,242375,425,-531,0.064849853515625,-0.081024169921875,0.064849853515625,-0.081024169921875,,,242377,15,1,3,0
1940,242500,379,-573,0.057830810546875,-0.087432861328125,0.057830810546875,-0.087432861328125,,,242502,15,1,3,0
1941,242625,332,-613,0.0506591796875,-0.093536376953125,0.0506591796875,-0.093536376953125,,,242627,15,1,3,0
1942,242750,285,-652,0.043487548828125,-0.0994873046875,0.043487548828125,-0.0994873046875,,,242752,15,1,3,0
1943,242875,237,-689,0.036163330078125,-0.105133056640625,0.036163330078125,-0.105133056640625,,,242877,15,1,3,0
1944,243000,188,-724,0.0286865234375,-0.1104736328125,0.0286865234375,-0.1104736328125,,,243002,15,1,3,0
1945,243125,138,-758,0.02105712890625,-0.11566162109375,0.02105712890625,-0.11566162109375,,,243127,15,1,3,0
1946,243250,89,-789,0.013580322265625,-0.120391845703125,0.013580322265625,-0.120391845703125,,,243252,15,1,3,0
1947,243375,39,-819,0.005950927734375,-0.124969482421875,0.005950927734375,-0.124969482421875,,,243377,15,1,3,0
1948,243500,-10,-847,-0.00152587890625,-0.129241943359375,-0.00152587890625,-0.129241943359375,,,243502,15,1,3,0
1949,243625,-60,-872,-0.0091552734375,-0.133056640625,-0.0091552734375,-0.133056640625,,,243627,15,1,3,0
1950,243750,-110,-895,-0.01678466796875,-0.136566162109375,-0.01678466796875,-0.136566162109375,,,243752,15,1,3,0
1951,243875,-159,-917,-0.024261474609375,-0.139923095703125,-0.024261474609375,-0.139923095703125,,,243877,15,1,3,0
1952,244000,-209,-935,-0.031890869140625,-0.142669677734375,-0.031890869140625,-0.142669677734375,,,244002,15,1,3,0
1953,244125,-257,-952,-0.039215087890625,-0.145263671875,-0.039215087890625,-0.145263671875,,,244127,15,1,3,0
1954,244250,-305,-966,-0.046539306640625,-0.14739990234375,-0.046539306640625,-0.14739990234375,,,244252,15,1,3,0
1955,244375,-352,-977,-0.0537109375,-0.149078369140625,-0.0537109375,-0.149078369140625,,,244377,15,1,3,0
1956,244500,-399,-987,-0.060882568359375,-0.150604248046875,-0.060882568359375,-0.150604248046875,,,244502,15,1,3,0
1957,244625,-444,-993,-0.0677490234375,-0.151519775390625,-0.0677490234375,-0.151519775390625,,,244627,15,1,3,0
1958,244750,-488,-998,-0.074462890625,-0.15228271484375,-0.074462890625,-0.15228271484375,,,244752,15,1,3,0
1959,244875,-531,-999,-0.081024169921875,-0.152435302734375,-0.081024169921875,-0.152435302734375,,,244877,15,1,3,0
1960,245000,-573,-999,-0.087432861328125,-0.152435302734375,-0.087432861328125,-0.152435302734375,,,245002,15,1,3,0
1961,245125,-613,-995,-0.093536376953125,-0.151824951171875,-0.093536376953125,-0.151824951171875,,,245127,15,1,3,0
1962,245250,-652,-990,-0.0994873046875,-0.15106201171875,-0.0994873046875,-0.15106201171875,,,245252,15,1,3,0
1963,245375,-689,-982,-0.105133056640625,-0.14984130859375,-0.105133056640625,-0.14984130859375,,,245377,15,1,3,0
1964,245500,-724,-971,-0.1104736328125,-0.148162841796875,-0.1104736328125,-0.148162841796875,,,245502,15,1,3,0
1965,245625,-758,-958,-0.11566162109375,-0.14617919921875,-0.11566162109375,-0.14617919921875,,,245627,15,1,3,0
1966,245750,-789,-942,-0.120391845703125,-0.14373779296875,-0.120391845703125,-0.14373779296875,,,245752,15,1,3,0
1967,245875,-819,-924,-0.124969482421875,-0.1409912109375,-0.124969482421875,-0.1409912109375,,,245877,15,1,3,0
1968,246000,-847,-904,-0.129241943359375,-0.137939453125,-0.129241943359375,-0.137939453125,,,246002,15,1,3,0
1969,246125,-872,-882,-0.133056640625,-0.13458251953125,-0.133056640625,-0.13458251953125,,,246127,15,1,3,0
1970,246250,-895,-857,-0.136566162109375,-0.130767822265625,-0.136566162109375,-0.130767822265625,,,246252,15,1,3,0
1971,246375,-917,-831,-0.139923095703125,-0.126800537109375,-0.139923095703125,-0.126800537109375,,,246377,15,1,3,0
1972,246500,-935,-802,-0.142669677734375,-0.12237548828125,-0.142669677734375,-0.12237548828125,,,246502,15,1,3,0
1973,246625,-952,-771,-0.145263671875,-0.117645263671875,-0.145263671875,-0.117645263671875,,,246627,15,1,3,0
1974,246750,-966,-738,-0.14739990234375,-0.11260986328125,-0.14739990234375,-0.11260986328125,,,246752,15,1,3,0
1975,246875,-977,-703,-0.149078369140625,-0.107269287109375,-0.149078369140625,-0.107269287109375,,,246877,15,1,3,0
1976,247000,-987,-667,-0.150604248046875,-0.101776123046875,-0.150604248046875,-0.101776123046875,,,247002,15,1,3,0
1977,247125,-993,-629,-0.151519775390625,-0.095977783203125,-0.151519775390625,-0.095977783203125,,,247127,15,1,3,0
1978,247250,-998,-589,-0.15228271484375,-0.089874267578125,-0.15228271484375,-0.089874267578125,,,247252,15,1,3,0
1979,247375,-999,-548,-0.152435302734375,-0.0836181640625,-0.152435302734375,-0.0836181640625,,,247377,15,1,3,0
1980,247500,-999,-506,-0.152435302734375,-0.07720947265625,-0.152435302734375,-0.07720947265625,,,247502,15,1,3,0
1981,247625,-995,-462,-0.151824951171875,-0.07049560546875,-0.151824951171875,-0.07049560546875,,,247627,15,1,3,0
1982,247750,-990,-417,-0.15106201171875,-0.063629150390625,-0.15106201171875,-0.063629150390625,,,247752,15,1,3,0
1983,247875,-982,-371,-0.14984130859375,-0.056610107421875,-0.14984130859375,-0.056610107421875,,,247877,15,1,3,0
1984,248000,-971,-324,-0.148162841796875,-0.0494384765625,-0.148162841796875,-0.0494384765625,,,248002,15,1,3,0
1985,248125,-958,-277,-0.14617919921875,-0.042266845703125,-0.14617919921875,-0.042266845703125,,,248127,15,1,3,0
1986,248250,-942,-228,-0.14373779296875,-0.0347900390625,-0.14373779296875,-0.0347900390625,,,248252,15,1,3,0
1987,248375,-924,-179,-0.1409912109375,-0.027313232421875,-0.1409912109375,-0.027313232421875,,,248377,15,1,3,0
1988,248500,-904,-130,-0.137939453125,-0.01983642578125,-0.137939453125,-0.01983642578125,,,248502,15,1,3,0
1989,248625,-882,-80,-0.13458251953125,-0.01220703125,-0.13458251953125,-0.01220703125,,,248627,15,1,3,0
1990,248750,-857,-30,-0.130767822265625,-0.00457763671875,-0.130767822265625,-0.00457763671875,,,248752,15,1,3,0
1991,248875,-831,19,-0.126800537109375,0.002899169921875,-0.126800537109375,0.002899169921875,,,248877,15,1,3,0
1992,249000,-802,68,-0.12237548828125,0.0103759765625,-0.12237548828125,0.0103759765625,,,249002,15,1,3,0
1993,249125,-771,118,-0.117645263671875,0.01800537109375,-0.117645263671875,0.01800537109375,,,249127,15,1,3,0
1994,249250,-738,168,-0.11260986328125,0.025634765625,-0.11260986328125,0.025634765625,,,249252,15,1,3,0
1995,249375,-703,217,-0.107269287109375,0.033111572265625,-0.107269287109375,0.033111572265625,,,249377,15,1,3,0
1996,249500,-667,265,-0.101776123046875,0.040435791015625,-0.101776123046875,0.040435791015625,,,249502,15,1,3,0
1997,249625,-629,313,-0.095977783203125,0.047760009765625,-0.095977783203125,0.047760009765625,,,249627,15,1,3,0
1998,249750,-589,360,-0.089874267578125,0.054931640625,-0.089874267578125,0.054931640625,,,249752,15,1,3,0
1999,249875,-548,406,-0.0836181640625,0.06195068359375,-0.0836181640625,0.06195068359375,,,249877,15,1,3,0
2000,250000,-506,452,-0.07720947265625,0.0689697265625,-0.07720947265625,0.0689697265625,,,250002,15,1,3,0
