sequence,conversion_trigger_host_us,ch0_raw,ch1_raw,ch0_adc_input_v,ch1_adc_input_v,ch0_myoware_raw_v_estimate,ch1_myoware_raw_v_estimate,adc_status,adc_crc,read_start_us,read_duration_us,elapsed_slots,active_mask,flags
1,928221,6554,13107,1.00006103515625,1.999969482421875,1.00006103515625,1.999969482421875,,,928228,24,1,3,0
2,928347,6554,13107,1.00006103515625,1.999969482421875,1.00006103515625,1.999969482421875,,,928354,23,1,3,0
3,928472,6554,13107,1.00006103515625,1.999969482421875,1.00006103515625,1.999969482421875,,,928479,24,1,3,0
4,928597,6554,13107,1.00006103515625,1.999969482421875,1.00006103515625,1.999969482421875,,,928604,24,1,3,0
5,928722,6554,13107,1.00006103515625,1.999969482421875,1.00006103515625,1.999969482421875,,,928729,24,1,3,0
6,928848,6554,13107,1.00006103515625,1.999969482421875,1.00006103515625,1.999969482421875,,,928855,23,1,3,0
7,928973,6554,13107,1.00006103515625,1.999969482421875,1.00006103515625,1.999969482421875,,,928980,24,1,3,0
8,929098,6554,13107,1.00006103515625,1.999969482421875,1.00006103515625,1.999969482421875,,,929105,24,1,3,0
9,929223,6554,13107,1.00006103515625,1.999969482421875,1.00006103515625,1.999969482421875,,,929230,24,1,3,0
10,929349,6554,13107,1.00006103515625,1.999969482421875,1.00006103515625,1.999969482421875,,,929356,23,1,3,0
11,929474,6554,13107,1.00006103515625,1.999969482421875,1.00006103515625,1.999969482421875,,,929481,24,1,3,0
12,929599,6554,13107,1.00006103515625,1.999969482421875,1.00006103515625,1.999969482421875,,,929606,24,1,3,0
13,929724,6554,13107,1.00006103515625,1.999969482421875,1.00006103515625,1.999969482421875,,,929731,24,1,3,0
14,929850,6554,13107,1.00006103515625,1.999969482421875,1.00006103515625,1.999969482421875,,,929857,23,1,3,0
15,929975,6554,13107,1.00006103515625,1.999969482421875,1.00006103515625,1.999969482421875,,,929982,24,1,3,0
16,930100,6554,13107,1.00006103515625,1.999969482421875,1.00006103515625,1.999969482421875,,,930107,24,1,3,0
17,930225,6554,13107,1.00006103515625,1.999969482421875,1.00006103515625,1.999969482421875,,,930232,24,1,3,0
18,930351,6554,13107,1.00006103515625,1.999969482421875,1.00006103515625,1.999969482421875,,,930358,23,1,3,0
19,930476,6554,13107,1.00006103515625,1.999969482421875,1.00006103515625,1.999969482421875,,,930483,24,1,3,0
20,930601,6554,13107,1.00006103515625,1.999969482421875,1.00006103515625,1.999969482421875,,,930608,24,1,3,0
21,930726,6554,13107,1.00006103515625,1.999969482421875,1.00006103515625,1.999969482421875,,,930733,24,1,3,0
22,930852,6554,13107,1.00006103515625,1.999969482421875,1.00006103515625,1.999969482421875,,,930859,23,1,3,0
23,930977,6554,13107,1.00006103515625,1.999969482421875,1.00006103515625,1.999969482421875,,,930984,24,1,3,0
24,931102,6554,13107,1.00006103515625,1.999969482421875,1.00006103515625,1.999969482421875,,,931109,24,1,3,0
25,931227,6554,13107,1.00006103515625,1.999969482421875,1.00006103515625,1.999969482421875,,,931234,24,1,3,0
26,931353,6554,13107,1.00006103515625,1.999969482421875,1.00006103515625,1.999969482421875,,,931360,24,1,3,0
27,931478,6554,13107,1.00006103515625,1.999969482421875,1.00006103515625,1.999969482421875,,,931485,24,1,3,0
28,931603,6554,13107,1.00006103515625,1.999969482421875,1.00006103515625,1.999969482421875,,,931610,24,1,3,0
29,931728,6554,13107,1.00006103515625,1.999969482421875,1.00006103515625,1.999969482421875,,,931735,24,1,3,0
30,931854,6554,13107,1.00006103515625,1.999969482421875,1.00006103515625,1.999969482421875,,,931861,23,1,3,0
31,931979,6554,13107,1.00006103515625,1.999969482421875,1.00006103515625,1.999969482421875,,,931986,24,1,3,0
32,932104,6554,13107,1.00006103515625,1.999969482421875,1.00006103515625,1.999969482421875,,,932111,24,1,3,0
33,932229,6554,13107,1.00006103515625,1.999969482421875,1.00006103515625,1.999969482421875,,,932237,23,1,3,0
34,932355,6554,13107,1.00006103515625,1.999969482421875,1.00006103515625,1.999969482421875,,,932362,23,1,3,0
35,932480,6554,13107,1.00006103515625,1.999969482421875,1.00006103515625,1.999969482421875,,,932487,24,1,3,0
36,932605,6554,13107,1.00006103515625,1.999969482421875,1.00006103515625,1.999969482421875,,,932612,26,1,3,0
37,932730,6554,13107,1.00006103515625,1.999969482421875,1.00006103515625,1.999969482421875,,,932737,24,1,3,0
38,932856,6554,13107,1.00006103515625,1.999969482421875,1.00006103515625,1.999969482421875,,,932863,23,1,3,0
39,932981,6554,13107,1.00006103515625,1.999969482421875,1.00006103515625,1.999969482421875,,,932988,24,1,3,0
40,933106,6554,13107,1.00006103515625,1.999969482421875,1.00006103515625,1.999969482421875,,,933113,24,1,3,0
41,933231,6554,13107,1.00006103515625,1.999969482421875,1.00006103515625,1.999969482421875,,,933238,24,1,3,0
42,933357,6554,13107,1.00006103515625,1.999969482421875,1.00006103515625,1.999969482421875,,,933364,23,1,3,0
43,933482,6554,13107,1.00006103515625,1.999969482421875,1.00006103515625,1.999969482421875,,,933489,24,1,3,0
44,933607,6554,13107,1.00006103515625,1.999969482421875,1.00006103515625,1.999969482421875,,,933614,26,1,3,0
45,933732,6554,13107,1.00006103515625,1.999969482421875,1.00006103515625,1.999969482421875,,,933739,24,1,3,0
46,933858,6554,13107,1.00006103515625,1.999969482421875,1.00006103515625,1.999969482421875,,,933865,23,1,3,0
47,933983,6554,13107,1.00006103515625,1.999969482421875,1.00006103515625,1.999969482421875,,,933990,24,1,3,0
48,934108,6554,13107,1.00006103515625,1.999969482421875,1.00006103515625,1.999969482421875,,,934115,24,1,3,0
49,934233,6554,13107,1.00006103515625,1.999969482421875,1.00006103515625,1.999969482421875,,,934240,24,1,3,0
50,934359,6554,13107,1.00006103515625,1.999969482421875,1.00006103515625,1.999969482421875,,,934366,23,1,3,0
51,934484,6554,13107,1.00006103515625,1.999969482421875,1.00006103515625,1.999969482421875,,,934491,24,1,3,0
52,934609,6554,13107,1.00006103515625,1.999969482421875,1.00006103515625,1.999969482421875,,,934616,24,1,3,0
53,934734,6554,13107,1.00006103515625,1.999969482421875,1.00006103515625,1.999969482421875,,,934741,24,1,3,0
54,934860,6554,13107,1.00006103515625,1.999969482421875,1.00006103515625,1.999969482421875,,,934867,23,1,3,0
55,934985,6554,13107,1.00006103515625,1.999969482421875,1.00006103515625,1.999969482421875,,,934992,24,1,3,0
56,935110,6554,13107,1.00006103515625,1.999969482421875,1.00006103515625,1.999969482421875,,,935117,24,1,3,0
57,935235,6554,13107,1.00006103515625,1.999969482421875,1.00006103515625,1.999969482421875,,,935242,24,1,3,0
58,935361,6554,13107,1.00006103515625,1.999969482421875,1.00006103515625,1.999969482421875,,,935368,23,1,3,0
59,935486,6554,13107,1.00006103515625,1.999969482421875,1.00006103515625,1.999969482421875,,,935493,24,1,3,0
60,935611,6554,13107,1.00006103515625,1.999969482421875,1.00006103515625,1.999969482421875,,,935618,24,1,3,0
61,935736,6554,13107,1.00006103515625,1.999969482421875,1.00006103515625,1.999969482421875,,,935743,24,1,3,0
62,935862,6554,13107,1.00006103515625,1.999969482421875,1.00006103515625,1.999969482421875,,,935869,23,1,3,0
63,935987,6554,13107,1.00006103515625,1.999969482421875,1.00006103515625,1.999969482421875,,,935994,24,1,3,0
64,936112,6554,13107,1.00006103515625,1.999969482421875,1.00006103515625,1.999969482421875,,,936119,24,1,3,0
65,936237,6554,13107,1.00006103515625,1.999969482421875,1.00006103515625,1.999969482421875,,,936244,24,1,3,0
66,936363,6554,13107,1.00006103515625,1.999969482421875,1.00006103515625,1.999969482421875,,,936370,23,1,3,0
67,936488,6554,13107,1.00006103515625,1.999969482421875,1.00006103515625,1.999969482421875,,,936495,24,1,3,0
68,936613,6554,13107,1.00006103515625,1.999969482421875,1.00006103515625,1.999969482421875,,,936620,24,1,3,0
69,936738,6554,13107,1.00006103515625,1.999969482421875,1.00006103515625,1.999969482421875,,,936745,24,1,3,0
70,936864,6554,13107,1.00006103515625,1.999969482421875,1.00006103515625,1.999969482421875,,,936871,23,1,3,0
71,936989,6554,13107,1.00006103515625,1.999969482421875,1.00006103515625,1.999969482421875,,,936996,24,1,3,0
72,937114,6554,13107,1.00006103515625,1.999969482421875,1.00006103515625,1.999969482421875,,,937121,24,1,3,0
73,937239,6554,13107,1.00006103515625,1.999969482421875,1.00006103515625,1.999969482421875,,,937246,24,1,3,0
74,937365,6554,13107,1.00006103515625,1.999969482421875,1.00006103515625,1.999969482421875,,,937372,23,1,3,0
75,937490,6554,13107,1.00006103515625,1.999969482421875,1.00006103515625,1.999969482421875,,,937497,24,1,3,0
76,937615,6554,13107,1.00006103515625,1.999969482421875,1.00006103515625,1.999969482421875,,,937622,24,1,3,0
77,937740,6554,13107,1.00006103515625,1.999969482421875,1.00006103515625,1.999969482421875,,,937748,23,1,3,0
78,937866,6554,13107,1.00006103515625,1.999969482421875,1.00006103515625,1.999969482421875,,,937873,23,1,3,0
79,937991,6554,13107,1.00006103515625,1.999969482421875,1.00006103515625,1.999969482421875,,,937998,24,1,3,0
80,938116,6554,13107,1.00006103515625,1.999969482421875,1.00006103515625,1.999969482421875,,,938123,24,1,3,0
81,938241,6554,13107,1.00006103515625,1.999969482421875,1.00006103515625,1.999969482421875,,,938249,23,1,3,0
82,938367,6554,13107,1.00006103515625,1.999969482421875,1.00006103515625,1.999969482421875,,,938374,23,1,3,0
83,938492,6554,13107,1.00006103515625,1.999969482421875,1.00006103515625,1.999969482421875,,,938500,23,1,3,0
84,938617,6554,13107,1.00006103515625,1.999969482421875,1.00006103515625,1.999969482421875,,,938624,24,1,3,0
85,938742,6554,13107,1.00006103515625,1.999969482421875,1.00006103515625,1.999969482421875,,,938750,23,1,3,0
86,938868,6554,13107,1.00006103515625,1.999969482421875,1.00006103515625,1.999969482421875,,,938875,23,1,3,0
87,938993,6554,13107,1.00006103515625,1.999969482421875,1.00006103515625,1.999969482421875,,,939000,24,1,3,0
88,939118,6554,13107,1.00006103515625,1.999969482421875,1.00006103515625,1.999969482421875,,,939125,24,1,3,0
89,939243,6554,13107,1.00006103515625,1.999969482421875,1.00006103515625,1.999969482421875,,,939251,23,1,3,0
90,939369,6554,13107,1.00006103515625,1.999969482421875,1.00006103515625,1.999969482421875,,,939376,23,1,3,0
91,939494,6554,13107,1.00006103515625,1.999969482421875,1.00006103515625,1.999969482421875,,,939503,24,1,3,0
92,939619,6554,13107,1.00006103515625,1.999969482421875,1.00006103515625,1.999969482421875,,,939626,24,1,3,0
93,939744,6554,13107,1.00006103515625,1.999969482421875,1.00006103515625,1.999969482421875,,,939752,23,1,3,0
94,939870,6554,13107,1.00006103515625,1.999969482421875,1.00006103515625,1.999969482421875,,,939877,23,1,3,0
95,939995,6554,13107,1.00006103515625,1.999969482421875,1.00006103515625,1.999969482421875,,,940002,24,1,3,0
96,940120,6554,13107,1.00006103515625,1.999969482421875,1.00006103515625,1.999969482421875,,,940127,24,1,3,0
97,940245,6554,13107,1.00006103515625,1.999969482421875,1.00006103515625,1.999969482421875,,,940253,23,1,3,0
98,940371,6554,13107,1.00006103515625,1.999969482421875,1.00006103515625,1.999969482421875,,,940378,23,1,3,0
99,940496,6554,13107,1.00006103515625,1.999969482421875,1.00006103515625,1.999969482421875,,,940503,24,1,3,0
100,940621,6554,13107,1.00006103515625,1.999969482421875,1.00006103515625,1.999969482421875,,,940628,24,1,3,0
101,940746,6554,13107,1.00006103515625,1.999969482421875,1.00006103515625,1.999969482421875,,,940754,23,1,3,0
102,940872,6554,13107,1.00006103515625,1.999969482421875,1.00006103515625,1.999969482421875,,,940879,24,1,3,0
103,940997,6554,13107,1.00006103515625,1.999969482421875,1.00006103515625,1.999969482421875,,,941004,24,1,3,0
104,941122,6554,13107,1.00006103515625,1.999969482421875,1.00006103515625,1.999969482421875,,,941129,24,1,3,0
105,941247,6554,13107,1.00006103515625,1.999969482421875,1.00006103515625,1.999969482421875,,,941255,23,1,3,0
106,941373,6554,13107,1.00006103515625,1.999969482421875,1.00006103515625,1.999969482421875,,,941380,23,1,3,0
107,941498,6554,13107,1.00006103515625,1.999969482421875,1.00006103515625,1.999969482421875,,,941505,24,1,3,0
108,941623,6554,13107,1.00006103515625,1.999969482421875,1.00006103515625,1.999969482421875,,,941630,27,1,3,0
109,941748,6554,13107,1.00006103515625,1.999969482421875,1.00006103515625,1.999969482421875,,,941756,23,1,3,0
110,941874,6554,13107,1.00006103515625,1.999969482421875,1.00006103515625,1.999969482421875,,,941881,23,1,3,0
111,941999,6554,13107,1.00006103515625,1.999969482421875,1.00006103515625,1.999969482421875,,,942006,24,1,3,0
112,942124,6554,13107,1.00006103515625,1.999969482421875,1.00006103515625,1.999969482421875,,,942131,24,1,3,0
113,942249,6554,13107,1.00006103515625,1.999969482421875,1.00006103515625,1.999969482421875,,,942257,23,1,3,0
114,942375,6554,13107,1.00006103515625,1.999969482421875,1.00006103515625,1.999969482421875,,,942382,23,1,3,0
115,942500,6554,13107,1.00006103515625,1.999969482421875,1.00006103515625,1.999969482421875,,,942507,24,1,3,0
116,942625,6554,13107,1.00006103515625,1.999969482421875,1.00006103515625,1.999969482421875,,,942632,27,1,3,0
117,942750,6554,13107,1.00006103515625,1.999969482421875,1.00006103515625,1.999969482421875,,,942758,23,1,3,0
118,942876,6554,13107,1.00006103515625,1.999969482421875,1.00006103515625,1.999969482421875,,,942883,24,1,3,0
119,943001,6554,13107,1.00006103515625,1.999969482421875,1.00006103515625,1.999969482421875,,,943008,24,1,3,0
120,943126,6554,13107,1.00006103515625,1.999969482421875,1.00006103515625,1.999969482421875,,,943133,24,1,3,0
121,943251,6554,13107,1.00006103515625,1.999969482421875,1.00006103515625,1.999969482421875,,,943259,23,1,3,0
122,943377,6554,13107,1.00006103515625,1.999969482421875,1.00006103515625,1.999969482421875,,,943384,24,1,3,0
123,943502,6554,13107,1.00006103515625,1.999969482421875,1.00006103515625,1.999969482421875,,,943509,24,1,3,0
124,943627,6554,13107,1.00006103515625,1.999969482421875,1.00006103515625,1.999969482421875,,,943634,26,1,3,0
125,943752,6554,13107,1.00006103515625,1.999969482421875,1.00006103515625,1.999969482421875,,,943760,23,1,3,0
126,943878,6554,13107,1.00006103515625,1.999969482421875,1.00006103515625,1.999969482421875,,,943885,24,1,3,0
127,944003,6554,13107,1.00006103515625,1.999969482421875,1.00006103515625,1.999969482421875,,,944010,24,1,3,0
128,944128,6554,13107,1.00006103515625,1.999969482421875,1.00006103515625,1.999969482421875,,,944135,24,1,3,0
129,944253,6554,13107,1.00006103515625,1.999969482421875,1.00006103515625,1.999969482421875,,,944261,23,1,3,0
130,944379,6554,13107,1.00006103515625,1.999969482421875,1.00006103515625,1.999969482421875,,,944386,24,1,3,0
131,944504,6554,13107,1.00006103515625,1.999969482421875,1.00006103515625,1.999969482421875,,,944511,24,1,3,0
132,944629,6554,13107,1.00006103515625,1.999969482421875,1.00006103515625,1.999969482421875,,,944639,24,1,3,0
133,944755,6554,13107,1.00006103515625,1.999969482421875,1.00006103515625,1.999969482421875,,,944762,23,1,3,0
134,944880,6554,13107,1.00006103515625,1.999969482421875,1.00006103515625,1.999969482421875,,,944887,24,1,3,0
135,945005,6554,13107,1.00006103515625,1.999969482421875,1.00006103515625,1.999969482421875,,,945012,24,1,3,0
136,945130,6554,13107,1.00006103515625,1.999969482421875,1.00006103515625,1.999969482421875,,,945139,23,1,3,0
137,945256,6554,13107,1.00006103515625,1.999969482421875,1.00006103515625,1.999969482421875,,,945263,23,1,3,0
138,945381,6554,13107,1.00006103515625,1.999969482421875,1.00006103515625,1.999969482421875,,,945388,24,1,3,0
139,945506,6554,13107,1.00006103515625,1.999969482421875,1.00006103515625,1.999969482421875,,,945513,24,1,3,0
140,945631,6554,13107,1.00006103515625,1.999969482421875,1.00006103515625,1.999969482421875,,,945641,23,1,3,0
141,945757,6554,13107,1.00006103515625,1.999969482421875,1.00006103515625,1.999969482421875,,,945764,23,1,3,0
142,945882,6554,13107,1.00006103515625,1.999969482421875,1.00006103515625,1.999969482421875,,,945889,24,1,3,0
143,946007,6554,13107,1.00006103515625,1.999969482421875,1.00006103515625,1.999969482421875,,,946014,24,1,3,0
144,946132,6554,13107,1.00006103515625,1.999969482421875,1.00006103515625,1.999969482421875,,,946141,24,1,3,0
145,946258,6554,13107,1.00006103515625,1.999969482421875,1.00006103515625,1.999969482421875,,,946265,23,1,3,0
146,946383,6554,13107,1.00006103515625,1.999969482421875,1.00006103515625,1.999969482421875,,,946392,23,1,3,0
147,946508,6554,13107,1.00006103515625,1.999969482421875,1.00006103515625,1.999969482421875,,,946516,24,1,3,0
148,946633,6554,13107,1.00006103515625,1.999969482421875,1.00006103515625,1.999969482421875,,,946642,23,1,3,0
149,946759,6554,13107,1.00006103515625,1.999969482421875,1.00006103515625,1.999969482421875,,,946766,23,1,3,0
150,946884,6554,13107,1.00006103515625,1.999969482421875,1.00006103515625,1.999969482421875,,,946891,24,1,3,0
151,947009,6554,13107,1.00006103515625,1.999969482421875,1.00006103515625,1.999969482421875,,,947016,24,1,3,0
152,947134,6554,13107,1.00006103515625,1.999969482421875,1.00006103515625,1.999969482421875,,,947142,24,1,3,0
153,947260,6554,13107,1.00006103515625,1.999969482421875,1.00006103515625,1.999969482421875,,,947267,23,1,3,0
154,947385,6554,13107,1.00006103515625,1.999969482421875,1.00006103515625,1.999969482421875,,,947393,24,1,3,0
155,947510,6554,13107,1.00006103515625,1.999969482421875,1.00006103515625,1.999969482421875,,,947518,24,1,3,0
156,947635,6554,13107,1.00006103515625,1.999969482421875,1.00006103515625,1.999969482421875,,,947644,24,1,3,0
157,947761,6554,13107,1.00006103515625,1.999969482421875,1.00006103515625,1.999969482421875,,,947768,23,1,3,0
158,947886,6554,13107,1.00006103515625,1.999969482421875,1.00006103515625,1.999969482421875,,,947893,24,1,3,0
159,948011,6554,13107,1.00006103515625,1.999969482421875,1.00006103515625,1.999969482421875,,,948018,24,1,3,0
160,948136,6554,13107,1.00006103515625,1.999969482421875,1.00006103515625,1.999969482421875,,,948143,24,1,3,0
161,948262,6554,13107,1.00006103515625,1.999969482421875,1.00006103515625,1.999969482421875,,,948269,23,1,3,0
162,948387,6554,13107,1.00006103515625,1.999969482421875,1.00006103515625,1.999969482421875,,,948394,24,1,3,0
163,948512,6554,13107,1.00006103515625,1.999969482421875,1.00006103515625,1.999969482421875,,,948521,24,1,3,0
164,948637,6554,13107,1.00006103515625,1.999969482421875,1.00006103515625,1.999969482421875,,,948646,23,1,3,0
165,948762,6554,13107,1.00006103515625,1.999969482421875,1.00006103515625,1.999969482421875,,,948770,23,1,3,0
166,948888,6554,13107,1.00006103515625,1.999969482421875,1.00006103515625,1.999969482421875,,,948895,23,1,3,0
167,949013,6554,13107,1.00006103515625,1.999969482421875,1.00006103515625,1.999969482421875,,,949020,24,1,3,0
168,949138,6554,13107,1.00006103515625,1.999969482421875,1.00006103515625,1.999969482421875,,,949145,24,1,3,0
169,949263,6554,13107,1.00006103515625,1.999969482421875,1.00006103515625,1.999969482421875,,,949271,23,1,3,0
170,949389,6554,13107,1.00006103515625,1.999969482421875,1.00006103515625,1.999969482421875,,,949396,23,1,3,0
171,949514,6554,13107,1.00006103515625,1.999969482421875,1.00006103515625,1.999969482421875,,,949521,24,1,3,0
172,949639,6554,13107,1.00006103515625,1.999969482421875,1.00006103515625,1.999969482421875,,,949646,23,1,3,0
173,949765,6554,13107,1.00006103515625,1.999969482421875,1.00006103515625,1.999969482421875,,,949772,24,1,3,0
174,949890,6554,13107,1.00006103515625,1.999969482421875,1.00006103515625,1.999969482421875,,,949897,24,1,3,0
175,950015,6554,13107,1.00006103515625,1.999969482421875,1.00006103515625,1.999969482421875,,,950022,24,1,3,0
176,950141,6554,13107,1.00006103515625,1.999969482421875,1.00006103515625,1.999969482421875,,,950148,23,1,3,0
177,950266,6554,13107,1.00006103515625,1.999969482421875,1.00006103515625,1.999969482421875,,,950273,24,1,3,0
178,950391,6554,13107,1.00006103515625,1.999969482421875,1.00006103515625,1.999969482421875,,,950398,24,1,3,0
179,950516,6554,13107,1.00006103515625,1.999969482421875,1.00006103515625,1.999969482421875,,,950523,24,1,3,0
180,950643,6554,13107,1.00006103515625,1.999969482421875,1.00006103515625,1.999969482421875,,,950650,23,1,3,0
181,950767,6554,13107,1.00006103515625,1.999969482421875,1.00006103515625,1.999969482421875,,,950774,24,1,3,0
182,950892,6554,13107,1.00006103515625,1.999969482421875,1.00006103515625,1.999969482421875,,,950899,24,1,3,0
183,951017,6554,13107,1.00006103515625,1.999969482421875,1.00006103515625,1.999969482421875,,,951024,24,1,3,0
184,951143,6554,13107,1.00006103515625,1.999969482421875,1.00006103515625,1.999969482421875,,,951150,23,1,3,0
185,951268,6554,13107,1.00006103515625,1.999969482421875,1.00006103515625,1.999969482421875,,,951275,24,1,3,0
186,951393,6554,13107,1.00006103515625,1.999969482421875,1.00006103515625,1.999969482421875,,,951400,24,1,3,0
187,951518,6554,13107,1.00006103515625,1.999969482421875,1.00006103515625,1.999969482421875,,,951526,24,1,3,0
188,951644,6554,13107,1.00006103515625,1.999969482421875,1.00006103515625,1.999969482421875,,,951651,23,1,3,0
189,951769,6554,13107,1.00006103515625,1.999969482421875,1.00006103515625,1.999969482421875,,,951776,24,1,3,0
190,951894,6554,13107,1.00006103515625,1.999969482421875,1.00006103515625,1.999969482421875,,,951901,24,1,3,0
191,952019,6554,13107,1.00006103515625,1.999969482421875,1.00006103515625,1.999969482421875,,,952026,24,1,3,0
192,952145,6554,13107,1.00006103515625,1.999969482421875,1.00006103515625,1.999969482421875,,,952152,23,1,3,0
193,952270,6554,13107,1.00006103515625,1.999969482421875,1.00006103515625,1.999969482421875,,,952277,24,1,3,0
194,952395,6554,13107,1.00006103515625,1.999969482421875,1.00006103515625,1.999969482421875,,,952402,24,1,3,0
195,952520,6554,13107,1.00006103515625,1.999969482421875,1.00006103515625,1.999969482421875,,,952527,24,1,3,0
196,952646,6554,13107,1.00006103515625,1.999969482421875,1.00006103515625,1.999969482421875,,,952653,23,1,3,0
197,952771,6554,13107,1.00006103515625,1.999969482421875,1.00006103515625,1.999969482421875,,,952778,24,1,3,0
198,952896,6554,13107,1.00006103515625,1.999969482421875,1.00006103515625,1.999969482421875,,,952903,24,1,3,0
199,953021,6554,13107,1.00006103515625,1.999969482421875,1.00006103515625,1.999969482421875,,,953028,24,1,3,0
200,953147,6554,13107,1.00006103515625,1.999969482421875,1.00006103515625,1.999969482421875,,,953154,23,1,3,0
201,953272,6554,13107,1.00006103515625,1.999969482421875,1.00006103515625,1.999969482421875,,,953279,24,1,3,0
202,953397,6554,13107,1.00006103515625,1.999969482421875,1.00006103515625,1.999969482421875,,,953404,24,1,3,0
203,953523,6554,13107,1.00006103515625,1.999969482421875,1.00006103515625,1.999969482421875,,,953530,23,1,3,0
204,953648,6554,13107,1.00006103515625,1.999969482421875,1.00006103515625,1.999969482421875,,,953655,24,1,3,0
205,953773,6554,13107,1.00006103515625,1.999969482421875,1.00006103515625,1.999969482421875,,,953780,24,1,3,0
206,953898,6554,13107,1.00006103515625,1.999969482421875,1.00006103515625,1.999969482421875,,,953905,24,1,3,0
207,954024,6554,13107,1.00006103515625,1.999969482421875,1.00006103515625,1.999969482421875,,,954031,23,1,3,0
208,954149,6554,13107,1.00006103515625,1.999969482421875,1.00006103515625,1.999969482421875,,,954156,24,1,3,0
209,954274,6554,13107,1.00006103515625,1.999969482421875,1.00006103515625,1.999969482421875,,,954281,24,1,3,0
210,954399,6554,13107,1.00006103515625,1.999969482421875,1.00006103515625,1.999969482421875,,,954406,24,1,3,0
211,954525,6554,13107,1.00006103515625,1.999969482421875,1.00006103515625,1.999969482421875,,,954532,24,1,3,0
212,954650,6554,13107,1.00006103515625,1.999969482421875,1.00006103515625,1.999969482421875,,,954657,24,1,3,0
213,954776,6554,13107,1.00006103515625,1.999969482421875,1.00006103515625,1.999969482421875,,,954783,23,1,3,0
214,954901,6554,13107,1.00006103515625,1.999969482421875,1.00006103515625,1.999969482421875,,,954908,24,1,3,0
215,955026,6554,13107,1.00006103515625,1.999969482421875,1.00006103515625,1.999969482421875,,,955033,24,1,3,0
216,955151,6554,13107,1.00006103515625,1.999969482421875,1.00006103515625,1.999969482421875,,,955158,24,1,3,0
217,955277,6554,13107,1.00006103515625,1.999969482421875,1.00006103515625,1.999969482421875,,,955284,23,1,3,0
218,955402,6554,13107,1.00006103515625,1.999969482421875,1.00006103515625,1.999969482421875,,,955409,24,1,3,0
219,955527,6554,13107,1.00006103515625,1.999969482421875,1.00006103515625,1.999969482421875,,,955534,24,1,3,0
220,955652,6554,13107,1.00006103515625,1.999969482421875,1.00006103515625,1.999969482421875,,,955659,24,1,3,0
221,955778,6554,13107,1.00006103515625,1.999969482421875,1.00006103515625,1.999969482421875,,,955786,23,1,3,0
222,955903,6554,13107,1.00006103515625,1.999969482421875,1.00006103515625,1.999969482421875,,,955910,24,1,3,0
223,956028,6554,13107,1.00006103515625,1.999969482421875,1.00006103515625,1.999969482421875,,,956035,24,1,3,0
224,956153,6554,13107,1.00006103515625,1.999969482421875,1.00006103515625,1.999969482421875,,,956160,24,1,3,0
225,956279,6554,13107,1.00006103515625,1.999969482421875,1.00006103515625,1.999969482421875,,,956286,23,1,3,0
226,956404,6554,13107,1.00006103515625,1.999969482421875,1.00006103515625,1.999969482421875,,,956411,24,1,3,0
227,956529,6554,13107,1.00006103515625,1.999969482421875,1.00006103515625,1.999969482421875,,,956536,24,1,3,0
228,956654,6554,13107,1.00006103515625,1.999969482421875,1.00006103515625,1.999969482421875,,,956662,23,1,3,0
229,956780,6554,13107,1.00006103515625,1.999969482421875,1.00006103515625,1.999969482421875,,,956787,23,1,3,0
230,956905,6554,13107,1.00006103515625,1.999969482421875,1.00006103515625,1.999969482421875,,,956912,24,1,3,0
231,957030,6554,13107,1.00006103515625,1.999969482421875,1.00006103515625,1.999969482421875,,,957037,24,1,3,0
232,957155,6554,13107,1.00006103515625,1.999969482421875,1.00006103515625,1.999969482421875,,,957163,23,1,3,0
233,957281,6554,13107,1.00006103515625,1.999969482421875,1.00006103515625,1.999969482421875,,,957288,23,1,3,0
234,957406,6554,13107,1.00006103515625,1.999969482421875,1.00006103515625,1.999969482421875,,,957413,24,1,3,0
235,957531,6554,13107,1.00006103515625,1.999969482421875,1.00006103515625,1.999969482421875,,,957538,24,1,3,0
236,957656,6554,13107,1.00006103515625,1.999969482421875,1.00006103515625,1.999969482421875,,,957664,23,1,3,0
237,957782,6554,13107,1.00006103515625,1.999969482421875,1.00006103515625,1.999969482421875,,,957789,23,1,3,0
238,957907,6554,13107,1.00006103515625,1.999969482421875,1.00006103515625,1.999969482421875,,,957914,24,1,3,0
239,958032,6554,13107,1.00006103515625,1.999969482421875,1.00006103515625,1.999969482421875,,,958039,24,1,3,0
240,958157,6554,13107,1.00006103515625,1.999969482421875,1.00006103515625,1.999969482421875,,,958165,23,1,3,0
241,958283,6554,13107,1.00006103515625,1.999969482421875,1.00006103515625,1.999969482421875,,,958290,23,1,3,0
242,958408,6554,13107,1.00006103515625,1.999969482421875,1.00006103515625,1.999969482421875,,,958415,24,1,3,0
243,958533,6554,13107,1.00006103515625,1.999969482421875,1.00006103515625,1.999969482421875,,,958540,24,1,3,0
244,958658,6554,13107,1.00006103515625,1.999969482421875,1.00006103515625,1.999969482421875,,,958666,23,1,3,0
245,958784,6554,13107,1.00006103515625,1.999969482421875,1.00006103515625,1.999969482421875,,,958791,23,1,3,0
246,958909,6554,13107,1.00006103515625,1.999969482421875,1.00006103515625,1.999969482421875,,,958916,24,1,3,0
247,959034,6554,13107,1.00006103515625,1.999969482421875,1.00006103515625,1.999969482421875,,,959041,24,1,3,0
248,959159,6554,13107,1.00006103515625,1.999969482421875,1.00006103515625,1.999969482421875,,,959167,23,1,3,0
249,959285,6554,13107,1.00006103515625,1.999969482421875,1.00006103515625,1.999969482421875,,,959292,23,1,3,0
250,959410,6554,13107,1.00006103515625,1.999969482421875,1.00006103515625,1.999969482421875,,,959417,24,1,3,0
251,959535,6554,13107,1.00006103515625,1.999969482421875,1.00006103515625,1.999969482421875,,,959542,24,1,3,0
252,959660,6554,13107,1.00006103515625,1.999969482421875,1.00006103515625,1.999969482421875,,,959668,23,1,3,0
253,959786,6554,13107,1.00006103515625,1.999969482421875,1.00006103515625,1.999969482421875,,,959793,23,1,3,0
254,959911,6554,13107,1.00006103515625,1.999969482421875,1.00006103515625,1.999969482421875,,,959918,24,1,3,0
255,960036,6554,13107,1.00006103515625,1.999969482421875,1.00006103515625,1.999969482421875,,,960043,24,1,3,0
256,960161,6554,13107,1.00006103515625,1.999969482421875,1.00006103515625,1.999969482421875,,,960169,23,1,3,0
257,960287,6554,13107,1.00006103515625,1.999969482421875,1.00006103515625,1.999969482421875,,,960294,23,1,3,0
258,960412,6554,13107,1.00006103515625,1.999969482421875,1.00006103515625,1.999969482421875,,,960419,24,1,3,0
259,960537,6554,13107,1.00006103515625,1.999969482421875,1.00006103515625,1.999969482421875,,,960544,24,1,3,0
260,960662,6554,13107,1.00006103515625,1.999969482421875,1.00006103515625,1.999969482421875,,,960670,23,1,3,0
261,960788,6554,13107,1.00006103515625,1.999969482421875,1.00006103515625,1.999969482421875,,,960795,23,1,3,0
262,960913,6554,13107,1.00006103515625,1.999969482421875,1.00006103515625,1.999969482421875,,,960922,24,1,3,0
263,961038,6554,13107,1.00006103515625,1.999969482421875,1.00006103515625,1.999969482421875,,,961045,24,1,3,0
264,961163,6554,13107,1.00006103515625,1.999969482421875,1.00006103515625,1.999969482421875,,,961171,23,1,3,0
265,961289,6554,13107,1.00006103515625,1.999969482421875,1.00006103515625,1.999969482421875,,,961296,23,1,3,0
266,961414,6554,13107,1.00006103515625,1.999969482421875,1.00006103515625,1.999969482421875,,,961421,24,1,3,0
267,961539,6554,13107,1.00006103515625,1.999969482421875,1.00006103515625,1.999969482421875,,,961546,24,1,3,0
268,961664,6554,13107,1.00006103515625,1.999969482421875,1.00006103515625,1.999969482421875,,,961672,23,1,3,0
269,961790,6554,13107,1.00006103515625,1.999969482421875,1.00006103515625,1.999969482421875,,,961797,23,1,3,0
270,961915,6554,13107,1.00006103515625,1.999969482421875,1.00006103515625,1.999969482421875,,,961922,24,1,3,0
271,962040,6554,13107,1.00006103515625,1.999969482421875,1.00006103515625,1.999969482421875,,,962047,24,1,3,0
272,962165,6554,13107,1.00006103515625,1.999969482421875,1.00006103515625,1.999969482421875,,,962173,23,1,3,0
273,962291,6554,13107,1.00006103515625,1.999969482421875,1.00006103515625,1.999969482421875,,,962298,24,1,3,0
274,962416,6554,13107,1.00006103515625,1.999969482421875,1.00006103515625,1.999969482421875,,,962423,24,1,3,0
275,962541,6554,13107,1.00006103515625,1.999969482421875,1.00006103515625,1.999969482421875,,,962549,23,1,3,0
276,962666,6554,13107,1.00006103515625,1.999969482421875,1.00006103515625,1.999969482421875,,,962674,23,1,3,0
277,962792,6554,13107,1.00006103515625,1.999969482421875,1.00006103515625,1.999969482421875,,,962799,24,1,3,0
278,962917,6554,13107,1.00006103515625,1.999969482421875,1.00006103515625,1.999969482421875,,,962924,24,1,3,0
279,963042,6554,13107,1.00006103515625,1.999969482421875,1.00006103515625,1.999969482421875,,,963049,24,1,3,0
280,963167,6554,13107,1.00006103515625,1.999969482421875,1.00006103515625,1.999969482421875,,,963175,23,1,3,0
281,963293,6554,13107,1.00006103515625,1.999969482421875,1.00006103515625,1.999969482421875,,,963300,24,1,3,0
282,963418,6554,13107,1.00006103515625,1.999969482421875,1.00006103515625,1.999969482421875,,,963425,24,1,3,0
283,963543,6554,13107,1.00006103515625,1.999969482421875,1.00006103515625,1.999969482421875,,,963551,24,1,3,0
284,963668,6554,13107,1.00006103515625,1.999969482421875,1.00006103515625,1.999969482421875,,,963676,23,1,3,0
285,963794,6554,13107,1.00006103515625,1.999969482421875,1.00006103515625,1.999969482421875,,,963801,24,1,3,0
286,963919,6554,13107,1.00006103515625,1.999969482421875,1.00006103515625,1.999969482421875,,,963926,24,1,3,0
287,964044,6554,13107,1.00006103515625,1.999969482421875,1.00006103515625,1.999969482421875,,,964051,24,1,3,0
288,964169,6554,13107,1.00006103515625,1.999969482421875,1.00006103515625,1.999969482421875,,,964177,23,1,3,0
289,964295,6554,13107,1.00006103515625,1.999969482421875,1.00006103515625,1.999969482421875,,,964302,24,1,3,0
290,964420,6554,13107,1.00006103515625,1.999969482421875,1.00006103515625,1.999969482421875,,,964427,24,1,3,0
291,964545,6554,13107,1.00006103515625,1.999969482421875,1.00006103515625,1.999969482421875,,,964553,24,1,3,0
292,964671,6554,13107,1.00006103515625,1.999969482421875,1.00006103515625,1.999969482421875,,,964678,23,1,3,0
293,964796,6554,13107,1.00006103515625,1.999969482421875,1.00006103515625,1.999969482421875,,,964803,24,1,3,0
294,964921,6554,13107,1.00006103515625,1.999969482421875,1.00006103515625,1.999969482421875,,,964928,24,1,3,0
295,965046,6554,13107,1.00006103515625,1.999969482421875,1.00006103515625,1.999969482421875,,,965053,24,1,3,0
296,965172,6554,13107,1.00006103515625,1.999969482421875,1.00006103515625,1.999969482421875,,,965179,23,1,3,0
297,965297,6554,13107,1.00006103515625,1.999969482421875,1.00006103515625,1.999969482421875,,,965304,24,1,3,0
298,965422,6554,13107,1.00006103515625,1.999969482421875,1.00006103515625,1.999969482421875,,,965429,24,1,3,0
299,965547,6554,13107,1.00006103515625,1.999969482421875,1.00006103515625,1.999969482421875,,,965554,24,1,3,0
300,965673,6554,13107,1.00006103515625,1.999969482421875,1.00006103515625,1.999969482421875,,,965681,24,1,3,0
301,965798,6554,13107,1.00006103515625,1.999969482421875,1.00006103515625,1.999969482421875,,,965805,24,1,3,0
302,965923,6554,13107,1.00006103515625,1.999969482421875,1.00006103515625,1.999969482421875,,,965930,24,1,3,0
303,966048,6554,13107,1.00006103515625,1.999969482421875,1.00006103515625,1.999969482421875,,,966055,24,1,3,0
304,966174,6554,13107,1.00006103515625,1.999969482421875,1.00006103515625,1.999969482421875,,,966181,23,1,3,0
305,966299,6554,13107,1.00006103515625,1.999969482421875,1.00006103515625,1.999969482421875,,,966306,24,1,3,0
306,966424,6554,13107,1.00006103515625,1.999969482421875,1.00006103515625,1.999969482421875,,,966431,24,1,3,0
307,966549,6554,13107,1.00006103515625,1.999969482421875,1.00006103515625,1.999969482421875,,,966557,23,1,3,0
308,966675,6554,13107,1.00006103515625,1.999969482421875,1.00006103515625,1.999969482421875,,,966682,23,1,3,0
309,966800,6554,13107,1.00006103515625,1.999969482421875,1.00006103515625,1.999969482421875,,,966807,24,1,3,0
310,966925,6554,13107,1.00006103515625,1.999969482421875,1.00006103515625,1.999969482421875,,,966932,24,1,3,0
311,967050,6554,13107,1.00006103515625,1.999969482421875,1.00006103515625,1.999969482421875,,,967057,24,1,3,0
312,967176,6554,13107,1.00006103515625,1.999969482421875,1.00006103515625,1.999969482421875,,,967183,23,1,3,0
313,967301,6554,13107,1.00006103515625,1.999969482421875,1.00006103515625,1.999969482421875,,,967308,24,1,3,0
314,967426,6554,13107,1.00006103515625,1.999969482421875,1.00006103515625,1.999969482421875,,,967433,24,1,3,0
315,967551,6554,13107,1.00006103515625,1.999969482421875,1.00006103515625,1.999969482421875,,,967558,24,1,3,0
316,967677,6554,13107,1.00006103515625,1.999969482421875,1.00006103515625,1.999969482421875,,,967684,23,1,3,0
317,967802,6554,13107,1.00006103515625,1.999969482421875,1.00006103515625,1.999969482421875,,,967809,24,1,3,0
318,967927,6554,13107,1.00006103515625,1.999969482421875,1.00006103515625,1.999969482421875,,,967934,24,1,3,0
319,968052,6554,13107,1.00006103515625,1.999969482421875,1.00006103515625,1.999969482421875,,,968059,24,1,3,0
320,968178,6554,13107,1.00006103515625,1.999969482421875,1.00006103515625,1.999969482421875,,,968185,23,1,3,0
321,968303,6554,13107,1.00006103515625,1.999969482421875,1.00006103515625,1.999969482421875,,,968310,24,1,3,0
322,968428,6554,13107,1.00006103515625,1.999969482421875,1.00006103515625,1.999969482421875,,,968435,24,1,3,0
323,968553,6554,13107,1.00006103515625,1.999969482421875,1.00006103515625,1.999969482421875,,,968560,24,1,3,0
324,968679,6554,13107,1.00006103515625,1.999969482421875,1.00006103515625,1.999969482421875,,,968686,23,1,3,0
325,968804,6554,13107,1.00006103515625,1.999969482421875,1.00006103515625,1.999969482421875,,,968811,24,1,3,0
326,968929,6554,13107,1.00006103515625,1.999969482421875,1.00006103515625,1.999969482421875,,,968936,24,1,3,0
327,969054,6554,13107,1.00006103515625,1.999969482421875,1.00006103515625,1.999969482421875,,,969061,24,1,3,0
328,969180,6554,13107,1.00006103515625,1.999969482421875,1.00006103515625,1.999969482421875,,,969187,23,1,3,0
329,969305,6554,13107,1.00006103515625,1.999969482421875,1.00006103515625,1.999969482421875,,,969312,24,1,3,0
330,969430,6554,13107,1.00006103515625,1.999969482421875,1.00006103515625,1.999969482421875,,,969437,24,1,3,0
331,969555,6554,13107,1.00006103515625,1.999969482421875,1.00006103515625,1.999969482421875,,,969562,24,1,3,0
332,969681,6554,13107,1.00006103515625,1.999969482421875,1.00006103515625,1.999969482421875,,,969688,23,1,3,0
333,969806,6554,13107,1.00006103515625,1.999969482421875,1.00006103515625,1.999969482421875,,,969813,24,1,3,0
334,969931,6554,13107,1.00006103515625,1.999969482421875,1.00006103515625,1.999969482421875,,,969938,24,1,3,0
335,970056,6554,13107,1.00006103515625,1.999969482421875,1.00006103515625,1.999969482421875,,,970063,24,1,3,0
336,970182,6554,13107,1.00006103515625,1.999969482421875,1.00006103515625,1.999969482421875,,,970189,23,1,3,0
337,970307,6554,13107,1.00006103515625,1.999969482421875,1.00006103515625,1.999969482421875,,,970314,24,1,3,0
338,970432,6554,13107,1.00006103515625,1.999969482421875,1.00006103515625,1.999969482421875,,,970439,24,1,3,0
339,970557,6554,13107,1.00006103515625,1.999969482421875,1.00006103515625,1.999969482421875,,,970564,24,1,3,0
340,970683,6554,13107,1.00006103515625,1.999969482421875,1.00006103515625,1.999969482421875,,,970690,24,1,3,0
341,970808,6554,13107,1.00006103515625,1.999969482421875,1.00006103515625,1.999969482421875,,,970815,24,1,3,0
342,970933,6554,13107,1.00006103515625,1.999969482421875,1.00006103515625,1.999969482421875,,,970940,24,1,3,0
343,971058,6554,13107,1.00006103515625,1.999969482421875,1.00006103515625,1.999969482421875,,,971065,24,1,3,0
344,971184,6554,13107,1.00006103515625,1.999969482421875,1.00006103515625,1.999969482421875,,,971191,23,1,3,0
345,971309,6554,13107,1.00006103515625,1.999969482421875,1.00006103515625,1.999969482421875,,,971316,24,1,3,0
346,971434,6554,13107,1.00006103515625,1.999969482421875,1.00006103515625,1.999969482421875,,,971441,24,1,3,0
347,971559,6554,13107,1.00006103515625,1.999969482421875,1.00006103515625,1.999969482421875,,,971567,24,1,3,0
348,971685,6554,13107,1.00006103515625,1.999969482421875,1.00006103515625,1.999969482421875,,,971692,23,1,3,0
349,971810,6554,13107,1.00006103515625,1.999969482421875,1.00006103515625,1.999969482421875,,,971817,24,1,3,0
350,971935,6554,13107,1.00006103515625,1.999969482421875,1.00006103515625,1.999969482421875,,,971942,24,1,3,0
351,972060,6554,13107,1.00006103515625,1.999969482421875,1.00006103515625,1.999969482421875,,,972067,24,1,3,0
352,972186,6554,13107,1.00006103515625,1.999969482421875,1.00006103515625,1.999969482421875,,,972193,23,1,3,0
353,972311,6554,13107,1.00006103515625,1.999969482421875,1.00006103515625,1.999969482421875,,,972318,24,1,3,0
354,972436,6554,13107,1.00006103515625,1.999969482421875,1.00006103515625,1.999969482421875,,,972444,23,1,3,0
355,972561,6554,13107,1.00006103515625,1.999969482421875,1.00006103515625,1.999969482421875,,,972568,24,1,3,0
356,972687,6554,13107,1.00006103515625,1.999969482421875,1.00006103515625,1.999969482421875,,,972694,23,1,3,0
357,972812,6554,13107,1.00006103515625,1.999969482421875,1.00006103515625,1.999969482421875,,,972819,24,1,3,0
358,972937,6554,13107,1.00006103515625,1.999969482421875,1.00006103515625,1.999969482421875,,,972944,24,1,3,0
359,973062,6554,13107,1.00006103515625,1.999969482421875,1.00006103515625,1.999969482421875,,,973069,24,1,3,0
360,973188,6554,13107,1.00006103515625,1.999969482421875,1.00006103515625,1.999969482421875,,,973195,23,1,3,0
361,973313,6554,13107,1.00006103515625,1.999969482421875,1.00006103515625,1.999969482421875,,,973320,24,1,3,0
362,973438,6554,13107,1.00006103515625,1.999969482421875,1.00006103515625,1.999969482421875,,,973446,23,1,3,0
363,973563,6554,13107,1.00006103515625,1.999969482421875,1.00006103515625,1.999969482421875,,,973570,24,1,3,0
364,973689,6554,13107,1.00006103515625,1.999969482421875,1.00006103515625,1.999969482421875,,,973696,23,1,3,0
365,973814,6554,13107,1.00006103515625,1.999969482421875,1.00006103515625,1.999969482421875,,,973821,24,1,3,0
366,973939,6554,13107,1.00006103515625,1.999969482421875,1.00006103515625,1.999969482421875,,,973946,24,1,3,0
367,974064,6554,13107,1.00006103515625,1.999969482421875,1.00006103515625,1.999969482421875,,,974071,24,1,3,0
368,974190,6554,13107,1.00006103515625,1.999969482421875,1.00006103515625,1.999969482421875,,,974197,23,1,3,0
369,974315,6554,13107,1.00006103515625,1.999969482421875,1.00006103515625,1.999969482421875,,,974322,24,1,3,0
370,974440,6554,13107,1.00006103515625,1.999969482421875,1.00006103515625,1.999969482421875,,,974447,24,1,3,0
371,974565,6554,13107,1.00006103515625,1.999969482421875,1.00006103515625,1.999969482421875,,,974572,24,1,3,0
372,974691,6554,13107,1.00006103515625,1.999969482421875,1.00006103515625,1.999969482421875,,,974698,23,1,3,0
373,974816,6554,13107,1.00006103515625,1.999969482421875,1.00006103515625,1.999969482421875,,,974823,24,1,3,0
374,974941,6554,13107,1.00006103515625,1.999969482421875,1.00006103515625,1.999969482421875,,,974948,24,1,3,0
375,975066,6554,13107,1.00006103515625,1.999969482421875,1.00006103515625,1.999969482421875,,,975073,24,1,3,0
376,975192,6554,13107,1.00006103515625,1.999969482421875,1.00006103515625,1.999969482421875,,,975199,23,1,3,0
377,975317,6554,13107,1.00006103515625,1.999969482421875,1.00006103515625,1.999969482421875,,,975324,24,1,3,0
378,975442,6554,13107,1.00006103515625,1.999969482421875,1.00006103515625,1.999969482421875,,,975449,24,1,3,0
379,975567,6554,13107,1.00006103515625,1.999969482421875,1.00006103515625,1.999969482421875,,,975575,23,1,3,0
380,975693,6554,13107,1.00006103515625,1.999969482421875,1.00006103515625,1.999969482421875,,,975700,23,1,3,0
381,975818,6554,13107,1.00006103515625,1.999969482421875,1.00006103515625,1.999969482421875,,,975825,24,1,3,0
382,975943,6554,13107,1.00006103515625,1.999969482421875,1.00006103515625,1.999969482421875,,,975950,24,1,3,0
383,976068,6554,13107,1.00006103515625,1.999969482421875,1.00006103515625,1.999969482421875,,,976076,23,1,3,0
384,976194,6554,13107,1.00006103515625,1.999969482421875,1.00006103515625,1.999969482421875,,,976201,24,1,3,0
385,976319,6554,13107,1.00006103515625,1.999969482421875,1.00006103515625,1.999969482421875,,,976326,24,1,3,0
386,976444,6554,13107,1.00006103515625,1.999969482421875,1.00006103515625,1.999969482421875,,,976453,23,1,3,0
387,976569,6554,13107,1.00006103515625,1.999969482421875,1.00006103515625,1.999969482421875,,,976577,23,1,3,0
388,976695,6554,13107,1.00006103515625,1.999969482421875,1.00006103515625,1.999969482421875,,,976702,23,1,3,0
389,976820,6554,13107,1.00006103515625,1.999969482421875,1.00006103515625,1.999969482421875,,,976827,24,1,3,0
390,976945,6554,13107,1.00006103515625,1.999969482421875,1.00006103515625,1.999969482421875,,,976952,24,1,3,0
391,977070,6554,13107,1.00006103515625,1.999969482421875,1.00006103515625,1.999969482421875,,,977078,23,1,3,0
392,977196,6554,13107,1.00006103515625,1.999969482421875,1.00006103515625,1.999969482421875,,,977203,23,1,3,0
393,977321,6554,13107,1.00006103515625,1.999969482421875,1.00006103515625,1.999969482421875,,,977328,24,1,3,0
394,977446,6554,13107,1.00006103515625,1.999969482421875,1.00006103515625,1.999969482421875,,,977453,24,1,3,0
395,977571,6554,13107,1.00006103515625,1.999969482421875,1.00006103515625,1.999969482421875,,,977579,23,1,3,0
396,977697,6554,13107,1.00006103515625,1.999969482421875,1.00006103515625,1.999969482421875,,,977704,23,1,3,0
397,977822,6554,13107,1.00006103515625,1.999969482421875,1.00006103515625,1.999969482421875,,,977829,24,1,3,0
398,977947,6554,13107,1.00006103515625,1.999969482421875,1.00006103515625,1.999969482421875,,,977954,24,1,3,0
399,978072,6554,13107,1.00006103515625,1.999969482421875,1.00006103515625,1.999969482421875,,,978080,23,1,3,0
400,978198,6554,13107,1.00006103515625,1.999969482421875,1.00006103515625,1.999969482421875,,,978205,24,1,3,0
401,978323,6554,13107,1.00006103515625,1.999969482421875,1.00006103515625,1.999969482421875,,,978330,24,1,3,0
402,978448,6554,13107,1.00006103515625,1.999969482421875,1.00006103515625,1.999969482421875,,,978456,23,1,3,0
403,978573,6554,13107,1.00006103515625,1.999969482421875,1.00006103515625,1.999969482421875,,,978581,23,1,3,0
404,978699,6554,13107,1.00006103515625,1.999969482421875,1.00006103515625,1.999969482421875,,,978706,24,1,3,0
405,978824,6554,13107,1.00006103515625,1.999969482421875,1.00006103515625,1.999969482421875,,,978831,24,1,3,0
406,978949,6554,13107,1.00006103515625,1.999969482421875,1.00006103515625,1.999969482421875,,,978957,23,1,3,0
407,979074,6554,13107,1.00006103515625,1.999969482421875,1.00006103515625,1.999969482421875,,,979082,23,1,3,0
408,979200,6554,13107,1.00006103515625,1.999969482421875,1.00006103515625,1.999969482421875,,,979207,24,1,3,0
409,979325,6554,13107,1.00006103515625,1.999969482421875,1.00006103515625,1.999969482421875,,,979332,24,1,3,0
410,979450,6554,13107,1.00006103515625,1.999969482421875,1.00006103515625,1.999969482421875,,,979458,23,1,3,0
411,979575,6554,13107,1.00006103515625,1.999969482421875,1.00006103515625,1.999969482421875,,,979583,23,1,3,0
412,979701,6554,13107,1.00006103515625,1.999969482421875,1.00006103515625,1.999969482421875,,,979708,24,1,3,0
413,979826,6554,13107,1.00006103515625,1.999969482421875,1.00006103515625,1.999969482421875,,,979833,24,1,3,0
414,979951,6554,13107,1.00006103515625,1.999969482421875,1.00006103515625,1.999969482421875,,,979959,23,1,3,0
415,980076,6554,13107,1.00006103515625,1.999969482421875,1.00006103515625,1.999969482421875,,,980084,23,1,3,0
416,980202,6554,13107,1.00006103515625,1.999969482421875,1.00006103515625,1.999969482421875,,,980209,24,1,3,0
417,980327,6554,13107,1.00006103515625,1.999969482421875,1.00006103515625,1.999969482421875,,,980334,24,1,3,0
418,980452,6554,13107,1.00006103515625,1.999969482421875,1.00006103515625,1.999969482421875,,,980460,23,1,3,0
419,980578,6554,13107,1.00006103515625,1.999969482421875,1.00006103515625,1.999969482421875,,,980585,24,1,3,0
420,980703,6554,13107,1.00006103515625,1.999969482421875,1.00006103515625,1.999969482421875,,,980710,24,1,3,0
421,980828,6554,13107,1.00006103515625,1.999969482421875,1.00006103515625,1.999969482421875,,,980835,24,1,3,0
422,980953,6554,13107,1.00006103515625,1.999969482421875,1.00006103515625,1.999969482421875,,,980961,23,1,3,0
423,981079,6554,13107,1.00006103515625,1.999969482421875,1.00006103515625,1.999969482421875,,,981086,24,1,3,0
424,981204,6554,13107,1.00006103515625,1.999969482421875,1.00006103515625,1.999969482421875,,,981211,24,1,3,0
425,981329,6554,13107,1.00006103515625,1.999969482421875,1.00006103515625,1.999969482421875,,,981336,24,1,3,0
426,981454,6554,13107,1.00006103515625,1.999969482421875,1.00006103515625,1.999969482421875,,,981462,23,1,3,0
427,981580,6554,13107,1.00006103515625,1.999969482421875,1.00006103515625,1.999969482421875,,,981587,24,1,3,0
428,981705,6554,13107,1.00006103515625,1.999969482421875,1.00006103515625,1.999969482421875,,,981712,24,1,3,0
429,981830,6554,13107,1.00006103515625,1.999969482421875,1.00006103515625,1.999969482421875,,,981837,24,1,3,0
430,981955,6554,13107,1.00006103515625,1.999969482421875,1.00006103515625,1.999969482421875,,,981963,23,1,3,0
431,982081,6554,13107,1.00006103515625,1.999969482421875,1.00006103515625,1.999969482421875,,,982088,24,1,3,0
432,982206,6554,13107,1.00006103515625,1.999969482421875,1.00006103515625,1.999969482421875,,,982213,24,1,3,0
433,982331,6554,13107,1.00006103515625,1.999969482421875,1.00006103515625,1.999969482421875,,,982338,24,1,3,0
434,982456,6554,13107,1.00006103515625,1.999969482421875,1.00006103515625,1.999969482421875,,,982464,23,1,3,0
435,982582,6554,13107,1.00006103515625,1.999969482421875,1.00006103515625,1.999969482421875,,,982589,24,1,3,0
436,982707,6554,13107,1.00006103515625,1.999969482421875,1.00006103515625,1.999969482421875,,,982714,24,1,3,0
437,982832,6554,13107,1.00006103515625,1.999969482421875,1.00006103515625,1.999969482421875,,,982839,24,1,3,0
438,982957,6554,13107,1.00006103515625,1.999969482421875,1.00006103515625,1.999969482421875,,,982965,23,1,3,0
439,983083,6554,13107,1.00006103515625,1.999969482421875,1.00006103515625,1.999969482421875,,,983090,24,1,3,0
440,983208,6554,13107,1.00006103515625,1.999969482421875,1.00006103515625,1.999969482421875,,,983215,24,1,3,0
441,983333,6554,13107,1.00006103515625,1.999969482421875,1.00006103515625,1.999969482421875,,,983340,24,1,3,0
442,983458,6554,13107,1.00006103515625,1.999969482421875,1.00006103515625,1.999969482421875,,,983466,23,1,3,0
443,983584,6554,13107,1.00006103515625,1.999969482421875,1.00006103515625,1.999969482421875,,,983591,24,1,3,0
444,983709,6554,13107,1.00006103515625,1.999969482421875,1.00006103515625,1.999969482421875,,,983716,24,1,3,0
445,983834,6554,13107,1.00006103515625,1.999969482421875,1.00006103515625,1.999969482421875,,,983841,24,1,3,0
446,983959,6554,13107,1.00006103515625,1.999969482421875,1.00006103515625,1.999969482421875,,,983966,24,1,3,0
447,984085,6554,13107,1.00006103515625,1.999969482421875,1.00006103515625,1.999969482421875,,,984092,23,1,3,0
448,984210,6554,13107,1.00006103515625,1.999969482421875,1.00006103515625,1.999969482421875,,,984217,24,1,3,0
449,984335,6554,13107,1.00006103515625,1.999969482421875,1.00006103515625,1.999969482421875,,,984342,24,1,3,0
450,984460,6554,13107,1.00006103515625,1.999969482421875,1.00006103515625,1.999969482421875,,,984467,24,1,3,0
451,984586,6554,13107,1.00006103515625,1.999969482421875,1.00006103515625,1.999969482421875,,,984593,23,1,3,0
452,984711,6554,13107,1.00006103515625,1.999969482421875,1.00006103515625,1.999969482421875,,,984718,24,1,3,0
453,984836,6554,13107,1.00006103515625,1.999969482421875,1.00006103515625,1.999969482421875,,,984843,24,1,3,0
454,984961,6554,13107,1.00006103515625,1.999969482421875,1.00006103515625,1.999969482421875,,,984969,23,1,3,0
455,985087,6554,13107,1.00006103515625,1.999969482421875,1.00006103515625,1.999969482421875,,,985094,23,1,3,0
456,985212,6554,13107,1.00006103515625,1.999969482421875,1.00006103515625,1.999969482421875,,,985219,24,1,3,0
457,985337,6554,13107,1.00006103515625,1.999969482421875,1.00006103515625,1.999969482421875,,,985344,24,1,3,0
458,985462,6554,13107,1.00006103515625,1.999969482421875,1.00006103515625,1.999969482421875,,,985470,23,1,3,0
459,985588,6554,13107,1.00006103515625,1.999969482421875,1.00006103515625,1.999969482421875,,,985595,23,1,3,0
460,985713,6554,13107,1.00006103515625,1.999969482421875,1.00006103515625,1.999969482421875,,,985720,24,1,3,0
461,985838,6554,13107,1.00006103515625,1.999969482421875,1.00006103515625,1.999969482421875,,,985845,24,1,3,0
462,985963,6554,13107,1.00006103515625,1.999969482421875,1.00006103515625,1.999969482421875,,,985971,23,1,3,0
463,986089,6554,13107,1.00006103515625,1.999969482421875,1.00006103515625,1.999969482421875,,,986096,24,1,3,0
464,986214,6554,13107,1.00006103515625,1.999969482421875,1.00006103515625,1.999969482421875,,,986221,24,1,3,0
465,986339,6554,13107,1.00006103515625,1.999969482421875,1.00006103515625,1.999969482421875,,,986346,24,1,3,0
466,986464,6554,13107,1.00006103515625,1.999969482421875,1.00006103515625,1.999969482421875,,,986472,23,1,3,0
467,986590,6554,13107,1.00006103515625,1.999969482421875,1.00006103515625,1.999969482421875,,,986597,23,1,3,0
468,986715,6554,13107,1.00006103515625,1.999969482421875,1.00006103515625,1.999969482421875,,,986722,24,1,3,0
469,986840,6554,13107,1.00006103515625,1.999969482421875,1.00006103515625,1.999969482421875,,,986847,24,1,3,0
470,986965,6554,13107,1.00006103515625,1.999969482421875,1.00006103515625,1.999969482421875,,,986973,23,1,3,0
471,987091,6554,13107,1.00006103515625,1.999969482421875,1.00006103515625,1.999969482421875,,,987098,23,1,3,0
472,987216,6554,13107,1.00006103515625,1.999969482421875,1.00006103515625,1.999969482421875,,,987223,24,1,3,0
473,987341,6554,13107,1.00006103515625,1.999969482421875,1.00006103515625,1.999969482421875,,,987348,24,1,3,0
474,987466,6554,13107,1.00006103515625,1.999969482421875,1.00006103515625,1.999969482421875,,,987474,23,1,3,0
475,987592,6554,13107,1.00006103515625,1.999969482421875,1.00006103515625,1.999969482421875,,,987599,23,1,3,0
476,987717,6554,13107,1.00006103515625,1.999969482421875,1.00006103515625,1.999969482421875,,,987724,24,1,3,0
477,987842,6554,13107,1.00006103515625,1.999969482421875,1.00006103515625,1.999969482421875,,,987849,24,1,3,0
478,987967,6554,13107,1.00006103515625,1.999969482421875,1.00006103515625,1.999969482421875,,,987975,23,1,3,0
479,988093,6554,13107,1.00006103515625,1.999969482421875,1.00006103515625,1.999969482421875,,,988100,23,1,3,0
480,988218,6554,13107,1.00006103515625,1.999969482421875,1.00006103515625,1.999969482421875,,,988225,24,1,3,0
481,988343,6554,13107,1.00006103515625,1.999969482421875,1.00006103515625,1.999969482421875,,,988350,24,1,3,0
482,988468,6554,13107,1.00006103515625,1.999969482421875,1.00006103515625,1.999969482421875,,,988476,23,1,3,0
483,988594,6554,13107,1.00006103515625,1.999969482421875,1.00006103515625,1.999969482421875,,,988601,23,1,3,0
484,988719,6554,13107,1.00006103515625,1.999969482421875,1.00006103515625,1.999969482421875,,,988726,24,1,3,0
485,988844,6554,13107,1.00006103515625,1.999969482421875,1.00006103515625,1.999969482421875,,,988851,24,1,3,0
486,988969,6554,13107,1.00006103515625,1.999969482421875,1.00006103515625,1.999969482421875,,,988977,23,1,3,0
487,989095,6554,13107,1.00006103515625,1.999969482421875,1.00006103515625,1.999969482421875,,,989102,23,1,3,0
488,989220,6554,13107,1.00006103515625,1.999969482421875,1.00006103515625,1.999969482421875,,,989227,24,1,3,0
489,989345,6554,13107,1.00006103515625,1.999969482421875,1.00006103515625,1.999969482421875,,,989352,24,1,3,0
490,989470,6554,13107,1.00006103515625,1.999969482421875,1.00006103515625,1.999969482421875,,,989478,23,1,3,0
491,989596,6554,13107,1.00006103515625,1.999969482421875,1.00006103515625,1.999969482421875,,,989603,23,1,3,0
492,989721,6554,13107,1.00006103515625,1.999969482421875,1.00006103515625,1.999969482421875,,,989728,24,1,3,0
493,989846,6554,13107,1.00006103515625,1.999969482421875,1.00006103515625,1.999969482421875,,,989853,24,1,3,0
494,989971,6554,13107,1.00006103515625,1.999969482421875,1.00006103515625,1.999969482421875,,,989979,23,1,3,0
495,990097,6554,13107,1.00006103515625,1.999969482421875,1.00006103515625,1.999969482421875,,,990104,23,1,3,0
496,990222,6554,13107,1.00006103515625,1.999969482421875,1.00006103515625,1.999969482421875,,,990229,24,1,3,0
497,990347,6554,13107,1.00006103515625,1.999969482421875,1.00006103515625,1.999969482421875,,,990354,24,1,3,0
498,990472,6554,13107,1.00006103515625,1.999969482421875,1.00006103515625,1.999969482421875,,,990480,23,1,3,0
499,990598,6554,13107,1.00006103515625,1.999969482421875,1.00006103515625,1.999969482421875,,,990605,23,1,3,0
500,990723,6554,13107,1.00006103515625,1.999969482421875,1.00006103515625,1.999969482421875,,,990730,24,1,3,0
501,990848,6554,13107,1.00006103515625,1.999969482421875,1.00006103515625,1.999969482421875,,,990855,24,1,3,0
502,990973,6554,13107,1.00006103515625,1.999969482421875,1.00006103515625,1.999969482421875,,,990982,24,1,3,0
503,991099,6554,13107,1.00006103515625,1.999969482421875,1.00006103515625,1.999969482421875,,,991106,24,1,3,0
504,991224,6554,13107,1.00006103515625,1.999969482421875,1.00006103515625,1.999969482421875,,,991231,24,1,3,0
505,991349,6554,13107,1.00006103515625,1.999969482421875,1.00006103515625,1.999969482421875,,,991356,24,1,3,0
506,991474,6554,13107,1.00006103515625,1.999969482421875,1.00006103515625,1.999969482421875,,,991482,23,1,3,0
507,991600,6554,13107,1.00006103515625,1.999969482421875,1.00006103515625,1.999969482421875,,,991607,24,1,3,0
508,991725,6554,13107,1.00006103515625,1.999969482421875,1.00006103515625,1.999969482421875,,,991732,24,1,3,0
509,991850,6554,13107,1.00006103515625,1.999969482421875,1.00006103515625,1.999969482421875,,,991857,24,1,3,0
510,991975,6554,13107,1.00006103515625,1.999969482421875,1.00006103515625,1.999969482421875,,,991983,23,1,3,0
511,992101,6554,13107,1.00006103515625,1.999969482421875,1.00006103515625,1.999969482421875,,,992108,24,1,3,0
512,992226,6554,13107,1.00006103515625,1.999969482421875,1.00006103515625,1.999969482421875,,,992233,24,1,3,0
513,992351,6554,13107,1.00006103515625,1.999969482421875,1.00006103515625,1.999969482421875,,,992358,24,1,3,0
514,992476,6554,13107,1.00006103515625,1.999969482421875,1.00006103515625,1.999969482421875,,,992486,23,1,3,0
515,992602,6554,13107,1.00006103515625,1.999969482421875,1.00006103515625,1.999969482421875,,,992609,24,1,3,0
516,992727,6554,13107,1.00006103515625,1.999969482421875,1.00006103515625,1.999969482421875,,,992734,24,1,3,0
517,992852,6554,13107,1.00006103515625,1.999969482421875,1.00006103515625,1.999969482421875,,,992859,24,1,3,0
518,992977,6554,13107,1.00006103515625,1.999969482421875,1.00006103515625,1.999969482421875,,,992985,23,1,3,0
519,993103,6554,13107,1.00006103515625,1.999969482421875,1.00006103515625,1.999969482421875,,,993110,24,1,3,0
520,993228,6554,13107,1.00006103515625,1.999969482421875,1.00006103515625,1.999969482421875,,,993235,24,1,3,0
521,993353,6554,13107,1.00006103515625,1.999969482421875,1.00006103515625,1.999969482421875,,,993361,23,1,3,0
522,993479,6554,13107,1.00006103515625,1.999969482421875,1.00006103515625,1.999969482421875,,,993486,23,1,3,0
523,993604,6554,13107,1.00006103515625,1.999969482421875,1.00006103515625,1.999969482421875,,,993611,24,1,3,0
524,993729,6554,13107,1.00006103515625,1.999969482421875,1.00006103515625,1.999969482421875,,,993736,24,1,3,0
525,993854,6554,13107,1.00006103515625,1.999969482421875,1.00006103515625,1.999969482421875,,,993861,24,1,3,0
526,993980,6554,13107,1.00006103515625,1.999969482421875,1.00006103515625,1.999969482421875,,,993987,23,1,3,0
527,994105,6554,13107,1.00006103515625,1.999969482421875,1.00006103515625,1.999969482421875,,,994112,24,1,3,0
528,994230,6554,13107,1.00006103515625,1.999969482421875,1.00006103515625,1.999969482421875,,,994237,24,1,3,0
529,994355,6554,13107,1.00006103515625,1.999969482421875,1.00006103515625,1.999969482421875,,,994362,24,1,3,0
530,994481,6554,13107,1.00006103515625,1.999969482421875,1.00006103515625,1.999969482421875,,,994488,24,1,3,0
531,994606,6554,13107,1.00006103515625,1.999969482421875,1.00006103515625,1.999969482421875,,,994613,26,1,3,0
532,994731,6554,13107,1.00006103515625,1.999969482421875,1.00006103515625,1.999969482421875,,,994738,24,1,3,0
533,994856,6554,13107,1.00006103515625,1.999969482421875,1.00006103515625,1.999969482421875,,,994863,24,1,3,0
534,994982,6554,13107,1.00006103515625,1.999969482421875,1.00006103515625,1.999969482421875,,,994989,23,1,3,0
535,995107,6554,13107,1.00006103515625,1.999969482421875,1.00006103515625,1.999969482421875,,,995114,24,1,3,0
536,995232,6554,13107,1.00006103515625,1.999969482421875,1.00006103515625,1.999969482421875,,,995239,24,1,3,0
537,995357,6554,13107,1.00006103515625,1.999969482421875,1.00006103515625,1.999969482421875,,,995364,24,1,3,0
538,995483,6554,13107,1.00006103515625,1.999969482421875,1.00006103515625,1.999969482421875,,,995490,23,1,3,0
539,995608,6554,13107,1.00006103515625,1.999969482421875,1.00006103515625,1.999969482421875,,,995615,25,1,3,0
540,995733,6554,13107,1.00006103515625,1.999969482421875,1.00006103515625,1.999969482421875,,,995740,24,1,3,0
541,995858,6554,13107,1.00006103515625,1.999969482421875,1.00006103515625,1.999969482421875,,,995865,24,1,3,0
542,995984,6554,13107,1.00006103515625,1.999969482421875,1.00006103515625,1.999969482421875,,,995991,23,1,3,0
543,996109,6554,13107,1.00006103515625,1.999969482421875,1.00006103515625,1.999969482421875,,,996116,24,1,3,0
544,996234,6554,13107,1.00006103515625,1.999969482421875,1.00006103515625,1.999969482421875,,,996241,24,1,3,0
545,996359,6554,13107,1.00006103515625,1.999969482421875,1.00006103515625,1.999969482421875,,,996366,24,1,3,0
546,996485,6554,13107,1.00006103515625,1.999969482421875,1.00006103515625,1.999969482421875,,,996492,23,1,3,0
547,996610,6554,13107,1.00006103515625,1.999969482421875,1.00006103515625,1.999969482421875,,,996617,24,1,3,0
548,996735,6554,13107,1.00006103515625,1.999969482421875,1.00006103515625,1.999969482421875,,,996742,24,1,3,0
549,996860,6554,13107,1.00006103515625,1.999969482421875,1.00006103515625,1.999969482421875,,,996867,24,1,3,0
550,996986,6554,13107,1.00006103515625,1.999969482421875,1.00006103515625,1.999969482421875,,,996993,23,1,3,0
551,997111,6554,13107,1.00006103515625,1.999969482421875,1.00006103515625,1.999969482421875,,,997118,24,1,3,0
552,997236,6554,13107,1.00006103515625,1.999969482421875,1.00006103515625,1.999969482421875,,,997243,24,1,3,0
553,997361,6554,13107,1.00006103515625,1.999969482421875,1.00006103515625,1.999969482421875,,,997368,24,1,3,0
554,997487,6554,13107,1.00006103515625,1.999969482421875,1.00006103515625,1.999969482421875,,,997494,23,1,3,0
555,997612,6554,13107,1.00006103515625,1.999969482421875,1.00006103515625,1.999969482421875,,,997619,24,1,3,0
556,997737,6554,13107,1.00006103515625,1.999969482421875,1.00006103515625,1.999969482421875,,,997744,24,1,3,0
557,997862,6554,13107,1.00006103515625,1.999969482421875,1.00006103515625,1.999969482421875,,,997869,24,1,3,0
558,997988,6554,13107,1.00006103515625,1.999969482421875,1.00006103515625,1.999969482421875,,,997995,23,1,3,0
559,998113,6554,13107,1.00006103515625,1.999969482421875,1.00006103515625,1.999969482421875,,,998120,24,1,3,0
560,998238,6554,13107,1.00006103515625,1.999969482421875,1.00006103515625,1.999969482421875,,,998245,24,1,3,0
561,998363,6554,13107,1.00006103515625,1.999969482421875,1.00006103515625,1.999969482421875,,,998371,23,1,3,0
562,998489,6554,13107,1.00006103515625,1.999969482421875,1.00006103515625,1.999969482421875,,,998496,23,1,3,0
563,998614,6554,13107,1.00006103515625,1.999969482421875,1.00006103515625,1.999969482421875,,,998621,24,1,3,0
564,998739,6554,13107,1.00006103515625,1.999969482421875,1.00006103515625,1.999969482421875,,,998746,24,1,3,0
565,998864,6554,13107,1.00006103515625,1.999969482421875,1.00006103515625,1.999969482421875,,,998871,24,1,3,0
566,998990,6554,13107,1.00006103515625,1.999969482421875,1.00006103515625,1.999969482421875,,,998997,23,1,3,0
567,999115,6554,13107,1.00006103515625,1.999969482421875,1.00006103515625,1.999969482421875,,,999122,24,1,3,0
568,999240,6554,13107,1.00006103515625,1.999969482421875,1.00006103515625,1.999969482421875,,,999247,24,1,3,0
569,999365,6554,13107,1.00006103515625,1.999969482421875,1.00006103515625,1.999969482421875,,,999372,24,1,3,0
570,999491,6554,13107,1.00006103515625,1.999969482421875,1.00006103515625,1.999969482421875,,,999498,23,1,3,0
571,999616,6554,13107,1.00006103515625,1.999969482421875,1.00006103515625,1.999969482421875,,,999623,24,1,3,0
572,999741,6554,13107,1.00006103515625,1.999969482421875,1.00006103515625,1.999969482421875,,,999748,24,1,3,0
573,999866,6554,13107,1.00006103515625,1.999969482421875,1.00006103515625,1.999969482421875,,,999873,24,1,3,0
574,999992,6554,13107,1.00006103515625,1.999969482421875,1.00006103515625,1.999969482421875,,,999999,23,1,3,0
575,1000117,6554,13107,1.00006103515625,1.999969482421875,1.00006103515625,1.999969482421875,,,1000124,24,1,3,0
576,1000242,6554,13107,1.00006103515625,1.999969482421875,1.00006103515625,1.999969482421875,,,1000249,24,1,3,0
577,1000367,6554,13107,1.00006103515625,1.999969482421875,1.00006103515625,1.999969482421875,,,1000374,24,1,3,0
578,1000493,6554,13107,1.00006103515625,1.999969482421875,1.00006103515625,1.999969482421875,,,1000500,23,1,3,0
579,1000618,6554,13107,1.00006103515625,1.999969482421875,1.00006103515625,1.999969482421875,,,1000625,24,1,3,0
580,1000743,6554,13107,1.00006103515625,1.999969482421875,1.00006103515625,1.999969482421875,,,1000750,24,1,3,0
581,1000868,6554,13107,1.00006103515625,1.999969482421875,1.00006103515625,1.999969482421875,,,1000875,24,1,3,0
582,1000994,6554,13107,1.00006103515625,1.999969482421875,1.00006103515625,1.999969482421875,,,1001001,23,1,3,0
583,1001119,6554,13107,1.00006103515625,1.999969482421875,1.00006103515625,1.999969482421875,,,1001126,24,1,3,0
584,1001244,6554,13107,1.00006103515625,1.999969482421875,1.00006103515625,1.999969482421875,,,1001251,24,1,3,0
585,1001369,6554,13107,1.00006103515625,1.999969482421875,1.00006103515625,1.999969482421875,,,1001376,24,1,3,0
586,1001495,6554,13107,1.00006103515625,1.999969482421875,1.00006103515625,1.999969482421875,,,1001502,24,1,3,0
587,1001620,6554,13107,1.00006103515625,1.999969482421875,1.00006103515625,1.999969482421875,,,1001627,24,1,3,0
588,1001745,6554,13107,1.00006103515625,1.999969482421875,1.00006103515625,1.999969482421875,,,1001752,24,1,3,0
589,1001870,6554,13107,1.00006103515625,1.999969482421875,1.00006103515625,1.999969482421875,,,1001878,23,1,3,0
590,1001996,6554,13107,1.00006103515625,1.999969482421875,1.00006103515625,1.999969482421875,,,1002003,23,1,3,0
591,1002121,6554,13107,1.00006103515625,1.999969482421875,1.00006103515625,1.999969482421875,,,1002128,24,1,3,0
592,1002246,6554,13107,1.00006103515625,1.999969482421875,1.00006103515625,1.999969482421875,,,1002253,24,1,3,0
593,1002371,6554,13107,1.00006103515625,1.999969482421875,1.00006103515625,1.999969482421875,,,1002379,23,1,3,0
594,1002497,6554,13107,1.00006103515625,1.999969482421875,1.00006103515625,1.999969482421875,,,1002504,24,1,3,0
595,1002622,6554,13107,1.00006103515625,1.999969482421875,1.00006103515625,1.999969482421875,,,1002629,24,1,3,0
596,1002747,6554,13107,1.00006103515625,1.999969482421875,1.00006103515625,1.999969482421875,,,1002754,24,1,3,0
597,1002872,6554,13107,1.00006103515625,1.999969482421875,1.00006103515625,1.999969482421875,,,1002880,23,1,3,0
598,1002998,6554,13107,1.00006103515625,1.999969482421875,1.00006103515625,1.999969482421875,,,1003005,23,1,3,0
599,1003123,6554,13107,1.00006103515625,1.999969482421875,1.00006103515625,1.999969482421875,,,1003130,24,1,3,0
600,1003248,6554,13107,1.00006103515625,1.999969482421875,1.00006103515625,1.999969482421875,,,1003255,24,1,3,0
601,1003373,6554,13107,1.00006103515625,1.999969482421875,1.00006103515625,1.999969482421875,,,1003381,23,1,3,0
602,1003499,6554,13107,1.00006103515625,1.999969482421875,1.00006103515625,1.999969482421875,,,1003506,23,1,3,0
603,1003624,6554,13107,1.00006103515625,1.999969482421875,1.00006103515625,1.999969482421875,,,1003631,26,1,3,0
604,1003749,6554,13107,1.00006103515625,1.999969482421875,1.00006103515625,1.999969482421875,,,1003756,24,1,3,0
605,1003874,6554,13107,1.00006103515625,1.999969482421875,1.00006103515625,1.999969482421875,,,1003882,23,1,3,0
606,1004000,6554,13107,1.00006103515625,1.999969482421875,1.00006103515625,1.999969482421875,,,1004007,23,1,3,0
607,1004125,6554,13107,1.00006103515625,1.999969482421875,1.00006103515625,1.999969482421875,,,1004132,24,1,3,0
608,1004250,6554,13107,1.00006103515625,1.999969482421875,1.00006103515625,1.999969482421875,,,1004257,24,1,3,0
609,1004375,6554,13107,1.00006103515625,1.999969482421875,1.00006103515625,1.999969482421875,,,1004383,23,1,3,0
610,1004501,6554,13107,1.00006103515625,1.999969482421875,1.00006103515625,1.999969482421875,,,1004508,23,1,3,0
611,1004626,6554,13107,1.00006103515625,1.999969482421875,1.00006103515625,1.999969482421875,,,1004633,27,1,3,0
612,1004751,6554,13107,1.00006103515625,1.999969482421875,1.00006103515625,1.999969482421875,,,1004758,24,1,3,0
613,1004876,6554,13107,1.00006103515625,1.999969482421875,1.00006103515625,1.999969482421875,,,1004884,23,1,3,0
614,1005002,6554,13107,1.00006103515625,1.999969482421875,1.00006103515625,1.999969482421875,,,1005009,23,1,3,0
615,1005127,6554,13107,1.00006103515625,1.999969482421875,1.00006103515625,1.999969482421875,,,1005134,24,1,3,0
616,1005252,6554,13107,1.00006103515625,1.999969482421875,1.00006103515625,1.999969482421875,,,1005259,24,1,3,0
617,1005377,6554,13107,1.00006103515625,1.999969482421875,1.00006103515625,1.999969482421875,,,1005385,23,1,3,0
618,1005503,6554,13107,1.00006103515625,1.999969482421875,1.00006103515625,1.999969482421875,,,1005510,23,1,3,0
619,1005628,6554,13107,1.00006103515625,1.999969482421875,1.00006103515625,1.999969482421875,,,1005635,26,1,3,0
620,1005753,6554,13107,1.00006103515625,1.999969482421875,1.00006103515625,1.999969482421875,,,1005760,24,1,3,0
621,1005878,6554,13107,1.00006103515625,1.999969482421875,1.00006103515625,1.999969482421875,,,1005886,23,1,3,0
622,1006004,6554,13107,1.00006103515625,1.999969482421875,1.00006103515625,1.999969482421875,,,1006011,23,1,3,0
623,1006129,6554,13107,1.00006103515625,1.999969482421875,1.00006103515625,1.999969482421875,,,1006136,24,1,3,0
624,1006254,6554,13107,1.00006103515625,1.999969482421875,1.00006103515625,1.999969482421875,,,1006261,24,1,3,0
625,1006379,6554,13107,1.00006103515625,1.999969482421875,1.00006103515625,1.999969482421875,,,1006387,23,1,3,0
626,1006505,6554,13107,1.00006103515625,1.999969482421875,1.00006103515625,1.999969482421875,,,1006513,24,1,3,0
627,1006630,6554,13107,1.00006103515625,1.999969482421875,1.00006103515625,1.999969482421875,,,1006639,24,1,3,0
628,1006755,6554,13107,1.00006103515625,1.999969482421875,1.00006103515625,1.999969482421875,,,1006762,24,1,3,0
629,1006880,6554,13107,1.00006103515625,1.999969482421875,1.00006103515625,1.999969482421875,,,1006888,23,1,3,0
630,1007006,6554,13107,1.00006103515625,1.999969482421875,1.00006103515625,1.999969482421875,,,1007013,24,1,3,0
631,1007131,6554,13107,1.00006103515625,1.999969482421875,1.00006103515625,1.999969482421875,,,1007139,24,1,3,0
632,1007256,6554,13107,1.00006103515625,1.999969482421875,1.00006103515625,1.999969482421875,,,1007263,24,1,3,0
633,1007381,6554,13107,1.00006103515625,1.999969482421875,1.00006103515625,1.999969482421875,,,1007389,23,1,3,0
634,1007507,6554,13107,1.00006103515625,1.999969482421875,1.00006103515625,1.999969482421875,,,1007514,24,1,3,0
635,1007632,6554,13107,1.00006103515625,1.999969482421875,1.00006103515625,1.999969482421875,,,1007641,23,1,3,0
636,1007757,6554,13107,1.00006103515625,1.999969482421875,1.00006103515625,1.999969482421875,,,1007764,24,1,3,0
637,1007882,6554,13107,1.00006103515625,1.999969482421875,1.00006103515625,1.999969482421875,,,1007890,23,1,3,0
638,1008008,6554,13107,1.00006103515625,1.999969482421875,1.00006103515625,1.999969482421875,,,1008015,24,1,3,0
639,1008133,6554,13107,1.00006103515625,1.999969482421875,1.00006103515625,1.999969482421875,,,1008142,24,1,3,0
640,1008258,6554,13107,1.00006103515625,1.999969482421875,1.00006103515625,1.999969482421875,,,1008265,24,1,3,0
641,1008383,6554,13107,1.00006103515625,1.999969482421875,1.00006103515625,1.999969482421875,,,1008392,24,1,3,0
642,1008509,6554,13107,1.00006103515625,1.999969482421875,1.00006103515625,1.999969482421875,,,1008517,23,1,3,0
643,1008634,6554,13107,1.00006103515625,1.999969482421875,1.00006103515625,1.999969482421875,,,1008643,23,1,3,0
644,1008759,6554,13107,1.00006103515625,1.999969482421875,1.00006103515625,1.999969482421875,,,1008766,24,1,3,0
645,1008885,6554,13107,1.00006103515625,1.999969482421875,1.00006103515625,1.999969482421875,,,1008892,23,1,3,0
646,1009010,6554,13107,1.00006103515625,1.999969482421875,1.00006103515625,1.999969482421875,,,1009017,24,1,3,0
647,1009135,6554,13107,1.00006103515625,1.999969482421875,1.00006103515625,1.999969482421875,,,1009143,23,1,3,0
648,1009260,6554,13107,1.00006103515625,1.999969482421875,1.00006103515625,1.999969482421875,,,1009267,24,1,3,0
649,1009386,6554,13107,1.00006103515625,1.999969482421875,1.00006103515625,1.999969482421875,,,1009393,24,1,3,0
650,1009511,6554,13107,1.00006103515625,1.999969482421875,1.00006103515625,1.999969482421875,,,1009518,24,1,3,0
651,1009636,6554,13107,1.00006103515625,1.999969482421875,1.00006103515625,1.999969482421875,,,1009645,23,1,3,0
652,1009761,6554,13107,1.00006103515625,1.999969482421875,1.00006103515625,1.999969482421875,,,1009768,24,1,3,0
653,1009887,6554,13107,1.00006103515625,1.999969482421875,1.00006103515625,1.999969482421875,,,1009894,23,1,3,0
654,1010012,6554,13107,1.00006103515625,1.999969482421875,1.00006103515625,1.999969482421875,,,1010019,24,1,3,0
655,1010137,6554,13107,1.00006103515625,1.999969482421875,1.00006103515625,1.999969482421875,,,1010144,24,1,3,0
656,1010262,6554,13107,1.00006103515625,1.999969482421875,1.00006103515625,1.999969482421875,,,1010269,24,1,3,0
657,1010388,6554,13107,1.00006103515625,1.999969482421875,1.00006103515625,1.999969482421875,,,1010395,23,1,3,0
658,1010513,6554,13107,1.00006103515625,1.999969482421875,1.00006103515625,1.999969482421875,,,1010520,24,1,3,0
659,1010639,6554,13107,1.00006103515625,1.999969482421875,1.00006103515625,1.999969482421875,,,1010646,23,1,3,0
660,1010764,6554,13107,1.00006103515625,1.999969482421875,1.00006103515625,1.999969482421875,,,1010771,24,1,3,0
661,1010889,6554,13107,1.00006103515625,1.999969482421875,1.00006103515625,1.999969482421875,,,1010896,24,1,3,0
662,1011014,6554,13107,1.00006103515625,1.999969482421875,1.00006103515625,1.999969482421875,,,1011021,24,1,3,0
663,1011140,6554,13107,1.00006103515625,1.999969482421875,1.00006103515625,1.999969482421875,,,1011147,23,1,3,0
664,1011265,6554,13107,1.00006103515625,1.999969482421875,1.00006103515625,1.999969482421875,,,1011272,24,1,3,0
665,1011390,6554,13107,1.00006103515625,1.999969482421875,1.00006103515625,1.999969482421875,,,1011397,24,1,3,0
666,1011515,6554,13107,1.00006103515625,1.999969482421875,1.00006103515625,1.999969482421875,,,1011523,23,1,3,0
667,1011641,6554,13107,1.00006103515625,1.999969482421875,1.00006103515625,1.999969482421875,,,1011648,24,1,3,0
668,1011766,6554,13107,1.00006103515625,1.999969482421875,1.00006103515625,1.999969482421875,,,1011773,24,1,3,0
669,1011891,6554,13107,1.00006103515625,1.999969482421875,1.00006103515625,1.999969482421875,,,1011898,24,1,3,0
670,1012017,6554,13107,1.00006103515625,1.999969482421875,1.00006103515625,1.999969482421875,,,1012024,23,1,3,0
671,1012142,6554,13107,1.00006103515625,1.999969482421875,1.00006103515625,1.999969482421875,,,1012149,24,1,3,0
672,1012267,6554,13107,1.00006103515625,1.999969482421875,1.00006103515625,1.999969482421875,,,1012274,24,1,3,0
673,1012392,6554,13107,1.00006103515625,1.999969482421875,1.00006103515625,1.999969482421875,,,1012400,23,1,3,0
674,1012518,6554,13107,1.00006103515625,1.999969482421875,1.00006103515625,1.999969482421875,,,1012525,23,1,3,0
675,1012643,6554,13107,1.00006103515625,1.999969482421875,1.00006103515625,1.999969482421875,,,1012650,24,1,3,0
676,1012768,6554,13107,1.00006103515625,1.999969482421875,1.00006103515625,1.999969482421875,,,1012775,24,1,3,0
677,1012893,6554,13107,1.00006103515625,1.999969482421875,1.00006103515625,1.999969482421875,,,1012901,23,1,3,0
678,1013019,6554,13107,1.00006103515625,1.999969482421875,1.00006103515625,1.999969482421875,,,1013026,23,1,3,0
679,1013144,6554,13107,1.00006103515625,1.999969482421875,1.00006103515625,1.999969482421875,,,1013151,24,1,3,0
680,1013269,6554,13107,1.00006103515625,1.999969482421875,1.00006103515625,1.999969482421875,,,1013276,24,1,3,0
681,1013394,6554,13107,1.00006103515625,1.999969482421875,1.00006103515625,1.999969482421875,,,1013402,23,1,3,0
682,1013520,6554,13107,1.00006103515625,1.999969482421875,1.00006103515625,1.999969482421875,,,1013527,23,1,3,0
683,1013645,6554,13107,1.00006103515625,1.999969482421875,1.00006103515625,1.999969482421875,,,1013652,24,1,3,0
684,1013770,6554,13107,1.00006103515625,1.999969482421875,1.00006103515625,1.999969482421875,,,1013777,24,1,3,0
685,1013895,6554,13107,1.00006103515625,1.999969482421875,1.00006103515625,1.999969482421875,,,1013903,23,1,3,0
686,1014021,6554,13107,1.00006103515625,1.999969482421875,1.00006103515625,1.999969482421875,,,1014028,23,1,3,0
687,1014146,6554,13107,1.00006103515625,1.999969482421875,1.00006103515625,1.999969482421875,,,1014153,24,1,3,0
688,1014271,6554,13107,1.00006103515625,1.999969482421875,1.00006103515625,1.999969482421875,,,1014278,24,1,3,0
689,1014396,6554,13107,1.00006103515625,1.999969482421875,1.00006103515625,1.999969482421875,,,1014404,23,1,3,0
690,1014522,6554,13107,1.00006103515625,1.999969482421875,1.00006103515625,1.999969482421875,,,1014529,24,1,3,0
691,1014647,6554,13107,1.00006103515625,1.999969482421875,1.00006103515625,1.999969482421875,,,1014654,24,1,3,0
692,1014772,6554,13107,1.00006103515625,1.999969482421875,1.00006103515625,1.999969482421875,,,1014779,24,1,3,0
693,1014898,6554,13107,1.00006103515625,1.999969482421875,1.00006103515625,1.999969482421875,,,1014905,23,1,3,0
694,1015023,6554,13107,1.00006103515625,1.999969482421875,1.00006103515625,1.999969482421875,,,1015030,24,1,3,0
695,1015148,6554,13107,1.00006103515625,1.999969482421875,1.00006103515625,1.999969482421875,,,1015155,24,1,3,0
696,1015273,6554,13107,1.00006103515625,1.999969482421875,1.00006103515625,1.999969482421875,,,1015280,24,1,3,0
697,1015399,6554,13107,1.00006103515625,1.999969482421875,1.00006103515625,1.999969482421875,,,1015406,23,1,3,0
698,1015524,6554,13107,1.00006103515625,1.999969482421875,1.00006103515625,1.999969482421875,,,1015531,24,1,3,0
699,1015649,6554,13107,1.00006103515625,1.999969482421875,1.00006103515625,1.999969482421875,,,1015656,24,1,3,0
700,1015774,6554,13107,1.00006103515625,1.999969482421875,1.00006103515625,1.999969482421875,,,1015782,23,1,3,0
701,1015900,6554,13107,1.00006103515625,1.999969482421875,1.00006103515625,1.999969482421875,,,1015907,23,1,3,0
702,1016025,6554,13107,1.00006103515625,1.999969482421875,1.00006103515625,1.999969482421875,,,1016032,24,1,3,0
703,1016150,6554,13107,1.00006103515625,1.999969482421875,1.00006103515625,1.999969482421875,,,1016157,24,1,3,0
704,1016275,6554,13107,1.00006103515625,1.999969482421875,1.00006103515625,1.999969482421875,,,1016282,24,1,3,0
705,1016401,6554,13107,1.00006103515625,1.999969482421875,1.00006103515625,1.999969482421875,,,1016408,23,1,3,0
706,1016526,6554,13107,1.00006103515625,1.999969482421875,1.00006103515625,1.999969482421875,,,1016533,24,1,3,0
707,1016651,6554,13107,1.00006103515625,1.999969482421875,1.00006103515625,1.999969482421875,,,1016658,24,1,3,0
708,1016776,6554,13107,1.00006103515625,1.999969482421875,1.00006103515625,1.999969482421875,,,1016783,24,1,3,0
709,1016902,6554,13107,1.00006103515625,1.999969482421875,1.00006103515625,1.999969482421875,,,1016909,23,1,3,0
710,1017027,6554,13107,1.00006103515625,1.999969482421875,1.00006103515625,1.999969482421875,,,1017034,24,1,3,0
711,1017152,6554,13107,1.00006103515625,1.999969482421875,1.00006103515625,1.999969482421875,,,1017159,24,1,3,0
712,1017277,6554,13107,1.00006103515625,1.999969482421875,1.00006103515625,1.999969482421875,,,1017284,24,1,3,0
713,1017403,6554,13107,1.00006103515625,1.999969482421875,1.00006103515625,1.999969482421875,,,1017410,23,1,3,0
714,1017528,6554,13107,1.00006103515625,1.999969482421875,1.00006103515625,1.999969482421875,,,1017535,24,1,3,0
715,1017653,6554,13107,1.00006103515625,1.999969482421875,1.00006103515625,1.999969482421875,,,1017660,24,1,3,0
716,1017778,6554,13107,1.00006103515625,1.999969482421875,1.00006103515625,1.999969482421875,,,1017785,24,1,3,0
717,1017904,6554,13107,1.00006103515625,1.999969482421875,1.00006103515625,1.999969482421875,,,1017911,23,1,3,0
718,1018029,6554,13107,1.00006103515625,1.999969482421875,1.00006103515625,1.999969482421875,,,1018036,24,1,3,0
719,1018154,6554,13107,1.00006103515625,1.999969482421875,1.00006103515625,1.999969482421875,,,1018161,24,1,3,0
720,1018279,6554,13107,1.00006103515625,1.999969482421875,1.00006103515625,1.999969482421875,,,1018286,24,1,3,0
721,1018405,6554,13107,1.00006103515625,1.999969482421875,1.00006103515625,1.999969482421875,,,1018412,23,1,3,0
722,1018530,6554,13107,1.00006103515625,1.999969482421875,1.00006103515625,1.999969482421875,,,1018537,24,1,3,0
723,1018655,6554,13107,1.00006103515625,1.999969482421875,1.00006103515625,1.999969482421875,,,1018662,24,1,3,0
724,1018780,6554,13107,1.00006103515625,1.999969482421875,1.00006103515625,1.999969482421875,,,1018788,23,1,3,0
725,1018906,6554,13107,1.00006103515625,1.999969482421875,1.00006103515625,1.999969482421875,,,1018913,23,1,3,0
726,1019031,6554,13107,1.00006103515625,1.999969482421875,1.00006103515625,1.999969482421875,,,1019038,24,1,3,0
727,1019156,6554,13107,1.00006103515625,1.999969482421875,1.00006103515625,1.999969482421875,,,1019163,24,1,3,0
728,1019281,6554,13107,1.00006103515625,1.999969482421875,1.00006103515625,1.999969482421875,,,1019289,23,1,3,0
729,1019407,6554,13107,1.00006103515625,1.999969482421875,1.00006103515625,1.999969482421875,,,1019414,23,1,3,0
730,1019532,6554,13107,1.00006103515625,1.999969482421875,1.00006103515625,1.999969482421875,,,1019539,24,1,3,0
731,1019657,6554,13107,1.00006103515625,1.999969482421875,1.00006103515625,1.999969482421875,,,1019664,24,1,3,0
732,1019782,6554,13107,1.00006103515625,1.999969482421875,1.00006103515625,1.999969482421875,,,1019790,23,1,3,0
733,1019908,6554,13107,1.00006103515625,1.999969482421875,1.00006103515625,1.999969482421875,,,1019915,23,1,3,0
734,1020033,6554,13107,1.00006103515625,1.999969482421875,1.00006103515625,1.999969482421875,,,1020040,24,1,3,0
735,1020158,6554,13107,1.00006103515625,1.999969482421875,1.00006103515625,1.999969482421875,,,1020165,24,1,3,0
736,1020283,6554,13107,1.00006103515625,1.999969482421875,1.00006103515625,1.999969482421875,,,1020291,23,1,3,0
737,1020409,6554,13107,1.00006103515625,1.999969482421875,1.00006103515625,1.999969482421875,,,1020416,23,1,3,0
738,1020534,6554,13107,1.00006103515625,1.999969482421875,1.00006103515625,1.999969482421875,,,1020541,24,1,3,0
739,1020659,6554,13107,1.00006103515625,1.999969482421875,1.00006103515625,1.999969482421875,,,1020666,24,1,3,0
740,1020784,6554,13107,1.00006103515625,1.999969482421875,1.00006103515625,1.999969482421875,,,1020792,23,1,3,0
741,1020910,6554,13107,1.00006103515625,1.999969482421875,1.00006103515625,1.999969482421875,,,1020917,24,1,3,0
742,1021035,6554,13107,1.00006103515625,1.999969482421875,1.00006103515625,1.999969482421875,,,1021042,24,1,3,0
743,1021160,6554,13107,1.00006103515625,1.999969482421875,1.00006103515625,1.999969482421875,,,1021167,24,1,3,0
744,1021285,6554,13107,1.00006103515625,1.999969482421875,1.00006103515625,1.999969482421875,,,1021293,23,1,3,0
745,1021411,6554,13107,1.00006103515625,1.999969482421875,1.00006103515625,1.999969482421875,,,1021418,23,1,3,0
746,1021536,6554,13107,1.00006103515625,1.999969482421875,1.00006103515625,1.999969482421875,,,1021543,24,1,3,0
747,1021661,6554,13107,1.00006103515625,1.999969482421875,1.00006103515625,1.999969482421875,,,1021668,24,1,3,0
748,1021786,6554,13107,1.00006103515625,1.999969482421875,1.00006103515625,1.999969482421875,,,1021794,23,1,3,0
749,1021912,6554,13107,1.00006103515625,1.999969482421875,1.00006103515625,1.999969482421875,,,1021919,23,1,3,0
750,1022037,6554,13107,1.00006103515625,1.999969482421875,1.00006103515625,1.999969482421875,,,1022044,24,1,3,0
751,1022162,6554,13107,1.00006103515625,1.999969482421875,1.00006103515625,1.999969482421875,,,1022169,24,1,3,0
752,1022287,6554,13107,1.00006103515625,1.999969482421875,1.00006103515625,1.999969482421875,,,1022295,23,1,3,0
753,1022413,6554,13107,1.00006103515625,1.999969482421875,1.00006103515625,1.999969482421875,,,1022420,23,1,3,0
754,1022538,6554,13107,1.00006103515625,1.999969482421875,1.00006103515625,1.999969482421875,,,1022545,24,1,3,0
755,1022663,6554,13107,1.00006103515625,1.999969482421875,1.00006103515625,1.999969482421875,,,1022670,24,1,3,0
756,1022788,6554,13107,1.00006103515625,1.999969482421875,1.00006103515625,1.999969482421875,,,1022796,23,1,3,0
757,1022914,6554,13107,1.00006103515625,1.999969482421875,1.00006103515625,1.999969482421875,,,1022921,23,1,3,0
758,1023039,6554,13107,1.00006103515625,1.999969482421875,1.00006103515625,1.999969482421875,,,1023046,24,1,3,0
759,1023164,6554,13107,1.00006103515625,1.999969482421875,1.00006103515625,1.999969482421875,,,1023171,24,1,3,0
760,1023289,6554,13107,1.00006103515625,1.999969482421875,1.00006103515625,1.999969482421875,,,1023297,23,1,3,0
761,1023415,6554,13107,1.00006103515625,1.999969482421875,1.00006103515625,1.999969482421875,,,1023422,23,1,3,0
762,1023540,6554,13107,1.00006103515625,1.999969482421875,1.00006103515625,1.999969482421875,,,1023548,23,1,3,0
763,1023665,6554,13107,1.00006103515625,1.999969482421875,1.00006103515625,1.999969482421875,,,1023672,24,1,3,0
764,1023790,6554,13107,1.00006103515625,1.999969482421875,1.00006103515625,1.999969482421875,,,1023798,23,1,3,0
765,1023916,6554,13107,1.00006103515625,1.999969482421875,1.00006103515625,1.999969482421875,,,1023923,24,1,3,0
766,1024041,6554,13107,1.00006103515625,1.999969482421875,1.00006103515625,1.999969482421875,,,1024048,24,1,3,0
767,1024166,6554,13107,1.00006103515625,1.999969482421875,1.00006103515625,1.999969482421875,,,1024173,24,1,3,0
768,1024291,6554,13107,1.00006103515625,1.999969482421875,1.00006103515625,1.999969482421875,,,1024299,23,1,3,0
769,1024417,6554,13107,1.00006103515625,1.999969482421875,1.00006103515625,1.999969482421875,,,1024424,24,1,3,0
770,1024542,6554,13107,1.00006103515625,1.999969482421875,1.00006103515625,1.999969482421875,,,1024550,23,1,3,0
771,1024667,6554,13107,1.00006103515625,1.999969482421875,1.00006103515625,1.999969482421875,,,1024674,24,1,3,0
772,1024792,6554,13107,1.00006103515625,1.999969482421875,1.00006103515625,1.999969482421875,,,1024800,23,1,3,0
773,1024918,6554,13107,1.00006103515625,1.999969482421875,1.00006103515625,1.999969482421875,,,1024925,24,1,3,0
774,1025043,6554,13107,1.00006103515625,1.999969482421875,1.00006103515625,1.999969482421875,,,1025050,24,1,3,0
775,1025168,6554,13107,1.00006103515625,1.999969482421875,1.00006103515625,1.999969482421875,,,1025175,24,1,3,0
776,1025293,6554,13107,1.00006103515625,1.999969482421875,1.00006103515625,1.999969482421875,,,1025301,23,1,3,0
777,1025419,6554,13107,1.00006103515625,1.999969482421875,1.00006103515625,1.999969482421875,,,1025426,24,1,3,0
778,1025544,6554,13107,1.00006103515625,1.999969482421875,1.00006103515625,1.999969482421875,,,1025551,24,1,3,0
779,1025669,6554,13107,1.00006103515625,1.999969482421875,1.00006103515625,1.999969482421875,,,1025677,23,1,3,0
780,1025795,6554,13107,1.00006103515625,1.999969482421875,1.00006103515625,1.999969482421875,,,1025802,23,1,3,0
781,1025920,6554,13107,1.00006103515625,1.999969482421875,1.00006103515625,1.999969482421875,,,1025927,24,1,3,0
782,1026045,6554,13107,1.00006103515625,1.999969482421875,1.00006103515625,1.999969482421875,,,1026052,24,1,3,0
783,1026170,6554,13107,1.00006103515625,1.999969482421875,1.00006103515625,1.999969482421875,,,1026177,24,1,3,0
784,1026296,6554,13107,1.00006103515625,1.999969482421875,1.00006103515625,1.999969482421875,,,1026303,23,1,3,0
785,1026421,6554,13107,1.00006103515625,1.999969482421875,1.00006103515625,1.999969482421875,,,1026428,24,1,3,0
786,1026546,6554,13107,1.00006103515625,1.999969482421875,1.00006103515625,1.999969482421875,,,1026553,24,1,3,0
787,1026671,6554,13107,1.00006103515625,1.999969482421875,1.00006103515625,1.999969482421875,,,1026678,24,1,3,0
788,1026797,6554,13107,1.00006103515625,1.999969482421875,1.00006103515625,1.999969482421875,,,1026804,23,1,3,0
789,1026922,6554,13107,1.00006103515625,1.999969482421875,1.00006103515625,1.999969482421875,,,1026929,24,1,3,0
790,1027047,6554,13107,1.00006103515625,1.999969482421875,1.00006103515625,1.999969482421875,,,1027054,24,1,3,0
791,1027172,6554,13107,1.00006103515625,1.999969482421875,1.00006103515625,1.999969482421875,,,1027179,24,1,3,0
792,1027298,6554,13107,1.00006103515625,1.999969482421875,1.00006103515625,1.999969482421875,,,1027305,23,1,3,0
793,1027423,6554,13107,1.00006103515625,1.999969482421875,1.00006103515625,1.999969482421875,,,1027430,24,1,3,0
794,1027548,6554,13107,1.00006103515625,1.999969482421875,1.00006103515625,1.999969482421875,,,1027555,24,1,3,0
795,1027673,6554,13107,1.00006103515625,1.999969482421875,1.00006103515625,1.999969482421875,,,1027680,24,1,3,0
796,1027799,6554,13107,1.00006103515625,1.999969482421875,1.00006103515625,1.999969482421875,,,1027806,23,1,3,0
797,1027924,6554,13107,1.00006103515625,1.999969482421875,1.00006103515625,1.999969482421875,,,1027931,24,1,3,0
798,1028049,6554,13107,1.00006103515625,1.999969482421875,1.00006103515625,1.999969482421875,,,1028056,24,1,3,0
799,1028174,6554,13107,1.00006103515625,1.999969482421875,1.00006103515625,1.999969482421875,,,1028181,24,1,3,0
800,1028300,6554,13107,1.00006103515625,1.999969482421875,1.00006103515625,1.999969482421875,,,1028307,23,1,3,0
801,1028425,6554,13107,1.00006103515625,1.999969482421875,1.00006103515625,1.999969482421875,,,1028432,24,1,3,0
802,1028550,6554,13107,1.00006103515625,1.999969482421875,1.00006103515625,1.999969482421875,,,1028557,24,1,3,0
803,1028675,6554,13107,1.00006103515625,1.999969482421875,1.00006103515625,1.999969482421875,,,1028682,24,1,3,0
804,1028801,6554,13107,1.00006103515625,1.999969482421875,1.00006103515625,1.999969482421875,,,1028808,23,1,3,0
805,1028926,6554,13107,1.00006103515625,1.999969482421875,1.00006103515625,1.999969482421875,,,1028933,24,1,3,0
806,1029051,6554,13107,1.00006103515625,1.999969482421875,1.00006103515625,1.999969482421875,,,1029058,24,1,3,0
807,1029176,6554,13107,1.00006103515625,1.999969482421875,1.00006103515625,1.999969482421875,,,1029183,24,1,3,0
808,1029302,6554,13107,1.00006103515625,1.999969482421875,1.00006103515625,1.999969482421875,,,1029309,23,1,3,0
809,1029427,6554,13107,1.00006103515625,1.999969482421875,1.00006103515625,1.999969482421875,,,1029434,24,1,3,0
810,1029552,6554,13107,1.00006103515625,1.999969482421875,1.00006103515625,1.999969482421875,,,1029559,24,1,3,0
811,1029677,6554,13107,1.00006103515625,1.999969482421875,1.00006103515625,1.999969482421875,,,1029684,24,1,3,0
812,1029803,6554,13107,1.00006103515625,1.999969482421875,1.00006103515625,1.999969482421875,,,1029810,23,1,3,0
813,1029928,6554,13107,1.00006103515625,1.999969482421875,1.00006103515625,1.999969482421875,,,1029935,24,1,3,0
814,1030053,6554,13107,1.00006103515625,1.999969482421875,1.00006103515625,1.999969482421875,,,1030060,24,1,3,0
815,1030178,6554,13107,1.00006103515625,1.999969482421875,1.00006103515625,1.999969482421875,,,1030185,24,1,3,0
816,1030304,6554,13107,1.00006103515625,1.999969482421875,1.00006103515625,1.999969482421875,,,1030311,23,1,3,0
817,1030429,6554,13107,1.00006103515625,1.999969482421875,1.00006103515625,1.999969482421875,,,1030436,24,1,3,0
818,1030554,6554,13107,1.00006103515625,1.999969482421875,1.00006103515625,1.999969482421875,,,1030561,24,1,3,0
819,1030679,6554,13107,1.00006103515625,1.999969482421875,1.00006103515625,1.999969482421875,,,1030687,23,1,3,0
820,1030805,6554,13107,1.00006103515625,1.999969482421875,1.00006103515625,1.999969482421875,,,1030812,23,1,3,0
821,1030930,6554,13107,1.00006103515625,1.999969482421875,1.00006103515625,1.999969482421875,,,1030937,24,1,3,0
822,1031055,6554,13107,1.00006103515625,1.999969482421875,1.00006103515625,1.999969482421875,,,1031062,24,1,3,0
823,1031180,6554,13107,1.00006103515625,1.999969482421875,1.00006103515625,1.999969482421875,,,1031187,24,1,3,0
824,1031306,6554,13107,1.00006103515625,1.999969482421875,1.00006103515625,1.999969482421875,,,1031313,23,1,3,0
825,1031431,6554,13107,1.00006103515625,1.999969482421875,1.00006103515625,1.999969482421875,,,1031438,24,1,3,0
826,1031556,6554,13107,1.00006103515625,1.999969482421875,1.00006103515625,1.999969482421875,,,1031565,24,1,3,0
827,1031681,6554,13107,1.00006103515625,1.999969482421875,1.00006103515625,1.999969482421875,,,1031688,24,1,3,0
828,1031807,6554,13107,1.00006103515625,1.999969482421875,1.00006103515625,1.999969482421875,,,1031814,23,1,3,0
829,1031932,6554,13107,1.00006103515625,1.999969482421875,1.00006103515625,1.999969482421875,,,1031939,24,1,3,0
830,1032057,6554,13107,1.00006103515625,1.999969482421875,1.00006103515625,1.999969482421875,,,1032064,24,1,3,0
831,1032182,6554,13107,1.00006103515625,1.999969482421875,1.00006103515625,1.999969482421875,,,1032189,24,1,3,0
832,1032308,6554,13107,1.00006103515625,1.999969482421875,1.00006103515625,1.999969482421875,,,1032315,23,1,3,0
833,1032433,6554,13107,1.00006103515625,1.999969482421875,1.00006103515625,1.999969482421875,,,1032440,24,1,3,0
834,1032558,6554,13107,1.00006103515625,1.999969482421875,1.00006103515625,1.999969482421875,,,1032565,24,1,3,0
835,1032683,6554,13107,1.00006103515625,1.999969482421875,1.00006103515625,1.999969482421875,,,1032690,24,1,3,0
836,1032809,6554,13107,1.00006103515625,1.999969482421875,1.00006103515625,1.999969482421875,,,1032816,23,1,3,0
837,1032934,6554,13107,1.00006103515625,1.999969482421875,1.00006103515625,1.999969482421875,,,1032941,24,1,3,0
838,1033059,6554,13107,1.00006103515625,1.999969482421875,1.00006103515625,1.999969482421875,,,1033066,24,1,3,0
839,1033184,6554,13107,1.00006103515625,1.999969482421875,1.00006103515625,1.999969482421875,,,1033191,24,1,3,0
840,1033310,6554,13107,1.00006103515625,1.999969482421875,1.00006103515625,1.999969482421875,,,1033317,23,1,3,0
841,1033435,6554,13107,1.00006103515625,1.999969482421875,1.00006103515625,1.999969482421875,,,1033442,24,1,3,0
842,1033560,6554,13107,1.00006103515625,1.999969482421875,1.00006103515625,1.999969482421875,,,1033567,24,1,3,0
843,1033685,6554,13107,1.00006103515625,1.999969482421875,1.00006103515625,1.999969482421875,,,1033692,24,1,3,0
844,1033811,6554,13107,1.00006103515625,1.999969482421875,1.00006103515625,1.999969482421875,,,1033818,23,1,3,0
845,1033936,6554,13107,1.00006103515625,1.999969482421875,1.00006103515625,1.999969482421875,,,1033943,24,1,3,0
846,1034061,6554,13107,1.00006103515625,1.999969482421875,1.00006103515625,1.999969482421875,,,1034068,24,1,3,0
847,1034186,6554,13107,1.00006103515625,1.999969482421875,1.00006103515625,1.999969482421875,,,1034193,24,1,3,0
848,1034312,6554,13107,1.00006103515625,1.999969482421875,1.00006103515625,1.999969482421875,,,1034319,23,1,3,0
849,1034437,6554,13107,1.00006103515625,1.999969482421875,1.00006103515625,1.999969482421875,,,1034445,23,1,3,0
850,1034562,6554,13107,1.00006103515625,1.999969482421875,1.00006103515625,1.999969482421875,,,1034569,24,1,3,0
851,1034687,6554,13107,1.00006103515625,1.999969482421875,1.00006103515625,1.999969482421875,,,1034694,24,1,3,0
852,1034813,6554,13107,1.00006103515625,1.999969482421875,1.00006103515625,1.999969482421875,,,1034820,23,1,3,0
853,1034938,6554,13107,1.00006103515625,1.999969482421875,1.00006103515625,1.999969482421875,,,1034945,24,1,3,0
854,1035063,6554,13107,1.00006103515625,1.999969482421875,1.00006103515625,1.999969482421875,,,1035070,24,1,3,0
855,1035188,6554,13107,1.00006103515625,1.999969482421875,1.00006103515625,1.999969482421875,,,1035195,24,1,3,0
856,1035314,6554,13107,1.00006103515625,1.999969482421875,1.00006103515625,1.999969482421875,,,1035321,23,1,3,0
857,1035439,6554,13107,1.00006103515625,1.999969482421875,1.00006103515625,1.999969482421875,,,1035446,24,1,3,0
858,1035564,6554,13107,1.00006103515625,1.999969482421875,1.00006103515625,1.999969482421875,,,1035571,24,1,3,0
859,1035689,6554,13107,1.00006103515625,1.999969482421875,1.00006103515625,1.999969482421875,,,1035696,24,1,3,0
860,1035815,6554,13107,1.00006103515625,1.999969482421875,1.00006103515625,1.999969482421875,,,1035822,24,1,3,0
861,1035940,6554,13107,1.00006103515625,1.999969482421875,1.00006103515625,1.999969482421875,,,1035947,24,1,3,0
862,1036065,6554,13107,1.00006103515625,1.999969482421875,1.00006103515625,1.999969482421875,,,1036072,24,1,3,0
863,1036190,6554,13107,1.00006103515625,1.999969482421875,1.00006103515625,1.999969482421875,,,1036197,24,1,3,0
864,1036316,6554,13107,1.00006103515625,1.999969482421875,1.00006103515625,1.999969482421875,,,1036323,23,1,3,0
865,1036441,6554,13107,1.00006103515625,1.999969482421875,1.00006103515625,1.999969482421875,,,1036448,24,1,3,0
866,1036566,6554,13107,1.00006103515625,1.999969482421875,1.00006103515625,1.999969482421875,,,1036573,24,1,3,0
867,1036691,6554,13107,1.00006103515625,1.999969482421875,1.00006103515625,1.999969482421875,,,1036699,23,1,3,0
868,1036817,6554,13107,1.00006103515625,1.999969482421875,1.00006103515625,1.999969482421875,,,1036824,23,1,3,0
869,1036942,6554,13107,1.00006103515625,1.999969482421875,1.00006103515625,1.999969482421875,,,1036949,24,1,3,0
870,1037067,6554,13107,1.00006103515625,1.999969482421875,1.00006103515625,1.999969482421875,,,1037074,24,1,3,0
871,1037192,6554,13107,1.00006103515625,1.999969482421875,1.00006103515625,1.999969482421875,,,1037200,23,1,3,0
872,1037318,6554,13107,1.00006103515625,1.999969482421875,1.00006103515625,1.999969482421875,,,1037325,23,1,3,0
873,1037443,6554,13107,1.00006103515625,1.999969482421875,1.00006103515625,1.999969482421875,,,1037450,24,1,3,0
874,1037568,6554,13107,1.00006103515625,1.999969482421875,1.00006103515625,1.999969482421875,,,1037575,24,1,3,0
875,1037693,6554,13107,1.00006103515625,1.999969482421875,1.00006103515625,1.999969482421875,,,1037701,23,1,3,0
876,1037819,6554,13107,1.00006103515625,1.999969482421875,1.00006103515625,1.999969482421875,,,1037826,23,1,3,0
877,1037944,6554,13107,1.00006103515625,1.999969482421875,1.00006103515625,1.999969482421875,,,1037951,24,1,3,0
878,1038069,6554,13107,1.00006103515625,1.999969482421875,1.00006103515625,1.999969482421875,,,1038076,24,1,3,0
879,1038194,6554,13107,1.00006103515625,1.999969482421875,1.00006103515625,1.999969482421875,,,1038202,23,1,3,0
880,1038320,6554,13107,1.00006103515625,1.999969482421875,1.00006103515625,1.999969482421875,,,1038327,23,1,3,0
881,1038445,6554,13107,1.00006103515625,1.999969482421875,1.00006103515625,1.999969482421875,,,1038452,24,1,3,0
882,1038570,6554,13107,1.00006103515625,1.999969482421875,1.00006103515625,1.999969482421875,,,1038577,24,1,3,0
883,1038695,6554,13107,1.00006103515625,1.999969482421875,1.00006103515625,1.999969482421875,,,1038703,23,1,3,0
884,1038821,6554,13107,1.00006103515625,1.999969482421875,1.00006103515625,1.999969482421875,,,1038828,23,1,3,0
885,1038946,6554,13107,1.00006103515625,1.999969482421875,1.00006103515625,1.999969482421875,,,1038953,24,1,3,0
886,1039071,6554,13107,1.00006103515625,1.999969482421875,1.00006103515625,1.999969482421875,,,1039078,24,1,3,0
887,1039196,6554,13107,1.00006103515625,1.999969482421875,1.00006103515625,1.999969482421875,,,1039204,23,1,3,0
888,1039322,6554,13107,1.00006103515625,1.999969482421875,1.00006103515625,1.999969482421875,,,1039329,23,1,3,0
889,1039447,6554,13107,1.00006103515625,1.999969482421875,1.00006103515625,1.999969482421875,,,1039454,24,1,3,0
890,1039572,6554,13107,1.00006103515625,1.999969482421875,1.00006103515625,1.999969482421875,,,1039579,24,1,3,0
891,1039697,6554,13107,1.00006103515625,1.999969482421875,1.00006103515625,1.999969482421875,,,1039705,23,1,3,0
892,1039823,6554,13107,1.00006103515625,1.999969482421875,1.00006103515625,1.999969482421875,,,1039830,23,1,3,0
893,1039948,6554,13107,1.00006103515625,1.999969482421875,1.00006103515625,1.999969482421875,,,1039955,24,1,3,0
894,1040073,6554,13107,1.00006103515625,1.999969482421875,1.00006103515625,1.999969482421875,,,1040080,24,1,3,0
895,1040198,6554,13107,1.00006103515625,1.999969482421875,1.00006103515625,1.999969482421875,,,1040206,23,1,3,0
896,1040324,6554,13107,1.00006103515625,1.999969482421875,1.00006103515625,1.999969482421875,,,1040331,23,1,3,0
897,1040449,6554,13107,1.00006103515625,1.999969482421875,1.00006103515625,1.999969482421875,,,1040456,24,1,3,0
898,1040574,6554,13107,1.00006103515625,1.999969482421875,1.00006103515625,1.999969482421875,,,1040581,24,1,3,0
899,1040699,6554,13107,1.00006103515625,1.999969482421875,1.00006103515625,1.999969482421875,,,1040707,23,1,3,0
900,1040825,6554,13107,1.00006103515625,1.999969482421875,1.00006103515625,1.999969482421875,,,1040832,24,1,3,0
901,1040950,6554,13107,1.00006103515625,1.999969482421875,1.00006103515625,1.999969482421875,,,1040957,24,1,3,0
902,1041075,6554,13107,1.00006103515625,1.999969482421875,1.00006103515625,1.999969482421875,,,1041082,24,1,3,0
903,1041200,6554,13107,1.00006103515625,1.999969482421875,1.00006103515625,1.999969482421875,,,1041208,23,1,3,0
904,1041326,6554,13107,1.00006103515625,1.999969482421875,1.00006103515625,1.999969482421875,,,1041333,23,1,3,0
905,1041451,6554,13107,1.00006103515625,1.999969482421875,1.00006103515625,1.999969482421875,,,1041458,24,1,3,0
906,1041576,6554,13107,1.00006103515625,1.999969482421875,1.00006103515625,1.999969482421875,,,1041583,24,1,3,0
907,1041701,6554,13107,1.00006103515625,1.999969482421875,1.00006103515625,1.999969482421875,,,1041709,23,1,3,0
908,1041827,6554,13107,1.00006103515625,1.999969482421875,1.00006103515625,1.999969482421875,,,1041834,23,1,3,0
909,1041952,6554,13107,1.00006103515625,1.999969482421875,1.00006103515625,1.999969482421875,,,1041959,24,1,3,0
910,1042077,6554,13107,1.00006103515625,1.999969482421875,1.00006103515625,1.999969482421875,,,1042084,24,1,3,0
911,1042202,6554,13107,1.00006103515625,1.999969482421875,1.00006103515625,1.999969482421875,,,1042210,23,1,3,0
912,1042328,6554,13107,1.00006103515625,1.999969482421875,1.00006103515625,1.999969482421875,,,1042335,24,1,3,0
913,1042453,6554,13107,1.00006103515625,1.999969482421875,1.00006103515625,1.999969482421875,,,1042460,24,1,3,0
914,1042578,6554,13107,1.00006103515625,1.999969482421875,1.00006103515625,1.999969482421875,,,1042585,24,1,3,0
915,1042703,6554,13107,1.00006103515625,1.999969482421875,1.00006103515625,1.999969482421875,,,1042711,23,1,3,0
916,1042829,6554,13107,1.00006103515625,1.999969482421875,1.00006103515625,1.999969482421875,,,1042836,23,1,3,0
917,1042954,6554,13107,1.00006103515625,1.999969482421875,1.00006103515625,1.999969482421875,,,1042961,24,1,3,0
918,1043079,6554,13107,1.00006103515625,1.999969482421875,1.00006103515625,1.999969482421875,,,1043086,24,1,3,0
919,1043204,6554,13107,1.00006103515625,1.999969482421875,1.00006103515625,1.999969482421875,,,1043212,23,1,3,0
920,1043330,6554,13107,1.00006103515625,1.999969482421875,1.00006103515625,1.999969482421875,,,1043337,24,1,3,0
921,1043455,6554,13107,1.00006103515625,1.999969482421875,1.00006103515625,1.999969482421875,,,1043462,24,1,3,0
922,1043580,6554,13107,1.00006103515625,1.999969482421875,1.00006103515625,1.999969482421875,,,1043587,24,1,3,0
923,1043705,6554,13107,1.00006103515625,1.999969482421875,1.00006103515625,1.999969482421875,,,1043713,23,1,3,0
924,1043831,6554,13107,1.00006103515625,1.999969482421875,1.00006103515625,1.999969482421875,,,1043838,24,1,3,0
925,1043956,6554,13107,1.00006103515625,1.999969482421875,1.00006103515625,1.999969482421875,,,1043963,24,1,3,0
926,1044081,6554,13107,1.00006103515625,1.999969482421875,1.00006103515625,1.999969482421875,,,1044088,24,1,3,0
927,1044206,6554,13107,1.00006103515625,1.999969482421875,1.00006103515625,1.999969482421875,,,1044214,23,1,3,0
928,1044332,6554,13107,1.00006103515625,1.999969482421875,1.00006103515625,1.999969482421875,,,1044340,24,1,3,0
929,1044457,6554,13107,1.00006103515625,1.999969482421875,1.00006103515625,1.999969482421875,,,1044464,24,1,3,0
930,1044582,6554,13107,1.00006103515625,1.999969482421875,1.00006103515625,1.999969482421875,,,1044589,24,1,3,0
931,1044707,6554,13107,1.00006103515625,1.999969482421875,1.00006103515625,1.999969482421875,,,1044715,23,1,3,0
932,1044833,6554,13107,1.00006103515625,1.999969482421875,1.00006103515625,1.999969482421875,,,1044840,24,1,3,0
933,1044958,6554,13107,1.00006103515625,1.999969482421875,1.00006103515625,1.999969482421875,,,1044965,24,1,3,0
934,1045083,6554,13107,1.00006103515625,1.999969482421875,1.00006103515625,1.999969482421875,,,1045090,24,1,3,0
935,1045208,6554,13107,1.00006103515625,1.999969482421875,1.00006103515625,1.999969482421875,,,1045216,23,1,3,0
936,1045334,6554,13107,1.00006103515625,1.999969482421875,1.00006103515625,1.999969482421875,,,1045341,24,1,3,0
937,1045459,6554,13107,1.00006103515625,1.999969482421875,1.00006103515625,1.999969482421875,,,1045466,24,1,3,0
938,1045584,6554,13107,1.00006103515625,1.999969482421875,1.00006103515625,1.999969482421875,,,1045591,24,1,3,0
939,1045710,6554,13107,1.00006103515625,1.999969482421875,1.00006103515625,1.999969482421875,,,1045717,23,1,3,0
940,1045835,6554,13107,1.00006103515625,1.999969482421875,1.00006103515625,1.999969482421875,,,1045842,24,1,3,0
941,1045960,6554,13107,1.00006103515625,1.999969482421875,1.00006103515625,1.999969482421875,,,1045967,24,1,3,0
942,1046085,6554,13107,1.00006103515625,1.999969482421875,1.00006103515625,1.999969482421875,,,1046092,24,1,3,0
943,1046211,6554,13107,1.00006103515625,1.999969482421875,1.00006103515625,1.999969482421875,,,1046218,23,1,3,0
944,1046336,6554,13107,1.00006103515625,1.999969482421875,1.00006103515625,1.999969482421875,,,1046343,24,1,3,0
945,1046461,6554,13107,1.00006103515625,1.999969482421875,1.00006103515625,1.999969482421875,,,1046468,24,1,3,0
946,1046586,6554,13107,1.00006103515625,1.999969482421875,1.00006103515625,1.999969482421875,,,1046593,24,1,3,0
947,1046712,6554,13107,1.00006103515625,1.999969482421875,1.00006103515625,1.999969482421875,,,1046719,23,1,3,0
948,1046837,6554,13107,1.00006103515625,1.999969482421875,1.00006103515625,1.999969482421875,,,1046844,24,1,3,0
949,1046962,6554,13107,1.00006103515625,1.999969482421875,1.00006103515625,1.999969482421875,,,1046969,24,1,3,0
950,1047087,6554,13107,1.00006103515625,1.999969482421875,1.00006103515625,1.999969482421875,,,1047094,24,1,3,0
951,1047213,6554,13107,1.00006103515625,1.999969482421875,1.00006103515625,1.999969482421875,,,1047220,23,1,3,0
952,1047338,6554,13107,1.00006103515625,1.999969482421875,1.00006103515625,1.999969482421875,,,1047345,24,1,3,0
953,1047463,6554,13107,1.00006103515625,1.999969482421875,1.00006103515625,1.999969482421875,,,1047470,24,1,3,0
954,1047588,6554,13107,1.00006103515625,1.999969482421875,1.00006103515625,1.999969482421875,,,1047595,24,1,3,0
955,1047714,6554,13107,1.00006103515625,1.999969482421875,1.00006103515625,1.999969482421875,,,1047721,23,1,3,0
956,1047839,6554,13107,1.00006103515625,1.999969482421875,1.00006103515625,1.999969482421875,,,1047846,24,1,3,0
957,1047964,6554,13107,1.00006103515625,1.999969482421875,1.00006103515625,1.999969482421875,,,1047971,24,1,3,0
958,1048089,6554,13107,1.00006103515625,1.999969482421875,1.00006103515625,1.999969482421875,,,1048096,24,1,3,0
959,1048215,6554,13107,1.00006103515625,1.999969482421875,1.00006103515625,1.999969482421875,,,1048222,23,1,3,0
960,1048340,6554,13107,1.00006103515625,1.999969482421875,1.00006103515625,1.999969482421875,,,1048347,24,1,3,0
961,1048465,6554,13107,1.00006103515625,1.999969482421875,1.00006103515625,1.999969482421875,,,1048472,24,1,3,0
962,1048590,6554,13107,1.00006103515625,1.999969482421875,1.00006103515625,1.999969482421875,,,1048597,24,1,3,0
963,1048716,6554,13107,1.00006103515625,1.999969482421875,1.00006103515625,1.999969482421875,,,1048723,23,1,3,0
964,1048841,6554,13107,1.00006103515625,1.999969482421875,1.00006103515625,1.999969482421875,,,1048848,24,1,3,0
965,1048966,6554,13107,1.00006103515625,1.999969482421875,1.00006103515625,1.999969482421875,,,1048973,24,1,3,0
966,1049091,6554,13107,1.00006103515625,1.999969482421875,1.00006103515625,1.999969482421875,,,1049098,24,1,3,0
967,1049217,6554,13107,1.00006103515625,1.999969482421875,1.00006103515625,1.999969482421875,,,1049224,23,1,3,0
968,1049342,6554,13107,1.00006103515625,1.999969482421875,1.00006103515625,1.999969482421875,,,1049349,24,1,3,0
969,1049467,6554,13107,1.00006103515625,1.999969482421875,1.00006103515625,1.999969482421875,,,1049476,24,1,3,0
970,1049592,6554,13107,1.00006103515625,1.999969482421875,1.00006103515625,1.999969482421875,,,1049599,24,1,3,0
971,1049718,6554,13107,1.00006103515625,1.999969482421875,1.00006103515625,1.999969482421875,,,1049725,23,1,3,0
972,1049843,6554,13107,1.00006103515625,1.999969482421875,1.00006103515625,1.999969482421875,,,1049850,24,1,3,0
973,1049968,6554,13107,1.00006103515625,1.999969482421875,1.00006103515625,1.999969482421875,,,1049975,24,1,3,0
974,1050093,6554,13107,1.00006103515625,1.999969482421875,1.00006103515625,1.999969482421875,,,1050100,24,1,3,0
975,1050219,6554,13107,1.00006103515625,1.999969482421875,1.00006103515625,1.999969482421875,,,1050226,23,1,3,0
976,1050344,6554,13107,1.00006103515625,1.999969482421875,1.00006103515625,1.999969482421875,,,1050351,24,1,3,0
977,1050469,6554,13107,1.00006103515625,1.999969482421875,1.00006103515625,1.999969482421875,,,1050476,24,1,3,0
978,1050594,6554,13107,1.00006103515625,1.999969482421875,1.00006103515625,1.999969482421875,,,1050601,24,1,3,0
979,1050720,6554,13107,1.00006103515625,1.999969482421875,1.00006103515625,1.999969482421875,,,1050727,23,1,3,0
980,1050845,6554,13107,1.00006103515625,1.999969482421875,1.00006103515625,1.999969482421875,,,1050852,24,1,3,0
981,1050970,6554,13107,1.00006103515625,1.999969482421875,1.00006103515625,1.999969482421875,,,1050977,24,1,3,0
982,1051095,6554,13107,1.00006103515625,1.999969482421875,1.00006103515625,1.999969482421875,,,1051102,24,1,3,0
983,1051221,6554,13107,1.00006103515625,1.999969482421875,1.00006103515625,1.999969482421875,,,1051228,23,1,3,0
984,1051346,6554,13107,1.00006103515625,1.999969482421875,1.00006103515625,1.999969482421875,,,1051353,24,1,3,0
985,1051471,6554,13107,1.00006103515625,1.999969482421875,1.00006103515625,1.999969482421875,,,1051478,24,1,3,0
986,1051596,6554,13107,1.00006103515625,1.999969482421875,1.00006103515625,1.999969482421875,,,1051603,24,1,3,0
987,1051722,6554,13107,1.00006103515625,1.999969482421875,1.00006103515625,1.999969482421875,,,1051729,23,1,3,0
988,1051847,6554,13107,1.00006103515625,1.999969482421875,1.00006103515625,1.999969482421875,,,1051854,24,1,3,0
989,1051972,6554,13107,1.00006103515625,1.999969482421875,1.00006103515625,1.999969482421875,,,1051979,24,1,3,0
990,1052097,6554,13107,1.00006103515625,1.999969482421875,1.00006103515625,1.999969482421875,,,1052104,24,1,3,0
991,1052223,6554,13107,1.00006103515625,1.999969482421875,1.00006103515625,1.999969482421875,,,1052230,23,1,3,0
992,1052348,6554,13107,1.00006103515625,1.999969482421875,1.00006103515625,1.999969482421875,,,1052355,24,1,3,0
993,1052473,6554,13107,1.00006103515625,1.999969482421875,1.00006103515625,1.999969482421875,,,1052480,24,1,3,0
994,1052598,6554,13107,1.00006103515625,1.999969482421875,1.00006103515625,1.999969482421875,,,1052605,24,1,3,0
995,1052724,6554,13107,1.00006103515625,1.999969482421875,1.00006103515625,1.999969482421875,,,1052731,23,1,3,0
996,1052849,6554,13107,1.00006103515625,1.999969482421875,1.00006103515625,1.999969482421875,,,1052856,24,1,3,0
997,1052974,6554,13107,1.00006103515625,1.999969482421875,1.00006103515625,1.999969482421875,,,1052981,24,1,3,0
998,1053099,6554,13107,1.00006103515625,1.999969482421875,1.00006103515625,1.999969482421875,,,1053106,24,1,3,0
999,1053225,6554,13107,1.00006103515625,1.999969482421875,1.00006103515625,1.999969482421875,,,1053232,23,1,3,0
1000,1053350,6554,13107,1.00006103515625,1.999969482421875,1.00006103515625,1.999969482421875,,,1053357,24,1,3,0
1001,1053475,6554,13107,1.00006103515625,1.999969482421875,1.00006103515625,1.999969482421875,,,1053483,24,1,3,0
1002,1053600,6554,13107,1.00006103515625,1.999969482421875,1.00006103515625,1.999969482421875,,,1053607,24,1,3,0
1003,1053726,6554,13107,1.00006103515625,1.999969482421875,1.00006103515625,1.999969482421875,,,1053733,23,1,3,0
1004,1053851,6554,13107,1.00006103515625,1.999969482421875,1.00006103515625,1.999969482421875,,,1053858,24,1,3,0
1005,1053976,6554,13107,1.00006103515625,1.999969482421875,1.00006103515625,1.999969482421875,,,1053984,23,1,3,0
1006,1054101,6554,13107,1.00006103515625,1.999969482421875,1.00006103515625,1.999969482421875,,,1054109,23,1,3,0
1007,1054227,6554,13107,1.00006103515625,1.999969482421875,1.00006103515625,1.999969482421875,,,1054234,24,1,3,0
1008,1054352,6554,13107,1.00006103515625,1.999969482421875,1.00006103515625,1.999969482421875,,,1054359,24,1,3,0
1009,1054477,6554,13107,1.00006103515625,1.999969482421875,1.00006103515625,1.999969482421875,,,1054484,24,1,3,0
1010,1054602,6554,13107,1.00006103515625,1.999969482421875,1.00006103515625,1.999969482421875,,,1054610,23,1,3,0
1011,1054728,6554,13107,1.00006103515625,1.999969482421875,1.00006103515625,1.999969482421875,,,1054735,24,1,3,0
1012,1054853,6554,13107,1.00006103515625,1.999969482421875,1.00006103515625,1.999969482421875,,,1054860,24,1,3,0
1013,1054978,6554,13107,1.00006103515625,1.999969482421875,1.00006103515625,1.999969482421875,,,1054985,24,1,3,0
1014,1055103,6554,13107,1.00006103515625,1.999969482421875,1.00006103515625,1.999969482421875,,,1055111,23,1,3,0
1015,1055229,6554,13107,1.00006103515625,1.999969482421875,1.00006103515625,1.999969482421875,,,1055236,24,1,3,0
1016,1055354,6554,13107,1.00006103515625,1.999969482421875,1.00006103515625,1.999969482421875,,,1055361,24,1,3,0
1017,1055479,6554,13107,1.00006103515625,1.999969482421875,1.00006103515625,1.999969482421875,,,1055486,24,1,3,0
1018,1055604,6554,13107,1.00006103515625,1.999969482421875,1.00006103515625,1.999969482421875,,,1055612,27,1,3,0
1019,1055730,6554,13107,1.00006103515625,1.999969482421875,1.00006103515625,1.999969482421875,,,1055737,24,1,3,0
1020,1055855,6554,13107,1.00006103515625,1.999969482421875,1.00006103515625,1.999969482421875,,,1055862,24,1,3,0
1021,1055980,6554,13107,1.00006103515625,1.999969482421875,1.00006103515625,1.999969482421875,,,1055987,24,1,3,0
1022,1056105,6554,13107,1.00006103515625,1.999969482421875,1.00006103515625,1.999969482421875,,,1056113,23,1,3,0
1023,1056231,6554,13107,1.00006103515625,1.999969482421875,1.00006103515625,1.999969482421875,,,1056238,24,1,3,0
1024,1056356,6554,13107,1.00006103515625,1.999969482421875,1.00006103515625,1.999969482421875,,,1056363,24,1,3,0
1025,1056481,6554,13107,1.00006103515625,1.999969482421875,1.00006103515625,1.999969482421875,,,1056488,24,1,3,0
1026,1056606,6554,13107,1.00006103515625,1.999969482421875,1.00006103515625,1.999969482421875,,,1056614,28,1,3,0
1027,1056732,6554,13107,1.00006103515625,1.999969482421875,1.00006103515625,1.999969482421875,,,1056739,24,1,3,0
1028,1056857,6554,13107,1.00006103515625,1.999969482421875,1.00006103515625,1.999969482421875,,,1056864,24,1,3,0
1029,1056982,6554,13107,1.00006103515625,1.999969482421875,1.00006103515625,1.999969482421875,,,1056990,23,1,3,0
1030,1057107,6554,13107,1.00006103515625,1.999969482421875,1.00006103515625,1.999969482421875,,,1057115,23,1,3,0
1031,1057233,6554,13107,1.00006103515625,1.999969482421875,1.00006103515625,1.999969482421875,,,1057240,24,1,3,0
1032,1057358,6554,13107,1.00006103515625,1.999969482421875,1.00006103515625,1.999969482421875,,,1057365,24,1,3,0
1033,1057483,6554,13107,1.00006103515625,1.999969482421875,1.00006103515625,1.999969482421875,,,1057491,23,1,3,0
1034,1057608,6554,13107,1.00006103515625,1.999969482421875,1.00006103515625,1.999969482421875,,,1057616,26,1,3,0
1035,1057734,6554,13107,1.00006103515625,1.999969482421875,1.00006103515625,1.999969482421875,,,1057741,24,1,3,0
1036,1057859,6554,13107,1.00006103515625,1.999969482421875,1.00006103515625,1.999969482421875,,,1057866,24,1,3,0
1037,1057984,6554,13107,1.00006103515625,1.999969482421875,1.00006103515625,1.999969482421875,,,1057992,23,1,3,0
1038,1058109,6554,13107,1.00006103515625,1.999969482421875,1.00006103515625,1.999969482421875,,,1058117,23,1,3,0
1039,1058235,6554,13107,1.00006103515625,1.999969482421875,1.00006103515625,1.999969482421875,,,1058242,24,1,3,0
1040,1058360,6554,13107,1.00006103515625,1.999969482421875,1.00006103515625,1.999969482421875,,,1058367,24,1,3,0
1041,1058485,6554,13107,1.00006103515625,1.999969482421875,1.00006103515625,1.999969482421875,,,1058493,23,1,3,0
1042,1058610,6554,13107,1.00006103515625,1.999969482421875,1.00006103515625,1.999969482421875,,,1058618,24,1,3,0
1043,1058736,6554,13107,1.00006103515625,1.999969482421875,1.00006103515625,1.999969482421875,,,1058743,24,1,3,0
1044,1058861,6554,13107,1.00006103515625,1.999969482421875,1.00006103515625,1.999969482421875,,,1058868,24,1,3,0
1045,1058986,6554,13107,1.00006103515625,1.999969482421875,1.00006103515625,1.999969482421875,,,1058994,23,1,3,0
1046,1059112,6554,13107,1.00006103515625,1.999969482421875,1.00006103515625,1.999969482421875,,,1059119,24,1,3,0
1047,1059237,6554,13107,1.00006103515625,1.999969482421875,1.00006103515625,1.999969482421875,,,1059244,24,1,3,0
1048,1059362,6554,13107,1.00006103515625,1.999969482421875,1.00006103515625,1.999969482421875,,,1059369,24,1,3,0
1049,1059487,6554,13107,1.00006103515625,1.999969482421875,1.00006103515625,1.999969482421875,,,1059495,23,1,3,0
1050,1059613,6554,13107,1.00006103515625,1.999969482421875,1.00006103515625,1.999969482421875,,,1059620,24,1,3,0
1051,1059738,6554,13107,1.00006103515625,1.999969482421875,1.00006103515625,1.999969482421875,,,1059745,24,1,3,0
1052,1059863,6554,13107,1.00006103515625,1.999969482421875,1.00006103515625,1.999969482421875,,,1059870,24,1,3,0
1053,1059988,6554,13107,1.00006103515625,1.999969482421875,1.00006103515625,1.999969482421875,,,1059995,24,1,3,0
1054,1060114,6554,13107,1.00006103515625,1.999969482421875,1.00006103515625,1.999969482421875,,,1060121,23,1,3,0
1055,1060239,6554,13107,1.00006103515625,1.999969482421875,1.00006103515625,1.999969482421875,,,1060246,24,1,3,0
1056,1060364,6554,13107,1.00006103515625,1.999969482421875,1.00006103515625,1.999969482421875,,,1060371,24,1,3,0
1057,1060489,6554,13107,1.00006103515625,1.999969482421875,1.00006103515625,1.999969482421875,,,1060498,23,1,3,0
1058,1060615,6554,13107,1.00006103515625,1.999969482421875,1.00006103515625,1.999969482421875,,,1060622,23,1,3,0
1059,1060740,6554,13107,1.00006103515625,1.999969482421875,1.00006103515625,1.999969482421875,,,1060747,24,1,3,0
1060,1060865,6554,13107,1.00006103515625,1.999969482421875,1.00006103515625,1.999969482421875,,,1060872,24,1,3,0
1061,1060990,6554,13107,1.00006103515625,1.999969482421875,1.00006103515625,1.999969482421875,,,1060998,23,1,3,0
1062,1061116,6554,13107,1.00006103515625,1.999969482421875,1.00006103515625,1.999969482421875,,,1061123,23,1,3,0
1063,1061241,6554,13107,1.00006103515625,1.999969482421875,1.00006103515625,1.999969482421875,,,1061248,24,1,3,0
1064,1061366,6554,13107,1.00006103515625,1.999969482421875,1.00006103515625,1.999969482421875,,,1061373,24,1,3,0
1065,1061491,6554,13107,1.00006103515625,1.999969482421875,1.00006103515625,1.999969482421875,,,1061498,24,1,3,0
1066,1061617,6554,13107,1.00006103515625,1.999969482421875,1.00006103515625,1.999969482421875,,,1061624,24,1,3,0
1067,1061742,6554,13107,1.00006103515625,1.999969482421875,1.00006103515625,1.999969482421875,,,1061749,24,1,3,0
1068,1061867,6554,13107,1.00006103515625,1.999969482421875,1.00006103515625,1.999969482421875,,,1061874,24,1,3,0
1069,1061992,6554,13107,1.00006103515625,1.999969482421875,1.00006103515625,1.999969482421875,,,1061999,24,1,3,0
1070,1062118,6554,13107,1.00006103515625,1.999969482421875,1.00006103515625,1.999969482421875,,,1062125,23,1,3,0
1071,1062243,6554,13107,1.00006103515625,1.999969482421875,1.00006103515625,1.999969482421875,,,1062250,24,1,3,0
1072,1062368,6554,13107,1.00006103515625,1.999969482421875,1.00006103515625,1.999969482421875,,,1062375,24,1,3,0
1073,1062493,6554,13107,1.00006103515625,1.999969482421875,1.00006103515625,1.999969482421875,,,1062500,24,1,3,0
1074,1062619,6554,13107,1.00006103515625,1.999969482421875,1.00006103515625,1.999969482421875,,,1062626,23,1,3,0
1075,1062744,6554,13107,1.00006103515625,1.999969482421875,1.00006103515625,1.999969482421875,,,1062751,24,1,3,0
1076,1062869,6554,13107,1.00006103515625,1.999969482421875,1.00006103515625,1.999969482421875,,,1062876,24,1,3,0
1077,1062994,6554,13107,1.00006103515625,1.999969482421875,1.00006103515625,1.999969482421875,,,1063001,24,1,3,0
1078,1063120,6554,13107,1.00006103515625,1.999969482421875,1.00006103515625,1.999969482421875,,,1063127,23,1,3,0
1079,1063245,6554,13107,1.00006103515625,1.999969482421875,1.00006103515625,1.999969482421875,,,1063252,24,1,3,0
1080,1063370,6554,13107,1.00006103515625,1.999969482421875,1.00006103515625,1.999969482421875,,,1063377,24,1,3,0
1081,1063495,6554,13107,1.00006103515625,1.999969482421875,1.00006103515625,1.999969482421875,,,1063502,24,1,3,0
1082,1063621,6554,13107,1.00006103515625,1.999969482421875,1.00006103515625,1.999969482421875,,,1063628,24,1,3,0
1083,1063746,6554,13107,1.00006103515625,1.999969482421875,1.00006103515625,1.999969482421875,,,1063753,24,1,3,0
1084,1063871,6554,13107,1.00006103515625,1.999969482421875,1.00006103515625,1.999969482421875,,,1063878,24,1,3,0
1085,1063996,6554,13107,1.00006103515625,1.999969482421875,1.00006103515625,1.999969482421875,,,1064003,24,1,3,0
1086,1064122,6554,13107,1.00006103515625,1.999969482421875,1.00006103515625,1.999969482421875,,,1064129,23,1,3,0
1087,1064247,6554,13107,1.00006103515625,1.999969482421875,1.00006103515625,1.999969482421875,,,1064254,24,1,3,0
1088,1064372,6554,13107,1.00006103515625,1.999969482421875,1.00006103515625,1.999969482421875,,,1064379,24,1,3,0
1089,1064497,6554,13107,1.00006103515625,1.999969482421875,1.00006103515625,1.999969482421875,,,1064506,23,1,3,0
1090,1064623,6554,13107,1.00006103515625,1.999969482421875,1.00006103515625,1.999969482421875,,,1064630,24,1,3,0
1091,1064748,6554,13107,1.00006103515625,1.999969482421875,1.00006103515625,1.999969482421875,,,1064755,24,1,3,0
1092,1064873,6554,13107,1.00006103515625,1.999969482421875,1.00006103515625,1.999969482421875,,,1064880,24,1,3,0
1093,1064998,6554,13107,1.00006103515625,1.999969482421875,1.00006103515625,1.999969482421875,,,1065005,24,1,3,0
1094,1065124,6554,13107,1.00006103515625,1.999969482421875,1.00006103515625,1.999969482421875,,,1065131,23,1,3,0
1095,1065249,6554,13107,1.00006103515625,1.999969482421875,1.00006103515625,1.999969482421875,,,1065256,24,1,3,0
1096,1065374,6554,13107,1.00006103515625,1.999969482421875,1.00006103515625,1.999969482421875,,,1065381,24,1,3,0
1097,1065499,6554,13107,1.00006103515625,1.999969482421875,1.00006103515625,1.999969482421875,,,1065507,23,1,3,0
1098,1065625,6554,13107,1.00006103515625,1.999969482421875,1.00006103515625,1.999969482421875,,,1065632,26,1,3,0
1099,1065750,6554,13107,1.00006103515625,1.999969482421875,1.00006103515625,1.999969482421875,,,1065757,24,1,3,0
1100,1065875,6554,13107,1.00006103515625,1.999969482421875,1.00006103515625,1.999969482421875,,,1065882,24,1,3,0
1101,1066000,6554,13107,1.00006103515625,1.999969482421875,1.00006103515625,1.999969482421875,,,1066008,23,1,3,0
1102,1066126,6554,13107,1.00006103515625,1.999969482421875,1.00006103515625,1.999969482421875,,,1066133,23,1,3,0
1103,1066251,6554,13107,1.00006103515625,1.999969482421875,1.00006103515625,1.999969482421875,,,1066258,24,1,3,0
1104,1066376,6554,13107,1.00006103515625,1.999969482421875,1.00006103515625,1.999969482421875,,,1066383,24,1,3,0
1105,1066501,6554,13107,1.00006103515625,1.999969482421875,1.00006103515625,1.999969482421875,,,1066509,24,1,3,0
1106,1066627,6554,13107,1.00006103515625,1.999969482421875,1.00006103515625,1.999969482421875,,,1066634,26,1,3,0
1107,1066752,6554,13107,1.00006103515625,1.999969482421875,1.00006103515625,1.999969482421875,,,1066759,24,1,3,0
1108,1066877,6554,13107,1.00006103515625,1.999969482421875,1.00006103515625,1.999969482421875,,,1066884,24,1,3,0
1109,1067002,6554,13107,1.00006103515625,1.999969482421875,1.00006103515625,1.999969482421875,,,1067010,23,1,3,0
1110,1067128,6554,13107,1.00006103515625,1.999969482421875,1.00006103515625,1.999969482421875,,,1067135,23,1,3,0
1111,1067253,6554,13107,1.00006103515625,1.999969482421875,1.00006103515625,1.999969482421875,,,1067260,24,1,3,0
1112,1067378,6554,13107,1.00006103515625,1.999969482421875,1.00006103515625,1.999969482421875,,,1067386,23,1,3,0
1113,1067503,6554,13107,1.00006103515625,1.999969482421875,1.00006103515625,1.999969482421875,,,1067511,23,1,3,0
1114,1067629,6554,13107,1.00006103515625,1.999969482421875,1.00006103515625,1.999969482421875,,,1067638,24,1,3,0
1115,1067754,6554,13107,1.00006103515625,1.999969482421875,1.00006103515625,1.999969482421875,,,1067761,24,1,3,0
1116,1067879,6554,13107,1.00006103515625,1.999969482421875,1.00006103515625,1.999969482421875,,,1067886,24,1,3,0
1117,1068004,6554,13107,1.00006103515625,1.999969482421875,1.00006103515625,1.999969482421875,,,1068012,23,1,3,0
1118,1068130,6554,13107,1.00006103515625,1.999969482421875,1.00006103515625,1.999969482421875,,,1068137,23,1,3,0
1119,1068255,6554,13107,1.00006103515625,1.999969482421875,1.00006103515625,1.999969482421875,,,1068262,24,1,3,0
1120,1068380,6554,13107,1.00006103515625,1.999969482421875,1.00006103515625,1.999969482421875,,,1068387,24,1,3,0
1121,1068505,6554,13107,1.00006103515625,1.999969482421875,1.00006103515625,1.999969482421875,,,1068513,23,1,3,0
1122,1068631,6554,13107,1.00006103515625,1.999969482421875,1.00006103515625,1.999969482421875,,,1068640,24,1,3,0
1123,1068756,6554,13107,1.00006103515625,1.999969482421875,1.00006103515625,1.999969482421875,,,1068763,24,1,3,0
1124,1068881,6554,13107,1.00006103515625,1.999969482421875,1.00006103515625,1.999969482421875,,,1068888,24,1,3,0
1125,1069006,6554,13107,1.00006103515625,1.999969482421875,1.00006103515625,1.999969482421875,,,1069014,23,1,3,0
1126,1069132,6554,13107,1.00006103515625,1.999969482421875,1.00006103515625,1.999969482421875,,,1069141,23,1,3,0
1127,1069257,6554,13107,1.00006103515625,1.999969482421875,1.00006103515625,1.999969482421875,,,1069264,24,1,3,0
1128,1069382,6554,13107,1.00006103515625,1.999969482421875,1.00006103515625,1.999969482421875,,,1069391,23,1,3,0
1129,1069507,6554,13107,1.00006103515625,1.999969482421875,1.00006103515625,1.999969482421875,,,1069515,24,1,3,0
1130,1069633,6554,13107,1.00006103515625,1.999969482421875,1.00006103515625,1.999969482421875,,,1069641,24,1,3,0
1131,1069758,6554,13107,1.00006103515625,1.999969482421875,1.00006103515625,1.999969482421875,,,1069765,24,1,3,0
1132,1069883,6554,13107,1.00006103515625,1.999969482421875,1.00006103515625,1.999969482421875,,,1069890,24,1,3,0
1133,1070008,6554,13107,1.00006103515625,1.999969482421875,1.00006103515625,1.999969482421875,,,1070016,23,1,3,0
1134,1070134,6554,13107,1.00006103515625,1.999969482421875,1.00006103515625,1.999969482421875,,,1070142,24,1,3,0
1135,1070259,6554,13107,1.00006103515625,1.999969482421875,1.00006103515625,1.999969482421875,,,1070266,24,1,3,0
1136,1070384,6554,13107,1.00006103515625,1.999969482421875,1.00006103515625,1.999969482421875,,,1070391,24,1,3,0
1137,1070509,6554,13107,1.00006103515625,1.999969482421875,1.00006103515625,1.999969482421875,,,1070517,23,1,3,0
1138,1070635,6554,13107,1.00006103515625,1.999969482421875,1.00006103515625,1.999969482421875,,,1070643,24,1,3,0
1139,1070760,6554,13107,1.00006103515625,1.999969482421875,1.00006103515625,1.999969482421875,,,1070767,24,1,3,0
1140,1070885,6554,13107,1.00006103515625,1.999969482421875,1.00006103515625,1.999969482421875,,,1070892,24,1,3,0
1141,1071010,6554,13107,1.00006103515625,1.999969482421875,1.00006103515625,1.999969482421875,,,1071018,23,1,3,0
1142,1071136,6554,13107,1.00006103515625,1.999969482421875,1.00006103515625,1.999969482421875,,,1071143,24,1,3,0
1143,1071261,6554,13107,1.00006103515625,1.999969482421875,1.00006103515625,1.999969482421875,,,1071268,24,1,3,0
1144,1071386,6554,13107,1.00006103515625,1.999969482421875,1.00006103515625,1.999969482421875,,,1071393,24,1,3,0
1145,1071512,6554,13107,1.00006103515625,1.999969482421875,1.00006103515625,1.999969482421875,,,1071519,23,1,3,0
1146,1071637,6554,13107,1.00006103515625,1.999969482421875,1.00006103515625,1.999969482421875,,,1071645,24,1,3,0
1147,1071762,6554,13107,1.00006103515625,1.999969482421875,1.00006103515625,1.999969482421875,,,1071769,24,1,3,0
1148,1071887,6554,13107,1.00006103515625,1.999969482421875,1.00006103515625,1.999969482421875,,,1071894,24,1,3,0
1149,1072013,6554,13107,1.00006103515625,1.999969482421875,1.00006103515625,1.999969482421875,,,1072020,23,1,3,0
1150,1072138,6554,13107,1.00006103515625,1.999969482421875,1.00006103515625,1.999969482421875,,,1072145,24,1,3,0
1151,1072263,6554,13107,1.00006103515625,1.999969482421875,1.00006103515625,1.999969482421875,,,1072270,24,1,3,0
1152,1072388,6554,13107,1.00006103515625,1.999969482421875,1.00006103515625,1.999969482421875,,,1072395,24,1,3,0
1153,1072514,6554,13107,1.00006103515625,1.999969482421875,1.00006103515625,1.999969482421875,,,1072522,24,1,3,0
1154,1072639,6554,13107,1.00006103515625,1.999969482421875,1.00006103515625,1.999969482421875,,,1072646,23,1,3,0
1155,1072764,6554,13107,1.00006103515625,1.999969482421875,1.00006103515625,1.999969482421875,,,1072771,24,1,3,0
1156,1072889,6554,13107,1.00006103515625,1.999969482421875,1.00006103515625,1.999969482421875,,,1072896,24,1,3,0
1157,1073014,6554,13107,1.00006103515625,1.999969482421875,1.00006103515625,1.999969482421875,,,1073021,24,1,3,0
1158,1073140,6554,13107,1.00006103515625,1.999969482421875,1.00006103515625,1.999969482421875,,,1073147,23,1,3,0
1159,1073265,6554,13107,1.00006103515625,1.999969482421875,1.00006103515625,1.999969482421875,,,1073272,24,1,3,0
1160,1073390,6554,13107,1.00006103515625,1.999969482421875,1.00006103515625,1.999969482421875,,,1073397,24,1,3,0
1161,1073515,6554,13107,1.00006103515625,1.999969482421875,1.00006103515625,1.999969482421875,,,1073522,24,1,3,0
1162,1073641,6554,13107,1.00006103515625,1.999969482421875,1.00006103515625,1.999969482421875,,,1073648,24,1,3,0
1163,1073766,6554,13107,1.00006103515625,1.999969482421875,1.00006103515625,1.999969482421875,,,1073773,24,1,3,0
1164,1073891,6554,13107,1.00006103515625,1.999969482421875,1.00006103515625,1.999969482421875,,,1073898,24,1,3,0
1165,1074017,6554,13107,1.00006103515625,1.999969482421875,1.00006103515625,1.999969482421875,,,1074024,23,1,3,0
1166,1074142,6554,13107,1.00006103515625,1.999969482421875,1.00006103515625,1.999969482421875,,,1074149,24,1,3,0
1167,1074267,6554,13107,1.00006103515625,1.999969482421875,1.00006103515625,1.999969482421875,,,1074274,24,1,3,0
1168,1074392,6554,13107,1.00006103515625,1.999969482421875,1.00006103515625,1.999969482421875,,,1074399,24,1,3,0
1169,1074518,6554,13107,1.00006103515625,1.999969482421875,1.00006103515625,1.999969482421875,,,1074525,23,1,3,0
1170,1074643,6554,13107,1.00006103515625,1.999969482421875,1.00006103515625,1.999969482421875,,,1074650,24,1,3,0
1171,1074768,6554,13107,1.00006103515625,1.999969482421875,1.00006103515625,1.999969482421875,,,1074775,24,1,3,0
1172,1074893,6554,13107,1.00006103515625,1.999969482421875,1.00006103515625,1.999969482421875,,,1074900,24,1,3,0
1173,1075019,6554,13107,1.00006103515625,1.999969482421875,1.00006103515625,1.999969482421875,,,1075026,23,1,3,0
1174,1075144,6554,13107,1.00006103515625,1.999969482421875,1.00006103515625,1.999969482421875,,,1075151,24,1,3,0
1175,1075269,6554,13107,1.00006103515625,1.999969482421875,1.00006103515625,1.999969482421875,,,1075276,24,1,3,0
1176,1075394,6554,13107,1.00006103515625,1.999969482421875,1.00006103515625,1.999969482421875,,,1075402,23,1,3,0
1177,1075520,6554,13107,1.00006103515625,1.999969482421875,1.00006103515625,1.999969482421875,,,1075527,23,1,3,0
1178,1075645,6554,13107,1.00006103515625,1.999969482421875,1.00006103515625,1.999969482421875,,,1075652,24,1,3,0
1179,1075770,6554,13107,1.00006103515625,1.999969482421875,1.00006103515625,1.999969482421875,,,1075777,24,1,3,0
1180,1075895,6554,13107,1.00006103515625,1.999969482421875,1.00006103515625,1.999969482421875,,,1075903,23,1,3,0
1181,1076021,6554,13107,1.00006103515625,1.999969482421875,1.00006103515625,1.999969482421875,,,1076028,23,1,3,0
1182,1076146,6554,13107,1.00006103515625,1.999969482421875,1.00006103515625,1.999969482421875,,,1076153,24,1,3,0
1183,1076271,6554,13107,1.00006103515625,1.999969482421875,1.00006103515625,1.999969482421875,,,1076278,24,1,3,0
1184,1076396,6554,13107,1.00006103515625,1.999969482421875,1.00006103515625,1.999969482421875,,,1076404,23,1,3,0
1185,1076522,6554,13107,1.00006103515625,1.999969482421875,1.00006103515625,1.999969482421875,,,1076530,24,1,3,0
1186,1076647,6554,13107,1.00006103515625,1.999969482421875,1.00006103515625,1.999969482421875,,,1076654,24,1,3,0
1187,1076772,6554,13107,1.00006103515625,1.999969482421875,1.00006103515625,1.999969482421875,,,1076779,24,1,3,0
1188,1076897,6554,13107,1.00006103515625,1.999969482421875,1.00006103515625,1.999969482421875,,,1076905,23,1,3,0
1189,1077023,6554,13107,1.00006103515625,1.999969482421875,1.00006103515625,1.999969482421875,,,1077030,23,1,3,0
1190,1077148,6554,13107,1.00006103515625,1.999969482421875,1.00006103515625,1.999969482421875,,,1077155,24,1,3,0
1191,1077273,6554,13107,1.00006103515625,1.999969482421875,1.00006103515625,1.999969482421875,,,1077280,24,1,3,0
1192,1077398,6554,13107,1.00006103515625,1.999969482421875,1.00006103515625,1.999969482421875,,,1077406,23,1,3,0
1193,1077524,6554,13107,1.00006103515625,1.999969482421875,1.00006103515625,1.999969482421875,,,1077531,24,1,3,0
1194,1077649,6554,13107,1.00006103515625,1.999969482421875,1.00006103515625,1.999969482421875,,,1077657,23,1,3,0
1195,1077775,6554,13107,1.00006103515625,1.999969482421875,1.00006103515625,1.999969482421875,,,1077782,23,1,3,0
1196,1077900,6554,13107,1.00006103515625,1.999969482421875,1.00006103515625,1.999969482421875,,,1077907,24,1,3,0
1197,1078025,6554,13107,1.00006103515625,1.999969482421875,1.00006103515625,1.999969482421875,,,1078032,24,1,3,0
1198,1078150,6554,13107,1.00006103515625,1.999969482421875,1.00006103515625,1.999969482421875,,,1078158,23,1,3,0
1199,1078276,6554,13107,1.00006103515625,1.999969482421875,1.00006103515625,1.999969482421875,,,1078283,23,1,3,0
1200,1078401,6554,13107,1.00006103515625,1.999969482421875,1.00006103515625,1.999969482421875,,,1078408,24,1,3,0
1201,1078526,6554,13107,1.00006103515625,1.999969482421875,1.00006103515625,1.999969482421875,,,1078533,24,1,3,0
1202,1078651,6554,13107,1.00006103515625,1.999969482421875,1.00006103515625,1.999969482421875,,,1078659,23,1,3,0
1203,1078777,6554,13107,1.00006103515625,1.999969482421875,1.00006103515625,1.999969482421875,,,1078784,23,1,3,0
1204,1078902,6554,13107,1.00006103515625,1.999969482421875,1.00006103515625,1.999969482421875,,,1078909,24,1,3,0
1205,1079027,6554,13107,1.00006103515625,1.999969482421875,1.00006103515625,1.999969482421875,,,1079034,24,1,3,0
1206,1079152,6554,13107,1.00006103515625,1.999969482421875,1.00006103515625,1.999969482421875,,,1079160,23,1,3,0
1207,1079278,6554,13107,1.00006103515625,1.999969482421875,1.00006103515625,1.999969482421875,,,1079285,23,1,3,0
1208,1079403,6554,13107,1.00006103515625,1.999969482421875,1.00006103515625,1.999969482421875,,,1079410,24,1,3,0
1209,1079528,6554,13107,1.00006103515625,1.999969482421875,1.00006103515625,1.999969482421875,,,1079535,24,1,3,0
1210,1079653,6554,13107,1.00006103515625,1.999969482421875,1.00006103515625,1.999969482421875,,,1079661,23,1,3,0
1211,1079779,6554,13107,1.00006103515625,1.999969482421875,1.00006103515625,1.999969482421875,,,1079786,23,1,3,0
1212,1079904,6554,13107,1.00006103515625,1.999969482421875,1.00006103515625,1.999969482421875,,,1079911,24,1,3,0
1213,1080029,6554,13107,1.00006103515625,1.999969482421875,1.00006103515625,1.999969482421875,,,1080036,24,1,3,0
1214,1080154,6554,13107,1.00006103515625,1.999969482421875,1.00006103515625,1.999969482421875,,,1080162,23,1,3,0
1215,1080280,6554,13107,1.00006103515625,1.999969482421875,1.00006103515625,1.999969482421875,,,1080287,23,1,3,0
1216,1080405,6554,13107,1.00006103515625,1.999969482421875,1.00006103515625,1.999969482421875,,,1080412,24,1,3,0
1217,1080530,6554,13107,1.00006103515625,1.999969482421875,1.00006103515625,1.999969482421875,,,1080537,24,1,3,0
1218,1080655,6554,13107,1.00006103515625,1.999969482421875,1.00006103515625,1.999969482421875,,,1080663,23,1,3,0
1219,1080781,6554,13107,1.00006103515625,1.999969482421875,1.00006103515625,1.999969482421875,,,1080788,23,1,3,0
1220,1080906,6554,13107,1.00006103515625,1.999969482421875,1.00006103515625,1.999969482421875,,,1080913,24,1,3,0
1221,1081031,6554,13107,1.00006103515625,1.999969482421875,1.00006103515625,1.999969482421875,,,1081038,24,1,3,0
1222,1081156,6554,13107,1.00006103515625,1.999969482421875,1.00006103515625,1.999969482421875,,,1081164,23,1,3,0
1223,1081282,6554,13107,1.00006103515625,1.999969482421875,1.00006103515625,1.999969482421875,,,1081289,23,1,3,0
1224,1081407,6554,13107,1.00006103515625,1.999969482421875,1.00006103515625,1.999969482421875,,,1081414,24,1,3,0
1225,1081533,6554,13107,1.00006103515625,1.999969482421875,1.00006103515625,1.999969482421875,,,1081540,23,1,3,0
1226,1081658,6554,13107,1.00006103515625,1.999969482421875,1.00006103515625,1.999969482421875,,,1081665,24,1,3,0
1227,1081783,6554,13107,1.00006103515625,1.999969482421875,1.00006103515625,1.999969482421875,,,1081790,24,1,3,0
1228,1081908,6554,13107,1.00006103515625,1.999969482421875,1.00006103515625,1.999969482421875,,,1081916,23,1,3,0
1229,1082034,6554,13107,1.00006103515625,1.999969482421875,1.00006103515625,1.999969482421875,,,1082041,23,1,3,0
1230,1082159,6554,13107,1.00006103515625,1.999969482421875,1.00006103515625,1.999969482421875,,,1082166,24,1,3,0
1231,1082284,6554,13107,1.00006103515625,1.999969482421875,1.00006103515625,1.999969482421875,,,1082291,24,1,3,0
1232,1082409,6554,13107,1.00006103515625,1.999969482421875,1.00006103515625,1.999969482421875,,,1082417,23,1,3,0
1233,1082535,6554,13107,1.00006103515625,1.999969482421875,1.00006103515625,1.999969482421875,,,1082542,23,1,3,0
1234,1082660,6554,13107,1.00006103515625,1.999969482421875,1.00006103515625,1.999969482421875,,,1082667,24,1,3,0
1235,1082785,6554,13107,1.00006103515625,1.999969482421875,1.00006103515625,1.999969482421875,,,1082792,24,1,3,0
1236,1082910,6554,13107,1.00006103515625,1.999969482421875,1.00006103515625,1.999969482421875,,,1082918,23,1,3,0
1237,1083036,6554,13107,1.00006103515625,1.999969482421875,1.00006103515625,1.999969482421875,,,1083043,23,1,3,0
1238,1083161,6554,13107,1.00006103515625,1.999969482421875,1.00006103515625,1.999969482421875,,,1083168,24,1,3,0
1239,1083286,6554,13107,1.00006103515625,1.999969482421875,1.00006103515625,1.999969482421875,,,1083293,24,1,3,0
1240,1083411,6554,13107,1.00006103515625,1.999969482421875,1.00006103515625,1.999969482421875,,,1083419,23,1,3,0
1241,1083537,6554,13107,1.00006103515625,1.999969482421875,1.00006103515625,1.999969482421875,,,1083544,23,1,3,0
1242,1083662,6554,13107,1.00006103515625,1.999969482421875,1.00006103515625,1.999969482421875,,,1083669,24,1,3,0
1243,1083787,6554,13107,1.00006103515625,1.999969482421875,1.00006103515625,1.999969482421875,,,1083794,24,1,3,0
1244,1083912,6554,13107,1.00006103515625,1.999969482421875,1.00006103515625,1.999969482421875,,,1083920,23,1,3,0
1245,1084038,6554,13107,1.00006103515625,1.999969482421875,1.00006103515625,1.999969482421875,,,1084045,23,1,3,0
1246,1084163,6554,13107,1.00006103515625,1.999969482421875,1.00006103515625,1.999969482421875,,,1084170,24,1,3,0
1247,1084288,6554,13107,1.00006103515625,1.999969482421875,1.00006103515625,1.999969482421875,,,1084295,24,1,3,0
1248,1084413,6554,13107,1.00006103515625,1.999969482421875,1.00006103515625,1.999969482421875,,,1084421,23,1,3,0
1249,1084539,6554,13107,1.00006103515625,1.999969482421875,1.00006103515625,1.999969482421875,,,1084546,24,1,3,0
1250,1084664,6554,13107,1.00006103515625,1.999969482421875,1.00006103515625,1.999969482421875,,,1084671,24,1,3,0
1251,1084789,6554,13107,1.00006103515625,1.999969482421875,1.00006103515625,1.999969482421875,,,1084796,24,1,3,0
1252,1084914,6554,13107,1.00006103515625,1.999969482421875,1.00006103515625,1.999969482421875,,,1084922,23,1,3,0
1253,1085040,6554,13107,1.00006103515625,1.999969482421875,1.00006103515625,1.999969482421875,,,1085047,23,1,3,0
1254,1085165,6554,13107,1.00006103515625,1.999969482421875,1.00006103515625,1.999969482421875,,,1085172,24,1,3,0
1255,1085290,6554,13107,1.00006103515625,1.999969482421875,1.00006103515625,1.999969482421875,,,1085297,24,1,3,0
1256,1085415,6554,13107,1.00006103515625,1.999969482421875,1.00006103515625,1.999969482421875,,,1085423,23,1,3,0
1257,1085541,6554,13107,1.00006103515625,1.999969482421875,1.00006103515625,1.999969482421875,,,1085548,23,1,3,0
1258,1085666,6554,13107,1.00006103515625,1.999969482421875,1.00006103515625,1.999969482421875,,,1085673,24,1,3,0
1259,1085791,6554,13107,1.00006103515625,1.999969482421875,1.00006103515625,1.999969482421875,,,1085798,24,1,3,0
1260,1085916,6554,13107,1.00006103515625,1.999969482421875,1.00006103515625,1.999969482421875,,,1085924,23,1,3,0
1261,1086042,6554,13107,1.00006103515625,1.999969482421875,1.00006103515625,1.999969482421875,,,1086049,23,1,3,0
1262,1086167,6554,13107,1.00006103515625,1.999969482421875,1.00006103515625,1.999969482421875,,,1086174,24,1,3,0
1263,1086292,6554,13107,1.00006103515625,1.999969482421875,1.00006103515625,1.999969482421875,,,1086299,24,1,3,0
1264,1086417,6554,13107,1.00006103515625,1.999969482421875,1.00006103515625,1.999969482421875,,,1086425,23,1,3,0
1265,1086543,6554,13107,1.00006103515625,1.999969482421875,1.00006103515625,1.999969482421875,,,1086550,23,1,3,0
1266,1086668,6554,13107,1.00006103515625,1.999969482421875,1.00006103515625,1.999969482421875,,,1086675,24,1,3,0
1267,1086793,6554,13107,1.00006103515625,1.999969482421875,1.00006103515625,1.999969482421875,,,1086800,24,1,3,0
1268,1086918,6554,13107,1.00006103515625,1.999969482421875,1.00006103515625,1.999969482421875,,,1086926,23,1,3,0
1269,1087044,6554,13107,1.00006103515625,1.999969482421875,1.00006103515625,1.999969482421875,,,1087051,23,1,3,0
1270,1087169,6554,13107,1.00006103515625,1.999969482421875,1.00006103515625,1.999969482421875,,,1087176,24,1,3,0
1271,1087294,6554,13107,1.00006103515625,1.999969482421875,1.00006103515625,1.999969482421875,,,1087301,24,1,3,0
1272,1087419,6554,13107,1.00006103515625,1.999969482421875,1.00006103515625,1.999969482421875,,,1087427,23,1,3,0
1273,1087545,6554,13107,1.00006103515625,1.999969482421875,1.00006103515625,1.999969482421875,,,1087553,23,1,3,0
1274,1087670,6554,13107,1.00006103515625,1.999969482421875,1.00006103515625,1.999969482421875,,,1087677,24,1,3,0
1275,1087795,6554,13107,1.00006103515625,1.999969482421875,1.00006103515625,1.999969482421875,,,1087802,24,1,3,0
1276,1087920,6554,13107,1.00006103515625,1.999969482421875,1.00006103515625,1.999969482421875,,,1087928,23,1,3,0
1277,1088046,6554,13107,1.00006103515625,1.999969482421875,1.00006103515625,1.999969482421875,,,1088053,23,1,3,0
1278,1088171,6554,13107,1.00006103515625,1.999969482421875,1.00006103515625,1.999969482421875,,,1088178,24,1,3,0
1279,1088296,6554,13107,1.00006103515625,1.999969482421875,1.00006103515625,1.999969482421875,,,1088303,24,1,3,0
1280,1088421,6554,13107,1.00006103515625,1.999969482421875,1.00006103515625,1.999969482421875,,,1088429,23,1,3,0
1281,1088547,6554,13107,1.00006103515625,1.999969482421875,1.00006103515625,1.999969482421875,,,1088555,24,1,3,0
1282,1088672,6554,13107,1.00006103515625,1.999969482421875,1.00006103515625,1.999969482421875,,,1088679,24,1,3,0
1283,1088797,6554,13107,1.00006103515625,1.999969482421875,1.00006103515625,1.999969482421875,,,1088804,24,1,3,0
1284,1088922,6554,13107,1.00006103515625,1.999969482421875,1.00006103515625,1.999969482421875,,,1088930,23,1,3,0
1285,1089048,6554,13107,1.00006103515625,1.999969482421875,1.00006103515625,1.999969482421875,,,1089055,23,1,3,0
1286,1089173,6554,13107,1.00006103515625,1.999969482421875,1.00006103515625,1.999969482421875,,,1089180,24,1,3,0
1287,1089298,6554,13107,1.00006103515625,1.999969482421875,1.00006103515625,1.999969482421875,,,1089305,24,1,3,0
1288,1089423,6554,13107,1.00006103515625,1.999969482421875,1.00006103515625,1.999969482421875,,,1089431,23,1,3,0
1289,1089549,6554,13107,1.00006103515625,1.999969482421875,1.00006103515625,1.999969482421875,,,1089556,23,1,3,0
1290,1089674,6554,13107,1.00006103515625,1.999969482421875,1.00006103515625,1.999969482421875,,,1089681,24,1,3,0
1291,1089799,6554,13107,1.00006103515625,1.999969482421875,1.00006103515625,1.999969482421875,,,1089806,24,1,3,0
1292,1089924,6554,13107,1.00006103515625,1.999969482421875,1.00006103515625,1.999969482421875,,,1089932,23,1,3,0
1293,1090050,6554,13107,1.00006103515625,1.999969482421875,1.00006103515625,1.999969482421875,,,1090057,23,1,3,0
1294,1090175,6554,13107,1.00006103515625,1.999969482421875,1.00006103515625,1.999969482421875,,,1090182,24,1,3,0
1295,1090300,6554,13107,1.00006103515625,1.999969482421875,1.00006103515625,1.999969482421875,,,1090307,24,1,3,0
1296,1090425,6554,13107,1.00006103515625,1.999969482421875,1.00006103515625,1.999969482421875,,,1090433,23,1,3,0
1297,1090551,6554,13107,1.00006103515625,1.999969482421875,1.00006103515625,1.999969482421875,,,1090558,23,1,3,0
1298,1090676,6554,13107,1.00006103515625,1.999969482421875,1.00006103515625,1.999969482421875,,,1090683,24,1,3,0
1299,1090801,6554,13107,1.00006103515625,1.999969482421875,1.00006103515625,1.999969482421875,,,1090808,24,1,3,0
1300,1090926,6554,13107,1.00006103515625,1.999969482421875,1.00006103515625,1.999969482421875,,,1090934,23,1,3,0
1301,1091052,6554,13107,1.00006103515625,1.999969482421875,1.00006103515625,1.999969482421875,,,1091059,23,1,3,0
1302,1091177,6554,13107,1.00006103515625,1.999969482421875,1.00006103515625,1.999969482421875,,,1091184,24,1,3,0
1303,1091302,6554,13107,1.00006103515625,1.999969482421875,1.00006103515625,1.999969482421875,,,1091309,24,1,3,0
1304,1091427,6554,13107,1.00006103515625,1.999969482421875,1.00006103515625,1.999969482421875,,,1091435,23,1,3,0
1305,1091553,6554,13107,1.00006103515625,1.999969482421875,1.00006103515625,1.999969482421875,,,1091560,24,1,3,0
1306,1091678,6554,13107,1.00006103515625,1.999969482421875,1.00006103515625,1.999969482421875,,,1091685,24,1,3,0
1307,1091803,6554,13107,1.00006103515625,1.999969482421875,1.00006103515625,1.999969482421875,,,1091810,24,1,3,0
1308,1091928,6554,13107,1.00006103515625,1.999969482421875,1.00006103515625,1.999969482421875,,,1091936,23,1,3,0
1309,1092054,6554,13107,1.00006103515625,1.999969482421875,1.00006103515625,1.999969482421875,,,1092061,23,1,3,0
1310,1092179,6554,13107,1.00006103515625,1.999969482421875,1.00006103515625,1.999969482421875,,,1092186,24,1,3,0
1311,1092304,6554,13107,1.00006103515625,1.999969482421875,1.00006103515625,1.999969482421875,,,1092311,24,1,3,0
1312,1092429,6554,13107,1.00006103515625,1.999969482421875,1.00006103515625,1.999969482421875,,,1092437,23,1,3,0
1313,1092555,6554,13107,1.00006103515625,1.999969482421875,1.00006103515625,1.999969482421875,,,1092562,23,1,3,0
1314,1092680,6554,13107,1.00006103515625,1.999969482421875,1.00006103515625,1.999969482421875,,,1092687,24,1,3,0
1315,1092805,6554,13107,1.00006103515625,1.999969482421875,1.00006103515625,1.999969482421875,,,1092812,24,1,3,0
1316,1092930,6554,13107,1.00006103515625,1.999969482421875,1.00006103515625,1.999969482421875,,,1092938,23,1,3,0
1317,1093056,6554,13107,1.00006103515625,1.999969482421875,1.00006103515625,1.999969482421875,,,1093063,23,1,3,0
1318,1093181,6554,13107,1.00006103515625,1.999969482421875,1.00006103515625,1.999969482421875,,,1093188,24,1,3,0
1319,1093306,6554,13107,1.00006103515625,1.999969482421875,1.00006103515625,1.999969482421875,,,1093313,24,1,3,0
1320,1093431,6554,13107,1.00006103515625,1.999969482421875,1.00006103515625,1.999969482421875,,,1093439,23,1,3,0
1321,1093557,6554,13107,1.00006103515625,1.999969482421875,1.00006103515625,1.999969482421875,,,1093564,24,1,3,0
1322,1093682,6554,13107,1.00006103515625,1.999969482421875,1.00006103515625,1.999969482421875,,,1093689,24,1,3,0
1323,1093807,6554,13107,1.00006103515625,1.999969482421875,1.00006103515625,1.999969482421875,,,1093814,24,1,3,0
1324,1093932,6554,13107,1.00006103515625,1.999969482421875,1.00006103515625,1.999969482421875,,,1093940,23,1,3,0
1325,1094058,6554,13107,1.00006103515625,1.999969482421875,1.00006103515625,1.999969482421875,,,1094065,24,1,3,0
1326,1094183,6554,13107,1.00006103515625,1.999969482421875,1.00006103515625,1.999969482421875,,,1094190,24,1,3,0
1327,1094308,6554,13107,1.00006103515625,1.999969482421875,1.00006103515625,1.999969482421875,,,1094315,24,1,3,0
1328,1094433,6554,13107,1.00006103515625,1.999969482421875,1.00006103515625,1.999969482421875,,,1094441,23,1,3,0
1329,1094559,6554,13107,1.00006103515625,1.999969482421875,1.00006103515625,1.999969482421875,,,1094566,24,1,3,0
1330,1094684,6554,13107,1.00006103515625,1.999969482421875,1.00006103515625,1.999969482421875,,,1094691,24,1,3,0
1331,1094809,6554,13107,1.00006103515625,1.999969482421875,1.00006103515625,1.999969482421875,,,1094816,24,1,3,0
1332,1094934,6554,13107,1.00006103515625,1.999969482421875,1.00006103515625,1.999969482421875,,,1094942,23,1,3,0
1333,1095060,6554,13107,1.00006103515625,1.999969482421875,1.00006103515625,1.999969482421875,,,1095067,24,1,3,0
1334,1095185,6554,13107,1.00006103515625,1.999969482421875,1.00006103515625,1.999969482421875,,,1095192,24,1,3,0
1335,1095310,6554,13107,1.00006103515625,1.999969482421875,1.00006103515625,1.999969482421875,,,1095317,24,1,3,0
1336,1095435,6554,13107,1.00006103515625,1.999969482421875,1.00006103515625,1.999969482421875,,,1095443,23,1,3,0
1337,1095561,6554,13107,1.00006103515625,1.999969482421875,1.00006103515625,1.999969482421875,,,1095568,24,1,3,0
1338,1095686,6554,13107,1.00006103515625,1.999969482421875,1.00006103515625,1.999969482421875,,,1095693,24,1,3,0
1339,1095811,6554,13107,1.00006103515625,1.999969482421875,1.00006103515625,1.999969482421875,,,1095818,24,1,3,0
1340,1095936,6554,13107,1.00006103515625,1.999969482421875,1.00006103515625,1.999969482421875,,,1095944,23,1,3,0
1341,1096062,6554,13107,1.00006103515625,1.999969482421875,1.00006103515625,1.999969482421875,,,1096069,24,1,3,0
1342,1096187,6554,13107,1.00006103515625,1.999969482421875,1.00006103515625,1.999969482421875,,,1096194,24,1,3,0
1343,1096312,6554,13107,1.00006103515625,1.999969482421875,1.00006103515625,1.999969482421875,,,1096319,24,1,3,0
1344,1096437,6554,13107,1.00006103515625,1.999969482421875,1.00006103515625,1.999969482421875,,,1096445,23,1,3,0
1345,1096563,6554,13107,1.00006103515625,1.999969482421875,1.00006103515625,1.999969482421875,,,1096570,24,1,3,0
1346,1096688,6554,13107,1.00006103515625,1.999969482421875,1.00006103515625,1.999969482421875,,,1096695,24,1,3,0
1347,1096813,6554,13107,1.00006103515625,1.999969482421875,1.00006103515625,1.999969482421875,,,1096820,24,1,3,0
1348,1096938,6554,13107,1.00006103515625,1.999969482421875,1.00006103515625,1.999969482421875,,,1096946,23,1,3,0
1349,1097064,6554,13107,1.00006103515625,1.999969482421875,1.00006103515625,1.999969482421875,,,1097071,24,1,3,0
1350,1097189,6554,13107,1.00006103515625,1.999969482421875,1.00006103515625,1.999969482421875,,,1097196,24,1,3,0
1351,1097314,6554,13107,1.00006103515625,1.999969482421875,1.00006103515625,1.999969482421875,,,1097321,24,1,3,0
1352,1097439,6554,13107,1.00006103515625,1.999969482421875,1.00006103515625,1.999969482421875,,,1097447,23,1,3,0
1353,1097565,6554,13107,1.00006103515625,1.999969482421875,1.00006103515625,1.999969482421875,,,1097572,24,1,3,0
1354,1097690,6554,13107,1.00006103515625,1.999969482421875,1.00006103515625,1.999969482421875,,,1097697,24,1,3,0
1355,1097815,6554,13107,1.00006103515625,1.999969482421875,1.00006103515625,1.999969482421875,,,1097822,24,1,3,0
1356,1097940,6554,13107,1.00006103515625,1.999969482421875,1.00006103515625,1.999969482421875,,,1097948,23,1,3,0
1357,1098066,6554,13107,1.00006103515625,1.999969482421875,1.00006103515625,1.999969482421875,,,1098073,24,1,3,0
1358,1098191,6554,13107,1.00006103515625,1.999969482421875,1.00006103515625,1.999969482421875,,,1098198,24,1,3,0
1359,1098316,6554,13107,1.00006103515625,1.999969482421875,1.00006103515625,1.999969482421875,,,1098323,24,1,3,0
1360,1098441,6554,13107,1.00006103515625,1.999969482421875,1.00006103515625,1.999969482421875,,,1098449,23,1,3,0
1361,1098567,6554,13107,1.00006103515625,1.999969482421875,1.00006103515625,1.999969482421875,,,1098574,24,1,3,0
1362,1098692,6554,13107,1.00006103515625,1.999969482421875,1.00006103515625,1.999969482421875,,,1098699,24,1,3,0
1363,1098817,6554,13107,1.00006103515625,1.999969482421875,1.00006103515625,1.999969482421875,,,1098824,24,1,3,0
1364,1098942,6554,13107,1.00006103515625,1.999969482421875,1.00006103515625,1.999969482421875,,,1098950,23,1,3,0
1365,1099068,6554,13107,1.00006103515625,1.999969482421875,1.00006103515625,1.999969482421875,,,1099075,24,1,3,0
1366,1099193,6554,13107,1.00006103515625,1.999969482421875,1.00006103515625,1.999969482421875,,,1099200,24,1,3,0
1367,1099318,6554,13107,1.00006103515625,1.999969482421875,1.00006103515625,1.999969482421875,,,1099325,24,1,3,0
1368,1099444,6554,13107,1.00006103515625,1.999969482421875,1.00006103515625,1.999969482421875,,,1099451,23,1,3,0
1369,1099569,6554,13107,1.00006103515625,1.999969482421875,1.00006103515625,1.999969482421875,,,1099576,24,1,3,0
1370,1099694,6554,13107,1.00006103515625,1.999969482421875,1.00006103515625,1.999969482421875,,,1099701,24,1,3,0
1371,1099819,6554,13107,1.00006103515625,1.999969482421875,1.00006103515625,1.999969482421875,,,1099826,24,1,3,0
1372,1099945,6554,13107,1.00006103515625,1.999969482421875,1.00006103515625,1.999969482421875,,,1099952,23,1,3,0
1373,1100070,6554,13107,1.00006103515625,1.999969482421875,1.00006103515625,1.999969482421875,,,1100077,24,1,3,0
1374,1100195,6554,13107,1.00006103515625,1.999969482421875,1.00006103515625,1.999969482421875,,,1100202,24,1,3,0
1375,1100320,6554,13107,1.00006103515625,1.999969482421875,1.00006103515625,1.999969482421875,,,1100327,24,1,3,0
1376,1100446,6554,13107,1.00006103515625,1.999969482421875,1.00006103515625,1.999969482421875,,,1100453,23,1,3,0
1377,1100571,6554,13107,1.00006103515625,1.999969482421875,1.00006103515625,1.999969482421875,,,1100578,24,1,3,0
1378,1100696,6554,13107,1.00006103515625,1.999969482421875,1.00006103515625,1.999969482421875,,,1100703,24,1,3,0
1379,1100821,6554,13107,1.00006103515625,1.999969482421875,1.00006103515625,1.999969482421875,,,1100828,24,1,3,0
1380,1100947,6554,13107,1.00006103515625,1.999969482421875,1.00006103515625,1.999969482421875,,,1100954,23,1,3,0
1381,1101072,6554,13107,1.00006103515625,1.999969482421875,1.00006103515625,1.999969482421875,,,1101079,24,1,3,0
1382,1101197,6554,13107,1.00006103515625,1.999969482421875,1.00006103515625,1.999969482421875,,,1101204,24,1,3,0
1383,1101322,6554,13107,1.00006103515625,1.999969482421875,1.00006103515625,1.999969482421875,,,1101329,24,1,3,0
1384,1101448,6554,13107,1.00006103515625,1.999969482421875,1.00006103515625,1.999969482421875,,,1101455,23,1,3,0
1385,1101573,6554,13107,1.00006103515625,1.999969482421875,1.00006103515625,1.999969482421875,,,1101580,24,1,3,0
1386,1101698,6554,13107,1.00006103515625,1.999969482421875,1.00006103515625,1.999969482421875,,,1101705,24,1,3,0
1387,1101823,6554,13107,1.00006103515625,1.999969482421875,1.00006103515625,1.999969482421875,,,1101830,24,1,3,0
1388,1101949,6554,13107,1.00006103515625,1.999969482421875,1.00006103515625,1.999969482421875,,,1101956,23,1,3,0
1389,1102074,6554,13107,1.00006103515625,1.999969482421875,1.00006103515625,1.999969482421875,,,1102081,24,1,3,0
1390,1102199,6554,13107,1.00006103515625,1.999969482421875,1.00006103515625,1.999969482421875,,,1102206,24,1,3,0
1391,1102324,6554,13107,1.00006103515625,1.999969482421875,1.00006103515625,1.999969482421875,,,1102331,24,1,3,0
1392,1102450,6554,13107,1.00006103515625,1.999969482421875,1.00006103515625,1.999969482421875,,,1102457,23,1,3,0
1393,1102575,6554,13107,1.00006103515625,1.999969482421875,1.00006103515625,1.999969482421875,,,1102582,24,1,3,0
1394,1102700,6554,13107,1.00006103515625,1.999969482421875,1.00006103515625,1.999969482421875,,,1102707,24,1,3,0
1395,1102825,6554,13107,1.00006103515625,1.999969482421875,1.00006103515625,1.999969482421875,,,1102832,24,1,3,0
1396,1102951,6554,13107,1.00006103515625,1.999969482421875,1.00006103515625,1.999969482421875,,,1102958,23,1,3,0
1397,1103076,6554,13107,1.00006103515625,1.999969482421875,1.00006103515625,1.999969482421875,,,1103083,24,1,3,0
1398,1103201,6554,13107,1.00006103515625,1.999969482421875,1.00006103515625,1.999969482421875,,,1103208,24,1,3,0
1399,1103326,6554,13107,1.00006103515625,1.999969482421875,1.00006103515625,1.999969482421875,,,1103333,24,1,3,0
1400,1103452,6554,13107,1.00006103515625,1.999969482421875,1.00006103515625,1.999969482421875,,,1103459,23,1,3,0
1401,1103577,6554,13107,1.00006103515625,1.999969482421875,1.00006103515625,1.999969482421875,,,1103584,24,1,3,0
1402,1103702,6554,13107,1.00006103515625,1.999969482421875,1.00006103515625,1.999969482421875,,,1103709,24,1,3,0
1403,1103827,6554,13107,1.00006103515625,1.999969482421875,1.00006103515625,1.999969482421875,,,1103834,24,1,3,0
1404,1103953,6554,13107,1.00006103515625,1.999969482421875,1.00006103515625,1.999969482421875,,,1103960,23,1,3,0
1405,1104078,6554,13107,1.00006103515625,1.999969482421875,1.00006103515625,1.999969482421875,,,1104085,24,1,3,0
1406,1104203,6554,13107,1.00006103515625,1.999969482421875,1.00006103515625,1.999969482421875,,,1104210,24,1,3,0
1407,1104328,6554,13107,1.00006103515625,1.999969482421875,1.00006103515625,1.999969482421875,,,1104335,24,1,3,0
1408,1104454,6554,13107,1.00006103515625,1.999969482421875,1.00006103515625,1.999969482421875,,,1104461,23,1,3,0
1409,1104579,6554,13107,1.00006103515625,1.999969482421875,1.00006103515625,1.999969482421875,,,1104586,24,1,3,0
1410,1104704,6554,13107,1.00006103515625,1.999969482421875,1.00006103515625,1.999969482421875,,,1104711,24,1,3,0
1411,1104829,6554,13107,1.00006103515625,1.999969482421875,1.00006103515625,1.999969482421875,,,1104836,24,1,3,0
1412,1104955,6554,13107,1.00006103515625,1.999969482421875,1.00006103515625,1.999969482421875,,,1104962,23,1,3,0
1413,1105080,6554,13107,1.00006103515625,1.999969482421875,1.00006103515625,1.999969482421875,,,1105087,24,1,3,0
1414,1105205,6554,13107,1.00006103515625,1.999969482421875,1.00006103515625,1.999969482421875,,,1105212,24,1,3,0
1415,1105330,6554,13107,1.00006103515625,1.999969482421875,1.00006103515625,1.999969482421875,,,1105337,24,1,3,0
1416,1105456,6554,13107,1.00006103515625,1.999969482421875,1.00006103515625,1.999969482421875,,,1105463,23,1,3,0
1417,1105581,6554,13107,1.00006103515625,1.999969482421875,1.00006103515625,1.999969482421875,,,1105588,24,1,3,0
1418,1105706,6554,13107,1.00006103515625,1.999969482421875,1.00006103515625,1.999969482421875,,,1105713,24,1,3,0
1419,1105831,6554,13107,1.00006103515625,1.999969482421875,1.00006103515625,1.999969482421875,,,1105838,24,1,3,0
1420,1105957,6554,13107,1.00006103515625,1.999969482421875,1.00006103515625,1.999969482421875,,,1105964,23,1,3,0
1421,1106082,6554,13107,1.00006103515625,1.999969482421875,1.00006103515625,1.999969482421875,,,1106089,24,1,3,0
1422,1106207,6554,13107,1.00006103515625,1.999969482421875,1.00006103515625,1.999969482421875,,,1106214,24,1,3,0
1423,1106332,6554,13107,1.00006103515625,1.999969482421875,1.00006103515625,1.999969482421875,,,1106341,24,1,3,0
1424,1106458,6554,13107,1.00006103515625,1.999969482421875,1.00006103515625,1.999969482421875,,,1106465,23,1,3,0
1425,1106583,6554,13107,1.00006103515625,1.999969482421875,1.00006103515625,1.999969482421875,,,1106590,24,1,3,0
1426,1106708,6554,13107,1.00006103515625,1.999969482421875,1.00006103515625,1.999969482421875,,,1106715,24,1,3,0
1427,1106833,6554,13107,1.00006103515625,1.999969482421875,1.00006103515625,1.999969482421875,,,1106840,24,1,3,0
1428,1106959,6554,13107,1.00006103515625,1.999969482421875,1.00006103515625,1.999969482421875,,,1106966,23,1,3,0
1429,1107084,6554,13107,1.00006103515625,1.999969482421875,1.00006103515625,1.999969482421875,,,1107091,24,1,3,0
1430,1107209,6554,13107,1.00006103515625,1.999969482421875,1.00006103515625,1.999969482421875,,,1107216,24,1,3,0
1431,1107334,6554,13107,1.00006103515625,1.999969482421875,1.00006103515625,1.999969482421875,,,1107342,24,1,3,0
1432,1107460,6554,13107,1.00006103515625,1.999969482421875,1.00006103515625,1.999969482421875,,,1107467,23,1,3,0
1433,1107585,6554,13107,1.00006103515625,1.999969482421875,1.00006103515625,1.999969482421875,,,1107592,24,1,3,0
1434,1107710,6554,13107,1.00006103515625,1.999969482421875,1.00006103515625,1.999969482421875,,,1107717,24,1,3,0
1435,1107835,6554,13107,1.00006103515625,1.999969482421875,1.00006103515625,1.999969482421875,,,1107842,24,1,3,0
1436,1107961,6554,13107,1.00006103515625,1.999969482421875,1.00006103515625,1.999969482421875,,,1107968,23,1,3,0
1437,1108086,6554,13107,1.00006103515625,1.999969482421875,1.00006103515625,1.999969482421875,,,1108093,24,1,3,0
1438,1108211,6554,13107,1.00006103515625,1.999969482421875,1.00006103515625,1.999969482421875,,,1108218,24,1,3,0
1439,1108336,6554,13107,1.00006103515625,1.999969482421875,1.00006103515625,1.999969482421875,,,1108343,24,1,3,0
1440,1108462,6554,13107,1.00006103515625,1.999969482421875,1.00006103515625,1.999969482421875,,,1108469,23,1,3,0
1441,1108587,6554,13107,1.00006103515625,1.999969482421875,1.00006103515625,1.999969482421875,,,1108594,24,1,3,0
1442,1108712,6554,13107,1.00006103515625,1.999969482421875,1.00006103515625,1.999969482421875,,,1108719,24,1,3,0
1443,1108837,6554,13107,1.00006103515625,1.999969482421875,1.00006103515625,1.999969482421875,,,1108844,24,1,3,0
1444,1108963,6554,13107,1.00006103515625,1.999969482421875,1.00006103515625,1.999969482421875,,,1108970,23,1,3,0
1445,1109088,6554,13107,1.00006103515625,1.999969482421875,1.00006103515625,1.999969482421875,,,1109095,24,1,3,0
1446,1109213,6554,13107,1.00006103515625,1.999969482421875,1.00006103515625,1.999969482421875,,,1109220,24,1,3,0
1447,1109338,6554,13107,1.00006103515625,1.999969482421875,1.00006103515625,1.999969482421875,,,1109346,23,1,3,0
1448,1109464,6554,13107,1.00006103515625,1.999969482421875,1.00006103515625,1.999969482421875,,,1109471,23,1,3,0
1449,1109589,6554,13107,1.00006103515625,1.999969482421875,1.00006103515625,1.999969482421875,,,1109596,24,1,3,0
1450,1109714,6554,13107,1.00006103515625,1.999969482421875,1.00006103515625,1.999969482421875,,,1109721,24,1,3,0
1451,1109839,6554,13107,1.00006103515625,1.999969482421875,1.00006103515625,1.999969482421875,,,1109846,24,1,3,0
1452,1109965,6554,13107,1.00006103515625,1.999969482421875,1.00006103515625,1.999969482421875,,,1109972,23,1,3,0
1453,1110090,6554,13107,1.00006103515625,1.999969482421875,1.00006103515625,1.999969482421875,,,1110097,24,1,3,0
1454,1110215,6554,13107,1.00006103515625,1.999969482421875,1.00006103515625,1.999969482421875,,,1110222,24,1,3,0
1455,1110340,6554,13107,1.00006103515625,1.999969482421875,1.00006103515625,1.999969482421875,,,1110347,24,1,3,0
1456,1110466,6554,13107,1.00006103515625,1.999969482421875,1.00006103515625,1.999969482421875,,,1110473,23,1,3,0
1457,1110591,6554,13107,1.00006103515625,1.999969482421875,1.00006103515625,1.999969482421875,,,1110598,24,1,3,0
1458,1110716,6554,13107,1.00006103515625,1.999969482421875,1.00006103515625,1.999969482421875,,,1110723,24,1,3,0
1459,1110841,6554,13107,1.00006103515625,1.999969482421875,1.00006103515625,1.999969482421875,,,1110848,24,1,3,0
1460,1110967,6554,13107,1.00006103515625,1.999969482421875,1.00006103515625,1.999969482421875,,,1110974,24,1,3,0
1461,1111092,6554,13107,1.00006103515625,1.999969482421875,1.00006103515625,1.999969482421875,,,1111099,24,1,3,0
1462,1111217,6554,13107,1.00006103515625,1.999969482421875,1.00006103515625,1.999969482421875,,,1111224,24,1,3,0
1463,1111342,6554,13107,1.00006103515625,1.999969482421875,1.00006103515625,1.999969482421875,,,1111349,24,1,3,0
1464,1111468,6554,13107,1.00006103515625,1.999969482421875,1.00006103515625,1.999969482421875,,,1111475,23,1,3,0
1465,1111593,6554,13107,1.00006103515625,1.999969482421875,1.00006103515625,1.999969482421875,,,1111600,24,1,3,0
1466,1111718,6554,13107,1.00006103515625,1.999969482421875,1.00006103515625,1.999969482421875,,,1111725,24,1,3,0
1467,1111843,6554,13107,1.00006103515625,1.999969482421875,1.00006103515625,1.999969482421875,,,1111850,24,1,3,0
1468,1111969,6554,13107,1.00006103515625,1.999969482421875,1.00006103515625,1.999969482421875,,,1111976,23,1,3,0
1469,1112094,6554,13107,1.00006103515625,1.999969482421875,1.00006103515625,1.999969482421875,,,1112101,24,1,3,0
1470,1112219,6554,13107,1.00006103515625,1.999969482421875,1.00006103515625,1.999969482421875,,,1112226,24,1,3,0
1471,1112344,6554,13107,1.00006103515625,1.999969482421875,1.00006103515625,1.999969482421875,,,1112351,24,1,3,0
1472,1112470,6554,13107,1.00006103515625,1.999969482421875,1.00006103515625,1.999969482421875,,,1112477,23,1,3,0
1473,1112595,6554,13107,1.00006103515625,1.999969482421875,1.00006103515625,1.999969482421875,,,1112602,24,1,3,0
1474,1112720,6554,13107,1.00006103515625,1.999969482421875,1.00006103515625,1.999969482421875,,,1112727,24,1,3,0
1475,1112845,6554,13107,1.00006103515625,1.999969482421875,1.00006103515625,1.999969482421875,,,1112852,24,1,3,0
1476,1112971,6554,13107,1.00006103515625,1.999969482421875,1.00006103515625,1.999969482421875,,,1112978,23,1,3,0
1477,1113096,6554,13107,1.00006103515625,1.999969482421875,1.00006103515625,1.999969482421875,,,1113103,24,1,3,0
1478,1113221,6554,13107,1.00006103515625,1.999969482421875,1.00006103515625,1.999969482421875,,,1113228,24,1,3,0
1479,1113346,6554,13107,1.00006103515625,1.999969482421875,1.00006103515625,1.999969482421875,,,1113353,24,1,3,0
1480,1113472,6554,13107,1.00006103515625,1.999969482421875,1.00006103515625,1.999969482421875,,,1113479,23,1,3,0
1481,1113597,6554,13107,1.00006103515625,1.999969482421875,1.00006103515625,1.999969482421875,,,1113604,24,1,3,0
1482,1113722,6554,13107,1.00006103515625,1.999969482421875,1.00006103515625,1.999969482421875,,,1113729,24,1,3,0
1483,1113847,6554,13107,1.00006103515625,1.999969482421875,1.00006103515625,1.999969482421875,,,1113854,24,1,3,0
1484,1113973,6554,13107,1.00006103515625,1.999969482421875,1.00006103515625,1.999969482421875,,,1113980,23,1,3,0
1485,1114098,6554,13107,1.00006103515625,1.999969482421875,1.00006103515625,1.999969482421875,,,1114105,24,1,3,0
1486,1114223,6554,13107,1.00006103515625,1.999969482421875,1.00006103515625,1.999969482421875,,,1114230,24,1,3,0
1487,1114348,6554,13107,1.00006103515625,1.999969482421875,1.00006103515625,1.999969482421875,,,1114355,24,1,3,0
1488,1114474,6554,13107,1.00006103515625,1.999969482421875,1.00006103515625,1.999969482421875,,,1114481,23,1,3,0
1489,1114599,6554,13107,1.00006103515625,1.999969482421875,1.00006103515625,1.999969482421875,,,1114606,24,1,3,0
1490,1114724,6554,13107,1.00006103515625,1.999969482421875,1.00006103515625,1.999969482421875,,,1114731,24,1,3,0
1491,1114849,6554,13107,1.00006103515625,1.999969482421875,1.00006103515625,1.999969482421875,,,1114856,24,1,3,0
1492,1114975,6554,13107,1.00006103515625,1.999969482421875,1.00006103515625,1.999969482421875,,,1114982,23,1,3,0
1493,1115100,6554,13107,1.00006103515625,1.999969482421875,1.00006103515625,1.999969482421875,,,1115107,24,1,3,0
1494,1115225,6554,13107,1.00006103515625,1.999969482421875,1.00006103515625,1.999969482421875,,,1115232,24,1,3,0
1495,1115350,6554,13107,1.00006103515625,1.999969482421875,1.00006103515625,1.999969482421875,,,1115357,24,1,3,0
1496,1115476,6554,13107,1.00006103515625,1.999969482421875,1.00006103515625,1.999969482421875,,,1115483,23,1,3,0
1497,1115601,6554,13107,1.00006103515625,1.999969482421875,1.00006103515625,1.999969482421875,,,1115608,24,1,3,0
1498,1115726,6554,13107,1.00006103515625,1.999969482421875,1.00006103515625,1.999969482421875,,,1115733,24,1,3,0
1499,1115851,6554,13107,1.00006103515625,1.999969482421875,1.00006103515625,1.999969482421875,,,1115859,24,1,3,0
1500,1115977,6554,13107,1.00006103515625,1.999969482421875,1.00006103515625,1.999969482421875,,,1115984,23,1,3,0
1501,1116102,6554,13107,1.00006103515625,1.999969482421875,1.00006103515625,1.999969482421875,,,1116109,24,1,3,0
1502,1116227,6554,13107,1.00006103515625,1.999969482421875,1.00006103515625,1.999969482421875,,,1116234,24,1,3,0
1503,1116352,6554,13107,1.00006103515625,1.999969482421875,1.00006103515625,1.999969482421875,,,1116359,24,1,3,0
1504,1116478,6554,13107,1.00006103515625,1.999969482421875,1.00006103515625,1.999969482421875,,,1116486,24,1,3,0
1505,1116603,6554,13107,1.00006103515625,1.999969482421875,1.00006103515625,1.999969482421875,,,1116610,24,1,3,0
1506,1116728,6554,13107,1.00006103515625,1.999969482421875,1.00006103515625,1.999969482421875,,,1116735,24,1,3,0
1507,1116853,6554,13107,1.00006103515625,1.999969482421875,1.00006103515625,1.999969482421875,,,1116860,24,1,3,0
1508,1116979,6554,13107,1.00006103515625,1.999969482421875,1.00006103515625,1.999969482421875,,,1116986,23,1,3,0
1509,1117104,6554,13107,1.00006103515625,1.999969482421875,1.00006103515625,1.999969482421875,,,1117111,24,1,3,0
1510,1117229,6554,13107,1.00006103515625,1.999969482421875,1.00006103515625,1.999969482421875,,,1117236,24,1,3,0
1511,1117354,6554,13107,1.00006103515625,1.999969482421875,1.00006103515625,1.999969482421875,,,1117361,24,1,3,0
1512,1117480,6554,13107,1.00006103515625,1.999969482421875,1.00006103515625,1.999969482421875,,,1117487,23,1,3,0
1513,1117605,6554,13107,1.00006103515625,1.999969482421875,1.00006103515625,1.999969482421875,,,1117612,26,1,3,0
1514,1117730,6554,13107,1.00006103515625,1.999969482421875,1.00006103515625,1.999969482421875,,,1117737,24,1,3,0
1515,1117855,6554,13107,1.00006103515625,1.999969482421875,1.00006103515625,1.999969482421875,,,1117862,24,1,3,0
1516,1117981,6554,13107,1.00006103515625,1.999969482421875,1.00006103515625,1.999969482421875,,,1117988,23,1,3,0
1517,1118106,6554,13107,1.00006103515625,1.999969482421875,1.00006103515625,1.999969482421875,,,1118113,24,1,3,0
1518,1118231,6554,13107,1.00006103515625,1.999969482421875,1.00006103515625,1.999969482421875,,,1118238,24,1,3,0
1519,1118356,6554,13107,1.00006103515625,1.999969482421875,1.00006103515625,1.999969482421875,,,1118363,24,1,3,0
1520,1118482,6554,13107,1.00006103515625,1.999969482421875,1.00006103515625,1.999969482421875,,,1118489,23,1,3,0
1521,1118607,6554,13107,1.00006103515625,1.999969482421875,1.00006103515625,1.999969482421875,,,1118614,26,1,3,0
1522,1118732,6554,13107,1.00006103515625,1.999969482421875,1.00006103515625,1.999969482421875,,,1118739,24,1,3,0
1523,1118857,6554,13107,1.00006103515625,1.999969482421875,1.00006103515625,1.999969482421875,,,1118864,24,1,3,0
1524,1118983,6554,13107,1.00006103515625,1.999969482421875,1.00006103515625,1.999969482421875,,,1118990,23,1,3,0
1525,1119108,6554,13107,1.00006103515625,1.999969482421875,1.00006103515625,1.999969482421875,,,1119115,24,1,3,0
1526,1119233,6554,13107,1.00006103515625,1.999969482421875,1.00006103515625,1.999969482421875,,,1119240,24,1,3,0
1527,1119358,6554,13107,1.00006103515625,1.999969482421875,1.00006103515625,1.999969482421875,,,1119365,24,1,3,0
1528,1119484,6554,13107,1.00006103515625,1.999969482421875,1.00006103515625,1.999969482421875,,,1119491,23,1,3,0
1529,1119609,6554,13107,1.00006103515625,1.999969482421875,1.00006103515625,1.999969482421875,,,1119616,24,1,3,0
1530,1119734,6554,13107,1.00006103515625,1.999969482421875,1.00006103515625,1.999969482421875,,,1119741,24,1,3,0
1531,1119859,6554,13107,1.00006103515625,1.999969482421875,1.00006103515625,1.999969482421875,,,1119866,24,1,3,0
1532,1119985,6554,13107,1.00006103515625,1.999969482421875,1.00006103515625,1.999969482421875,,,1119992,23,1,3,0
1533,1120110,6554,13107,1.00006103515625,1.999969482421875,1.00006103515625,1.999969482421875,,,1120117,24,1,3,0
1534,1120235,6554,13107,1.00006103515625,1.999969482421875,1.00006103515625,1.999969482421875,,,1120242,24,1,3,0
1535,1120360,6554,13107,1.00006103515625,1.999969482421875,1.00006103515625,1.999969482421875,,,1120367,24,1,3,0
1536,1120486,6554,13107,1.00006103515625,1.999969482421875,1.00006103515625,1.999969482421875,,,1120493,23,1,3,0
1537,1120611,6554,13107,1.00006103515625,1.999969482421875,1.00006103515625,1.999969482421875,,,1120618,24,1,3,0
1538,1120736,6554,13107,1.00006103515625,1.999969482421875,1.00006103515625,1.999969482421875,,,1120743,24,1,3,0
1539,1120861,6554,13107,1.00006103515625,1.999969482421875,1.00006103515625,1.999969482421875,,,1120868,24,1,3,0
1540,1120987,6554,13107,1.00006103515625,1.999969482421875,1.00006103515625,1.999969482421875,,,1120994,23,1,3,0
1541,1121112,6554,13107,1.00006103515625,1.999969482421875,1.00006103515625,1.999969482421875,,,1121119,24,1,3,0
1542,1121237,6554,13107,1.00006103515625,1.999969482421875,1.00006103515625,1.999969482421875,,,1121244,24,1,3,0
1543,1121362,6554,13107,1.00006103515625,1.999969482421875,1.00006103515625,1.999969482421875,,,1121369,24,1,3,0
1544,1121488,6554,13107,1.00006103515625,1.999969482421875,1.00006103515625,1.999969482421875,,,1121495,23,1,3,0
1545,1121613,6554,13107,1.00006103515625,1.999969482421875,1.00006103515625,1.999969482421875,,,1121620,24,1,3,0
1546,1121738,6554,13107,1.00006103515625,1.999969482421875,1.00006103515625,1.999969482421875,,,1121745,24,1,3,0
1547,1121863,6554,13107,1.00006103515625,1.999969482421875,1.00006103515625,1.999969482421875,,,1121870,24,1,3,0
1548,1121989,6554,13107,1.00006103515625,1.999969482421875,1.00006103515625,1.999969482421875,,,1121996,23,1,3,0
1549,1122114,6554,13107,1.00006103515625,1.999969482421875,1.00006103515625,1.999969482421875,,,1122121,24,1,3,0
1550,1122239,6554,13107,1.00006103515625,1.999969482421875,1.00006103515625,1.999969482421875,,,1122246,24,1,3,0
1551,1122364,6554,13107,1.00006103515625,1.999969482421875,1.00006103515625,1.999969482421875,,,1122371,24,1,3,0
1552,1122490,6554,13107,1.00006103515625,1.999969482421875,1.00006103515625,1.999969482421875,,,1122497,23,1,3,0
1553,1122615,6554,13107,1.00006103515625,1.999969482421875,1.00006103515625,1.999969482421875,,,1122622,24,1,3,0
1554,1122740,6554,13107,1.00006103515625,1.999969482421875,1.00006103515625,1.999969482421875,,,1122747,24,1,3,0
1555,1122865,6554,13107,1.00006103515625,1.999969482421875,1.00006103515625,1.999969482421875,,,1122872,24,1,3,0
1556,1122991,6554,13107,1.00006103515625,1.999969482421875,1.00006103515625,1.999969482421875,,,1122998,23,1,3,0
1557,1123116,6554,13107,1.00006103515625,1.999969482421875,1.00006103515625,1.999969482421875,,,1123123,24,1,3,0
1558,1123241,6554,13107,1.00006103515625,1.999969482421875,1.00006103515625,1.999969482421875,,,1123248,24,1,3,0
1559,1123366,6554,13107,1.00006103515625,1.999969482421875,1.00006103515625,1.999969482421875,,,1123373,24,1,3,0
1560,1123492,6554,13107,1.00006103515625,1.999969482421875,1.00006103515625,1.999969482421875,,,1123499,24,1,3,0
1561,1123617,6554,13107,1.00006103515625,1.999969482421875,1.00006103515625,1.999969482421875,,,1123624,24,1,3,0
1562,1123742,6554,13107,1.00006103515625,1.999969482421875,1.00006103515625,1.999969482421875,,,1123749,24,1,3,0
1563,1123867,6554,13107,1.00006103515625,1.999969482421875,1.00006103515625,1.999969482421875,,,1123874,24,1,3,0
1564,1123993,6554,13107,1.00006103515625,1.999969482421875,1.00006103515625,1.999969482421875,,,1124000,23,1,3,0
1565,1124118,6554,13107,1.00006103515625,1.999969482421875,1.00006103515625,1.999969482421875,,,1124125,24,1,3,0
1566,1124243,6554,13107,1.00006103515625,1.999969482421875,1.00006103515625,1.999969482421875,,,1124250,24,1,3,0
1567,1124368,6554,13107,1.00006103515625,1.999969482421875,1.00006103515625,1.999969482421875,,,1124375,24,1,3,0
1568,1124494,6554,13107,1.00006103515625,1.999969482421875,1.00006103515625,1.999969482421875,,,1124502,24,1,3,0
1569,1124619,6554,13107,1.00006103515625,1.999969482421875,1.00006103515625,1.999969482421875,,,1124626,24,1,3,0
1570,1124744,6554,13107,1.00006103515625,1.999969482421875,1.00006103515625,1.999969482421875,,,1124751,24,1,3,0
1571,1124869,6554,13107,1.00006103515625,1.999969482421875,1.00006103515625,1.999969482421875,,,1124876,24,1,3,0
1572,1124995,6554,13107,1.00006103515625,1.999969482421875,1.00006103515625,1.999969482421875,,,1125002,23,1,3,0
1573,1125120,6554,13107,1.00006103515625,1.999969482421875,1.00006103515625,1.999969482421875,,,1125127,24,1,3,0
1574,1125245,6554,13107,1.00006103515625,1.999969482421875,1.00006103515625,1.999969482421875,,,1125252,24,1,3,0
1575,1125370,6554,13107,1.00006103515625,1.999969482421875,1.00006103515625,1.999969482421875,,,1125377,24,1,3,0
1576,1125496,6554,13107,1.00006103515625,1.999969482421875,1.00006103515625,1.999969482421875,,,1125503,23,1,3,0
1577,1125621,6554,13107,1.00006103515625,1.999969482421875,1.00006103515625,1.999969482421875,,,1125628,24,1,3,0
1578,1125746,6554,13107,1.00006103515625,1.999969482421875,1.00006103515625,1.999969482421875,,,1125753,24,1,3,0
1579,1125871,6554,13107,1.00006103515625,1.999969482421875,1.00006103515625,1.999969482421875,,,1125879,23,1,3,0
1580,1125997,6554,13107,1.00006103515625,1.999969482421875,1.00006103515625,1.999969482421875,,,1126004,24,1,3,0
1581,1126122,6554,13107,1.00006103515625,1.999969482421875,1.00006103515625,1.999969482421875,,,1126129,24,1,3,0
1582,1126247,6554,13107,1.00006103515625,1.999969482421875,1.00006103515625,1.999969482421875,,,1126254,24,1,3,0
1583,1126372,6554,13107,1.00006103515625,1.999969482421875,1.00006103515625,1.999969482421875,,,1126380,23,1,3,0
1584,1126498,6554,13107,1.00006103515625,1.999969482421875,1.00006103515625,1.999969482421875,,,1126505,24,1,3,0
1585,1126623,6554,13107,1.00006103515625,1.999969482421875,1.00006103515625,1.999969482421875,,,1126630,28,1,3,0
1586,1126748,6554,13107,1.00006103515625,1.999969482421875,1.00006103515625,1.999969482421875,,,1126755,24,1,3,0
1587,1126873,6554,13107,1.00006103515625,1.999969482421875,1.00006103515625,1.999969482421875,,,1126881,23,1,3,0
1588,1126999,6554,13107,1.00006103515625,1.999969482421875,1.00006103515625,1.999969482421875,,,1127006,24,1,3,0
1589,1127124,6554,13107,1.00006103515625,1.999969482421875,1.00006103515625,1.999969482421875,,,1127131,24,1,3,0
1590,1127249,6554,13107,1.00006103515625,1.999969482421875,1.00006103515625,1.999969482421875,,,1127256,24,1,3,0
1591,1127374,6554,13107,1.00006103515625,1.999969482421875,1.00006103515625,1.999969482421875,,,1127382,23,1,3,0
1592,1127500,6554,13107,1.00006103515625,1.999969482421875,1.00006103515625,1.999969482421875,,,1127507,24,1,3,0
1593,1127625,6554,13107,1.00006103515625,1.999969482421875,1.00006103515625,1.999969482421875,,,1127632,28,1,3,0
1594,1127750,6554,13107,1.00006103515625,1.999969482421875,1.00006103515625,1.999969482421875,,,1127757,24,1,3,0
1595,1127875,6554,13107,1.00006103515625,1.999969482421875,1.00006103515625,1.999969482421875,,,1127883,23,1,3,0
1596,1128001,6554,13107,1.00006103515625,1.999969482421875,1.00006103515625,1.999969482421875,,,1128008,24,1,3,0
1597,1128126,6554,13107,1.00006103515625,1.999969482421875,1.00006103515625,1.999969482421875,,,1128133,24,1,3,0
1598,1128251,6554,13107,1.00006103515625,1.999969482421875,1.00006103515625,1.999969482421875,,,1128258,24,1,3,0
1599,1128376,6554,13107,1.00006103515625,1.999969482421875,1.00006103515625,1.999969482421875,,,1128384,23,1,3,0
1600,1128502,6554,13107,1.00006103515625,1.999969482421875,1.00006103515625,1.999969482421875,,,1128509,24,1,3,0
1601,1128627,6554,13107,1.00006103515625,1.999969482421875,1.00006103515625,1.999969482421875,,,1128634,28,1,3,0
1602,1128752,6554,13107,1.00006103515625,1.999969482421875,1.00006103515625,1.999969482421875,,,1128759,24,1,3,0
1603,1128877,6554,13107,1.00006103515625,1.999969482421875,1.00006103515625,1.999969482421875,,,1128885,23,1,3,0
1604,1129003,6554,13107,1.00006103515625,1.999969482421875,1.00006103515625,1.999969482421875,,,1129010,24,1,3,0
1605,1129128,6554,13107,1.00006103515625,1.999969482421875,1.00006103515625,1.999969482421875,,,1129135,24,1,3,0
1606,1129253,6554,13107,1.00006103515625,1.999969482421875,1.00006103515625,1.999969482421875,,,1129260,24,1,3,0
1607,1129378,6554,13107,1.00006103515625,1.999969482421875,1.00006103515625,1.999969482421875,,,1129386,23,1,3,0
1608,1129504,6554,13107,1.00006103515625,1.999969482421875,1.00006103515625,1.999969482421875,,,1129511,24,1,3,0
1609,1129629,6554,13107,1.00006103515625,1.999969482421875,1.00006103515625,1.999969482421875,,,1129640,24,1,3,0
1610,1129754,6554,13107,1.00006103515625,1.999969482421875,1.00006103515625,1.999969482421875,,,1129761,24,1,3,0
1611,1129879,6554,13107,1.00006103515625,1.999969482421875,1.00006103515625,1.999969482421875,,,1129887,23,1,3,0
1612,1130005,6554,13107,1.00006103515625,1.999969482421875,1.00006103515625,1.999969482421875,,,1130012,24,1,3,0
1613,1130130,6554,13107,1.00006103515625,1.999969482421875,1.00006103515625,1.999969482421875,,,1130138,23,1,3,0
1614,1130255,6554,13107,1.00006103515625,1.999969482421875,1.00006103515625,1.999969482421875,,,1130262,24,1,3,0
1615,1130380,6554,13107,1.00006103515625,1.999969482421875,1.00006103515625,1.999969482421875,,,1130388,23,1,3,0
1616,1130506,6554,13107,1.00006103515625,1.999969482421875,1.00006103515625,1.999969482421875,,,1130513,24,1,3,0
1617,1130631,6554,13107,1.00006103515625,1.999969482421875,1.00006103515625,1.999969482421875,,,1130642,24,1,3,0
1618,1130756,6554,13107,1.00006103515625,1.999969482421875,1.00006103515625,1.999969482421875,,,1130763,24,1,3,0
1619,1130881,6554,13107,1.00006103515625,1.999969482421875,1.00006103515625,1.999969482421875,,,1130889,23,1,3,0
1620,1131007,6554,13107,1.00006103515625,1.999969482421875,1.00006103515625,1.999969482421875,,,1131014,24,1,3,0
1621,1131132,6554,13107,1.00006103515625,1.999969482421875,1.00006103515625,1.999969482421875,,,1131139,24,1,3,0
1622,1131257,6554,13107,1.00006103515625,1.999969482421875,1.00006103515625,1.999969482421875,,,1131264,24,1,3,0
1623,1131382,6554,13107,1.00006103515625,1.999969482421875,1.00006103515625,1.999969482421875,,,1131390,23,1,3,0
1624,1131508,6554,13107,1.00006103515625,1.999969482421875,1.00006103515625,1.999969482421875,,,1131515,24,1,3,0
1625,1131633,6554,13107,1.00006103515625,1.999969482421875,1.00006103515625,1.999969482421875,,,1131642,23,1,3,0
1626,1131758,6554,13107,1.00006103515625,1.999969482421875,1.00006103515625,1.999969482421875,,,1131765,24,1,3,0
1627,1131883,6554,13107,1.00006103515625,1.999969482421875,1.00006103515625,1.999969482421875,,,1131890,24,1,3,0
1628,1132009,6554,13107,1.00006103515625,1.999969482421875,1.00006103515625,1.999969482421875,,,1132016,23,1,3,0
1629,1132134,6554,13107,1.00006103515625,1.999969482421875,1.00006103515625,1.999969482421875,,,1132141,24,1,3,0
1630,1132259,6554,13107,1.00006103515625,1.999969482421875,1.00006103515625,1.999969482421875,,,1132266,24,1,3,0
1631,1132384,6554,13107,1.00006103515625,1.999969482421875,1.00006103515625,1.999969482421875,,,1132391,24,1,3,0
1632,1132510,6554,13107,1.00006103515625,1.999969482421875,1.00006103515625,1.999969482421875,,,1132517,23,1,3,0
1633,1132635,6554,13107,1.00006103515625,1.999969482421875,1.00006103515625,1.999969482421875,,,1132643,24,1,3,0
1634,1132760,6554,13107,1.00006103515625,1.999969482421875,1.00006103515625,1.999969482421875,,,1132767,24,1,3,0
1635,1132885,6554,13107,1.00006103515625,1.999969482421875,1.00006103515625,1.999969482421875,,,1132893,24,1,3,0
1636,1133011,6554,13107,1.00006103515625,1.999969482421875,1.00006103515625,1.999969482421875,,,1133018,23,1,3,0
1637,1133136,6554,13107,1.00006103515625,1.999969482421875,1.00006103515625,1.999969482421875,,,1133143,24,1,3,0
1638,1133261,6554,13107,1.00006103515625,1.999969482421875,1.00006103515625,1.999969482421875,,,1133268,24,1,3,0
1639,1133386,6554,13107,1.00006103515625,1.999969482421875,1.00006103515625,1.999969482421875,,,1133393,24,1,3,0
1640,1133512,6554,13107,1.00006103515625,1.999969482421875,1.00006103515625,1.999969482421875,,,1133519,23,1,3,0
1641,1133637,6554,13107,1.00006103515625,1.999969482421875,1.00006103515625,1.999969482421875,,,1133646,23,1,3,0
1642,1133762,6554,13107,1.00006103515625,1.999969482421875,1.00006103515625,1.999969482421875,,,1133769,24,1,3,0
1643,1133887,6554,13107,1.00006103515625,1.999969482421875,1.00006103515625,1.999969482421875,,,1133894,24,1,3,0
1644,1134013,6554,13107,1.00006103515625,1.999969482421875,1.00006103515625,1.999969482421875,,,1134020,23,1,3,0
1645,1134138,6554,13107,1.00006103515625,1.999969482421875,1.00006103515625,1.999969482421875,,,1134145,24,1,3,0
1646,1134263,6554,13107,1.00006103515625,1.999969482421875,1.00006103515625,1.999969482421875,,,1134270,24,1,3,0
1647,1134388,6554,13107,1.00006103515625,1.999969482421875,1.00006103515625,1.999969482421875,,,1134395,24,1,3,0
1648,1134514,6554,13107,1.00006103515625,1.999969482421875,1.00006103515625,1.999969482421875,,,1134521,24,1,3,0
1649,1134639,6554,13107,1.00006103515625,1.999969482421875,1.00006103515625,1.999969482421875,,,1134646,23,1,3,0
1650,1134764,6554,13107,1.00006103515625,1.999969482421875,1.00006103515625,1.999969482421875,,,1134771,24,1,3,0
1651,1134889,6554,13107,1.00006103515625,1.999969482421875,1.00006103515625,1.999969482421875,,,1134896,24,1,3,0
1652,1135014,6554,13107,1.00006103515625,1.999969482421875,1.00006103515625,1.999969482421875,,,1135021,24,1,3,0
1653,1135140,6554,13107,1.00006103515625,1.999969482421875,1.00006103515625,1.999969482421875,,,1135147,23,1,3,0
1654,1135265,6554,13107,1.00006103515625,1.999969482421875,1.00006103515625,1.999969482421875,,,1135272,24,1,3,0
1655,1135390,6554,13107,1.00006103515625,1.999969482421875,1.00006103515625,1.999969482421875,,,1135397,24,1,3,0
1656,1135515,6554,13107,1.00006103515625,1.999969482421875,1.00006103515625,1.999969482421875,,,1135522,24,1,3,0
1657,1135643,6554,13107,1.00006103515625,1.999969482421875,1.00006103515625,1.999969482421875,,,1135650,23,1,3,0
1658,1135766,6554,13107,1.00006103515625,1.999969482421875,1.00006103515625,1.999969482421875,,,1135773,24,1,3,0
1659,1135891,6554,13107,1.00006103515625,1.999969482421875,1.00006103515625,1.999969482421875,,,1135898,24,1,3,0
1660,1136016,6554,13107,1.00006103515625,1.999969482421875,1.00006103515625,1.999969482421875,,,1136023,24,1,3,0
1661,1136142,6554,13107,1.00006103515625,1.999969482421875,1.00006103515625,1.999969482421875,,,1136149,23,1,3,0
1662,1136267,6554,13107,1.00006103515625,1.999969482421875,1.00006103515625,1.999969482421875,,,1136274,24,1,3,0
1663,1136392,6554,13107,1.00006103515625,1.999969482421875,1.00006103515625,1.999969482421875,,,1136399,24,1,3,0
1664,1136517,6554,13107,1.00006103515625,1.999969482421875,1.00006103515625,1.999969482421875,,,1136525,24,1,3,0
1665,1136643,6554,13107,1.00006103515625,1.999969482421875,1.00006103515625,1.999969482421875,,,1136650,23,1,3,0
1666,1136768,6554,13107,1.00006103515625,1.999969482421875,1.00006103515625,1.999969482421875,,,1136775,24,1,3,0
1667,1136893,6554,13107,1.00006103515625,1.999969482421875,1.00006103515625,1.999969482421875,,,1136900,24,1,3,0
1668,1137018,6554,13107,1.00006103515625,1.999969482421875,1.00006103515625,1.999969482421875,,,1137025,24,1,3,0
1669,1137144,6554,13107,1.00006103515625,1.999969482421875,1.00006103515625,1.999969482421875,,,1137151,23,1,3,0
1670,1137269,6554,13107,1.00006103515625,1.999969482421875,1.00006103515625,1.999969482421875,,,1137276,24,1,3,0
1671,1137394,6554,13107,1.00006103515625,1.999969482421875,1.00006103515625,1.999969482421875,,,1137401,24,1,3,0
1672,1137519,6554,13107,1.00006103515625,1.999969482421875,1.00006103515625,1.999969482421875,,,1137526,24,1,3,0
1673,1137645,6554,13107,1.00006103515625,1.999969482421875,1.00006103515625,1.999969482421875,,,1137652,23,1,3,0
1674,1137770,6554,13107,1.00006103515625,1.999969482421875,1.00006103515625,1.999969482421875,,,1137777,24,1,3,0
1675,1137895,6554,13107,1.00006103515625,1.999969482421875,1.00006103515625,1.999969482421875,,,1137902,24,1,3,0
1676,1138020,6554,13107,1.00006103515625,1.999969482421875,1.00006103515625,1.999969482421875,,,1138027,24,1,3,0
1677,1138146,6554,13107,1.00006103515625,1.999969482421875,1.00006103515625,1.999969482421875,,,1138153,23,1,3,0
1678,1138271,6554,13107,1.00006103515625,1.999969482421875,1.00006103515625,1.999969482421875,,,1138278,24,1,3,0
1679,1138396,6554,13107,1.00006103515625,1.999969482421875,1.00006103515625,1.999969482421875,,,1138403,24,1,3,0
1680,1138522,6554,13107,1.00006103515625,1.999969482421875,1.00006103515625,1.999969482421875,,,1138529,24,1,3,0
1681,1138647,6554,13107,1.00006103515625,1.999969482421875,1.00006103515625,1.999969482421875,,,1138654,24,1,3,0
1682,1138772,6554,13107,1.00006103515625,1.999969482421875,1.00006103515625,1.999969482421875,,,1138780,23,1,3,0
1683,1138898,6554,13107,1.00006103515625,1.999969482421875,1.00006103515625,1.999969482421875,,,1138905,23,1,3,0
1684,1139023,6554,13107,1.00006103515625,1.999969482421875,1.00006103515625,1.999969482421875,,,1139030,24,1,3,0
1685,1139148,6554,13107,1.00006103515625,1.999969482421875,1.00006103515625,1.999969482421875,,,1139155,24,1,3,0
1686,1139273,6554,13107,1.00006103515625,1.999969482421875,1.00006103515625,1.999969482421875,,,1139281,23,1,3,0
1687,1139399,6554,13107,1.00006103515625,1.999969482421875,1.00006103515625,1.999969482421875,,,1139406,23,1,3,0
1688,1139524,6554,13107,1.00006103515625,1.999969482421875,1.00006103515625,1.999969482421875,,,1139532,23,1,3,0
1689,1139650,6554,13107,1.00006103515625,1.999969482421875,1.00006103515625,1.999969482421875,,,1139657,24,1,3,0
1690,1139775,6554,13107,1.00006103515625,1.999969482421875,1.00006103515625,1.999969482421875,,,1139782,24,1,3,0
1691,1139900,6554,13107,1.00006103515625,1.999969482421875,1.00006103515625,1.999969482421875,,,1139907,24,1,3,0
1692,1140025,6554,13107,1.00006103515625,1.999969482421875,1.00006103515625,1.999969482421875,,,1140033,23,1,3,0
1693,1140151,6554,13107,1.00006103515625,1.999969482421875,1.00006103515625,1.999969482421875,,,1140158,24,1,3,0
1694,1140276,6554,13107,1.00006103515625,1.999969482421875,1.00006103515625,1.999969482421875,,,1140283,24,1,3,0
1695,1140401,6554,13107,1.00006103515625,1.999969482421875,1.00006103515625,1.999969482421875,,,1140408,24,1,3,0
1696,1140526,6554,13107,1.00006103515625,1.999969482421875,1.00006103515625,1.999969482421875,,,1140534,23,1,3,0
1697,1140652,6554,13107,1.00006103515625,1.999969482421875,1.00006103515625,1.999969482421875,,,1140659,24,1,3,0
1698,1140777,6554,13107,1.00006103515625,1.999969482421875,1.00006103515625,1.999969482421875,,,1140785,23,1,3,0
1699,1140902,6554,13107,1.00006103515625,1.999969482421875,1.00006103515625,1.999969482421875,,,1140911,24,1,3,0
1700,1141027,6554,13107,1.00006103515625,1.999969482421875,1.00006103515625,1.999969482421875,,,1141035,23,1,3,0
1701,1141153,6554,13107,1.00006103515625,1.999969482421875,1.00006103515625,1.999969482421875,,,1141160,24,1,3,0
1702,1141278,6554,13107,1.00006103515625,1.999969482421875,1.00006103515625,1.999969482421875,,,1141285,24,1,3,0
1703,1141403,6554,13107,1.00006103515625,1.999969482421875,1.00006103515625,1.999969482421875,,,1141410,24,1,3,0
1704,1141529,6554,13107,1.00006103515625,1.999969482421875,1.00006103515625,1.999969482421875,,,1141536,23,1,3,0
1705,1141654,6554,13107,1.00006103515625,1.999969482421875,1.00006103515625,1.999969482421875,,,1141661,24,1,3,0
1706,1141779,6554,13107,1.00006103515625,1.999969482421875,1.00006103515625,1.999969482421875,,,1141786,24,1,3,0
1707,1141904,6554,13107,1.00006103515625,1.999969482421875,1.00006103515625,1.999969482421875,,,1141911,24,1,3,0
1708,1142030,6554,13107,1.00006103515625,1.999969482421875,1.00006103515625,1.999969482421875,,,1142037,23,1,3,0
1709,1142155,6554,13107,1.00006103515625,1.999969482421875,1.00006103515625,1.999969482421875,,,1142162,24,1,3,0
1710,1142280,6554,13107,1.00006103515625,1.999969482421875,1.00006103515625,1.999969482421875,,,1142287,24,1,3,0
1711,1142405,6554,13107,1.00006103515625,1.999969482421875,1.00006103515625,1.999969482421875,,,1142412,24,1,3,0
1712,1142531,6554,13107,1.00006103515625,1.999969482421875,1.00006103515625,1.999969482421875,,,1142538,23,1,3,0
1713,1142656,6554,13107,1.00006103515625,1.999969482421875,1.00006103515625,1.999969482421875,,,1142663,24,1,3,0
1714,1142781,6554,13107,1.00006103515625,1.999969482421875,1.00006103515625,1.999969482421875,,,1142788,24,1,3,0
1715,1142906,6554,13107,1.00006103515625,1.999969482421875,1.00006103515625,1.999969482421875,,,1142913,24,1,3,0
1716,1143032,6554,13107,1.00006103515625,1.999969482421875,1.00006103515625,1.999969482421875,,,1143039,23,1,3,0
1717,1143157,6554,13107,1.00006103515625,1.999969482421875,1.00006103515625,1.999969482421875,,,1143164,24,1,3,0
1718,1143282,6554,13107,1.00006103515625,1.999969482421875,1.00006103515625,1.999969482421875,,,1143289,24,1,3,0
1719,1143407,6554,13107,1.00006103515625,1.999969482421875,1.00006103515625,1.999969482421875,,,1143414,24,1,3,0
1720,1143533,6554,13107,1.00006103515625,1.999969482421875,1.00006103515625,1.999969482421875,,,1143540,23,1,3,0
1721,1143658,6554,13107,1.00006103515625,1.999969482421875,1.00006103515625,1.999969482421875,,,1143665,24,1,3,0
1722,1143783,6554,13107,1.00006103515625,1.999969482421875,1.00006103515625,1.999969482421875,,,1143790,24,1,3,0
1723,1143908,6554,13107,1.00006103515625,1.999969482421875,1.00006103515625,1.999969482421875,,,1143915,24,1,3,0
1724,1144034,6554,13107,1.00006103515625,1.999969482421875,1.00006103515625,1.999969482421875,,,1144041,23,1,3,0
1725,1144159,6554,13107,1.00006103515625,1.999969482421875,1.00006103515625,1.999969482421875,,,1144166,24,1,3,0
1726,1144284,6554,13107,1.00006103515625,1.999969482421875,1.00006103515625,1.999969482421875,,,1144291,24,1,3,0
1727,1144409,6554,13107,1.00006103515625,1.999969482421875,1.00006103515625,1.999969482421875,,,1144416,24,1,3,0
1728,1144535,6554,13107,1.00006103515625,1.999969482421875,1.00006103515625,1.999969482421875,,,1144542,23,1,3,0
1729,1144660,6554,13107,1.00006103515625,1.999969482421875,1.00006103515625,1.999969482421875,,,1144667,24,1,3,0
1730,1144785,6554,13107,1.00006103515625,1.999969482421875,1.00006103515625,1.999969482421875,,,1144792,24,1,3,0
1731,1144910,6554,13107,1.00006103515625,1.999969482421875,1.00006103515625,1.999969482421875,,,1144917,24,1,3,0
1732,1145036,6554,13107,1.00006103515625,1.999969482421875,1.00006103515625,1.999969482421875,,,1145043,23,1,3,0
1733,1145161,6554,13107,1.00006103515625,1.999969482421875,1.00006103515625,1.999969482421875,,,1145168,24,1,3,0
1734,1145286,6554,13107,1.00006103515625,1.999969482421875,1.00006103515625,1.999969482421875,,,1145293,24,1,3,0
1735,1145411,6554,13107,1.00006103515625,1.999969482421875,1.00006103515625,1.999969482421875,,,1145418,24,1,3,0
1736,1145537,6554,13107,1.00006103515625,1.999969482421875,1.00006103515625,1.999969482421875,,,1145544,23,1,3,0
1737,1145662,6554,13107,1.00006103515625,1.999969482421875,1.00006103515625,1.999969482421875,,,1145669,24,1,3,0
1738,1145787,6554,13107,1.00006103515625,1.999969482421875,1.00006103515625,1.999969482421875,,,1145794,24,1,3,0
1739,1145912,6554,13107,1.00006103515625,1.999969482421875,1.00006103515625,1.999969482421875,,,1145921,24,1,3,0
1740,1146038,6554,13107,1.00006103515625,1.999969482421875,1.00006103515625,1.999969482421875,,,1146045,23,1,3,0
1741,1146163,6554,13107,1.00006103515625,1.999969482421875,1.00006103515625,1.999969482421875,,,1146170,24,1,3,0
1742,1146288,6554,13107,1.00006103515625,1.999969482421875,1.00006103515625,1.999969482421875,,,1146295,24,1,3,0
1743,1146413,6554,13107,1.00006103515625,1.999969482421875,1.00006103515625,1.999969482421875,,,1146420,24,1,3,0
1744,1146539,6554,13107,1.00006103515625,1.999969482421875,1.00006103515625,1.999969482421875,,,1146546,23,1,3,0
1745,1146664,6554,13107,1.00006103515625,1.999969482421875,1.00006103515625,1.999969482421875,,,1146671,24,1,3,0
1746,1146789,6554,13107,1.00006103515625,1.999969482421875,1.00006103515625,1.999969482421875,,,1146796,24,1,3,0
1747,1146914,6554,13107,1.00006103515625,1.999969482421875,1.00006103515625,1.999969482421875,,,1146921,24,1,3,0
1748,1147040,6554,13107,1.00006103515625,1.999969482421875,1.00006103515625,1.999969482421875,,,1147047,23,1,3,0
1749,1147165,6554,13107,1.00006103515625,1.999969482421875,1.00006103515625,1.999969482421875,,,1147172,24,1,3,0
1750,1147290,6554,13107,1.00006103515625,1.999969482421875,1.00006103515625,1.999969482421875,,,1147297,24,1,3,0
1751,1147415,6554,13107,1.00006103515625,1.999969482421875,1.00006103515625,1.999969482421875,,,1147422,24,1,3,0
1752,1147541,6554,13107,1.00006103515625,1.999969482421875,1.00006103515625,1.999969482421875,,,1147548,24,1,3,0
1753,1147666,6554,13107,1.00006103515625,1.999969482421875,1.00006103515625,1.999969482421875,,,1147673,24,1,3,0
1754,1147791,6554,13107,1.00006103515625,1.999969482421875,1.00006103515625,1.999969482421875,,,1147798,24,1,3,0
1755,1147916,6554,13107,1.00006103515625,1.999969482421875,1.00006103515625,1.999969482421875,,,1147923,24,1,3,0
1756,1148042,6554,13107,1.00006103515625,1.999969482421875,1.00006103515625,1.999969482421875,,,1148049,23,1,3,0
1757,1148167,6554,13107,1.00006103515625,1.999969482421875,1.00006103515625,1.999969482421875,,,1148174,24,1,3,0
1758,1148292,6554,13107,1.00006103515625,1.999969482421875,1.00006103515625,1.999969482421875,,,1148299,24,1,3,0
1759,1148417,6554,13107,1.00006103515625,1.999969482421875,1.00006103515625,1.999969482421875,,,1148424,24,1,3,0
1760,1148543,6554,13107,1.00006103515625,1.999969482421875,1.00006103515625,1.999969482421875,,,1148550,24,1,3,0
1761,1148668,6554,13107,1.00006103515625,1.999969482421875,1.00006103515625,1.999969482421875,,,1148675,24,1,3,0
1762,1148793,6554,13107,1.00006103515625,1.999969482421875,1.00006103515625,1.999969482421875,,,1148800,24,1,3,0
1763,1148918,6554,13107,1.00006103515625,1.999969482421875,1.00006103515625,1.999969482421875,,,1148925,24,1,3,0
1764,1149044,6554,13107,1.00006103515625,1.999969482421875,1.00006103515625,1.999969482421875,,,1149051,23,1,3,0
1765,1149169,6554,13107,1.00006103515625,1.999969482421875,1.00006103515625,1.999969482421875,,,1149176,24,1,3,0
1766,1149294,6554,13107,1.00006103515625,1.999969482421875,1.00006103515625,1.999969482421875,,,1149301,24,1,3,0
1767,1149419,6554,13107,1.00006103515625,1.999969482421875,1.00006103515625,1.999969482421875,,,1149427,23,1,3,0
1768,1149545,6554,13107,1.00006103515625,1.999969482421875,1.00006103515625,1.999969482421875,,,1149553,24,1,3,0
1769,1149670,6554,13107,1.00006103515625,1.999969482421875,1.00006103515625,1.999969482421875,,,1149677,24,1,3,0
1770,1149795,6554,13107,1.00006103515625,1.999969482421875,1.00006103515625,1.999969482421875,,,1149802,24,1,3,0
1771,1149920,6554,13107,1.00006103515625,1.999969482421875,1.00006103515625,1.999969482421875,,,1149927,24,1,3,0
1772,1150046,6554,13107,1.00006103515625,1.999969482421875,1.00006103515625,1.999969482421875,,,1150053,23,1,3,0
1773,1150171,6554,13107,1.00006103515625,1.999969482421875,1.00006103515625,1.999969482421875,,,1150178,24,1,3,0
1774,1150296,6554,13107,1.00006103515625,1.999969482421875,1.00006103515625,1.999969482421875,,,1150303,24,1,3,0
1775,1150421,6554,13107,1.00006103515625,1.999969482421875,1.00006103515625,1.999969482421875,,,1150428,24,1,3,0
1776,1150547,6554,13107,1.00006103515625,1.999969482421875,1.00006103515625,1.999969482421875,,,1150554,23,1,3,0
1777,1150672,6554,13107,1.00006103515625,1.999969482421875,1.00006103515625,1.999969482421875,,,1150680,24,1,3,0
1778,1150797,6554,13107,1.00006103515625,1.999969482421875,1.00006103515625,1.999969482421875,,,1150804,24,1,3,0
1779,1150922,6554,13107,1.00006103515625,1.999969482421875,1.00006103515625,1.999969482421875,,,1150929,24,1,3,0
1780,1151048,6554,13107,1.00006103515625,1.999969482421875,1.00006103515625,1.999969482421875,,,1151055,23,1,3,0
1781,1151173,6554,13107,1.00006103515625,1.999969482421875,1.00006103515625,1.999969482421875,,,1151180,24,1,3,0
1782,1151298,6554,13107,1.00006103515625,1.999969482421875,1.00006103515625,1.999969482421875,,,1151305,24,1,3,0
1783,1151423,6554,13107,1.00006103515625,1.999969482421875,1.00006103515625,1.999969482421875,,,1151430,24,1,3,0
1784,1151549,6554,13107,1.00006103515625,1.999969482421875,1.00006103515625,1.999969482421875,,,1151556,24,1,3,0
1785,1151674,6554,13107,1.00006103515625,1.999969482421875,1.00006103515625,1.999969482421875,,,1151681,24,1,3,0
1786,1151799,6554,13107,1.00006103515625,1.999969482421875,1.00006103515625,1.999969482421875,,,1151806,24,1,3,0
1787,1151924,6554,13107,1.00006103515625,1.999969482421875,1.00006103515625,1.999969482421875,,,1151931,24,1,3,0
1788,1152050,6554,13107,1.00006103515625,1.999969482421875,1.00006103515625,1.999969482421875,,,1152057,23,1,3,0
1789,1152175,6554,13107,1.00006103515625,1.999969482421875,1.00006103515625,1.999969482421875,,,1152182,24,1,3,0
1790,1152300,6554,13107,1.00006103515625,1.999969482421875,1.00006103515625,1.999969482421875,,,1152307,24,1,3,0
1791,1152425,6554,13107,1.00006103515625,1.999969482421875,1.00006103515625,1.999969482421875,,,1152432,24,1,3,0
1792,1152551,6554,13107,1.00006103515625,1.999969482421875,1.00006103515625,1.999969482421875,,,1152558,23,1,3,0
1793,1152676,6554,13107,1.00006103515625,1.999969482421875,1.00006103515625,1.999969482421875,,,1152683,24,1,3,0
1794,1152801,6554,13107,1.00006103515625,1.999969482421875,1.00006103515625,1.999969482421875,,,1152808,24,1,3,0
1795,1152926,6554,13107,1.00006103515625,1.999969482421875,1.00006103515625,1.999969482421875,,,1152933,24,1,3,0
1796,1153052,6554,13107,1.00006103515625,1.999969482421875,1.00006103515625,1.999969482421875,,,1153059,23,1,3,0
1797,1153177,6554,13107,1.00006103515625,1.999969482421875,1.00006103515625,1.999969482421875,,,1153184,24,1,3,0
1798,1153302,6554,13107,1.00006103515625,1.999969482421875,1.00006103515625,1.999969482421875,,,1153309,24,1,3,0
1799,1153427,6554,13107,1.00006103515625,1.999969482421875,1.00006103515625,1.999969482421875,,,1153434,24,1,3,0
1800,1153553,6554,13107,1.00006103515625,1.999969482421875,1.00006103515625,1.999969482421875,,,1153560,23,1,3,0
1801,1153678,6554,13107,1.00006103515625,1.999969482421875,1.00006103515625,1.999969482421875,,,1153685,24,1,3,0
1802,1153803,6554,13107,1.00006103515625,1.999969482421875,1.00006103515625,1.999969482421875,,,1153810,24,1,3,0
1803,1153928,6554,13107,1.00006103515625,1.999969482421875,1.00006103515625,1.999969482421875,,,1153935,24,1,3,0
1804,1154054,6554,13107,1.00006103515625,1.999969482421875,1.00006103515625,1.999969482421875,,,1154061,23,1,3,0
1805,1154179,6554,13107,1.00006103515625,1.999969482421875,1.00006103515625,1.999969482421875,,,1154186,24,1,3,0
1806,1154304,6554,13107,1.00006103515625,1.999969482421875,1.00006103515625,1.999969482421875,,,1154311,24,1,3,0
1807,1154429,6554,13107,1.00006103515625,1.999969482421875,1.00006103515625,1.999969482421875,,,1154436,24,1,3,0
1808,1154555,6554,13107,1.00006103515625,1.999969482421875,1.00006103515625,1.999969482421875,,,1154562,23,1,3,0
1809,1154680,6554,13107,1.00006103515625,1.999969482421875,1.00006103515625,1.999969482421875,,,1154687,24,1,3,0
1810,1154805,6554,13107,1.00006103515625,1.999969482421875,1.00006103515625,1.999969482421875,,,1154812,24,1,3,0
1811,1154930,6554,13107,1.00006103515625,1.999969482421875,1.00006103515625,1.999969482421875,,,1154937,24,1,3,0
1812,1155056,6554,13107,1.00006103515625,1.999969482421875,1.00006103515625,1.999969482421875,,,1155063,23,1,3,0
1813,1155181,6554,13107,1.00006103515625,1.999969482421875,1.00006103515625,1.999969482421875,,,1155188,24,1,3,0
1814,1155306,6554,13107,1.00006103515625,1.999969482421875,1.00006103515625,1.999969482421875,,,1155313,24,1,3,0
1815,1155431,6554,13107,1.00006103515625,1.999969482421875,1.00006103515625,1.999969482421875,,,1155438,24,1,3,0
1816,1155557,6554,13107,1.00006103515625,1.999969482421875,1.00006103515625,1.999969482421875,,,1155564,23,1,3,0
1817,1155682,6554,13107,1.00006103515625,1.999969482421875,1.00006103515625,1.999969482421875,,,1155689,24,1,3,0
1818,1155807,6554,13107,1.00006103515625,1.999969482421875,1.00006103515625,1.999969482421875,,,1155814,24,1,3,0
1819,1155932,6554,13107,1.00006103515625,1.999969482421875,1.00006103515625,1.999969482421875,,,1155939,24,1,3,0
1820,1156058,6554,13107,1.00006103515625,1.999969482421875,1.00006103515625,1.999969482421875,,,1156065,23,1,3,0
1821,1156183,6554,13107,1.00006103515625,1.999969482421875,1.00006103515625,1.999969482421875,,,1156190,24,1,3,0
1822,1156308,6554,13107,1.00006103515625,1.999969482421875,1.00006103515625,1.999969482421875,,,1156315,24,1,3,0
1823,1156433,6554,13107,1.00006103515625,1.999969482421875,1.00006103515625,1.999969482421875,,,1156440,24,1,3,0
1824,1156559,6554,13107,1.00006103515625,1.999969482421875,1.00006103515625,1.999969482421875,,,1156566,24,1,3,0
1825,1156684,6554,13107,1.00006103515625,1.999969482421875,1.00006103515625,1.999969482421875,,,1156691,24,1,3,0
1826,1156809,6554,13107,1.00006103515625,1.999969482421875,1.00006103515625,1.999969482421875,,,1156816,24,1,3,0
1827,1156934,6554,13107,1.00006103515625,1.999969482421875,1.00006103515625,1.999969482421875,,,1156941,24,1,3,0
1828,1157060,6554,13107,1.00006103515625,1.999969482421875,1.00006103515625,1.999969482421875,,,1157067,23,1,3,0
1829,1157185,6554,13107,1.00006103515625,1.999969482421875,1.00006103515625,1.999969482421875,,,1157192,24,1,3,0
1830,1157310,6554,13107,1.00006103515625,1.999969482421875,1.00006103515625,1.999969482421875,,,1157317,24,1,3,0
1831,1157435,6554,13107,1.00006103515625,1.999969482421875,1.00006103515625,1.999969482421875,,,1157443,24,1,3,0
1832,1157561,6554,13107,1.00006103515625,1.999969482421875,1.00006103515625,1.999969482421875,,,1157568,23,1,3,0
1833,1157686,6554,13107,1.00006103515625,1.999969482421875,1.00006103515625,1.999969482421875,,,1157693,24,1,3,0
1834,1157811,6554,13107,1.00006103515625,1.999969482421875,1.00006103515625,1.999969482421875,,,1157818,24,1,3,0
1835,1157936,6554,13107,1.00006103515625,1.999969482421875,1.00006103515625,1.999969482421875,,,1157943,24,1,3,0
1836,1158062,6554,13107,1.00006103515625,1.999969482421875,1.00006103515625,1.999969482421875,,,1158069,23,1,3,0
1837,1158187,6554,13107,1.00006103515625,1.999969482421875,1.00006103515625,1.999969482421875,,,1158194,24,1,3,0
1838,1158312,6554,13107,1.00006103515625,1.999969482421875,1.00006103515625,1.999969482421875,,,1158319,24,1,3,0
1839,1158437,6554,13107,1.00006103515625,1.999969482421875,1.00006103515625,1.999969482421875,,,1158445,24,1,3,0
1840,1158563,6554,13107,1.00006103515625,1.999969482421875,1.00006103515625,1.999969482421875,,,1158570,23,1,3,0
1841,1158688,6554,13107,1.00006103515625,1.999969482421875,1.00006103515625,1.999969482421875,,,1158695,24,1,3,0
1842,1158813,6554,13107,1.00006103515625,1.999969482421875,1.00006103515625,1.999969482421875,,,1158820,24,1,3,0
1843,1158938,6554,13107,1.00006103515625,1.999969482421875,1.00006103515625,1.999969482421875,,,1158945,24,1,3,0
1844,1159064,6554,13107,1.00006103515625,1.999969482421875,1.00006103515625,1.999969482421875,,,1159071,23,1,3,0
1845,1159189,6554,13107,1.00006103515625,1.999969482421875,1.00006103515625,1.999969482421875,,,1159196,24,1,3,0
1846,1159314,6554,13107,1.00006103515625,1.999969482421875,1.00006103515625,1.999969482421875,,,1159321,24,1,3,0
1847,1159439,6554,13107,1.00006103515625,1.999969482421875,1.00006103515625,1.999969482421875,,,1159447,24,1,3,0
1848,1159565,6554,13107,1.00006103515625,1.999969482421875,1.00006103515625,1.999969482421875,,,1159572,23,1,3,0
1849,1159690,6554,13107,1.00006103515625,1.999969482421875,1.00006103515625,1.999969482421875,,,1159697,24,1,3,0
1850,1159815,6554,13107,1.00006103515625,1.999969482421875,1.00006103515625,1.999969482421875,,,1159822,24,1,3,0
1851,1159940,6554,13107,1.00006103515625,1.999969482421875,1.00006103515625,1.999969482421875,,,1159947,24,1,3,0
1852,1160066,6554,13107,1.00006103515625,1.999969482421875,1.00006103515625,1.999969482421875,,,1160073,23,1,3,0
1853,1160191,6554,13107,1.00006103515625,1.999969482421875,1.00006103515625,1.999969482421875,,,1160198,24,1,3,0
1854,1160316,6554,13107,1.00006103515625,1.999969482421875,1.00006103515625,1.999969482421875,,,1160323,24,1,3,0
1855,1160441,6554,13107,1.00006103515625,1.999969482421875,1.00006103515625,1.999969482421875,,,1160448,24,1,3,0
1856,1160567,6554,13107,1.00006103515625,1.999969482421875,1.00006103515625,1.999969482421875,,,1160574,23,1,3,0
1857,1160692,6554,13107,1.00006103515625,1.999969482421875,1.00006103515625,1.999969482421875,,,1160699,24,1,3,0
1858,1160817,6554,13107,1.00006103515625,1.999969482421875,1.00006103515625,1.999969482421875,,,1160824,24,1,3,0
1859,1160942,6554,13107,1.00006103515625,1.999969482421875,1.00006103515625,1.999969482421875,,,1160949,24,1,3,0
1860,1161068,6554,13107,1.00006103515625,1.999969482421875,1.00006103515625,1.999969482421875,,,1161075,23,1,3,0
1861,1161193,6554,13107,1.00006103515625,1.999969482421875,1.00006103515625,1.999969482421875,,,1161200,24,1,3,0
1862,1161318,6554,13107,1.00006103515625,1.999969482421875,1.00006103515625,1.999969482421875,,,1161325,24,1,3,0
1863,1161443,6554,13107,1.00006103515625,1.999969482421875,1.00006103515625,1.999969482421875,,,1161452,24,1,3,0
1864,1161569,6554,13107,1.00006103515625,1.999969482421875,1.00006103515625,1.999969482421875,,,1161576,23,1,3,0
1865,1161694,6554,13107,1.00006103515625,1.999969482421875,1.00006103515625,1.999969482421875,,,1161701,24,1,3,0
1866,1161819,6554,13107,1.00006103515625,1.999969482421875,1.00006103515625,1.999969482421875,,,1161826,24,1,3,0
1867,1161944,6554,13107,1.00006103515625,1.999969482421875,1.00006103515625,1.999969482421875,,,1161951,24,1,3,0
1868,1162070,6554,13107,1.00006103515625,1.999969482421875,1.00006103515625,1.999969482421875,,,1162077,23,1,3,0
1869,1162195,6554,13107,1.00006103515625,1.999969482421875,1.00006103515625,1.999969482421875,,,1162202,24,1,3,0
1870,1162320,6554,13107,1.00006103515625,1.999969482421875,1.00006103515625,1.999969482421875,,,1162327,24,1,3,0
1871,1162445,6554,13107,1.00006103515625,1.999969482421875,1.00006103515625,1.999969482421875,,,1162452,24,1,3,0
1872,1162571,6554,13107,1.00006103515625,1.999969482421875,1.00006103515625,1.999969482421875,,,1162578,23,1,3,0
1873,1162696,6554,13107,1.00006103515625,1.999969482421875,1.00006103515625,1.999969482421875,,,1162703,24,1,3,0
1874,1162821,6554,13107,1.00006103515625,1.999969482421875,1.00006103515625,1.999969482421875,,,1162828,24,1,3,0
1875,1162946,6554,13107,1.00006103515625,1.999969482421875,1.00006103515625,1.999969482421875,,,1162953,24,1,3,0
1876,1163072,6554,13107,1.00006103515625,1.999969482421875,1.00006103515625,1.999969482421875,,,1163079,23,1,3,0
1877,1163197,6554,13107,1.00006103515625,1.999969482421875,1.00006103515625,1.999969482421875,,,1163204,24,1,3,0
1878,1163322,6554,13107,1.00006103515625,1.999969482421875,1.00006103515625,1.999969482421875,,,1163329,24,1,3,0
1879,1163447,6554,13107,1.00006103515625,1.999969482421875,1.00006103515625,1.999969482421875,,,1163454,24,1,3,0
1880,1163573,6554,13107,1.00006103515625,1.999969482421875,1.00006103515625,1.999969482421875,,,1163580,23,1,3,0
1881,1163698,6554,13107,1.00006103515625,1.999969482421875,1.00006103515625,1.999969482421875,,,1163705,24,1,3,0
1882,1163823,6554,13107,1.00006103515625,1.999969482421875,1.00006103515625,1.999969482421875,,,1163830,24,1,3,0
1883,1163948,6554,13107,1.00006103515625,1.999969482421875,1.00006103515625,1.999969482421875,,,1163955,24,1,3,0
1884,1164074,6554,13107,1.00006103515625,1.999969482421875,1.00006103515625,1.999969482421875,,,1164081,23,1,3,0
1885,1164199,6554,13107,1.00006103515625,1.999969482421875,1.00006103515625,1.999969482421875,,,1164206,24,1,3,0
1886,1164324,6554,13107,1.00006103515625,1.999969482421875,1.00006103515625,1.999969482421875,,,1164331,24,1,3,0
1887,1164449,6554,13107,1.00006103515625,1.999969482421875,1.00006103515625,1.999969482421875,,,1164456,24,1,3,0
1888,1164575,6554,13107,1.00006103515625,1.999969482421875,1.00006103515625,1.999969482421875,,,1164582,23,1,3,0
1889,1164700,6554,13107,1.00006103515625,1.999969482421875,1.00006103515625,1.999969482421875,,,1164707,24,1,3,0
1890,1164825,6554,13107,1.00006103515625,1.999969482421875,1.00006103515625,1.999969482421875,,,1164832,24,1,3,0
1891,1164950,6554,13107,1.00006103515625,1.999969482421875,1.00006103515625,1.999969482421875,,,1164957,24,1,3,0
1892,1165076,6554,13107,1.00006103515625,1.999969482421875,1.00006103515625,1.999969482421875,,,1165083,23,1,3,0
1893,1165201,6554,13107,1.00006103515625,1.999969482421875,1.00006103515625,1.999969482421875,,,1165208,24,1,3,0
1894,1165326,6554,13107,1.00006103515625,1.999969482421875,1.00006103515625,1.999969482421875,,,1165333,24,1,3,0
1895,1165451,6554,13107,1.00006103515625,1.999969482421875,1.00006103515625,1.999969482421875,,,1165458,24,1,3,0
1896,1165577,6554,13107,1.00006103515625,1.999969482421875,1.00006103515625,1.999969482421875,,,1165584,23,1,3,0
1897,1165702,6554,13107,1.00006103515625,1.999969482421875,1.00006103515625,1.999969482421875,,,1165709,24,1,3,0
1898,1165827,6554,13107,1.00006103515625,1.999969482421875,1.00006103515625,1.999969482421875,,,1165834,24,1,3,0
1899,1165952,6554,13107,1.00006103515625,1.999969482421875,1.00006103515625,1.999969482421875,,,1165959,24,1,3,0
1900,1166078,6554,13107,1.00006103515625,1.999969482421875,1.00006103515625,1.999969482421875,,,1166085,23,1,3,0
1901,1166203,6554,13107,1.00006103515625,1.999969482421875,1.00006103515625,1.999969482421875,,,1166210,24,1,3,0
1902,1166328,6554,13107,1.00006103515625,1.999969482421875,1.00006103515625,1.999969482421875,,,1166335,24,1,3,0
1903,1166453,6554,13107,1.00006103515625,1.999969482421875,1.00006103515625,1.999969482421875,,,1166460,24,1,3,0
1904,1166579,6554,13107,1.00006103515625,1.999969482421875,1.00006103515625,1.999969482421875,,,1166586,23,1,3,0
1905,1166704,6554,13107,1.00006103515625,1.999969482421875,1.00006103515625,1.999969482421875,,,1166711,24,1,3,0
1906,1166829,6554,13107,1.00006103515625,1.999969482421875,1.00006103515625,1.999969482421875,,,1166836,24,1,3,0
1907,1166954,6554,13107,1.00006103515625,1.999969482421875,1.00006103515625,1.999969482421875,,,1166961,24,1,3,0
1908,1167080,6554,13107,1.00006103515625,1.999969482421875,1.00006103515625,1.999969482421875,,,1167087,23,1,3,0
1909,1167205,6554,13107,1.00006103515625,1.999969482421875,1.00006103515625,1.999969482421875,,,1167212,24,1,3,0
1910,1167330,6554,13107,1.00006103515625,1.999969482421875,1.00006103515625,1.999969482421875,,,1167337,24,1,3,0
1911,1167455,6554,13107,1.00006103515625,1.999969482421875,1.00006103515625,1.999969482421875,,,1167462,24,1,3,0
1912,1167581,6554,13107,1.00006103515625,1.999969482421875,1.00006103515625,1.999969482421875,,,1167588,23,1,3,0
1913,1167706,6554,13107,1.00006103515625,1.999969482421875,1.00006103515625,1.999969482421875,,,1167713,24,1,3,0
1914,1167831,6554,13107,1.00006103515625,1.999969482421875,1.00006103515625,1.999969482421875,,,1167838,24,1,3,0
1915,1167956,6554,13107,1.00006103515625,1.999969482421875,1.00006103515625,1.999969482421875,,,1167963,24,1,3,0
1916,1168082,6554,13107,1.00006103515625,1.999969482421875,1.00006103515625,1.999969482421875,,,1168089,23,1,3,0
1917,1168207,6554,13107,1.00006103515625,1.999969482421875,1.00006103515625,1.999969482421875,,,1168214,24,1,3,0
1918,1168332,6554,13107,1.00006103515625,1.999969482421875,1.00006103515625,1.999969482421875,,,1168341,24,1,3,0
1919,1168457,6554,13107,1.00006103515625,1.999969482421875,1.00006103515625,1.999969482421875,,,1168464,24,1,3,0
1920,1168583,6554,13107,1.00006103515625,1.999969482421875,1.00006103515625,1.999969482421875,,,1168590,23,1,3,0
1921,1168708,6554,13107,1.00006103515625,1.999969482421875,1.00006103515625,1.999969482421875,,,1168715,24,1,3,0
1922,1168833,6554,13107,1.00006103515625,1.999969482421875,1.00006103515625,1.999969482421875,,,1168840,24,1,3,0
1923,1168958,6554,13107,1.00006103515625,1.999969482421875,1.00006103515625,1.999969482421875,,,1168965,24,1,3,0
1924,1169084,6554,13107,1.00006103515625,1.999969482421875,1.00006103515625,1.999969482421875,,,1169091,23,1,3,0
1925,1169209,6554,13107,1.00006103515625,1.999969482421875,1.00006103515625,1.999969482421875,,,1169216,24,1,3,0
1926,1169334,6554,13107,1.00006103515625,1.999969482421875,1.00006103515625,1.999969482421875,,,1169342,24,1,3,0
1927,1169459,6554,13107,1.00006103515625,1.999969482421875,1.00006103515625,1.999969482421875,,,1169466,24,1,3,0
1928,1169585,6554,13107,1.00006103515625,1.999969482421875,1.00006103515625,1.999969482421875,,,1169592,23,1,3,0
1929,1169710,6554,13107,1.00006103515625,1.999969482421875,1.00006103515625,1.999969482421875,,,1169717,24,1,3,0
1930,1169835,6554,13107,1.00006103515625,1.999969482421875,1.00006103515625,1.999969482421875,,,1169842,24,1,3,0
1931,1169960,6554,13107,1.00006103515625,1.999969482421875,1.00006103515625,1.999969482421875,,,1169967,24,1,3,0
1932,1170086,6554,13107,1.00006103515625,1.999969482421875,1.00006103515625,1.999969482421875,,,1170093,23,1,3,0
1933,1170211,6554,13107,1.00006103515625,1.999969482421875,1.00006103515625,1.999969482421875,,,1170218,24,1,3,0
1934,1170336,6554,13107,1.00006103515625,1.999969482421875,1.00006103515625,1.999969482421875,,,1170343,24,1,3,0
1935,1170461,6554,13107,1.00006103515625,1.999969482421875,1.00006103515625,1.999969482421875,,,1170468,24,1,3,0
1936,1170587,6554,13107,1.00006103515625,1.999969482421875,1.00006103515625,1.999969482421875,,,1170594,23,1,3,0
1937,1170712,6554,13107,1.00006103515625,1.999969482421875,1.00006103515625,1.999969482421875,,,1170719,24,1,3,0
1938,1170837,6554,13107,1.00006103515625,1.999969482421875,1.00006103515625,1.999969482421875,,,1170844,24,1,3,0
1939,1170962,6554,13107,1.00006103515625,1.999969482421875,1.00006103515625,1.999969482421875,,,1170969,24,1,3,0
1940,1171088,6554,13107,1.00006103515625,1.999969482421875,1.00006103515625,1.999969482421875,,,1171095,23,1,3,0
1941,1171213,6554,13107,1.00006103515625,1.999969482421875,1.00006103515625,1.999969482421875,,,1171220,24,1,3,0
1942,1171338,6554,13107,1.00006103515625,1.999969482421875,1.00006103515625,1.999969482421875,,,1171345,24,1,3,0
1943,1171463,6554,13107,1.00006103515625,1.999969482421875,1.00006103515625,1.999969482421875,,,1171472,24,1,3,0
1944,1171589,6554,13107,1.00006103515625,1.999969482421875,1.00006103515625,1.999969482421875,,,1171596,23,1,3,0
1945,1171714,6554,13107,1.00006103515625,1.999969482421875,1.00006103515625,1.999969482421875,,,1171721,24,1,3,0
1946,1171839,6554,13107,1.00006103515625,1.999969482421875,1.00006103515625,1.999969482421875,,,1171846,24,1,3,0
1947,1171964,6554,13107,1.00006103515625,1.999969482421875,1.00006103515625,1.999969482421875,,,1171971,24,1,3,0
1948,1172090,6554,13107,1.00006103515625,1.999969482421875,1.00006103515625,1.999969482421875,,,1172097,23,1,3,0
1949,1172215,6554,13107,1.00006103515625,1.999969482421875,1.00006103515625,1.999969482421875,,,1172222,24,1,3,0
1950,1172340,6554,13107,1.00006103515625,1.999969482421875,1.00006103515625,1.999969482421875,,,1172347,24,1,3,0
1951,1172465,6554,13107,1.00006103515625,1.999969482421875,1.00006103515625,1.999969482421875,,,1172472,24,1,3,0
1952,1172591,6554,13107,1.00006103515625,1.999969482421875,1.00006103515625,1.999969482421875,,,1172598,23,1,3,0
1953,1172716,6554,13107,1.00006103515625,1.999969482421875,1.00006103515625,1.999969482421875,,,1172723,24,1,3,0
1954,1172841,6554,13107,1.00006103515625,1.999969482421875,1.00006103515625,1.999969482421875,,,1172848,24,1,3,0
1955,1172966,6554,13107,1.00006103515625,1.999969482421875,1.00006103515625,1.999969482421875,,,1172973,24,1,3,0
1956,1173092,6554,13107,1.00006103515625,1.999969482421875,1.00006103515625,1.999969482421875,,,1173099,23,1,3,0
1957,1173217,6554,13107,1.00006103515625,1.999969482421875,1.00006103515625,1.999969482421875,,,1173224,24,1,3,0
1958,1173342,6554,13107,1.00006103515625,1.999969482421875,1.00006103515625,1.999969482421875,,,1173349,24,1,3,0
1959,1173467,6554,13107,1.00006103515625,1.999969482421875,1.00006103515625,1.999969482421875,,,1173474,24,1,3,0
1960,1173593,6554,13107,1.00006103515625,1.999969482421875,1.00006103515625,1.999969482421875,,,1173600,23,1,3,0
1961,1173718,6554,13107,1.00006103515625,1.999969482421875,1.00006103515625,1.999969482421875,,,1173725,24,1,3,0
1962,1173843,6554,13107,1.00006103515625,1.999969482421875,1.00006103515625,1.999969482421875,,,1173850,24,1,3,0
1963,1173968,6554,13107,1.00006103515625,1.999969482421875,1.00006103515625,1.999969482421875,,,1173975,24,1,3,0
1964,1174094,6554,13107,1.00006103515625,1.999969482421875,1.00006103515625,1.999969482421875,,,1174101,23,1,3,0
1965,1174219,6554,13107,1.00006103515625,1.999969482421875,1.00006103515625,1.999969482421875,,,1174226,24,1,3,0
1966,1174344,6554,13107,1.00006103515625,1.999969482421875,1.00006103515625,1.999969482421875,,,1174351,24,1,3,0
1967,1174469,6554,13107,1.00006103515625,1.999969482421875,1.00006103515625,1.999969482421875,,,1174476,24,1,3,0
1968,1174595,6554,13107,1.00006103515625,1.999969482421875,1.00006103515625,1.999969482421875,,,1174602,23,1,3,0
1969,1174720,6554,13107,1.00006103515625,1.999969482421875,1.00006103515625,1.999969482421875,,,1174727,24,1,3,0
1970,1174845,6554,13107,1.00006103515625,1.999969482421875,1.00006103515625,1.999969482421875,,,1174852,24,1,3,0
1971,1174970,6554,13107,1.00006103515625,1.999969482421875,1.00006103515625,1.999969482421875,,,1174977,24,1,3,0
1972,1175096,6554,13107,1.00006103515625,1.999969482421875,1.00006103515625,1.999969482421875,,,1175103,23,1,3,0
1973,1175221,6554,13107,1.00006103515625,1.999969482421875,1.00006103515625,1.999969482421875,,,1175228,24,1,3,0
1974,1175346,6554,13107,1.00006103515625,1.999969482421875,1.00006103515625,1.999969482421875,,,1175353,24,1,3,0
1975,1175471,6554,13107,1.00006103515625,1.999969482421875,1.00006103515625,1.999969482421875,,,1175478,24,1,3,0
1976,1175597,6554,13107,1.00006103515625,1.999969482421875,1.00006103515625,1.999969482421875,,,1175604,23,1,3,0
1977,1175722,6554,13107,1.00006103515625,1.999969482421875,1.00006103515625,1.999969482421875,,,1175729,24,1,3,0
1978,1175847,6554,13107,1.00006103515625,1.999969482421875,1.00006103515625,1.999969482421875,,,1175854,24,1,3,0
1979,1175972,6554,13107,1.00006103515625,1.999969482421875,1.00006103515625,1.999969482421875,,,1175979,24,1,3,0
1980,1176098,6554,13107,1.00006103515625,1.999969482421875,1.00006103515625,1.999969482421875,,,1176105,23,1,3,0
1981,1176223,6554,13107,1.00006103515625,1.999969482421875,1.00006103515625,1.999969482421875,,,1176230,24,1,3,0
1982,1176348,6554,13107,1.00006103515625,1.999969482421875,1.00006103515625,1.999969482421875,,,1176355,24,1,3,0
1983,1176473,6554,13107,1.00006103515625,1.999969482421875,1.00006103515625,1.999969482421875,,,1176480,24,1,3,0
1984,1176599,6554,13107,1.00006103515625,1.999969482421875,1.00006103515625,1.999969482421875,,,1176606,23,1,3,0
1985,1176724,6554,13107,1.00006103515625,1.999969482421875,1.00006103515625,1.999969482421875,,,1176731,24,1,3,0
1986,1176849,6554,13107,1.00006103515625,1.999969482421875,1.00006103515625,1.999969482421875,,,1176856,24,1,3,0
1987,1176974,6554,13107,1.00006103515625,1.999969482421875,1.00006103515625,1.999969482421875,,,1176981,24,1,3,0
1988,1177100,6554,13107,1.00006103515625,1.999969482421875,1.00006103515625,1.999969482421875,,,1177107,23,1,3,0
1989,1177225,6554,13107,1.00006103515625,1.999969482421875,1.00006103515625,1.999969482421875,,,1177232,24,1,3,0
1990,1177350,6554,13107,1.00006103515625,1.999969482421875,1.00006103515625,1.999969482421875,,,1177357,24,1,3,0
1991,1177475,6554,13107,1.00006103515625,1.999969482421875,1.00006103515625,1.999969482421875,,,1177482,24,1,3,0
1992,1177601,6554,13107,1.00006103515625,1.999969482421875,1.00006103515625,1.999969482421875,,,1177608,23,1,3,0
1993,1177726,6554,13107,1.00006103515625,1.999969482421875,1.00006103515625,1.999969482421875,,,1177733,24,1,3,0
1994,1177851,6554,13107,1.00006103515625,1.999969482421875,1.00006103515625,1.999969482421875,,,1177858,24,1,3,0
1995,1177976,6554,13107,1.00006103515625,1.999969482421875,1.00006103515625,1.999969482421875,,,1177983,24,1,3,0
1996,1178102,6554,13107,1.00006103515625,1.999969482421875,1.00006103515625,1.999969482421875,,,1178109,23,1,3,0
1997,1178227,6554,13107,1.00006103515625,1.999969482421875,1.00006103515625,1.999969482421875,,,1178234,24,1,3,0
1998,1178352,6554,13107,1.00006103515625,1.999969482421875,1.00006103515625,1.999969482421875,,,1178359,24,1,3,0
1999,1178477,6554,13107,1.00006103515625,1.999969482421875,1.00006103515625,1.999969482421875,,,1178486,23,1,3,0
2000,1178603,6554,13107,1.00006103515625,1.999969482421875,1.00006103515625,1.999969482421875,,,1178610,23,1,3,0
2001,1178728,6554,13107,1.00006103515625,1.999969482421875,1.00006103515625,1.999969482421875,,,1178735,24,1,3,0
2002,1178853,6554,13107,1.00006103515625,1.999969482421875,1.00006103515625,1.999969482421875,,,1178860,24,1,3,0
2003,1178978,6554,13107,1.00006103515625,1.999969482421875,1.00006103515625,1.999969482421875,,,1178985,24,1,3,0
2004,1179104,6554,13107,1.00006103515625,1.999969482421875,1.00006103515625,1.999969482421875,,,1179111,23,1,3,0
2005,1179229,6554,13107,1.00006103515625,1.999969482421875,1.00006103515625,1.999969482421875,,,1179236,24,1,3,0
2006,1179354,6554,13107,1.00006103515625,1.999969482421875,1.00006103515625,1.999969482421875,,,1179361,24,1,3,0
2007,1179479,6554,13107,1.00006103515625,1.999969482421875,1.00006103515625,1.999969482421875,,,1179486,24,1,3,0
2008,1179605,6554,13107,1.00006103515625,1.999969482421875,1.00006103515625,1.999969482421875,,,1179612,26,1,3,0
2009,1179730,6554,13107,1.00006103515625,1.999969482421875,1.00006103515625,1.999969482421875,,,1179737,24,1,3,0
2010,1179855,6554,13107,1.00006103515625,1.999969482421875,1.00006103515625,1.999969482421875,,,1179862,24,1,3,0
2011,1179980,6554,13107,1.00006103515625,1.999969482421875,1.00006103515625,1.999969482421875,,,1179987,24,1,3,0
2012,1180106,6554,13107,1.00006103515625,1.999969482421875,1.00006103515625,1.999969482421875,,,1180113,23,1,3,0
2013,1180231,6554,13107,1.00006103515625,1.999969482421875,1.00006103515625,1.999969482421875,,,1180238,24,1,3,0
2014,1180356,6554,13107,1.00006103515625,1.999969482421875,1.00006103515625,1.999969482421875,,,1180363,24,1,3,0
2015,1180481,6554,13107,1.00006103515625,1.999969482421875,1.00006103515625,1.999969482421875,,,1180488,24,1,3,0
2016,1180607,6554,13107,1.00006103515625,1.999969482421875,1.00006103515625,1.999969482421875,,,1180614,26,1,3,0
2017,1180732,6554,13107,1.00006103515625,1.999969482421875,1.00006103515625,1.999969482421875,,,1180739,24,1,3,0
2018,1180857,6554,13107,1.00006103515625,1.999969482421875,1.00006103515625,1.999969482421875,,,1180864,24,1,3,0
2019,1180982,6554,13107,1.00006103515625,1.999969482421875,1.00006103515625,1.999969482421875,,,1180989,24,1,3,0
2020,1181108,6554,13107,1.00006103515625,1.999969482421875,1.00006103515625,1.999969482421875,,,1181115,23,1,3,0
2021,1181233,6554,13107,1.00006103515625,1.999969482421875,1.00006103515625,1.999969482421875,,,1181240,24,1,3,0
2022,1181358,6554,13107,1.00006103515625,1.999969482421875,1.00006103515625,1.999969482421875,,,1181365,24,1,3,0
2023,1181483,6554,13107,1.00006103515625,1.999969482421875,1.00006103515625,1.999969482421875,,,1181491,23,1,3,0
2024,1181609,6554,13107,1.00006103515625,1.999969482421875,1.00006103515625,1.999969482421875,,,1181616,24,1,3,0
2025,1181734,6554,13107,1.00006103515625,1.999969482421875,1.00006103515625,1.999969482421875,,,1181741,24,1,3,0
2026,1181859,6554,13107,1.00006103515625,1.999969482421875,1.00006103515625,1.999969482421875,,,1181866,24,1,3,0
2027,1181984,6554,13107,1.00006103515625,1.999969482421875,1.00006103515625,1.999969482421875,,,1181991,24,1,3,0
2028,1182110,6554,13107,1.00006103515625,1.999969482421875,1.00006103515625,1.999969482421875,,,1182117,23,1,3,0
2029,1182235,6554,13107,1.00006103515625,1.999969482421875,1.00006103515625,1.999969482421875,,,1182242,24,1,3,0
2030,1182360,6554,13107,1.00006103515625,1.999969482421875,1.00006103515625,1.999969482421875,,,1182367,24,1,3,0
2031,1182485,6554,13107,1.00006103515625,1.999969482421875,1.00006103515625,1.999969482421875,,,1182492,24,1,3,0
2032,1182611,6554,13107,1.00006103515625,1.999969482421875,1.00006103515625,1.999969482421875,,,1182618,24,1,3,0
2033,1182736,6554,13107,1.00006103515625,1.999969482421875,1.00006103515625,1.999969482421875,,,1182743,24,1,3,0
2034,1182861,6554,13107,1.00006103515625,1.999969482421875,1.00006103515625,1.999969482421875,,,1182868,24,1,3,0
2035,1182986,6554,13107,1.00006103515625,1.999969482421875,1.00006103515625,1.999969482421875,,,1182993,24,1,3,0
2036,1183112,6554,13107,1.00006103515625,1.999969482421875,1.00006103515625,1.999969482421875,,,1183119,23,1,3,0
2037,1183237,6554,13107,1.00006103515625,1.999969482421875,1.00006103515625,1.999969482421875,,,1183244,24,1,3,0
2038,1183362,6554,13107,1.00006103515625,1.999969482421875,1.00006103515625,1.999969482421875,,,1183369,24,1,3,0
2039,1183487,6554,13107,1.00006103515625,1.999969482421875,1.00006103515625,1.999969482421875,,,1183494,24,1,3,0
2040,1183613,6554,13107,1.00006103515625,1.999969482421875,1.00006103515625,1.999969482421875,,,1183620,23,1,3,0
2041,1183738,6554,13107,1.00006103515625,1.999969482421875,1.00006103515625,1.999969482421875,,,1183745,24,1,3,0
2042,1183863,6554,13107,1.00006103515625,1.999969482421875,1.00006103515625,1.999969482421875,,,1183870,24,1,3,0
2043,1183988,6554,13107,1.00006103515625,1.999969482421875,1.00006103515625,1.999969482421875,,,1183995,24,1,3,0
2044,1184114,6554,13107,1.00006103515625,1.999969482421875,1.00006103515625,1.999969482421875,,,1184121,23,1,3,0
2045,1184239,6554,13107,1.00006103515625,1.999969482421875,1.00006103515625,1.999969482421875,,,1184246,24,1,3,0
2046,1184364,6554,13107,1.00006103515625,1.999969482421875,1.00006103515625,1.999969482421875,,,1184371,24,1,3,0
2047,1184489,6554,13107,1.00006103515625,1.999969482421875,1.00006103515625,1.999969482421875,,,1184497,23,1,3,0
2048,1184615,6554,13107,1.00006103515625,1.999969482421875,1.00006103515625,1.999969482421875,,,1184622,24,1,3,0
2049,1184740,6554,13107,1.00006103515625,1.999969482421875,1.00006103515625,1.999969482421875,,,1184747,24,1,3,0
2050,1184865,6554,13107,1.00006103515625,1.999969482421875,1.00006103515625,1.999969482421875,,,1184872,24,1,3,0
2051,1184990,6554,13107,1.00006103515625,1.999969482421875,1.00006103515625,1.999969482421875,,,1184997,24,1,3,0
2052,1185116,6554,13107,1.00006103515625,1.999969482421875,1.00006103515625,1.999969482421875,,,1185123,23,1,3,0
2053,1185241,6554,13107,1.00006103515625,1.999969482421875,1.00006103515625,1.999969482421875,,,1185248,24,1,3,0
2054,1185366,6554,13107,1.00006103515625,1.999969482421875,1.00006103515625,1.999969482421875,,,1185373,24,1,3,0
2055,1185491,6554,13107,1.00006103515625,1.999969482421875,1.00006103515625,1.999969482421875,,,1185498,24,1,3,0
2056,1185617,6554,13107,1.00006103515625,1.999969482421875,1.00006103515625,1.999969482421875,,,1185624,24,1,3,0
2057,1185742,6554,13107,1.00006103515625,1.999969482421875,1.00006103515625,1.999969482421875,,,1185749,24,1,3,0
2058,1185867,6554,13107,1.00006103515625,1.999969482421875,1.00006103515625,1.999969482421875,,,1185875,23,1,3,0
2059,1185992,6554,13107,1.00006103515625,1.999969482421875,1.00006103515625,1.999969482421875,,,1185999,24,1,3,0
2060,1186118,6554,13107,1.00006103515625,1.999969482421875,1.00006103515625,1.999969482421875,,,1186125,23,1,3,0
2061,1186243,6554,13107,1.00006103515625,1.999969482421875,1.00006103515625,1.999969482421875,,,1186250,24,1,3,0
2062,1186368,6554,13107,1.00006103515625,1.999969482421875,1.00006103515625,1.999969482421875,,,1186375,24,1,3,0
2063,1186493,6554,13107,1.00006103515625,1.999969482421875,1.00006103515625,1.999969482421875,,,1186500,24,1,3,0
2064,1186619,6554,13107,1.00006103515625,1.999969482421875,1.00006103515625,1.999969482421875,,,1186626,23,1,3,0
2065,1186744,6554,13107,1.00006103515625,1.999969482421875,1.00006103515625,1.999969482421875,,,1186751,24,1,3,0
2066,1186869,6554,13107,1.00006103515625,1.999969482421875,1.00006103515625,1.999969482421875,,,1186876,24,1,3,0
2067,1186994,6554,13107,1.00006103515625,1.999969482421875,1.00006103515625,1.999969482421875,,,1187001,24,1,3,0
2068,1187120,6554,13107,1.00006103515625,1.999969482421875,1.00006103515625,1.999969482421875,,,1187127,23,1,3,0
2069,1187245,6554,13107,1.00006103515625,1.999969482421875,1.00006103515625,1.999969482421875,,,1187252,24,1,3,0
2070,1187370,6554,13107,1.00006103515625,1.999969482421875,1.00006103515625,1.999969482421875,,,1187377,24,1,3,0
2071,1187495,6554,13107,1.00006103515625,1.999969482421875,1.00006103515625,1.999969482421875,,,1187504,23,1,3,0
2072,1187621,6554,13107,1.00006103515625,1.999969482421875,1.00006103515625,1.999969482421875,,,1187628,23,1,3,0
2073,1187746,6554,13107,1.00006103515625,1.999969482421875,1.00006103515625,1.999969482421875,,,1187753,24,1,3,0
2074,1187871,6554,13107,1.00006103515625,1.999969482421875,1.00006103515625,1.999969482421875,,,1187878,24,1,3,0
2075,1187996,6554,13107,1.00006103515625,1.999969482421875,1.00006103515625,1.999969482421875,,,1188003,24,1,3,0
2076,1188122,6554,13107,1.00006103515625,1.999969482421875,1.00006103515625,1.999969482421875,,,1188129,23,1,3,0
2077,1188247,6554,13107,1.00006103515625,1.999969482421875,1.00006103515625,1.999969482421875,,,1188254,24,1,3,0
2078,1188372,6554,13107,1.00006103515625,1.999969482421875,1.00006103515625,1.999969482421875,,,1188379,24,1,3,0
2079,1188497,6554,13107,1.00006103515625,1.999969482421875,1.00006103515625,1.999969482421875,,,1188506,24,1,3,0
2080,1188623,6554,13107,1.00006103515625,1.999969482421875,1.00006103515625,1.999969482421875,,,1188630,23,1,3,0
2081,1188748,6554,13107,1.00006103515625,1.999969482421875,1.00006103515625,1.999969482421875,,,1188755,24,1,3,0
2082,1188873,6554,13107,1.00006103515625,1.999969482421875,1.00006103515625,1.999969482421875,,,1188880,24,1,3,0
2083,1188998,6554,13107,1.00006103515625,1.999969482421875,1.00006103515625,1.999969482421875,,,1189005,24,1,3,0
2084,1189124,6554,13107,1.00006103515625,1.999969482421875,1.00006103515625,1.999969482421875,,,1189131,23,1,3,0
2085,1189249,6554,13107,1.00006103515625,1.999969482421875,1.00006103515625,1.999969482421875,,,1189256,24,1,3,0
2086,1189374,6554,13107,1.00006103515625,1.999969482421875,1.00006103515625,1.999969482421875,,,1189381,24,1,3,0
2087,1189499,6554,13107,1.00006103515625,1.999969482421875,1.00006103515625,1.999969482421875,,,1189506,24,1,3,0
2088,1189625,6554,13107,1.00006103515625,1.999969482421875,1.00006103515625,1.999969482421875,,,1189632,26,1,3,0
2089,1189750,6554,13107,1.00006103515625,1.999969482421875,1.00006103515625,1.999969482421875,,,1189757,24,1,3,0
2090,1189875,6554,13107,1.00006103515625,1.999969482421875,1.00006103515625,1.999969482421875,,,1189882,24,1,3,0
2091,1190000,6554,13107,1.00006103515625,1.999969482421875,1.00006103515625,1.999969482421875,,,1190007,24,1,3,0
2092,1190126,6554,13107,1.00006103515625,1.999969482421875,1.00006103515625,1.999969482421875,,,1190133,23,1,3,0
2093,1190251,6554,13107,1.00006103515625,1.999969482421875,1.00006103515625,1.999969482421875,,,1190258,24,1,3,0
2094,1190376,6554,13107,1.00006103515625,1.999969482421875,1.00006103515625,1.999969482421875,,,1190383,24,1,3,0
2095,1190501,6554,13107,1.00006103515625,1.999969482421875,1.00006103515625,1.999969482421875,,,1190508,24,1,3,0
2096,1190627,6554,13107,1.00006103515625,1.999969482421875,1.00006103515625,1.999969482421875,,,1190634,26,1,3,0
2097,1190752,6554,13107,1.00006103515625,1.999969482421875,1.00006103515625,1.999969482421875,,,1190759,24,1,3,0
2098,1190877,6554,13107,1.00006103515625,1.999969482421875,1.00006103515625,1.999969482421875,,,1190884,24,1,3,0
2099,1191002,6554,13107,1.00006103515625,1.999969482421875,1.00006103515625,1.999969482421875,,,1191009,24,1,3,0
2100,1191128,6554,13107,1.00006103515625,1.999969482421875,1.00006103515625,1.999969482421875,,,1191135,23,1,3,0
2101,1191253,6554,13107,1.00006103515625,1.999969482421875,1.00006103515625,1.999969482421875,,,1191260,24,1,3,0
2102,1191378,6554,13107,1.00006103515625,1.999969482421875,1.00006103515625,1.999969482421875,,,1191385,24,1,3,0
2103,1191503,6554,13107,1.00006103515625,1.999969482421875,1.00006103515625,1.999969482421875,,,1191512,24,1,3,0
2104,1191629,6554,13107,1.00006103515625,1.999969482421875,1.00006103515625,1.999969482421875,,,1191638,24,1,3,0
2105,1191754,6554,13107,1.00006103515625,1.999969482421875,1.00006103515625,1.999969482421875,,,1191761,24,1,3,0
2106,1191879,6554,13107,1.00006103515625,1.999969482421875,1.00006103515625,1.999969482421875,,,1191886,24,1,3,0
2107,1192004,6554,13107,1.00006103515625,1.999969482421875,1.00006103515625,1.999969482421875,,,1192011,24,1,3,0
2108,1192130,6554,13107,1.00006103515625,1.999969482421875,1.00006103515625,1.999969482421875,,,1192137,23,1,3,0
2109,1192255,6554,13107,1.00006103515625,1.999969482421875,1.00006103515625,1.999969482421875,,,1192262,24,1,3,0
2110,1192380,6554,13107,1.00006103515625,1.999969482421875,1.00006103515625,1.999969482421875,,,1192387,24,1,3,0
2111,1192505,6554,13107,1.00006103515625,1.999969482421875,1.00006103515625,1.999969482421875,,,1192512,24,1,3,0
2112,1192631,6554,13107,1.00006103515625,1.999969482421875,1.00006103515625,1.999969482421875,,,1192640,24,1,3,0
2113,1192756,6554,13107,1.00006103515625,1.999969482421875,1.00006103515625,1.999969482421875,,,1192763,24,1,3,0
2114,1192881,6554,13107,1.00006103515625,1.999969482421875,1.00006103515625,1.999969482421875,,,1192888,24,1,3,0
2115,1193006,6554,13107,1.00006103515625,1.999969482421875,1.00006103515625,1.999969482421875,,,1193013,24,1,3,0
2116,1193132,6554,13107,1.00006103515625,1.999969482421875,1.00006103515625,1.999969482421875,,,1193141,24,1,3,0
2117,1193257,6554,13107,1.00006103515625,1.999969482421875,1.00006103515625,1.999969482421875,,,1193264,24,1,3,0
2118,1193382,6554,13107,1.00006103515625,1.999969482421875,1.00006103515625,1.999969482421875,,,1193390,24,1,3,0
2119,1193507,6554,13107,1.00006103515625,1.999969482421875,1.00006103515625,1.999969482421875,,,1193515,24,1,3,0
2120,1193633,6554,13107,1.00006103515625,1.999969482421875,1.00006103515625,1.999969482421875,,,1193642,23,1,3,0
2121,1193758,6554,13107,1.00006103515625,1.999969482421875,1.00006103515625,1.999969482421875,,,1193765,24,1,3,0
2122,1193883,6554,13107,1.00006103515625,1.999969482421875,1.00006103515625,1.999969482421875,,,1193890,24,1,3,0
2123,1194008,6554,13107,1.00006103515625,1.999969482421875,1.00006103515625,1.999969482421875,,,1194016,23,1,3,0
2124,1194134,6554,13107,1.00006103515625,1.999969482421875,1.00006103515625,1.999969482421875,,,1194142,23,1,3,0
2125,1194259,6554,13107,1.00006103515625,1.999969482421875,1.00006103515625,1.999969482421875,,,1194266,24,1,3,0
2126,1194384,6554,13107,1.00006103515625,1.999969482421875,1.00006103515625,1.999969482421875,,,1194391,24,1,3,0
2127,1194509,6554,13107,1.00006103515625,1.999969482421875,1.00006103515625,1.999969482421875,,,1194517,23,1,3,0
2128,1194635,6554,13107,1.00006103515625,1.999969482421875,1.00006103515625,1.999969482421875,,,1194643,24,1,3,0
2129,1194760,6554,13107,1.00006103515625,1.999969482421875,1.00006103515625,1.999969482421875,,,1194767,24,1,3,0
2130,1194885,6554,13107,1.00006103515625,1.999969482421875,1.00006103515625,1.999969482421875,,,1194892,24,1,3,0
2131,1195010,6554,13107,1.00006103515625,1.999969482421875,1.00006103515625,1.999969482421875,,,1195018,23,1,3,0
2132,1195136,6554,13107,1.00006103515625,1.999969482421875,1.00006103515625,1.999969482421875,,,1195143,24,1,3,0
2133,1195261,6554,13107,1.00006103515625,1.999969482421875,1.00006103515625,1.999969482421875,,,1195268,24,1,3,0
2134,1195386,6554,13107,1.00006103515625,1.999969482421875,1.00006103515625,1.999969482421875,,,1195393,24,1,3,0
2135,1195511,6554,13107,1.00006103515625,1.999969482421875,1.00006103515625,1.999969482421875,,,1195519,23,1,3,0
2136,1195637,6554,13107,1.00006103515625,1.999969482421875,1.00006103515625,1.999969482421875,,,1195645,24,1,3,0
2137,1195762,6554,13107,1.00006103515625,1.999969482421875,1.00006103515625,1.999969482421875,,,1195769,24,1,3,0
2138,1195887,6554,13107,1.00006103515625,1.999969482421875,1.00006103515625,1.999969482421875,,,1195894,24,1,3,0
2139,1196012,6554,13107,1.00006103515625,1.999969482421875,1.00006103515625,1.999969482421875,,,1196020,23,1,3,0
2140,1196138,6554,13107,1.00006103515625,1.999969482421875,1.00006103515625,1.999969482421875,,,1196145,24,1,3,0
2141,1196263,6554,13107,1.00006103515625,1.999969482421875,1.00006103515625,1.999969482421875,,,1196270,24,1,3,0
2142,1196388,6554,13107,1.00006103515625,1.999969482421875,1.00006103515625,1.999969482421875,,,1196395,24,1,3,0
2143,1196513,6554,13107,1.00006103515625,1.999969482421875,1.00006103515625,1.999969482421875,,,1196521,23,1,3,0
2144,1196639,6554,13107,1.00006103515625,1.999969482421875,1.00006103515625,1.999969482421875,,,1196646,24,1,3,0
2145,1196764,6554,13107,1.00006103515625,1.999969482421875,1.00006103515625,1.999969482421875,,,1196771,24,1,3,0
2146,1196889,6554,13107,1.00006103515625,1.999969482421875,1.00006103515625,1.999969482421875,,,1196896,24,1,3,0
2147,1197014,6554,13107,1.00006103515625,1.999969482421875,1.00006103515625,1.999969482421875,,,1197022,23,1,3,0
2148,1197140,6554,13107,1.00006103515625,1.999969482421875,1.00006103515625,1.999969482421875,,,1197147,24,1,3,0
2149,1197265,6554,13107,1.00006103515625,1.999969482421875,1.00006103515625,1.999969482421875,,,1197272,24,1,3,0
2150,1197390,6554,13107,1.00006103515625,1.999969482421875,1.00006103515625,1.999969482421875,,,1197397,24,1,3,0
2151,1197515,6554,13107,1.00006103515625,1.999969482421875,1.00006103515625,1.999969482421875,,,1197523,23,1,3,0
2152,1197643,6554,13107,1.00006103515625,1.999969482421875,1.00006103515625,1.999969482421875,,,1197650,24,1,3,0
2153,1197766,6554,13107,1.00006103515625,1.999969482421875,1.00006103515625,1.999969482421875,,,1197774,23,1,3,0
2154,1197892,6554,13107,1.00006103515625,1.999969482421875,1.00006103515625,1.999969482421875,,,1197899,24,1,3,0
2155,1198017,6554,13107,1.00006103515625,1.999969482421875,1.00006103515625,1.999969482421875,,,1198024,24,1,3,0
2156,1198142,6554,13107,1.00006103515625,1.999969482421875,1.00006103515625,1.999969482421875,,,1198149,24,1,3,0
2157,1198267,6554,13107,1.00006103515625,1.999969482421875,1.00006103515625,1.999969482421875,,,1198275,23,1,3,0
2158,1198393,6554,13107,1.00006103515625,1.999969482421875,1.00006103515625,1.999969482421875,,,1198400,24,1,3,0
2159,1198518,6554,13107,1.00006103515625,1.999969482421875,1.00006103515625,1.999969482421875,,,1198525,24,1,3,0
2160,1198643,6554,13107,1.00006103515625,1.999969482421875,1.00006103515625,1.999969482421875,,,1198650,24,1,3,0
2161,1198768,6554,13107,1.00006103515625,1.999969482421875,1.00006103515625,1.999969482421875,,,1198776,23,1,3,0
2162,1198894,6554,13107,1.00006103515625,1.999969482421875,1.00006103515625,1.999969482421875,,,1198901,24,1,3,0
2163,1199019,6554,13107,1.00006103515625,1.999969482421875,1.00006103515625,1.999969482421875,,,1199026,24,1,3,0
2164,1199144,6554,13107,1.00006103515625,1.999969482421875,1.00006103515625,1.999969482421875,,,1199151,24,1,3,0
2165,1199269,6554,13107,1.00006103515625,1.999969482421875,1.00006103515625,1.999969482421875,,,1199277,23,1,3,0
2166,1199395,6554,13107,1.00006103515625,1.999969482421875,1.00006103515625,1.999969482421875,,,1199402,24,1,3,0
2167,1199520,6554,13107,1.00006103515625,1.999969482421875,1.00006103515625,1.999969482421875,,,1199527,24,1,3,0
2168,1199645,6554,13107,1.00006103515625,1.999969482421875,1.00006103515625,1.999969482421875,,,1199652,24,1,3,0
2169,1199770,6554,13107,1.00006103515625,1.999969482421875,1.00006103515625,1.999969482421875,,,1199778,23,1,3,0
2170,1199896,6554,13107,1.00006103515625,1.999969482421875,1.00006103515625,1.999969482421875,,,1199903,23,1,3,0
2171,1200021,6554,13107,1.00006103515625,1.999969482421875,1.00006103515625,1.999969482421875,,,1200028,24,1,3,0
2172,1200146,6554,13107,1.00006103515625,1.999969482421875,1.00006103515625,1.999969482421875,,,1200153,24,1,3,0
2173,1200271,6554,13107,1.00006103515625,1.999969482421875,1.00006103515625,1.999969482421875,,,1200279,23,1,3,0
2174,1200397,6554,13107,1.00006103515625,1.999969482421875,1.00006103515625,1.999969482421875,,,1200404,23,1,3,0
2175,1200522,6554,13107,1.00006103515625,1.999969482421875,1.00006103515625,1.999969482421875,,,1200529,24,1,3,0
2176,1200647,6554,13107,1.00006103515625,1.999969482421875,1.00006103515625,1.999969482421875,,,1200654,24,1,3,0
2177,1200772,6554,13107,1.00006103515625,1.999969482421875,1.00006103515625,1.999969482421875,,,1200780,23,1,3,0
2178,1200898,6554,13107,1.00006103515625,1.999969482421875,1.00006103515625,1.999969482421875,,,1200905,23,1,3,0
2179,1201023,6554,13107,1.00006103515625,1.999969482421875,1.00006103515625,1.999969482421875,,,1201030,24,1,3,0
2180,1201148,6554,13107,1.00006103515625,1.999969482421875,1.00006103515625,1.999969482421875,,,1201155,24,1,3,0
2181,1201273,6554,13107,1.00006103515625,1.999969482421875,1.00006103515625,1.999969482421875,,,1201281,23,1,3,0
2182,1201399,6554,13107,1.00006103515625,1.999969482421875,1.00006103515625,1.999969482421875,,,1201406,24,1,3,0
2183,1201524,6554,13107,1.00006103515625,1.999969482421875,1.00006103515625,1.999969482421875,,,1201531,24,1,3,0
2184,1201649,6554,13107,1.00006103515625,1.999969482421875,1.00006103515625,1.999969482421875,,,1201657,24,1,3,0
2185,1201774,6554,13107,1.00006103515625,1.999969482421875,1.00006103515625,1.999969482421875,,,1201782,23,1,3,0
2186,1201900,6554,13107,1.00006103515625,1.999969482421875,1.00006103515625,1.999969482421875,,,1201907,23,1,3,0
2187,1202025,6554,13107,1.00006103515625,1.999969482421875,1.00006103515625,1.999969482421875,,,1202032,24,1,3,0
2188,1202150,6554,13107,1.00006103515625,1.999969482421875,1.00006103515625,1.999969482421875,,,1202157,24,1,3,0
2189,1202275,6554,13107,1.00006103515625,1.999969482421875,1.00006103515625,1.999969482421875,,,1202283,23,1,3,0
2190,1202401,6554,13107,1.00006103515625,1.999969482421875,1.00006103515625,1.999969482421875,,,1202408,23,1,3,0
2191,1202526,6554,13107,1.00006103515625,1.999969482421875,1.00006103515625,1.999969482421875,,,1202533,24,1,3,0
2192,1202651,6554,13107,1.00006103515625,1.999969482421875,1.00006103515625,1.999969482421875,,,1202658,24,1,3,0
2193,1202776,6554,13107,1.00006103515625,1.999969482421875,1.00006103515625,1.999969482421875,,,1202784,23,1,3,0
2194,1202902,6554,13107,1.00006103515625,1.999969482421875,1.00006103515625,1.999969482421875,,,1202909,23,1,3,0
2195,1203027,6554,13107,1.00006103515625,1.999969482421875,1.00006103515625,1.999969482421875,,,1203034,24,1,3,0
2196,1203152,6554,13107,1.00006103515625,1.999969482421875,1.00006103515625,1.999969482421875,,,1203159,24,1,3,0
2197,1203277,6554,13107,1.00006103515625,1.999969482421875,1.00006103515625,1.999969482421875,,,1203285,23,1,3,0
2198,1203403,6554,13107,1.00006103515625,1.999969482421875,1.00006103515625,1.999969482421875,,,1203410,23,1,3,0
2199,1203528,6554,13107,1.00006103515625,1.999969482421875,1.00006103515625,1.999969482421875,,,1203535,24,1,3,0
2200,1203653,6554,13107,1.00006103515625,1.999969482421875,1.00006103515625,1.999969482421875,,,1203660,24,1,3,0
2201,1203778,6554,13107,1.00006103515625,1.999969482421875,1.00006103515625,1.999969482421875,,,1203786,23,1,3,0
2202,1203904,6554,13107,1.00006103515625,1.999969482421875,1.00006103515625,1.999969482421875,,,1203911,23,1,3,0
2203,1204029,6554,13107,1.00006103515625,1.999969482421875,1.00006103515625,1.999969482421875,,,1204036,24,1,3,0
2204,1204154,6554,13107,1.00006103515625,1.999969482421875,1.00006103515625,1.999969482421875,,,1204161,24,1,3,0
2205,1204279,6554,13107,1.00006103515625,1.999969482421875,1.00006103515625,1.999969482421875,,,1204287,23,1,3,0
2206,1204405,6554,13107,1.00006103515625,1.999969482421875,1.00006103515625,1.999969482421875,,,1204412,23,1,3,0
2207,1204530,6554,13107,1.00006103515625,1.999969482421875,1.00006103515625,1.999969482421875,,,1204537,24,1,3,0
2208,1204655,6554,13107,1.00006103515625,1.999969482421875,1.00006103515625,1.999969482421875,,,1204662,24,1,3,0
2209,1204780,6554,13107,1.00006103515625,1.999969482421875,1.00006103515625,1.999969482421875,,,1204788,23,1,3,0
2210,1204906,6554,13107,1.00006103515625,1.999969482421875,1.00006103515625,1.999969482421875,,,1204913,23,1,3,0
2211,1205031,6554,13107,1.00006103515625,1.999969482421875,1.00006103515625,1.999969482421875,,,1205038,24,1,3,0
2212,1205156,6554,13107,1.00006103515625,1.999969482421875,1.00006103515625,1.999969482421875,,,1205163,24,1,3,0
2213,1205281,6554,13107,1.00006103515625,1.999969482421875,1.00006103515625,1.999969482421875,,,1205289,23,1,3,0
2214,1205407,6554,13107,1.00006103515625,1.999969482421875,1.00006103515625,1.999969482421875,,,1205414,23,1,3,0
2215,1205532,6554,13107,1.00006103515625,1.999969482421875,1.00006103515625,1.999969482421875,,,1205539,24,1,3,0
2216,1205657,6554,13107,1.00006103515625,1.999969482421875,1.00006103515625,1.999969482421875,,,1205664,24,1,3,0
2217,1205782,6554,13107,1.00006103515625,1.999969482421875,1.00006103515625,1.999969482421875,,,1205790,23,1,3,0
2218,1205908,6554,13107,1.00006103515625,1.999969482421875,1.00006103515625,1.999969482421875,,,1205917,23,1,3,0
2219,1206033,6554,13107,1.00006103515625,1.999969482421875,1.00006103515625,1.999969482421875,,,1206040,24,1,3,0
2220,1206158,6554,13107,1.00006103515625,1.999969482421875,1.00006103515625,1.999969482421875,,,1206165,24,1,3,0
2221,1206283,6554,13107,1.00006103515625,1.999969482421875,1.00006103515625,1.999969482421875,,,1206291,23,1,3,0
2222,1206409,6554,13107,1.00006103515625,1.999969482421875,1.00006103515625,1.999969482421875,,,1206416,23,1,3,0
2223,1206534,6554,13107,1.00006103515625,1.999969482421875,1.00006103515625,1.999969482421875,,,1206541,24,1,3,0
2224,1206659,6554,13107,1.00006103515625,1.999969482421875,1.00006103515625,1.999969482421875,,,1206666,24,1,3,0
2225,1206784,6554,13107,1.00006103515625,1.999969482421875,1.00006103515625,1.999969482421875,,,1206792,23,1,3,0
2226,1206910,6554,13107,1.00006103515625,1.999969482421875,1.00006103515625,1.999969482421875,,,1206917,23,1,3,0
2227,1207035,6554,13107,1.00006103515625,1.999969482421875,1.00006103515625,1.999969482421875,,,1207042,24,1,3,0
2228,1207160,6554,13107,1.00006103515625,1.999969482421875,1.00006103515625,1.999969482421875,,,1207167,24,1,3,0
2229,1207285,6554,13107,1.00006103515625,1.999969482421875,1.00006103515625,1.999969482421875,,,1207293,23,1,3,0
2230,1207411,6554,13107,1.00006103515625,1.999969482421875,1.00006103515625,1.999969482421875,,,1207418,23,1,3,0
2231,1207536,6554,13107,1.00006103515625,1.999969482421875,1.00006103515625,1.999969482421875,,,1207543,24,1,3,0
2232,1207661,6554,13107,1.00006103515625,1.999969482421875,1.00006103515625,1.999969482421875,,,1207668,24,1,3,0
2233,1207786,6554,13107,1.00006103515625,1.999969482421875,1.00006103515625,1.999969482421875,,,1207794,23,1,3,0
2234,1207912,6554,13107,1.00006103515625,1.999969482421875,1.00006103515625,1.999969482421875,,,1207919,23,1,3,0
2235,1208037,6554,13107,1.00006103515625,1.999969482421875,1.00006103515625,1.999969482421875,,,1208044,24,1,3,0
2236,1208162,6554,13107,1.00006103515625,1.999969482421875,1.00006103515625,1.999969482421875,,,1208169,24,1,3,0
2237,1208287,6554,13107,1.00006103515625,1.999969482421875,1.00006103515625,1.999969482421875,,,1208295,23,1,3,0
2238,1208413,6554,13107,1.00006103515625,1.999969482421875,1.00006103515625,1.999969482421875,,,1208420,23,1,3,0
2239,1208538,6554,13107,1.00006103515625,1.999969482421875,1.00006103515625,1.999969482421875,,,1208546,23,1,3,0
2240,1208663,6554,13107,1.00006103515625,1.999969482421875,1.00006103515625,1.999969482421875,,,1208670,24,1,3,0
2241,1208788,6554,13107,1.00006103515625,1.999969482421875,1.00006103515625,1.999969482421875,,,1208796,23,1,3,0
2242,1208914,6554,13107,1.00006103515625,1.999969482421875,1.00006103515625,1.999969482421875,,,1208921,23,1,3,0
2243,1209039,6554,13107,1.00006103515625,1.999969482421875,1.00006103515625,1.999969482421875,,,1209046,24,1,3,0
2244,1209164,6554,13107,1.00006103515625,1.999969482421875,1.00006103515625,1.999969482421875,,,1209171,24,1,3,0
2245,1209289,6554,13107,1.00006103515625,1.999969482421875,1.00006103515625,1.999969482421875,,,1209297,23,1,3,0
2246,1209415,6554,13107,1.00006103515625,1.999969482421875,1.00006103515625,1.999969482421875,,,1209422,23,1,3,0
2247,1209540,6554,13107,1.00006103515625,1.999969482421875,1.00006103515625,1.999969482421875,,,1209549,24,1,3,0
2248,1209665,6554,13107,1.00006103515625,1.999969482421875,1.00006103515625,1.999969482421875,,,1209672,24,1,3,0
2249,1209790,6554,13107,1.00006103515625,1.999969482421875,1.00006103515625,1.999969482421875,,,1209798,23,1,3,0
2250,1209916,6554,13107,1.00006103515625,1.999969482421875,1.00006103515625,1.999969482421875,,,1209923,23,1,3,0
2251,1210041,6554,13107,1.00006103515625,1.999969482421875,1.00006103515625,1.999969482421875,,,1210048,24,1,3,0
2252,1210166,6554,13107,1.00006103515625,1.999969482421875,1.00006103515625,1.999969482421875,,,1210173,24,1,3,0
2253,1210291,6554,13107,1.00006103515625,1.999969482421875,1.00006103515625,1.999969482421875,,,1210299,23,1,3,0
2254,1210417,6554,13107,1.00006103515625,1.999969482421875,1.00006103515625,1.999969482421875,,,1210424,24,1,3,0
2255,1210542,6554,13107,1.00006103515625,1.999969482421875,1.00006103515625,1.999969482421875,,,1210549,24,1,3,0
2256,1210667,6554,13107,1.00006103515625,1.999969482421875,1.00006103515625,1.999969482421875,,,1210674,24,1,3,0
2257,1210792,6554,13107,1.00006103515625,1.999969482421875,1.00006103515625,1.999969482421875,,,1210800,23,1,3,0
2258,1210918,6554,13107,1.00006103515625,1.999969482421875,1.00006103515625,1.999969482421875,,,1210925,23,1,3,0
2259,1211043,6554,13107,1.00006103515625,1.999969482421875,1.00006103515625,1.999969482421875,,,1211050,24,1,3,0
2260,1211168,6554,13107,1.00006103515625,1.999969482421875,1.00006103515625,1.999969482421875,,,1211175,24,1,3,0
2261,1211293,6554,13107,1.00006103515625,1.999969482421875,1.00006103515625,1.999969482421875,,,1211301,23,1,3,0
2262,1211419,6554,13107,1.00006103515625,1.999969482421875,1.00006103515625,1.999969482421875,,,1211426,23,1,3,0
2263,1211544,6554,13107,1.00006103515625,1.999969482421875,1.00006103515625,1.999969482421875,,,1211551,24,1,3,0
2264,1211669,6554,13107,1.00006103515625,1.999969482421875,1.00006103515625,1.999969482421875,,,1211676,24,1,3,0
2265,1211794,6554,13107,1.00006103515625,1.999969482421875,1.00006103515625,1.999969482421875,,,1211802,23,1,3,0
2266,1211920,6554,13107,1.00006103515625,1.999969482421875,1.00006103515625,1.999969482421875,,,1211927,23,1,3,0
2267,1212045,6554,13107,1.00006103515625,1.999969482421875,1.00006103515625,1.999969482421875,,,1212052,24,1,3,0
2268,1212170,6554,13107,1.00006103515625,1.999969482421875,1.00006103515625,1.999969482421875,,,1212177,24,1,3,0
2269,1212295,6554,13107,1.00006103515625,1.999969482421875,1.00006103515625,1.999969482421875,,,1212303,23,1,3,0
2270,1212421,6554,13107,1.00006103515625,1.999969482421875,1.00006103515625,1.999969482421875,,,1212428,23,1,3,0
2271,1212546,6554,13107,1.00006103515625,1.999969482421875,1.00006103515625,1.999969482421875,,,1212555,23,1,3,0
2272,1212671,6554,13107,1.00006103515625,1.999969482421875,1.00006103515625,1.999969482421875,,,1212678,24,1,3,0
2273,1212796,6554,13107,1.00006103515625,1.999969482421875,1.00006103515625,1.999969482421875,,,1212804,23,1,3,0
2274,1212922,6554,13107,1.00006103515625,1.999969482421875,1.00006103515625,1.999969482421875,,,1212929,23,1,3,0
2275,1213047,6554,13107,1.00006103515625,1.999969482421875,1.00006103515625,1.999969482421875,,,1213054,24,1,3,0
2276,1213172,6554,13107,1.00006103515625,1.999969482421875,1.00006103515625,1.999969482421875,,,1213179,24,1,3,0
2277,1213297,6554,13107,1.00006103515625,1.999969482421875,1.00006103515625,1.999969482421875,,,1213305,23,1,3,0
2278,1213423,6554,13107,1.00006103515625,1.999969482421875,1.00006103515625,1.999969482421875,,,1213430,23,1,3,0
2279,1213548,6554,13107,1.00006103515625,1.999969482421875,1.00006103515625,1.999969482421875,,,1213555,24,1,3,0
2280,1213673,6554,13107,1.00006103515625,1.999969482421875,1.00006103515625,1.999969482421875,,,1213680,24,1,3,0
2281,1213798,6554,13107,1.00006103515625,1.999969482421875,1.00006103515625,1.999969482421875,,,1213806,23,1,3,0
2282,1213924,6554,13107,1.00006103515625,1.999969482421875,1.00006103515625,1.999969482421875,,,1213931,23,1,3,0
2283,1214049,6554,13107,1.00006103515625,1.999969482421875,1.00006103515625,1.999969482421875,,,1214056,24,1,3,0
2284,1214174,6554,13107,1.00006103515625,1.999969482421875,1.00006103515625,1.999969482421875,,,1214181,24,1,3,0
2285,1214299,6554,13107,1.00006103515625,1.999969482421875,1.00006103515625,1.999969482421875,,,1214307,23,1,3,0
2286,1214425,6554,13107,1.00006103515625,1.999969482421875,1.00006103515625,1.999969482421875,,,1214432,23,1,3,0
2287,1214550,6554,13107,1.00006103515625,1.999969482421875,1.00006103515625,1.999969482421875,,,1214557,24,1,3,0
2288,1214675,6554,13107,1.00006103515625,1.999969482421875,1.00006103515625,1.999969482421875,,,1214682,24,1,3,0
2289,1214800,6554,13107,1.00006103515625,1.999969482421875,1.00006103515625,1.999969482421875,,,1214808,23,1,3,0
2290,1214926,6554,13107,1.00006103515625,1.999969482421875,1.00006103515625,1.999969482421875,,,1214933,23,1,3,0
2291,1215051,6554,13107,1.00006103515625,1.999969482421875,1.00006103515625,1.999969482421875,,,1215058,24,1,3,0
2292,1215176,6554,13107,1.00006103515625,1.999969482421875,1.00006103515625,1.999969482421875,,,1215183,24,1,3,0
2293,1215301,6554,13107,1.00006103515625,1.999969482421875,1.00006103515625,1.999969482421875,,,1215309,23,1,3,0
2294,1215427,6554,13107,1.00006103515625,1.999969482421875,1.00006103515625,1.999969482421875,,,1215434,23,1,3,0
2295,1215552,6554,13107,1.00006103515625,1.999969482421875,1.00006103515625,1.999969482421875,,,1215559,24,1,3,0
2296,1215677,6554,13107,1.00006103515625,1.999969482421875,1.00006103515625,1.999969482421875,,,1215684,24,1,3,0
2297,1215802,6554,13107,1.00006103515625,1.999969482421875,1.00006103515625,1.999969482421875,,,1215810,23,1,3,0
2298,1215928,6554,13107,1.00006103515625,1.999969482421875,1.00006103515625,1.999969482421875,,,1215935,23,1,3,0
2299,1216053,6554,13107,1.00006103515625,1.999969482421875,1.00006103515625,1.999969482421875,,,1216060,24,1,3,0
2300,1216178,6554,13107,1.00006103515625,1.999969482421875,1.00006103515625,1.999969482421875,,,1216185,24,1,3,0
2301,1216303,6554,13107,1.00006103515625,1.999969482421875,1.00006103515625,1.999969482421875,,,1216311,23,1,3,0
2302,1216429,6554,13107,1.00006103515625,1.999969482421875,1.00006103515625,1.999969482421875,,,1216436,23,1,3,0
2303,1216554,6554,13107,1.00006103515625,1.999969482421875,1.00006103515625,1.999969482421875,,,1216562,24,1,3,0
2304,1216679,6554,13107,1.00006103515625,1.999969482421875,1.00006103515625,1.999969482421875,,,1216686,24,1,3,0
2305,1216804,6554,13107,1.00006103515625,1.999969482421875,1.00006103515625,1.999969482421875,,,1216812,23,1,3,0
2306,1216930,6554,13107,1.00006103515625,1.999969482421875,1.00006103515625,1.999969482421875,,,1216937,23,1,3,0
2307,1217055,6554,13107,1.00006103515625,1.999969482421875,1.00006103515625,1.999969482421875,,,1217062,24,1,3,0
2308,1217180,6554,13107,1.00006103515625,1.999969482421875,1.00006103515625,1.999969482421875,,,1217187,24,1,3,0
2309,1217305,6554,13107,1.00006103515625,1.999969482421875,1.00006103515625,1.999969482421875,,,1217313,23,1,3,0
2310,1217431,6554,13107,1.00006103515625,1.999969482421875,1.00006103515625,1.999969482421875,,,1217438,24,1,3,0
2311,1217556,6554,13107,1.00006103515625,1.999969482421875,1.00006103515625,1.999969482421875,,,1217563,24,1,3,0
2312,1217681,6554,13107,1.00006103515625,1.999969482421875,1.00006103515625,1.999969482421875,,,1217688,24,1,3,0
2313,1217806,6554,13107,1.00006103515625,1.999969482421875,1.00006103515625,1.999969482421875,,,1217814,23,1,3,0
2314,1217932,6554,13107,1.00006103515625,1.999969482421875,1.00006103515625,1.999969482421875,,,1217939,24,1,3,0
2315,1218057,6554,13107,1.00006103515625,1.999969482421875,1.00006103515625,1.999969482421875,,,1218064,24,1,3,0
2316,1218182,6554,13107,1.00006103515625,1.999969482421875,1.00006103515625,1.999969482421875,,,1218189,24,1,3,0
2317,1218307,6554,13107,1.00006103515625,1.999969482421875,1.00006103515625,1.999969482421875,,,1218315,23,1,3,0
2318,1218433,6554,13107,1.00006103515625,1.999969482421875,1.00006103515625,1.999969482421875,,,1218440,24,1,3,0
2319,1218558,6554,13107,1.00006103515625,1.999969482421875,1.00006103515625,1.999969482421875,,,1218565,24,1,3,0
2320,1218683,6554,13107,1.00006103515625,1.999969482421875,1.00006103515625,1.999969482421875,,,1218690,24,1,3,0
2321,1218808,6554,13107,1.00006103515625,1.999969482421875,1.00006103515625,1.999969482421875,,,1218816,23,1,3,0
2322,1218934,6554,13107,1.00006103515625,1.999969482421875,1.00006103515625,1.999969482421875,,,1218941,24,1,3,0
2323,1219059,6554,13107,1.00006103515625,1.999969482421875,1.00006103515625,1.999969482421875,,,1219066,24,1,3,0
2324,1219184,6554,13107,1.00006103515625,1.999969482421875,1.00006103515625,1.999969482421875,,,1219191,24,1,3,0
2325,1219309,6554,13107,1.00006103515625,1.999969482421875,1.00006103515625,1.999969482421875,,,1219317,23,1,3,0
2326,1219435,6554,13107,1.00006103515625,1.999969482421875,1.00006103515625,1.999969482421875,,,1219443,24,1,3,0
2327,1219560,6554,13107,1.00006103515625,1.999969482421875,1.00006103515625,1.999969482421875,,,1219567,24,1,3,0
2328,1219685,6554,13107,1.00006103515625,1.999969482421875,1.00006103515625,1.999969482421875,,,1219692,24,1,3,0
2329,1219810,6554,13107,1.00006103515625,1.999969482421875,1.00006103515625,1.999969482421875,,,1219818,23,1,3,0
2330,1219936,6554,13107,1.00006103515625,1.999969482421875,1.00006103515625,1.999969482421875,,,1219943,24,1,3,0
2331,1220061,6554,13107,1.00006103515625,1.999969482421875,1.00006103515625,1.999969482421875,,,1220068,24,1,3,0
2332,1220186,6554,13107,1.00006103515625,1.999969482421875,1.00006103515625,1.999969482421875,,,1220193,24,1,3,0
2333,1220311,6554,13107,1.00006103515625,1.999969482421875,1.00006103515625,1.999969482421875,,,1220319,23,1,3,0
2334,1220437,6554,13107,1.00006103515625,1.999969482421875,1.00006103515625,1.999969482421875,,,1220444,24,1,3,0
2335,1220562,6554,13107,1.00006103515625,1.999969482421875,1.00006103515625,1.999969482421875,,,1220569,24,1,3,0
2336,1220687,6554,13107,1.00006103515625,1.999969482421875,1.00006103515625,1.999969482421875,,,1220694,24,1,3,0
2337,1220812,6554,13107,1.00006103515625,1.999969482421875,1.00006103515625,1.999969482421875,,,1220820,23,1,3,0
2338,1220938,6554,13107,1.00006103515625,1.999969482421875,1.00006103515625,1.999969482421875,,,1220945,24,1,3,0
2339,1221063,6554,13107,1.00006103515625,1.999969482421875,1.00006103515625,1.999969482421875,,,1221070,24,1,3,0
2340,1221188,6554,13107,1.00006103515625,1.999969482421875,1.00006103515625,1.999969482421875,,,1221195,24,1,3,0
2341,1221313,6554,13107,1.00006103515625,1.999969482421875,1.00006103515625,1.999969482421875,,,1221321,23,1,3,0
2342,1221439,6554,13107,1.00006103515625,1.999969482421875,1.00006103515625,1.999969482421875,,,1221446,24,1,3,0
2343,1221564,6554,13107,1.00006103515625,1.999969482421875,1.00006103515625,1.999969482421875,,,1221571,24,1,3,0
2344,1221689,6554,13107,1.00006103515625,1.999969482421875,1.00006103515625,1.999969482421875,,,1221696,24,1,3,0
2345,1221814,6554,13107,1.00006103515625,1.999969482421875,1.00006103515625,1.999969482421875,,,1221822,23,1,3,0
2346,1221940,6554,13107,1.00006103515625,1.999969482421875,1.00006103515625,1.999969482421875,,,1221947,24,1,3,0
2347,1222065,6554,13107,1.00006103515625,1.999969482421875,1.00006103515625,1.999969482421875,,,1222072,24,1,3,0
2348,1222190,6554,13107,1.00006103515625,1.999969482421875,1.00006103515625,1.999969482421875,,,1222197,24,1,3,0
2349,1222315,6554,13107,1.00006103515625,1.999969482421875,1.00006103515625,1.999969482421875,,,1222323,23,1,3,0
2350,1222441,6554,13107,1.00006103515625,1.999969482421875,1.00006103515625,1.999969482421875,,,1222448,24,1,3,0
2351,1222566,6554,13107,1.00006103515625,1.999969482421875,1.00006103515625,1.999969482421875,,,1222573,24,1,3,0
2352,1222691,6554,13107,1.00006103515625,1.999969482421875,1.00006103515625,1.999969482421875,,,1222698,24,1,3,0
2353,1222816,6554,13107,1.00006103515625,1.999969482421875,1.00006103515625,1.999969482421875,,,1222824,23,1,3,0
2354,1222942,6554,13107,1.00006103515625,1.999969482421875,1.00006103515625,1.999969482421875,,,1222949,24,1,3,0
2355,1223067,6554,13107,1.00006103515625,1.999969482421875,1.00006103515625,1.999969482421875,,,1223074,24,1,3,0
2356,1223192,6554,13107,1.00006103515625,1.999969482421875,1.00006103515625,1.999969482421875,,,1223199,24,1,3,0
2357,1223318,6554,13107,1.00006103515625,1.999969482421875,1.00006103515625,1.999969482421875,,,1223325,23,1,3,0
2358,1223443,6554,13107,1.00006103515625,1.999969482421875,1.00006103515625,1.999969482421875,,,1223450,24,1,3,0
2359,1223568,6554,13107,1.00006103515625,1.999969482421875,1.00006103515625,1.999969482421875,,,1223575,24,1,3,0
2360,1223693,6554,13107,1.00006103515625,1.999969482421875,1.00006103515625,1.999969482421875,,,1223700,24,1,3,0
2361,1223819,6554,13107,1.00006103515625,1.999969482421875,1.00006103515625,1.999969482421875,,,1223826,23,1,3,0
2362,1223944,6554,13107,1.00006103515625,1.999969482421875,1.00006103515625,1.999969482421875,,,1223951,24,1,3,0
2363,1224069,6554,13107,1.00006103515625,1.999969482421875,1.00006103515625,1.999969482421875,,,1224076,24,1,3,0
2364,1224194,6554,13107,1.00006103515625,1.999969482421875,1.00006103515625,1.999969482421875,,,1224201,24,1,3,0
2365,1224320,6554,13107,1.00006103515625,1.999969482421875,1.00006103515625,1.999969482421875,,,1224327,23,1,3,0
2366,1224445,6554,13107,1.00006103515625,1.999969482421875,1.00006103515625,1.999969482421875,,,1224452,24,1,3,0
2367,1224570,6554,13107,1.00006103515625,1.999969482421875,1.00006103515625,1.999969482421875,,,1224577,24,1,3,0
2368,1224695,6554,13107,1.00006103515625,1.999969482421875,1.00006103515625,1.999969482421875,,,1224702,24,1,3,0
2369,1224821,6554,13107,1.00006103515625,1.999969482421875,1.00006103515625,1.999969482421875,,,1224828,23,1,3,0
2370,1224946,6554,13107,1.00006103515625,1.999969482421875,1.00006103515625,1.999969482421875,,,1224953,24,1,3,0
2371,1225071,6554,13107,1.00006103515625,1.999969482421875,1.00006103515625,1.999969482421875,,,1225078,24,1,3,0
2372,1225196,6554,13107,1.00006103515625,1.999969482421875,1.00006103515625,1.999969482421875,,,1225203,24,1,3,0
2373,1225322,6554,13107,1.00006103515625,1.999969482421875,1.00006103515625,1.999969482421875,,,1225329,23,1,3,0
2374,1225447,6554,13107,1.00006103515625,1.999969482421875,1.00006103515625,1.999969482421875,,,1225454,24,1,3,0
2375,1225572,6554,13107,1.00006103515625,1.999969482421875,1.00006103515625,1.999969482421875,,,1225579,24,1,3,0
2376,1225697,6554,13107,1.00006103515625,1.999969482421875,1.00006103515625,1.999969482421875,,,1225704,24,1,3,0
2377,1225823,6554,13107,1.00006103515625,1.999969482421875,1.00006103515625,1.999969482421875,,,1225830,23,1,3,0
2378,1225948,6554,13107,1.00006103515625,1.999969482421875,1.00006103515625,1.999969482421875,,,1225955,24,1,3,0
2379,1226073,6554,13107,1.00006103515625,1.999969482421875,1.00006103515625,1.999969482421875,,,1226080,24,1,3,0
2380,1226198,6554,13107,1.00006103515625,1.999969482421875,1.00006103515625,1.999969482421875,,,1226205,24,1,3,0
2381,1226324,6554,13107,1.00006103515625,1.999969482421875,1.00006103515625,1.999969482421875,,,1226331,23,1,3,0
2382,1226449,6554,13107,1.00006103515625,1.999969482421875,1.00006103515625,1.999969482421875,,,1226456,24,1,3,0
2383,1226574,6554,13107,1.00006103515625,1.999969482421875,1.00006103515625,1.999969482421875,,,1226581,24,1,3,0
2384,1226699,6554,13107,1.00006103515625,1.999969482421875,1.00006103515625,1.999969482421875,,,1226706,24,1,3,0
2385,1226825,6554,13107,1.00006103515625,1.999969482421875,1.00006103515625,1.999969482421875,,,1226832,23,1,3,0
2386,1226950,6554,13107,1.00006103515625,1.999969482421875,1.00006103515625,1.999969482421875,,,1226957,24,1,3,0
2387,1227075,6554,13107,1.00006103515625,1.999969482421875,1.00006103515625,1.999969482421875,,,1227082,24,1,3,0
2388,1227200,6554,13107,1.00006103515625,1.999969482421875,1.00006103515625,1.999969482421875,,,1227207,24,1,3,0
2389,1227326,6554,13107,1.00006103515625,1.999969482421875,1.00006103515625,1.999969482421875,,,1227333,23,1,3,0
2390,1227451,6554,13107,1.00006103515625,1.999969482421875,1.00006103515625,1.999969482421875,,,1227458,24,1,3,0
2391,1227576,6554,13107,1.00006103515625,1.999969482421875,1.00006103515625,1.999969482421875,,,1227583,24,1,3,0
2392,1227701,6554,13107,1.00006103515625,1.999969482421875,1.00006103515625,1.999969482421875,,,1227708,24,1,3,0
2393,1227827,6554,13107,1.00006103515625,1.999969482421875,1.00006103515625,1.999969482421875,,,1227834,23,1,3,0
2394,1227952,6554,13107,1.00006103515625,1.999969482421875,1.00006103515625,1.999969482421875,,,1227959,24,1,3,0
2395,1228077,6554,13107,1.00006103515625,1.999969482421875,1.00006103515625,1.999969482421875,,,1228084,24,1,3,0
2396,1228202,6554,13107,1.00006103515625,1.999969482421875,1.00006103515625,1.999969482421875,,,1228209,24,1,3,0
2397,1228328,6554,13107,1.00006103515625,1.999969482421875,1.00006103515625,1.999969482421875,,,1228335,23,1,3,0
2398,1228453,6554,13107,1.00006103515625,1.999969482421875,1.00006103515625,1.999969482421875,,,1228460,24,1,3,0
2399,1228578,6554,13107,1.00006103515625,1.999969482421875,1.00006103515625,1.999969482421875,,,1228585,24,1,3,0
2400,1228703,6554,13107,1.00006103515625,1.999969482421875,1.00006103515625,1.999969482421875,,,1228710,24,1,3,0
2401,1228829,6554,13107,1.00006103515625,1.999969482421875,1.00006103515625,1.999969482421875,,,1228836,23,1,3,0
2402,1228954,6554,13107,1.00006103515625,1.999969482421875,1.00006103515625,1.999969482421875,,,1228961,24,1,3,0
2403,1229079,6554,13107,1.00006103515625,1.999969482421875,1.00006103515625,1.999969482421875,,,1229086,24,1,3,0
2404,1229204,6554,13107,1.00006103515625,1.999969482421875,1.00006103515625,1.999969482421875,,,1229211,24,1,3,0
2405,1229330,6554,13107,1.00006103515625,1.999969482421875,1.00006103515625,1.999969482421875,,,1229337,23,1,3,0
2406,1229455,6554,13107,1.00006103515625,1.999969482421875,1.00006103515625,1.999969482421875,,,1229462,24,1,3,0
2407,1229580,6554,13107,1.00006103515625,1.999969482421875,1.00006103515625,1.999969482421875,,,1229587,24,1,3,0
2408,1229705,6554,13107,1.00006103515625,1.999969482421875,1.00006103515625,1.999969482421875,,,1229712,24,1,3,0
2409,1229831,6554,13107,1.00006103515625,1.999969482421875,1.00006103515625,1.999969482421875,,,1229838,23,1,3,0
2410,1229956,6554,13107,1.00006103515625,1.999969482421875,1.00006103515625,1.999969482421875,,,1229963,24,1,3,0
2411,1230081,6554,13107,1.00006103515625,1.999969482421875,1.00006103515625,1.999969482421875,,,1230088,24,1,3,0
2412,1230206,6554,13107,1.00006103515625,1.999969482421875,1.00006103515625,1.999969482421875,,,1230213,24,1,3,0
2413,1230332,6554,13107,1.00006103515625,1.999969482421875,1.00006103515625,1.999969482421875,,,1230339,23,1,3,0
2414,1230457,6554,13107,1.00006103515625,1.999969482421875,1.00006103515625,1.999969482421875,,,1230464,24,1,3,0
2415,1230582,6554,13107,1.00006103515625,1.999969482421875,1.00006103515625,1.999969482421875,,,1230589,24,1,3,0
2416,1230707,6554,13107,1.00006103515625,1.999969482421875,1.00006103515625,1.999969482421875,,,1230714,24,1,3,0
2417,1230833,6554,13107,1.00006103515625,1.999969482421875,1.00006103515625,1.999969482421875,,,1230840,23,1,3,0
2418,1230958,6554,13107,1.00006103515625,1.999969482421875,1.00006103515625,1.999969482421875,,,1230965,24,1,3,0
2419,1231083,6554,13107,1.00006103515625,1.999969482421875,1.00006103515625,1.999969482421875,,,1231090,24,1,3,0
2420,1231208,6554,13107,1.00006103515625,1.999969482421875,1.00006103515625,1.999969482421875,,,1231215,24,1,3,0
2421,1231334,6554,13107,1.00006103515625,1.999969482421875,1.00006103515625,1.999969482421875,,,1231342,23,1,3,0
2422,1231459,6554,13107,1.00006103515625,1.999969482421875,1.00006103515625,1.999969482421875,,,1231466,24,1,3,0
2423,1231584,6554,13107,1.00006103515625,1.999969482421875,1.00006103515625,1.999969482421875,,,1231591,24,1,3,0
2424,1231709,6554,13107,1.00006103515625,1.999969482421875,1.00006103515625,1.999969482421875,,,1231716,24,1,3,0
2425,1231835,6554,13107,1.00006103515625,1.999969482421875,1.00006103515625,1.999969482421875,,,1231842,23,1,3,0
2426,1231960,6554,13107,1.00006103515625,1.999969482421875,1.00006103515625,1.999969482421875,,,1231967,24,1,3,0
2427,1232085,6554,13107,1.00006103515625,1.999969482421875,1.00006103515625,1.999969482421875,,,1232092,24,1,3,0
2428,1232210,6554,13107,1.00006103515625,1.999969482421875,1.00006103515625,1.999969482421875,,,1232217,24,1,3,0
2429,1232336,6554,13107,1.00006103515625,1.999969482421875,1.00006103515625,1.999969482421875,,,1232343,23,1,3,0
2430,1232461,6554,13107,1.00006103515625,1.999969482421875,1.00006103515625,1.999969482421875,,,1232468,24,1,3,0
2431,1232586,6554,13107,1.00006103515625,1.999969482421875,1.00006103515625,1.999969482421875,,,1232593,24,1,3,0
2432,1232711,6554,13107,1.00006103515625,1.999969482421875,1.00006103515625,1.999969482421875,,,1232718,24,1,3,0
2433,1232837,6554,13107,1.00006103515625,1.999969482421875,1.00006103515625,1.999969482421875,,,1232844,23,1,3,0
2434,1232962,6554,13107,1.00006103515625,1.999969482421875,1.00006103515625,1.999969482421875,,,1232969,24,1,3,0
2435,1233087,6554,13107,1.00006103515625,1.999969482421875,1.00006103515625,1.999969482421875,,,1233094,24,1,3,0
2436,1233212,6554,13107,1.00006103515625,1.999969482421875,1.00006103515625,1.999969482421875,,,1233219,24,1,3,0
2437,1233338,6554,13107,1.00006103515625,1.999969482421875,1.00006103515625,1.999969482421875,,,1233345,23,1,3,0
2438,1233463,6554,13107,1.00006103515625,1.999969482421875,1.00006103515625,1.999969482421875,,,1233470,24,1,3,0
2439,1233588,6554,13107,1.00006103515625,1.999969482421875,1.00006103515625,1.999969482421875,,,1233595,24,1,3,0
2440,1233713,6554,13107,1.00006103515625,1.999969482421875,1.00006103515625,1.999969482421875,,,1233720,24,1,3,0
2441,1233839,6554,13107,1.00006103515625,1.999969482421875,1.00006103515625,1.999969482421875,,,1233846,23,1,3,0
2442,1233964,6554,13107,1.00006103515625,1.999969482421875,1.00006103515625,1.999969482421875,,,1233971,24,1,3,0
2443,1234089,6554,13107,1.00006103515625,1.999969482421875,1.00006103515625,1.999969482421875,,,1234096,24,1,3,0
2444,1234214,6554,13107,1.00006103515625,1.999969482421875,1.00006103515625,1.999969482421875,,,1234221,24,1,3,0
2445,1234340,6554,13107,1.00006103515625,1.999969482421875,1.00006103515625,1.999969482421875,,,1234347,23,1,3,0
2446,1234465,6554,13107,1.00006103515625,1.999969482421875,1.00006103515625,1.999969482421875,,,1234472,24,1,3,0
2447,1234590,6554,13107,1.00006103515625,1.999969482421875,1.00006103515625,1.999969482421875,,,1234597,24,1,3,0
2448,1234715,6554,13107,1.00006103515625,1.999969482421875,1.00006103515625,1.999969482421875,,,1234722,24,1,3,0
2449,1234841,6554,13107,1.00006103515625,1.999969482421875,1.00006103515625,1.999969482421875,,,1234848,23,1,3,0
2450,1234966,6554,13107,1.00006103515625,1.999969482421875,1.00006103515625,1.999969482421875,,,1234973,24,1,3,0
2451,1235091,6554,13107,1.00006103515625,1.999969482421875,1.00006103515625,1.999969482421875,,,1235098,24,1,3,0
2452,1235216,6554,13107,1.00006103515625,1.999969482421875,1.00006103515625,1.999969482421875,,,1235223,24,1,3,0
2453,1235342,6554,13107,1.00006103515625,1.999969482421875,1.00006103515625,1.999969482421875,,,1235349,23,1,3,0
2454,1235467,6554,13107,1.00006103515625,1.999969482421875,1.00006103515625,1.999969482421875,,,1235474,24,1,3,0
2455,1235592,6554,13107,1.00006103515625,1.999969482421875,1.00006103515625,1.999969482421875,,,1235599,24,1,3,0
2456,1235717,6554,13107,1.00006103515625,1.999969482421875,1.00006103515625,1.999969482421875,,,1235724,24,1,3,0
2457,1235842,6554,13107,1.00006103515625,1.999969482421875,1.00006103515625,1.999969482421875,,,1235850,23,1,3,0
2458,1235968,6554,13107,1.00006103515625,1.999969482421875,1.00006103515625,1.999969482421875,,,1235975,23,1,3,0
2459,1236093,6554,13107,1.00006103515625,1.999969482421875,1.00006103515625,1.999969482421875,,,1236100,24,1,3,0
2460,1236218,6554,13107,1.00006103515625,1.999969482421875,1.00006103515625,1.999969482421875,,,1236225,24,1,3,0
2461,1236343,6554,13107,1.00006103515625,1.999969482421875,1.00006103515625,1.999969482421875,,,1236351,23,1,3,0
2462,1236469,6554,13107,1.00006103515625,1.999969482421875,1.00006103515625,1.999969482421875,,,1236476,23,1,3,0
2463,1236594,6554,13107,1.00006103515625,1.999969482421875,1.00006103515625,1.999969482421875,,,1236601,24,1,3,0
2464,1236719,6554,13107,1.00006103515625,1.999969482421875,1.00006103515625,1.999969482421875,,,1236726,24,1,3,0
2465,1236844,6554,13107,1.00006103515625,1.999969482421875,1.00006103515625,1.999969482421875,,,1236852,23,1,3,0
2466,1236970,6554,13107,1.00006103515625,1.999969482421875,1.00006103515625,1.999969482421875,,,1236977,23,1,3,0
2467,1237095,6554,13107,1.00006103515625,1.999969482421875,1.00006103515625,1.999969482421875,,,1237102,24,1,3,0
2468,1237220,6554,13107,1.00006103515625,1.999969482421875,1.00006103515625,1.999969482421875,,,1237227,24,1,3,0
2469,1237345,6554,13107,1.00006103515625,1.999969482421875,1.00006103515625,1.999969482421875,,,1237353,23,1,3,0
2470,1237471,6554,13107,1.00006103515625,1.999969482421875,1.00006103515625,1.999969482421875,,,1237478,23,1,3,0
2471,1237596,6554,13107,1.00006103515625,1.999969482421875,1.00006103515625,1.999969482421875,,,1237603,24,1,3,0
2472,1237721,6554,13107,1.00006103515625,1.999969482421875,1.00006103515625,1.999969482421875,,,1237728,24,1,3,0
2473,1237846,6554,13107,1.00006103515625,1.999969482421875,1.00006103515625,1.999969482421875,,,1237854,23,1,3,0
2474,1237972,6554,13107,1.00006103515625,1.999969482421875,1.00006103515625,1.999969482421875,,,1237979,23,1,3,0
2475,1238097,6554,13107,1.00006103515625,1.999969482421875,1.00006103515625,1.999969482421875,,,1238104,24,1,3,0
2476,1238222,6554,13107,1.00006103515625,1.999969482421875,1.00006103515625,1.999969482421875,,,1238229,24,1,3,0
2477,1238347,6554,13107,1.00006103515625,1.999969482421875,1.00006103515625,1.999969482421875,,,1238355,23,1,3,0
2478,1238473,6554,13107,1.00006103515625,1.999969482421875,1.00006103515625,1.999969482421875,,,1238480,23,1,3,0
2479,1238598,6554,13107,1.00006103515625,1.999969482421875,1.00006103515625,1.999969482421875,,,1238605,24,1,3,0
2480,1238723,6554,13107,1.00006103515625,1.999969482421875,1.00006103515625,1.999969482421875,,,1238730,24,1,3,0
2481,1238848,6554,13107,1.00006103515625,1.999969482421875,1.00006103515625,1.999969482421875,,,1238856,23,1,3,0
2482,1238974,6554,13107,1.00006103515625,1.999969482421875,1.00006103515625,1.999969482421875,,,1238981,23,1,3,0
2483,1239099,6554,13107,1.00006103515625,1.999969482421875,1.00006103515625,1.999969482421875,,,1239106,24,1,3,0
2484,1239224,6554,13107,1.00006103515625,1.999969482421875,1.00006103515625,1.999969482421875,,,1239231,24,1,3,0
2485,1239349,6554,13107,1.00006103515625,1.999969482421875,1.00006103515625,1.999969482421875,,,1239357,23,1,3,0
2486,1239475,6554,13107,1.00006103515625,1.999969482421875,1.00006103515625,1.999969482421875,,,1239484,23,1,3,0
2487,1239600,6554,13107,1.00006103515625,1.999969482421875,1.00006103515625,1.999969482421875,,,1239607,24,1,3,0
2488,1239725,6554,13107,1.00006103515625,1.999969482421875,1.00006103515625,1.999969482421875,,,1239732,24,1,3,0
2489,1239850,6554,13107,1.00006103515625,1.999969482421875,1.00006103515625,1.999969482421875,,,1239858,23,1,3,0
2490,1239976,6554,13107,1.00006103515625,1.999969482421875,1.00006103515625,1.999969482421875,,,1239983,23,1,3,0
2491,1240101,6554,13107,1.00006103515625,1.999969482421875,1.00006103515625,1.999969482421875,,,1240108,24,1,3,0
2492,1240226,6554,13107,1.00006103515625,1.999969482421875,1.00006103515625,1.999969482421875,,,1240233,24,1,3,0
2493,1240351,6554,13107,1.00006103515625,1.999969482421875,1.00006103515625,1.999969482421875,,,1240359,23,1,3,0
2494,1240477,6554,13107,1.00006103515625,1.999969482421875,1.00006103515625,1.999969482421875,,,1240484,23,1,3,0
2495,1240602,6554,13107,1.00006103515625,1.999969482421875,1.00006103515625,1.999969482421875,,,1240609,24,1,3,0
2496,1240727,6554,13107,1.00006103515625,1.999969482421875,1.00006103515625,1.999969482421875,,,1240734,24,1,3,0
2497,1240852,6554,13107,1.00006103515625,1.999969482421875,1.00006103515625,1.999969482421875,,,1240860,23,1,3,0
2498,1240978,6554,13107,1.00006103515625,1.999969482421875,1.00006103515625,1.999969482421875,,,1240985,23,1,3,0
2499,1241103,6554,13107,1.00006103515625,1.999969482421875,1.00006103515625,1.999969482421875,,,1241110,24,1,3,0
2500,1241228,6554,13107,1.00006103515625,1.999969482421875,1.00006103515625,1.999969482421875,,,1241235,24,1,3,0
2501,1241353,6554,13107,1.00006103515625,1.999969482421875,1.00006103515625,1.999969482421875,,,1241361,23,1,3,0
2502,1241479,6554,13107,1.00006103515625,1.999969482421875,1.00006103515625,1.999969482421875,,,1241486,23,1,3,0
2503,1241604,6554,13107,1.00006103515625,1.999969482421875,1.00006103515625,1.999969482421875,,,1241611,24,1,3,0
2504,1241729,6554,13107,1.00006103515625,1.999969482421875,1.00006103515625,1.999969482421875,,,1241736,24,1,3,0
2505,1241854,6554,13107,1.00006103515625,1.999969482421875,1.00006103515625,1.999969482421875,,,1241862,23,1,3,0
2506,1241980,6554,13107,1.00006103515625,1.999969482421875,1.00006103515625,1.999969482421875,,,1241987,23,1,3,0
2507,1242105,6554,13107,1.00006103515625,1.999969482421875,1.00006103515625,1.999969482421875,,,1242112,24,1,3,0
2508,1242230,6554,13107,1.00006103515625,1.999969482421875,1.00006103515625,1.999969482421875,,,1242237,24,1,3,0
2509,1242355,6554,13107,1.00006103515625,1.999969482421875,1.00006103515625,1.999969482421875,,,1242363,23,1,3,0
2510,1242481,6554,13107,1.00006103515625,1.999969482421875,1.00006103515625,1.999969482421875,,,1242488,24,1,3,0
2511,1242606,6554,13107,1.00006103515625,1.999969482421875,1.00006103515625,1.999969482421875,,,1242613,26,1,3,0
2512,1242731,6554,13107,1.00006103515625,1.999969482421875,1.00006103515625,1.999969482421875,,,1242738,24,1,3,0
2513,1242856,6554,13107,1.00006103515625,1.999969482421875,1.00006103515625,1.999969482421875,,,1242864,23,1,3,0
2514,1242982,6554,13107,1.00006103515625,1.999969482421875,1.00006103515625,1.999969482421875,,,1242989,23,1,3,0
2515,1243107,6554,13107,1.00006103515625,1.999969482421875,1.00006103515625,1.999969482421875,,,1243114,24,1,3,0
2516,1243232,6554,13107,1.00006103515625,1.999969482421875,1.00006103515625,1.999969482421875,,,1243239,24,1,3,0
2517,1243357,6554,13107,1.00006103515625,1.999969482421875,1.00006103515625,1.999969482421875,,,1243365,23,1,3,0
2518,1243483,6554,13107,1.00006103515625,1.999969482421875,1.00006103515625,1.999969482421875,,,1243490,23,1,3,0
2519,1243608,6554,13107,1.00006103515625,1.999969482421875,1.00006103515625,1.999969482421875,,,1243615,25,1,3,0
2520,1243733,6554,13107,1.00006103515625,1.999969482421875,1.00006103515625,1.999969482421875,,,1243740,24,1,3,0
2521,1243858,6554,13107,1.00006103515625,1.999969482421875,1.00006103515625,1.999969482421875,,,1243866,23,1,3,0
2522,1243984,6554,13107,1.00006103515625,1.999969482421875,1.00006103515625,1.999969482421875,,,1243991,23,1,3,0
2523,1244109,6554,13107,1.00006103515625,1.999969482421875,1.00006103515625,1.999969482421875,,,1244116,24,1,3,0
2524,1244234,6554,13107,1.00006103515625,1.999969482421875,1.00006103515625,1.999969482421875,,,1244241,24,1,3,0
2525,1244359,6554,13107,1.00006103515625,1.999969482421875,1.00006103515625,1.999969482421875,,,1244367,23,1,3,0
2526,1244485,6554,13107,1.00006103515625,1.999969482421875,1.00006103515625,1.999969482421875,,,1244492,24,1,3,0
2527,1244610,6554,13107,1.00006103515625,1.999969482421875,1.00006103515625,1.999969482421875,,,1244617,24,1,3,0
2528,1244735,6554,13107,1.00006103515625,1.999969482421875,1.00006103515625,1.999969482421875,,,1244742,24,1,3,0
2529,1244860,6554,13107,1.00006103515625,1.999969482421875,1.00006103515625,1.999969482421875,,,1244868,23,1,3,0
2530,1244986,6554,13107,1.00006103515625,1.999969482421875,1.00006103515625,1.999969482421875,,,1244993,23,1,3,0
2531,1245111,6554,13107,1.00006103515625,1.999969482421875,1.00006103515625,1.999969482421875,,,1245118,24,1,3,0
2532,1245236,6554,13107,1.00006103515625,1.999969482421875,1.00006103515625,1.999969482421875,,,1245243,24,1,3,0
2533,1245361,6554,13107,1.00006103515625,1.999969482421875,1.00006103515625,1.999969482421875,,,1245369,23,1,3,0
2534,1245487,6554,13107,1.00006103515625,1.999969482421875,1.00006103515625,1.999969482421875,,,1245494,23,1,3,0
2535,1245612,6554,13107,1.00006103515625,1.999969482421875,1.00006103515625,1.999969482421875,,,1245619,24,1,3,0
2536,1245737,6554,13107,1.00006103515625,1.999969482421875,1.00006103515625,1.999969482421875,,,1245744,24,1,3,0
2537,1245862,6554,13107,1.00006103515625,1.999969482421875,1.00006103515625,1.999969482421875,,,1245870,23,1,3,0
2538,1245988,6554,13107,1.00006103515625,1.999969482421875,1.00006103515625,1.999969482421875,,,1245995,23,1,3,0
2539,1246113,6554,13107,1.00006103515625,1.999969482421875,1.00006103515625,1.999969482421875,,,1246120,24,1,3,0
2540,1246238,6554,13107,1.00006103515625,1.999969482421875,1.00006103515625,1.999969482421875,,,1246245,24,1,3,0
2541,1246363,6554,13107,1.00006103515625,1.999969482421875,1.00006103515625,1.999969482421875,,,1246371,23,1,3,0
2542,1246489,6554,13107,1.00006103515625,1.999969482421875,1.00006103515625,1.999969482421875,,,1246496,24,1,3,0
2543,1246614,6554,13107,1.00006103515625,1.999969482421875,1.00006103515625,1.999969482421875,,,1246621,24,1,3,0
2544,1246739,6554,13107,1.00006103515625,1.999969482421875,1.00006103515625,1.999969482421875,,,1246746,24,1,3,0
2545,1246864,6554,13107,1.00006103515625,1.999969482421875,1.00006103515625,1.999969482421875,,,1246872,23,1,3,0
2546,1246990,6554,13107,1.00006103515625,1.999969482421875,1.00006103515625,1.999969482421875,,,1246997,23,1,3,0
2547,1247115,6554,13107,1.00006103515625,1.999969482421875,1.00006103515625,1.999969482421875,,,1247122,24,1,3,0
2548,1247240,6554,13107,1.00006103515625,1.999969482421875,1.00006103515625,1.999969482421875,,,1247247,24,1,3,0
2549,1247365,6554,13107,1.00006103515625,1.999969482421875,1.00006103515625,1.999969482421875,,,1247373,23,1,3,0
2550,1247491,6554,13107,1.00006103515625,1.999969482421875,1.00006103515625,1.999969482421875,,,1247499,23,1,3,0
2551,1247616,6554,13107,1.00006103515625,1.999969482421875,1.00006103515625,1.999969482421875,,,1247623,24,1,3,0
2552,1247741,6554,13107,1.00006103515625,1.999969482421875,1.00006103515625,1.999969482421875,,,1247748,24,1,3,0
2553,1247866,6554,13107,1.00006103515625,1.999969482421875,1.00006103515625,1.999969482421875,,,1247874,23,1,3,0
2554,1247992,6554,13107,1.00006103515625,1.999969482421875,1.00006103515625,1.999969482421875,,,1247999,23,1,3,0
2555,1248117,6554,13107,1.00006103515625,1.999969482421875,1.00006103515625,1.999969482421875,,,1248124,24,1,3,0
2556,1248242,6554,13107,1.00006103515625,1.999969482421875,1.00006103515625,1.999969482421875,,,1248249,24,1,3,0
2557,1248367,6554,13107,1.00006103515625,1.999969482421875,1.00006103515625,1.999969482421875,,,1248375,23,1,3,0
2558,1248493,6554,13107,1.00006103515625,1.999969482421875,1.00006103515625,1.999969482421875,,,1248501,24,1,3,0
2559,1248618,6554,13107,1.00006103515625,1.999969482421875,1.00006103515625,1.999969482421875,,,1248625,24,1,3,0
2560,1248743,6554,13107,1.00006103515625,1.999969482421875,1.00006103515625,1.999969482421875,,,1248750,24,1,3,0
2561,1248868,6554,13107,1.00006103515625,1.999969482421875,1.00006103515625,1.999969482421875,,,1248876,23,1,3,0
2562,1248994,6554,13107,1.00006103515625,1.999969482421875,1.00006103515625,1.999969482421875,,,1249001,23,1,3,0
2563,1249119,6554,13107,1.00006103515625,1.999969482421875,1.00006103515625,1.999969482421875,,,1249126,24,1,3,0
2564,1249244,6554,13107,1.00006103515625,1.999969482421875,1.00006103515625,1.999969482421875,,,1249251,24,1,3,0
2565,1249369,6554,13107,1.00006103515625,1.999969482421875,1.00006103515625,1.999969482421875,,,1249377,24,1,3,0
2566,1249495,6554,13107,1.00006103515625,1.999969482421875,1.00006103515625,1.999969482421875,,,1249503,24,1,3,0
2567,1249620,6554,13107,1.00006103515625,1.999969482421875,1.00006103515625,1.999969482421875,,,1249627,24,1,3,0
2568,1249745,6554,13107,1.00006103515625,1.999969482421875,1.00006103515625,1.999969482421875,,,1249752,24,1,3,0
2569,1249870,6554,13107,1.00006103515625,1.999969482421875,1.00006103515625,1.999969482421875,,,1249878,23,1,3,0
2570,1249996,6554,13107,1.00006103515625,1.999969482421875,1.00006103515625,1.999969482421875,,,1250003,23,1,3,0
2571,1250121,6554,13107,1.00006103515625,1.999969482421875,1.00006103515625,1.999969482421875,,,1250128,24,1,3,0
2572,1250246,6554,13107,1.00006103515625,1.999969482421875,1.00006103515625,1.999969482421875,,,1250253,24,1,3,0
2573,1250371,6554,13107,1.00006103515625,1.999969482421875,1.00006103515625,1.999969482421875,,,1250379,23,1,3,0
2574,1250497,6554,13107,1.00006103515625,1.999969482421875,1.00006103515625,1.999969482421875,,,1250504,23,1,3,0
2575,1250622,6554,13107,1.00006103515625,1.999969482421875,1.00006103515625,1.999969482421875,,,1250629,24,1,3,0
2576,1250747,6554,13107,1.00006103515625,1.999969482421875,1.00006103515625,1.999969482421875,,,1250754,24,1,3,0
2577,1250872,6554,13107,1.00006103515625,1.999969482421875,1.00006103515625,1.999969482421875,,,1250880,23,1,3,0
2578,1250998,6554,13107,1.00006103515625,1.999969482421875,1.00006103515625,1.999969482421875,,,1251005,23,1,3,0
2579,1251123,6554,13107,1.00006103515625,1.999969482421875,1.00006103515625,1.999969482421875,,,1251130,24,1,3,0
2580,1251248,6554,13107,1.00006103515625,1.999969482421875,1.00006103515625,1.999969482421875,,,1251255,24,1,3,0
2581,1251373,6554,13107,1.00006103515625,1.999969482421875,1.00006103515625,1.999969482421875,,,1251381,23,1,3,0
2582,1251499,6554,13107,1.00006103515625,1.999969482421875,1.00006103515625,1.999969482421875,,,1251506,23,1,3,0
2583,1251624,6554,13107,1.00006103515625,1.999969482421875,1.00006103515625,1.999969482421875,,,1251631,26,1,3,0
2584,1251749,6554,13107,1.00006103515625,1.999969482421875,1.00006103515625,1.999969482421875,,,1251756,24,1,3,0
2585,1251874,6554,13107,1.00006103515625,1.999969482421875,1.00006103515625,1.999969482421875,,,1251882,23,1,3,0
2586,1252000,6554,13107,1.00006103515625,1.999969482421875,1.00006103515625,1.999969482421875,,,1252007,23,1,3,0
2587,1252125,6554,13107,1.00006103515625,1.999969482421875,1.00006103515625,1.999969482421875,,,1252132,24,1,3,0
2588,1252250,6554,13107,1.00006103515625,1.999969482421875,1.00006103515625,1.999969482421875,,,1252257,24,1,3,0
2589,1252375,6554,13107,1.00006103515625,1.999969482421875,1.00006103515625,1.999969482421875,,,1252383,23,1,3,0
2590,1252501,6554,13107,1.00006103515625,1.999969482421875,1.00006103515625,1.999969482421875,,,1252508,23,1,3,0
2591,1252626,6554,13107,1.00006103515625,1.999969482421875,1.00006103515625,1.999969482421875,,,1252633,27,1,3,0
2592,1252751,6554,13107,1.00006103515625,1.999969482421875,1.00006103515625,1.999969482421875,,,1252758,24,1,3,0
2593,1252876,6554,13107,1.00006103515625,1.999969482421875,1.00006103515625,1.999969482421875,,,1252884,23,1,3,0
2594,1253002,6554,13107,1.00006103515625,1.999969482421875,1.00006103515625,1.999969482421875,,,1253009,23,1,3,0
2595,1253127,6554,13107,1.00006103515625,1.999969482421875,1.00006103515625,1.999969482421875,,,1253134,24,1,3,0
2596,1253252,6554,13107,1.00006103515625,1.999969482421875,1.00006103515625,1.999969482421875,,,1253259,24,1,3,0
2597,1253377,6554,13107,1.00006103515625,1.999969482421875,1.00006103515625,1.999969482421875,,,1253385,23,1,3,0
2598,1253503,6554,13107,1.00006103515625,1.999969482421875,1.00006103515625,1.999969482421875,,,1253510,23,1,3,0
2599,1253628,6554,13107,1.00006103515625,1.999969482421875,1.00006103515625,1.999969482421875,,,1253635,26,1,3,0
2600,1253753,6554,13107,1.00006103515625,1.999969482421875,1.00006103515625,1.999969482421875,,,1253760,24,1,3,0
2601,1253878,6554,13107,1.00006103515625,1.999969482421875,1.00006103515625,1.999969482421875,,,1253886,23,1,3,0
2602,1254004,6554,13107,1.00006103515625,1.999969482421875,1.00006103515625,1.999969482421875,,,1254011,23,1,3,0
2603,1254129,6554,13107,1.00006103515625,1.999969482421875,1.00006103515625,1.999969482421875,,,1254136,24,1,3,0
2604,1254254,6554,13107,1.00006103515625,1.999969482421875,1.00006103515625,1.999969482421875,,,1254261,24,1,3,0
2605,1254379,6554,13107,1.00006103515625,1.999969482421875,1.00006103515625,1.999969482421875,,,1254387,23,1,3,0
2606,1254505,6554,13107,1.00006103515625,1.999969482421875,1.00006103515625,1.999969482421875,,,1254512,23,1,3,0
2607,1254630,6554,13107,1.00006103515625,1.999969482421875,1.00006103515625,1.999969482421875,,,1254639,24,1,3,0
2608,1254755,6554,13107,1.00006103515625,1.999969482421875,1.00006103515625,1.999969482421875,,,1254762,24,1,3,0
2609,1254880,6554,13107,1.00006103515625,1.999969482421875,1.00006103515625,1.999969482421875,,,1254888,23,1,3,0
2610,1255006,6554,13107,1.00006103515625,1.999969482421875,1.00006103515625,1.999969482421875,,,1255013,23,1,3,0
2611,1255131,6554,13107,1.00006103515625,1.999969482421875,1.00006103515625,1.999969482421875,,,1255139,24,1,3,0
2612,1255256,6554,13107,1.00006103515625,1.999969482421875,1.00006103515625,1.999969482421875,,,1255263,24,1,3,0
2613,1255381,6554,13107,1.00006103515625,1.999969482421875,1.00006103515625,1.999969482421875,,,1255389,23,1,3,0
2614,1255507,6554,13107,1.00006103515625,1.999969482421875,1.00006103515625,1.999969482421875,,,1255514,23,1,3,0
2615,1255632,6554,13107,1.00006103515625,1.999969482421875,1.00006103515625,1.999969482421875,,,1255641,23,1,3,0
2616,1255757,6554,13107,1.00006103515625,1.999969482421875,1.00006103515625,1.999969482421875,,,1255764,24,1,3,0
2617,1255882,6554,13107,1.00006103515625,1.999969482421875,1.00006103515625,1.999969482421875,,,1255890,23,1,3,0
2618,1256008,6554,13107,1.00006103515625,1.999969482421875,1.00006103515625,1.999969482421875,,,1256015,23,1,3,0
2619,1256133,6554,13107,1.00006103515625,1.999969482421875,1.00006103515625,1.999969482421875,,,1256142,24,1,3,0
2620,1256258,6554,13107,1.00006103515625,1.999969482421875,1.00006103515625,1.999969482421875,,,1256265,24,1,3,0
2621,1256383,6554,13107,1.00006103515625,1.999969482421875,1.00006103515625,1.999969482421875,,,1256392,24,1,3,0
2622,1256509,6554,13107,1.00006103515625,1.999969482421875,1.00006103515625,1.999969482421875,,,1256516,23,1,3,0
2623,1256634,6554,13107,1.00006103515625,1.999969482421875,1.00006103515625,1.999969482421875,,,1256643,23,1,3,0
2624,1256759,6554,13107,1.00006103515625,1.999969482421875,1.00006103515625,1.999969482421875,,,1256766,24,1,3,0
2625,1256884,6554,13107,1.00006103515625,1.999969482421875,1.00006103515625,1.999969482421875,,,1256892,23,1,3,0
2626,1257010,6554,13107,1.00006103515625,1.999969482421875,1.00006103515625,1.999969482421875,,,1257017,23,1,3,0
2627,1257135,6554,13107,1.00006103515625,1.999969482421875,1.00006103515625,1.999969482421875,,,1257143,23,1,3,0
2628,1257260,6554,13107,1.00006103515625,1.999969482421875,1.00006103515625,1.999969482421875,,,1257267,24,1,3,0
2629,1257385,6554,13107,1.00006103515625,1.999969482421875,1.00006103515625,1.999969482421875,,,1257394,24,1,3,0
2630,1257511,6554,13107,1.00006103515625,1.999969482421875,1.00006103515625,1.999969482421875,,,1257518,24,1,3,0
2631,1257636,6554,13107,1.00006103515625,1.999969482421875,1.00006103515625,1.999969482421875,,,1257645,23,1,3,0
2632,1257761,6554,13107,1.00006103515625,1.999969482421875,1.00006103515625,1.999969482421875,,,1257769,23,1,3,0
2633,1257886,6554,13107,1.00006103515625,1.999969482421875,1.00006103515625,1.999969482421875,,,1257894,23,1,3,0
2634,1258012,6554,13107,1.00006103515625,1.999969482421875,1.00006103515625,1.999969482421875,,,1258019,24,1,3,0
2635,1258137,6554,13107,1.00006103515625,1.999969482421875,1.00006103515625,1.999969482421875,,,1258144,24,1,3,0
2636,1258262,6554,13107,1.00006103515625,1.999969482421875,1.00006103515625,1.999969482421875,,,1258270,23,1,3,0
2637,1258387,6554,13107,1.00006103515625,1.999969482421875,1.00006103515625,1.999969482421875,,,1258395,23,1,3,0
2638,1258513,6554,13107,1.00006103515625,1.999969482421875,1.00006103515625,1.999969482421875,,,1258520,24,1,3,0
2639,1258639,6554,13107,1.00006103515625,1.999969482421875,1.00006103515625,1.999969482421875,,,1258646,24,1,3,0
2640,1258764,6554,13107,1.00006103515625,1.999969482421875,1.00006103515625,1.999969482421875,,,1258771,24,1,3,0
2641,1258889,6554,13107,1.00006103515625,1.999969482421875,1.00006103515625,1.999969482421875,,,1258896,24,1,3,0
2642,1259014,6554,13107,1.00006103515625,1.999969482421875,1.00006103515625,1.999969482421875,,,1259022,23,1,3,0
2643,1259140,6554,13107,1.00006103515625,1.999969482421875,1.00006103515625,1.999969482421875,,,1259147,24,1,3,0
2644,1259265,6554,13107,1.00006103515625,1.999969482421875,1.00006103515625,1.999969482421875,,,1259272,24,1,3,0
2645,1259390,6554,13107,1.00006103515625,1.999969482421875,1.00006103515625,1.999969482421875,,,1259397,24,1,3,0
2646,1259515,6554,13107,1.00006103515625,1.999969482421875,1.00006103515625,1.999969482421875,,,1259523,23,1,3,0
2647,1259643,6554,13107,1.00006103515625,1.999969482421875,1.00006103515625,1.999969482421875,,,1259650,24,1,3,0
2648,1259766,6554,13107,1.00006103515625,1.999969482421875,1.00006103515625,1.999969482421875,,,1259774,23,1,3,0
2649,1259892,6554,13107,1.00006103515625,1.999969482421875,1.00006103515625,1.999969482421875,,,1259899,24,1,3,0
2650,1260017,6554,13107,1.00006103515625,1.999969482421875,1.00006103515625,1.999969482421875,,,1260024,24,1,3,0
2651,1260142,6554,13107,1.00006103515625,1.999969482421875,1.00006103515625,1.999969482421875,,,1260149,24,1,3,0
2652,1260267,6554,13107,1.00006103515625,1.999969482421875,1.00006103515625,1.999969482421875,,,1260275,23,1,3,0
2653,1260393,6554,13107,1.00006103515625,1.999969482421875,1.00006103515625,1.999969482421875,,,1260400,24,1,3,0
2654,1260518,6554,13107,1.00006103515625,1.999969482421875,1.00006103515625,1.999969482421875,,,1260525,24,1,3,0
2655,1260643,6554,13107,1.00006103515625,1.999969482421875,1.00006103515625,1.999969482421875,,,1260650,24,1,3,0
2656,1260768,6554,13107,1.00006103515625,1.999969482421875,1.00006103515625,1.999969482421875,,,1260776,23,1,3,0
2657,1260894,6554,13107,1.00006103515625,1.999969482421875,1.00006103515625,1.999969482421875,,,1260901,24,1,3,0
2658,1261019,6554,13107,1.00006103515625,1.999969482421875,1.00006103515625,1.999969482421875,,,1261026,24,1,3,0
2659,1261144,6554,13107,1.00006103515625,1.999969482421875,1.00006103515625,1.999969482421875,,,1261151,24,1,3,0
2660,1261269,6554,13107,1.00006103515625,1.999969482421875,1.00006103515625,1.999969482421875,,,1261277,23,1,3,0
2661,1261395,6554,13107,1.00006103515625,1.999969482421875,1.00006103515625,1.999969482421875,,,1261402,24,1,3,0
2662,1261520,6554,13107,1.00006103515625,1.999969482421875,1.00006103515625,1.999969482421875,,,1261527,24,1,3,0
2663,1261645,6554,13107,1.00006103515625,1.999969482421875,1.00006103515625,1.999969482421875,,,1261652,24,1,3,0
2664,1261770,6554,13107,1.00006103515625,1.999969482421875,1.00006103515625,1.999969482421875,,,1261778,23,1,3,0
2665,1261896,6554,13107,1.00006103515625,1.999969482421875,1.00006103515625,1.999969482421875,,,1261903,24,1,3,0
2666,1262021,6554,13107,1.00006103515625,1.999969482421875,1.00006103515625,1.999969482421875,,,1262028,24,1,3,0
2667,1262146,6554,13107,1.00006103515625,1.999969482421875,1.00006103515625,1.999969482421875,,,1262153,24,1,3,0
2668,1262271,6554,13107,1.00006103515625,1.999969482421875,1.00006103515625,1.999969482421875,,,1262279,23,1,3,0
2669,1262397,6554,13107,1.00006103515625,1.999969482421875,1.00006103515625,1.999969482421875,,,1262404,24,1,3,0
2670,1262522,6554,13107,1.00006103515625,1.999969482421875,1.00006103515625,1.999969482421875,,,1262529,24,1,3,0
2671,1262647,6554,13107,1.00006103515625,1.999969482421875,1.00006103515625,1.999969482421875,,,1262654,24,1,3,0
2672,1262772,6554,13107,1.00006103515625,1.999969482421875,1.00006103515625,1.999969482421875,,,1262780,23,1,3,0
2673,1262898,6554,13107,1.00006103515625,1.999969482421875,1.00006103515625,1.999969482421875,,,1262905,24,1,3,0
2674,1263023,6554,13107,1.00006103515625,1.999969482421875,1.00006103515625,1.999969482421875,,,1263030,24,1,3,0
2675,1263148,6554,13107,1.00006103515625,1.999969482421875,1.00006103515625,1.999969482421875,,,1263155,24,1,3,0
2676,1263273,6554,13107,1.00006103515625,1.999969482421875,1.00006103515625,1.999969482421875,,,1263281,23,1,3,0
2677,1263399,6554,13107,1.00006103515625,1.999969482421875,1.00006103515625,1.999969482421875,,,1263406,23,1,3,0
2678,1263524,6554,13107,1.00006103515625,1.999969482421875,1.00006103515625,1.999969482421875,,,1263531,24,1,3,0
2679,1263649,6554,13107,1.00006103515625,1.999969482421875,1.00006103515625,1.999969482421875,,,1263656,24,1,3,0
2680,1263774,6554,13107,1.00006103515625,1.999969482421875,1.00006103515625,1.999969482421875,,,1263782,23,1,3,0
2681,1263900,6554,13107,1.00006103515625,1.999969482421875,1.00006103515625,1.999969482421875,,,1263907,23,1,3,0
2682,1264025,6554,13107,1.00006103515625,1.999969482421875,1.00006103515625,1.999969482421875,,,1264032,24,1,3,0
2683,1264150,6554,13107,1.00006103515625,1.999969482421875,1.00006103515625,1.999969482421875,,,1264157,24,1,3,0
2684,1264275,6554,13107,1.00006103515625,1.999969482421875,1.00006103515625,1.999969482421875,,,1264283,23,1,3,0
2685,1264401,6554,13107,1.00006103515625,1.999969482421875,1.00006103515625,1.999969482421875,,,1264408,23,1,3,0
2686,1264526,6554,13107,1.00006103515625,1.999969482421875,1.00006103515625,1.999969482421875,,,1264533,24,1,3,0
2687,1264651,6554,13107,1.00006103515625,1.999969482421875,1.00006103515625,1.999969482421875,,,1264658,24,1,3,0
2688,1264776,6554,13107,1.00006103515625,1.999969482421875,1.00006103515625,1.999969482421875,,,1264785,24,1,3,0
2689,1264902,6554,13107,1.00006103515625,1.999969482421875,1.00006103515625,1.999969482421875,,,1264909,23,1,3,0
2690,1265027,6554,13107,1.00006103515625,1.999969482421875,1.00006103515625,1.999969482421875,,,1265034,24,1,3,0
2691,1265152,6554,13107,1.00006103515625,1.999969482421875,1.00006103515625,1.999969482421875,,,1265159,24,1,3,0
2692,1265277,6554,13107,1.00006103515625,1.999969482421875,1.00006103515625,1.999969482421875,,,1265285,23,1,3,0
2693,1265403,6554,13107,1.00006103515625,1.999969482421875,1.00006103515625,1.999969482421875,,,1265410,23,1,3,0
2694,1265528,6554,13107,1.00006103515625,1.999969482421875,1.00006103515625,1.999969482421875,,,1265535,24,1,3,0
2695,1265653,6554,13107,1.00006103515625,1.999969482421875,1.00006103515625,1.999969482421875,,,1265660,24,1,3,0
2696,1265778,6554,13107,1.00006103515625,1.999969482421875,1.00006103515625,1.999969482421875,,,1265786,23,1,3,0
2697,1265904,6554,13107,1.00006103515625,1.999969482421875,1.00006103515625,1.999969482421875,,,1265912,23,1,3,0
2698,1266029,6554,13107,1.00006103515625,1.999969482421875,1.00006103515625,1.999969482421875,,,1266036,24,1,3,0
2699,1266154,6554,13107,1.00006103515625,1.999969482421875,1.00006103515625,1.999969482421875,,,1266161,24,1,3,0
2700,1266279,6554,13107,1.00006103515625,1.999969482421875,1.00006103515625,1.999969482421875,,,1266287,23,1,3,0
2701,1266405,6554,13107,1.00006103515625,1.999969482421875,1.00006103515625,1.999969482421875,,,1266412,23,1,3,0
2702,1266530,6554,13107,1.00006103515625,1.999969482421875,1.00006103515625,1.999969482421875,,,1266538,23,1,3,0
2703,1266655,6554,13107,1.00006103515625,1.999969482421875,1.00006103515625,1.999969482421875,,,1266662,24,1,3,0
2704,1266780,6554,13107,1.00006103515625,1.999969482421875,1.00006103515625,1.999969482421875,,,1266788,23,1,3,0
2705,1266906,6554,13107,1.00006103515625,1.999969482421875,1.00006103515625,1.999969482421875,,,1266913,23,1,3,0
2706,1267031,6554,13107,1.00006103515625,1.999969482421875,1.00006103515625,1.999969482421875,,,1267038,24,1,3,0
2707,1267156,6554,13107,1.00006103515625,1.999969482421875,1.00006103515625,1.999969482421875,,,1267163,24,1,3,0
2708,1267281,6554,13107,1.00006103515625,1.999969482421875,1.00006103515625,1.999969482421875,,,1267289,23,1,3,0
2709,1267407,6554,13107,1.00006103515625,1.999969482421875,1.00006103515625,1.999969482421875,,,1267414,23,1,3,0
2710,1267532,6554,13107,1.00006103515625,1.999969482421875,1.00006103515625,1.999969482421875,,,1267539,24,1,3,0
2711,1267657,6554,13107,1.00006103515625,1.999969482421875,1.00006103515625,1.999969482421875,,,1267664,24,1,3,0
2712,1267782,6554,13107,1.00006103515625,1.999969482421875,1.00006103515625,1.999969482421875,,,1267790,23,1,3,0
2713,1267908,6554,13107,1.00006103515625,1.999969482421875,1.00006103515625,1.999969482421875,,,1267915,23,1,3,0
2714,1268033,6554,13107,1.00006103515625,1.999969482421875,1.00006103515625,1.999969482421875,,,1268040,24,1,3,0
2715,1268158,6554,13107,1.00006103515625,1.999969482421875,1.00006103515625,1.999969482421875,,,1268165,24,1,3,0
2716,1268283,6554,13107,1.00006103515625,1.999969482421875,1.00006103515625,1.999969482421875,,,1268291,23,1,3,0
2717,1268409,6554,13107,1.00006103515625,1.999969482421875,1.00006103515625,1.999969482421875,,,1268416,23,1,3,0
2718,1268534,6554,13107,1.00006103515625,1.999969482421875,1.00006103515625,1.999969482421875,,,1268541,24,1,3,0
2719,1268659,6554,13107,1.00006103515625,1.999969482421875,1.00006103515625,1.999969482421875,,,1268666,24,1,3,0
2720,1268784,6554,13107,1.00006103515625,1.999969482421875,1.00006103515625,1.999969482421875,,,1268792,23,1,3,0
2721,1268910,6554,13107,1.00006103515625,1.999969482421875,1.00006103515625,1.999969482421875,,,1268917,23,1,3,0
2722,1269035,6554,13107,1.00006103515625,1.999969482421875,1.00006103515625,1.999969482421875,,,1269042,24,1,3,0
2723,1269160,6554,13107,1.00006103515625,1.999969482421875,1.00006103515625,1.999969482421875,,,1269167,24,1,3,0
2724,1269285,6554,13107,1.00006103515625,1.999969482421875,1.00006103515625,1.999969482421875,,,1269293,23,1,3,0
2725,1269411,6554,13107,1.00006103515625,1.999969482421875,1.00006103515625,1.999969482421875,,,1269418,23,1,3,0
2726,1269536,6554,13107,1.00006103515625,1.999969482421875,1.00006103515625,1.999969482421875,,,1269543,24,1,3,0
2727,1269661,6554,13107,1.00006103515625,1.999969482421875,1.00006103515625,1.999969482421875,,,1269668,24,1,3,0
2728,1269786,6554,13107,1.00006103515625,1.999969482421875,1.00006103515625,1.999969482421875,,,1269794,23,1,3,0
2729,1269912,6554,13107,1.00006103515625,1.999969482421875,1.00006103515625,1.999969482421875,,,1269919,23,1,3,0
2730,1270037,6554,13107,1.00006103515625,1.999969482421875,1.00006103515625,1.999969482421875,,,1270044,24,1,3,0
2731,1270162,6554,13107,1.00006103515625,1.999969482421875,1.00006103515625,1.999969482421875,,,1270169,24,1,3,0
2732,1270287,6554,13107,1.00006103515625,1.999969482421875,1.00006103515625,1.999969482421875,,,1270295,23,1,3,0
2733,1270413,6554,13107,1.00006103515625,1.999969482421875,1.00006103515625,1.999969482421875,,,1270420,23,1,3,0
2734,1270538,6554,13107,1.00006103515625,1.999969482421875,1.00006103515625,1.999969482421875,,,1270545,24,1,3,0
2735,1270663,6554,13107,1.00006103515625,1.999969482421875,1.00006103515625,1.999969482421875,,,1270670,24,1,3,0
2736,1270788,6554,13107,1.00006103515625,1.999969482421875,1.00006103515625,1.999969482421875,,,1270796,23,1,3,0
2737,1270914,6554,13107,1.00006103515625,1.999969482421875,1.00006103515625,1.999969482421875,,,1270921,23,1,3,0
2738,1271039,6554,13107,1.00006103515625,1.999969482421875,1.00006103515625,1.999969482421875,,,1271046,24,1,3,0
2739,1271164,6554,13107,1.00006103515625,1.999969482421875,1.00006103515625,1.999969482421875,,,1271171,24,1,3,0
2740,1271289,6554,13107,1.00006103515625,1.999969482421875,1.00006103515625,1.999969482421875,,,1271297,23,1,3,0
2741,1271415,6554,13107,1.00006103515625,1.999969482421875,1.00006103515625,1.999969482421875,,,1271422,23,1,3,0
2742,1271540,6554,13107,1.00006103515625,1.999969482421875,1.00006103515625,1.999969482421875,,,1271547,24,1,3,0
2743,1271665,6554,13107,1.00006103515625,1.999969482421875,1.00006103515625,1.999969482421875,,,1271672,24,1,3,0
2744,1271790,6554,13107,1.00006103515625,1.999969482421875,1.00006103515625,1.999969482421875,,,1271798,23,1,3,0
2745,1271916,6554,13107,1.00006103515625,1.999969482421875,1.00006103515625,1.999969482421875,,,1271923,23,1,3,0
2746,1272041,6554,13107,1.00006103515625,1.999969482421875,1.00006103515625,1.999969482421875,,,1272048,24,1,3,0
2747,1272166,6554,13107,1.00006103515625,1.999969482421875,1.00006103515625,1.999969482421875,,,1272173,24,1,3,0
2748,1272291,6554,13107,1.00006103515625,1.999969482421875,1.00006103515625,1.999969482421875,,,1272299,23,1,3,0
2749,1272417,6554,13107,1.00006103515625,1.999969482421875,1.00006103515625,1.999969482421875,,,1272424,23,1,3,0
2750,1272542,6554,13107,1.00006103515625,1.999969482421875,1.00006103515625,1.999969482421875,,,1272550,24,1,3,0
2751,1272667,6554,13107,1.00006103515625,1.999969482421875,1.00006103515625,1.999969482421875,,,1272674,24,1,3,0
2752,1272792,6554,13107,1.00006103515625,1.999969482421875,1.00006103515625,1.999969482421875,,,1272800,23,1,3,0
2753,1272918,6554,13107,1.00006103515625,1.999969482421875,1.00006103515625,1.999969482421875,,,1272925,23,1,3,0
2754,1273043,6554,13107,1.00006103515625,1.999969482421875,1.00006103515625,1.999969482421875,,,1273050,24,1,3,0
2755,1273168,6554,13107,1.00006103515625,1.999969482421875,1.00006103515625,1.999969482421875,,,1273175,24,1,3,0
2756,1273293,6554,13107,1.00006103515625,1.999969482421875,1.00006103515625,1.999969482421875,,,1273301,23,1,3,0
2757,1273419,6554,13107,1.00006103515625,1.999969482421875,1.00006103515625,1.999969482421875,,,1273426,23,1,3,0
2758,1273544,6554,13107,1.00006103515625,1.999969482421875,1.00006103515625,1.999969482421875,,,1273552,24,1,3,0
2759,1273669,6554,13107,1.00006103515625,1.999969482421875,1.00006103515625,1.999969482421875,,,1273676,24,1,3,0
2760,1273794,6554,13107,1.00006103515625,1.999969482421875,1.00006103515625,1.999969482421875,,,1273802,23,1,3,0
2761,1273920,6554,13107,1.00006103515625,1.999969482421875,1.00006103515625,1.999969482421875,,,1273927,23,1,3,0
2762,1274045,6554,13107,1.00006103515625,1.999969482421875,1.00006103515625,1.999969482421875,,,1274052,24,1,3,0
2763,1274170,6554,13107,1.00006103515625,1.999969482421875,1.00006103515625,1.999969482421875,,,1274177,24,1,3,0
2764,1274295,6554,13107,1.00006103515625,1.999969482421875,1.00006103515625,1.999969482421875,,,1274303,23,1,3,0
2765,1274421,6554,13107,1.00006103515625,1.999969482421875,1.00006103515625,1.999969482421875,,,1274428,23,1,3,0
2766,1274546,6554,13107,1.00006103515625,1.999969482421875,1.00006103515625,1.999969482421875,,,1274553,24,1,3,0
2767,1274671,6554,13107,1.00006103515625,1.999969482421875,1.00006103515625,1.999969482421875,,,1274678,24,1,3,0
2768,1274796,6554,13107,1.00006103515625,1.999969482421875,1.00006103515625,1.999969482421875,,,1274804,23,1,3,0
2769,1274922,6554,13107,1.00006103515625,1.999969482421875,1.00006103515625,1.999969482421875,,,1274929,23,1,3,0
2770,1275047,6554,13107,1.00006103515625,1.999969482421875,1.00006103515625,1.999969482421875,,,1275054,24,1,3,0
2771,1275172,6554,13107,1.00006103515625,1.999969482421875,1.00006103515625,1.999969482421875,,,1275179,24,1,3,0
2772,1275297,6554,13107,1.00006103515625,1.999969482421875,1.00006103515625,1.999969482421875,,,1275305,23,1,3,0
2773,1275423,6554,13107,1.00006103515625,1.999969482421875,1.00006103515625,1.999969482421875,,,1275430,23,1,3,0
2774,1275548,6554,13107,1.00006103515625,1.999969482421875,1.00006103515625,1.999969482421875,,,1275555,24,1,3,0
2775,1275673,6554,13107,1.00006103515625,1.999969482421875,1.00006103515625,1.999969482421875,,,1275682,23,1,3,0
2776,1275798,6554,13107,1.00006103515625,1.999969482421875,1.00006103515625,1.999969482421875,,,1275806,23,1,3,0
2777,1275924,6554,13107,1.00006103515625,1.999969482421875,1.00006103515625,1.999969482421875,,,1275931,23,1,3,0
2778,1276049,6554,13107,1.00006103515625,1.999969482421875,1.00006103515625,1.999969482421875,,,1276056,24,1,3,0
2779,1276174,6554,13107,1.00006103515625,1.999969482421875,1.00006103515625,1.999969482421875,,,1276181,24,1,3,0
2780,1276299,6554,13107,1.00006103515625,1.999969482421875,1.00006103515625,1.999969482421875,,,1276307,23,1,3,0
2781,1276425,6554,13107,1.00006103515625,1.999969482421875,1.00006103515625,1.999969482421875,,,1276432,23,1,3,0
2782,1276550,6554,13107,1.00006103515625,1.999969482421875,1.00006103515625,1.999969482421875,,,1276558,23,1,3,0
2783,1276675,6554,13107,1.00006103515625,1.999969482421875,1.00006103515625,1.999969482421875,,,1276682,24,1,3,0
2784,1276800,6554,13107,1.00006103515625,1.999969482421875,1.00006103515625,1.999969482421875,,,1276808,23,1,3,0
2785,1276926,6554,13107,1.00006103515625,1.999969482421875,1.00006103515625,1.999969482421875,,,1276933,23,1,3,0
2786,1277051,6554,13107,1.00006103515625,1.999969482421875,1.00006103515625,1.999969482421875,,,1277058,24,1,3,0
2787,1277176,6554,13107,1.00006103515625,1.999969482421875,1.00006103515625,1.999969482421875,,,1277183,24,1,3,0
2788,1277301,6554,13107,1.00006103515625,1.999969482421875,1.00006103515625,1.999969482421875,,,1277309,23,1,3,0
2789,1277427,6554,13107,1.00006103515625,1.999969482421875,1.00006103515625,1.999969482421875,,,1277434,23,1,3,0
2790,1277552,6554,13107,1.00006103515625,1.999969482421875,1.00006103515625,1.999969482421875,,,1277559,24,1,3,0
2791,1277677,6554,13107,1.00006103515625,1.999969482421875,1.00006103515625,1.999969482421875,,,1277684,24,1,3,0
2792,1277802,6554,13107,1.00006103515625,1.999969482421875,1.00006103515625,1.999969482421875,,,1277810,23,1,3,0
2793,1277928,6554,13107,1.00006103515625,1.999969482421875,1.00006103515625,1.999969482421875,,,1277935,23,1,3,0
2794,1278053,6554,13107,1.00006103515625,1.999969482421875,1.00006103515625,1.999969482421875,,,1278060,24,1,3,0
2795,1278178,6554,13107,1.00006103515625,1.999969482421875,1.00006103515625,1.999969482421875,,,1278185,24,1,3,0
2796,1278303,6554,13107,1.00006103515625,1.999969482421875,1.00006103515625,1.999969482421875,,,1278311,23,1,3,0
2797,1278429,6554,13107,1.00006103515625,1.999969482421875,1.00006103515625,1.999969482421875,,,1278436,23,1,3,0
2798,1278554,6554,13107,1.00006103515625,1.999969482421875,1.00006103515625,1.999969482421875,,,1278561,24,1,3,0
2799,1278679,6554,13107,1.00006103515625,1.999969482421875,1.00006103515625,1.999969482421875,,,1278686,24,1,3,0
2800,1278804,6554,13107,1.00006103515625,1.999969482421875,1.00006103515625,1.999969482421875,,,1278812,23,1,3,0
2801,1278930,6554,13107,1.00006103515625,1.999969482421875,1.00006103515625,1.999969482421875,,,1278937,23,1,3,0
2802,1279055,6554,13107,1.00006103515625,1.999969482421875,1.00006103515625,1.999969482421875,,,1279062,24,1,3,0
2803,1279180,6554,13107,1.00006103515625,1.999969482421875,1.00006103515625,1.999969482421875,,,1279187,24,1,3,0
2804,1279305,6554,13107,1.00006103515625,1.999969482421875,1.00006103515625,1.999969482421875,,,1279313,23,1,3,0
2805,1279431,6554,13107,1.00006103515625,1.999969482421875,1.00006103515625,1.999969482421875,,,1279438,23,1,3,0
2806,1279556,6554,13107,1.00006103515625,1.999969482421875,1.00006103515625,1.999969482421875,,,1279563,24,1,3,0
2807,1279681,6554,13107,1.00006103515625,1.999969482421875,1.00006103515625,1.999969482421875,,,1279688,24,1,3,0
2808,1279806,6554,13107,1.00006103515625,1.999969482421875,1.00006103515625,1.999969482421875,,,1279814,23,1,3,0
2809,1279932,6554,13107,1.00006103515625,1.999969482421875,1.00006103515625,1.999969482421875,,,1279939,23,1,3,0
2810,1280057,6554,13107,1.00006103515625,1.999969482421875,1.00006103515625,1.999969482421875,,,1280064,24,1,3,0
2811,1280182,6554,13107,1.00006103515625,1.999969482421875,1.00006103515625,1.999969482421875,,,1280189,24,1,3,0
2812,1280307,6554,13107,1.00006103515625,1.999969482421875,1.00006103515625,1.999969482421875,,,1280315,23,1,3,0
2813,1280433,6554,13107,1.00006103515625,1.999969482421875,1.00006103515625,1.999969482421875,,,1280440,23,1,3,0
2814,1280558,6554,13107,1.00006103515625,1.999969482421875,1.00006103515625,1.999969482421875,,,1280565,24,1,3,0
2815,1280683,6554,13107,1.00006103515625,1.999969482421875,1.00006103515625,1.999969482421875,,,1280690,24,1,3,0
2816,1280808,6554,13107,1.00006103515625,1.999969482421875,1.00006103515625,1.999969482421875,,,1280816,23,1,3,0
2817,1280934,6554,13107,1.00006103515625,1.999969482421875,1.00006103515625,1.999969482421875,,,1280941,23,1,3,0
2818,1281059,6554,13107,1.00006103515625,1.999969482421875,1.00006103515625,1.999969482421875,,,1281066,24,1,3,0
2819,1281184,6554,13107,1.00006103515625,1.999969482421875,1.00006103515625,1.999969482421875,,,1281191,24,1,3,0
2820,1281309,6554,13107,1.00006103515625,1.999969482421875,1.00006103515625,1.999969482421875,,,1281317,23,1,3,0
2821,1281435,6554,13107,1.00006103515625,1.999969482421875,1.00006103515625,1.999969482421875,,,1281442,24,1,3,0
2822,1281560,6554,13107,1.00006103515625,1.999969482421875,1.00006103515625,1.999969482421875,,,1281567,24,1,3,0
2823,1281685,6554,13107,1.00006103515625,1.999969482421875,1.00006103515625,1.999969482421875,,,1281692,24,1,3,0
2824,1281810,6554,13107,1.00006103515625,1.999969482421875,1.00006103515625,1.999969482421875,,,1281818,23,1,3,0
2825,1281936,6554,13107,1.00006103515625,1.999969482421875,1.00006103515625,1.999969482421875,,,1281943,24,1,3,0
2826,1282061,6554,13107,1.00006103515625,1.999969482421875,1.00006103515625,1.999969482421875,,,1282068,24,1,3,0
2827,1282186,6554,13107,1.00006103515625,1.999969482421875,1.00006103515625,1.999969482421875,,,1282193,24,1,3,0
2828,1282311,6554,13107,1.00006103515625,1.999969482421875,1.00006103515625,1.999969482421875,,,1282319,23,1,3,0
2829,1282437,6554,13107,1.00006103515625,1.999969482421875,1.00006103515625,1.999969482421875,,,1282445,24,1,3,0
2830,1282562,6554,13107,1.00006103515625,1.999969482421875,1.00006103515625,1.999969482421875,,,1282569,24,1,3,0
2831,1282687,6554,13107,1.00006103515625,1.999969482421875,1.00006103515625,1.999969482421875,,,1282694,24,1,3,0
2832,1282812,6554,13107,1.00006103515625,1.999969482421875,1.00006103515625,1.999969482421875,,,1282820,23,1,3,0
2833,1282938,6554,13107,1.00006103515625,1.999969482421875,1.00006103515625,1.999969482421875,,,1282945,24,1,3,0
2834,1283063,6554,13107,1.00006103515625,1.999969482421875,1.00006103515625,1.999969482421875,,,1283070,24,1,3,0
2835,1283188,6554,13107,1.00006103515625,1.999969482421875,1.00006103515625,1.999969482421875,,,1283195,24,1,3,0
2836,1283313,6554,13107,1.00006103515625,1.999969482421875,1.00006103515625,1.999969482421875,,,1283321,23,1,3,0
2837,1283439,6554,13107,1.00006103515625,1.999969482421875,1.00006103515625,1.999969482421875,,,1283446,24,1,3,0
2838,1283564,6554,13107,1.00006103515625,1.999969482421875,1.00006103515625,1.999969482421875,,,1283571,24,1,3,0
2839,1283689,6554,13107,1.00006103515625,1.999969482421875,1.00006103515625,1.999969482421875,,,1283696,24,1,3,0
2840,1283814,6554,13107,1.00006103515625,1.999969482421875,1.00006103515625,1.999969482421875,,,1283822,23,1,3,0
2841,1283940,6554,13107,1.00006103515625,1.999969482421875,1.00006103515625,1.999969482421875,,,1283947,24,1,3,0
2842,1284065,6554,13107,1.00006103515625,1.999969482421875,1.00006103515625,1.999969482421875,,,1284072,24,1,3,0
2843,1284190,6554,13107,1.00006103515625,1.999969482421875,1.00006103515625,1.999969482421875,,,1284197,24,1,3,0
2844,1284315,6554,13107,1.00006103515625,1.999969482421875,1.00006103515625,1.999969482421875,,,1284323,23,1,3,0
2845,1284441,6554,13107,1.00006103515625,1.999969482421875,1.00006103515625,1.999969482421875,,,1284448,24,1,3,0
2846,1284566,6554,13107,1.00006103515625,1.999969482421875,1.00006103515625,1.999969482421875,,,1284573,24,1,3,0
2847,1284691,6554,13107,1.00006103515625,1.999969482421875,1.00006103515625,1.999969482421875,,,1284698,24,1,3,0
2848,1284816,6554,13107,1.00006103515625,1.999969482421875,1.00006103515625,1.999969482421875,,,1284824,23,1,3,0
2849,1284942,6554,13107,1.00006103515625,1.999969482421875,1.00006103515625,1.999969482421875,,,1284949,24,1,3,0
2850,1285067,6554,13107,1.00006103515625,1.999969482421875,1.00006103515625,1.999969482421875,,,1285074,24,1,3,0
2851,1285192,6554,13107,1.00006103515625,1.999969482421875,1.00006103515625,1.999969482421875,,,1285199,24,1,3,0
2852,1285317,6554,13107,1.00006103515625,1.999969482421875,1.00006103515625,1.999969482421875,,,1285325,23,1,3,0
2853,1285443,6554,13107,1.00006103515625,1.999969482421875,1.00006103515625,1.999969482421875,,,1285450,24,1,3,0
2854,1285568,6554,13107,1.00006103515625,1.999969482421875,1.00006103515625,1.999969482421875,,,1285575,24,1,3,0
2855,1285693,6554,13107,1.00006103515625,1.999969482421875,1.00006103515625,1.999969482421875,,,1285701,23,1,3,0
2856,1285818,6554,13107,1.00006103515625,1.999969482421875,1.00006103515625,1.999969482421875,,,1285826,23,1,3,0
2857,1285944,6554,13107,1.00006103515625,1.999969482421875,1.00006103515625,1.999969482421875,,,1285951,24,1,3,0
2858,1286069,6554,13107,1.00006103515625,1.999969482421875,1.00006103515625,1.999969482421875,,,1286076,24,1,3,0
2859,1286194,6554,13107,1.00006103515625,1.999969482421875,1.00006103515625,1.999969482421875,,,1286201,24,1,3,0
2860,1286319,6554,13107,1.00006103515625,1.999969482421875,1.00006103515625,1.999969482421875,,,1286327,23,1,3,0
2861,1286445,6554,13107,1.00006103515625,1.999969482421875,1.00006103515625,1.999969482421875,,,1286453,23,1,3,0
2862,1286570,6554,13107,1.00006103515625,1.999969482421875,1.00006103515625,1.999969482421875,,,1286577,24,1,3,0
2863,1286695,6554,13107,1.00006103515625,1.999969482421875,1.00006103515625,1.999969482421875,,,1286702,24,1,3,0
2864,1286820,6554,13107,1.00006103515625,1.999969482421875,1.00006103515625,1.999969482421875,,,1286828,23,1,3,0
2865,1286946,6554,13107,1.00006103515625,1.999969482421875,1.00006103515625,1.999969482421875,,,1286953,24,1,3,0
2866,1287071,6554,13107,1.00006103515625,1.999969482421875,1.00006103515625,1.999969482421875,,,1287078,24,1,3,0
2867,1287196,6554,13107,1.00006103515625,1.999969482421875,1.00006103515625,1.999969482421875,,,1287203,24,1,3,0
2868,1287322,6554,13107,1.00006103515625,1.999969482421875,1.00006103515625,1.999969482421875,,,1287329,23,1,3,0
2869,1287447,6554,13107,1.00006103515625,1.999969482421875,1.00006103515625,1.999969482421875,,,1287454,24,1,3,0
2870,1287572,6554,13107,1.00006103515625,1.999969482421875,1.00006103515625,1.999969482421875,,,1287579,24,1,3,0
2871,1287697,6554,13107,1.00006103515625,1.999969482421875,1.00006103515625,1.999969482421875,,,1287704,24,1,3,0
2872,1287823,6554,13107,1.00006103515625,1.999969482421875,1.00006103515625,1.999969482421875,,,1287830,23,1,3,0
2873,1287948,6554,13107,1.00006103515625,1.999969482421875,1.00006103515625,1.999969482421875,,,1287955,24,1,3,0
2874,1288073,6554,13107,1.00006103515625,1.999969482421875,1.00006103515625,1.999969482421875,,,1288080,24,1,3,0
2875,1288198,6554,13107,1.00006103515625,1.999969482421875,1.00006103515625,1.999969482421875,,,1288205,24,1,3,0
2876,1288324,6554,13107,1.00006103515625,1.999969482421875,1.00006103515625,1.999969482421875,,,1288331,23,1,3,0
2877,1288449,6554,13107,1.00006103515625,1.999969482421875,1.00006103515625,1.999969482421875,,,1288456,24,1,3,0
2878,1288574,6554,13107,1.00006103515625,1.999969482421875,1.00006103515625,1.999969482421875,,,1288581,24,1,3,0
2879,1288699,6554,13107,1.00006103515625,1.999969482421875,1.00006103515625,1.999969482421875,,,1288706,24,1,3,0
2880,1288825,6554,13107,1.00006103515625,1.999969482421875,1.00006103515625,1.999969482421875,,,1288832,23,1,3,0
2881,1288950,6554,13107,1.00006103515625,1.999969482421875,1.00006103515625,1.999969482421875,,,1288957,24,1,3,0
2882,1289075,6554,13107,1.00006103515625,1.999969482421875,1.00006103515625,1.999969482421875,,,1289082,24,1,3,0
2883,1289200,6554,13107,1.00006103515625,1.999969482421875,1.00006103515625,1.999969482421875,,,1289207,24,1,3,0
2884,1289326,6554,13107,1.00006103515625,1.999969482421875,1.00006103515625,1.999969482421875,,,1289333,23,1,3,0
2885,1289451,6554,13107,1.00006103515625,1.999969482421875,1.00006103515625,1.999969482421875,,,1289458,24,1,3,0
2886,1289576,6554,13107,1.00006103515625,1.999969482421875,1.00006103515625,1.999969482421875,,,1289583,24,1,3,0
2887,1289701,6554,13107,1.00006103515625,1.999969482421875,1.00006103515625,1.999969482421875,,,1289708,24,1,3,0
2888,1289827,6554,13107,1.00006103515625,1.999969482421875,1.00006103515625,1.999969482421875,,,1289834,23,1,3,0
2889,1289952,6554,13107,1.00006103515625,1.999969482421875,1.00006103515625,1.999969482421875,,,1289959,24,1,3,0
2890,1290077,6554,13107,1.00006103515625,1.999969482421875,1.00006103515625,1.999969482421875,,,1290084,24,1,3,0
2891,1290202,6554,13107,1.00006103515625,1.999969482421875,1.00006103515625,1.999969482421875,,,1290209,24,1,3,0
2892,1290328,6554,13107,1.00006103515625,1.999969482421875,1.00006103515625,1.999969482421875,,,1290335,23,1,3,0
2893,1290453,6554,13107,1.00006103515625,1.999969482421875,1.00006103515625,1.999969482421875,,,1290460,24,1,3,0
2894,1290578,6554,13107,1.00006103515625,1.999969482421875,1.00006103515625,1.999969482421875,,,1290585,24,1,3,0
2895,1290703,6554,13107,1.00006103515625,1.999969482421875,1.00006103515625,1.999969482421875,,,1290710,24,1,3,0
2896,1290829,6554,13107,1.00006103515625,1.999969482421875,1.00006103515625,1.999969482421875,,,1290836,24,1,3,0
2897,1290954,6554,13107,1.00006103515625,1.999969482421875,1.00006103515625,1.999969482421875,,,1290961,24,1,3,0
2898,1291079,6554,13107,1.00006103515625,1.999969482421875,1.00006103515625,1.999969482421875,,,1291086,24,1,3,0
2899,1291204,6554,13107,1.00006103515625,1.999969482421875,1.00006103515625,1.999969482421875,,,1291211,24,1,3,0
2900,1291330,6554,13107,1.00006103515625,1.999969482421875,1.00006103515625,1.999969482421875,,,1291337,23,1,3,0
2901,1291455,6554,13107,1.00006103515625,1.999969482421875,1.00006103515625,1.999969482421875,,,1291462,24,1,3,0
2902,1291580,6554,13107,1.00006103515625,1.999969482421875,1.00006103515625,1.999969482421875,,,1291587,24,1,3,0
2903,1291705,6554,13107,1.00006103515625,1.999969482421875,1.00006103515625,1.999969482421875,,,1291712,24,1,3,0
2904,1291831,6554,13107,1.00006103515625,1.999969482421875,1.00006103515625,1.999969482421875,,,1291838,23,1,3,0
2905,1291956,6554,13107,1.00006103515625,1.999969482421875,1.00006103515625,1.999969482421875,,,1291963,24,1,3,0
2906,1292081,6554,13107,1.00006103515625,1.999969482421875,1.00006103515625,1.999969482421875,,,1292088,24,1,3,0
2907,1292206,6554,13107,1.00006103515625,1.999969482421875,1.00006103515625,1.999969482421875,,,1292213,24,1,3,0
2908,1292332,6554,13107,1.00006103515625,1.999969482421875,1.00006103515625,1.999969482421875,,,1292340,24,1,3,0
2909,1292457,6554,13107,1.00006103515625,1.999969482421875,1.00006103515625,1.999969482421875,,,1292464,24,1,3,0
2910,1292582,6554,13107,1.00006103515625,1.999969482421875,1.00006103515625,1.999969482421875,,,1292589,24,1,3,0
2911,1292707,6554,13107,1.00006103515625,1.999969482421875,1.00006103515625,1.999969482421875,,,1292714,24,1,3,0
2912,1292833,6554,13107,1.00006103515625,1.999969482421875,1.00006103515625,1.999969482421875,,,1292840,23,1,3,0
2913,1292958,6554,13107,1.00006103515625,1.999969482421875,1.00006103515625,1.999969482421875,,,1292965,24,1,3,0
2914,1293083,6554,13107,1.00006103515625,1.999969482421875,1.00006103515625,1.999969482421875,,,1293090,24,1,3,0
2915,1293208,6554,13107,1.00006103515625,1.999969482421875,1.00006103515625,1.999969482421875,,,1293215,24,1,3,0
2916,1293334,6554,13107,1.00006103515625,1.999969482421875,1.00006103515625,1.999969482421875,,,1293342,23,1,3,0
2917,1293459,6554,13107,1.00006103515625,1.999969482421875,1.00006103515625,1.999969482421875,,,1293466,24,1,3,0
2918,1293584,6554,13107,1.00006103515625,1.999969482421875,1.00006103515625,1.999969482421875,,,1293593,23,1,3,0
2919,1293709,6554,13107,1.00006103515625,1.999969482421875,1.00006103515625,1.999969482421875,,,1293716,24,1,3,0
2920,1293835,6554,13107,1.00006103515625,1.999969482421875,1.00006103515625,1.999969482421875,,,1293842,23,1,3,0
2921,1293960,6554,13107,1.00006103515625,1.999969482421875,1.00006103515625,1.999969482421875,,,1293967,24,1,3,0
2922,1294085,6554,13107,1.00006103515625,1.999969482421875,1.00006103515625,1.999969482421875,,,1294092,24,1,3,0
2923,1294210,6554,13107,1.00006103515625,1.999969482421875,1.00006103515625,1.999969482421875,,,1294217,24,1,3,0
2924,1294336,6554,13107,1.00006103515625,1.999969482421875,1.00006103515625,1.999969482421875,,,1294343,23,1,3,0
2925,1294461,6554,13107,1.00006103515625,1.999969482421875,1.00006103515625,1.999969482421875,,,1294468,24,1,3,0
2926,1294586,6554,13107,1.00006103515625,1.999969482421875,1.00006103515625,1.999969482421875,,,1294593,24,1,3,0
2927,1294711,6554,13107,1.00006103515625,1.999969482421875,1.00006103515625,1.999969482421875,,,1294718,24,1,3,0
2928,1294837,6554,13107,1.00006103515625,1.999969482421875,1.00006103515625,1.999969482421875,,,1294844,23,1,3,0
2929,1294962,6554,13107,1.00006103515625,1.999969482421875,1.00006103515625,1.999969482421875,,,1294969,24,1,3,0
2930,1295087,6554,13107,1.00006103515625,1.999969482421875,1.00006103515625,1.999969482421875,,,1295094,24,1,3,0
2931,1295212,6554,13107,1.00006103515625,1.999969482421875,1.00006103515625,1.999969482421875,,,1295219,24,1,3,0
2932,1295338,6554,13107,1.00006103515625,1.999969482421875,1.00006103515625,1.999969482421875,,,1295345,23,1,3,0
2933,1295463,6554,13107,1.00006103515625,1.999969482421875,1.00006103515625,1.999969482421875,,,1295470,24,1,3,0
2934,1295588,6554,13107,1.00006103515625,1.999969482421875,1.00006103515625,1.999969482421875,,,1295595,24,1,3,0
2935,1295713,6554,13107,1.00006103515625,1.999969482421875,1.00006103515625,1.999969482421875,,,1295720,24,1,3,0
2936,1295839,6554,13107,1.00006103515625,1.999969482421875,1.00006103515625,1.999969482421875,,,1295846,23,1,3,0
2937,1295964,6554,13107,1.00006103515625,1.999969482421875,1.00006103515625,1.999969482421875,,,1295971,24,1,3,0
2938,1296089,6554,13107,1.00006103515625,1.999969482421875,1.00006103515625,1.999969482421875,,,1296096,24,1,3,0
2939,1296214,6554,13107,1.00006103515625,1.999969482421875,1.00006103515625,1.999969482421875,,,1296221,24,1,3,0
2940,1296340,6554,13107,1.00006103515625,1.999969482421875,1.00006103515625,1.999969482421875,,,1296347,23,1,3,0
2941,1296465,6554,13107,1.00006103515625,1.999969482421875,1.00006103515625,1.999969482421875,,,1296472,24,1,3,0
2942,1296590,6554,13107,1.00006103515625,1.999969482421875,1.00006103515625,1.999969482421875,,,1296597,24,1,3,0
2943,1296715,6554,13107,1.00006103515625,1.999969482421875,1.00006103515625,1.999969482421875,,,1296722,24,1,3,0
2944,1296841,6554,13107,1.00006103515625,1.999969482421875,1.00006103515625,1.999969482421875,,,1296848,23,1,3,0
2945,1296966,6554,13107,1.00006103515625,1.999969482421875,1.00006103515625,1.999969482421875,,,1296973,24,1,3,0
2946,1297091,6554,13107,1.00006103515625,1.999969482421875,1.00006103515625,1.999969482421875,,,1297098,24,1,3,0
2947,1297216,6554,13107,1.00006103515625,1.999969482421875,1.00006103515625,1.999969482421875,,,1297223,24,1,3,0
2948,1297342,6554,13107,1.00006103515625,1.999969482421875,1.00006103515625,1.999969482421875,,,1297349,23,1,3,0
2949,1297467,6554,13107,1.00006103515625,1.999969482421875,1.00006103515625,1.999969482421875,,,1297474,24,1,3,0
2950,1297592,6554,13107,1.00006103515625,1.999969482421875,1.00006103515625,1.999969482421875,,,1297599,24,1,3,0
2951,1297717,6554,13107,1.00006103515625,1.999969482421875,1.00006103515625,1.999969482421875,,,1297724,24,1,3,0
2952,1297842,6554,13107,1.00006103515625,1.999969482421875,1.00006103515625,1.999969482421875,,,1297850,23,1,3,0
2953,1297968,6554,13107,1.00006103515625,1.999969482421875,1.00006103515625,1.999969482421875,,,1297975,23,1,3,0
2954,1298093,6554,13107,1.00006103515625,1.999969482421875,1.00006103515625,1.999969482421875,,,1298100,24,1,3,0
2955,1298218,6554,13107,1.00006103515625,1.999969482421875,1.00006103515625,1.999969482421875,,,1298225,24,1,3,0
2956,1298343,6554,13107,1.00006103515625,1.999969482421875,1.00006103515625,1.999969482421875,,,1298351,23,1,3,0
2957,1298469,6554,13107,1.00006103515625,1.999969482421875,1.00006103515625,1.999969482421875,,,1298476,23,1,3,0
2958,1298594,6554,13107,1.00006103515625,1.999969482421875,1.00006103515625,1.999969482421875,,,1298601,24,1,3,0
2959,1298719,6554,13107,1.00006103515625,1.999969482421875,1.00006103515625,1.999969482421875,,,1298726,24,1,3,0
2960,1298844,6554,13107,1.00006103515625,1.999969482421875,1.00006103515625,1.999969482421875,,,1298852,23,1,3,0
2961,1298970,6554,13107,1.00006103515625,1.999969482421875,1.00006103515625,1.999969482421875,,,1298977,23,1,3,0
2962,1299095,6554,13107,1.00006103515625,1.999969482421875,1.00006103515625,1.999969482421875,,,1299102,24,1,3,0
2963,1299220,6554,13107,1.00006103515625,1.999969482421875,1.00006103515625,1.999969482421875,,,1299227,24,1,3,0
2964,1299345,6554,13107,1.00006103515625,1.999969482421875,1.00006103515625,1.999969482421875,,,1299353,23,1,3,0
2965,1299471,6554,13107,1.00006103515625,1.999969482421875,1.00006103515625,1.999969482421875,,,1299478,23,1,3,0
2966,1299596,6554,13107,1.00006103515625,1.999969482421875,1.00006103515625,1.999969482421875,,,1299603,24,1,3,0
2967,1299721,6554,13107,1.00006103515625,1.999969482421875,1.00006103515625,1.999969482421875,,,1299728,24,1,3,0
2968,1299846,6554,13107,1.00006103515625,1.999969482421875,1.00006103515625,1.999969482421875,,,1299854,23,1,3,0
2969,1299972,6554,13107,1.00006103515625,1.999969482421875,1.00006103515625,1.999969482421875,,,1299979,23,1,3,0
2970,1300097,6554,13107,1.00006103515625,1.999969482421875,1.00006103515625,1.999969482421875,,,1300104,24,1,3,0
2971,1300222,6554,13107,1.00006103515625,1.999969482421875,1.00006103515625,1.999969482421875,,,1300229,24,1,3,0
2972,1300347,6554,13107,1.00006103515625,1.999969482421875,1.00006103515625,1.999969482421875,,,1300355,23,1,3,0
2973,1300473,6554,13107,1.00006103515625,1.999969482421875,1.00006103515625,1.999969482421875,,,1300480,23,1,3,0
2974,1300598,6554,13107,1.00006103515625,1.999969482421875,1.00006103515625,1.999969482421875,,,1300605,24,1,3,0
2975,1300723,6554,13107,1.00006103515625,1.999969482421875,1.00006103515625,1.999969482421875,,,1300730,24,1,3,0
2976,1300848,6554,13107,1.00006103515625,1.999969482421875,1.00006103515625,1.999969482421875,,,1300856,23,1,3,0
2977,1300974,6554,13107,1.00006103515625,1.999969482421875,1.00006103515625,1.999969482421875,,,1300981,24,1,3,0
2978,1301099,6554,13107,1.00006103515625,1.999969482421875,1.00006103515625,1.999969482421875,,,1301106,24,1,3,0
2979,1301224,6554,13107,1.00006103515625,1.999969482421875,1.00006103515625,1.999969482421875,,,1301231,24,1,3,0
2980,1301349,6554,13107,1.00006103515625,1.999969482421875,1.00006103515625,1.999969482421875,,,1301357,23,1,3,0
2981,1301475,6554,13107,1.00006103515625,1.999969482421875,1.00006103515625,1.999969482421875,,,1301482,23,1,3,0
2982,1301600,6554,13107,1.00006103515625,1.999969482421875,1.00006103515625,1.999969482421875,,,1301607,24,1,3,0
2983,1301725,6554,13107,1.00006103515625,1.999969482421875,1.00006103515625,1.999969482421875,,,1301732,24,1,3,0
2984,1301850,6554,13107,1.00006103515625,1.999969482421875,1.00006103515625,1.999969482421875,,,1301858,23,1,3,0
2985,1301976,6554,13107,1.00006103515625,1.999969482421875,1.00006103515625,1.999969482421875,,,1301983,23,1,3,0
2986,1302101,6554,13107,1.00006103515625,1.999969482421875,1.00006103515625,1.999969482421875,,,1302108,24,1,3,0
2987,1302226,6554,13107,1.00006103515625,1.999969482421875,1.00006103515625,1.999969482421875,,,1302233,24,1,3,0
2988,1302351,6554,13107,1.00006103515625,1.999969482421875,1.00006103515625,1.999969482421875,,,1302359,23,1,3,0
2989,1302477,6554,13107,1.00006103515625,1.999969482421875,1.00006103515625,1.999969482421875,,,1302485,24,1,3,0
2990,1302602,6554,13107,1.00006103515625,1.999969482421875,1.00006103515625,1.999969482421875,,,1302609,24,1,3,0
2991,1302727,6554,13107,1.00006103515625,1.999969482421875,1.00006103515625,1.999969482421875,,,1302734,24,1,3,0
2992,1302852,6554,13107,1.00006103515625,1.999969482421875,1.00006103515625,1.999969482421875,,,1302860,23,1,3,0
2993,1302978,6554,13107,1.00006103515625,1.999969482421875,1.00006103515625,1.999969482421875,,,1302985,23,1,3,0
2994,1303103,6554,13107,1.00006103515625,1.999969482421875,1.00006103515625,1.999969482421875,,,1303110,24,1,3,0
2995,1303228,6554,13107,1.00006103515625,1.999969482421875,1.00006103515625,1.999969482421875,,,1303235,24,1,3,0
2996,1303353,6554,13107,1.00006103515625,1.999969482421875,1.00006103515625,1.999969482421875,,,1303361,23,1,3,0
2997,1303479,6554,13107,1.00006103515625,1.999969482421875,1.00006103515625,1.999969482421875,,,1303486,23,1,3,0
2998,1303604,6554,13107,1.00006103515625,1.999969482421875,1.00006103515625,1.999969482421875,,,1303611,24,1,3,0
2999,1303729,6554,13107,1.00006103515625,1.999969482421875,1.00006103515625,1.999969482421875,,,1303736,24,1,3,0
3000,1303854,6554,13107,1.00006103515625,1.999969482421875,1.00006103515625,1.999969482421875,,,1303862,23,1,3,0
3001,1303980,6554,13107,1.00006103515625,1.999969482421875,1.00006103515625,1.999969482421875,,,1303987,23,1,3,0
3002,1304105,6554,13107,1.00006103515625,1.999969482421875,1.00006103515625,1.999969482421875,,,1304112,24,1,3,0
3003,1304230,6554,13107,1.00006103515625,1.999969482421875,1.00006103515625,1.999969482421875,,,1304237,24,1,3,0
3004,1304355,6554,13107,1.00006103515625,1.999969482421875,1.00006103515625,1.999969482421875,,,1304363,23,1,3,0
3005,1304481,6554,13107,1.00006103515625,1.999969482421875,1.00006103515625,1.999969482421875,,,1304488,23,1,3,0
3006,1304606,6554,13107,1.00006103515625,1.999969482421875,1.00006103515625,1.999969482421875,,,1304613,26,1,3,0
3007,1304731,6554,13107,1.00006103515625,1.999969482421875,1.00006103515625,1.999969482421875,,,1304738,24,1,3,0
3008,1304856,6554,13107,1.00006103515625,1.999969482421875,1.00006103515625,1.999969482421875,,,1304864,23,1,3,0
3009,1304982,6554,13107,1.00006103515625,1.999969482421875,1.00006103515625,1.999969482421875,,,1304989,23,1,3,0
3010,1305107,6554,13107,1.00006103515625,1.999969482421875,1.00006103515625,1.999969482421875,,,1305114,24,1,3,0
3011,1305232,6554,13107,1.00006103515625,1.999969482421875,1.00006103515625,1.999969482421875,,,1305239,24,1,3,0
3012,1305357,6554,13107,1.00006103515625,1.999969482421875,1.00006103515625,1.999969482421875,,,1305365,23,1,3,0
3013,1305483,6554,13107,1.00006103515625,1.999969482421875,1.00006103515625,1.999969482421875,,,1305490,23,1,3,0
3014,1305608,6554,13107,1.00006103515625,1.999969482421875,1.00006103515625,1.999969482421875,,,1305615,25,1,3,0
3015,1305733,6554,13107,1.00006103515625,1.999969482421875,1.00006103515625,1.999969482421875,,,1305740,24,1,3,0
3016,1305858,6554,13107,1.00006103515625,1.999969482421875,1.00006103515625,1.999969482421875,,,1305866,23,1,3,0
3017,1305984,6554,13107,1.00006103515625,1.999969482421875,1.00006103515625,1.999969482421875,,,1305991,23,1,3,0
3018,1306109,6554,13107,1.00006103515625,1.999969482421875,1.00006103515625,1.999969482421875,,,1306116,24,1,3,0
3019,1306234,6554,13107,1.00006103515625,1.999969482421875,1.00006103515625,1.999969482421875,,,1306241,24,1,3,0
3020,1306359,6554,13107,1.00006103515625,1.999969482421875,1.00006103515625,1.999969482421875,,,1306367,23,1,3,0
3021,1306485,6554,13107,1.00006103515625,1.999969482421875,1.00006103515625,1.999969482421875,,,1306492,23,1,3,0
3022,1306610,6554,13107,1.00006103515625,1.999969482421875,1.00006103515625,1.999969482421875,,,1306617,24,1,3,0
3023,1306735,6554,13107,1.00006103515625,1.999969482421875,1.00006103515625,1.999969482421875,,,1306742,24,1,3,0
3024,1306860,6554,13107,1.00006103515625,1.999969482421875,1.00006103515625,1.999969482421875,,,1306868,23,1,3,0
3025,1306986,6554,13107,1.00006103515625,1.999969482421875,1.00006103515625,1.999969482421875,,,1306993,23,1,3,0
3026,1307111,6554,13107,1.00006103515625,1.999969482421875,1.00006103515625,1.999969482421875,,,1307118,24,1,3,0
3027,1307236,6554,13107,1.00006103515625,1.999969482421875,1.00006103515625,1.999969482421875,,,1307243,24,1,3,0
3028,1307361,6554,13107,1.00006103515625,1.999969482421875,1.00006103515625,1.999969482421875,,,1307369,23,1,3,0
3029,1307487,6554,13107,1.00006103515625,1.999969482421875,1.00006103515625,1.999969482421875,,,1307494,23,1,3,0
3030,1307612,6554,13107,1.00006103515625,1.999969482421875,1.00006103515625,1.999969482421875,,,1307619,24,1,3,0
3031,1307737,6554,13107,1.00006103515625,1.999969482421875,1.00006103515625,1.999969482421875,,,1307744,24,1,3,0
3032,1307862,6554,13107,1.00006103515625,1.999969482421875,1.00006103515625,1.999969482421875,,,1307870,23,1,3,0
3033,1307988,6554,13107,1.00006103515625,1.999969482421875,1.00006103515625,1.999969482421875,,,1307995,23,1,3,0
3034,1308113,6554,13107,1.00006103515625,1.999969482421875,1.00006103515625,1.999969482421875,,,1308120,24,1,3,0
3035,1308238,6554,13107,1.00006103515625,1.999969482421875,1.00006103515625,1.999969482421875,,,1308245,24,1,3,0
3036,1308363,6554,13107,1.00006103515625,1.999969482421875,1.00006103515625,1.999969482421875,,,1308371,23,1,3,0
3037,1308489,6554,13107,1.00006103515625,1.999969482421875,1.00006103515625,1.999969482421875,,,1308497,23,1,3,0
3038,1308614,6554,13107,1.00006103515625,1.999969482421875,1.00006103515625,1.999969482421875,,,1308621,24,1,3,0
3039,1308739,6554,13107,1.00006103515625,1.999969482421875,1.00006103515625,1.999969482421875,,,1308746,24,1,3,0
3040,1308864,6554,13107,1.00006103515625,1.999969482421875,1.00006103515625,1.999969482421875,,,1308872,23,1,3,0
3041,1308990,6554,13107,1.00006103515625,1.999969482421875,1.00006103515625,1.999969482421875,,,1308997,23,1,3,0
3042,1309115,6554,13107,1.00006103515625,1.999969482421875,1.00006103515625,1.999969482421875,,,1309122,24,1,3,0
3043,1309240,6554,13107,1.00006103515625,1.999969482421875,1.00006103515625,1.999969482421875,,,1309247,24,1,3,0
3044,1309365,6554,13107,1.00006103515625,1.999969482421875,1.00006103515625,1.999969482421875,,,1309373,23,1,3,0
3045,1309491,6554,13107,1.00006103515625,1.999969482421875,1.00006103515625,1.999969482421875,,,1309499,23,1,3,0
3046,1309616,6554,13107,1.00006103515625,1.999969482421875,1.00006103515625,1.999969482421875,,,1309623,24,1,3,0
3047,1309741,6554,13107,1.00006103515625,1.999969482421875,1.00006103515625,1.999969482421875,,,1309748,24,1,3,0
3048,1309866,6554,13107,1.00006103515625,1.999969482421875,1.00006103515625,1.999969482421875,,,1309874,23,1,3,0
3049,1309992,6554,13107,1.00006103515625,1.999969482421875,1.00006103515625,1.999969482421875,,,1309999,23,1,3,0
3050,1310117,6554,13107,1.00006103515625,1.999969482421875,1.00006103515625,1.999969482421875,,,1310124,24,1,3,0
3051,1310242,6554,13107,1.00006103515625,1.999969482421875,1.00006103515625,1.999969482421875,,,1310249,24,1,3,0
3052,1310367,6554,13107,1.00006103515625,1.999969482421875,1.00006103515625,1.999969482421875,,,1310375,23,1,3,0
3053,1310493,6554,13107,1.00006103515625,1.999969482421875,1.00006103515625,1.999969482421875,,,1310500,23,1,3,0
3054,1310618,6554,13107,1.00006103515625,1.999969482421875,1.00006103515625,1.999969482421875,,,1310625,24,1,3,0
3055,1310743,6554,13107,1.00006103515625,1.999969482421875,1.00006103515625,1.999969482421875,,,1310750,24,1,3,0
3056,1310868,6554,13107,1.00006103515625,1.999969482421875,1.00006103515625,1.999969482421875,,,1310877,24,1,3,0
3057,1310994,6554,13107,1.00006103515625,1.999969482421875,1.00006103515625,1.999969482421875,,,1311001,23,1,3,0
3058,1311119,6554,13107,1.00006103515625,1.999969482421875,1.00006103515625,1.999969482421875,,,1311126,24,1,3,0
3059,1311244,6554,13107,1.00006103515625,1.999969482421875,1.00006103515625,1.999969482421875,,,1311251,24,1,3,0
3060,1311369,6554,13107,1.00006103515625,1.999969482421875,1.00006103515625,1.999969482421875,,,1311377,24,1,3,0
3061,1311495,6554,13107,1.00006103515625,1.999969482421875,1.00006103515625,1.999969482421875,,,1311502,24,1,3,0
3062,1311620,6554,13107,1.00006103515625,1.999969482421875,1.00006103515625,1.999969482421875,,,1311627,24,1,3,0
3063,1311745,6554,13107,1.00006103515625,1.999969482421875,1.00006103515625,1.999969482421875,,,1311752,24,1,3,0
3064,1311870,6554,13107,1.00006103515625,1.999969482421875,1.00006103515625,1.999969482421875,,,1311878,23,1,3,0
3065,1311996,6554,13107,1.00006103515625,1.999969482421875,1.00006103515625,1.999969482421875,,,1312003,23,1,3,0
3066,1312121,6554,13107,1.00006103515625,1.999969482421875,1.00006103515625,1.999969482421875,,,1312128,24,1,3,0
3067,1312246,6554,13107,1.00006103515625,1.999969482421875,1.00006103515625,1.999969482421875,,,1312253,24,1,3,0
3068,1312371,6554,13107,1.00006103515625,1.999969482421875,1.00006103515625,1.999969482421875,,,1312379,23,1,3,0
3069,1312497,6554,13107,1.00006103515625,1.999969482421875,1.00006103515625,1.999969482421875,,,1312504,24,1,3,0
3070,1312622,6554,13107,1.00006103515625,1.999969482421875,1.00006103515625,1.999969482421875,,,1312629,24,1,3,0
3071,1312747,6554,13107,1.00006103515625,1.999969482421875,1.00006103515625,1.999969482421875,,,1312754,24,1,3,0
3072,1312872,6554,13107,1.00006103515625,1.999969482421875,1.00006103515625,1.999969482421875,,,1312880,23,1,3,0
3073,1312998,6554,13107,1.00006103515625,1.999969482421875,1.00006103515625,1.999969482421875,,,1313005,23,1,3,0
3074,1313123,6554,13107,1.00006103515625,1.999969482421875,1.00006103515625,1.999969482421875,,,1313130,24,1,3,0
3075,1313248,6554,13107,1.00006103515625,1.999969482421875,1.00006103515625,1.999969482421875,,,1313255,24,1,3,0
3076,1313373,6554,13107,1.00006103515625,1.999969482421875,1.00006103515625,1.999969482421875,,,1313381,23,1,3,0
3077,1313499,6554,13107,1.00006103515625,1.999969482421875,1.00006103515625,1.999969482421875,,,1313506,23,1,3,0
3078,1313624,6554,13107,1.00006103515625,1.999969482421875,1.00006103515625,1.999969482421875,,,1313631,26,1,3,0
3079,1313749,6554,13107,1.00006103515625,1.999969482421875,1.00006103515625,1.999969482421875,,,1313756,24,1,3,0
3080,1313874,6554,13107,1.00006103515625,1.999969482421875,1.00006103515625,1.999969482421875,,,1313882,23,1,3,0
3081,1314000,6554,13107,1.00006103515625,1.999969482421875,1.00006103515625,1.999969482421875,,,1314007,23,1,3,0
3082,1314125,6554,13107,1.00006103515625,1.999969482421875,1.00006103515625,1.999969482421875,,,1314132,24,1,3,0
3083,1314250,6554,13107,1.00006103515625,1.999969482421875,1.00006103515625,1.999969482421875,,,1314257,24,1,3,0
3084,1314375,6554,13107,1.00006103515625,1.999969482421875,1.00006103515625,1.999969482421875,,,1314383,23,1,3,0
3085,1314501,6554,13107,1.00006103515625,1.999969482421875,1.00006103515625,1.999969482421875,,,1314508,23,1,3,0
3086,1314626,6554,13107,1.00006103515625,1.999969482421875,1.00006103515625,1.999969482421875,,,1314633,27,1,3,0
3087,1314751,6554,13107,1.00006103515625,1.999969482421875,1.00006103515625,1.999969482421875,,,1314758,24,1,3,0
3088,1314876,6554,13107,1.00006103515625,1.999969482421875,1.00006103515625,1.999969482421875,,,1314884,23,1,3,0
3089,1315002,6554,13107,1.00006103515625,1.999969482421875,1.00006103515625,1.999969482421875,,,1315009,23,1,3,0
3090,1315127,6554,13107,1.00006103515625,1.999969482421875,1.00006103515625,1.999969482421875,,,1315134,24,1,3,0
3091,1315252,6554,13107,1.00006103515625,1.999969482421875,1.00006103515625,1.999969482421875,,,1315259,24,1,3,0
3092,1315377,6554,13107,1.00006103515625,1.999969482421875,1.00006103515625,1.999969482421875,,,1315385,23,1,3,0
3093,1315503,6554,13107,1.00006103515625,1.999969482421875,1.00006103515625,1.999969482421875,,,1315510,23,1,3,0
3094,1315628,6554,13107,1.00006103515625,1.999969482421875,1.00006103515625,1.999969482421875,,,1315635,26,1,3,0
3095,1315753,6554,13107,1.00006103515625,1.999969482421875,1.00006103515625,1.999969482421875,,,1315760,24,1,3,0
3096,1315878,6554,13107,1.00006103515625,1.999969482421875,1.00006103515625,1.999969482421875,,,1315886,23,1,3,0
3097,1316004,6554,13107,1.00006103515625,1.999969482421875,1.00006103515625,1.999969482421875,,,1316011,23,1,3,0
3098,1316129,6554,13107,1.00006103515625,1.999969482421875,1.00006103515625,1.999969482421875,,,1316136,24,1,3,0
3099,1316254,6554,13107,1.00006103515625,1.999969482421875,1.00006103515625,1.999969482421875,,,1316261,24,1,3,0
3100,1316379,6554,13107,1.00006103515625,1.999969482421875,1.00006103515625,1.999969482421875,,,1316387,23,1,3,0
3101,1316505,6554,13107,1.00006103515625,1.999969482421875,1.00006103515625,1.999969482421875,,,1316513,24,1,3,0
3102,1316630,6554,13107,1.00006103515625,1.999969482421875,1.00006103515625,1.999969482421875,,,1316639,24,1,3,0
3103,1316755,6554,13107,1.00006103515625,1.999969482421875,1.00006103515625,1.999969482421875,,,1316762,24,1,3,0
3104,1316880,6554,13107,1.00006103515625,1.999969482421875,1.00006103515625,1.999969482421875,,,1316888,23,1,3,0
3105,1317006,6554,13107,1.00006103515625,1.999969482421875,1.00006103515625,1.999969482421875,,,1317013,23,1,3,0
3106,1317131,6554,13107,1.00006103515625,1.999969482421875,1.00006103515625,1.999969482421875,,,1317139,24,1,3,0
3107,1317256,6554,13107,1.00006103515625,1.999969482421875,1.00006103515625,1.999969482421875,,,1317263,24,1,3,0
3108,1317381,6554,13107,1.00006103515625,1.999969482421875,1.00006103515625,1.999969482421875,,,1317389,24,1,3,0
3109,1317507,6554,13107,1.00006103515625,1.999969482421875,1.00006103515625,1.999969482421875,,,1317514,24,1,3,0
3110,1317632,6554,13107,1.00006103515625,1.999969482421875,1.00006103515625,1.999969482421875,,,1317641,23,1,3,0
3111,1317757,6554,13107,1.00006103515625,1.999969482421875,1.00006103515625,1.999969482421875,,,1317765,23,1,3,0
3112,1317882,6554,13107,1.00006103515625,1.999969482421875,1.00006103515625,1.999969482421875,,,1317890,23,1,3,0
3113,1318008,6554,13107,1.00006103515625,1.999969482421875,1.00006103515625,1.999969482421875,,,1318015,24,1,3,0
3114,1318133,6554,13107,1.00006103515625,1.999969482421875,1.00006103515625,1.999969482421875,,,1318141,23,1,3,0
3115,1318258,6554,13107,1.00006103515625,1.999969482421875,1.00006103515625,1.999969482421875,,,1318266,23,1,3,0
3116,1318383,6554,13107,1.00006103515625,1.999969482421875,1.00006103515625,1.999969482421875,,,1318391,23,1,3,0
3117,1318509,6554,13107,1.00006103515625,1.999969482421875,1.00006103515625,1.999969482421875,,,1318516,24,1,3,0
3118,1318634,6554,13107,1.00006103515625,1.999969482421875,1.00006103515625,1.999969482421875,,,1318643,23,1,3,0
3119,1318759,6554,13107,1.00006103515625,1.999969482421875,1.00006103515625,1.999969482421875,,,1318767,23,1,3,0
3120,1318884,6554,13107,1.00006103515625,1.999969482421875,1.00006103515625,1.999969482421875,,,1318892,23,1,3,0
3121,1319010,6554,13107,1.00006103515625,1.999969482421875,1.00006103515625,1.999969482421875,,,1319017,24,1,3,0
3122,1319135,6554,13107,1.00006103515625,1.999969482421875,1.00006103515625,1.999969482421875,,,1319142,24,1,3,0
3123,1319260,6554,13107,1.00006103515625,1.999969482421875,1.00006103515625,1.999969482421875,,,1319268,23,1,3,0
3124,1319385,6554,13107,1.00006103515625,1.999969482421875,1.00006103515625,1.999969482421875,,,1319393,23,1,3,0
3125,1319511,6554,13107,1.00006103515625,1.999969482421875,1.00006103515625,1.999969482421875,,,1319518,24,1,3,0
3126,1319636,6554,13107,1.00006103515625,1.999969482421875,1.00006103515625,1.999969482421875,,,1319645,23,1,3,0
3127,1319761,6554,13107,1.00006103515625,1.999969482421875,1.00006103515625,1.999969482421875,,,1319769,23,1,3,0
3128,1319886,6554,13107,1.00006103515625,1.999969482421875,1.00006103515625,1.999969482421875,,,1319894,23,1,3,0
3129,1320012,6554,13107,1.00006103515625,1.999969482421875,1.00006103515625,1.999969482421875,,,1320019,24,1,3,0
3130,1320137,6554,13107,1.00006103515625,1.999969482421875,1.00006103515625,1.999969482421875,,,1320144,24,1,3,0
3131,1320262,6554,13107,1.00006103515625,1.999969482421875,1.00006103515625,1.999969482421875,,,1320270,23,1,3,0
3132,1320387,6554,13107,1.00006103515625,1.999969482421875,1.00006103515625,1.999969482421875,,,1320395,23,1,3,0
3133,1320513,6554,13107,1.00006103515625,1.999969482421875,1.00006103515625,1.999969482421875,,,1320520,24,1,3,0
3134,1320639,6554,13107,1.00006103515625,1.999969482421875,1.00006103515625,1.999969482421875,,,1320646,24,1,3,0
3135,1320764,6554,13107,1.00006103515625,1.999969482421875,1.00006103515625,1.999969482421875,,,1320771,24,1,3,0
3136,1320889,6554,13107,1.00006103515625,1.999969482421875,1.00006103515625,1.999969482421875,,,1320896,24,1,3,0
3137,1321014,6554,13107,1.00006103515625,1.999969482421875,1.00006103515625,1.999969482421875,,,1321022,23,1,3,0
3138,1321140,6554,13107,1.00006103515625,1.999969482421875,1.00006103515625,1.999969482421875,,,1321147,24,1,3,0
3139,1321265,6554,13107,1.00006103515625,1.999969482421875,1.00006103515625,1.999969482421875,,,1321272,24,1,3,0
3140,1321390,6554,13107,1.00006103515625,1.999969482421875,1.00006103515625,1.999969482421875,,,1321397,24,1,3,0
3141,1321515,6554,13107,1.00006103515625,1.999969482421875,1.00006103515625,1.999969482421875,,,1321523,23,1,3,0
3142,1321643,6554,13107,1.00006103515625,1.999969482421875,1.00006103515625,1.999969482421875,,,1321650,24,1,3,0
3143,1321766,6554,13107,1.00006103515625,1.999969482421875,1.00006103515625,1.999969482421875,,,1321774,23,1,3,0
3144,1321892,6554,13107,1.00006103515625,1.999969482421875,1.00006103515625,1.999969482421875,,,1321899,24,1,3,0
3145,1322017,6554,13107,1.00006103515625,1.999969482421875,1.00006103515625,1.999969482421875,,,1322024,24,1,3,0
3146,1322142,6554,13107,1.00006103515625,1.999969482421875,1.00006103515625,1.999969482421875,,,1322149,24,1,3,0
3147,1322267,6554,13107,1.00006103515625,1.999969482421875,1.00006103515625,1.999969482421875,,,1322275,23,1,3,0
3148,1322393,6554,13107,1.00006103515625,1.999969482421875,1.00006103515625,1.999969482421875,,,1322400,24,1,3,0
3149,1322518,6554,13107,1.00006103515625,1.999969482421875,1.00006103515625,1.999969482421875,,,1322525,24,1,3,0
3150,1322643,6554,13107,1.00006103515625,1.999969482421875,1.00006103515625,1.999969482421875,,,1322650,24,1,3,0
3151,1322768,6554,13107,1.00006103515625,1.999969482421875,1.00006103515625,1.999969482421875,,,1322776,23,1,3,0
3152,1322894,6554,13107,1.00006103515625,1.999969482421875,1.00006103515625,1.999969482421875,,,1322901,24,1,3,0
3153,1323019,6554,13107,1.00006103515625,1.999969482421875,1.00006103515625,1.999969482421875,,,1323026,24,1,3,0
3154,1323144,6554,13107,1.00006103515625,1.999969482421875,1.00006103515625,1.999969482421875,,,1323151,24,1,3,0
3155,1323269,6554,13107,1.00006103515625,1.999969482421875,1.00006103515625,1.999969482421875,,,1323277,23,1,3,0
3156,1323395,6554,13107,1.00006103515625,1.999969482421875,1.00006103515625,1.999969482421875,,,1323402,23,1,3,0
3157,1323520,6554,13107,1.00006103515625,1.999969482421875,1.00006103515625,1.999969482421875,,,1323527,24,1,3,0
3158,1323645,6554,13107,1.00006103515625,1.999969482421875,1.00006103515625,1.999969482421875,,,1323653,23,1,3,0
3159,1323770,6554,13107,1.00006103515625,1.999969482421875,1.00006103515625,1.999969482421875,,,1323778,23,1,3,0
3160,1323896,6554,13107,1.00006103515625,1.999969482421875,1.00006103515625,1.999969482421875,,,1323903,23,1,3,0
3161,1324021,6554,13107,1.00006103515625,1.999969482421875,1.00006103515625,1.999969482421875,,,1324028,24,1,3,0
3162,1324147,6554,13107,1.00006103515625,1.999969482421875,1.00006103515625,1.999969482421875,,,1324155,24,1,3,0
3163,1324271,6554,13107,1.00006103515625,1.999969482421875,1.00006103515625,1.999969482421875,,,1324278,24,1,3,0
3164,1324397,6554,13107,1.00006103515625,1.999969482421875,1.00006103515625,1.999969482421875,,,1324404,23,1,3,0
3165,1324522,6554,13107,1.00006103515625,1.999969482421875,1.00006103515625,1.999969482421875,,,1324529,24,1,3,0
3166,1324647,6554,13107,1.00006103515625,1.999969482421875,1.00006103515625,1.999969482421875,,,1324654,24,1,3,0
3167,1324772,6554,13107,1.00006103515625,1.999969482421875,1.00006103515625,1.999969482421875,,,1324779,24,1,3,0
3168,1324898,6554,13107,1.00006103515625,1.999969482421875,1.00006103515625,1.999969482421875,,,1324905,23,1,3,0
3169,1325023,6554,13107,1.00006103515625,1.999969482421875,1.00006103515625,1.999969482421875,,,1325030,24,1,3,0
3170,1325148,6554,13107,1.00006103515625,1.999969482421875,1.00006103515625,1.999969482421875,,,1325155,24,1,3,0
3171,1325273,6554,13107,1.00006103515625,1.999969482421875,1.00006103515625,1.999969482421875,,,1325280,24,1,3,0
3172,1325399,6554,13107,1.00006103515625,1.999969482421875,1.00006103515625,1.999969482421875,,,1325406,23,1,3,0
3173,1325524,6554,13107,1.00006103515625,1.999969482421875,1.00006103515625,1.999969482421875,,,1325531,24,1,3,0
3174,1325649,6554,13107,1.00006103515625,1.999969482421875,1.00006103515625,1.999969482421875,,,1325656,24,1,3,0
3175,1325774,6554,13107,1.00006103515625,1.999969482421875,1.00006103515625,1.999969482421875,,,1325781,24,1,3,0
3176,1325900,6554,13107,1.00006103515625,1.999969482421875,1.00006103515625,1.999969482421875,,,1325907,23,1,3,0
3177,1326025,6554,13107,1.00006103515625,1.999969482421875,1.00006103515625,1.999969482421875,,,1326032,24,1,3,0
3178,1326150,6554,13107,1.00006103515625,1.999969482421875,1.00006103515625,1.999969482421875,,,1326157,24,1,3,0
3179,1326275,6554,13107,1.00006103515625,1.999969482421875,1.00006103515625,1.999969482421875,,,1326282,24,1,3,0
3180,1326401,6554,13107,1.00006103515625,1.999969482421875,1.00006103515625,1.999969482421875,,,1326408,23,1,3,0
3181,1326526,6554,13107,1.00006103515625,1.999969482421875,1.00006103515625,1.999969482421875,,,1326534,23,1,3,0
3182,1326651,6554,13107,1.00006103515625,1.999969482421875,1.00006103515625,1.999969482421875,,,1326658,24,1,3,0
3183,1326776,6554,13107,1.00006103515625,1.999969482421875,1.00006103515625,1.999969482421875,,,1326783,24,1,3,0
3184,1326902,6554,13107,1.00006103515625,1.999969482421875,1.00006103515625,1.999969482421875,,,1326909,23,1,3,0
3185,1327027,6554,13107,1.00006103515625,1.999969482421875,1.00006103515625,1.999969482421875,,,1327034,24,1,3,0
3186,1327152,6554,13107,1.00006103515625,1.999969482421875,1.00006103515625,1.999969482421875,,,1327159,24,1,3,0
3187,1327277,6554,13107,1.00006103515625,1.999969482421875,1.00006103515625,1.999969482421875,,,1327284,24,1,3,0
