sequence,time_since_first_emg_s,EMG1_adc_input_V,EMG2_adc_input_V,flags
1,0.0,1.7333984375,1.862335205078125,0
2,0.000125,1.762237548828125,1.839447021484375,0
3,0.00025,1.789093017578125,1.81365966796875,0
4,0.000375,1.813812255859375,1.78466796875,0
5,0.000501,1.837615966796875,1.75445556640625,0
6,0.000626,1.861724853515625,1.724090576171875,0
7,0.000751,1.885833740234375,1.693572998046875,0
8,0.000876,1.907958984375,1.661376953125,0
9,0.001002,1.927490234375,1.62689208984375,0
10,0.001127,1.9451904296875,1.5911865234375,0
11,0.001252,1.96258544921875,1.556243896484375,0
12,0.001377,1.980133056640625,1.52252197265625,0
13,0.001503,1.995849609375,1.488494873046875,0
14,0.001628,2.008819580078125,1.453094482421875,0
15,0.001753,2.019195556640625,1.417236328125,0
16,0.001878,2.028656005859375,1.382598876953125,0
17,0.002004,2.038116455078125,1.350250244140625,0
18,0.002129,2.046356201171875,1.31927490234375,0
19,0.002254,2.051849365234375,1.28814697265625,0
20,0.002379,2.054290771484375,1.257171630859375,0
21,0.002505,2.05535888671875,1.22772216796875,0
22,0.00263,2.056121826171875,1.201324462890625,0
23,0.002755,2.056121826171875,1.177825927734375,0
24,0.00288,2.0538330078125,1.1553955078125,0
25,0.003006,2.04833984375,1.13372802734375,0
26,0.003131,2.040863037109375,1.11358642578125,0
27,0.003256,2.032928466796875,1.09710693359375,0
28,0.003381,2.024688720703125,1.08428955078125,0
29,0.003507,2.0147705078125,1.073760986328125,0
30,0.003632,2.001953125,1.064453125,0
31,0.003757,1.9866943359375,1.056671142578125,0
32,0.003882,1.970672607421875,1.052398681640625,0
33,0.004008,1.954803466796875,1.05224609375,0
34,0.004133,1.938018798828125,1.055145263671875,0
35,0.004258,1.9189453125,1.0595703125,0
36,0.004383,1.89727783203125,1.06536865234375,0
37,0.004509,1.874542236328125,1.074066162109375,0
38,0.004634,1.852264404296875,1.086578369140625,0
39,0.004759,1.829986572265625,1.10260009765625,0
40,0.004884,1.805877685546875,1.120452880859375,0
41,0.00501,1.779632568359375,1.139068603515625,0
42,0.005135,1.752166748046875,1.159515380859375,0
43,0.00526,1.72515869140625,1.183319091796875,0
44,0.005385,1.698760986328125,1.2103271484375,0
45,0.005511,1.6717529296875,1.239166259765625,0
46,0.005636,1.642913818359375,1.268157958984375,0
47,0.005761,1.61285400390625,1.29791259765625,0
48,0.005886,1.583251953125,1.329498291015625,0
49,0.006012,1.55487060546875,1.363983154296875,0
50,0.006137,1.52679443359375,1.39984130859375,0
51,0.006262,1.497802734375,1.43524169921875,0
52,0.006387,1.467437744140625,1.470184326171875,0
53,0.006513,1.437530517578125,1.50543212890625,0
54,0.006638,1.409149169921875,1.542510986328125,0
55,0.006763,1.382293701171875,1.58050537109375,0
56,0.006888,1.355133056640625,1.61773681640625,0
57,0.007014,1.327056884765625,1.652984619140625,0
58,0.007139,1.298980712890625,1.687164306640625,0
59,0.007264,1.273040771484375,1.721649169921875,0
60,0.007389,1.24908447265625,1.756591796875,0
61,0.007515,1.225738525390625,1.7901611328125,0
62,0.00764,1.20208740234375,1.82098388671875,0
63,0.007765,1.178436279296875,1.849365234375,0
64,0.007891,1.156463623046875,1.876678466796875,0
65,0.008016,1.137237548828125,1.903533935546875,0
66,0.008141,1.11968994140625,1.92901611328125,0
67,0.008266,1.102142333984375,1.95098876953125,0
68,0.008392,1.0845947265625,1.969451904296875,0
69,0.008517,1.06842041015625,1.985626220703125,0
70,0.008642,1.0552978515625,2.000732421875,0
71,0.008767,1.0443115234375,2.01416015625,0
72,0.008893,1.03424072265625,2.024383544921875,0
73,0.009018,1.024169921875,2.030181884765625,0
74,0.009143,1.015167236328125,2.032928466796875,0
75,0.009268,1.0089111328125,2.033843994140625,0
76,0.009394,1.00555419921875,2.03338623046875,0
77,0.009519,1.003570556640625,2.029876708984375,0
78,0.009644,1.001739501953125,2.022247314453125,0
79,0.009769,1.000518798828125,2.01080322265625,0
80,0.009895,1.0015869140625,1.997222900390625,0
81,0.01002,1.00555419921875,1.982574462890625,0
82,0.010145,1.01165771484375,1.965789794921875,0
83,0.01027,1.018218994140625,1.9451904296875,0
84,0.010396,1.0247802734375,1.920928955078125,0
85,0.010521,1.03302001953125,1.89453125,0
86,0.010646,1.044158935546875,1.86737060546875,0
87,0.010771,1.0577392578125,1.839141845703125,0
88,0.010897,1.071929931640625,1.808319091796875,0
89,0.011022,1.0858154296875,1.7742919921875,0
90,0.011147,1.100616455078125,1.738128662109375,0
91,0.011272,1.11785888671875,1.70196533203125,0
92,0.011398,1.137542724609375,1.665802001953125,0
93,0.011523,1.15814208984375,1.628570556640625,0
94,0.011648,1.17828369140625,1.58905029296875,0
95,0.011773,1.198577880859375,1.548004150390625,0
96,0.011899,1.22039794921875,1.50726318359375,0
97,0.012024,1.2445068359375,1.467742919921875,0
98,0.012149,1.26983642578125,1.4288330078125,0
99,0.012274,1.2945556640625,1.38885498046875,0
100,0.0124,1.31866455078125,1.348114013671875,0
101,0.012525,1.3433837890625,1.308135986328125,0
102,0.01265,1.36993408203125,1.270599365234375,0
103,0.012775,1.397705078125,1.234893798828125,0
104,0.012901,1.4251708984375,1.199798583984375,0
105,0.013026,1.45111083984375,1.164703369140625,0
106,0.013151,1.476898193359375,1.13067626953125,0
107,0.013276,1.50360107421875,1.099700927734375,0
108,0.013402,1.53167724609375,1.071929931640625,0
109,0.013527,1.5594482421875,1.046142578125,0
110,0.013652,1.585540771484375,1.0211181640625,0
111,0.013777,1.610107421875,0.99761962890625,0
112,0.013903,1.6351318359375,0.977325439453125,0
113,0.014028,1.66107177734375,0.96099853515625,0
114,0.014153,1.686859130859375,0.9478759765625,0
115,0.014278,1.7108154296875,0.936279296875,0
116,0.014404,1.7327880859375,0.92620849609375,0
117,0.014529,1.75384521484375,0.919189453125,0
118,0.014654,1.775665283203125,0.91644287109375,0
119,0.014779,1.797332763671875,0.91766357421875,0
120,0.014905,1.81732177734375,0.9210205078125,0
121,0.01503,1.834716796875,0.925750732421875,0
122,0.015155,1.8505859375,0.93292236328125,0
123,0.01528,1.866302490234375,0.944061279296875,0
124,0.015406,1.882171630859375,0.959320068359375,0
125,0.015531,1.896514892578125,0.977020263671875,0
126,0.015656,1.90826416015625,0.995941162109375,0
127,0.015781,1.917572021484375,1.0162353515625,0
128,0.015907,1.926116943359375,1.03973388671875,0
129,0.016032,1.934814453125,1.067047119140625,0
130,0.016157,1.94244384765625,1.0968017578125,0
131,0.016282,1.947479248046875,1.1273193359375,0
132,0.016408,1.949615478515625,1.158294677734375,0
133,0.016533,1.95037841796875,1.190948486328125,0
134,0.016658,1.951141357421875,1.22650146484375,0
135,0.016783,1.9512939453125,1.26434326171875,0
136,0.016909,1.949310302734375,1.302490234375,0
137,0.017034,1.944427490234375,1.339874267578125,0
138,0.017159,1.937408447265625,1.3775634765625,0
139,0.017284,1.93023681640625,1.41693115234375,0
140,0.01741,1.92291259765625,1.457672119140625,0
141,0.017535,1.9140625,1.4984130859375,0
142,0.01766,1.9024658203125,1.5374755859375,0
143,0.017785,1.888427734375,1.575164794921875,0
144,0.017911,1.873931884765625,1.61285400390625,0
145,0.018036,1.8597412109375,1.651458740234375,0
146,0.018161,1.844635009765625,1.689300537109375,0
147,0.018286,1.827239990234375,1.724853515625,0
148,0.018412,1.80755615234375,1.757659912109375,0
149,0.018537,1.786956787109375,1.78924560546875,0
150,0.018662,1.766815185546875,1.82037353515625,0
151,0.018787,1.746673583984375,1.8505859375,0
152,0.018913,1.72515869140625,1.8780517578125,0
153,0.019038,1.701202392578125,1.90185546875,0
154,0.019163,1.67633056640625,1.92291259765625,0
155,0.019288,1.65191650390625,1.9427490234375,0
156,0.019414,1.62841796875,1.96136474609375,0
157,0.019539,1.604156494140625,1.97723388671875,0
158,0.019664,1.578216552734375,1.988983154296875,0
159,0.019789,1.551055908203125,1.997222900390625,0
160,0.019915,1.524505615234375,2.003326416015625,0
161,0.02004,1.49932861328125,2.008056640625,0
162,0.020165,1.474456787109375,2.010498046875,0
163,0.02029,1.448516845703125,2.00897216796875,0
164,0.020415,1.4215087890625,2.003326416015625,0
165,0.020541,1.394805908203125,1.995086669921875,0
166,0.020667,1.36993408203125,1.985626220703125,0
167,0.020792,1.346435546875,1.9744873046875,0
168,0.020917,1.3226318359375,1.96014404296875,0
169,0.021042,1.29791259765625,1.941680908203125,0
170,0.021168,1.27349853515625,1.920623779296875,0
171,0.021293,1.25091552734375,1.89849853515625,0
172,0.021419,1.23046875,1.875457763671875,0
173,0.021544,1.210784912109375,1.850433349609375,0
174,0.021669,1.19049072265625,1.822052001953125,0
175,0.021795,1.17034912109375,1.79107666015625,0
176,0.02192,1.15203857421875,1.759490966796875,0
177,0.022045,1.136322021484375,1.728057861328125,0
178,0.02217,1.12213134765625,1.69586181640625,0
179,0.022296,1.10809326171875,1.66168212890625,0
180,0.022421,1.093902587890625,1.6253662109375,0
181,0.022546,1.081390380859375,1.5887451171875,0
182,0.022671,1.07147216796875,1.553192138671875,0
183,0.022797,1.063995361328125,1.5185546875,0
184,0.022922,1.057281494140625,1.483154296875,0
185,0.023047,1.0504150390625,1.446685791015625,0
186,0.023172,1.044769287109375,1.41021728515625,0
187,0.023298,1.041717529296875,1.375579833984375,0
188,0.023423,1.041412353515625,1.343231201171875,0
189,0.023548,1.04248046875,1.311798095703125,0
190,0.023673,1.043701171875,1.28021240234375,0
191,0.023799,1.0455322265625,1.24908447265625,0
192,0.023924,1.04949951171875,1.220245361328125,0
193,0.024049,1.0565185546875,1.194610595703125,0
194,0.024174,1.06536865234375,1.171417236328125,0
195,0.0243,1.07452392578125,1.14898681640625,0
196,0.024425,1.083831787109375,1.12762451171875,0
197,0.02455,1.09466552734375,1.108551025390625,0
198,0.024675,1.108245849609375,1.093292236328125,0
199,0.024801,1.124114990234375,1.08154296875,0
200,0.024926,1.140594482421875,1.07147216796875,0
201,0.025051,1.156768798828125,1.0626220703125,0
202,0.025176,1.1737060546875,1.056060791015625,0
203,0.025302,1.19293212890625,1.053314208984375,0
204,0.025427,1.214599609375,1.054534912109375,0
205,0.025553,1.237030029296875,1.058349609375,0
206,0.025678,1.259002685546875,1.063385009765625,0
207,0.025803,1.28082275390625,1.070098876953125,0
208,0.025928,1.3043212890625,1.080169677734375,0
209,0.026054,1.329803466796875,1.0943603515625,0
210,0.026179,1.35650634765625,1.111297607421875,0
211,0.026304,1.3824462890625,1.129608154296875,0
212,0.026429,1.407623291015625,1.148834228515625,0
213,0.026555,1.43341064453125,1.17034912109375,0
214,0.02668,1.46087646484375,1.19537353515625,0
215,0.026805,1.489410400390625,1.22314453125,0
216,0.02693,1.517486572265625,1.25213623046875,0
217,0.027056,1.544036865234375,1.2811279296875,0
218,0.027181,1.570281982421875,1.31103515625,0
219,0.027306,1.597442626953125,1.343536376953125,0
220,0.027432,1.62567138671875,1.378326416015625,0
221,0.027557,1.6534423828125,1.41387939453125,0
222,0.027682,1.67938232421875,1.44866943359375,0
223,0.027807,1.703948974609375,1.483001708984375,0
224,0.027933,1.728668212890625,1.51824951171875,0
225,0.028058,1.754302978515625,1.55517578125,0
226,0.028183,1.77947998046875,1.5924072265625,0
227,0.028308,1.802825927734375,1.62811279296875,0
228,0.028434,1.823883056640625,1.6619873046875,0
229,0.028559,1.844329833984375,1.69525146484375,0
230,0.028684,1.865081787109375,1.728973388671875,0
231,0.028809,1.88568115234375,1.7626953125,0
232,0.028935,1.904296875,1.794281005859375,0
233,0.02906,1.92047119140625,1.822967529296875,0
234,0.029185,1.934814453125,1.849517822265625,0
235,0.02931,1.949005126953125,1.87530517578125,0
236,0.029436,1.96319580078125,1.900634765625,0
237,0.029561,1.9757080078125,1.923675537109375,0
238,0.029686,1.9854736328125,1.94305419921875,0
239,0.029811,1.9927978515625,1.959075927734375,0
240,0.029937,1.99920654296875,1.9732666015625,0
241,0.030062,2.005615234375,1.986541748046875,0
242,0.030187,2.010955810546875,1.997528076171875,0
243,0.030312,2.0135498046875,2.004852294921875,0
244,0.030438,2.013092041015625,2.007904052734375,0
245,0.030563,2.011260986328125,2.00836181640625,0
246,0.030688,2.00927734375,2.007598876953125,0
247,0.030813,2.006683349609375,2.004852294921875,0
248,0.030939,2.001800537109375,1.99859619140625,0
249,0.031064,1.993865966796875,1.98822021484375,0
250,0.031189,1.983795166015625,1.974639892578125,0
251,0.031314,1.973419189453125,1.95953369140625,0
252,0.03144,1.962890625,1.94305419921875,0
253,0.031565,1.950836181640625,1.92413330078125,0
254,0.03169,1.93572998046875,1.9012451171875,0
255,0.031815,1.9183349609375,1.875152587890625,0
256,0.031941,1.90032958984375,1.8475341796875,0
257,0.032066,1.882476806640625,1.8194580078125,0
258,0.032191,1.863861083984375,1.78985595703125,0
259,0.032316,1.842803955078125,1.75750732421875,0
260,0.032442,1.8194580078125,1.722259521484375,0
261,0.032567,1.7950439453125,1.685638427734375,0
262,0.032692,1.771240234375,1.64947509765625,0
263,0.032817,1.747283935546875,1.613006591796875,0
264,0.032943,1.721954345703125,1.5753173828125,0
265,0.033068,1.694183349609375,1.53533935546875,0
266,0.033193,1.665496826171875,1.494598388671875,0
267,0.033318,1.637115478515625,1.45477294921875,0
268,0.033444,1.60980224609375,1.41632080078125,0
269,0.033569,1.58172607421875,1.378021240234375,0
270,0.033694,1.551971435546875,1.338653564453125,0
271,0.033819,1.52099609375,1.29913330078125,0
272,0.033945,1.490631103515625,1.260986328125,0
273,0.03407,1.46148681640625,1.225433349609375,0
274,0.034195,1.432952880859375,1.191558837890625,0
275,0.03432,1.403350830078125,1.157989501953125,0
276,0.034446,1.3726806640625,1.124725341796875,0
277,0.034571,1.342315673828125,1.09344482421875,0
278,0.034696,1.313934326171875,1.06536865234375,0
279,0.034821,1.286773681640625,1.040496826171875,0
280,0.034947,1.259613037109375,1.01715087890625,0
281,0.035072,1.231536865234375,0.99456787109375,0
282,0.035197,1.203765869140625,0.97412109375,0
283,0.035322,1.178131103515625,0.95733642578125,0
284,0.035448,1.15447998046875,0.944671630859375,0
285,0.035573,1.131744384765625,0.934600830078125,0
286,0.035698,1.108551025390625,0.9259033203125,0
287,0.035823,1.085662841796875,0.919036865234375,0
288,0.035949,1.064453125,0.91583251953125,0
289,0.036074,1.046142578125,0.91705322265625,0
290,0.036199,1.029510498046875,0.921478271484375,0
291,0.036324,1.01318359375,0.927734375,0
292,0.03645,0.996856689453125,0.935516357421875,0
293,0.036575,0.9820556640625,0.94635009765625,0
294,0.0367,0.970306396484375,0.9613037109375,0
295,0.036825,0.96099853515625,0.979766845703125,0
296,0.036951,0.952606201171875,1.0003662109375,0
297,0.037076,0.944366455078125,1.021728515625,0
298,0.037201,0.93719482421875,1.045074462890625,0
299,0.037326,0.93292236328125,1.071929931640625,0
300,0.037452,0.93170166015625,1.102142333984375,0
301,0.037577,0.931854248046875,1.134185791015625,0
302,0.037702,0.932464599609375,1.166534423828125,0
303,0.037827,0.933685302734375,1.199493408203125,0
304,0.037953,0.93719482421875,1.2347412109375,0
305,0.038078,0.944061279296875,1.2725830078125,0
306,0.038203,0.952911376953125,1.31195068359375,0
307,0.038328,0.96221923828125,1.35101318359375,0
308,0.038454,0.971832275390625,1.38946533203125,0
309,0.038579,0.9832763671875,1.428375244140625,0
310,0.038704,0.99761962890625,1.4691162109375,0
311,0.038829,1.014404296875,1.5106201171875,0
312,0.038955,1.031951904296875,1.551361083984375,0
313,0.03908,1.049346923828125,1.59027099609375,0
314,0.039205,1.06781005859375,1.62811279296875,0
315,0.03933,1.08856201171875,1.666259765625,0
316,0.039456,1.111907958984375,1.7047119140625,0
317,0.039581,1.136322021484375,1.741790771484375,0
318,0.039706,1.160430908203125,1.776123046875,0
319,0.039831,1.1846923828125,1.807861328125,0
320,0.039957,1.210479736328125,1.83868408203125,0
321,0.040082,1.23870849609375,1.869049072265625,0
322,0.040207,1.268157958984375,1.897735595703125,0
323,0.040332,1.297149658203125,1.9232177734375,0
324,0.040458,1.32537841796875,1.945037841796875,0
325,0.040583,1.3543701171875,1.96441650390625,0
326,0.040708,1.38519287109375,1.982879638671875,0
327,0.040833,1.417388916015625,1.999664306640625,0
328,0.040959,1.449127197265625,2.012939453125,0
329,0.041084,1.4794921875,2.0220947265625,0
330,0.041209,1.50970458984375,2.028045654296875,0
331,0.041334,1.54083251953125,2.032318115234375,0
332,0.04146,1.573333740234375,2.035064697265625,0
333,0.041585,1.605377197265625,2.034759521484375,0
334,0.04171,1.6357421875,2.03033447265625,0
335,0.041835,1.664886474609375,2.0220947265625,0
336,0.041961,1.69403076171875,2.01202392578125,0
337,0.042086,1.7242431640625,2.000579833984375,0
338,0.042211,1.754302978515625,1.98699951171875,0
339,0.042336,1.782379150390625,1.969757080078125,0
340,0.042462,1.808319091796875,1.9488525390625,0
341,0.042587,1.833648681640625,1.925811767578125,0
342,0.042712,1.859283447265625,1.902008056640625,0
343,0.042837,1.884918212890625,1.877288818359375,0
344,0.042963,1.9085693359375,1.849822998046875,0
345,0.043088,1.92962646484375,1.819305419921875,0
346,0.043213,1.949005126953125,1.78680419921875,0
347,0.043338,1.968231201171875,1.753997802734375,0
348,0.043464,1.987457275390625,1.721343994140625,0
349,0.043589,2.0050048828125,1.6876220703125,0
350,0.043714,2.0196533203125,1.651763916015625,0
351,0.043839,2.0318603515625,1.6143798828125,0
352,0.043965,2.04315185546875,1.5771484375,0
353,0.04409,2.054443359375,1.541290283203125,0
354,0.044215,2.06451416015625,1.50604248046875,0
355,0.04434,2.071685791015625,1.4697265625,0
356,0.044466,2.075958251953125,1.4324951171875,0
357,0.044591,2.078704833984375,1.39617919921875,0
358,0.044716,2.081146240234375,1.36199951171875,0
359,0.044841,2.08282470703125,1.3299560546875,0
360,0.044967,2.082061767578125,1.2982177734375,0
361,0.045092,2.0782470703125,1.2664794921875,0
362,0.045217,2.0721435546875,1.235809326171875,0
363,0.045343,2.065582275390625,1.208038330078125,0
364,0.045468,2.0587158203125,1.1834716796875,0
365,0.045593,2.050018310546875,1.160736083984375,0
366,0.045718,2.038421630859375,1.13861083984375,0
367,0.045844,2.02423095703125,1.11785888671875,0
368,0.045969,2.00927734375,1.10015869140625,0
369,0.046094,1.994171142578125,1.08642578125,0
370,0.046219,1.9781494140625,1.075592041015625,0
371,0.046345,1.959686279296875,1.0662841796875,0
372,0.04647,1.9384765625,1.058197021484375,0
373,0.046595,1.916351318359375,1.053009033203125,0
374,0.04672,1.89422607421875,1.051788330078125,0
375,0.046846,1.872100830078125,1.054229736328125,0
376,0.046971,1.84814453125,1.058807373046875,0
377,0.047096,1.82159423828125,1.064300537109375,0
378,0.047221,1.7938232421875,1.072235107421875,0
379,0.047347,1.766510009765625,1.08367919921875,0
380,0.047472,1.739654541015625,1.09893798828125,0
381,0.047597,1.7120361328125,1.116485595703125,0
382,0.047722,1.682281494140625,1.13494873046875,0
383,0.047848,1.65130615234375,1.154632568359375,0
384,0.047973,1.6204833984375,1.17706298828125,0
385,0.048098,1.591033935546875,1.2030029296875,0
386,0.048223,1.56158447265625,1.2310791015625,0
387,0.048349,1.53106689453125,1.259613037109375,0
388,0.048474,1.4990234375,1.288299560546875,0
389,0.048599,1.467437744140625,1.318511962890625,0
390,0.048724,1.437225341796875,1.351318359375,0
391,0.04885,1.408233642578125,1.38580322265625,0
392,0.048975,1.37908935546875,1.42059326171875,0
393,0.0491,1.348724365234375,1.454315185546875,0
394,0.049225,1.318359375,1.487884521484375,0
395,0.049351,1.28997802734375,1.5228271484375,0
396,0.049476,1.263427734375,1.558990478515625,0
397,0.049601,1.237640380859375,1.5948486328125,0
398,0.049726,1.211090087890625,1.62872314453125,0
399,0.049852,1.1846923828125,1.66107177734375,0
400,0.049977,1.15997314453125,1.693267822265625,0
401,0.050102,1.1376953125,1.725921630859375,0
402,0.050227,1.117095947265625,1.7578125,0
403,0.050353,1.09649658203125,1.787109375,0
404,0.050478,1.075897216796875,1.81365966796875,0
405,0.050603,1.05682373046875,1.838531494140625,0
406,0.050728,1.04034423828125,1.862945556640625,0
407,0.050854,1.026458740234375,1.88629150390625,0
408,0.050979,1.01318359375,1.90673828125,0
409,0.051104,0.999908447265625,1.92352294921875,0
410,0.051229,0.98785400390625,1.937408447265625,0
411,0.051355,0.9783935546875,1.9500732421875,0
412,0.05148,0.97198486328125,1.961517333984375,0
413,0.051605,0.966949462890625,1.97021484375,0
414,0.05173,0.962066650390625,1.97479248046875,0
415,0.051856,0.95794677734375,1.9757080078125,0
416,0.051981,0.95611572265625,1.974639892578125,0
417,0.052106,0.95733642578125,1.97235107421875,0
418,0.052231,0.960693359375,1.9677734375,0
419,0.052357,0.964508056640625,1.959381103515625,0
420,0.052482,0.9686279296875,1.946868896484375,0
421,0.052607,0.97442626953125,1.93206787109375,0
422,0.052732,0.9832763671875,1.916046142578125,0
423,0.052858,0.99456787109375,1.898651123046875,0
424,0.052983,1.00677490234375,1.878204345703125,0
425,0.053108,1.018829345703125,1.85394287109375,0
426,0.053233,1.03179931640625,1.82708740234375,0
427,0.053359,1.04736328125,1.799468994140625,0
428,0.053484,1.065521240234375,1.771240234375,0
429,0.053609,1.08489990234375,1.741180419921875,0
430,0.053734,1.103973388671875,1.708221435546875,0
431,0.05386,1.123199462890625,1.6729736328125,0
432,0.053985,1.144256591796875,1.63726806640625,0
433,0.05411,1.167755126953125,1.60186767578125,0
434,0.054235,1.192626953125,1.566314697265625,0
435,0.054361,1.217193603515625,1.5289306640625,0
436,0.054486,1.24114990234375,1.4898681640625,0
437,0.054611,1.266021728515625,1.450653076171875,0
438,0.054736,1.292877197265625,1.4129638671875,0
439,0.054862,1.321258544921875,1.3763427734375,0
440,0.054987,1.349334716796875,1.339569091796875,0
441,0.055112,1.3763427734375,1.3018798828125,0
442,0.055237,1.4031982421875,1.264495849609375,0
443,0.055363,1.4312744140625,1.229400634765625,0
444,0.055488,1.46087646484375,1.196746826171875,0
445,0.055613,1.490325927734375,1.165313720703125,0
446,0.055738,1.518096923828125,1.134033203125,0
447,0.055864,1.544952392578125,1.103515625,0
448,0.055989,1.572113037109375,1.07574462890625,0
449,0.056114,1.600494384765625,1.05133056640625,0
450,0.05624,1.628875732421875,1.0296630859375,0
451,0.056365,1.65557861328125,1.009063720703125,0
452,0.05649,1.680450439453125,0.989532470703125,0
453,0.056615,1.7047119140625,0.972747802734375,0
454,0.056741,1.729583740234375,0.9600830078125,0
455,0.056866,1.7547607421875,0.950927734375,0
456,0.056991,1.77825927734375,0.94390869140625,0
457,0.057116,1.799163818359375,0.9381103515625,0
458,0.057242,1.81884765625,0.93475341796875,0
459,0.057367,1.83837890625,0.93536376953125,0
460,0.057492,1.85821533203125,0.94024658203125,0
461,0.057617,1.876678466796875,0.947723388671875,0
462,0.057743,1.89239501953125,0.956573486328125,0
463,0.057868,1.90582275390625,0.967254638671875,0
464,0.057993,1.918792724609375,0.981292724609375,0
465,0.058118,1.9317626953125,0.99945068359375,0
466,0.058244,1.94366455078125,1.020660400390625,0
467,0.058369,1.953125,1.0430908203125,0
468,0.058494,1.959686279296875,1.06658935546875,0
469,0.058619,1.964874267578125,1.092376708984375,0
470,0.058745,1.970062255859375,1.121673583984375,0
471,0.05887,1.974639892578125,1.15386962890625,0
472,0.058995,1.9769287109375,1.186981201171875,0
473,0.05912,1.976318359375,1.220245361328125,0
474,0.059246,1.973724365234375,1.25457763671875,0
475,0.059371,1.970672607421875,1.29119873046875,0
476,0.059496,1.96746826171875,1.330108642578125,0
477,0.059621,1.962738037109375,1.369781494140625,0
478,0.059747,1.955108642578125,1.40869140625,0
479,0.059872,1.945037841796875,1.446990966796875,0
480,0.059997,1.9342041015625,1.486358642578125,0
481,0.060122,1.92352294921875,1.527099609375,0
482,0.060248,1.912078857421875,1.568145751953125,0
483,0.060373,1.898040771484375,1.607666015625,0
484,0.060498,1.881561279296875,1.64520263671875,0
485,0.060623,1.864013671875,1.68212890625,0
486,0.060749,1.846771240234375,1.719512939453125,0
487,0.060874,1.829376220703125,1.756591796875,0
488,0.060999,1.810455322265625,1.79168701171875,0
489,0.061124,1.7889404296875,1.82373046875,0
490,0.06125,1.76605224609375,1.8536376953125,0
491,0.061375,1.743621826171875,1.882781982421875,0
492,0.0615,1.7218017578125,1.911163330078125,0
493,0.061625,1.69921875,1.937255859375,0
494,0.061751,1.674652099609375,1.959686279296875,0
495,0.061876,1.6485595703125,1.978759765625,0
496,0.062001,1.622772216796875,1.99615478515625,0
497,0.062126,1.59820556640625,2.0123291015625,0
498,0.062252,1.57379150390625,2.026214599609375,0
499,0.062377,1.54815673828125,2.036285400390625,0
500,0.062502,1.52099609375,2.042388916015625,0
501,0.062627,1.493988037109375,2.045745849609375,0
502,0.062753,1.468658447265625,2.0477294921875,0
503,0.062878,1.444244384765625,2.047882080078125,0
504,0.063003,1.419525146484375,2.04437255859375,0
505,0.063128,1.393585205078125,2.036895751953125,0
506,0.063254,1.3677978515625,2.02606201171875,0
507,0.063379,1.343536376953125,2.013702392578125,0
508,0.063504,1.32110595703125,2.000274658203125,0
509,0.063629,1.299285888671875,1.984100341796875,0
510,0.063755,1.276702880859375,1.964111328125,0
511,0.06388,1.25396728515625,1.940765380859375,0
512,0.064005,1.23291015625,1.91619873046875,0
513,0.06413,1.214141845703125,1.890869140625,0
514,0.064256,1.1968994140625,1.86431884765625,0
515,0.064381,1.17950439453125,1.834716796875,0
516,0.064506,1.161956787109375,1.8023681640625,0
517,0.064631,1.1456298828125,1.768646240234375,0
518,0.064757,1.132049560546875,1.7352294921875,0
519,0.064882,1.12060546875,1.701812744140625,0
520,0.065007,1.109771728515625,1.6668701171875,0
521,0.065132,1.098785400390625,1.629791259765625,0
522,0.065258,1.08856201171875,1.591796875,0
523,0.065383,1.081085205078125,1.55487060546875,0
524,0.065508,1.076202392578125,1.5191650390625,0
525,0.065633,1.07269287109375,1.48345947265625,0
526,0.065759,1.069183349609375,1.446685791015625,0
527,0.065884,1.066131591796875,1.40960693359375,0
528,0.066009,1.06536865234375,1.374053955078125,0
529,0.066134,1.0675048828125,1.3409423828125,0
530,0.06626,1.07147216796875,1.309356689453125,0
531,0.066385,1.075592041015625,1.277923583984375,0
532,0.06651,1.08001708984375,1.24664306640625,0
533,0.066635,1.085968017578125,1.217193603515625,0
534,0.066761,1.09466552734375,1.190948486328125,0
535,0.066886,1.10565185546875,1.1676025390625,0
536,0.067011,1.11724853515625,1.1456298828125,0
537,0.067136,1.128692626953125,1.124267578125,0
538,0.067262,1.14105224609375,1.104888916015625,0
539,0.067387,1.155548095703125,1.089019775390625,0
540,0.067512,1.172637939453125,1.076812744140625,0
541,0.067637,1.190643310546875,1.067047119140625,0
542,0.067763,1.208343505859375,1.058502197265625,0
543,0.067888,1.226043701171875,1.0516357421875,0
544,0.068013,1.245269775390625,1.0479736328125,0
545,0.068138,1.266937255859375,1.048583984375,0
546,0.068264,1.289825439453125,1.05224609375,0
547,0.068389,1.312255859375,1.057281494140625,0
548,0.068514,1.33392333984375,1.063690185546875,0
549,0.068639,1.35650634765625,1.07269287109375,0
550,0.068765,1.380767822265625,1.08551025390625,0
551,0.06889,1.40655517578125,1.101837158203125,0
552,0.069015,1.431884765625,1.11968994140625,0
553,0.06914,1.45599365234375,1.138153076171875,0
554,0.069266,1.479949951171875,1.158294677734375,0
555,0.069391,1.504974365234375,1.181640625,0
556,0.069516,1.531524658203125,1.208038330078125,0
557,0.069641,1.557769775390625,1.2359619140625,0
558,0.069767,1.58233642578125,1.263885498046875,0
559,0.069892,1.605682373046875,1.292266845703125,0
560,0.070017,1.629638671875,1.322479248046875,0
561,0.070143,1.654510498046875,1.355133056640625,0
562,0.070268,1.67938232421875,1.38916015625,0
563,0.070393,1.702423095703125,1.422576904296875,0
564,0.070518,1.7236328125,1.455078125,0
565,0.070644,1.744232177734375,1.487884521484375,0
566,0.070769,1.765594482421875,1.522216796875,0
567,0.070894,1.786956787109375,1.55731201171875,0
568,0.071019,1.806640625,1.591339111328125,0
569,0.071145,1.82403564453125,1.623382568359375,0
570,0.07127,1.839752197265625,1.654205322265625,0
571,0.071395,1.855621337890625,1.6851806640625,0
572,0.07152,1.87164306640625,1.716461181640625,0
573,0.071646,1.886444091796875,1.7462158203125,0
574,0.071771,1.89849853515625,1.773223876953125,0
575,0.071896,1.90826416015625,1.797637939453125,0
576,0.072021,1.91741943359375,1.82098388671875,0
577,0.072147,1.926727294921875,1.8438720703125,0
578,0.072272,1.934967041015625,1.865234375,0
579,0.072397,1.940765380859375,1.88323974609375,0
580,0.072522,1.943817138671875,1.897735595703125,0
581,0.072648,1.94549560546875,1.909942626953125,0
582,0.072773,1.947174072265625,1.921234130859375,0
583,0.072898,1.948394775390625,1.930999755859375,0
584,0.073023,1.947479248046875,1.93756103515625,0
585,0.073149,1.943511962890625,1.94000244140625,0
586,0.073274,1.93756103515625,1.93939208984375,0
587,0.073399,1.93145751953125,1.937408447265625,0
588,0.073524,1.925201416015625,1.934051513671875,0
589,0.07365,1.91741943359375,1.927947998046875,0
590,0.073775,1.90673828125,1.917877197265625,0
591,0.0739,1.8939208984375,1.904449462890625,0
592,0.074025,1.880340576171875,1.889190673828125,0
593,0.074151,1.866912841796875,1.873016357421875,0
594,0.074276,1.852874755859375,1.855010986328125,0
595,0.074401,1.836395263671875,1.83380126953125,0
596,0.074526,1.817474365234375,1.80908203125,0
597,0.074652,1.797637939453125,1.78253173828125,0
598,0.074777,1.778106689453125,1.755828857421875,0
599,0.074902,1.758575439453125,1.72821044921875,0
600,0.075027,1.737518310546875,1.698455810546875,0
601,0.075153,1.714019775390625,1.66595458984375,0
602,0.075278,1.689453125,1.63177490234375,0
603,0.075403,1.66534423828125,1.597747802734375,0
604,0.075528,1.641845703125,1.5643310546875,0
605,0.075654,1.61773681640625,1.5301513671875,0
606,0.075779,1.591796875,1.493988037109375,0
607,0.075904,1.5643310546875,1.456756591796875,0
608,0.076029,1.5374755859375,1.4202880859375,0
609,0.076155,1.511688232421875,1.385345458984375,0
610,0.07628,1.486358642578125,1.351318359375,0
611,0.076405,1.459808349609375,1.316680908203125,0
612,0.07653,1.431884765625,1.28143310546875,0
613,0.076656,1.404266357421875,1.24725341796875,0
614,0.076781,1.378326416015625,1.215667724609375,0
615,0.076906,1.353607177734375,1.186370849609375,0
616,0.077031,1.328582763671875,1.1578369140625,0
617,0.077157,1.302490234375,1.12945556640625,0
618,0.077282,1.27655029296875,1.102447509765625,0
619,0.077407,1.252288818359375,1.0784912109375,0
620,0.077532,1.230010986328125,1.05804443359375,0
621,0.077658,1.20849609375,1.039581298828125,0
622,0.077783,1.18621826171875,1.021881103515625,0
623,0.077908,1.1639404296875,1.005859375,0
624,0.078033,1.143341064453125,0.992889404296875,0
625,0.078159,1.125335693359375,0.984039306640625,0
626,0.078284,1.108856201171875,0.978240966796875,0
627,0.078409,1.092376708984375,0.973968505859375,0
628,0.078534,1.07574462890625,0.9710693359375,0
629,0.07866,1.060638427734375,0.9710693359375,0
630,0.078785,1.048126220703125,0.975189208984375,0
631,0.07891,1.03790283203125,0.98297119140625,0
632,0.079035,1.0284423828125,0.992889404296875,0
633,0.079161,1.01898193359375,1.00372314453125,0
634,0.079286,1.01043701171875,1.016845703125,0
635,0.079411,1.004638671875,1.03363037109375,0
636,0.079536,1.0015869140625,1.054229736328125,0
637,0.079662,0.999908447265625,1.07696533203125,0
638,0.079787,0.998382568359375,1.1004638671875,0
639,0.079912,0.997314453125,1.12518310546875,0
640,0.080037,0.998687744140625,1.15264892578125,0
641,0.080163,1.002960205078125,1.183319091796875,0
642,0.080288,1.00921630859375,1.21612548828125,0
643,0.080413,1.01593017578125,1.2493896484375,0
644,0.080538,1.02264404296875,1.282501220703125,0
645,0.080664,1.03118896484375,1.317138671875,0
646,0.080789,1.04248046875,1.35406494140625,0
647,0.080914,1.05621337890625,1.392822265625,0
648,0.081039,1.070556640625,1.431427001953125,0
649,0.081165,1.08489990234375,1.468963623046875,0
650,0.08129,1.100006103515625,1.506195068359375,0
651,0.081415,1.1175537109375,1.544647216796875,0
652,0.08154,1.137542724609375,1.584320068359375,0
653,0.081666,1.15875244140625,1.623382568359375,0
654,0.081791,1.17950439453125,1.66046142578125,0
655,0.081916,1.20025634765625,1.69586181640625,0
656,0.082041,1.22283935546875,1.730804443359375,0
657,0.082167,1.247711181640625,1.766204833984375,0
658,0.082292,1.2738037109375,1.80084228515625,0
659,0.082417,1.299591064453125,1.83258056640625,0
660,0.082543,1.32476806640625,1.861419677734375,0
661,0.082668,1.350555419921875,1.88873291015625,0
662,0.082793,1.378326416015625,1.915283203125,0
663,0.082919,1.407623291015625,1.94091796875,0
664,0.083044,1.43646240234375,1.9635009765625,0
665,0.083169,1.464080810546875,1.982269287109375,0
666,0.083294,1.49139404296875,1.998138427734375,0
667,0.08342,1.519927978515625,2.01263427734375,0
668,0.083545,1.54998779296875,2.025909423828125,0
669,0.08367,1.57958984375,2.03643798828125,0
670,0.083796,1.607818603515625,2.042694091796875,0
671,0.083921,1.634674072265625,2.045440673828125,0
672,0.084046,1.6619873046875,2.046051025390625,0
673,0.084171,1.690216064453125,2.045440673828125,0
674,0.084297,1.718597412109375,2.04254150390625,0
675,0.084422,1.745147705078125,2.03582763671875,0
676,0.084547,1.769561767578125,2.025146484375,0
677,0.084672,1.79351806640625,2.01202392578125,0
678,0.084798,1.818084716796875,1.9976806640625,0
679,0.084923,1.8426513671875,1.981964111328125,0
680,0.085048,1.865692138671875,1.96319580078125,0
681,0.085173,1.885986328125,1.940765380859375,0
682,0.085299,1.9049072265625,1.91558837890625,0
683,0.085424,1.923828125,1.8896484375,0
684,0.085549,1.9427490234375,1.863250732421875,0
685,0.085674,1.960296630859375,1.83502197265625,0
686,0.0858,1.97509765625,1.80389404296875,0
687,0.085925,1.987457275390625,1.77032470703125,0
688,0.08605,1.99920654296875,1.736297607421875,0
689,0.086175,2.010955810546875,1.702728271484375,0
690,0.086301,2.021636962890625,1.668853759765625,0
691,0.086427,2.02972412109375,1.633148193359375,0
692,0.086552,2.034912109375,1.595611572265625,0
693,0.086677,2.038726806640625,1.558074951171875,0
694,0.086802,2.042236328125,1.52191162109375,0
695,0.086928,2.0452880859375,1.48681640625,0
696,0.087053,2.0458984375,1.451263427734375,0
697,0.087178,2.04345703125,1.414794921875,0
698,0.087303,2.039031982421875,1.3787841796875,0
699,0.087429,2.034149169921875,1.3446044921875,0
700,0.087554,2.02911376953125,1.313018798828125,0
701,0.087679,2.022247314453125,1.2823486328125,0
702,0.087804,2.012481689453125,1.2518310546875,0
703,0.08793,2.000274658203125,1.221771240234375,0
704,0.088055,1.987152099609375,1.194305419921875,0
705,0.08818,1.97418212890625,1.1700439453125,0
706,0.088305,1.960296630859375,1.14837646484375,0
707,0.088431,1.943817138671875,1.127471923828125,0
708,0.088556,1.92474365234375,1.107635498046875,0
709,0.088681,1.90460205078125,1.090087890625,0
710,0.088806,1.884765625,1.076507568359375,0
711,0.088932,1.8646240234375,1.066131591796875,0
712,0.089057,1.842803955078125,1.0577392578125,0
713,0.089182,1.818389892578125,1.050262451171875,0
714,0.089308,1.7926025390625,1.044921875,0
715,0.089433,1.767120361328125,1.04339599609375,0
716,0.089558,1.74224853515625,1.045684814453125,0
717,0.089683,1.716461181640625,1.0504150390625,0
718,0.089808,1.688690185546875,1.05621337890625,0
719,0.089934,1.659393310546875,1.06353759765625,0
720,0.090059,1.6302490234375,1.074066162109375,0
721,0.090184,1.602325439453125,1.0882568359375,0
722,0.090309,1.57440185546875,1.1053466796875,0
723,0.090435,1.545257568359375,1.123199462890625,0
724,0.09056,1.51458740234375,1.1419677734375,0
725,0.090685,1.48406982421875,1.1627197265625,0
726,0.09081,1.455078125,1.18682861328125,0
727,0.090936,1.427154541015625,1.21337890625,0
728,0.091061,1.39862060546875,1.2408447265625,0
729,0.091186,1.3690185546875,1.268157958984375,0
730,0.091311,1.33941650390625,1.296234130859375,0
731,0.091437,1.311492919921875,1.326446533203125,0
732,0.091562,1.285247802734375,1.358795166015625,0
733,0.091687,1.259765625,1.391754150390625,0
734,0.091812,1.233367919921875,1.42364501953125,0
735,0.091938,1.20697021484375,1.454925537109375,0
736,0.092063,1.182098388671875,1.486968994140625,0
737,0.092188,1.159515380859375,1.520538330078125,0
738,0.092313,1.13861083984375,1.554107666015625,0
739,0.092439,1.1175537109375,1.586151123046875,0
740,0.092564,1.09619140625,1.6162109375,0
741,0.092689,1.07635498046875,1.645660400390625,0
742,0.092814,1.059112548828125,1.6754150390625,0
743,0.09294,1.04400634765625,1.705169677734375,0
744,0.093065,1.029815673828125,1.7327880859375,0
745,0.09319,1.01531982421875,1.757354736328125,0
746,0.093315,1.00189208984375,1.779937744140625,0
747,0.093441,0.991058349609375,1.801910400390625,0
748,0.093566,0.983123779296875,1.82342529296875,0
749,0.093691,0.976409912109375,1.8426513671875,0
750,0.093816,0.970001220703125,1.858367919921875,0
751,0.093942,0.96405029296875,1.87103271484375,0
752,0.094067,0.96038818359375,1.88201904296875,0
753,0.094192,0.959930419921875,1.892242431640625,0
754,0.094317,0.9613037109375,1.90032958984375,0
755,0.094443,0.963134765625,1.905059814453125,0
756,0.094568,0.96527099609375,1.90582275390625,0
757,0.094693,0.969085693359375,1.904449462890625,0
758,0.094818,0.9759521484375,1.90185546875,0
759,0.094944,0.985107421875,1.897735595703125,0
760,0.095069,0.99517822265625,1.890716552734375,0
761,0.095194,1.0052490234375,1.87957763671875,0
762,0.095319,1.0162353515625,1.8658447265625,0
763,0.095445,1.0296630859375,1.85089111328125,0
764,0.09557,1.04583740234375,1.83502197265625,0
765,0.095695,1.063232421875,1.8170166015625,0
766,0.09582,1.080322265625,1.795654296875,0
767,0.095946,1.09771728515625,1.771392822265625,0
768,0.096071,1.116943359375,1.746063232421875,0
769,0.096196,1.138763427734375,1.720733642578125,0
770,0.096321,1.161956787109375,1.6943359375,0
771,0.096447,1.18499755859375,1.665496826171875,0
772,0.096572,1.207427978515625,1.634063720703125,0
773,0.096697,1.230926513671875,1.602020263671875,0
774,0.096822,1.256561279296875,1.5704345703125,0
775,0.096948,1.283721923828125,1.539306640625,0
776,0.097073,1.310882568359375,1.5069580078125,0
777,0.097198,1.336822509765625,1.472930908203125,0
778,0.097323,1.3629150390625,1.43829345703125,0
779,0.097449,1.390380859375,1.405029296875,0
780,0.097574,1.41937255859375,1.373291015625,0
781,0.097699,1.448516845703125,1.342010498046875,0
782,0.097824,1.47613525390625,1.309967041015625,0
783,0.09795,1.502838134765625,1.27777099609375,0
784,0.098075,1.5301513671875,1.247406005859375,0
785,0.0982,1.558685302734375,1.219635009765625,0
786,0.098325,1.5875244140625,1.193695068359375,0
787,0.098451,1.61468505859375,1.168212890625,0
788,0.098576,1.640167236328125,1.14288330078125,0
789,0.098701,1.66534423828125,1.11968994140625,0
790,0.098826,1.6912841796875,1.099700927734375,0
791,0.098952,1.717529296875,1.082763671875,0
792,0.099077,1.74224853515625,1.067352294921875,0
793,0.099202,1.76483154296875,1.052703857421875,0
794,0.099327,1.786041259765625,1.039886474609375,0
795,0.099453,1.807403564453125,1.030731201171875,0
796,0.099578,1.829071044921875,1.025238037109375,0
797,0.099703,1.849517822265625,1.022186279296875,0
798,0.099828,1.867523193359375,1.02020263671875,0
799,0.099954,1.883392333984375,1.0198974609375,0
800,0.100079,1.898651123046875,1.022796630859375,0
801,0.100204,1.9140625,1.029815673828125,0
802,0.100329,1.9287109375,1.03973388671875,0
803,0.100455,1.94091796875,1.051025390625,0
804,0.10058,1.95037841796875,1.063385009765625,0
805,0.100705,1.9586181640625,1.078338623046875,0
806,0.10083,1.966705322265625,1.096954345703125,0
807,0.100956,1.9744873046875,1.1187744140625,0
808,0.101081,1.97998046875,1.1419677734375,0
809,0.101206,1.982574462890625,1.165618896484375,0
810,0.101331,1.98333740234375,1.1907958984375,0
811,0.101457,1.983642578125,1.218719482421875,0
812,0.101582,1.983795166015625,1.24969482421875,0
813,0.101707,1.982421875,1.281890869140625,0
814,0.101832,1.9781494140625,1.313934326171875,0
815,0.101958,1.971435546875,1.34613037109375,0
816,0.102083,1.963958740234375,1.3800048828125,0
817,0.102208,1.956634521484375,1.416168212890625,0
818,0.102333,1.948394775390625,1.4532470703125,0
819,0.102459,1.937713623046875,1.48956298828125,0
820,0.102584,1.9244384765625,1.524810791015625,0
821,0.102709,1.91009521484375,1.56005859375,0
822,0.102834,1.895904541015625,1.5966796875,0
823,0.10296,1.881561279296875,1.6339111328125,0
824,0.103085,1.865386962890625,1.669769287109375,0
825,0.10321,1.84661865234375,1.7034912109375,0
826,0.103335,1.82647705078125,1.73583984375,0
827,0.103461,1.806640625,1.7681884765625,0
828,0.103586,1.787109375,1.800689697265625,0
829,0.103711,1.766815185546875,1.831512451171875,0
830,0.103836,1.744232177734375,1.859283447265625,0
831,0.103962,1.720123291015625,1.88446044921875,0
832,0.104087,1.6961669921875,1.908416748046875,0
833,0.104212,1.67327880859375,1.931915283203125,0
834,0.104338,1.650238037109375,1.953582763671875,0
835,0.104463,1.625823974609375,1.9720458984375,0
836,0.104588,1.5997314453125,1.986846923828125,0
837,0.104713,1.573638916015625,1.99920654296875,0
838,0.104839,1.548919677734375,2.010650634765625,0
839,0.104964,1.52496337890625,2.02056884765625,0
840,0.105089,1.500396728515625,2.027130126953125,0
841,0.105214,1.474609375,2.02972412109375,0
842,0.10534,1.448516845703125,2.02911376953125,0
843,0.105465,1.423797607421875,2.027130126953125,0
844,0.10559,1.4007568359375,2.02392578125,0
845,0.105715,1.378173828125,2.017822265625,0
846,0.105841,1.354522705078125,2.007904052734375,0
847,0.105966,1.33056640625,1.994476318359375,0
848,0.106091,1.307830810546875,1.9793701171875,0
849,0.106216,1.287384033203125,1.963348388671875,0
850,0.106342,1.268157958984375,1.945648193359375,0
851,0.106467,1.248626708984375,1.924591064453125,0
852,0.106592,1.2286376953125,1.9000244140625,0
853,0.106717,1.209869384765625,1.873931884765625,0
854,0.106843,1.193389892578125,1.847381591796875,0
855,0.106968,1.179046630859375,1.820068359375,0
856,0.107093,1.165008544921875,1.790618896484375,0
857,0.107218,1.150665283203125,1.7584228515625,0
858,0.107344,1.1370849609375,1.724700927734375,0
859,0.107469,1.125946044921875,1.69097900390625,0
860,0.107594,1.11724853515625,1.65802001953125,0
861,0.107719,1.109771728515625,1.6241455078125,0
862,0.107845,1.102142333984375,1.588287353515625,0
863,0.10797,1.094970703125,1.551361083984375,0
864,0.108095,1.08978271484375,1.515045166015625,0
865,0.10822,1.08734130859375,1.48040771484375,0
866,0.108346,1.086883544921875,1.446533203125,0
867,0.108471,1.08642578125,1.411895751953125,0
868,0.108596,1.08612060546875,1.37664794921875,0
869,0.108721,1.08734130859375,1.342315673828125,0
870,0.108847,1.091156005859375,1.310577392578125,0
871,0.108972,1.097412109375,1.28082275390625,0
872,0.109097,1.1041259765625,1.2518310546875,0
873,0.109222,1.110687255859375,1.22283935546875,0
874,0.109348,1.1181640625,1.195068359375,0
875,0.109473,1.1279296875,1.1700439453125,0
876,0.109598,1.14013671875,1.14837646484375,0
877,0.109723,1.153411865234375,1.1285400390625,0
878,0.109849,1.166229248046875,1.109466552734375,0
879,0.109974,1.179351806640625,1.09161376953125,0
880,0.110099,1.194000244140625,1.07666015625,0
881,0.110224,1.21124267578125,1.065673828125,0
882,0.11035,1.229705810546875,1.05743408203125,0
883,0.110475,1.24786376953125,1.0504150390625,0
884,0.1106,1.265411376953125,1.04461669921875,0
885,0.110725,1.28387451171875,1.041412353515625,0
886,0.110851,1.304473876953125,1.042022705078125,0
887,0.110976,1.32659912109375,1.046142578125,0
888,0.111101,1.348419189453125,1.052093505859375,0
889,0.111226,1.36932373046875,1.058807373046875,0
890,0.111352,1.39007568359375,1.0675048828125,0
891,0.111477,1.412200927734375,1.079559326171875,0
892,0.111602,1.436004638671875,1.095123291015625,0
893,0.111727,1.459808349609375,1.1126708984375,0
894,0.111853,1.482086181640625,1.130828857421875,0
895,0.111978,1.50360107421875,1.14990234375,0
896,0.112103,1.52557373046875,1.171417236328125,0
897,0.112228,1.549072265625,1.19598388671875,0
898,0.112354,1.57257080078125,1.222686767578125,0
899,0.112479,1.594696044921875,1.2493896484375,0
900,0.112604,1.615142822265625,1.276092529296875,0
901,0.112729,1.635284423828125,1.303863525390625,0
902,0.112855,1.656494140625,1.33392333984375,0
903,0.11298,1.6778564453125,1.365814208984375,0
904,0.113105,1.697998046875,1.39739990234375,0
905,0.11323,1.715850830078125,1.427764892578125,0
906,0.113356,1.732635498046875,1.457977294921875,0
907,0.113481,1.74957275390625,1.4892578125,0
908,0.113606,1.767120361328125,1.521759033203125,0
909,0.113731,1.783447265625,1.55364990234375,0
910,0.113857,1.7974853515625,1.58355712890625,0
911,0.113982,1.80938720703125,1.6119384765625,0
912,0.114107,1.821136474609375,1.6400146484375,0
913,0.114232,1.833038330078125,1.668548583984375,0
914,0.114358,1.844329833984375,1.69647216796875,0
915,0.114483,1.85333251953125,1.7218017578125,0
916,0.114608,1.8597412109375,1.744232177734375,0
917,0.114733,1.865081787109375,1.765289306640625,0
918,0.114859,1.8707275390625,1.786041259765625,0
919,0.114984,1.87591552734375,1.805877685546875,0
920,0.115109,1.879119873046875,1.8231201171875,0
921,0.115234,1.87957763671875,1.83685302734375,0
922,0.11536,1.87835693359375,1.847991943359375,0
923,0.115485,1.876983642578125,1.858062744140625,0
924,0.11561,1.8756103515625,1.867218017578125,0
925,0.115735,1.872711181640625,1.87408447265625,0
926,0.115861,1.86737060546875,1.876983642578125,0
927,0.115986,1.859588623046875,1.8768310546875,0
928,0.116111,1.85150146484375,1.874847412109375,0
929,0.116236,1.84356689453125,1.87225341796875,0
930,0.116362,1.834869384765625,1.86767578125,0
931,0.116487,1.82403564453125,1.8597412109375,0
932,0.116612,1.81060791015625,1.84814453125,0
933,0.116737,1.796417236328125,1.834716796875,0
934,0.116863,1.78253173828125,1.820526123046875,0
935,0.116988,1.768646240234375,1.805419921875,0
936,0.117113,1.75323486328125,1.787567138671875,0
937,0.117238,1.735382080078125,1.766510009765625,0
938,0.117364,1.71630859375,1.743316650390625,0
939,0.117489,1.697540283203125,1.719818115234375,0
940,0.117614,1.679534912109375,1.6961669921875,0
941,0.117739,1.6607666015625,1.671142578125,0
942,0.117865,1.639862060546875,1.643524169921875,0
943,0.11799,1.617584228515625,1.61407470703125,0
944,0.118115,1.595611572265625,1.58447265625,0
945,0.11824,1.57470703125,1.5557861328125,0
946,0.118366,1.554107666015625,1.526947021484375,0
947,0.118491,1.531982421875,1.496734619140625,0
948,0.118616,1.508331298828125,1.46514892578125,0
949,0.118741,1.484832763671875,1.4337158203125,0
950,0.118867,1.462860107421875,1.40380859375,0
951,0.118992,1.441802978515625,1.37542724609375,0
952,0.119117,1.4202880859375,1.346893310546875,0
953,0.119242,1.39739990234375,1.317596435546875,0
954,0.119368,1.374359130859375,1.28875732421875,0
955,0.119493,1.352996826171875,1.26220703125,0
956,0.119618,1.33331298828125,1.23809814453125,0
957,0.119743,1.313934326171875,1.215362548828125,0
958,0.119869,1.293792724609375,1.192474365234375,0
959,0.119994,1.273193359375,1.170501708984375,0
960,0.120119,1.254119873046875,1.15081787109375,0
961,0.120244,1.2371826171875,1.1346435546875,0
962,0.12037,1.22161865234375,1.120758056640625,0
963,0.120495,1.20574951171875,1.107940673828125,0
964,0.12062,1.189422607421875,1.095733642578125,0
965,0.120745,1.17431640625,1.08612060546875,0
966,0.120871,1.161651611328125,1.08001708984375,0
967,0.120996,1.150970458984375,1.0772705078125,0
968,0.121121,1.1407470703125,1.076202392578125,0
969,0.121246,1.13006591796875,1.075897216796875,0
970,0.121372,1.12030029296875,1.077728271484375,0
971,0.121497,1.112823486328125,1.082916259765625,0
972,0.121622,1.1077880859375,1.091766357421875,0
973,0.121747,1.1041259765625,1.102752685546875,0
974,0.121873,1.10015869140625,1.114654541015625,0
975,0.121998,1.09649658203125,1.127777099609375,0
976,0.122123,1.094818115234375,1.143798828125,0
977,0.122248,1.096038818359375,1.163330078125,0
978,0.122374,1.09893798828125,1.185150146484375,0
979,0.122499,1.102142333984375,1.207733154296875,0
980,0.122624,1.105194091796875,1.23077392578125,0
981,0.122749,1.109619140625,1.2554931640625,0
982,0.122875,1.116943359375,1.28326416015625,0
983,0.123,1.12640380859375,1.31317138671875,0
984,0.123125,1.136322021484375,1.34368896484375,0
985,0.12325,1.14593505859375,1.37359619140625,0
986,0.123376,1.15631103515625,1.40411376953125,0
987,0.123501,1.16912841796875,1.436309814453125,0
988,0.123626,1.184234619140625,1.470489501953125,0
989,0.123751,1.20025634765625,1.50482177734375,0
990,0.123877,1.2158203125,1.537933349609375,0
991,0.124002,1.231536865234375,1.57012939453125,0
992,0.124127,1.248779296875,1.602783203125,0
993,0.124252,1.268463134765625,1.63665771484375,0
994,0.124378,1.289215087890625,1.670379638671875,0
995,0.124503,1.309661865234375,1.7022705078125,0
996,0.124628,1.329498291015625,1.732025146484375,0
997,0.124753,1.35009765625,1.760711669921875,0
998,0.124879,1.3726806640625,1.78985595703125,0
999,0.125004,1.396636962890625,1.81854248046875,0
1000,0.125129,1.4202880859375,1.844940185546875,0
1001,0.125254,1.44287109375,1.868438720703125,0
1002,0.12538,1.465301513671875,1.8896484375,0
1003,0.125505,1.48895263671875,1.91009521484375,0
1004,0.12563,1.514129638671875,1.929779052734375,0
1005,0.125755,1.539306640625,1.947479248046875,0
1006,0.125881,1.56280517578125,1.96136474609375,0
1007,0.126006,1.58538818359375,1.972198486328125,0
1008,0.126131,1.608428955078125,1.981353759765625,0
1009,0.126257,1.632843017578125,1.989593505859375,0
1010,0.126382,1.657257080078125,1.995849609375,0
1011,0.126507,1.680145263671875,1.99859619140625,0
1012,0.126632,1.701202392578125,1.997528076171875,0
1013,0.126758,1.7218017578125,1.994171142578125,0
1014,0.126883,1.743316650390625,1.98974609375,0
1015,0.127008,1.76513671875,1.98394775390625,0
1016,0.127133,1.785430908203125,1.97509765625,0
1017,0.127259,1.803436279296875,1.9622802734375,0
1018,0.127384,1.820220947265625,1.94671630859375,0
1019,0.127509,1.837158203125,1.93023681640625,0
1020,0.127634,1.854400634765625,1.912994384765625,0
1021,0.12776,1.870574951171875,1.893463134765625,0
1022,0.127885,1.8841552734375,1.8707275390625,0
1023,0.12801,1.895751953125,1.8450927734375,0
1024,0.128135,1.906890869140625,1.81854248046875,0
1025,0.128261,1.918182373046875,1.7919921875,0
1026,0.128386,1.928863525390625,1.7645263671875,0
1027,0.128511,1.93695068359375,1.734619140625,0
1028,0.128636,1.94244384765625,1.7022705078125,0
1029,0.128762,1.946868896484375,1.669158935546875,0
1030,0.128887,1.9512939453125,1.63665771484375,0
1031,0.129012,1.95526123046875,1.6046142578125,0
1032,0.129137,1.957244873046875,1.571502685546875,0
1033,0.129263,1.956329345703125,1.53656005859375,0
1034,0.129388,1.953582763671875,1.50115966796875,0
1035,0.129513,1.95068359375,1.46697998046875,0
1036,0.129638,1.947784423828125,1.434478759765625,0
1037,0.129764,1.943206787109375,1.40228271484375,0
1038,0.129889,1.93603515625,1.36932373046875,0
1039,0.130014,1.926422119140625,1.3360595703125,0
1040,0.130139,1.916351318359375,1.30462646484375,0
1041,0.130265,1.90643310546875,1.275787353515625,0
1042,0.13039,1.895599365234375,1.24847412109375,0
1043,0.130515,1.88262939453125,1.22161865234375,0
1044,0.13064,1.866912841796875,1.194915771484375,0
1045,0.130766,1.850433349609375,1.1700439453125,0
1046,0.130891,1.8341064453125,1.14837646484375,0
1047,0.131016,1.817779541015625,1.129608154296875,0
1048,0.131141,1.799774169921875,1.112060546875,0
1049,0.131267,1.779327392578125,1.095123291015625,0
1050,0.131392,1.75750732421875,1.079864501953125,0
1051,0.131517,1.73614501953125,1.068115234375,0
1052,0.131642,1.715240478515625,1.05987548828125,0
1053,0.131768,1.693572998046875,1.05377197265625,0
1054,0.131893,1.669921875,1.048583984375,0
1055,0.132018,1.64459228515625,1.044921875,0
1056,0.132143,1.61956787109375,1.044158935546875,0
1057,0.132269,1.595611572265625,1.04736328125,0
1058,0.132394,1.571807861328125,1.05316162109375,0
1059,0.132519,1.546630859375,1.060333251953125,0
1060,0.132644,1.519775390625,1.068267822265625,0
1061,0.13277,1.493072509765625,1.0784912109375,0
1062,0.132895,1.467742919921875,1.09222412109375,0
1063,0.13302,1.4434814453125,1.1090087890625,0
1064,0.133145,1.41845703125,1.12701416015625,0
1065,0.133271,1.392364501953125,1.14532470703125,0
1066,0.133396,1.365966796875,1.165008544921875,0
1067,0.133521,1.341094970703125,1.187286376953125,0
1068,0.133647,1.317901611328125,1.21246337890625,0
1069,0.133772,1.295166015625,1.23870849609375,0
1070,0.133897,1.271514892578125,1.264801025390625,0
1071,0.134022,1.24755859375,1.2908935546875,0
1072,0.134148,1.225128173828125,1.31866455078125,0
1073,0.134273,1.204833984375,1.34857177734375,0
1074,0.134398,1.185760498046875,1.37939453125,0
1075,0.134523,1.166534423828125,1.409454345703125,0
1076,0.134649,1.1468505859375,1.438446044921875,0
1077,0.134774,1.128387451171875,1.46759033203125,0
1078,0.134899,1.11236572265625,1.49810791015625,0
1079,0.135024,1.098480224609375,1.52923583984375,0
1080,0.13515,1.085052490234375,1.559295654296875,0
1081,0.135275,1.0711669921875,1.58721923828125,0
1082,0.1354,1.058197021484375,1.613922119140625,0
1083,0.135525,1.04766845703125,1.640777587890625,0
1084,0.135651,1.03973388671875,1.667938232421875,0
1085,0.135776,1.03302001953125,1.693878173828125,0
1086,0.135901,1.026153564453125,1.7169189453125,0
1087,0.136026,1.019744873046875,1.737518310546875,0
1088,0.136152,1.015472412109375,1.7572021484375,0
1089,0.136277,1.013946533203125,1.7767333984375,0
1090,0.136402,1.014404296875,1.794891357421875,0
1091,0.136527,1.015167236328125,1.80999755859375,0
1092,0.136653,1.015777587890625,1.8218994140625,0
1093,0.136778,1.01806640625,1.83197021484375,0
1094,0.136903,1.02325439453125,1.841278076171875,0
1095,0.137028,1.030731201171875,1.849365234375,0
1096,0.137154,1.038818359375,1.854705810546875,0
1097,0.137279,1.0467529296875,1.85638427734375,0
1098,0.137404,1.05560302734375,1.85546875,0
1099,0.137529,1.066741943359375,1.853485107421875,0
1100,0.137655,1.08062744140625,1.850738525390625,0
1101,0.13778,1.095428466796875,1.845550537109375,0
1102,0.137905,1.110076904296875,1.837005615234375,0
1103,0.13803,1.1248779296875,1.825408935546875,0
1104,0.138156,1.141357421875,1.812591552734375,0
1105,0.138281,1.160430908203125,1.799468994140625,0
1106,0.138406,1.180877685546875,1.784820556640625,0
1107,0.138531,1.201171875,1.767425537109375,0
1108,0.138657,1.220855712890625,1.74713134765625,0
1109,0.138782,1.241607666015625,1.7254638671875,0
1110,0.138907,1.26434326171875,1.70379638671875,0
1111,0.139032,1.288909912109375,1.68182373046875,0
1112,0.139158,1.31317138671875,1.658172607421875,0
1113,0.139283,1.336517333984375,1.632080078125,0
1114,0.139408,1.35986328125,1.6046142578125,0
1115,0.139533,1.384735107421875,1.5777587890625,0
1116,0.139659,1.411285400390625,1.551666259765625,0
1117,0.139784,1.437835693359375,1.5252685546875,0
1118,0.139909,1.463165283203125,1.497039794921875,0
1119,0.140034,1.487579345703125,1.468048095703125,0
1120,0.14016,1.51275634765625,1.439666748046875,0
1121,0.140285,1.539306640625,1.41326904296875,0
1122,0.14041,1.566162109375,1.387786865234375,0
1123,0.140535,1.59149169921875,1.3616943359375,0
1124,0.140661,1.61529541015625,1.33514404296875,0
1125,0.140786,1.638946533203125,1.30950927734375,0
1126,0.140911,1.66351318359375,1.28662109375,0
1127,0.141036,1.688385009765625,1.265716552734375,0
1128,0.141162,1.712188720703125,1.24542236328125,0
1129,0.141287,1.73370361328125,1.225128173828125,0
1130,0.141412,1.754150390625,1.2060546875,0
1131,0.141537,1.77490234375,1.189727783203125,0
1132,0.141663,1.796112060546875,1.176605224609375,0
1133,0.141788,1.816253662109375,1.1651611328125,0
1134,0.141913,1.8341064453125,1.1541748046875,0
1135,0.142038,1.8499755859375,1.144256591796875,0
1136,0.142164,1.86553955078125,1.1370849609375,0
1137,0.142289,1.88140869140625,1.133575439453125,0
1138,0.142414,1.896514892578125,1.132659912109375,0
1139,0.142539,1.90948486328125,1.132659912109375,0
1140,0.142665,1.919708251953125,1.133575439453125,0
1141,0.14279,1.92901611328125,1.13677978515625,0
1142,0.142915,1.938323974609375,1.14349365234375,0
1143,0.14304,1.94732666015625,1.153411865234375,0
1144,0.143166,1.954345703125,1.16455078125,0
1145,0.143291,1.958465576171875,1.176300048828125,0
1146,0.143417,1.960906982421875,1.1895751953125,0
1147,0.143542,1.963043212890625,1.20574951171875,0
1148,0.143667,1.96533203125,1.22528076171875,0
1149,0.143792,1.9659423828125,1.246185302734375,0
1150,0.143918,1.96380615234375,1.267242431640625,0
1151,0.144043,1.959381103515625,1.288909912109375,0
1152,0.144168,1.954345703125,1.312713623046875,0
1153,0.144293,1.949462890625,1.339263916015625,0
1154,0.144419,1.943817138671875,1.3671875,0
1155,0.144544,1.935577392578125,1.39495849609375,0
1156,0.144669,1.924896240234375,1.422271728515625,0
1157,0.144795,1.91314697265625,1.450347900390625,0
1158,0.14492,1.901702880859375,1.48040771484375,0
1159,0.145045,1.88995361328125,1.511688232421875,0
1160,0.14517,1.87652587890625,1.542510986328125,0
1161,0.145296,1.860504150390625,1.57196044921875,0
1162,0.145421,1.84295654296875,1.60064697265625,0
1163,0.145546,1.825714111328125,1.6302490234375,0
1164,0.145671,1.808929443359375,1.660614013671875,0
1165,0.145797,1.791229248046875,1.69036865234375,0
1166,0.145922,1.771087646484375,1.71783447265625,0
1167,0.146047,1.74957275390625,1.743316650390625,0
1168,0.146172,1.7279052734375,1.76849365234375,0
1169,0.146298,1.7071533203125,1.793975830078125,0
1170,0.146423,1.6864013671875,1.81854248046875,0
1171,0.146548,1.663970947265625,1.840362548828125,0
1172,0.146673,1.639862060546875,1.859283447265625,0
1173,0.146799,1.6156005859375,1.876678466796875,0
1174,0.146924,1.592559814453125,1.89361572265625,0
1175,0.147049,1.570281982421875,1.909637451171875,0
1176,0.147174,1.5472412109375,1.92291259765625,0
1177,0.1473,1.52252197265625,1.93267822265625,0
1178,0.147425,1.497650146484375,1.939849853515625,0
1179,0.14755,1.473846435546875,1.94610595703125,0
1180,0.147675,1.451568603515625,1.9512939453125,0
1181,0.147801,1.429595947265625,1.954193115234375,0
1182,0.147926,1.40625,1.95343017578125,0
1183,0.148051,1.382598876953125,1.949310302734375,0
1184,0.148176,1.360015869140625,1.943817138671875,0
1185,0.148302,1.33941650390625,1.937408447265625,0
1186,0.148427,1.319732666015625,1.9293212890625,0
1187,0.148552,1.29974365234375,1.917877197265625,0
1188,0.148677,1.27899169921875,1.903076171875,0
1189,0.148803,1.259307861328125,1.886444091796875,0
1190,0.148928,1.24176025390625,1.86920166015625,0
1191,0.149053,1.226043701171875,1.851043701171875,0
1192,0.149178,1.21063232421875,1.8304443359375,0
1193,0.149304,1.194610595703125,1.806640625,0
1194,0.149429,1.179046630859375,1.781005859375,0
1195,0.149554,1.165924072265625,1.754913330078125,0
1196,0.149679,1.154937744140625,1.728973388671875,0
1197,0.149805,1.145172119140625,1.701812744140625,0
1198,0.14993,1.13494873046875,1.67205810546875,0
1199,0.150055,1.125030517578125,1.640625,0
1200,0.15018,1.116943359375,1.609039306640625,0
1201,0.150306,1.111602783203125,1.578521728515625,0
1202,0.150431,1.107940673828125,1.54815673828125,0
1203,0.150556,1.104278564453125,1.516265869140625,0
1204,0.150681,1.1004638671875,1.483154296875,0
1205,0.150807,1.098175048828125,1.4501953125,0
1206,0.150932,1.098480224609375,1.418914794921875,0
1207,0.151057,1.10107421875,1.389007568359375,0
1208,0.151182,1.1041259765625,1.359100341796875,0
1209,0.151308,1.10687255859375,1.32843017578125,0
1210,0.151433,1.110382080078125,1.2982177734375,0
1211,0.151558,1.116180419921875,1.2701416015625,0
1212,0.151683,1.124420166015625,1.244659423828125,0
1213,0.151809,1.13372802734375,1.220245361328125,0
1214,0.151934,1.142730712890625,1.19598388671875,0
1215,0.152059,1.1517333984375,1.172332763671875,0
1216,0.152184,1.162567138671875,1.150970458984375,0
1217,0.15231,1.17584228515625,1.132965087890625,0
1218,0.152435,1.190338134765625,1.11724853515625,0
1219,0.15256,1.204681396484375,1.102294921875,0
1220,0.152685,1.21856689453125,1.08795166015625,0
1221,0.152811,1.233367919921875,1.0760498046875,0
1222,0.152936,1.250457763671875,1.067657470703125,0
1223,0.153061,1.269073486328125,1.06231689453125,0
1224,0.153186,1.28753662109375,1.058502197265625,0
1225,0.153312,1.305084228515625,1.055450439453125,0
1226,0.153437,1.322784423828125,1.0540771484375,0
1227,0.153562,1.3421630859375,1.05621337890625,0
1228,0.153687,1.363067626953125,1.061859130859375,0
1229,0.153813,1.38427734375,1.0693359375,0
1230,0.153938,1.404266357421875,1.077728271484375,0
1231,0.154063,1.42333984375,1.0870361328125,0
1232,0.154188,1.4434814453125,1.099090576171875,0
1233,0.154314,1.464996337890625,1.114654541015625,0
1234,0.154439,1.486968994140625,1.132354736328125,0
1235,0.154564,1.507720947265625,1.150665283203125,0
1236,0.154689,1.526947021484375,1.169281005859375,0
1237,0.154815,1.546173095703125,1.189727783203125,0
1238,0.15494,1.566619873046875,1.2127685546875,0
1239,0.155065,1.5875244140625,1.23809814453125,0
1240,0.15519,1.607513427734375,1.263885498046875,0
1241,0.155316,1.6253662109375,1.289215087890625,0
1242,0.155441,1.6424560546875,1.31500244140625,0
1243,0.155566,1.660003662109375,1.34246826171875,0
1244,0.155691,1.678314208984375,1.371917724609375,0
1245,0.155817,1.695709228515625,1.40167236328125,0
1246,0.155942,1.710968017578125,1.430206298828125,0
1247,0.156067,1.72454833984375,1.45782470703125,0
1248,0.156192,1.73797607421875,1.486053466796875,0
1249,0.156318,1.75201416015625,1.515655517578125,0
1250,0.156443,1.765594482421875,1.545257568359375,0
1251,0.156568,1.777191162109375,1.57318115234375,0
1252,0.156693,1.786346435546875,1.598968505859375,0
1253,0.156819,1.79473876953125,1.624298095703125,0
1254,0.156944,1.803436279296875,1.649932861328125,0
1255,0.157069,1.8121337890625,1.675567626953125,0
1256,0.157194,1.819000244140625,1.699066162109375,0
1257,0.15732,1.823272705078125,1.719970703125,0
1258,0.157445,1.826019287109375,1.7388916015625,0
1259,0.15757,1.828765869140625,1.757354736328125,0
1260,0.157695,1.831817626953125,1.7755126953125,0
1261,0.157821,1.83349609375,1.791839599609375,0
1262,0.157946,1.832733154296875,1.804962158203125,0
1263,0.158071,1.829833984375,1.815185546875,0
1264,0.158196,1.82647705078125,1.824188232421875,0
1265,0.158322,1.82373046875,1.832733154296875,0
1266,0.158447,1.820220947265625,1.839752197265625,0
1267,0.158572,1.814422607421875,1.843414306640625,0
1268,0.158697,1.80633544921875,1.8438720703125,0
1269,0.158823,1.7974853515625,1.842498779296875,0
1270,0.158948,1.7889404296875,1.84051513671875,0
1271,0.159073,1.7803955078125,1.83746337890625,0
1272,0.159198,1.77032470703125,1.8316650390625,0
1273,0.159324,1.757965087890625,1.822509765625,0
1274,0.159449,1.744232177734375,1.81121826171875,0
1275,0.159574,1.730804443359375,1.799163818359375,0
1276,0.159699,1.7181396484375,1.786651611328125,0
1277,0.159825,1.70440673828125,1.7724609375,0
1278,0.15995,1.6888427734375,1.755218505859375,0
1279,0.160075,1.671600341796875,1.735687255859375,0
1280,0.1602,1.654510498046875,1.715545654296875,0
1281,0.160326,1.63848876953125,1.695709228515625,0
1282,0.160451,1.622467041015625,1.675262451171875,0
1283,0.160576,1.604766845703125,1.652679443359375,0
1284,0.160701,1.585693359375,1.627960205078125,0
1285,0.160827,1.566314697265625,1.602630615234375,0
1286,0.160952,1.548309326171875,1.578369140625,0
1287,0.161077,1.53106689453125,1.5545654296875,0
1288,0.161202,1.513214111328125,1.52984619140625,0
1289,0.161328,1.493682861328125,1.50360107421875,0
1290,0.161453,1.473846435546875,1.476898193359375,0
1291,0.161578,1.45538330078125,1.45172119140625,0
1292,0.161703,1.43829345703125,1.428070068359375,0
1293,0.161829,1.421356201171875,1.404876708984375,0
1294,0.161954,1.403350830078125,1.38092041015625,0
1295,0.162079,1.38458251953125,1.356658935546875,0
1296,0.162204,1.3671875,1.334228515625,0
1297,0.16233,1.35162353515625,1.3140869140625,0
1298,0.162455,1.33697509765625,1.2957763671875,0
1299,0.16258,1.321868896484375,1.2774658203125,0
1300,0.162705,1.305999755859375,1.259307861328125,0
1301,0.162831,1.291046142578125,1.24267578125,0
1302,0.162956,1.278228759765625,1.229248046875,0
1303,0.163081,1.26708984375,1.21826171875,0
1304,0.163206,1.256103515625,1.208343505859375,0
1305,0.163332,1.244354248046875,1.19873046875,0
1306,0.163457,1.23321533203125,1.190643310546875,0
1307,0.163582,1.22406005859375,1.185455322265625,0
1308,0.163707,1.217193603515625,1.183624267578125,0
1309,0.163833,1.21124267578125,1.183624267578125,0
1310,0.163958,1.204833984375,1.18408203125,0
1311,0.164083,1.19842529296875,1.18560791015625,0
1312,0.164208,1.19384765625,1.189727783203125,0
1313,0.164334,1.19171142578125,1.19720458984375,0
1314,0.164459,1.19110107421875,1.207122802734375,0
1315,0.164584,1.19049072265625,1.217803955078125,0
1316,0.164709,1.1895751953125,1.228790283203125,0
1317,0.164835,1.18988037109375,1.241607666015625,0
1318,0.16496,1.192626953125,1.25762939453125,0
1319,0.165085,1.197357177734375,1.2762451171875,0
1320,0.16521,1.202545166015625,1.29547119140625,0
1321,0.165336,1.207122802734375,1.314544677734375,0
1322,0.165461,1.21246337890625,1.33453369140625,0
1323,0.165586,1.21978759765625,1.356964111328125,0
1324,0.165711,1.22955322265625,1.38153076171875,0
1325,0.165837,1.240081787109375,1.4068603515625,0
1326,0.165962,1.25,1.43157958984375,0
1327,0.166087,1.259918212890625,1.45599365234375,0
1328,0.166212,1.2713623046875,1.48162841796875,0
1329,0.166338,1.28509521484375,1.508941650390625,0
1330,0.166463,1.300048828125,1.537017822265625,0
1331,0.166588,1.31439208984375,1.563873291015625,0
1332,0.166713,1.328277587890625,1.58935546875,0
1333,0.166839,1.342926025390625,1.61468505859375,0
1334,0.166964,1.35955810546875,1.641082763671875,0
1335,0.167089,1.3775634765625,1.667938232421875,0
1336,0.167214,1.395416259765625,1.693267822265625,0
1337,0.16734,1.412200927734375,1.71630859375,0
1338,0.167465,1.4288330078125,1.73797607421875,0
1339,0.16759,1.44683837890625,1.759796142578125,0
1340,0.167715,1.466522216796875,1.7816162109375,0
1341,0.167841,1.4862060546875,1.801910400390625,0
1342,0.167966,1.504669189453125,1.819305419921875,0
1343,0.168091,1.522064208984375,1.834259033203125,0
1344,0.168216,1.54022216796875,1.848297119140625,0
1345,0.168342,1.55975341796875,1.862030029296875,0
1346,0.168467,1.57958984375,1.874542236328125,0
1347,0.168592,1.59820556640625,1.88385009765625,0
1348,0.168717,1.615142822265625,1.88995361328125,0
1349,0.168843,1.631927490234375,1.89422607421875,0
1350,0.168968,1.649627685546875,1.898040771484375,0
1351,0.169093,1.6680908203125,1.900634765625,0
1352,0.169219,1.6851806640625,1.900482177734375,0
1353,0.169344,1.700286865234375,1.89666748046875,0
1354,0.169469,1.714324951171875,1.89056396484375,0
1355,0.169594,1.728973388671875,1.883544921875,0
1356,0.16972,1.744232177734375,1.875762939453125,0
1357,0.169845,1.758575439453125,1.865997314453125,0
1358,0.16997,1.7706298828125,1.85272216796875,0
1359,0.170095,1.781005859375,1.836700439453125,0
1360,0.170221,1.79107666015625,1.81976318359375,0
1361,0.170346,1.801910400390625,1.8023681640625,0
1362,0.170471,1.8121337890625,1.7840576171875,0
1363,0.170596,1.820220947265625,1.762847900390625,0
1364,0.170722,1.826019287109375,1.739044189453125,0
1365,0.170847,1.830902099609375,1.714019775390625,0
1366,0.170972,1.83624267578125,1.689300537109375,0
1367,0.171097,1.8414306640625,1.664581298828125,0
1368,0.171223,1.84478759765625,1.63818359375,0
1369,0.171348,1.845550537109375,1.6094970703125,0
1370,0.171473,1.84478759765625,1.579742431640625,0
1371,0.171598,1.84417724609375,1.550750732421875,0
1372,0.171724,1.843719482421875,1.522674560546875,0
1373,0.171849,1.842041015625,1.494140625,0
1374,0.171974,1.8377685546875,1.464385986328125,0
1375,0.172099,1.831512451171875,1.433563232421875,0
1376,0.172225,1.824798583984375,1.40380859375,0
1377,0.17235,1.81854248046875,1.37603759765625,0
1378,0.172475,1.811676025390625,1.34918212890625,0
1379,0.1726,1.80267333984375,1.321868896484375,0
1380,0.172726,1.7913818359375,1.294097900390625,0
1381,0.172851,1.7791748046875,1.26739501953125,0
1382,0.172976,1.767578125,1.2432861328125,0
1383,0.173101,1.7559814453125,1.221466064453125,0
1384,0.173227,1.74285888671875,1.200103759765625,0
1385,0.173352,1.727447509765625,1.17889404296875,0
1386,0.173477,1.710662841796875,1.158599853515625,0
1387,0.173602,1.694488525390625,1.141204833984375,0
1388,0.173728,1.67877197265625,1.12701416015625,0
1389,0.173853,1.662445068359375,1.114349365234375,0
1390,0.173978,1.644134521484375,1.102142333984375,0
1391,0.174103,1.6241455078125,1.09100341796875,0
1392,0.174229,1.6046142578125,1.082611083984375,0
1393,0.174354,1.58599853515625,1.07757568359375,0
1394,0.174479,1.567535400390625,1.07513427734375,0
1395,0.174604,1.54754638671875,1.0736083984375,0
1396,0.17473,1.52618408203125,1.07269287109375,0
1397,0.174855,1.504669189453125,1.07421875,0
1398,0.17498,1.484527587890625,1.078948974609375,0
1399,0.175105,1.465301513671875,1.086883544921875,0
1400,0.175231,1.4453125,1.096038818359375,0
1401,0.175356,1.4239501953125,1.105499267578125,0
1402,0.175481,1.40228271484375,1.116485595703125,0
1403,0.175606,1.38214111328125,1.130523681640625,0
1404,0.175732,1.363372802734375,1.1474609375,0
1405,0.175857,1.34490966796875,1.165924072265625,0
1406,0.175982,1.32537841796875,1.18438720703125,0
1407,0.176107,1.305389404296875,1.203460693359375,0
1408,0.176233,1.28662109375,1.224517822265625,0
1409,0.176358,1.26983642578125,1.248321533203125,0
1410,0.176483,1.2542724609375,1.273651123046875,0
1411,0.176608,1.23809814453125,1.298675537109375,0
1412,0.176734,1.2213134765625,1.3232421875,0
1413,0.176859,1.2054443359375,1.348724365234375,0
1414,0.176984,1.191864013671875,1.37603759765625,0
1415,0.177109,1.18011474609375,1.40472412109375,0
1416,0.177235,1.168670654296875,1.432952880859375,0
1417,0.17736,1.1566162109375,1.459808349609375,0
1418,0.177485,1.14501953125,1.4862060546875,0
1419,0.17761,1.135711669921875,1.513671875,0
1420,0.177736,1.128692626953125,1.54205322265625,0
1421,0.177861,1.122589111328125,1.569671630859375,0
1422,0.177986,1.1163330078125,1.595458984375,0
1423,0.178111,1.110076904296875,1.619415283203125,0
1424,0.178237,1.10565185546875,1.643218994140625,0
1425,0.178362,1.103973388671875,1.667633056640625,0
1426,0.178487,1.10382080078125,1.6912841796875,0
1427,0.178612,1.103668212890625,1.712493896484375,0
1428,0.178738,1.103363037109375,1.731109619140625,0
1429,0.178863,1.10443115234375,1.74835205078125,0
1430,0.178988,1.10809326171875,1.765594482421875,0
1431,0.179113,1.1138916015625,1.7822265625,0
1432,0.179239,1.1199951171875,1.796417236328125,0
1433,0.179364,1.125946044921875,1.807403564453125,0
1434,0.179489,1.132354736328125,1.81610107421875,0
1435,0.179614,1.141204833984375,1.824188232421875,0
1436,0.17974,1.15234375,1.8316650390625,0
1437,0.179865,1.164398193359375,1.837158203125,0
1438,0.17999,1.175994873046875,1.83929443359375,0
1439,0.180115,1.187744140625,1.838531494140625,0
1440,0.180241,1.201019287109375,1.836700439453125,0
1441,0.180366,1.21673583984375,1.83441162109375,0
1442,0.180491,1.233673095703125,1.83074951171875,0
1443,0.180616,1.25030517578125,1.82403564453125,0
1444,0.180742,1.266326904296875,1.81427001953125,0
1445,0.180867,1.28326416015625,1.802978515625,0
1446,0.180992,1.302337646484375,1.791534423828125,0
1447,0.181117,1.32293701171875,1.77947998046875,0
1448,0.181243,1.3433837890625,1.765289306640625,0
1449,0.181368,1.362762451171875,1.748199462890625,0
1450,0.181493,1.38214111328125,1.729278564453125,0
1451,0.181618,1.4031982421875,1.71051025390625,0
1452,0.181744,1.42578125,1.69189453125,0
1453,0.181869,1.448516845703125,1.67236328125,0
1454,0.181994,1.469879150390625,1.650390625,0
1455,0.182119,1.490478515625,1.62689208984375,0
1456,0.182245,1.5118408203125,1.603546142578125,0
1457,0.18237,1.53472900390625,1.581268310546875,0
1458,0.182495,1.55792236328125,1.55914306640625,0
1459,0.18262,1.57989501953125,1.53564453125,0
1460,0.182746,1.600341796875,1.51092529296875,0
1461,0.182871,1.620635986328125,1.486358642578125,0
1462,0.182996,1.641998291015625,1.463623046875,0
1463,0.183121,1.663970947265625,1.4422607421875,0
1464,0.183247,1.684722900390625,1.42059326171875,0
1465,0.183372,1.7034912109375,1.398162841796875,0
1466,0.183497,1.721343994140625,1.37603759765625,0
1467,0.183622,1.739654541015625,1.356048583984375,0
1468,0.183748,1.758575439453125,1.338348388671875,0
1469,0.183873,1.7767333984375,1.321563720703125,0
1470,0.183998,1.7926025390625,1.30462646484375,0
1471,0.184123,1.806640625,1.287994384765625,0
1472,0.184249,1.8206787109375,1.273651123046875,0
1473,0.184374,1.835174560546875,1.262054443359375,0
1474,0.184499,1.84906005859375,1.252593994140625,0
1475,0.184624,1.8609619140625,1.24359130859375,0
1476,0.18475,1.87042236328125,1.234893798828125,0
1477,0.184875,1.87896728515625,1.228179931640625,0
1478,0.185,1.887969970703125,1.224517822265625,0
1479,0.185125,1.89666748046875,1.223602294921875,0
1480,0.185251,1.9036865234375,1.2237548828125,0
1481,0.185376,1.907958984375,1.22406005859375,0
1482,0.185501,1.91070556640625,1.22589111328125,0
1483,0.185626,1.913299560546875,1.230621337890625,0
1484,0.185752,1.91619873046875,1.238250732421875,0
1485,0.185877,1.917572021484375,1.24755859375,0
1486,0.186002,1.91650390625,1.25701904296875,0
1487,0.186127,1.913299560546875,1.267242431640625,0
1488,0.186253,1.90948486328125,1.27960205078125,0
1489,0.186378,1.9061279296875,1.29486083984375,0
1490,0.186503,1.902008056640625,1.31195068359375,0
1491,0.186628,1.895599365234375,1.329193115234375,0
1492,0.186754,1.886749267578125,1.346282958984375,0
1493,0.186879,1.8768310546875,1.364593505859375,0
1494,0.187004,1.867523193359375,1.38519287109375,0
1495,0.187129,1.85791015625,1.40777587890625,0
1496,0.187255,1.846771240234375,1.430206298828125,0
1497,0.18738,1.833038330078125,1.451873779296875,0
1498,0.187505,1.81793212890625,1.473541259765625,0
1499,0.18763,1.803131103515625,1.496734619140625,0
1500,0.187756,1.7889404296875,1.521453857421875,0
1501,0.187881,1.773681640625,1.5460205078125,0
1502,0.188006,1.756134033203125,1.5692138671875,0
1503,0.188131,1.737060546875,1.5911865234375,0
1504,0.188257,1.7181396484375,1.61346435546875,0
1505,0.188382,1.699981689453125,1.636962890625,0
1506,0.188507,1.68182373046875,1.66015625,0
1507,0.188632,1.661834716796875,1.6815185546875,0
1508,0.188758,1.64031982421875,1.70074462890625,0
1509,0.188883,1.618499755859375,1.71905517578125,0
1510,0.189008,1.597900390625,1.737823486328125,0
1511,0.189133,1.577911376953125,1.756439208984375,0
1512,0.189259,1.557159423828125,1.772918701171875,0
1513,0.189384,1.53472900390625,1.7864990234375,0
1514,0.189509,1.5118408203125,1.798248291015625,0
1515,0.189634,1.490020751953125,1.8096923828125,0
1516,0.18976,1.4697265625,1.8206787109375,0
1517,0.189885,1.449432373046875,1.829986572265625,0
1518,0.19001,1.42791748046875,1.836090087890625,0
1519,0.190135,1.4056396484375,1.839447021484375,0
1520,0.190261,1.384429931640625,1.841583251953125,0
1521,0.190386,1.36505126953125,1.84356689453125,0
1522,0.190511,1.346588134765625,1.844024658203125,0
1523,0.190636,1.3275146484375,1.8414306640625,0
1524,0.190762,1.30767822265625,1.835784912109375,0
1525,0.190887,1.288604736328125,1.828460693359375,0
1526,0.191012,1.271514892578125,1.8206787109375,0
1527,0.191137,1.256256103515625,1.811981201171875,0
1528,0.191263,1.2408447265625,1.800994873046875,0
1529,0.191388,1.2249755859375,1.78680419921875,0
1530,0.191513,1.20941162109375,1.7706298828125,0
1531,0.191638,1.195831298828125,1.753997802734375,0
1532,0.191764,1.184539794921875,1.737213134765625,0
1533,0.191889,1.17401123046875,1.71905517578125,0
1534,0.192014,1.16302490234375,1.697998046875,0
1535,0.192139,1.152191162109375,1.674957275390625,0
1536,0.192265,1.143035888671875,1.651611328125,0
1537,0.19239,1.136474609375,1.62872314453125,0
1538,0.192515,1.131439208984375,1.605377197265625,0
1539,0.19264,1.126251220703125,1.5802001953125,0
1540,0.192766,1.12091064453125,1.553192138671875,0
1541,0.192891,1.116790771484375,1.526031494140625,0
1542,0.193016,1.115264892578125,1.499786376953125,0
1543,0.193141,1.115875244140625,1.474456787109375,0
1544,0.193267,1.116790771484375,1.4483642578125,0
1545,0.193392,1.11724853515625,1.4208984375,0
1546,0.193517,1.118621826171875,1.393280029296875,0
1547,0.193642,1.121978759765625,1.367034912109375,0
1548,0.193768,1.1279296875,1.3427734375,0
1549,0.193893,1.1346435546875,1.319122314453125,0
1550,0.194018,1.14105224609375,1.294708251953125,0
1551,0.194143,1.147613525390625,1.2701416015625,0
1552,0.194269,1.15570068359375,1.247406005859375,0
1553,0.194394,1.1663818359375,1.2274169921875,0
1554,0.194519,1.17828369140625,1.208953857421875,0
1555,0.194644,1.190032958984375,1.1907958984375,0
1556,0.19477,1.201171875,1.172637939453125,0
1557,0.194895,1.21337890625,1.15631103515625,0
1558,0.19502,1.227874755859375,1.14288330078125,0
1559,0.195145,1.243896484375,1.1322021484375,0
1560,0.195271,1.259918212890625,1.122589111328125,0
1561,0.195396,1.2750244140625,1.113128662109375,0
1562,0.195521,1.290435791015625,1.105194091796875,0
1563,0.195646,1.307373046875,1.100311279296875,0
1564,0.195772,1.326141357421875,1.0986328125,0
1565,0.195897,1.34521484375,1.0986328125,0
1566,0.196022,1.363067626953125,1.0992431640625,0
1567,0.196147,1.380462646484375,1.10076904296875,0
1568,0.196273,1.398773193359375,1.104888916015625,0
1569,0.196398,1.418609619140625,1.11236572265625,0
1570,0.196523,1.439208984375,1.12213134765625,0
1571,0.196648,1.458587646484375,1.13250732421875,0
1572,0.196774,1.47674560546875,1.143341064453125,0
1573,0.196899,1.494903564453125,1.156005859375,0
1574,0.197024,1.514434814453125,1.17156982421875,0
1575,0.197149,1.53472900390625,1.189727783203125,0
1576,0.197275,1.554107666015625,1.208648681640625,0
1577,0.1974,1.571807861328125,1.227264404296875,0
1578,0.197525,1.588592529296875,1.246795654296875,0
1579,0.19765,1.60614013671875,1.26861572265625,0
1580,0.197776,1.624755859375,1.292724609375,0
1581,0.197901,1.642608642578125,1.317596435546875,0
1582,0.198026,1.658477783203125,1.34185791015625,0
1583,0.198151,1.672821044921875,1.36566162109375,0
1584,0.198277,1.68731689453125,1.390838623046875,0
1585,0.198402,1.70257568359375,1.417694091796875,0
1586,0.198527,1.717529296875,1.4453125,0
1587,0.198652,1.730499267578125,1.472015380859375,0
1588,0.198778,1.741485595703125,1.4971923828125,0
1589,0.198903,1.751708984375,1.522369384765625,0
1590,0.199028,1.7626953125,1.54876708984375,0
1591,0.199153,1.773529052734375,1.57562255859375,0
1592,0.199279,1.7828369140625,1.60125732421875,0
1593,0.199404,1.789703369140625,1.624755859375,0
1594,0.199529,1.795196533203125,1.646881103515625,0
1595,0.199654,1.800994873046875,1.6693115234375,0
1596,0.19978,1.80694580078125,1.692047119140625,0
1597,0.199905,1.81182861328125,1.713409423828125,0
1598,0.20003,1.814422607421875,1.732177734375,0
1599,0.200155,1.81488037109375,1.7486572265625,0
1600,0.200281,1.815185546875,1.764373779296875,0
1601,0.200406,1.815948486328125,1.78009033203125,0
1602,0.200531,1.81610107421875,1.79473876953125,0
1603,0.200656,1.814117431640625,1.806640625,0
1604,0.200782,1.809844970703125,1.81549072265625,0
1605,0.200907,1.8048095703125,1.822662353515625,0
1606,0.201032,1.80023193359375,1.82952880859375,0
1607,0.201157,1.795654296875,1.83563232421875,0
1608,0.201283,1.78955078125,1.83929443359375,0
1609,0.201408,1.781005859375,1.839599609375,0
1610,0.201533,1.771240234375,1.8377685546875,0
1611,0.201658,1.76177978515625,1.835174560546875,0
1612,0.201784,1.7529296875,1.832275390625,0
1613,0.201909,1.7431640625,1.827545166015625,0
1614,0.202034,1.73126220703125,1.819610595703125,0
1615,0.202159,1.71783447265625,1.80908203125,0
1616,0.202285,1.70440673828125,1.79779052734375,0
1617,0.20241,1.69189453125,1.7864990234375,0
1618,0.202535,1.679229736328125,1.774139404296875,0
1619,0.20266,1.6650390625,1.75933837890625,0
1620,0.202786,1.649017333984375,1.742095947265625,0
1621,0.202911,1.632843017578125,1.723785400390625,0
1622,0.203036,1.61773681640625,1.705780029296875,0
1623,0.203161,1.603240966796875,1.68792724609375,0
1624,0.203287,1.58782958984375,1.66839599609375,0
1625,0.203412,1.570892333984375,1.646881103515625,0
1626,0.203537,1.553192138671875,1.6241455078125,0
1627,0.203662,1.536712646484375,1.602325439453125,0
1628,0.203788,1.521453857421875,1.5814208984375,0
1629,0.203913,1.506195068359375,1.56005859375,0
1630,0.204038,1.48956298828125,1.537322998046875,0
1631,0.204163,1.472015380859375,1.513671875,0
1632,0.204289,1.455535888671875,1.490936279296875,0
1633,0.204414,1.44073486328125,1.469879150390625,0
1634,0.204539,1.42669677734375,1.44989013671875,0
1635,0.204664,1.4117431640625,1.42913818359375,0
1636,0.20479,1.3958740234375,1.40777587890625,0
1637,0.204915,1.380615234375,1.3873291015625,0
1638,0.20504,1.367340087890625,1.369171142578125,0
1639,0.205165,1.355438232421875,1.352996826171875,0
1640,0.205291,1.343536376953125,1.3372802734375,0
1641,0.205415,1.330718994140625,1.32110595703125,0
1642,0.205541,1.31805419921875,1.30584716796875,0
1643,0.205667,1.307220458984375,1.29302978515625,0
1644,0.205792,1.29852294921875,1.282958984375,0
1645,0.205917,1.290283203125,1.274261474609375,0
1646,0.206042,1.28143310546875,1.26556396484375,0
1647,0.206168,1.272430419921875,1.25762939453125,0
1648,0.206293,1.26495361328125,1.2518310546875,0
1649,0.206419,1.259918212890625,1.24908447265625,0
1650,0.206544,1.256103515625,1.248626708984375,0
1651,0.206669,1.251983642578125,1.24847412109375,0
1652,0.206795,1.247406005859375,1.248626708984375,0
1653,0.20692,1.243896484375,1.2506103515625,0
1654,0.207045,1.24267578125,1.255645751953125,0
1655,0.20717,1.2432861328125,1.263275146484375,0
1656,0.207296,1.244049072265625,1.271514892578125,0
1657,0.207421,1.244354248046875,1.2799072265625,0
1658,0.207546,1.2451171875,1.289215087890625,0
1659,0.207671,1.247711181640625,1.301116943359375,0
1660,0.207797,1.25274658203125,1.31561279296875,0
1661,0.207922,1.25823974609375,1.3311767578125,0
1662,0.208047,1.263275146484375,1.346282958984375,0
1663,0.208172,1.268157958984375,1.3616943359375,0
1664,0.208298,1.274566650390625,1.378631591796875,0
1665,0.208423,1.28326416015625,1.397857666015625,0
1666,0.208548,1.29302978515625,1.41815185546875,0
1667,0.208673,1.302337646484375,1.43798828125,0
1668,0.208799,1.31103515625,1.457061767578125,0
1669,0.208924,1.32049560546875,1.476593017578125,0
1670,0.209049,1.33209228515625,1.497802734375,0
1671,0.209174,1.345062255859375,1.52008056640625,0
1672,0.2093,1.357879638671875,1.541595458984375,0
1673,0.209425,1.369781494140625,1.56158447265625,0
1674,0.20955,1.381683349609375,1.580963134765625,0
1675,0.209675,1.39495849609375,1.6009521484375,0
1676,0.209801,1.410064697265625,1.621856689453125,0
1677,0.209926,1.425323486328125,1.641998291015625,0
1678,0.210051,1.439208984375,1.660003662109375,0
1679,0.210176,1.452484130859375,1.67633056640625,0
1680,0.210302,1.4666748046875,1.69219970703125,0
1681,0.210427,1.482391357421875,1.70867919921875,0
1682,0.210553,1.498565673828125,1.72454833984375,0
1683,0.210678,1.513671875,1.737823486328125,0
1684,0.210803,1.527252197265625,1.7486572265625,0
1685,0.210928,1.540985107421875,1.75811767578125,0
1686,0.211054,1.555938720703125,1.767730712890625,0
1687,0.211179,1.5716552734375,1.7767333984375,0
1688,0.211304,1.586456298828125,1.783447265625,0
1689,0.211429,1.59942626953125,1.787109375,0
1690,0.211555,1.61163330078125,1.78863525390625,0
1691,0.21168,1.624603271484375,1.789703369140625,0
1692,0.211805,1.63848876953125,1.79046630859375,0
1693,0.21193,1.651763916015625,1.789398193359375,0
1694,0.212056,1.663055419921875,1.785125732421875,0
1695,0.212181,1.672821044921875,1.778411865234375,0
1696,0.212306,1.682586669921875,1.7706298828125,0
1697,0.212431,1.69342041015625,1.762847900390625,0
1698,0.212557,1.70379638671875,1.75384521484375,0
1699,0.212682,1.712493896484375,1.74224853515625,0
1700,0.212807,1.71905517578125,1.727752685546875,0
1701,0.212932,1.725006103515625,1.712188720703125,0
1702,0.213058,1.731719970703125,1.696624755859375,0
1703,0.213183,1.738433837890625,1.680755615234375,0
1704,0.213308,1.7437744140625,1.66290283203125,0
1705,0.213433,1.746673583984375,1.642608642578125,0
1706,0.213559,1.748199462890625,1.620941162109375,0
1707,0.213684,1.75018310546875,1.599578857421875,0
1708,0.213809,1.75262451171875,1.578826904296875,0
1709,0.213934,1.753997802734375,1.557159423828125,0
1710,0.21406,1.7529296875,1.533660888671875,0
1711,0.214185,1.75018310546875,1.5087890625,0
1712,0.21431,1.747283935546875,1.484222412109375,0
1713,0.214435,1.744842529296875,1.461181640625,0
1714,0.214561,1.742095947265625,1.438446044921875,0
1715,0.214686,1.73736572265625,1.414642333984375,0
1716,0.214811,1.730499267578125,1.3897705078125,0
1717,0.214937,1.722869873046875,1.365509033203125,0
1718,0.215062,1.715850830078125,1.34307861328125,0
1719,0.215187,1.709136962890625,1.322174072265625,0
1720,0.215312,1.700897216796875,1.30126953125,0
1721,0.215438,1.69036865234375,1.279754638671875,0
1722,0.215563,1.67877197265625,1.25885009765625,0
1723,0.215688,1.66778564453125,1.23992919921875,0
1724,0.215813,1.65740966796875,1.223602294921875,0
1725,0.215939,1.646270751953125,1.208343505859375,0
1726,0.216064,1.633148193359375,1.193084716796875,0
1727,0.216189,1.618499755859375,1.17828369140625,0
1728,0.216314,1.60430908203125,1.165618896484375,0
1729,0.21644,1.591033935546875,1.156005859375,0
1730,0.216565,1.5777587890625,1.14837646484375,0
1731,0.21669,1.5631103515625,1.141357421875,0
1732,0.216815,1.546783447265625,1.1346435546875,0
1733,0.216941,1.53045654296875,1.1297607421875,0
1734,0.217066,1.51519775390625,1.12823486328125,0
1735,0.217191,1.5008544921875,1.129302978515625,0
1736,0.217316,1.485748291015625,1.131439208984375,0
1737,0.217442,1.4691162109375,1.134033203125,0
1738,0.217567,1.4520263671875,1.1376953125,0
1739,0.217692,1.436309814453125,1.1444091796875,0
1740,0.217817,1.42181396484375,1.1541748046875,0
1741,0.217943,1.407470703125,1.165313720703125,0
1742,0.218068,1.39190673828125,1.1767578125,0
1743,0.218193,1.375579833984375,1.188812255859375,0
1744,0.218318,1.360321044921875,1.2030029296875,0
1745,0.218444,1.346893310546875,1.2200927734375,0
1746,0.218569,1.334381103515625,1.238861083984375,0
1747,0.218694,1.32110595703125,1.257781982421875,0
1748,0.218819,1.30706787109375,1.27655029296875,0
1749,0.218945,1.293792724609375,1.296539306640625,0
1750,0.21907,1.282501220703125,1.318817138671875,0
1751,0.219195,1.272735595703125,1.342926025390625,0
1752,0.21932,1.2628173828125,1.367034912109375,0
1753,0.219446,1.252288818359375,1.390228271484375,0
1754,0.219571,1.2420654296875,1.41357421875,0
1755,0.219696,1.233673095703125,1.43829345703125,0
1756,0.219821,1.2274169921875,1.46453857421875,0
1757,0.219947,1.221923828125,1.49078369140625,0
1758,0.220072,1.215667724609375,1.515655517578125,0
1759,0.220197,1.20941162109375,1.539306640625,0
1760,0.220322,1.204833984375,1.56341552734375,0
1761,0.220448,1.202545166015625,1.588592529296875,0
1762,0.220573,1.201629638671875,1.613616943359375,0
1763,0.220698,1.2005615234375,1.636962890625,0
1764,0.220823,1.19903564453125,1.658172607421875,0
1765,0.220949,1.198577880859375,1.678619384765625,0
1766,0.221074,1.2005615234375,1.69952392578125,0
1767,0.221199,1.204376220703125,1.720428466796875,0
1768,0.221324,1.20849609375,1.739349365234375,0
1769,0.22145,1.212005615234375,1.755523681640625,0
1770,0.221575,1.215972900390625,1.769866943359375,0
1771,0.2217,1.222076416015625,1.7840576171875,0
1772,0.221825,1.230316162109375,1.797943115234375,0
1773,0.221951,1.23931884765625,1.810302734375,0
1774,0.222076,1.247711181640625,1.819610595703125,0
1775,0.222201,1.255950927734375,1.826171875,0
1776,0.222326,1.265716552734375,1.83197021484375,0
1777,0.222452,1.27777099609375,1.83746337890625,0
1778,0.222577,1.2908935546875,1.84173583984375,0
1779,0.222702,1.3037109375,1.843109130859375,0
1780,0.222827,1.315765380859375,1.8414306640625,0
1781,0.222953,1.3287353515625,1.838226318359375,0
1782,0.223078,1.343536376953125,1.834869384765625,0
1783,0.223203,1.360015869140625,1.83074951171875,0
1784,0.223328,1.376190185546875,1.8243408203125,0
1785,0.223454,1.39129638671875,1.814727783203125,0
1786,0.223579,1.40655517578125,1.803436279296875,0
1787,0.223704,1.423187255859375,1.79168701171875,0
1788,0.223829,1.44134521484375,1.779937744140625,0
1789,0.223955,1.459808349609375,1.766815185546875,0
1790,0.22408,1.47705078125,1.750946044921875,0
1791,0.224205,1.493377685546875,1.73309326171875,0
1792,0.22433,1.5106201171875,1.71478271484375,0
1793,0.224456,1.52923583984375,1.697235107421875,0
1794,0.224581,1.5484619140625,1.679229736328125,0
1795,0.224706,1.566314697265625,1.659393310546875,0
1796,0.224831,1.58294677734375,1.6375732421875,0
1797,0.224957,1.59942626953125,1.615447998046875,0
1798,0.225082,1.61712646484375,1.594390869140625,0
1799,0.225207,1.63543701171875,1.5740966796875,0
1800,0.225332,1.65283203125,1.55303955078125,0
1801,0.225458,1.668243408203125,1.53045654296875,0
1802,0.225583,1.682891845703125,1.507415771484375,0
1803,0.225708,1.698150634765625,1.48590087890625,0
1804,0.225833,1.714324951171875,1.466064453125,0
1805,0.225959,1.729736328125,1.446533203125,0
1806,0.226084,1.743011474609375,1.426239013671875,0
1807,0.226209,1.7547607421875,1.405487060546875,0
1808,0.226334,1.766510009765625,1.38641357421875,0
1809,0.22646,1.779022216796875,1.36962890625,0
1810,0.226585,1.791229248046875,1.3543701171875,0
1811,0.22671,1.80145263671875,1.338958740234375,0
1812,0.226835,1.809539794921875,1.3232421875,0
1813,0.226961,1.816864013671875,1.309051513671875,0
1814,0.227086,1.82464599609375,1.297607421875,0
1815,0.227211,1.83258056640625,1.2884521484375,0
1816,0.227336,1.838836669921875,1.2799072265625,0
1817,0.227462,1.8426513671875,1.271514892578125,0
1818,0.227587,1.8450927734375,1.2640380859375,0
1819,0.227712,1.847686767578125,1.2591552734375,0
1820,0.227837,1.850433349609375,1.257171630859375,0
1821,0.227963,1.852264404296875,1.2567138671875,0
1822,0.228088,1.85150146484375,1.256256103515625,0
1823,0.228213,1.848907470703125,1.25640869140625,0
1824,0.228338,1.84600830078125,1.258697509765625,0
1825,0.228464,1.843414306640625,1.2640380859375,0
1826,0.228589,1.840362548828125,1.2713623046875,0
1827,0.228714,1.8353271484375,1.278839111328125,0
1828,0.228839,1.827850341796875,1.28631591796875,0
1829,0.228965,1.8194580078125,1.295318603515625,0
1830,0.22909,1.811676025390625,1.30706787109375,0
1831,0.229215,1.804046630859375,1.32080078125,0
1832,0.22934,1.79473876953125,1.334991455078125,0
1833,0.229466,1.782989501953125,1.348724365234375,0
1834,0.229591,1.77001953125,1.3629150390625,0
1835,0.229716,1.75750732421875,1.37908935546875,0
1836,0.229841,1.745452880859375,1.39739990234375,0
1837,0.229967,1.73248291015625,1.416015625,0
1838,0.230092,1.717529296875,1.433868408203125,0
1839,0.230217,1.700897216796875,1.45111083984375,0
1840,0.230342,1.684417724609375,1.46942138671875,0
1841,0.230468,1.668853759765625,1.4892578125,0
1842,0.230593,1.653289794921875,1.50970458984375,0
1843,0.230718,1.63604736328125,1.5289306640625,0
1844,0.230843,1.616973876953125,1.546630859375,0
1845,0.230969,1.597900390625,1.5643310546875,0
1846,0.231094,1.579742431640625,1.58294677734375,0
1847,0.231219,1.5625,1.602020263671875,0
1848,0.231344,1.544189453125,1.619873046875,0
1849,0.23147,1.52435302734375,1.63543701171875,0
1850,0.231595,1.50390625,1.6497802734375,0
1851,0.23172,1.484527587890625,1.6644287109375,0
1852,0.231845,1.4666748046875,1.67938232421875,0
1853,0.231971,1.44866943359375,1.693115234375,0
1854,0.232096,1.429290771484375,1.704254150390625,0
1855,0.232221,1.4093017578125,1.713104248046875,0
1856,0.232346,1.39007568359375,1.72149658203125,0
1857,0.232472,1.372833251953125,1.73004150390625,0
1858,0.232597,1.356201171875,1.737518310546875,0
1859,0.232722,1.338958740234375,1.7425537109375,0
1860,0.232847,1.320648193359375,1.74468994140625,0
1861,0.232973,1.303253173828125,1.745452880859375,0
1862,0.233098,1.287689208984375,1.746063232421875,0
1863,0.233223,1.273651123046875,1.7462158203125,0
1864,0.233348,1.25946044921875,1.74407958984375,0
1865,0.233474,1.244659423828125,1.739044189453125,0
1866,0.233599,1.230010986328125,1.732025146484375,0
1867,0.233724,1.21734619140625,1.72454833984375,0
1868,0.233849,1.206817626953125,1.717071533203125,0
1869,0.233975,1.1968994140625,1.70806884765625,0
1870,0.2341,1.186370849609375,1.6961669921875,0
1871,0.234225,1.17584228515625,1.68212890625,0
1872,0.23435,1.1669921875,1.66748046875,0
1873,0.234476,1.160430908203125,1.653289794921875,0
1874,0.234601,1.1553955078125,1.638336181640625,0
1875,0.234726,1.150054931640625,1.621246337890625,0
1876,0.234851,1.144561767578125,1.602020263671875,0
1877,0.234977,1.139984130859375,1.58203125,0
1878,0.235102,1.13800048828125,1.56280517578125,0
1879,0.235227,1.13800048828125,1.54388427734375,0
1880,0.235352,1.1383056640625,1.523895263671875,0
1881,0.235478,1.13800048828125,1.501922607421875,0
1882,0.235603,1.138458251953125,1.479339599609375,0
1883,0.235728,1.140899658203125,1.457672119140625,0
1884,0.235853,1.145782470703125,1.437225341796875,0
1885,0.235979,1.151580810546875,1.41693115234375,0
1886,0.236104,1.156768798828125,1.395263671875,0
1887,0.236229,1.161956787109375,1.37298583984375,0
1888,0.236354,1.168975830078125,1.351776123046875,0
1889,0.23648,1.17828369140625,1.33270263671875,0
1890,0.236605,1.188812255859375,1.314697265625,0
1891,0.23673,1.199188232421875,1.296234130859375,0
1892,0.236855,1.208953857421875,1.277313232421875,0
1893,0.236981,1.21978759765625,1.259613037109375,0
1894,0.237106,1.232757568359375,1.244354248046875,0
1895,0.237231,1.247406005859375,1.2310791015625,0
1896,0.237356,1.26190185546875,1.218414306640625,0
1897,0.237482,1.275634765625,1.205596923828125,0
1898,0.237607,1.2896728515625,1.193695068359375,0
1899,0.237732,1.30523681640625,1.18438720703125,0
1900,0.237857,1.3226318359375,1.177978515625,0
1901,0.237983,1.340484619140625,1.172943115234375,0
1902,0.238108,1.35711669921875,1.16790771484375,0
1903,0.238233,1.373291015625,1.16363525390625,0
1904,0.238358,1.390380859375,1.16180419921875,0
1905,0.238484,1.4093017578125,1.16302490234375,0
1906,0.238609,1.4288330078125,1.166229248046875,0
1907,0.238734,1.447296142578125,1.1700439453125,0
1908,0.238859,1.46453857421875,1.174163818359375,0
1909,0.238985,1.482086181640625,1.179962158203125,0
1910,0.23911,1.5008544921875,1.188812255859375,0
1911,0.239235,1.52069091796875,1.20025634765625,0
1912,0.23936,1.53961181640625,1.21246337890625,0
1913,0.239486,1.556854248046875,1.224517822265625,0
1914,0.239611,1.573486328125,1.237640380859375,0
1915,0.239736,1.59088134765625,1.253204345703125,0
1916,0.239861,1.609344482421875,1.2713623046875,0
1917,0.239987,1.627349853515625,1.290435791015625,0
1918,0.240112,1.64337158203125,1.3092041015625,0
1919,0.240237,1.65802001953125,1.327972412109375,0
1920,0.240362,1.672821044921875,1.348419189453125,0
1921,0.240488,1.688690185546875,1.371002197265625,0
1922,0.240613,1.704254150390625,1.394805908203125,0
1923,0.240738,1.717987060546875,1.4178466796875,0
1924,0.240863,1.729736328125,1.44012451171875,0
1925,0.240989,1.74102783203125,1.462860107421875,0
1926,0.241114,1.7529296875,1.48712158203125,0
1927,0.241239,1.764984130859375,1.512451171875,0
1928,0.241364,1.7755126953125,1.53717041015625,0
1929,0.24149,1.78375244140625,1.56005859375,0
1930,0.241615,1.790618896484375,1.58233642578125,0
1931,0.24174,1.79779052734375,1.605377197265625,0
1932,0.241865,1.805419921875,1.629180908203125,0
1933,0.241991,1.811981201171875,1.6522216796875,0
1934,0.242116,1.816253662109375,1.673126220703125,0
1935,0.242241,1.81854248046875,1.69219970703125,0
1936,0.242366,1.8206787109375,1.71112060546875,0
1937,0.242492,1.823272705078125,1.730499267578125,0
1938,0.242617,1.82525634765625,1.749114990234375,0
1939,0.242742,1.82525634765625,1.765289306640625,0
1940,0.242867,1.822967529296875,1.779022216796875,0
1941,0.242993,1.819915771484375,1.7913818359375,0
1942,0.243118,1.817474365234375,1.803741455078125,0
1943,0.243243,1.81488037109375,1.815643310546875,0
1944,0.243368,1.810760498046875,1.825408935546875,0
1945,0.243494,1.80419921875,1.83197021484375,0
1946,0.243619,1.796417236328125,1.8365478515625,0
1947,0.243744,1.7889404296875,1.840667724609375,0
1948,0.243869,1.782073974609375,1.844329833984375,0
1949,0.243995,1.774139404296875,1.8463134765625,0
1950,0.24412,1.764068603515625,1.845245361328125,0
1951,0.244245,1.7523193359375,1.8414306640625,0
1952,0.24437,1.740570068359375,1.83685302734375,0
1953,0.244495,1.729736328125,1.832122802734375,0
1954,0.244621,1.71875,1.826324462890625,0
1955,0.244746,1.7059326171875,1.817779541015625,0
1956,0.244871,1.6912841796875,1.806488037109375,0
1957,0.244996,1.67633056640625,1.7938232421875,0
1958,0.245122,1.66229248046875,1.78131103515625,0
1959,0.245247,1.649017333984375,1.768646240234375,0
1960,0.245372,1.634521484375,1.75384521484375,0
1961,0.245497,1.618194580078125,1.736602783203125,0
1962,0.245623,1.60125732421875,1.717987060546875,0
1963,0.245748,1.58538818359375,1.69952392578125,0
1964,0.245873,1.5704345703125,1.6815185546875,0
1965,0.245998,1.55548095703125,1.662750244140625,0
1966,0.246124,1.538848876953125,1.641845703125,0
1967,0.246249,1.521453857421875,1.61956787109375,0
1968,0.246374,1.504669189453125,1.59759521484375,0
1969,0.246499,1.48956298828125,1.57684326171875,0
1970,0.246625,1.47491455078125,1.556396484375,0
1971,0.24675,1.4593505859375,1.534881591796875,0
1972,0.246875,1.442718505859375,1.511993408203125,0
1973,0.247,1.426544189453125,1.48956298828125,0
1974,0.247126,1.412200927734375,1.468658447265625,0
1975,0.247251,1.399078369140625,1.44927978515625,0
1976,0.247376,1.385650634765625,1.42974853515625,0
1977,0.247501,1.371307373046875,1.4093017578125,0
1978,0.247627,1.356964111328125,1.389312744140625,0
1979,0.247752,1.34429931640625,1.37115478515625,0
1980,0.247877,1.333465576171875,1.35528564453125,0
1981,0.248002,1.3232421875,1.34033203125,0
1982,0.248128,1.312103271484375,1.324920654296875,0
1983,0.248253,1.300811767578125,1.309814453125,0
1984,0.248378,1.290740966796875,1.296539306640625,0
1985,0.248503,1.283111572265625,1.286163330078125,0
1986,0.248629,1.27655029296875,1.277618408203125,0
1987,0.248754,1.26953125,1.26922607421875,0
1988,0.248879,1.262054443359375,1.260986328125,0
1989,0.249004,1.2554931640625,1.2542724609375,0
1990,0.24913,1.251220703125,1.250457763671875,0
1991,0.249255,1.248779296875,1.24908447265625,0
1992,0.24938,1.246337890625,1.248626708984375,0
1993,0.249505,1.2432861328125,1.2481689453125,0
1994,0.249631,1.240692138671875,1.248626708984375,0
1995,0.249756,1.240081787109375,1.251678466796875,0
1996,0.249881,1.241607666015625,1.25762939453125,0
1997,0.250006,1.243743896484375,1.264801025390625,0
1998,0.250132,1.24542236328125,1.271820068359375,0
1999,0.250257,1.2469482421875,1.279296875,0
2000,0.250382,1.249847412109375,1.288604736328125,0
2001,0.250507,1.25518798828125,1.3006591796875,0
2002,0.250633,1.2615966796875,1.314239501953125,0
2003,0.250758,1.2677001953125,1.327667236328125,0
2004,0.250883,1.273040771484375,1.34063720703125,0
2005,0.251008,1.279449462890625,1.35467529296875,0
2006,0.251134,1.287841796875,1.371002197265625,0
2007,0.251259,1.297760009765625,1.38885498046875,0
2008,0.251384,1.30767822265625,1.40655517578125,0
2009,0.251509,1.316680908203125,1.423187255859375,0
2010,0.251635,1.325836181640625,1.4398193359375,0
2011,0.25176,1.336517333984375,1.45782470703125,0
2012,0.251885,1.349029541015625,1.477203369140625,0
2013,0.25201,1.361846923828125,1.49658203125,0
2014,0.252136,1.37359619140625,1.514434814453125,0
2015,0.252261,1.3848876953125,1.53106689453125,0
2016,0.252386,1.396942138671875,1.54815673828125,0
2017,0.252511,1.410980224609375,1.566314697265625,0
2018,0.252637,1.42547607421875,1.58447265625,0
2019,0.252762,1.439056396484375,1.600799560546875,0
2020,0.252887,1.451416015625,1.615142822265625,0
2021,0.253012,1.464080810546875,1.62872314453125,0
2022,0.253138,1.478118896484375,1.642913818359375,0
2023,0.253263,1.49322509765625,1.6571044921875,0
2024,0.253388,1.507415771484375,1.669464111328125,0
2025,0.253513,1.52008056640625,1.67938232421875,0
2026,0.253639,1.532135009765625,1.687469482421875,0
2027,0.253764,1.545257568359375,1.695556640625,0
2028,0.253889,1.559295654296875,1.70379638671875,0
2029,0.254014,1.573028564453125,1.710357666015625,0
2030,0.25414,1.584930419921875,1.71417236328125,0
2031,0.254265,1.595611572265625,1.7156982421875,0
2032,0.25439,1.606597900390625,1.716461181640625,0
2033,0.254515,1.618499755859375,1.717376708984375,0
2034,0.254641,1.630401611328125,1.71722412109375,0
2035,0.254766,1.640777587890625,1.7144775390625,0
2036,0.254891,1.649169921875,1.708984375,0
2037,0.255016,1.6571044921875,1.702117919921875,0
2038,0.255142,1.66595458984375,1.695404052734375,0
2039,0.255267,1.67510986328125,1.688385009765625,0
2040,0.255392,1.682891845703125,1.67938232421875,0
2041,0.255517,1.68853759765625,1.66748046875,0
2042,0.255643,1.692962646484375,1.654205322265625,0
2043,0.255768,1.697998046875,1.640777587890625,0
2044,0.255893,1.7034912109375,1.627655029296875,0
2045,0.256018,1.70806884765625,1.61346435546875,0
2046,0.256144,1.71051025390625,1.59698486328125,0
2047,0.256269,1.711273193359375,1.57867431640625,0
2048,0.256394,1.711883544921875,1.560516357421875,0
2049,0.256519,1.713409423828125,1.543121337890625,0
2050,0.256645,1.7144775390625,1.525726318359375,0
2051,0.25677,1.71356201171875,1.506805419921875,0
2052,0.256895,1.71051025390625,1.4862060546875,0
2053,0.25702,1.707000732421875,1.465606689453125,0
2054,0.257146,1.7041015625,1.446380615234375,0
2055,0.257271,1.701507568359375,1.428070068359375,0
2056,0.257396,1.6973876953125,1.4093017578125,0
2057,0.257521,1.691131591796875,1.389312744140625,0
2058,0.257647,1.68365478515625,1.369171142578125,0
2059,0.257772,1.676788330078125,1.350860595703125,0
2060,0.257897,1.6705322265625,1.334228515625,0
2061,0.258022,1.66351318359375,1.318359375,0
2062,0.258148,1.654510498046875,1.301727294921875,0
2063,0.258273,1.64398193359375,1.284942626953125,0
2064,0.258398,1.63360595703125,1.269989013671875,0
2065,0.258523,1.624298095703125,1.257476806640625,0
2066,0.258649,1.614990234375,1.24664306640625,0
2067,0.258774,1.60400390625,1.235809326171875,0
2068,0.258899,1.591339111328125,1.2249755859375,0
2069,0.259024,1.578521728515625,1.21551513671875,0
2070,0.25915,1.5667724609375,1.208953857421875,0
2071,0.259275,1.5557861328125,1.204833984375,0
2072,0.2594,1.543731689453125,1.20147705078125,0
2073,0.259525,1.5301513671875,1.1981201171875,0
2074,0.259651,1.515960693359375,1.19598388671875,0
2075,0.259776,1.502838134765625,1.196441650390625,0
2076,0.259901,1.4910888671875,1.199798583984375,0
2077,0.260026,1.479034423828125,1.20452880859375,0
2078,0.260152,1.465606689453125,1.20941162109375,0
2079,0.260277,1.451416015625,1.214752197265625,0
2080,0.260402,1.43798828125,1.2225341796875,0
2081,0.260527,1.4263916015625,1.233062744140625,0
2082,0.260653,1.415252685546875,1.245574951171875,0
2083,0.260778,1.403350830078125,1.25823974609375,0
2084,0.260903,1.390228271484375,1.270904541015625,0
2085,0.261028,1.37786865234375,1.284942626953125,0
2086,0.261154,1.3671875,1.301727294921875,0
2087,0.261279,1.357879638671875,1.320343017578125,0
2088,0.261404,1.3482666015625,1.33941650390625,0
2089,0.261529,1.337738037109375,1.357879638671875,0
2090,0.261655,1.327362060546875,1.376800537109375,0
2091,0.26178,1.31866455078125,1.397552490234375,0
2092,0.261905,1.311798095703125,1.4202880859375,0
2093,0.26203,1.3055419921875,1.443328857421875,0
2094,0.262156,1.298370361328125,1.465301513671875,0
2095,0.262281,1.291046142578125,1.486663818359375,0
2096,0.262406,1.284942626953125,1.50909423828125,0
2097,0.262531,1.281280517578125,1.53289794921875,0
2098,0.262657,1.2786865234375,1.557159423828125,0
2099,0.262782,1.275634765625,1.580047607421875,0
2100,0.262907,1.272125244140625,1.60125732421875,0
2101,0.263032,1.269378662109375,1.622314453125,0
2102,0.263158,1.2689208984375,1.644439697265625,0
2103,0.263283,1.270294189453125,1.666717529296875,0
2104,0.263408,1.27166748046875,1.6876220703125,0
2105,0.263533,1.272430419921875,1.70623779296875,0
2106,0.263659,1.273345947265625,1.723480224609375,0
2107,0.263784,1.276397705078125,1.74072265625,0
2108,0.263909,1.28143310546875,1.7584228515625,0
2109,0.264034,1.2872314453125,1.77459716796875,0
2110,0.26416,1.292266845703125,1.788177490234375,0
2111,0.264285,1.297149658203125,1.799468994140625,0
2112,0.26441,1.303253173828125,1.80999755859375,0
2113,0.264535,1.311798095703125,1.8206787109375,0
2114,0.264661,1.3214111328125,1.830291748046875,0
2115,0.264786,1.330413818359375,1.837158203125,0
2116,0.264911,1.33880615234375,1.84112548828125,0
2117,0.265036,1.34796142578125,1.84356689453125,0
2118,0.265162,1.359100341796875,1.845855712890625,0
2119,0.265287,1.371612548828125,1.8475341796875,0
2120,0.265412,1.384124755859375,1.846923828125,0
2121,0.265537,1.39556884765625,1.843109130859375,0
2122,0.265663,1.4068603515625,1.837310791015625,0
2123,0.265788,1.419830322265625,1.8310546875,0
2124,0.265913,1.434478759765625,1.82464599609375,0
2125,0.266038,1.44927978515625,1.816558837890625,0
2126,0.266164,1.462860107421875,1.805572509765625,0
2127,0.266289,1.475830078125,1.79229736328125,0
2128,0.266414,1.48956298828125,1.778411865234375,0
2129,0.266539,1.504974365234375,1.764678955078125,0
2130,0.266665,1.520843505859375,1.750335693359375,0
2131,0.26679,1.53564453125,1.73370361328125,0
2132,0.266915,1.549224853515625,1.714630126953125,0
2133,0.26704,1.56280517578125,1.6949462890625,0
2134,0.267166,1.5777587890625,1.67572021484375,0
2135,0.267291,1.593475341796875,1.656951904296875,0
2136,0.267417,1.6082763671875,1.63665771484375,0
2137,0.267542,1.621246337890625,1.614532470703125,0
2138,0.267667,1.63360595703125,1.59149169921875,0
2139,0.267792,1.646881103515625,1.569366455078125,0
2140,0.267918,1.66107177734375,1.5484619140625,0
2141,0.268043,1.674652099609375,1.527252197265625,0
2142,0.268168,1.686248779296875,1.504669189453125,0
2143,0.268293,1.69647216796875,1.481475830078125,0
2144,0.268421,1.707000732421875,1.459197998046875,0
2145,0.268544,1.718292236328125,1.438751220703125,0
2146,0.26867,1.72943115234375,1.41937255859375,0
2147,0.268795,1.738739013671875,1.399383544921875,0
2148,0.26892,1.7462158203125,1.3787841796875,0
2149,0.269045,1.7529296875,1.3592529296875,0
2150,0.269171,1.760406494140625,1.342010498046875,0
2151,0.269296,1.7681884765625,1.32659912109375,0
2152,0.269421,1.774444580078125,1.3116455078125,0
2153,0.269546,1.77825927734375,1.29638671875,0
2154,0.269672,1.781005859375,1.281890869140625,0
2155,0.269797,1.783905029296875,1.26983642578125,0
2156,0.269922,1.78741455078125,1.2603759765625,0
2157,0.270047,1.78985595703125,1.252288818359375,0
2158,0.270173,1.790008544921875,1.244049072265625,0
2159,0.270298,1.788330078125,1.236419677734375,0
2160,0.270423,1.7864990234375,1.230926513671875,0
2161,0.270548,1.785125732421875,1.22833251953125,0
2162,0.270674,1.783447265625,1.227874755859375,0
2163,0.270799,1.77978515625,1.227569580078125,0
2164,0.270924,1.773834228515625,1.227569580078125,0
2165,0.271049,1.76727294921875,1.229095458984375,0
2166,0.271175,1.76116943359375,1.233673095703125,0
2167,0.2713,1.75537109375,1.240386962890625,0
2168,0.271425,1.747894287109375,1.248016357421875,0
2169,0.27155,1.73828125,1.255340576171875,0
2170,0.271676,1.727294921875,1.263427734375,0
2171,0.271801,1.7169189453125,1.273956298828125,0
2172,0.271926,1.707000732421875,1.287078857421875,0
2173,0.272051,1.696319580078125,1.30096435546875,0
2174,0.272177,1.68365478515625,1.314544677734375,0
2175,0.272302,1.6693115234375,1.327972412109375,0
2176,0.272427,1.655120849609375,1.342926025390625,0
2177,0.272552,1.641845703125,1.360015869140625,0
2178,0.272678,1.628570556640625,1.378326416015625,0
2179,0.272803,1.613616943359375,1.3958740234375,0
2180,0.272928,1.59698486328125,1.41265869140625,0
2181,0.273053,1.5802001953125,1.42974853515625,0
2182,0.273179,1.5643310546875,1.448516845703125,0
2183,0.273304,1.54937744140625,1.468353271484375,0
2184,0.273429,1.533355712890625,1.4874267578125,0
2185,0.273554,1.515655517578125,1.504974365234375,0
2186,0.27368,1.497344970703125,1.521759033203125,0
2187,0.273805,1.480255126953125,1.539459228515625,0
2188,0.27393,1.464385986328125,1.55792236328125,0
2189,0.274055,1.4483642578125,1.575775146484375,0
2190,0.274181,1.43096923828125,1.59149169921875,0
2191,0.274306,1.412811279296875,1.605682373046875,0
2192,0.274431,1.395416259765625,1.61956787109375,0
2193,0.274556,1.379852294921875,1.634063720703125,0
2194,0.274682,1.36505126953125,1.648101806640625,0
2195,0.274807,1.349334716796875,1.660003662109375,0
2196,0.274932,1.332550048828125,1.6693115234375,0
2197,0.275057,1.3165283203125,1.67755126953125,0
2198,0.275183,1.30218505859375,1.68609619140625,0
2199,0.275308,1.289520263671875,1.6943359375,0
2200,0.275433,1.27655029296875,1.700439453125,0
2201,0.275558,1.262664794921875,1.703643798828125,0
2202,0.275684,1.24908447265625,1.705169677734375,0
2203,0.275809,1.237335205078125,1.706390380859375,0
2204,0.275934,1.227569580078125,1.707611083984375,0
2205,0.276059,1.21826171875,1.7071533203125,0
2206,0.276185,1.20849609375,1.703948974609375,0
2207,0.27631,1.19842529296875,1.698455810546875,0
2208,0.276435,1.190032958984375,1.69219970703125,0
2209,0.27656,1.18377685546875,1.686248779296875,0
2210,0.276686,1.179046630859375,1.67938232421875,0
2211,0.276811,1.17401123046875,1.670074462890625,0
2212,0.276936,1.168365478515625,1.6583251953125,0
2213,0.277061,1.1639404296875,1.6455078125,0
2214,0.277187,1.161956787109375,1.633148193359375,0
2215,0.277312,1.16180419921875,1.62078857421875,0
2216,0.277437,1.161956787109375,1.60675048828125,0
2217,0.277562,1.1614990234375,1.590423583984375,0
2218,0.277688,1.1614990234375,1.5728759765625,0
2219,0.277813,1.163787841796875,1.555938720703125,0
2220,0.277938,1.168212890625,1.539764404296875,0
2221,0.278063,1.17340087890625,1.52313232421875,0
2222,0.278189,1.17828369140625,1.5045166015625,0
2223,0.278314,1.183013916015625,1.484832763671875,0
2224,0.278439,1.18927001953125,1.46575927734375,0
2225,0.278564,1.1981201171875,1.44805908203125,0
2226,0.27869,1.208038330078125,1.43096923828125,0
2227,0.278815,1.217803955078125,1.4129638671875,0
2228,0.27894,1.226959228515625,1.393890380859375,0
2229,0.279065,1.2371826171875,1.37542724609375,0
2230,0.279191,1.2493896484375,1.35894775390625,0
2231,0.279316,1.263427734375,1.343994140625,0
2232,0.279441,1.2774658203125,1.32904052734375,0
2233,0.279566,1.29058837890625,1.3134765625,0
2234,0.279692,1.303863525390625,1.2982177734375,0
2235,0.279817,1.318817138671875,1.285247802734375,0
2236,0.279942,1.33575439453125,1.27471923828125,0
2237,0.280067,1.352996826171875,1.265106201171875,0
2238,0.280193,1.369171142578125,1.255340576171875,0
2239,0.280318,1.384735107421875,1.245880126953125,0
2240,0.280443,1.401519775390625,1.2384033203125,0
2241,0.280568,1.41998291015625,1.23382568359375,0
2242,0.280694,1.439056396484375,1.2310791015625,0
2243,0.280819,1.45721435546875,1.2286376953125,0
2244,0.280944,1.474151611328125,1.226348876953125,0
2245,0.281069,1.49139404296875,1.225738525390625,0
2246,0.281195,1.510162353515625,1.22802734375,0
2247,0.28132,1.529693603515625,1.232757568359375,0
2248,0.281445,1.5484619140625,1.2384033203125,0
2249,0.28157,1.565704345703125,1.243896484375,0
2250,0.281696,1.58233642578125,1.250457763671875,0
2251,0.281821,1.599884033203125,1.259613037109375,0
2252,0.281946,1.61834716796875,1.271514892578125,0
2253,0.282071,1.636505126953125,1.28448486328125,0
2254,0.282197,1.652679443359375,1.29730224609375,0
2255,0.282322,1.667633056640625,1.310577392578125,0
2256,0.282447,1.6827392578125,1.325531005859375,0
2257,0.282572,1.69891357421875,1.34307861328125,0
2258,0.282698,1.71478271484375,1.36199951171875,0
2259,0.282823,1.728973388671875,1.380767822265625,0
2260,0.282948,1.741180419921875,1.399078369140625,0
2261,0.283073,1.7529296875,1.41815185546875,0
2262,0.283199,1.765289306640625,1.439208984375,0
2263,0.283324,1.7779541015625,1.4617919921875,0
2264,0.283449,1.789093017578125,1.484222412109375,0
2265,0.283574,1.797943115234375,1.505279541015625,0
2266,0.2837,1.805419921875,1.526031494140625,0
2267,0.283825,1.813201904296875,1.54815673828125,0
2268,0.28395,1.82159423828125,1.571502685546875,0
2269,0.284075,1.828765869140625,1.59454345703125,0
2270,0.284201,1.833648681640625,1.61590576171875,0
2271,0.284326,1.8365478515625,1.6357421875,0
2272,0.284451,1.83929443359375,1.656036376953125,0
2273,0.284576,1.842498779296875,1.677093505859375,0
2274,0.284702,1.845245361328125,1.697845458984375,0
2275,0.284827,1.845703125,1.71661376953125,0
2276,0.284952,1.844024658203125,1.733245849609375,0
2277,0.285077,1.841583251953125,1.74896240234375,0
2278,0.285203,1.839447021484375,1.764984130859375,0
2279,0.285328,1.83746337890625,1.780853271484375,0
2280,0.285453,1.83380126953125,1.794586181640625,0
2281,0.285578,1.827545166015625,1.80572509765625,0
2282,0.285704,1.820220947265625,1.81488037109375,0
2283,0.285829,1.812896728515625,1.823883056640625,0
2284,0.285954,1.806182861328125,1.83258056640625,0
2285,0.286079,1.798553466796875,1.839599609375,0
2286,0.286205,1.788482666015625,1.843719482421875,0
2287,0.28633,1.7767333984375,1.845245361328125,0
2288,0.286455,1.764984130859375,1.845855712890625,0
2289,0.28658,1.753997802734375,1.8463134765625,0
2290,0.286706,1.742706298828125,1.845550537109375,0
2291,0.286831,1.729736328125,1.842041015625,0
2292,0.286956,1.71478271484375,1.83563232421875,0
2293,0.287081,1.699371337890625,1.827850341796875,0
2294,0.287207,1.684722900390625,1.819915771484375,0
2295,0.287332,1.67083740234375,1.811370849609375,0
2296,0.287457,1.65557861328125,1.800689697265625,0
2297,0.287582,1.63848876953125,1.787261962890625,0
2298,0.287708,1.62078857421875,1.7718505859375,0
2299,0.287833,1.603851318359375,1.756591796875,0
2300,0.287958,1.58782958984375,1.7413330078125,0
2301,0.288083,1.5716552734375,1.724700927734375,0
2302,0.288209,1.553955078125,1.705780029296875,0
2303,0.288334,1.5350341796875,1.685028076171875,0
2304,0.288459,1.51702880859375,1.66412353515625,0
2305,0.288584,1.500244140625,1.643829345703125,0
2306,0.28871,1.484222412109375,1.62353515625,0
2307,0.288835,1.46697998046875,1.6015625,0
2308,0.28896,1.44866943359375,1.577911376953125,0
2309,0.289085,1.4306640625,1.554107666015625,0
2310,0.289211,1.41448974609375,1.531524658203125,0
2311,0.289336,1.399383544921875,1.509857177734375,0
2312,0.289461,1.384124755859375,1.487579345703125,0
2313,0.289586,1.367645263671875,1.46392822265625,0
2314,0.289712,1.351318359375,1.440277099609375,0
2315,0.289837,1.336517333984375,1.41815185546875,0
2316,0.289962,1.32354736328125,1.397857666015625,0
2317,0.290087,1.311187744140625,1.378021240234375,0
2318,0.290213,1.29791259765625,1.357421875,0
2319,0.290338,1.284332275390625,1.336822509765625,0
2320,0.290463,1.272125244140625,1.317901611328125,0
2321,0.290588,1.262054443359375,1.301422119140625,0
2322,0.290714,1.253204345703125,1.286468505859375,0
2323,0.290839,1.244049072265625,1.271514892578125,0
2324,0.290964,1.23443603515625,1.256561279296875,0
2325,0.291089,1.2255859375,1.24298095703125,0
2326,0.291215,1.21917724609375,1.2322998046875,0
2327,0.29134,1.214447021484375,1.223907470703125,0
2328,0.291465,1.21002197265625,1.216278076171875,0
2329,0.29159,1.204986572265625,1.208648681640625,0
2330,0.291716,1.20025634765625,1.202239990234375,0
2331,0.291841,1.197662353515625,1.19842529296875,0
2332,0.291966,1.197357177734375,1.197509765625,0
2333,0.292091,1.197662353515625,1.1981201171875,0
2334,0.292217,1.197662353515625,1.19873046875,0
2335,0.292342,1.197357177734375,1.199951171875,0
2336,0.292467,1.198883056640625,1.20330810546875,0
2337,0.292592,1.20269775390625,1.209716796875,0
2338,0.292718,1.207733154296875,1.21795654296875,0
2339,0.292843,1.21246337890625,1.22650146484375,0
2340,0.292968,1.216888427734375,1.23504638671875,0
2341,0.293093,1.222076416015625,1.2451171875,0
2342,0.293219,1.22955322265625,1.25762939453125,0
2343,0.293344,1.23870849609375,1.272430419921875,0
2344,0.293469,1.248016357421875,1.287384033203125,0
2345,0.293594,1.256561279296875,1.3018798828125,0
2346,0.29372,1.2652587890625,1.316986083984375,0
2347,0.293845,1.275634765625,1.33392333984375,0
2348,0.29397,1.28814697265625,1.35284423828125,0
2349,0.294095,1.30096435546875,1.372222900390625,0
2350,0.294221,1.313018798828125,1.390533447265625,0
2351,0.294346,1.324462890625,1.40838623046875,0
2352,0.294471,1.337127685546875,1.427154541015625,0
2353,0.294596,1.351776123046875,1.447601318359375,0
2354,0.294722,1.367034912109375,1.468505859375,0
2355,0.294847,1.381683349609375,1.488189697265625,0
2356,0.294972,1.395111083984375,1.506500244140625,0
2357,0.295098,1.40899658203125,1.524505615234375,0
2358,0.295223,1.424407958984375,1.5435791015625,0
2359,0.295348,1.440887451171875,1.5631103515625,0
2360,0.295473,1.4569091796875,1.581268310546875,0
2361,0.295599,1.47125244140625,1.5972900390625,0
2362,0.295724,1.48529052734375,1.612091064453125,0
2363,0.295849,1.500396728515625,1.627197265625,0
2364,0.295974,1.5167236328125,1.642608642578125,0
2365,0.2961,1.532745361328125,1.65679931640625,0
2366,0.296225,1.547088623046875,1.66839599609375,0
2367,0.29635,1.56036376953125,1.678009033203125,0
2368,0.296475,1.573944091796875,1.68701171875,0
2369,0.296601,1.5887451171875,1.6961669921875,0
2370,0.296726,1.603546142578125,1.704559326171875,0
2371,0.296851,1.616668701171875,1.710357666015625,0
2372,0.296976,1.62811279296875,1.713409423828125,0
2373,0.297102,1.639251708984375,1.715087890625,0
2374,0.297227,1.651153564453125,1.7169189453125,0
2375,0.297352,1.663665771484375,1.718292236328125,0
2376,0.297477,1.674652099609375,1.717376708984375,0
2377,0.297603,1.68365478515625,1.713714599609375,0
2378,0.297728,1.691436767578125,1.70806884765625,0
2379,0.297853,1.699676513671875,1.7022705078125,0
2380,0.297978,1.70867919921875,1.69647216796875,0
2381,0.298104,1.716766357421875,1.68914794921875,0
2382,0.298229,1.722564697265625,1.679229736328125,0
2383,0.298354,1.7266845703125,1.66717529296875,0
2384,0.298479,1.730804443359375,1.654815673828125,0
2385,0.298605,1.73553466796875,1.64276123046875,0
2386,0.29873,1.739959716796875,1.6302490234375,0
2387,0.298855,1.74224853515625,1.6156005859375,0
2388,0.29898,1.7425537109375,1.59881591796875,0
2389,0.299106,1.74224853515625,1.581573486328125,0
2390,0.299231,1.742401123046875,1.56524658203125,0
2391,0.299356,1.742706298828125,1.549224853515625,0
2392,0.299481,1.74163818359375,1.532135009765625,0
2393,0.299607,1.738128662109375,1.513214111328125,0
2394,0.299732,1.733551025390625,1.493682861328125,0
2395,0.299857,1.729278564453125,1.4752197265625,0
2396,0.299982,1.7254638671875,1.4581298828125,0
2397,0.300108,1.72088623046875,1.4410400390625,0
2398,0.300233,1.71417236328125,1.422882080078125,0
2399,0.300358,1.705780029296875,1.403961181640625,0
2400,0.300483,1.6973876953125,1.386260986328125,0
2401,0.300609,1.689910888671875,1.370697021484375,0
2402,0.300734,1.682281494140625,1.356048583984375,0
2403,0.300859,1.6729736328125,1.34124755859375,0
2404,0.300984,1.66168212890625,1.325836181640625,0
2405,0.30111,1.65008544921875,1.311492919921875,0
2406,0.301235,1.639404296875,1.299591064453125,0
2407,0.30136,1.629180908203125,1.289825439453125,0
2408,0.301485,1.6180419921875,1.280517578125,0
2409,0.301611,1.60491943359375,1.27105712890625,0
2410,0.301736,1.5911865234375,1.262359619140625,0
2411,0.301861,1.578216552734375,1.256256103515625,0
2412,0.301986,1.56646728515625,1.25274658203125,0
2413,0.302112,1.55426025390625,1.2506103515625,0
2414,0.302237,1.54052734375,1.24847412109375,0
2415,0.302362,1.525726318359375,1.246795654296875,0
2416,0.302487,1.511688232421875,1.247406005859375,0
2417,0.302613,1.499176025390625,1.251068115234375,0
2418,0.302738,1.486968994140625,1.256561279296875,0
2419,0.302863,1.473846435546875,1.262359619140625,0
2420,0.302988,1.459503173828125,1.268310546875,0
2421,0.303114,1.445465087890625,1.275787353515625,0
2422,0.303239,1.43310546875,1.286163330078125,0
2423,0.303364,1.421966552734375,1.298828125,0
2424,0.303489,1.4105224609375,1.312103271484375,0
2425,0.303615,1.397857666015625,1.3250732421875,0
2426,0.30374,1.385040283203125,1.33880615234375,0
2427,0.303865,1.374053955078125,1.354827880859375,0
2428,0.30399,1.364593505859375,1.373138427734375,0
2429,0.304116,1.355743408203125,1.3922119140625,0
2430,0.304241,1.3458251953125,1.410675048828125,0
2431,0.304366,1.335601806640625,1.4288330078125,0
2432,0.304491,1.32659912109375,1.4483642578125,0
2433,0.304617,1.31988525390625,1.47003173828125,0
2434,0.304742,1.3140869140625,1.492462158203125,0
2435,0.304867,1.3079833984375,1.514129638671875,0
2436,0.304992,1.301116943359375,1.534576416015625,0
2437,0.305118,1.295166015625,1.555328369140625,0
2438,0.305243,1.291351318359375,1.57745361328125,0
2439,0.305368,1.289215087890625,1.600341796875,0
2440,0.305493,1.2872314453125,1.622314453125,0
2441,0.305619,1.28448486328125,1.642303466796875,0
2442,0.305744,1.28204345703125,1.661529541015625,0
2443,0.305869,1.281585693359375,1.68121337890625,0
2444,0.305994,1.28326416015625,1.701507568359375,0
2445,0.30612,1.285552978515625,1.720733642578125,0
2446,0.306245,1.287078857421875,1.737823486328125,0
2447,0.30637,1.288604736328125,1.752777099609375,0
2448,0.306495,1.29150390625,1.767425537109375,0
2449,0.30662,1.29669189453125,1.782379150390625,0
2450,0.306746,1.302947998046875,1.796417236328125,0
2451,0.306871,1.30889892578125,1.808013916015625,0
2452,0.306996,1.314239501953125,1.8170166015625,0
2453,0.307121,1.320343017578125,1.824493408203125,0
2454,0.307247,1.32843017578125,1.83197021484375,0
2455,0.307372,1.338348388671875,1.838836669921875,0
2456,0.307497,1.34796142578125,1.843414306640625,0
2457,0.307622,1.3568115234375,1.84478759765625,0
2458,0.307748,1.36566162109375,1.84417724609375,0
2459,0.307873,1.376190185546875,1.843109130859375,0
2460,0.307998,1.3885498046875,1.841583251953125,0
2461,0.308123,1.401214599609375,1.83837890625,0
2462,0.308249,1.412811279296875,1.832122802734375,0
2463,0.308374,1.4239501953125,1.823272705078125,0
2464,0.308499,1.436004638671875,1.813507080078125,0
2465,0.308624,1.449737548828125,1.803741455078125,0
2466,0.30875,1.4642333984375,1.79290771484375,0
2467,0.308875,1.477813720703125,1.77947998046875,0
2468,0.309,1.49017333984375,1.763458251953125,0
2469,0.309125,1.502838134765625,1.7462158203125,0
2470,0.309251,1.516876220703125,1.729278564453125,0
2471,0.309376,1.531829833984375,1.7120361328125,0
2472,0.309501,1.546173095703125,1.693267822265625,0
2473,0.309626,1.558990478515625,1.671905517578125,0
2474,0.309752,1.571044921875,1.649322509765625,0
2475,0.309877,1.584320068359375,1.627044677734375,0
2476,0.310002,1.5985107421875,1.605682373046875,0
2477,0.310127,1.612396240234375,1.58355712890625,0
2478,0.310253,1.62445068359375,1.559600830078125,0
2479,0.310378,1.635284423828125,1.534423828125,0
2480,0.310503,1.646270751953125,1.50970458984375,0
2481,0.310628,1.658477783203125,1.48651123046875,0
2482,0.310754,1.6705322265625,1.46392822265625,0
2483,0.310879,1.681060791015625,1.440277099609375,0
2484,0.311004,1.689605712890625,1.41571044921875,0
2485,0.311129,1.69769287109375,1.391754150390625,0
2486,0.311255,1.706695556640625,1.36962890625,0
2487,0.31138,1.715850830078125,1.34918212890625,0
2488,0.311505,1.723785400390625,1.328887939453125,0
2489,0.31163,1.72943115234375,1.3079833984375,0
2490,0.311756,1.733856201171875,1.28753662109375,0
2491,0.311881,1.7388916015625,1.269378662109375,0
2492,0.312006,1.744232177734375,1.253662109375,0
2493,0.312131,1.748809814453125,1.239166259765625,0
2494,0.312257,1.7510986328125,1.224365234375,0
2495,0.312382,1.751556396484375,1.210174560546875,0
2496,0.312507,1.751861572265625,1.197967529296875,0
2497,0.312632,1.7529296875,1.18896484375,0
2498,0.312758,1.7535400390625,1.181793212890625,0
2499,0.312883,1.752166748046875,1.175079345703125,0
2500,0.313008,1.7486572265625,1.168670654296875,0
2501,0.313133,1.744384765625,1.164093017578125,0
2502,0.313259,1.74072265625,1.162567138671875,0
2503,0.313384,1.737213134765625,1.16363525390625,0
2504,0.313509,1.732177734375,1.165618896484375,0
2505,0.313634,1.724853515625,1.167755126953125,0
2506,0.31376,1.71630859375,1.171112060546875,0
2507,0.313885,1.708221435546875,1.17706298828125,0
2508,0.31401,1.700592041015625,1.186065673828125,0
2509,0.314135,1.69219970703125,1.1962890625,0
2510,0.314261,1.681671142578125,1.206512451171875,0
2511,0.314386,1.669464111328125,1.217193603515625,0
2512,0.314511,1.65740966796875,1.230010986328125,0
2513,0.314636,1.6461181640625,1.24542236328125,0
2514,0.314762,1.63482666015625,1.262359619140625,0
2515,0.314887,1.621856689453125,1.279296875,0
2516,0.315012,1.6070556640625,1.2957763671875,0
2517,0.315137,1.591949462890625,1.313323974609375,0
2518,0.315263,1.5777587890625,1.333160400390625,0
2519,0.315388,1.5643310546875,1.3543701171875,0
2520,0.315513,1.549835205078125,1.375579833984375,0
2521,0.315638,1.53350830078125,1.395721435546875,0
2522,0.315764,1.516571044921875,1.41571044921875,0
2523,0.315889,1.50054931640625,1.43707275390625,0
2524,0.316014,1.48590087890625,1.459808349609375,0
2525,0.316139,1.470794677734375,1.48223876953125,0
2526,0.316265,1.4544677734375,1.5032958984375,0
2527,0.31639,1.43707275390625,1.522979736328125,0
2528,0.316515,1.420440673828125,1.54296875,0
2529,0.31664,1.405487060546875,1.56402587890625,0
2530,0.316766,1.391143798828125,1.584930419921875,0
2531,0.316891,1.375885009765625,1.60400390625,0
2532,0.317016,1.35955810546875,1.62078857421875,0
2533,0.317141,1.34368896484375,1.636962890625,0
2534,0.317267,1.32965087890625,1.6534423828125,0
2535,0.317392,1.31683349609375,1.669921875,0
2536,0.317517,1.303863525390625,1.684417724609375,0
2537,0.317642,1.28997802734375,1.696319580078125,0
2538,0.317768,1.2762451171875,1.706390380859375,0
2539,0.317893,1.264190673828125,1.71630859375,0
2540,0.318018,1.25396728515625,1.72607421875,0
2541,0.318143,1.2445068359375,1.73431396484375,0
2542,0.318269,1.234130859375,1.739654541015625,0
2543,0.318394,1.223602294921875,1.7425537109375,0
2544,0.318519,1.214599609375,1.744537353515625,0
2545,0.318644,1.207733154296875,1.74652099609375,0
2546,0.31877,1.202239990234375,1.7474365234375,0
2547,0.318895,1.196441650390625,1.745758056640625,0
2548,0.31902,1.190185546875,1.741180419921875,0
2549,0.319145,1.18499755859375,1.7352294921875,0
2550,0.319271,1.1822509765625,1.729278564453125,0
2551,0.319396,1.181182861328125,1.722869873046875,0
2552,0.319521,1.180419921875,1.7144775390625,0
2553,0.319646,1.17919921875,1.703338623046875,0
2554,0.319772,1.178436279296875,1.69036865234375,0
2555,0.319897,1.179656982421875,1.67755126953125,0
2556,0.320022,1.183319091796875,1.6650390625,0
2557,0.320147,1.187744140625,1.65130615234375,0
2558,0.320273,1.19171142578125,1.6351318359375,0
2559,0.320398,1.1956787109375,1.617279052734375,0
2560,0.320523,1.201171875,1.59942626953125,0
2561,0.320648,1.2091064453125,1.582489013671875,0
2562,0.320774,1.218414306640625,1.5655517578125,0
2563,0.320899,1.2274169921875,1.547088623046875,0
2564,0.321024,1.2359619140625,1.526947021484375,0
2565,0.321149,1.24542236328125,1.506805419921875,0
2566,0.321275,1.257171630859375,1.488037109375,0
2567,0.3214,1.270599365234375,1.4703369140625,0
2568,0.321525,1.2841796875,1.4520263671875,0
2569,0.32165,1.296844482421875,1.432647705078125,0
2570,0.321776,1.309814453125,1.413116455078125,0
2571,0.321901,1.324462890625,1.395416259765625,0
2572,0.322026,1.341094970703125,1.379547119140625,0
2573,0.322151,1.3580322265625,1.364288330078125,0
2574,0.322277,1.37420654296875,1.348419189453125,0
2575,0.322402,1.3897705078125,1.332550048828125,0
2576,0.322527,1.406402587890625,1.318511962890625,0
2577,0.322652,1.42486572265625,1.306915283203125,0
2578,0.322778,1.444091796875,1.2969970703125,0
2579,0.322903,1.46240234375,1.287078857421875,0
2580,0.323028,1.479644775390625,1.277313232421875,0
2581,0.323153,1.4971923828125,1.2689208984375,0
2582,0.323279,1.51611328125,1.263427734375,0
2583,0.323404,1.536102294921875,1.2603759765625,0
2584,0.323529,1.555328369140625,1.258087158203125,0
2585,0.323654,1.573028564453125,1.25579833984375,0
2586,0.32378,1.59027099609375,1.25457763671875,0
2587,0.323905,1.6082763671875,1.256103515625,0
2588,0.32403,1.62750244140625,1.260528564453125,0
2589,0.324155,1.6461181640625,1.266326904296875,0
2590,0.324281,1.6632080078125,1.272125244140625,0
2591,0.324406,1.67877197265625,1.278533935546875,0
2592,0.324531,1.69464111328125,1.287078857421875,0
2593,0.324656,1.71142578125,1.29852294921875,0
2594,0.324782,1.72821044921875,1.311798095703125,0
2595,0.324907,1.7431640625,1.3250732421875,0
2596,0.325032,1.756134033203125,1.338348388671875,0
2597,0.325157,1.768646240234375,1.35284423828125,0
2598,0.325283,1.781768798828125,1.36993408203125,0
2599,0.325408,1.795196533203125,1.389007568359375,0
2600,0.325533,1.807098388671875,1.4080810546875,0
2601,0.325658,1.816558837890625,1.426544189453125,0
2602,0.325784,1.824798583984375,1.4453125,0
2603,0.325909,1.833343505859375,1.46575927734375,0
2604,0.326034,1.84234619140625,1.488037109375,0
2605,0.326159,1.850128173828125,1.510467529296875,0
2606,0.326285,1.85546875,1.53167724609375,0
2607,0.32641,1.858978271484375,1.5521240234375,0
2608,0.326535,1.862030029296875,1.573333740234375,0
2609,0.32666,1.865692138671875,1.59576416015625,0
2610,0.326786,1.868743896484375,1.618499755859375,0
2611,0.326911,1.869659423828125,1.63970947265625,0
2612,0.327036,1.868133544921875,1.659088134765625,0
2613,0.327161,1.865692138671875,1.678009033203125,0
2614,0.327287,1.86370849609375,1.69769287109375,0
2615,0.327412,1.861572265625,1.717376708984375,0
2616,0.327537,1.857757568359375,1.73553466796875,0
2617,0.327662,1.851348876953125,1.751251220703125,0
2618,0.327788,1.84356689453125,1.765289306640625,0
2619,0.327913,1.8359375,1.779327392578125,0
2620,0.328038,1.828765869140625,1.793365478515625,0
2621,0.328163,1.82037353515625,1.8060302734375,0
2622,0.328289,1.8096923828125,1.815643310546875,0
2623,0.328414,1.79718017578125,1.82281494140625,0
2624,0.328539,1.784515380859375,1.8292236328125,0
2625,0.328664,1.7724609375,1.835479736328125,0
2626,0.32879,1.76025390625,1.84051513671875,0
2627,0.328915,1.74591064453125,1.8426513671875,0
2628,0.32904,1.729736328125,1.841888427734375,0
2629,0.329166,1.712799072265625,1.839599609375,0
2630,0.329291,1.696929931640625,1.83685302734375,0
2631,0.329417,1.681365966796875,1.83349609375,0
2632,0.329542,1.6644287109375,1.82769775390625,0
2633,0.329667,1.645660400390625,1.818695068359375,0
2634,0.329792,1.6259765625,1.807708740234375,0
2635,0.329918,1.607208251953125,1.7962646484375,0
2636,0.330043,1.58935546875,1.78466796875,0
2637,0.330168,1.571044921875,1.771392822265625,0
2638,0.330293,1.55120849609375,1.755218505859375,0
2639,0.330421,1.530303955078125,1.73675537109375,0
2640,0.330544,1.509857177734375,1.71783447265625,0
2641,0.33067,1.490936279296875,1.69921875,0
2642,0.330795,1.47247314453125,1.679840087890625,0
2643,0.33092,1.45294189453125,1.658477783203125,0
2644,0.331045,1.43218994140625,1.63482666015625,0
2645,0.331171,1.411895751953125,1.610565185546875,0
2646,0.331296,1.393280029296875,1.58721923828125,0
2647,0.331421,1.375732421875,1.564178466796875,0
2648,0.331546,1.3580322265625,1.540069580078125,0
2649,0.331672,1.339111328125,1.514129638671875,0
2650,0.331797,1.320343017578125,1.48773193359375,0
2651,0.331922,1.3031005859375,1.46240234375,0
2652,0.332047,1.287841796875,1.438446044921875,0
2653,0.332173,1.273040771484375,1.414642333984375,0
2654,0.332298,1.257476806640625,1.389617919921875,0
2655,0.332423,1.24176025390625,1.364288330078125,0
2656,0.332548,1.2274169921875,1.340179443359375,0
2657,0.332674,1.2152099609375,1.318359375,0
2658,0.332799,1.204376220703125,1.297760009765625,0
2659,0.332924,1.1932373046875,1.27685546875,0
2660,0.333049,1.181640625,1.25579833984375,0
2661,0.333175,1.171112060546875,1.2359619140625,0
2662,0.3333,1.16302490234375,1.2188720703125,0
2663,0.333425,1.156768798828125,1.204071044921875,0
2664,0.33355,1.15081787109375,1.18988037109375,0
2665,0.333676,1.1444091796875,1.17584228515625,0
2666,0.333801,1.13861083984375,1.162872314453125,0
2667,0.333926,1.13494873046875,1.152496337890625,0
2668,0.334051,1.133575439453125,1.14532470703125,0
2669,0.334177,1.133270263671875,1.139678955078125,0
2670,0.334302,1.13250732421875,1.134185791015625,0
2671,0.334427,1.13189697265625,1.129608154296875,0
2672,0.334552,1.132965087890625,1.127471923828125,0
2673,0.334678,1.136474609375,1.128692626953125,0
2674,0.334803,1.14166259765625,1.132049560546875,0
2675,0.334928,1.14654541015625,1.136016845703125,0
2676,0.335053,1.151275634765625,1.14044189453125,0
2677,0.335179,1.15692138671875,1.14654541015625,0
2678,0.335304,1.1651611328125,1.156005859375,0
2679,0.335429,1.17523193359375,1.167755126953125,0
2680,0.335554,1.185455322265625,1.180572509765625,0
2681,0.33568,1.195068359375,1.1932373046875,0
2682,0.335805,1.20513916015625,1.20697021484375,0
2683,0.33593,1.217193603515625,1.22314453125,0
2684,0.336055,1.231231689453125,1.241912841796875,0
2685,0.336181,1.24603271484375,1.261749267578125,0
2686,0.336306,1.259918212890625,1.2811279296875,0
2687,0.336431,1.273651123046875,1.300506591796875,0
2688,0.336556,1.288604736328125,1.3214111328125,0
2689,0.336682,1.305694580078125,1.344451904296875,0
2690,0.336807,1.323699951171875,1.368560791015625,0
2691,0.336932,1.3409423828125,1.392059326171875,0
2692,0.337057,1.357269287109375,1.41448974609375,0
2693,0.337183,1.37420654296875,1.4373779296875,0
2694,0.337308,1.392822265625,1.4617919921875,0
2695,0.337433,1.41265869140625,1.48712158203125,0
2696,0.337558,1.431884765625,1.51153564453125,0
2697,0.337686,1.449737548828125,1.534271240234375,0
2698,0.337809,1.46728515625,1.55609130859375,0
2699,0.337934,1.486053466796875,1.578521728515625,0
2700,0.33806,1.50604248046875,1.601715087890625,0
2701,0.338185,1.52587890625,1.623992919921875,0
2702,0.33831,1.544189453125,1.64398193359375,0
2703,0.338435,1.561126708984375,1.6619873046875,0
2704,0.338561,1.57867431640625,1.6796875,0
2705,0.338686,1.5972900390625,1.69769287109375,0
2706,0.338811,1.616058349609375,1.714935302734375,0
2707,0.338936,1.63330078125,1.729583740234375,0
2708,0.339062,1.648712158203125,1.74163818359375,0
2709,0.339187,1.663665771484375,1.752166748046875,0
2710,0.339312,1.6796875,1.762847900390625,0
2711,0.339437,1.69586181640625,1.77276611328125,0
2712,0.339563,1.7108154296875,1.7803955078125,0
2713,0.339688,1.723480224609375,1.78497314453125,0
2714,0.339813,1.735076904296875,1.78741455078125,0
2715,0.339938,1.746978759765625,1.78924560546875,0
2716,0.340064,1.75933837890625,1.790924072265625,0
2717,0.340189,1.77093505859375,1.790618896484375,0
2718,0.340314,1.78009033203125,1.787261962890625,0
2719,0.340439,1.78741455078125,1.78131103515625,0
2720,0.340565,1.794586181640625,1.77459716796875,0
2721,0.34069,1.8023681640625,1.767730712890625,0
2722,0.340815,1.809539794921875,1.759796142578125,0
2723,0.34094,1.8145751953125,1.749267578125,0
2724,0.341066,1.81732177734375,1.73614501953125,0
2725,0.341191,1.819305419921875,1.7218017578125,0
2726,0.341316,1.82159423828125,1.707611083984375,0
2727,0.341441,1.82403564453125,1.693267822265625,0
2728,0.341567,1.82464599609375,1.67724609375,0
2729,0.341692,1.82281494140625,1.658782958984375,0
2730,0.341817,1.819610595703125,1.63909912109375,0
2731,0.341942,1.81640625,1.619873046875,0
2732,0.342068,1.813812255859375,1.60125732421875,0
2733,0.342193,1.80999755859375,1.58203125,0
2734,0.342318,1.803741455078125,1.561126708984375,0
2735,0.342443,1.795806884765625,1.53900146484375,0
2736,0.342569,1.787567138671875,1.517333984375,0
2737,0.342694,1.78009033203125,1.497344970703125,0
2738,0.342819,1.772003173828125,1.477813720703125,0
2739,0.342944,1.7620849609375,1.457366943359375,0
2740,0.34307,1.75018310546875,1.436004638671875,0
2741,0.343195,1.7376708984375,1.415252685546875,0
2742,0.34332,1.72576904296875,1.396636962890625,0
2743,0.343445,1.714324951171875,1.379547119140625,0
2744,0.343571,1.701507568359375,1.36260986328125,0
2745,0.343696,1.686553955078125,1.34521484375,0
2746,0.343821,1.67083740234375,1.328277587890625,0
2747,0.343946,1.65557861328125,1.31378173828125,0
2748,0.344072,1.641387939453125,1.301727294921875,0
2749,0.344197,1.626739501953125,1.2908935546875,0
2750,0.344322,1.610260009765625,1.2799072265625,0
2751,0.344447,1.592559814453125,1.269378662109375,0
2752,0.344573,1.5753173828125,1.261138916015625,0
2753,0.344698,1.5594482421875,1.25579833984375,0
2754,0.344823,1.54388427734375,1.252593994140625,0
2755,0.344948,1.527252197265625,1.24969482421875,0
2756,0.345074,1.509246826171875,1.24725341796875,0
2757,0.345199,1.49139404296875,1.246490478515625,0
2758,0.345324,1.475067138671875,1.248779296875,0
2759,0.345449,1.459808349609375,1.253814697265625,0
2760,0.345575,1.444244384765625,1.259613037109375,0
2761,0.3457,1.42730712890625,1.26556396484375,0
2762,0.345825,1.410369873046875,1.2725830078125,0
2763,0.34595,1.394805908203125,1.2823486328125,0
2764,0.346076,1.381072998046875,1.294708251953125,0
2765,0.346201,1.3677978515625,1.30859375,0
2766,0.346326,1.35345458984375,1.322174072265625,0
2767,0.346451,1.338653564453125,1.336212158203125,0
2768,0.346577,1.325225830078125,1.3519287109375,0
2769,0.346702,1.313934326171875,1.370391845703125,0
2770,0.346827,1.3037109375,1.390228271484375,0
2771,0.346952,1.293182373046875,1.409759521484375,0
2772,0.347078,1.281890869140625,1.4288330078125,0
2773,0.347203,1.271514892578125,1.44866943359375,0
2774,0.347328,1.263580322265625,1.470489501953125,0
2775,0.347453,1.257171630859375,1.493682861328125,0
2776,0.347579,1.251068115234375,1.51641845703125,0
2777,0.347704,1.244354248046875,1.537933349609375,0
2778,0.347829,1.237945556640625,1.558990478515625,0
2779,0.347954,1.233673095703125,1.58111572265625,0
2780,0.34808,1.231689453125,1.604461669921875,0
2781,0.348205,1.23046875,1.627197265625,0
2782,0.34833,1.2286376953125,1.64825439453125,0
2783,0.348455,1.226959228515625,1.667633056640625,0
2784,0.348581,1.226806640625,1.68701171875,0
2785,0.348706,1.229095458984375,1.707000732421875,0
2786,0.348831,1.23260498046875,1.726531982421875,0
2787,0.348956,1.2359619140625,1.743927001953125,0
2788,0.349082,1.239013671875,1.758880615234375,0
2789,0.349207,1.24298095703125,1.77276611328125,0
2790,0.349332,1.249237060546875,1.786651611328125,0
2791,0.349457,1.257171630859375,1.800079345703125,0
2792,0.349583,1.265411376953125,1.811370849609375,0
2793,0.349708,1.27288818359375,1.819610595703125,0
2794,0.349833,1.280670166015625,1.825714111328125,0
2795,0.349958,1.290283203125,1.83135986328125,0
2796,0.350084,1.302032470703125,1.8365478515625,0
2797,0.350209,1.314239501953125,1.83990478515625,0
2798,0.350334,1.325531005859375,1.840057373046875,0
2799,0.350459,1.336669921875,1.83746337890625,0
2800,0.350585,1.348876953125,1.83380126953125,0
2801,0.35071,1.363067626953125,1.829833984375,0
2802,0.350835,1.378326416015625,1.824493408203125,0
2803,0.35096,1.392669677734375,1.816253662109375,0
2804,0.351086,1.406097412109375,1.804962158203125,0
2805,0.351211,1.41998291015625,1.792144775390625,0
2806,0.351336,1.435546875,1.7791748046875,0
2807,0.351461,1.452178955078125,1.765594482421875,0
2808,0.351587,1.468353271484375,1.749725341796875,0
2809,0.351712,1.483154296875,1.73095703125,0
2810,0.351837,1.49749755859375,1.71051025390625,0
2811,0.351962,1.5130615234375,1.689910888671875,0
2812,0.352088,1.52984619140625,1.66961669921875,0
2813,0.352213,1.54632568359375,1.648101806640625,0
2814,0.352338,1.561279296875,1.6241455078125,0
2815,0.352463,1.57501220703125,1.5985107421875,0
2816,0.352589,1.589202880859375,1.5728759765625,0
2817,0.352714,1.6046142578125,1.54815673828125,0
2818,0.352839,1.620025634765625,1.5234375,0
2819,0.352964,1.6339111328125,1.497344970703125,0
2820,0.35309,1.645965576171875,1.4697265625,0
2821,0.353215,1.65771484375,1.442108154296875,0
2822,0.35334,1.670379638671875,1.416168212890625,0
2823,0.353465,1.683349609375,1.391448974609375,0
2824,0.353591,1.6949462890625,1.366424560546875,0
2825,0.353716,1.70440673828125,1.34033203125,0
2826,0.353841,1.712799072265625,1.31439208984375,0
2827,0.353966,1.72149658203125,1.29058837890625,0
2828,0.354092,1.730804443359375,1.2689208984375,0
2829,0.354217,1.73919677734375,1.248016357421875,0
2830,0.354342,1.74530029296875,1.226959228515625,0
2831,0.354467,1.74957275390625,1.2060546875,0
2832,0.354593,1.753692626953125,1.187286376953125,0
2833,0.354718,1.7584228515625,1.171417236328125,0
2834,0.354843,1.7626953125,1.15753173828125,0
2835,0.354968,1.764984130859375,1.143951416015625,0
2836,0.355094,1.764984130859375,1.130828857421875,0
2837,0.355219,1.764068603515625,1.11968994140625,0
2838,0.355344,1.763763427734375,1.111602783203125,0
2839,0.355469,1.763458251953125,1.106414794921875,0
2840,0.355595,1.761627197265625,1.102447509765625,0
2841,0.35572,1.7572021484375,1.098785400390625,0
2842,0.355845,1.751556396484375,1.096649169921875,0
2843,0.35597,1.746063232421875,1.097564697265625,0
2844,0.356096,1.741180419921875,1.1016845703125,0
2845,0.356221,1.735076904296875,1.107635498046875,0
2846,0.356346,1.726837158203125,1.1138916015625,0
2847,0.356471,1.716766357421875,1.1212158203125,0
2848,0.356597,1.706695556640625,1.1309814453125,0
2849,0.356722,1.697235107421875,1.143951416015625,0
2850,0.356847,1.6876220703125,1.1590576171875,0
2851,0.356972,1.676025390625,1.17462158203125,0
2852,0.357098,1.662445068359375,1.190338134765625,0
2853,0.357223,1.648406982421875,1.207733154296875,0
2854,0.357348,1.635284423828125,1.227874755859375,0
2855,0.357473,1.622467041015625,1.250152587890625,0
2856,0.357599,1.60858154296875,1.27288818359375,0
2857,0.357724,1.59271240234375,1.295166015625,0
2858,0.357849,1.575927734375,1.31805419921875,0
2859,0.357974,1.56005859375,1.3427734375,0
2860,0.3581,1.54510498046875,1.36932373046875,0
2861,0.358225,1.52984619140625,1.396484375,0
2862,0.35835,1.512908935546875,1.42242431640625,0
2863,0.358475,1.494903564453125,1.44775390625,0
2864,0.358601,1.477508544921875,1.473846435546875,0
2865,0.358726,1.461639404296875,1.501312255859375,0
2866,0.358851,1.44622802734375,1.52923583984375,0
2867,0.358976,1.42974853515625,1.555633544921875,0
2868,0.359102,1.41204833984375,1.5802001953125,0
2869,0.359227,1.3946533203125,1.60430908203125,0
2870,0.359352,1.378936767578125,1.62933349609375,0
2871,0.359477,1.36444091796875,1.65435791015625,0
2872,0.359603,1.349639892578125,1.677703857421875,0
2873,0.359728,1.333770751953125,1.698455810546875,0
2874,0.359853,1.317901611328125,1.717681884765625,0
2875,0.359978,1.3037109375,1.736907958984375,0
2876,0.360104,1.29150390625,1.7559814453125,0
2877,0.360229,1.27960205078125,1.77337646484375,0
2878,0.360354,1.266937255859375,1.787872314453125,0
2879,0.360479,1.254119873046875,1.799774169921875,0
2880,0.360605,1.242523193359375,1.810760498046875,0
2881,0.36073,1.233367919921875,1.821441650390625,0
2882,0.360855,1.225433349609375,1.83074951171875,0
2883,0.36098,1.217193603515625,1.837158203125,0
2884,0.361106,1.208343505859375,1.84051513671875,0
2885,0.361231,1.200714111328125,1.842041015625,0
2886,0.361356,1.19537353515625,1.843109130859375,0
2887,0.361481,1.191864013671875,1.84326171875,0
2888,0.361607,1.18865966796875,1.840972900390625,0
2889,0.361732,1.18499755859375,1.8353271484375,0
2890,0.361857,1.18194580078125,1.827545166015625,0
2891,0.361982,1.1810302734375,1.81915283203125,0
2892,0.362108,1.182403564453125,1.810455322265625,0
2893,0.362233,1.184539794921875,1.7999267578125,0
2894,0.362358,1.1865234375,1.786346435546875,0
2895,0.362483,1.1883544921875,1.770477294921875,0
2896,0.362609,1.1920166015625,1.75384521484375,0
2897,0.362734,1.1981201171875,1.737518310546875,0
2898,0.362859,1.20574951171875,1.720428466796875,0
2899,0.362984,1.21307373046875,1.7010498046875,0
2900,0.36311,1.2200927734375,1.67938232421875,0
2901,0.363235,1.22833251953125,1.6571044921875,0
2902,0.36336,1.23870849609375,1.635589599609375,0
2903,0.363485,1.251068115234375,1.6143798828125,0
2904,0.363611,1.263580322265625,1.591949462890625,0
2905,0.363736,1.27532958984375,1.56768798828125,0
2906,0.363861,1.28753662109375,1.54296875,0
2907,0.363986,1.30157470703125,1.5191650390625,0
2908,0.364112,1.317596435546875,1.49688720703125,0
2909,0.364237,1.334228515625,1.474609375,0
2910,0.364362,1.35009765625,1.451263427734375,0
2911,0.364487,1.365509033203125,1.427459716796875,0
2912,0.364613,1.382293701171875,1.405029296875,0
2913,0.364738,1.400909423828125,1.384735107421875,0
2914,0.364863,1.420440673828125,1.365814208984375,0
2915,0.364988,1.439056396484375,1.346588134765625,0
2916,0.365114,1.456756591796875,1.32720947265625,0
2917,0.365239,1.47491455078125,1.3092041015625,0
2918,0.365364,1.494598388671875,1.293792724609375,0
2919,0.365489,1.5155029296875,1.28082275390625,0
2920,0.365615,1.53564453125,1.268463134765625,0
2921,0.36574,1.554412841796875,1.256256103515625,0
2922,0.365865,1.572723388671875,1.2451171875,0
2923,0.36599,1.591949462890625,1.23687744140625,0
2924,0.366116,1.612548828125,1.231536865234375,0
2925,0.366241,1.632537841796875,1.227874755859375,0
2926,0.366366,1.6510009765625,1.224517822265625,0
2927,0.366491,1.6680908203125,1.221923828125,0
2928,0.366617,1.68548583984375,1.221771240234375,0
2929,0.366742,1.703948974609375,1.2249755859375,0
2930,0.366867,1.722259521484375,1.23046875,0
2931,0.366992,1.7388916015625,1.236419677734375,0
2932,0.367118,1.753692626953125,1.242828369140625,0
2933,0.367243,1.76788330078125,1.25091552734375,0
2934,0.367368,1.782684326171875,1.26220703125,0
2935,0.367493,1.79779052734375,1.27593994140625,0
2936,0.367619,1.811370849609375,1.290435791015625,0
2937,0.367744,1.822509765625,1.304931640625,0
2938,0.367869,1.832427978515625,1.3201904296875,0
2939,0.367994,1.8426513671875,1.337890625,0
2940,0.36812,1.85302734375,1.3580322265625,0
2941,0.368245,1.862335205078125,1.37908935546875,0
2942,0.36837,1.86920166015625,1.3995361328125,0
2943,0.368495,1.87408447265625,1.419830322265625,0
2944,0.368621,1.878509521484375,1.44134521484375,0
2945,0.368746,1.883392333984375,1.464996337890625,0
2946,0.368871,1.887664794921875,1.48956298828125,0
2947,0.368996,1.889495849609375,1.513214111328125,0
2948,0.369122,1.888885498046875,1.535491943359375,0
2949,0.369247,1.887359619140625,1.558074951171875,0
2950,0.369372,1.886138916015625,1.581878662109375,0
2951,0.369497,1.884613037109375,1.606292724609375,0
2952,0.369623,1.881256103515625,1.629638671875,0
2953,0.369748,1.87530517578125,1.6510009765625,0
2954,0.369873,1.867828369140625,1.671142578125,0
2955,0.369998,1.8603515625,1.69158935546875,0
2956,0.370124,1.853179931640625,1.712493896484375,0
2957,0.370249,1.844635009765625,1.732177734375,0
2958,0.370374,1.83380126953125,1.749267578125,0
2959,0.370499,1.820831298828125,1.76422119140625,0
2960,0.370625,1.807708740234375,1.778411865234375,0
2961,0.37075,1.7950439453125,1.7926025390625,0
2962,0.370875,1.78192138671875,1.805572509765625,0
2963,0.371,1.76666259765625,1.815948486328125,0
2964,0.371126,1.749420166015625,1.823272705078125,0
2965,0.371251,1.731414794921875,1.82891845703125,0
2966,0.371376,1.714019775390625,1.8341064453125,0
2967,0.371501,1.69708251953125,1.838531494140625,0
2968,0.371627,1.678619384765625,1.840362548828125,0
2969,0.371752,1.658172607421875,1.838836669921875,0
2970,0.371877,1.636810302734375,1.834869384765625,0
2971,0.372002,1.616058349609375,1.830291748046875,0
2972,0.372128,1.596221923828125,1.824951171875,0
2973,0.372253,1.575927734375,1.817779541015625,0
2974,0.372378,1.553802490234375,1.8072509765625,0
2975,0.372503,1.530609130859375,1.79412841796875,0
2976,0.372629,1.50787353515625,1.77978515625,0
2977,0.372754,1.48651123046875,1.765289306640625,0
2978,0.372879,1.465606689453125,1.749725341796875,0
2979,0.373004,1.443634033203125,1.731414794921875,0
2980,0.37313,1.4202880859375,1.710357666015625,0
2981,0.373255,1.39739990234375,1.688232421875,0
2982,0.37338,1.37603759765625,1.666259765625,0
2983,0.373505,1.356048583984375,1.64398193359375,0
2984,0.373631,1.335601806640625,1.62017822265625,0
2985,0.373756,1.314239501953125,1.59393310546875,0
2986,0.373881,1.292724609375,1.56646728515625,0
2987,0.374006,1.273040771484375,1.53961181640625,0
2988,0.374132,1.25518798828125,1.513671875,0
2989,0.374257,1.23779296875,1.48712158203125,0
2990,0.374382,1.21978759765625,1.45904541015625,0
2991,0.374507,1.201629638671875,1.4300537109375,0
2992,0.374633,1.184844970703125,1.401824951171875,0
2993,0.374758,1.170501708984375,1.375274658203125,0
2994,0.374883,1.15753173828125,1.349639892578125,0
2995,0.375008,1.144256591796875,1.323394775390625,0
2996,0.375134,1.130828857421875,1.29638671875,0
2997,0.375259,1.11846923828125,1.27044677734375,0
2998,0.375384,1.108551025390625,1.2469482421875,0
2999,0.375509,1.10076904296875,1.225433349609375,0
3000,0.375635,1.093292236328125,1.204376220703125,0
3001,0.37576,1.085662841796875,1.18316650390625,0
3002,0.375885,1.078643798828125,1.16302490234375,0
3003,0.37601,1.07391357421875,1.145477294921875,0
3004,0.376136,1.071929931640625,1.1309814453125,0
3005,0.376261,1.07086181640625,1.118011474609375,0
3006,0.376386,1.06964111328125,1.105499267578125,0
3007,0.376511,1.068572998046875,1.09375,0
3008,0.376637,1.06964111328125,1.084747314453125,0
3009,0.376762,1.07330322265625,1.079254150390625,0
3010,0.376887,1.078643798828125,1.0760498046875,0
3011,0.377012,1.083984375,1.07391357421875,0
3012,0.377138,1.089324951171875,1.0723876953125,0
3013,0.377263,1.09588623046875,1.073150634765625,0
3014,0.377388,1.10504150390625,1.077423095703125,0
3015,0.377513,1.1163330078125,1.0845947265625,0
3016,0.377639,1.128082275390625,1.0931396484375,0
3017,0.377764,1.13922119140625,1.102294921875,0
3018,0.377889,1.151123046875,1.112823486328125,0
3019,0.378014,1.1651611328125,1.12640380859375,0
3020,0.37814,1.181488037109375,1.1431884765625,0
3021,0.378265,1.198577880859375,1.1614990234375,0
3022,0.37839,1.215057373046875,1.18011474609375,0
3023,0.378515,1.23138427734375,1.199188232421875,0
3024,0.378641,1.249237060546875,1.220550537109375,0
3025,0.378766,1.26922607421875,1.24481201171875,0
3026,0.378891,1.290435791015625,1.270599365234375,0
3027,0.379016,1.31103515625,1.29638671875,0
3028,0.379142,1.33087158203125,1.321868896484375,0
3029,0.379267,1.351318359375,1.3482666015625,0
3030,0.379392,1.37359619140625,1.376800537109375,0
3031,0.379517,1.397247314453125,1.4068603515625,0
3032,0.379643,1.420440673828125,1.436614990234375,0
3033,0.379768,1.442413330078125,1.46514892578125,0
3034,0.379893,1.46392822265625,1.493377685546875,0
3035,0.380018,1.48681640625,1.522674560546875,0
3036,0.380144,1.511077880859375,1.55303955078125,0
3037,0.380269,1.535186767578125,1.583099365234375,0
3038,0.380394,1.5576171875,1.61102294921875,0
3039,0.380519,1.5789794921875,1.6375732421875,0
3040,0.380645,1.600799560546875,1.663970947265625,0
3041,0.38077,1.62384033203125,1.690826416015625,0
3042,0.380895,1.646881103515625,1.71722412109375,0
3043,0.38102,1.668243408203125,1.741180419921875,0
3044,0.381146,1.68792724609375,1.762542724609375,0
3045,0.381271,1.7071533203125,1.782684326171875,0
3046,0.381396,1.727142333984375,1.802825927734375,0
3047,0.381521,1.7474365234375,1.82220458984375,0
3048,0.381647,1.766357421875,1.839141845703125,0
3049,0.381772,1.7828369140625,1.852874755859375,0
3050,0.381897,1.798095703125,1.86431884765625,0
3051,0.382022,1.81365966796875,1.875,0
3052,0.382148,1.829681396484375,1.88507080078125,0
3053,0.382273,1.844482421875,1.892852783203125,0
3054,0.382398,1.856842041015625,1.89727783203125,0
3055,0.382523,1.867218017578125,1.898651123046875,0
3056,0.382649,1.87713623046875,1.8988037109375,0
3057,0.382774,1.88751220703125,1.898193359375,0
3058,0.382899,1.897125244140625,1.896209716796875,0
3059,0.383024,1.904449462890625,1.890869140625,0
3060,0.38315,1.909332275390625,1.88232421875,0
3061,0.383275,1.912994384765625,1.8719482421875,0
3062,0.3834,1.916961669921875,1.861114501953125,0
3063,0.383525,1.920623779296875,1.849517822265625,0
3064,0.383651,1.922454833984375,1.8353271484375,0
3065,0.383776,1.921539306640625,1.8182373046875,0
3066,0.383901,1.918792724609375,1.79901123046875,0
3067,0.384026,1.91619873046875,1.77947998046875,0
3068,0.384152,1.913604736328125,1.75994873046875,0
3069,0.384277,1.909637451171875,1.739044189453125,0
3070,0.384402,1.903076171875,1.7156982421875,0
3071,0.384527,1.894378662109375,1.69036865234375,0
3072,0.384653,1.885223388671875,1.6650390625,0
3073,0.384778,1.87652587890625,1.64031982421875,0
3074,0.384903,1.867218017578125,1.6156005859375,0
3075,0.385028,1.855621337890625,1.58935546875,0
3076,0.385154,1.841583251953125,1.56158447265625,0
3077,0.385279,1.826934814453125,1.533660888671875,0
3078,0.385404,1.812591552734375,1.507415771484375,0
3079,0.385529,1.79840087890625,1.48223876953125,0
3080,0.385655,1.782684326171875,1.45660400390625,0
3081,0.38578,1.76483154296875,1.4300537109375,0
3082,0.385905,1.74560546875,1.40380859375,0
3083,0.38603,1.72698974609375,1.379241943359375,0
3084,0.386156,1.708984375,1.35711669921875,0
3085,0.386281,1.690216064453125,1.33575439453125,0
3086,0.386406,1.66961669921875,1.3140869140625,0
3087,0.386531,1.64764404296875,1.292877197265625,0
3088,0.386657,1.6259765625,1.273651123046875,0
3089,0.386782,1.60552978515625,1.25732421875,0
3090,0.386907,1.585235595703125,1.243133544921875,0
3091,0.387032,1.563568115234375,1.229400634765625,0
3092,0.387158,1.54052734375,1.21612548828125,0
3093,0.387283,1.51763916015625,1.204681396484375,0
3094,0.387408,1.496124267578125,1.19659423828125,0
3095,0.387533,1.475677490234375,1.191253662109375,0
3096,0.387659,1.454620361328125,1.1871337890625,0
3097,0.387784,1.432342529296875,1.183624267578125,0
3098,0.387909,1.409912109375,1.181488037109375,0
3099,0.388034,1.389007568359375,1.18255615234375,0
3100,0.38816,1.369781494140625,1.18682861328125,0
3101,0.388285,1.35101318359375,1.19293212890625,0
3102,0.38841,1.3311767578125,1.199493408203125,0
3103,0.388535,1.31103515625,1.20697021484375,0
3104,0.388661,1.292266845703125,1.217041015625,0
3105,0.388786,1.275787353515625,1.23016357421875,0
3106,0.388911,1.2603759765625,1.24542236328125,0
3107,0.389036,1.244659423828125,1.261138916015625,0
3108,0.389162,1.22833251953125,1.277008056640625,0
3109,0.389287,1.213226318359375,1.2945556640625,0
3110,0.389412,1.200408935546875,1.314697265625,0
3111,0.389537,1.1895751953125,1.336822509765625,0
3112,0.389663,1.179046630859375,1.359405517578125,0
3113,0.389788,1.16790771484375,1.38153076171875,0
3114,0.389913,1.15753173828125,1.40380859375,0
3115,0.390038,1.149444580078125,1.42791748046875,0
3116,0.390164,1.143798828125,1.454010009765625,0
3117,0.390289,1.139068603515625,1.4801025390625,0
3118,0.390414,1.134033203125,1.505126953125,0
3119,0.390539,1.129302978515625,1.52923583984375,0
3120,0.390665,1.12640380859375,1.553955078125,0
3121,0.39079,1.1260986328125,1.57989501953125,0
3122,0.390915,1.127471923828125,1.6058349609375,0
3123,0.39104,1.12884521484375,1.630096435546875,0
3124,0.391166,1.13006591796875,1.65252685546875,0
3125,0.391291,1.132659912109375,1.6741943359375,0
3126,0.391417,1.1376953125,1.696319580078125,0
3127,0.391542,1.144866943359375,1.718292236328125,0
3128,0.391667,1.152496337890625,1.738433837890625,0
3129,0.391792,1.159515380859375,1.75567626953125,0
3130,0.391918,1.16729736328125,1.771087646484375,0
3131,0.392043,1.177215576171875,1.78619384765625,0
3132,0.392168,1.189422607421875,1.80084228515625,0
3133,0.392293,1.202545166015625,1.813812255859375,0
3134,0.392421,1.215057373046875,1.82342529296875,0
3135,0.392544,1.2274169921875,1.830291748046875,0
3136,0.39267,1.241302490234375,1.8359375,0
3137,0.392795,1.257476806640625,1.84112548828125,0
3138,0.39292,1.274871826171875,1.844635009765625,0
3139,0.393045,1.291656494140625,1.8450927734375,0
3140,0.393171,1.307830810546875,1.842193603515625,0
3141,0.393296,1.324615478515625,1.83746337890625,0
3142,0.393421,1.3433837890625,1.83197021484375,0
3143,0.393546,1.363525390625,1.8255615234375,0
3144,0.393672,1.383209228515625,1.816558837890625,0
3145,0.393797,1.401824951171875,1.80389404296875,0
3146,0.393922,1.4202880859375,1.789093017578125,0
3147,0.394047,1.439971923828125,1.773681640625,0
3148,0.394173,1.461181640625,1.7578125,0
3149,0.394298,1.48223876953125,1.7401123046875,0
3150,0.394423,1.501922607421875,1.719512939453125,0
3151,0.394548,1.520538330078125,1.69647216796875,0
3152,0.394674,1.539764404296875,1.67266845703125,0
3153,0.394799,1.560211181640625,1.649322509765625,0
3154,0.394924,1.580810546875,1.625213623046875,0
3155,0.395049,1.60003662109375,1.59912109375,0
3156,0.395175,1.617431640625,1.57073974609375,0
3157,0.3953,1.634521484375,1.541900634765625,0
3158,0.395425,1.65252685546875,1.51397705078125,0
3159,0.39555,1.670989990234375,1.486663818359375,0
3160,0.395676,1.688079833984375,1.458282470703125,0
3161,0.395801,1.703033447265625,1.42852783203125,0
3162,0.395926,1.716766357421875,1.3983154296875,0
3163,0.396051,1.73095703125,1.36962890625,0
3164,0.396177,1.74560546875,1.34246826171875,0
3165,0.396302,1.75933837890625,1.31591796875,0
3166,0.396427,1.7706298828125,1.2884521484375,0
3167,0.396552,1.78009033203125,1.260986328125,0
3168,0.396678,1.78924560546875,1.2353515625,0
3169,0.396803,1.798858642578125,1.212158203125,0
3170,0.396928,1.808013916015625,1.1907958984375,0
3171,0.397053,1.81488037109375,1.169586181640625,0
3172,0.397179,1.819305419921875,1.148681640625,0
3173,0.397304,1.82281494140625,1.12945556640625,0
3174,0.397429,1.826629638671875,1.11358642578125,0
3175,0.397554,1.830291748046875,1.100311279296875,0
3176,0.39768,1.832122802734375,1.0882568359375,0
3177,0.397805,1.83135986328125,1.076812744140625,0
3178,0.39793,1.82891845703125,1.06689453125,0
3179,0.398055,1.826629638671875,1.060333251953125,0
3180,0.398181,1.82464599609375,1.057281494140625,0
3181,0.398306,1.8212890625,1.05621337890625,0
3182,0.398431,1.815338134765625,1.055908203125,0
3183,0.398556,1.80755615234375,1.05682373046875,0
3184,0.398682,1.79931640625,1.060791015625,0
3185,0.398807,1.791534423828125,1.068267822265625,0
3186,0.398932,1.783294677734375,1.0784912109375,0
3187,0.399057,1.77276611328125,1.08978271484375,0
3188,0.399183,1.760101318359375,1.1016845703125,0
3189,0.399308,1.746673583984375,1.11572265625,0
3190,0.399433,1.733856201171875,1.133270263671875,0
3191,0.399558,1.72119140625,1.153564453125,0
3192,0.399684,1.7071533203125,1.1749267578125,0
3193,0.399809,1.690826416015625,1.19659423828125,0
3194,0.399934,1.673431396484375,1.21917724609375,0
3195,0.400059,1.656494140625,1.2445068359375,0
3196,0.400185,1.640472412109375,1.272430419921875,0
3197,0.40031,1.623687744140625,1.301422119140625,0
3198,0.400435,1.605072021484375,1.330108642578125,0
3199,0.40056,1.585235595703125,1.358642578125,0
3200,0.400686,1.565704345703125,1.3885498046875,0
3201,0.400811,1.54754638671875,1.42059326171875,0
3202,0.400936,1.529541015625,1.45355224609375,0
3203,0.401061,1.51031494140625,1.485595703125,0
3204,0.401187,1.48956298828125,1.51641845703125,0
3205,0.401312,1.4691162109375,1.547393798828125,0
3206,0.401437,1.4501953125,1.579437255859375,0
3207,0.401562,1.432342529296875,1.61224365234375,0
3208,0.401688,1.41387939453125,1.6436767578125,0
3209,0.401813,1.39434814453125,1.6729736328125,0
3210,0.401938,1.374664306640625,1.700897216796875,0
3211,0.402063,1.35650634765625,1.728973388671875,0
3212,0.402189,1.34002685546875,1.7572021484375,0
3213,0.402314,1.324005126953125,1.7840576171875,0
3214,0.402439,1.307220458984375,1.808013916015625,0
3215,0.402564,1.28997802734375,1.82952880859375,0
3216,0.40269,1.274261474609375,1.850128173828125,0
3217,0.402815,1.26068115234375,1.87042236328125,0
3218,0.40294,1.248321533203125,1.889190673828125,0
3219,0.403065,1.23565673828125,1.9049072265625,0
3220,0.403191,1.2225341796875,1.917266845703125,0
3221,0.403316,1.2103271484375,1.927642822265625,0
3222,0.403441,1.200714111328125,1.937408447265625,0
3223,0.403566,1.19293212890625,1.94580078125,0
3224,0.403692,1.185455322265625,1.9512939453125,0
3225,0.403817,1.17767333984375,1.952972412109375,0
3226,0.403942,1.170501708984375,1.952056884765625,0
3227,0.404067,1.16546630859375,1.9500732421875,0
3228,0.404193,1.162872314453125,1.947021484375,0
3229,0.404318,1.161346435546875,1.941680908203125,0
3230,0.404443,1.159515380859375,1.93267822265625,0
3231,0.404568,1.157989501953125,1.920623779296875,0
3232,0.404694,1.15814208984375,1.9073486328125,0
3233,0.404819,1.161041259765625,1.893310546875,0
3234,0.404944,1.16546630859375,1.8780517578125,0
3235,0.405069,1.1700439453125,1.859588623046875,0
3236,0.405195,1.17431640625,1.838226318359375,0
3237,0.40532,1.1798095703125,1.815338134765625,0
3238,0.405445,1.187896728515625,1.792449951171875,0
3239,0.40557,1.197967529296875,1.769256591796875,0
3240,0.405696,1.20849609375,1.743927001953125,0
3241,0.405821,1.218414306640625,1.716156005859375,0
3242,0.405946,1.22894287109375,1.68701171875,0
3243,0.406071,1.241607666015625,1.658172607421875,0
3244,0.406197,1.256561279296875,1.630096435546875,0
3245,0.406322,1.27227783203125,1.601409912109375,0
3246,0.406447,1.2872314453125,1.571044921875,0
3247,0.406572,1.30218505859375,1.539459228515625,0
3248,0.406698,1.318511962890625,1.508636474609375,0
3249,0.406823,1.33697509765625,1.479644775390625,0
3250,0.406948,1.356658935546875,1.451263427734375,0
3251,0.407073,1.375579833984375,1.422271728515625,0
3252,0.407199,1.39373779296875,1.392669677734375,0
3253,0.407324,1.412506103515625,1.363983154296875,0
3254,0.407449,1.43310546875,1.33758544921875,0
3255,0.407574,1.454925537109375,1.3134765625,0
3256,0.4077,1.4764404296875,1.289825439453125,0
3257,0.407825,1.49658203125,1.265869140625,0
3258,0.40795,1.51641845703125,1.243133544921875,0
3259,0.408075,1.5374755859375,1.22314453125,0
3260,0.408201,1.55975341796875,1.206207275390625,0
3261,0.408326,1.581878662109375,1.190948486328125,0
3262,0.408451,1.60247802734375,1.1761474609375,0
3263,0.408576,1.621856689453125,1.162261962890625,0
3264,0.408702,1.64154052734375,1.151123046875,0
3265,0.408827,1.66259765625,1.143646240234375,0
3266,0.408952,1.683502197265625,1.13861083984375,0
3267,0.409077,1.702880859375,1.1346435546875,0
3268,0.409203,1.72027587890625,1.131439208984375,0
3269,0.409328,1.73736572265625,1.13067626953125,0
3270,0.409453,1.75506591796875,1.1334228515625,0
3271,0.409578,1.7730712890625,1.13922119140625,0
3272,0.409704,1.78955078125,1.146392822265625,0
3273,0.409829,1.80389404296875,1.1541748046875,0
3274,0.409954,1.81671142578125,1.163482666015625,0
3275,0.410079,1.829833984375,1.175994873046875,0
3276,0.410205,1.84326171875,1.19171142578125,0
3277,0.41033,1.85546875,1.208953857421875,0
3278,0.410455,1.865234375,1.22650146484375,0
3279,0.41058,1.873016357421875,1.2445068359375,0
3280,0.410706,1.880340576171875,1.264801025390625,0
3281,0.410831,1.887969970703125,1.287994384765625,0
3282,0.410956,1.89483642578125,1.312713623046875,0
3283,0.411081,1.899261474609375,1.337432861328125,0
3284,0.411207,1.9012451171875,1.3616943359375,0
3285,0.411332,1.90216064453125,1.386871337890625,0
3286,0.411457,1.903076171875,1.414031982421875,0
3287,0.411582,1.903839111328125,1.442718505859375,0
3288,0.411708,1.902618408203125,1.470947265625,0
3289,0.411833,1.898651123046875,1.497955322265625,0
3290,0.411958,1.892852783203125,1.52435302734375,0
3291,0.412083,1.887054443359375,1.55181884765625,0
3292,0.412209,1.881256103515625,1.5802001953125,0
3293,0.412334,1.874237060546875,1.60797119140625,0
3294,0.412459,1.864471435546875,1.63360595703125,0
3295,0.412584,1.852569580078125,1.65740966796875,0
3296,0.41271,1.8402099609375,1.68121337890625,0
3297,0.412835,1.82830810546875,1.705169677734375,0
3298,0.41296,1.815643310546875,1.728363037109375,0
3299,0.413085,1.80084228515625,1.749114990234375,0
3300,0.413211,1.78375244140625,1.767120361328125,0
3301,0.413336,1.7657470703125,1.783599853515625,0
3302,0.413461,1.74835205078125,1.799774169921875,0
3303,0.413586,1.73095703125,1.815032958984375,0
3304,0.413712,1.7120361328125,1.82769775390625,0
3305,0.413837,1.69097900390625,1.837005615234375,0
3306,0.413962,1.668701171875,1.8438720703125,0
3307,0.414087,1.64703369140625,1.84967041015625,0
3308,0.414213,1.626129150390625,1.8548583984375,0
3309,0.414338,1.604461669921875,1.85760498046875,0
3310,0.414463,1.580963134765625,1.856842041015625,0
3311,0.414588,1.556243896484375,1.852874755859375,0
3312,0.414714,1.531829833984375,1.847381591796875,0
3313,0.414839,1.5087890625,1.841278076171875,0
3314,0.414964,1.48590087890625,1.833648681640625,0
3315,0.415089,1.461944580078125,1.822662353515625,0
3316,0.415215,1.436614990234375,1.808319091796875,0
3317,0.41534,1.41143798828125,1.792144775390625,0
3318,0.415465,1.387786865234375,1.7755126953125,0
3319,0.41559,1.3653564453125,1.75811767578125,0
3320,0.415716,1.342620849609375,1.73828125,0
3321,0.415841,1.31866455078125,1.71539306640625,0
3322,0.415966,1.294708251953125,1.690673828125,0
3323,0.416091,1.272430419921875,1.6656494140625,0
3324,0.416217,1.251983642578125,1.64093017578125,0
3325,0.416342,1.232147216796875,1.614837646484375,0
3326,0.416467,1.2115478515625,1.586456298828125,0
3327,0.416592,1.1907958984375,1.556243896484375,0
3328,0.416718,1.171417236328125,1.52618408203125,0
3329,0.416843,1.154632568359375,1.497344970703125,0
3330,0.416968,1.139068603515625,1.468505859375,0
3331,0.417094,1.123504638671875,1.43829345703125,0
3332,0.417219,1.107635498046875,1.407012939453125,0
3333,0.417344,1.092987060546875,1.37603759765625,0
3334,0.417469,1.080780029296875,1.34674072265625,0
3335,0.417595,1.07086181640625,1.319122314453125,0
3336,0.41772,1.061553955078125,1.29150390625,0
3337,0.417845,1.051788330078125,1.263275146484375,0
3338,0.41797,1.0430908203125,1.235504150390625,0
3339,0.418096,1.036834716796875,1.210174560546875,0
3340,0.418221,1.033172607421875,1.18743896484375,0
3341,0.418346,1.030731201171875,1.16607666015625,0
3342,0.418471,1.02813720703125,1.144866943359375,0
3343,0.418597,1.026153564453125,1.124420166015625,0
3344,0.418722,1.026153564453125,1.1065673828125,0
3345,0.418847,1.029052734375,1.092071533203125,0
3346,0.418972,1.033782958984375,1.08001708984375,0
3347,0.419098,1.038818359375,1.068878173828125,0
3348,0.419223,1.043853759765625,1.05865478515625,0
3349,0.419348,1.050262451171875,1.050872802734375,0
3350,0.419473,1.0595703125,1.0467529296875,0
3351,0.419599,1.0711669921875,1.04583740234375,0
3352,0.419724,1.0833740234375,1.0467529296875,0
3353,0.419849,1.09527587890625,1.04827880859375,0
3354,0.419974,1.107940673828125,1.05194091796875,0
3355,0.4201,1.123046875,1.0589599609375,0
3356,0.420225,1.140594482421875,1.06964111328125,0
3357,0.42035,1.1590576171875,1.08245849609375,0
3358,0.420475,1.17706298828125,1.09619140625,0
3359,0.420601,1.195220947265625,1.110992431640625,0
3360,0.420726,1.215057373046875,1.1285400390625,0
3361,0.420851,1.2371826171875,1.14959716796875,0
3362,0.420976,1.260528564453125,1.173095703125,0
3363,0.421102,1.2835693359375,1.197052001953125,0
3364,0.421227,1.305999755859375,1.221466064453125,0
3365,0.421352,1.329193115234375,1.24755859375,0
3366,0.421477,1.354217529296875,1.27655029296875,0
3367,0.421603,1.380767822265625,1.30767822265625,0
3368,0.421728,1.40716552734375,1.339263916015625,0
3369,0.421853,1.43218994140625,1.3702392578125,0
3370,0.421978,1.457061767578125,1.401519775390625,0
3371,0.422104,1.483306884765625,1.434783935546875,0
3372,0.422229,1.511077880859375,1.4697265625,0
3373,0.422354,1.538543701171875,1.504669189453125,0
3374,0.422479,1.56463623046875,1.53839111328125,0
3375,0.422605,1.58966064453125,1.571197509765625,0
3376,0.42273,1.615142822265625,1.60430908203125,0
3377,0.422855,1.641845703125,1.63848876953125,0
3378,0.42298,1.668548583984375,1.67266845703125,0
3379,0.423106,1.6937255859375,1.704864501953125,0
3380,0.423231,1.7169189453125,1.734771728515625,0
3381,0.423356,1.73980712890625,1.76361083984375,0
3382,0.423481,1.763458251953125,1.792755126953125,0
3383,0.423607,1.787261962890625,1.821441650390625,0
3384,0.423732,1.8096923828125,1.847991943359375,0
3385,0.423857,1.829681396484375,1.871185302734375,0
3386,0.423982,1.848297119140625,1.892242431640625,0
3387,0.424108,1.8670654296875,1.91253662109375,0
3388,0.424233,1.886138916015625,1.932220458984375,0
3389,0.424358,1.90399169921875,1.949462890625,0
3390,0.424483,1.91925048828125,1.96319580078125,0
3391,0.424609,1.932220458984375,1.973724365234375,0
3392,0.424734,1.94488525390625,1.982574462890625,0
3393,0.424859,1.957550048828125,1.990509033203125,0
3394,0.424984,1.969451904296875,1.9964599609375,0
3395,0.42511,1.978912353515625,1.998748779296875,0
3396,0.425235,1.985626220703125,1.99737548828125,0
3397,0.42536,1.990966796875,1.99371337890625,0
3398,0.425485,1.9964599609375,1.988983154296875,0
3399,0.425611,2.001495361328125,1.98272705078125,0
3400,0.425736,2.004241943359375,1.973419189453125,0
3401,0.425861,2.00408935546875,1.96044921875,0
3402,0.425986,2.002105712890625,1.944732666015625,0
3403,0.426112,1.99981689453125,1.927947998046875,0
3404,0.426237,1.99737548828125,1.910400390625,0
3405,0.426362,1.993255615234375,1.890716552734375,0
3406,0.426487,1.98638916015625,1.867828369140625,0
3407,0.426613,1.977081298828125,1.842193603515625,0
3408,0.426738,1.9671630859375,1.815643310546875,0
3409,0.426863,1.9573974609375,1.789093017578125,0
3410,0.426988,1.94671630859375,1.761627197265625,0
3411,0.427114,1.93359375,1.73187255859375,0
3412,0.427239,1.917877197265625,1.699676513671875,0
3413,0.427364,1.901092529296875,1.6668701171875,0
3414,0.427489,1.88446044921875,1.63482666015625,0
3415,0.427615,1.867828369140625,1.60308837890625,0
3416,0.42774,1.849365234375,1.5704345703125,0
3417,0.427865,1.828460693359375,1.536102294921875,0
3418,0.42799,1.806182861328125,1.501312255859375,0
3419,0.428116,1.784210205078125,1.4678955078125,0
3420,0.428241,1.7626953125,1.4361572265625,0
3421,0.428366,1.740264892578125,1.40472412109375,0
3422,0.428491,1.7156982421875,1.3726806640625,0
3423,0.428617,1.689605712890625,1.34063720703125,0
3424,0.428742,1.663818359375,1.31011962890625,0
3425,0.428867,1.638946533203125,1.282501220703125,0
3426,0.428992,1.61407470703125,1.256561279296875,0
3427,0.429118,1.58782958984375,1.230926513671875,0
3428,0.429243,1.56005859375,1.205596923828125,0
3429,0.429368,1.532135009765625,1.1822509765625,0
3430,0.429493,1.5057373046875,1.162109375,0
3431,0.429619,1.480255126953125,1.144866943359375,0
3432,0.429744,1.45416259765625,1.128997802734375,0
3433,0.429869,1.42669677734375,1.113739013671875,0
3434,0.429994,1.39923095703125,1.100311279296875,0
3435,0.43012,1.373138427734375,1.090240478515625,0
3436,0.430245,1.348724365234375,1.083831787109375,0
3437,0.43037,1.324615478515625,1.079559326171875,0
3438,0.430495,1.29974365234375,1.07635498046875,0
3439,0.43062,1.274566650390625,1.07452392578125,0
3440,0.430746,1.250762939453125,1.07574462890625,0
3441,0.430871,1.229095458984375,1.080780029296875,0
3442,0.430996,1.20880126953125,1.08856201171875,0
3443,0.431121,1.1883544921875,1.097412109375,0
3444,0.431247,1.167449951171875,1.107177734375,0
3445,0.431372,1.147613525390625,1.119384765625,0
3446,0.431497,1.13037109375,1.13494873046875,0
3447,0.431622,1.115264892578125,1.153411865234375,0
3448,0.431748,1.100616455078125,1.173095703125,0
3449,0.431873,1.08551025390625,1.193084716796875,0
3450,0.431998,1.07147216796875,1.214141845703125,0
3451,0.432123,1.059722900390625,1.237945556640625,0
3452,0.432249,1.05072021484375,1.264495849609375,0
3453,0.432374,1.04278564453125,1.2921142578125,0
3454,0.432499,1.035003662109375,1.31927490234375,0
3455,0.432624,1.02752685546875,1.346435546875,0
3456,0.43275,1.022186279296875,1.374969482421875,0
3457,0.432875,1.019744873046875,1.4056396484375,0
3458,0.433,1.019287109375,1.43707275390625,0
3459,0.433125,1.01898193359375,1.46759033203125,0
3460,0.433251,1.018829345703125,1.49688720703125,0
3461,0.433376,1.020355224609375,1.52618408203125,0
3462,0.433501,1.024627685546875,1.556549072265625,0
3463,0.433626,1.031341552734375,1.5875244140625,0
3464,0.433752,1.038665771484375,1.61712646484375,0
3465,0.433877,1.04583740234375,1.644287109375,0
3466,0.434002,1.053924560546875,1.67022705078125,0
3467,0.434127,1.064605712890625,1.6961669921875,0
3468,0.434253,1.077728271484375,1.72210693359375,0
3469,0.434378,1.092071533203125,1.74652099609375,0
3470,0.434503,1.10595703125,1.76788330078125,0
3471,0.434628,1.12030029296875,1.786651611328125,0
3472,0.434754,1.136322021484375,1.804351806640625,0
3473,0.434879,1.15478515625,1.82159423828125,0
3474,0.435004,1.174774169921875,1.837310791015625,0
3475,0.435129,1.194610595703125,1.849822998046875,0
3476,0.435255,1.213836669921875,1.858978271484375,0
3477,0.43538,1.234130859375,1.8658447265625,0
3478,0.435505,1.25640869140625,1.8719482421875,0
3479,0.43563,1.280517578125,1.8768310546875,0
3480,0.435756,1.304473876953125,1.878509521484375,0
3481,0.435881,1.327362060546875,1.87652587890625,0
3482,0.436006,1.350250244140625,1.871795654296875,0
3483,0.436131,1.37481689453125,1.8658447265625,0
3484,0.436257,1.400909423828125,1.85882568359375,0
3485,0.436382,1.427001953125,1.849517822265625,0
3486,0.436507,1.451873779296875,1.836700439453125,0
3487,0.436632,1.475830078125,1.8206787109375,0
3488,0.436758,1.50054931640625,1.803436279296875,0
3489,0.436883,1.526641845703125,1.78558349609375,0
3490,0.437008,1.55303955078125,1.766510009765625,0
3491,0.437133,1.577911376953125,1.744537353515625,0
3492,0.437259,1.601104736328125,1.719512939453125,0
3493,0.437384,1.6241455078125,1.693267822265625,0
3494,0.437509,1.648101806640625,1.667022705078125,0
3495,0.437634,1.672515869140625,1.640625,0
3496,0.43776,1.695556640625,1.612396240234375,0
3497,0.437885,1.716461181640625,1.581878662109375,0
3498,0.43801,1.73614501953125,1.550140380859375,0
3499,0.438135,1.75628662109375,1.5191650390625,0
3500,0.438261,1.7767333984375,1.489105224609375,0
3501,0.438386,1.796112060546875,1.458740234375,0
3502,0.438511,1.81304931640625,1.426849365234375,0
3503,0.438636,1.8280029296875,1.394195556640625,0
3504,0.438762,1.8426513671875,1.36260986328125,0
3505,0.438887,1.85760498046875,1.333160400390625,0
3506,0.439012,1.871795654296875,1.30462646484375,0
3507,0.439137,1.883697509765625,1.27593994140625,0
3508,0.439263,1.89300537109375,1.2469482421875,0
3509,0.439388,1.901092529296875,1.219329833984375,0
3510,0.439513,1.909332275390625,1.1944580078125,0
3511,0.439638,1.917266845703125,1.17218017578125,0
3512,0.439764,1.923065185546875,1.150665283203125,0
3513,0.439889,1.92596435546875,1.12945556640625,0
3514,0.440014,1.92718505859375,1.109771728515625,0
3515,0.440139,1.928253173828125,1.093292236328125,0
3516,0.440265,1.929168701171875,1.080169677734375,0
3517,0.44039,1.928558349609375,1.06903076171875,0
3518,0.440515,1.925048828125,1.058807373046875,0
3519,0.44064,1.919403076171875,1.049957275390625,0
3520,0.440766,1.91314697265625,1.044158935546875,0
3521,0.440891,1.90704345703125,1.04248046875,0
3522,0.441016,1.9000244140625,1.043548583984375,0
3523,0.441141,1.89056396484375,1.04583740234375,0
3524,0.441267,1.878662109375,1.04949951171875,0
3525,0.441392,1.865692138671875,1.05560302734375,0
3526,0.441517,1.85302734375,1.065673828125,0
3527,0.441642,1.840057373046875,1.078948974609375,0
3528,0.441768,1.8255615234375,1.09405517578125,0
3529,0.441893,1.8084716796875,1.109771728515625,0
3530,0.442018,1.790008544921875,1.1273193359375,0
3531,0.442143,1.771697998046875,1.148223876953125,0
3532,0.442269,1.753997802734375,1.172332763671875,0
3533,0.442394,1.735382080078125,1.1981201171875,0
3534,0.442519,1.714630126953125,1.224365234375,0
3535,0.442644,1.69219970703125,1.251220703125,0
3536,0.44277,1.669921875,1.280364990234375,0
3537,0.442895,1.648712158203125,1.312255859375,0
3538,0.44302,1.62750244140625,1.3458251953125,0
3539,0.443145,1.604766845703125,1.379241943359375,0
3540,0.443271,1.580352783203125,1.412200927734375,0
3541,0.443396,1.55609130859375,1.4459228515625,0
3542,0.443521,1.53289794921875,1.481475830078125,0
3543,0.443646,1.510772705078125,1.518402099609375,0
3544,0.443772,1.487884521484375,1.554718017578125,0
3545,0.443897,1.463623046875,1.589508056640625,0
3546,0.444022,1.439056396484375,1.62353515625,0
3547,0.444147,1.416015625,1.658172607421875,0
3548,0.444273,1.394500732421875,1.6937255859375,0
3549,0.444398,1.373291015625,1.72821044921875,0
3550,0.444523,1.351165771484375,1.76025390625,0
3551,0.444648,1.328582763671875,1.7901611328125,0
3552,0.444774,1.307373046875,1.819610595703125,0
3553,0.444899,1.288299560546875,1.848907470703125,0
3554,0.445024,1.270294189453125,1.87713623046875,0
3555,0.445149,1.25213623046875,1.902313232421875,0
3556,0.445275,1.233367919921875,1.924285888671875,0
3557,0.4454,1.215667724609375,1.944427490234375,0
3558,0.445525,1.2005615234375,1.96380615234375,0
3559,0.44565,1.187286376953125,1.9818115234375,0
3560,0.445776,1.17431640625,1.996917724609375,0
3561,0.445901,1.161041259765625,2.007904052734375,0
3562,0.446026,1.148529052734375,2.016143798828125,0
3563,0.446151,1.1383056640625,2.02301025390625,0
3564,0.446277,1.13067626953125,2.02850341796875,0
3565,0.446402,1.124114990234375,2.03125,0
3566,0.446527,1.117401123046875,2.030029296875,0
3567,0.446652,1.110992431640625,2.025299072265625,0
3568,0.446778,1.1065673828125,2.018585205078125,0
3569,0.446903,1.10504150390625,2.010650634765625,0
3570,0.447028,1.1053466796875,2.000885009765625,0
3571,0.447153,1.105804443359375,1.9873046875,0
3572,0.447279,1.106109619140625,1.970062255859375,0
3573,0.447404,1.10809326171875,1.95068359375,0
3574,0.447529,1.1126708984375,1.9305419921875,0
3575,0.447654,1.11968994140625,1.9091796875,0
3576,0.44778,1.127166748046875,1.88507080078125,0
3577,0.447905,1.134490966796875,1.857757568359375,0
3578,0.44803,1.142425537109375,1.828155517578125,0
3579,0.448155,1.1529541015625,1.798095703125,0
3580,0.448281,1.165924072265625,1.768035888671875,0
3581,0.448406,1.1798095703125,1.7364501953125,0
3582,0.448531,1.193389892578125,1.702423095703125,0
3583,0.448656,1.20697021484375,1.66656494140625,0
3584,0.448782,1.222381591796875,1.63055419921875,0
3585,0.448907,1.240234375,1.595611572265625,0
3586,0.449032,1.259307861328125,1.5606689453125,0
3587,0.449157,1.278228759765625,1.52435302734375,0
3588,0.449283,1.296539306640625,1.48681640625,0
3589,0.449408,1.31561279296875,1.4495849609375,0
3590,0.449533,1.336822509765625,1.4141845703125,0
3591,0.449658,1.35955810546875,1.38031005859375,0
3592,0.449784,1.38214111328125,1.346435546875,0
3593,0.449909,1.40350341796875,1.312103271484375,0
3594,0.450034,1.425018310546875,1.27838134765625,0
3595,0.450159,1.44775390625,1.24725341796875,0
3596,0.450285,1.47216796875,1.218719482421875,0
3597,0.45041,1.49658203125,1.19171142578125,0
3598,0.450535,1.51947021484375,1.165008544921875,0
3599,0.45066,1.541595458984375,1.139068603515625,0
3600,0.450786,1.564178466796875,1.11602783203125,0
3601,0.450911,1.588134765625,1.09649658203125,0
3602,0.451036,1.61224365234375,1.0797119140625,0
3603,0.451161,1.634979248046875,1.063995361328125,0
3604,0.451287,1.6558837890625,1.049346923828125,0
3605,0.451412,1.676483154296875,1.037139892578125,0
3606,0.451537,1.697998046875,1.029052734375,0
3607,0.451662,1.719818115234375,1.024322509765625,0
3608,0.451788,1.740264892578125,1.021575927734375,0
3609,0.451913,1.7584228515625,1.0198974609375,0
3610,0.452038,1.7755126953125,1.02020263671875,0
3611,0.452163,1.792755126953125,1.024322509765625,0
3612,0.452289,1.810302734375,1.032257080078125,0
3613,0.452414,1.8267822265625,1.04248046875,0
3614,0.452539,1.8408203125,1.053619384765625,0
3615,0.452664,1.852874755859375,1.0662841796875,0
3616,0.45279,1.86431884765625,1.08184814453125,0
3617,0.452915,1.876220703125,1.10107421875,0
3618,0.45304,1.887359619140625,1.12274169921875,0
3619,0.453165,1.89605712890625,1.145172119140625,0
3620,0.453291,1.902008056640625,1.168060302734375,0
3621,0.453417,1.906890869140625,1.192779541015625,0
3622,0.453542,1.91192626953125,1.220550537109375,0
3623,0.453667,1.91650390625,1.250457763671875,0
3624,0.453792,1.919097900390625,1.280975341796875,0
3625,0.453918,1.91864013671875,1.310882568359375,0
3626,0.454043,1.91650390625,1.341400146484375,0
3627,0.454168,1.9140625,1.37359619140625,0
3628,0.454293,1.91162109375,1.407623291015625,0
3629,0.454419,1.90765380859375,1.441802978515625,0
3630,0.454544,1.90093994140625,1.474761962890625,0
3631,0.454669,1.891937255859375,1.50665283203125,0
3632,0.454795,1.882171630859375,1.538848876953125,0
3633,0.45492,1.872711181640625,1.572265625,0
3634,0.455045,1.86248779296875,1.605377197265625,0
3635,0.45517,1.849822998046875,1.63665771484375,0
3636,0.455296,1.834564208984375,1.665496826171875,0
3637,0.455421,1.8182373046875,1.69342041015625,0
3638,0.455546,1.8023681640625,1.72149658203125,0
3639,0.455671,1.786346435546875,1.74896240234375,0
3640,0.455797,1.768646240234375,1.774139404296875,0
3641,0.455922,1.748504638671875,1.796112060546875,0
3642,0.456047,1.72698974609375,1.8157958984375,0
3643,0.456172,1.7059326171875,1.834716796875,0
3644,0.456298,1.6851806640625,1.85272216796875,0
3645,0.456423,1.663818359375,1.868438720703125,0
3646,0.456548,1.64031982421875,1.8804931640625,0
3647,0.456673,1.61529541015625,1.889190673828125,0
3648,0.456799,1.590423583984375,1.8963623046875,0
3649,0.456924,1.5667724609375,1.9024658203125,0
3650,0.457049,1.543121337890625,1.906585693359375,0
3651,0.457174,1.518096923828125,1.90704345703125,0
3652,0.4573,1.491546630859375,1.9036865234375,0
3653,0.457425,1.46514892578125,1.898040771484375,0
3654,0.45755,1.439971923828125,1.891326904296875,0
3655,0.457675,1.416015625,1.88323974609375,0
3656,0.457801,1.391448974609375,1.87225341796875,0
3657,0.457926,1.365509033203125,1.8572998046875,0
3658,0.458051,1.339569091796875,1.839752197265625,0
3659,0.458176,1.315155029296875,1.8212890625,0
3660,0.458302,1.29241943359375,1.802215576171875,0
3661,0.458427,1.270294189453125,1.781005859375,0
3662,0.458552,1.247100830078125,1.756744384765625,0
3663,0.458677,1.223907470703125,1.729736328125,0
3664,0.458803,1.201934814453125,1.702117919921875,0
3665,0.458928,1.182403564453125,1.674652099609375,0
3666,0.459053,1.16424560546875,1.64642333984375,0
3667,0.459178,1.14593505859375,1.616058349609375,0
3668,0.459304,1.127166748046875,1.58355712890625,0
3669,0.459429,1.109771728515625,1.55059814453125,0
3670,0.459554,1.094818115234375,1.5185546875,0
3671,0.459679,1.0821533203125,1.487274169921875,0
3672,0.459805,1.0699462890625,1.455230712890625,0
3673,0.45993,1.057586669921875,1.42181396484375,0
3674,0.460055,1.045989990234375,1.38824462890625,0
3675,0.46018,1.0369873046875,1.356201171875,0
3676,0.460306,1.030731201171875,1.3262939453125,0
3677,0.460431,1.02569580078125,1.2969970703125,0
3678,0.460556,1.020660400390625,1.267242431640625,0
3679,0.460681,1.0162353515625,1.23779296875,0
3680,0.460807,1.013946533203125,1.210479736328125,0
3681,0.460932,1.014556884765625,1.186065673828125,0
3682,0.461057,1.01715087890625,1.163787841796875,0
3683,0.461182,1.02020263671875,1.14227294921875,0
3684,0.46131,1.02325439453125,1.1212158203125,0
3685,0.461433,1.027984619140625,1.102447509765625,0
3686,0.461558,1.0357666015625,1.087188720703125,0
3687,0.461684,1.04583740234375,1.075286865234375,0
3688,0.461809,1.0565185546875,1.064910888671875,0
3689,0.461934,1.067352294921875,1.055450439453125,0
3690,0.462059,1.078948974609375,1.048126220703125,0
3691,0.462185,1.0931396484375,1.044464111328125,0
3692,0.46231,1.10992431640625,1.04461669921875,0
3693,0.462435,1.127777099609375,1.047210693359375,0
3694,0.46256,1.14532470703125,1.050872802734375,0
3695,0.462686,1.163177490234375,1.05621337890625,0
3696,0.462811,1.182861328125,1.06475830078125,0
3697,0.462936,1.20513916015625,1.077423095703125,0
3698,0.463061,1.228790283203125,1.09283447265625,0
3699,0.463187,1.25213623046875,1.109466552734375,0
3700,0.463312,1.2750244140625,1.127166748046875,0
3701,0.463437,1.298828125,1.14715576171875,0
3702,0.463562,1.32476806640625,1.170654296875,0
3703,0.463688,1.352386474609375,1.19720458984375,0
3704,0.463813,1.37969970703125,1.224822998046875,0
3705,0.463938,1.406097412109375,1.252593994140625,0
3706,0.464063,1.4324951171875,1.281585693359375,0
3707,0.464189,1.46026611328125,1.31317138671875,0
3708,0.464314,1.48956298828125,1.347198486328125,0
3709,0.464439,1.51885986328125,1.382293701171875,0
3710,0.464564,1.546783447265625,1.416778564453125,0
3711,0.46469,1.57379150390625,1.450958251953125,0
3712,0.464815,1.60125732421875,1.48651123046875,0
3713,0.46494,1.630096435546875,1.523895263671875,0
3714,0.465065,1.659088134765625,1.561737060546875,0
3715,0.465191,1.686553955078125,1.598358154296875,0
3716,0.465316,1.712188720703125,1.633453369140625,0
3717,0.465441,1.73736572265625,1.668243408203125,0
3718,0.465566,1.763458251953125,1.70379638671875,0
3719,0.465692,1.789703369140625,1.739501953125,0
3720,0.465817,1.8145751953125,1.773529052734375,0
3721,0.465942,1.837158203125,1.8048095703125,0
3722,0.466067,1.85821533203125,1.834259033203125,0
3723,0.466193,1.879425048828125,1.8634033203125,0
3724,0.466318,1.901092529296875,1.89208984375,0
3725,0.466443,1.921234130859375,1.918792724609375,0
3726,0.466568,1.938934326171875,1.942138671875,0
3727,0.466694,1.954345703125,1.9622802734375,0
3728,0.466819,1.96929931640625,1.981048583984375,0
3729,0.466944,1.9842529296875,1.9989013671875,0
3730,0.467069,1.998291015625,2.014617919921875,0
3731,0.467195,2.009735107421875,2.026824951171875,0
3732,0.46732,2.0184326171875,2.035064697265625,0
3733,0.467445,2.0257568359375,2.04071044921875,0
3734,0.46757,2.032928466796875,2.045135498046875,0
3735,0.467696,2.03948974609375,2.047882080078125,0
3736,0.467821,2.043914794921875,2.047119140625,0
3737,0.467946,2.045135498046875,2.042083740234375,0
3738,0.468071,2.044219970703125,2.03399658203125,0
3739,0.468197,2.042999267578125,2.02423095703125,0
3740,0.468322,2.041473388671875,2.01324462890625,0
3741,0.468447,2.03826904296875,1.99951171875,0
3742,0.468572,2.032012939453125,1.9818115234375,0
3743,0.468698,2.023162841796875,1.96075439453125,0
3744,0.468823,2.0135498046875,1.93817138671875,0
3745,0.468948,2.0037841796875,1.9146728515625,0
3746,0.469073,1.99310302734375,1.8896484375,0
3747,0.469199,1.97967529296875,1.861419677734375,0
3748,0.469324,1.9635009765625,1.83013916015625,0
3749,0.469449,1.94610595703125,1.797332763671875,0
3750,0.469574,1.928863525390625,1.764373779296875,0
3751,0.4697,1.911163330078125,1.731109619140625,0
3752,0.469825,1.891632080078125,1.696014404296875,0
3753,0.46995,1.8695068359375,1.658477783203125,0
3754,0.470075,1.845703125,1.619720458984375,0
3755,0.470201,1.822052001953125,1.581573486328125,0
3756,0.470326,1.7987060546875,1.544189453125,0
3757,0.470451,1.7742919921875,1.50665283203125,0
3758,0.470576,1.747589111328125,1.467742919921875,0
3759,0.470702,1.7193603515625,1.42791748046875,0
3760,0.470827,1.69097900390625,1.38946533203125,0
3761,0.470952,1.66351318359375,1.35284423828125,0
3762,0.471077,1.63604736328125,1.317596435546875,0
3763,0.471203,1.606903076171875,1.282196044921875,0
3764,0.471328,1.57623291015625,1.24664306640625,0
3765,0.471453,1.545257568359375,1.212615966796875,0
3766,0.471578,1.515655517578125,1.181640625,0
3767,0.471704,1.486968994140625,1.153106689453125,0
3768,0.471829,1.45751953125,1.12579345703125,0
3769,0.471954,1.426849365234375,1.099090576171875,0
3770,0.472079,1.395721435546875,1.07391357421875,0
3771,0.472205,1.366119384765625,1.05224609375,0
3772,0.47233,1.33819580078125,1.034088134765625,0
3773,0.472455,1.310577392578125,1.01837158203125,0
3774,0.47258,1.282196044921875,1.00372314453125,0
3775,0.472706,1.25335693359375,0.9906005859375,0
3776,0.472831,1.22589111328125,0.980987548828125,0
3777,0.472956,1.200714111328125,0.975494384765625,0
3778,0.473081,1.176910400390625,0.973052978515625,0
3779,0.473207,1.152801513671875,0.9722900390625,0
3780,0.473332,1.1285400390625,0.972900390625,0
3781,0.473457,1.1053466796875,0.976409912109375,0
3782,0.473582,1.084747314453125,0.984039306640625,0
3783,0.473708,1.0662841796875,0.99517822265625,0
3784,0.473833,1.048431396484375,1.008148193359375,0
3785,0.473958,1.030426025390625,1.022186279296875,0
3786,0.474083,1.013336181640625,1.0382080078125,0
3787,0.474209,0.99884033203125,1.0577392578125,0
3788,0.474334,0.987091064453125,1.08062744140625,0
3789,0.474459,0.976715087890625,1.10565185546875,0
3790,0.474584,0.96649169921875,1.1309814453125,0
3791,0.47471,0.956878662109375,1.1572265625,0
3792,0.474835,0.94940185546875,1.1859130859375,0
3793,0.47496,0.94512939453125,1.217498779296875,0
3794,0.475085,0.9429931640625,1.250762939453125,0
3795,0.475211,0.941162109375,1.284027099609375,0
3796,0.475336,0.939788818359375,1.316986083984375,0
3797,0.475461,0.940093994140625,1.3507080078125,0
3798,0.475586,0.943603515625,1.386566162109375,0
3799,0.475712,0.949554443359375,1.42364501953125,0
3800,0.475837,0.9564208984375,1.460113525390625,0
3801,0.475962,0.96343994140625,1.495208740234375,0
3802,0.476087,0.971527099609375,1.529541015625,0
3803,0.476213,0.98236083984375,1.56463623046875,0
3804,0.476338,0.99609375,1.600494384765625,0
3805,0.476463,1.01104736328125,1.635284423828125,0
3806,0.476588,1.0260009765625,1.66778564453125,0
3807,0.476714,1.041259765625,1.697998046875,0
3808,0.476839,1.05865478515625,1.727752685546875,0
3809,0.476964,1.07879638671875,1.757354736328125,0
3810,0.477089,1.100616455078125,1.785888671875,0
3811,0.477215,1.1224365234375,1.811370849609375,0
3812,0.47734,1.143951416015625,1.83349609375,0
3813,0.477465,1.16668701171875,1.853790283203125,0
3814,0.47759,1.191864013671875,1.873321533203125,0
3815,0.477716,1.218719482421875,1.891632080078125,0
3816,0.477841,1.2457275390625,1.90673828125,0
3817,0.477966,1.271820068359375,1.917877197265625,0
3818,0.478091,1.2982177734375,1.92626953125,0
3819,0.478217,1.3262939453125,1.933135986328125,0
3820,0.478342,1.356201171875,1.938629150390625,0
3821,0.478467,1.386260986328125,1.9415283203125,0
3822,0.478592,1.415252685546875,1.9403076171875,0
3823,0.478718,1.4434814453125,1.935577392578125,0
3824,0.478843,1.47247314453125,1.928863525390625,0
3825,0.478968,1.50299072265625,1.921234130859375,0
3826,0.479093,1.5338134765625,1.911468505859375,0
3827,0.479219,1.56341552734375,1.898193359375,0
3828,0.479344,1.591339111328125,1.881256103515625,0
3829,0.479469,1.6192626953125,1.8621826171875,0
3830,0.479594,1.64794921875,1.842498779296875,0
3831,0.47972,1.67724609375,1.821746826171875,0
3832,0.479845,1.705169677734375,1.798248291015625,0
3833,0.47997,1.73095703125,1.77154541015625,0
3834,0.480095,1.755523681640625,1.74285888671875,0
3835,0.480221,1.780548095703125,1.714019775390625,0
3836,0.480346,1.805877685546875,1.685028076171875,0
3837,0.480471,1.83013916015625,1.654815673828125,0
3838,0.480596,1.851806640625,1.622314453125,0
3839,0.480722,1.871490478515625,1.588134765625,0
3840,0.480847,1.890716552734375,1.554107666015625,0
3841,0.480972,1.910247802734375,1.521148681640625,0
3842,0.481097,1.928863525390625,1.488494873046875,0
3843,0.481223,1.945037841796875,1.45477294921875,0
3844,0.481348,1.9586181640625,1.419830322265625,0
3845,0.481473,1.970672607421875,1.385650634765625,0
3846,0.481598,1.982879638671875,1.353302001953125,0
3847,0.481724,1.994476318359375,1.32293701171875,0
3848,0.481849,2.003936767578125,1.292724609375,0
3849,0.481974,2.010345458984375,1.26220703125,0
3850,0.482099,2.014617919921875,1.23260498046875,0
3851,0.482225,2.018585205078125,1.205596923828125,0
3852,0.48235,2.022247314453125,1.181640625,0
3853,0.482475,2.02423095703125,1.15936279296875,0
3854,0.4826,2.023162841796875,1.1376953125,0
3855,0.482726,2.0196533203125,1.117095947265625,0
3856,0.482851,2.01507568359375,1.0992431640625,0
3857,0.482976,2.010650634765625,1.085357666015625,0
3858,0.483102,2.0050048828125,1.07421875,0
3859,0.483227,1.996612548828125,1.064453125,0
3860,0.483352,1.9854736328125,1.055755615234375,0
3861,0.483477,1.973114013671875,1.049957275390625,0
3862,0.483603,1.96075439453125,1.048126220703125,0
3863,0.483728,1.94793701171875,1.0498046875,0
3864,0.483853,1.933135986328125,1.053619384765625,0
3865,0.483978,1.915435791015625,1.058349609375,0
3866,0.484104,1.896209716796875,1.06536865234375,0
3867,0.484229,1.876983642578125,1.076202392578125,0
3868,0.484354,1.85791015625,1.0906982421875,0
3869,0.484479,1.8377685546875,1.107635498046875,0
3870,0.484605,1.815185546875,1.12548828125,0
3871,0.48473,1.790771484375,1.14471435546875,0
3872,0.484855,1.766204833984375,1.166839599609375,0
3873,0.48498,1.742401123046875,1.192474365234375,0
3874,0.485106,1.718292236328125,1.22039794921875,0
3875,0.485231,1.6925048828125,1.24908447265625,0
3876,0.485356,1.664886474609375,1.277923583984375,0
3877,0.485481,1.637115478515625,1.30859375,0
3878,0.485607,1.610260009765625,1.34185791015625,0
3879,0.485732,1.58416748046875,1.37725830078125,0
3880,0.485857,1.55731201171875,1.4129638671875,0
3881,0.485982,1.528778076171875,1.447906494140625,0
3882,0.486108,1.499786376953125,1.483001708984375,0
3883,0.486233,1.47216796875,1.51947021484375,0
3884,0.486358,1.4459228515625,1.5576171875,0
3885,0.486483,1.419830322265625,1.595458984375,0
3886,0.486609,1.392822265625,1.63177490234375,0
3887,0.486734,1.36505126953125,1.66656494140625,0
3888,0.486859,1.338653564453125,1.701507568359375,0
3889,0.486984,1.31439208984375,1.737213134765625,0
3890,0.48711,1.291046142578125,1.77215576171875,0
3891,0.487235,1.26739501953125,1.804962158203125,0
3892,0.48736,1.2432861328125,1.834869384765625,0
3893,0.487485,1.220245361328125,1.8634033203125,0
3894,0.487611,1.199493408203125,1.891632080078125,0
3895,0.487736,1.18072509765625,1.9189453125,0
3896,0.487861,1.16241455078125,1.94366455078125,0
3897,0.487986,1.143646240234375,1.964569091796875,0
3898,0.488112,1.12579345703125,1.98272705078125,0
3899,0.488237,1.1102294921875,1.99981689453125,0
3900,0.488362,1.097259521484375,2.015533447265625,0
3901,0.488487,1.08551025390625,2.028656005859375,0
3902,0.488613,1.073760986328125,2.03765869140625,0
3903,0.488738,1.062469482421875,2.0428466796875,0
3904,0.488863,1.053314208984375,2.04620361328125,0
3905,0.488988,1.04705810546875,2.048187255859375,0
3906,0.489114,1.042633056640625,2.0477294921875,0
3907,0.489239,1.038665771484375,2.043304443359375,0
3908,0.489364,1.03485107421875,2.034759521484375,0
3909,0.489489,1.03271484375,2.02362060546875,0
3910,0.489615,1.033477783203125,2.011260986328125,0
3911,0.48974,1.03668212890625,1.997222900390625,0
3912,0.489865,1.040802001953125,1.979827880859375,0
3913,0.48999,1.044769287109375,1.958465576171875,0
3914,0.490116,1.0498046875,1.9342041015625,0
3915,0.490241,1.05743408203125,1.90887451171875,0
3916,0.490366,1.06781005859375,1.882781982421875,0
3917,0.490491,1.07940673828125,1.854400634765625,0
3918,0.490617,1.090850830078125,1.82281494140625,0
3919,0.490742,1.102752685546875,1.788482666015625,0
3920,0.490867,1.11663818359375,1.753387451171875,0
3921,0.490992,1.13311767578125,1.71844482421875,0
3922,0.491118,1.151275634765625,1.6827392578125,0
3923,0.491243,1.169281005859375,1.644744873046875,0
3924,0.491368,1.1871337890625,1.604766845703125,0
3925,0.491493,1.2060546875,1.5643310546875,0
3926,0.491619,1.227264404296875,1.52496337890625,0
3927,0.491744,1.25030517578125,1.486358642578125,0
3928,0.491869,1.273345947265625,1.4471435546875,0
3929,0.491994,1.2957763671875,1.40655517578125,0
3930,0.49212,1.318206787109375,1.366119384765625,0
3931,0.492245,1.34246826171875,1.327362060546875,0
3932,0.49237,1.368408203125,1.290740966796875,0
3933,0.492495,1.3946533203125,1.255035400390625,0
3934,0.49262,1.419677734375,1.21917724609375,0
3935,0.492746,1.444091796875,1.18377685546875,0
3936,0.492871,1.469268798828125,1.150665283203125,0
3937,0.492996,1.4959716796875,1.120758056640625,0
3938,0.493121,1.52313232421875,1.093292236328125,0
3939,0.493247,1.548919677734375,1.066741943359375,0
3940,0.493372,1.57318115234375,1.04095458984375,0
3941,0.493497,1.597442626953125,1.01776123046875,0
3942,0.493622,1.62261962890625,0.998382568359375,0
3943,0.493748,1.648406982421875,0.98236083984375,0
3944,0.493873,1.6729736328125,0.968475341796875,0
3945,0.493998,1.695404052734375,0.955657958984375,0
3946,0.494123,1.71661376953125,0.945281982421875,0
3947,0.494249,1.73828125,0.938873291015625,0
3948,0.494374,1.76055908203125,0.93658447265625,0
3949,0.494499,1.7816162109375,0.9368896484375,0
3950,0.494624,1.800384521484375,0.938720703125,0
3951,0.49475,1.81732177734375,0.9423828125,0
3952,0.494875,1.833648681640625,0.949554443359375,0
3953,0.495,1.850433349609375,0.96099853515625,0
3954,0.495125,1.866455078125,0.975494384765625,0
3955,0.495251,1.880035400390625,0.99151611328125,0
3956,0.495376,1.89117431640625,1.008758544921875,0
3957,0.495501,1.90093994140625,1.0284423828125,0
3958,0.495626,1.9110107421875,1.05194091796875,0
3959,0.495752,1.92047119140625,1.078643798828125,0
3960,0.495877,1.92779541015625,1.1065673828125,0
3961,0.496002,1.932373046875,1.13494873046875,0
3962,0.496127,1.934814453125,1.16455078125,0
3963,0.496253,1.937103271484375,1.1968994140625,0
3964,0.496378,1.939239501953125,1.23199462890625,0
3965,0.496503,1.939697265625,1.268157958984375,0
3966,0.496628,1.937408447265625,1.303863525390625,0
3967,0.496754,1.932525634765625,1.33941650390625,0
3968,0.496879,1.927032470703125,1.376190185546875,0
3969,0.497004,1.92138671875,1.414947509765625,0
3970,0.497129,1.91497802734375,1.454315185546875,0
3971,0.497255,1.90582275390625,1.49261474609375,0
3972,0.49738,1.894073486328125,1.529388427734375,0
3973,0.497505,1.881103515625,1.56585693359375,0
3974,0.49763,1.8682861328125,1.60308837890625,0
3975,0.497756,1.855316162109375,1.640472412109375,0
3976,0.497881,1.8402099609375,1.676177978515625,0
3977,0.498006,1.822509765625,1.70928955078125,0
3978,0.498131,1.803436279296875,1.74041748046875,0
3979,0.498257,1.78436279296875,1.771392822265625,0
3980,0.498382,1.765594482421875,1.8017578125,0
3981,0.498507,1.745758056640625,1.830291748046875,0
3982,0.498632,1.7236328125,1.855316162109375,0
3983,0.498758,1.6998291015625,1.877288818359375,0
3984,0.498883,1.676025390625,1.897735595703125,0
3985,0.499008,1.652984619140625,1.917266845703125,0
3986,0.499133,1.62994384765625,1.934814453125,0
3987,0.499259,1.605224609375,1.948699951171875,0
3988,0.499384,1.57867431640625,1.9586181640625,0
3989,0.499509,1.5521240234375,1.9659423828125,0
3990,0.499634,1.526641845703125,1.9720458984375,0
3991,0.49976,1.5020751953125,1.976470947265625,0
3992,0.499885,1.47674560546875,1.977386474609375,0
3993,0.50001,1.44989013671875,1.97418212890625,0
3994,0.500135,1.4227294921875,1.9677734375,0
3995,0.500261,1.39678955078125,1.959991455078125,0
3996,0.500386,1.372528076171875,1.950836181640625,0
3997,0.500511,1.34857177734375,1.938934326171875,0
3998,0.500636,1.32354736328125,1.9232177734375,0
3999,0.500762,1.298065185546875,1.904144287109375,0
4000,0.500887,1.273956298828125,1.883544921875,0
4001,0.501012,1.251983642578125,1.862335205078125,0
4002,0.501137,1.231231689453125,1.839447021484375,0
4003,0.501263,1.21002197265625,1.81365966796875,0
4004,0.501388,1.188507080078125,1.78466796875,0
4005,0.501513,1.168060302734375,1.75445556640625,0
4006,0.501638,1.15020751953125,1.724090576171875,0
4007,0.501764,1.134185791015625,1.693572998046875,0
4008,0.501889,1.1187744140625,1.661376953125,0
4009,0.502014,1.1029052734375,1.62689208984375,0
4010,0.502139,1.088104248046875,1.5911865234375,0
4011,0.502265,1.075592041015625,1.556243896484375,0
4012,0.50239,1.065673828125,1.52252197265625,0
4013,0.502515,1.05712890625,1.488494873046875,0
4014,0.50264,1.048583984375,1.453094482421875,0
4015,0.502766,1.04034423828125,1.417236328125,0
4016,0.502891,1.0345458984375,1.382598876953125,0
4017,0.503016,1.031494140625,1.350250244140625,0
4018,0.503141,1.03057861328125,1.31927490234375,0
4019,0.503267,1.02996826171875,1.28814697265625,0
4020,0.503392,1.029510498046875,1.257171630859375,0
4021,0.503517,1.030731201171875,1.22772216796875,0
4022,0.503642,1.035003662109375,1.201324462890625,0
4023,0.503768,1.04156494140625,1.177825927734375,0
4024,0.503893,1.049041748046875,1.1553955078125,0
4025,0.504018,1.0565185546875,1.13372802734375,0
4026,0.504143,1.0650634765625,1.11358642578125,0
4027,0.504269,1.0760498046875,1.09710693359375,0
4028,0.504394,1.089935302734375,1.08428955078125,0
4029,0.504519,1.104888916015625,1.073760986328125,0
4030,0.504644,1.119842529296875,1.064453125,0
4031,0.50477,1.135101318359375,1.056671142578125,0
4032,0.504895,1.15234375,1.052398681640625,0
4033,0.50502,1.17218017578125,1.05224609375,0
4034,0.505145,1.19354248046875,1.055145263671875,0
4035,0.505271,1.21490478515625,1.0595703125,0
4036,0.505396,1.235809326171875,1.06536865234375,0
4037,0.505521,1.2579345703125,1.074066162109375,0
4038,0.505646,1.2823486328125,1.086578369140625,0
4039,0.505772,1.308441162109375,1.10260009765625,0
4040,0.505897,1.33453369140625,1.120452880859375,0
4041,0.506022,1.359710693359375,1.139068603515625,0
4042,0.506147,1.385040283203125,1.159515380859375,0
4043,0.506273,1.41204833984375,1.183319091796875,0
4044,0.506398,1.44073486328125,1.2103271484375,0
4045,0.506523,1.469573974609375,1.239166259765625,0
4046,0.506648,1.4971923828125,1.268157958984375,0
4047,0.506774,1.5240478515625,1.29791259765625,0
4048,0.506899,1.551513671875,1.329498291015625,0
4049,0.507024,1.58050537109375,1.363983154296875,0
4050,0.507149,1.60980224609375,1.39984130859375,0
4051,0.507275,1.637725830078125,1.43524169921875,0
4052,0.5074,1.663970947265625,1.470184326171875,0
4053,0.507525,1.689910888671875,1.50543212890625,0
4054,0.50765,1.7169189453125,1.542510986328125,0
4055,0.507776,1.744232177734375,1.58050537109375,0
4056,0.507901,1.770172119140625,1.61773681640625,0
4057,0.508026,1.7938232421875,1.652984619140625,0
4058,0.508151,1.81640625,1.687164306640625,0
4059,0.508277,1.839141845703125,1.721649169921875,0
4060,0.508402,1.8621826171875,1.756591796875,0
4061,0.508527,1.8841552734375,1.7901611328125,0
4062,0.508652,1.903533935546875,1.82098388671875,0
4063,0.508778,1.9207763671875,1.849365234375,0
4064,0.508903,1.93756103515625,1.876678466796875,0
4065,0.509028,1.954498291015625,1.903533935546875,0
4066,0.509153,1.97052001953125,1.92901611328125,0
4067,0.509279,1.98394775390625,1.95098876953125,0
4068,0.509404,1.994781494140625,1.969451904296875,0
4069,0.509529,2.00408935546875,1.985626220703125,0
4070,0.509654,2.013397216796875,2.000732421875,0
4071,0.50978,2.022247314453125,2.01416015625,0
4072,0.509905,2.028656005859375,2.024383544921875,0
4073,0.51003,2.032012939453125,2.030181884765625,0
4074,0.510155,2.03338623046875,2.032928466796875,0
4075,0.510281,2.0343017578125,2.033843994140625,0
4076,0.510406,2.034912109375,2.03338623046875,0
4077,0.510531,2.03369140625,2.029876708984375,0
4078,0.510656,2.0294189453125,2.022247314453125,0
4079,0.510782,2.022552490234375,2.01080322265625,0
4080,0.510907,2.0147705078125,1.997222900390625,0
4081,0.511032,2.006988525390625,1.982574462890625,0
4082,0.511157,1.99798583984375,1.965789794921875,0
4083,0.511283,1.986236572265625,1.9451904296875,0
4084,0.511408,1.97174072265625,1.920928955078125,0
4085,0.511533,1.956024169921875,1.89453125,0
4086,0.511658,1.940155029296875,1.86737060546875,0
4087,0.511784,1.923828125,1.839141845703125,0
4088,0.511909,1.905517578125,1.808319091796875,0
4089,0.512034,1.88446044921875,1.7742919921875,0
4090,0.512159,1.861724853515625,1.738128662109375,0
4091,0.512285,1.839141845703125,1.70196533203125,0
4092,0.51241,1.816558837890625,1.665802001953125,0
4093,0.512535,1.79290771484375,1.628570556640625,0
4094,0.51266,1.766815185546875,1.58905029296875,0
4095,0.512786,1.739044189453125,1.548004150390625,0
4096,0.512911,1.710968017578125,1.50726318359375,0
4097,0.513036,1.683807373046875,1.467742919921875,0
4098,0.513161,1.656494140625,1.4288330078125,0
4099,0.513287,1.627349853515625,1.38885498046875,0
4100,0.513412,1.596527099609375,1.348114013671875,0
4101,0.513537,1.565399169921875,1.308135986328125,0
4102,0.513662,1.535491943359375,1.270599365234375,0
4103,0.513788,1.506195068359375,1.234893798828125,0
4104,0.513913,1.476287841796875,1.199798583984375,0
4105,0.514038,1.444854736328125,1.164703369140625,0
4106,0.514163,1.4129638671875,1.13067626953125,0
4107,0.514289,1.3824462890625,1.099700927734375,0
4108,0.514414,1.353607177734375,1.071929931640625,0
4109,0.514539,1.324920654296875,1.046142578125,0
4110,0.514664,1.295166015625,1.0211181640625,0
4111,0.51479,1.265106201171875,0.99761962890625,0
4112,0.514915,1.236419677734375,0.977325439453125,0
4113,0.51504,1.209869384765625,0.96099853515625,0
4114,0.515165,1.184539794921875,0.9478759765625,0
4115,0.515291,1.1590576171875,0.936279296875,0
4116,0.515417,1.13311767578125,0.92620849609375,0
4117,0.515542,1.108245849609375,0.919189453125,0
4118,0.515667,1.08612060546875,0.91644287109375,0
4119,0.515792,1.06597900390625,0.91766357421875,0
4120,0.515918,1.04644775390625,0.9210205078125,0
4121,0.516043,1.026611328125,0.925750732421875,0
4122,0.516168,1.007843017578125,0.93292236328125,0
4123,0.516293,0.99151611328125,0.944061279296875,0
4124,0.516419,0.97808837890625,0.959320068359375,0
4125,0.516544,0.966033935546875,0.977020263671875,0
4126,0.516669,0.9539794921875,0.995941162109375,0
4127,0.516795,0.94268798828125,1.0162353515625,0
4128,0.51692,0.933685302734375,1.03973388671875,0
4129,0.517045,0.927886962890625,1.067047119140625,0
4130,0.51717,0.924072265625,1.0968017578125,0
4131,0.517296,0.920867919921875,1.1273193359375,0
4132,0.517421,0.91796875,1.158294677734375,0
4133,0.517546,0.916900634765625,1.190948486328125,0
4134,0.517671,0.919036865234375,1.22650146484375,0
4135,0.517797,0.923919677734375,1.26434326171875,0
4136,0.517922,0.9295654296875,1.302490234375,0
4137,0.518047,0.9356689453125,1.339874267578125,0
4138,0.518172,0.942840576171875,1.3775634765625,0
4139,0.518298,0.9527587890625,1.41693115234375,0
4140,0.518423,0.965728759765625,1.457672119140625,0
4141,0.518548,0.980072021484375,1.4984130859375,0
4142,0.518673,0.994415283203125,1.5374755859375,0
4143,0.518799,1.009521484375,1.575164794921875,0
4144,0.518924,1.026611328125,1.61285400390625,0
4145,0.519049,1.046600341796875,1.651458740234375,0
4146,0.519174,1.06842041015625,1.689300537109375,0
4147,0.5193,1.09039306640625,1.724853515625,0
4148,0.519425,1.112060546875,1.757659912109375,0
4149,0.51955,1.13525390625,1.78924560546875,0
4150,0.519675,1.160888671875,1.82037353515625,0
4151,0.519801,1.1883544921875,1.8505859375,0
4152,0.519926,1.21612548828125,1.8780517578125,0
4153,0.520051,1.2432861328125,1.90185546875,0
4154,0.520176,1.270751953125,1.92291259765625,0
4155,0.520304,1.299896240234375,1.9427490234375,0
4156,0.520427,1.3311767578125,1.96136474609375,0
4157,0.520552,1.36260986328125,1.97723388671875,0
4158,0.520678,1.39312744140625,1.988983154296875,0
4159,0.520803,1.42303466796875,1.997222900390625,0
4160,0.520928,1.453704833984375,2.003326416015625,0
4161,0.521053,1.486053466796875,2.008056640625,0
4162,0.521179,1.519012451171875,2.010498046875,0
4163,0.521304,1.55059814453125,2.00897216796875,0
4164,0.521429,1.580810546875,2.003326416015625,0
4165,0.521554,1.610870361328125,1.995086669921875,0
4166,0.52168,1.641998291015625,1.985626220703125,0
4167,0.521805,1.673736572265625,1.9744873046875,0
4168,0.52193,1.7041015625,1.96014404296875,0
4169,0.522055,1.73248291015625,1.941680908203125,0
4170,0.522181,1.7596435546875,1.920623779296875,0
4171,0.522306,1.787261962890625,1.89849853515625,0
4172,0.522431,1.815338134765625,1.875457763671875,0
4173,0.522556,1.842193603515625,1.850433349609375,0
4174,0.522682,1.86676025390625,1.822052001953125,0
4175,0.522807,1.889190673828125,1.79107666015625,0
4176,0.522932,1.911163330078125,1.759490966796875,0
4177,0.523057,1.933441162109375,1.728057861328125,0
4178,0.523183,1.954803466796875,1.69586181640625,0
4179,0.523308,1.973724365234375,1.66168212890625,0
4180,0.523433,1.989898681640625,1.6253662109375,0
4181,0.523558,2.00469970703125,1.5887451171875,0
4182,0.523684,2.019500732421875,1.553192138671875,0
4183,0.523809,2.03369140625,1.5185546875,0
4184,0.523934,2.04559326171875,1.483154296875,0
4185,0.524059,2.054443359375,1.446685791015625,0
4186,0.524185,2.0611572265625,1.41021728515625,0
4187,0.52431,2.0672607421875,1.375579833984375,0
4188,0.524435,2.073211669921875,1.343231201171875,0
4189,0.52456,2.077178955078125,1.311798095703125,0
4190,0.524686,2.078094482421875,1.28021240234375,0
4191,0.524811,2.076263427734375,1.24908447265625,0
4192,0.524936,2.073516845703125,1.220245361328125,0
4193,0.525061,2.070465087890625,1.194610595703125,0
4194,0.525187,2.06634521484375,1.171417236328125,0
4195,0.525312,2.059326171875,1.14898681640625,0
4196,0.525437,2.049407958984375,1.12762451171875,0
4197,0.525562,2.0379638671875,1.108551025390625,0
4198,0.525688,2.0263671875,1.093292236328125,0
4199,0.525813,2.01416015625,1.08154296875,0
4200,0.525938,1.99981689453125,1.07147216796875,0
4201,0.526063,1.982574462890625,1.0626220703125,0
4202,0.526189,1.9635009765625,1.056060791015625,0
4203,0.526314,1.944122314453125,1.053314208984375,0
4204,0.526439,1.924896240234375,1.054534912109375,0
4205,0.526564,1.904296875,1.058349609375,0
4206,0.52669,1.881256103515625,1.063385009765625,0
4207,0.526815,1.855926513671875,1.070098876953125,0
4208,0.52694,1.8304443359375,1.080169677734375,0
4209,0.527065,1.805572509765625,1.0943603515625,0
4210,0.527191,1.780242919921875,1.111297607421875,0
4211,0.527316,1.7529296875,1.129608154296875,0
4212,0.527441,1.723785400390625,1.148834228515625,0
4213,0.527566,1.69403076171875,1.17034912109375,0
4214,0.527692,1.665191650390625,1.19537353515625,0
4215,0.527817,1.636962890625,1.22314453125,0
4216,0.527942,1.607818603515625,1.25213623046875,0
4217,0.528067,1.576690673828125,1.2811279296875,0
4218,0.528193,1.54510498046875,1.31103515625,0
4219,0.528318,1.514739990234375,1.343536376953125,0
4220,0.528443,1.485595703125,1.378326416015625,0
4221,0.528568,1.456451416015625,1.41387939453125,0
4222,0.528694,1.42608642578125,1.44866943359375,0
4223,0.528819,1.395111083984375,1.483001708984375,0
4224,0.528944,1.3653564453125,1.51824951171875,0
4225,0.529069,1.337432861328125,1.55517578125,0
4226,0.529195,1.310577392578125,1.5924072265625,0
4227,0.52932,1.28326416015625,1.62811279296875,0
4228,0.529445,1.255340576171875,1.6619873046875,0
4229,0.52957,1.22833251953125,1.69525146484375,0
4230,0.529696,1.20361328125,1.728973388671875,0
4231,0.529821,1.1810302734375,1.7626953125,0
4232,0.529946,1.158599853515625,1.794281005859375,0
4233,0.530071,1.1358642578125,1.822967529296875,0
4234,0.530197,1.1138916015625,1.849517822265625,0
4235,0.530322,1.094207763671875,1.87530517578125,0
4236,0.530447,1.0772705078125,1.900634765625,0
4237,0.530572,1.0614013671875,1.923675537109375,0
4238,0.530698,1.045684814453125,1.94305419921875,0
4239,0.530823,1.0302734375,1.959075927734375,0
4240,0.530948,1.01715087890625,1.9732666015625,0
4241,0.531074,1.006927490234375,1.986541748046875,0
4242,0.531199,0.99884033203125,1.997528076171875,0
4243,0.531324,0.991058349609375,2.004852294921875,0
4244,0.531449,0.98358154296875,2.007904052734375,0
4245,0.531575,0.977783203125,2.00836181640625,0
4246,0.5317,0.97503662109375,2.007598876953125,0
4247,0.531825,0.974884033203125,2.004852294921875,0
4248,0.53195,0.97564697265625,1.99859619140625,0
4249,0.532076,0.9765625,1.98822021484375,0
4250,0.532201,0.97869873046875,1.974639892578125,0
4251,0.532326,0.983428955078125,1.95953369140625,0
4252,0.532451,0.9912109375,1.94305419921875,0
4253,0.532577,1.000213623046875,1.92413330078125,0
4254,0.532702,1.009521484375,1.9012451171875,0
4255,0.532827,1.019134521484375,1.875152587890625,0
4256,0.532952,1.031036376953125,1.8475341796875,0
4257,0.533078,1.04583740234375,1.8194580078125,0
4258,0.533203,1.06231689453125,1.78985595703125,0
4259,0.533328,1.0791015625,1.75750732421875,0
4260,0.533453,1.095733642578125,1.722259521484375,0
4261,0.533579,1.11358642578125,1.685638427734375,0
4262,0.533704,1.134185791015625,1.64947509765625,0
4263,0.533829,1.1566162109375,1.613006591796875,0
4264,0.533954,1.17950439453125,1.5753173828125,0
4265,0.53408,1.2017822265625,1.53533935546875,0
4266,0.534205,1.224365234375,1.494598388671875,0
4267,0.53433,1.248931884765625,1.45477294921875,0
4268,0.534455,1.275482177734375,1.41632080078125,0
4269,0.534581,1.302642822265625,1.378021240234375,0
4270,0.534706,1.3287353515625,1.338653564453125,0
4271,0.534831,1.3543701171875,1.29913330078125,0
4272,0.534956,1.381072998046875,1.260986328125,0
4273,0.535082,1.409454345703125,1.225433349609375,0
4274,0.535207,1.438446044921875,1.191558837890625,0
4275,0.535332,1.466522216796875,1.157989501953125,0
4276,0.535457,1.49322509765625,1.124725341796875,0
4277,0.535583,1.519927978515625,1.09344482421875,0
4278,0.535708,1.5478515625,1.06536865234375,0
4279,0.535833,1.5765380859375,1.040496826171875,0
4280,0.535958,1.604156494140625,1.01715087890625,0
4281,0.536084,1.629791259765625,0.99456787109375,0
4282,0.536209,1.654510498046875,0.97412109375,0
4283,0.536334,1.679840087890625,0.95733642578125,0
4284,0.536459,1.705780029296875,0.944671630859375,0
4285,0.536585,1.730804443359375,0.934600830078125,0
4286,0.53671,1.753692626953125,0.9259033203125,0
4287,0.536835,1.77459716796875,0.919036865234375,0
4288,0.53696,1.79534912109375,0.91583251953125,0
4289,0.537086,1.81640625,0.91705322265625,0
4290,0.537211,1.837005615234375,0.921478271484375,0
4291,0.537336,1.85516357421875,0.927734375,0
4292,0.537461,1.8707275390625,0.935516357421875,0
4293,0.537587,1.885223388671875,0.94635009765625,0
4294,0.537712,1.9000244140625,0.9613037109375,0
4295,0.537837,1.914215087890625,0.979766845703125,0
4296,0.537962,1.926422119140625,1.0003662109375,0
4297,0.538088,1.935577392578125,1.021728515625,0
4298,0.538213,1.94305419921875,1.045074462890625,0
4299,0.538338,1.9500732421875,1.071929931640625,0
4300,0.538463,1.956939697265625,1.102142333984375,0
4301,0.538589,1.9622802734375,1.134185791015625,0
4302,0.538714,1.96441650390625,1.166534423828125,0
4303,0.538839,1.964263916015625,1.199493408203125,0
4304,0.538964,1.963348388671875,1.2347412109375,0
4305,0.53909,1.9622802734375,1.2725830078125,0
4306,0.539215,1.96014404296875,1.31195068359375,0
4307,0.53934,1.955413818359375,1.35101318359375,0
4308,0.539465,1.947784423828125,1.38946533203125,0
4309,0.539591,1.938934326171875,1.428375244140625,0
4310,0.539716,1.930084228515625,1.4691162109375,0
4311,0.539841,1.9207763671875,1.5106201171875,0
4312,0.539966,1.909332275390625,1.551361083984375,0
4313,0.540092,1.8951416015625,1.59027099609375,0
4314,0.540217,1.8792724609375,1.62811279296875,0
4315,0.540342,1.863250732421875,1.666259765625,0
4316,0.540467,1.8475341796875,1.7047119140625,0
4317,0.540593,1.8304443359375,1.741790771484375,0
4318,0.540718,1.8109130859375,1.776123046875,0
4319,0.540843,1.789398193359375,1.807861328125,0
4320,0.540968,1.767730712890625,1.83868408203125,0
4321,0.541094,1.746673583984375,1.869049072265625,0
4322,0.541219,1.725311279296875,1.897735595703125,0
4323,0.541344,1.702117919921875,1.9232177734375,0
4324,0.541469,1.67694091796875,1.945037841796875,0
4325,0.541595,1.65130615234375,1.96441650390625,0
4326,0.54172,1.626739501953125,1.982879638671875,0
4327,0.541845,1.602630615234375,1.999664306640625,0
4328,0.54197,1.577606201171875,2.012939453125,0
4329,0.542096,1.5509033203125,2.0220947265625,0
4330,0.542221,1.523590087890625,2.028045654296875,0
4331,0.542346,1.497344970703125,2.032318115234375,0
4332,0.542471,1.47247314453125,2.035064697265625,0
4333,0.542597,1.447601318359375,2.034759521484375,0
4334,0.542722,1.4215087890625,2.03033447265625,0
4335,0.542847,1.394805908203125,2.0220947265625,0
4336,0.542972,1.369171142578125,2.01202392578125,0
4337,0.543098,1.345367431640625,2.000579833984375,0
4338,0.543223,1.3226318359375,1.98699951171875,0
4339,0.543348,1.299285888671875,1.969757080078125,0
4340,0.543473,1.275482177734375,1.9488525390625,0
4341,0.543599,1.25244140625,1.925811767578125,0
4342,0.543724,1.231689453125,1.902008056640625,0
4343,0.543849,1.212921142578125,1.877288818359375,0
4344,0.543974,1.194305419921875,1.849822998046875,0
4345,0.5441,1.17523193359375,1.819305419921875,0
4346,0.544225,1.156768798828125,1.78680419921875,0
4347,0.54435,1.1407470703125,1.753997802734375,0
4348,0.544475,1.127166748046875,1.721343994140625,0
4349,0.544601,1.114654541015625,1.6876220703125,0
4350,0.544726,1.102142333984375,1.651763916015625,0
4351,0.544851,1.089935302734375,1.6143798828125,0
4352,0.544976,1.0797119140625,1.5771484375,0
4353,0.545102,1.072540283203125,1.541290283203125,0
4354,0.545227,1.06719970703125,1.50604248046875,0
4355,0.545352,1.06201171875,1.4697265625,0
4356,0.545477,1.05712890625,1.4324951171875,0
4357,0.545603,1.05377197265625,1.39617919921875,0
4358,0.545728,1.053466796875,1.36199951171875,0
4359,0.545853,1.055450439453125,1.3299560546875,0
4360,0.545978,1.058349609375,1.2982177734375,0
4361,0.546104,1.061248779296875,1.2664794921875,0
4362,0.546229,1.0650634765625,1.235809326171875,0
4363,0.546354,1.071624755859375,1.208038330078125,0
4364,0.546479,1.080780029296875,1.1834716796875,0
4365,0.546605,1.09130859375,1.160736083984375,0
4366,0.54673,1.101837158203125,1.13861083984375,0
4367,0.546855,1.1126708984375,1.11785888671875,0
4368,0.54698,1.12548828125,1.10015869140625,0
4369,0.547106,1.141204833984375,1.08642578125,0
4370,0.547231,1.158447265625,1.075592041015625,0
4371,0.547356,1.175689697265625,1.0662841796875,0
4372,0.547481,1.192779541015625,1.058197021484375,0
4373,0.547607,1.211090087890625,1.053009033203125,0
4374,0.547732,1.231842041015625,1.051788330078125,0
4375,0.547857,1.254425048828125,1.054229736328125,0
4376,0.547982,1.27716064453125,1.058807373046875,0
4377,0.548108,1.29913330078125,1.064300537109375,0
4378,0.548233,1.321563720703125,1.072235107421875,0
4379,0.548358,1.345672607421875,1.08367919921875,0
4380,0.548483,1.371612548828125,1.09893798828125,0
4381,0.548609,1.397857666015625,1.116485595703125,0
4382,0.548734,1.423187255859375,1.13494873046875,0
4383,0.548859,1.447906494140625,1.154632568359375,0
4384,0.548984,1.473541259765625,1.17706298828125,0
4385,0.54911,1.500701904296875,1.2030029296875,0
4386,0.549235,1.528472900390625,1.2310791015625,0
4387,0.54936,1.555023193359375,1.259613037109375,0
4388,0.549485,1.5802001953125,1.288299560546875,0
4389,0.549611,1.605224609375,1.318511962890625,0
4390,0.549736,1.6314697265625,1.351318359375,0
4391,0.549861,1.6583251953125,1.38580322265625,0
4392,0.549986,1.6839599609375,1.42059326171875,0
4393,0.550112,1.707611083984375,1.454315185546875,0
4394,0.550237,1.730194091796875,1.487884521484375,0
4395,0.550362,1.753387451171875,1.5228271484375,0
4396,0.550487,1.776885986328125,1.558990478515625,0
4397,0.550613,1.79962158203125,1.5948486328125,0
4398,0.550738,1.819915771484375,1.62872314453125,0
4399,0.550863,1.83837890625,1.66107177734375,0
4400,0.550989,1.85638427734375,1.693267822265625,0
4401,0.551114,1.874847412109375,1.725921630859375,0
4402,0.551239,1.892547607421875,1.7578125,0
4403,0.551364,1.907958984375,1.787109375,0
4404,0.55149,1.9207763671875,1.81365966796875,0
4405,0.551615,1.932373046875,1.838531494140625,0
4406,0.55174,1.9439697265625,1.862945556640625,0
4407,0.551865,1.95526123046875,1.88629150390625,0
4408,0.551991,1.964263916015625,1.90673828125,0
4409,0.552116,1.970367431640625,1.92352294921875,0
4410,0.552241,1.974639892578125,1.937408447265625,0
4411,0.552366,1.97845458984375,1.9500732421875,0
4412,0.552492,1.98211669921875,1.961517333984375,0
4413,0.552617,1.984100341796875,1.97021484375,0
4414,0.552742,1.983184814453125,1.97479248046875,0
4415,0.552867,1.97967529296875,1.9757080078125,0
4416,0.552993,1.975250244140625,1.974639892578125,0
4417,0.553118,1.970977783203125,1.97235107421875,0
4418,0.553243,1.965484619140625,1.9677734375,0
4419,0.553368,1.9573974609375,1.959381103515625,0
4420,0.553494,1.9464111328125,1.946868896484375,0
4421,0.553619,1.9342041015625,1.93206787109375,0
4422,0.553744,1.9219970703125,1.916046142578125,0
4423,0.553869,1.909332275390625,1.898651123046875,0
4424,0.553995,1.894683837890625,1.878204345703125,0
4425,0.55412,1.87713623046875,1.85394287109375,0
4426,0.554245,1.858062744140625,1.82708740234375,0
4427,0.55437,1.838836669921875,1.799468994140625,0
4428,0.554495,1.81976318359375,1.771240234375,0
4429,0.554621,1.799468994140625,1.741180419921875,0
4430,0.554746,1.7767333984375,1.708221435546875,0
4431,0.554871,1.752166748046875,1.6729736328125,0
4432,0.554996,1.727447509765625,1.63726806640625,0
4433,0.555122,1.703338623046875,1.60186767578125,0
4434,0.555247,1.678924560546875,1.566314697265625,0
4435,0.555372,1.652679443359375,1.5289306640625,0
4436,0.555497,1.624603271484375,1.4898681640625,0
4437,0.555623,1.596221923828125,1.450653076171875,0
4438,0.555748,1.56890869140625,1.4129638671875,0
4439,0.555873,1.54205322265625,1.3763427734375,0
4440,0.555998,1.514434814453125,1.339569091796875,0
4441,0.556124,1.485137939453125,1.3018798828125,0
4442,0.556249,1.455230712890625,1.264495849609375,0
4443,0.556374,1.42669677734375,1.229400634765625,0
4444,0.556499,1.3995361328125,1.196746826171875,0
4445,0.556625,1.37237548828125,1.165313720703125,0
4446,0.55675,1.344146728515625,1.134033203125,0
4447,0.556875,1.3153076171875,1.103515625,0
4448,0.557,1.287689208984375,1.07574462890625,0
4449,0.557126,1.262054443359375,1.05133056640625,0
4450,0.557251,1.23748779296875,1.0296630859375,0
4451,0.557376,1.212615966796875,1.009063720703125,0
4452,0.557501,1.1871337890625,0.989532470703125,0
4453,0.557627,1.1627197265625,0.972747802734375,0
4454,0.557752,1.140594482421875,0.9600830078125,0
4455,0.557877,1.120452880859375,0.950927734375,0
4456,0.558002,1.10076904296875,0.94390869140625,0
4457,0.558128,1.080780029296875,0.9381103515625,0
4458,0.558253,1.0614013671875,0.93475341796875,0
4459,0.558378,1.04461669921875,0.93536376953125,0
4460,0.558503,1.030426025390625,0.94024658203125,0
4461,0.558629,1.0174560546875,0.947723388671875,0
4462,0.558754,1.004486083984375,0.956573486328125,0
4463,0.558879,0.99212646484375,0.967254638671875,0
4464,0.559004,0.98175048828125,0.981292724609375,0
4465,0.55913,0.974578857421875,0.99945068359375,0
4466,0.559255,0.969390869140625,1.020660400390625,0
4467,0.55938,0.964508056640625,1.0430908203125,0
4468,0.559505,0.9600830078125,1.06658935546875,0
4469,0.559631,0.95733642578125,1.092376708984375,0
4470,0.559756,0.9576416015625,1.121673583984375,0
4471,0.559881,0.960540771484375,1.15386962890625,0
4472,0.560006,0.964202880859375,1.186981201171875,0
4473,0.560132,0.968170166015625,1.220245361328125,0
4474,0.560257,0.973358154296875,1.25457763671875,0
4475,0.560382,0.98114013671875,1.29119873046875,0
4476,0.560507,0.991973876953125,1.330108642578125,0
4477,0.560633,1.0040283203125,1.369781494140625,0
4478,0.560758,1.016387939453125,1.40869140625,0
4479,0.560883,1.029052734375,1.446990966796875,0
4480,0.561008,1.04400634765625,1.486358642578125,0
4481,0.561134,1.061859130859375,1.527099609375,0
4482,0.561259,1.081390380859375,1.568145751953125,0
4483,0.561384,1.10107421875,1.607666015625,0
4484,0.561509,1.120758056640625,1.64520263671875,0
4485,0.561635,1.14166259765625,1.68212890625,0
4486,0.56176,1.1651611328125,1.719512939453125,0
4487,0.561885,1.190643310546875,1.756591796875,0
4488,0.56201,1.2164306640625,1.79168701171875,0
4489,0.562136,1.241455078125,1.82373046875,0
4490,0.562261,1.26708984375,1.8536376953125,0
4491,0.562386,1.2945556640625,1.882781982421875,0
4492,0.562511,1.3238525390625,1.911163330078125,0
4493,0.562637,1.353759765625,1.937255859375,0
4494,0.562762,1.382598876953125,1.959686279296875,0
4495,0.562887,1.410980224609375,1.978759765625,0
4496,0.563012,1.4404296875,1.99615478515625,0
4497,0.563138,1.471405029296875,2.0123291015625,0
4498,0.563263,1.503143310546875,2.026214599609375,0
4499,0.563388,1.533660888671875,2.036285400390625,0
4500,0.563513,1.56280517578125,2.042388916015625,0
4501,0.563639,1.591949462890625,2.045745849609375,0
4502,0.563764,1.622314453125,2.0477294921875,0
4503,0.563889,1.6534423828125,2.047882080078125,0
4504,0.564014,1.683349609375,2.04437255859375,0
4505,0.56414,1.711273193359375,2.036895751953125,0
4506,0.564265,1.738128662109375,2.02606201171875,0
4507,0.56439,1.76544189453125,2.013702392578125,0
4508,0.564515,1.793365478515625,2.000274658203125,0
4509,0.564641,1.82037353515625,1.984100341796875,0
4510,0.564766,1.8450927734375,1.964111328125,0
4511,0.564891,1.86767578125,1.940765380859375,0
4512,0.565016,1.890106201171875,1.91619873046875,0
4513,0.565142,1.912841796875,1.890869140625,0
4514,0.565267,1.934661865234375,1.86431884765625,0
4515,0.565392,1.954193115234375,1.834716796875,0
4516,0.565517,1.97113037109375,1.8023681640625,0
4517,0.565643,1.986846923828125,1.768646240234375,0
4518,0.565768,2.0025634765625,1.7352294921875,0
4519,0.565893,2.017822265625,1.701812744140625,0
4520,0.566018,2.030792236328125,1.6668701171875,0
4521,0.566144,2.04071044921875,1.629791259765625,0
4522,0.566269,2.04864501953125,1.591796875,0
4523,0.566394,2.056121826171875,1.55487060546875,0
4524,0.566519,2.06329345703125,1.5191650390625,0
4525,0.566645,2.068634033203125,1.48345947265625,0
4526,0.56677,2.0709228515625,1.446685791015625,0
4527,0.566895,2.07061767578125,1.40960693359375,0
4528,0.56702,2.06939697265625,1.374053955078125,0
4529,0.567146,2.068023681640625,1.3409423828125,0
4530,0.567271,2.065277099609375,1.309356689453125,0
4531,0.567396,2.059783935546875,1.277923583984375,0
4532,0.567521,2.0513916015625,1.24664306640625,0
4533,0.567647,2.041473388671875,1.217193603515625,0
4534,0.567772,2.031402587890625,1.190948486328125,0
4535,0.567897,2.020721435546875,1.1676025390625,0
4536,0.568022,2.007904052734375,1.1456298828125,0
4537,0.568148,1.992034912109375,1.124267578125,0
4538,0.568273,1.974334716796875,1.104888916015625,0
4539,0.568398,1.95648193359375,1.089019775390625,0
4540,0.568523,1.9384765625,1.076812744140625,0
4541,0.568649,1.91925048828125,1.067047119140625,0
4542,0.568774,1.89727783203125,1.058502197265625,0
4543,0.568899,1.8731689453125,1.0516357421875,0
4544,0.569024,1.8487548828125,1.0479736328125,0
4545,0.56915,1.824798583984375,1.048583984375,0
4546,0.569275,1.80023193359375,1.05224609375,0
4547,0.5694,1.773834228515625,1.057281494140625,0
4548,0.569525,1.74530029296875,1.063690185546875,0
4549,0.569651,1.716156005859375,1.07269287109375,0
4550,0.569776,1.68792724609375,1.08551025390625,0
4551,0.569901,1.660003662109375,1.101837158203125,0
4552,0.570026,1.631011962890625,1.11968994140625,0
4553,0.570152,1.600189208984375,1.138153076171875,0
4554,0.570277,1.568756103515625,1.158294677734375,0
4555,0.570402,1.538238525390625,1.181640625,0
4556,0.570527,1.508941650390625,1.208038330078125,0
4557,0.570653,1.4794921875,1.2359619140625,0
4558,0.570778,1.448822021484375,1.263885498046875,0
4559,0.570903,1.417236328125,1.292266845703125,0
4560,0.571028,1.38671875,1.322479248046875,0
4561,0.571154,1.358184814453125,1.355133056640625,0
4562,0.571279,1.330413818359375,1.38916015625,0
4563,0.571404,1.302032470703125,1.422576904296875,0
4564,0.571529,1.273040771484375,1.455078125,0
4565,0.571655,1.24481201171875,1.487884521484375,0
4566,0.57178,1.2188720703125,1.522216796875,0
4567,0.571905,1.19476318359375,1.55731201171875,0
4568,0.57203,1.170806884765625,1.591339111328125,0
4569,0.572156,1.146392822265625,1.623382568359375,0
4570,0.572281,1.12274169921875,1.654205322265625,0
4571,0.572406,1.101226806640625,1.6851806640625,0
4572,0.572531,1.08245849609375,1.716461181640625,0
4573,0.572657,1.064605712890625,1.7462158203125,0
4574,0.572782,1.0467529296875,1.773223876953125,0
4575,0.572907,1.02935791015625,1.797637939453125,0
4576,0.573032,1.013946533203125,1.82098388671875,0
4577,0.573158,1.0015869140625,1.8438720703125,0
4578,0.573283,0.9912109375,1.865234375,0
4579,0.573408,0.98114013671875,1.88323974609375,0
4580,0.573533,0.971221923828125,1.897735595703125,0
4581,0.573659,0.963134765625,1.909942626953125,0
4582,0.573784,0.958099365234375,1.921234130859375,0
4583,0.573909,0.95550537109375,1.930999755859375,0
4584,0.574034,0.9539794921875,1.93756103515625,0
4585,0.57416,0.95245361328125,1.94000244140625,0
4586,0.574285,0.9521484375,1.93939208984375,0
4587,0.57441,0.954742431640625,1.937408447265625,0
4588,0.574535,0.9600830078125,1.934051513671875,0
4589,0.574661,0.966949462890625,1.927947998046875,0
4590,0.574786,0.973968505859375,1.917877197265625,0
4591,0.574911,0.9814453125,1.904449462890625,0
4592,0.575036,0.9912109375,1.889190673828125,0
4593,0.575162,1.0040283203125,1.873016357421875,0
4594,0.575287,1.0186767578125,1.855010986328125,0
4595,0.575412,1.033477783203125,1.83380126953125,0
4596,0.575537,1.04827880859375,1.80908203125,0
4597,0.575663,1.064605712890625,1.78253173828125,0
4598,0.575788,1.08367919921875,1.755828857421875,0
4599,0.575913,1.104736328125,1.72821044921875,0
4600,0.576038,1.126251220703125,1.698455810546875,0
4601,0.576164,1.147308349609375,1.66595458984375,0
4602,0.576289,1.168975830078125,1.63177490234375,0
4603,0.576414,1.192626953125,1.597747802734375,0
4604,0.576539,1.218414306640625,1.5643310546875,0
4605,0.576665,1.24481201171875,1.5301513671875,0
4606,0.57679,1.270599365234375,1.493988037109375,0
4607,0.576915,1.295928955078125,1.456756591796875,0
4608,0.57704,1.322479248046875,1.4202880859375,0
4609,0.577166,1.350860595703125,1.385345458984375,0
4610,0.577291,1.380157470703125,1.351318359375,0
4611,0.577417,1.40838623046875,1.316680908203125,0
4612,0.577542,1.435699462890625,1.28143310546875,0
4613,0.577667,1.4630126953125,1.24725341796875,0
4614,0.577792,1.491851806640625,1.215667724609375,0
4615,0.577918,1.5216064453125,1.186370849609375,0
4616,0.578043,1.550445556640625,1.1578369140625,0
4617,0.578168,1.57745361328125,1.12945556640625,0
4618,0.578293,1.60369873046875,1.102447509765625,0
4619,0.578419,1.630859375,1.0784912109375,0
4620,0.578544,1.65863037109375,1.05804443359375,0
4621,0.578669,1.685638427734375,1.039581298828125,0
4622,0.578795,1.710662841796875,1.021881103515625,0
4623,0.57892,1.7340087890625,1.005859375,0
4624,0.579045,1.7572021484375,0.992889404296875,0
4625,0.57917,1.780853271484375,0.984039306640625,0
4626,0.579296,1.80419921875,0.978240966796875,0
4627,0.579421,1.82525634765625,0.973968505859375,0
4628,0.579546,1.8438720703125,0.9710693359375,0
4629,0.579671,1.861572265625,0.9710693359375,0
4630,0.579797,1.879425048828125,0.975189208984375,0
4631,0.579922,1.897125244140625,0.98297119140625,0
4632,0.580047,1.912689208984375,0.992889404296875,0
4633,0.580172,1.925506591796875,1.00372314453125,0
4634,0.580298,1.936492919921875,1.016845703125,0
4635,0.580423,1.94732666015625,1.03363037109375,0
4636,0.580548,1.957855224609375,1.054229736328125,0
4637,0.580673,1.96685791015625,1.07696533203125,0
4638,0.580799,1.973114013671875,1.1004638671875,0
4639,0.580924,1.976776123046875,1.12518310546875,0
4640,0.581049,1.979522705078125,1.15264892578125,0
4641,0.581174,1.982421875,1.183319091796875,0
4642,0.5813,1.9842529296875,1.21612548828125,0
4643,0.581425,1.98333740234375,1.2493896484375,0
4644,0.58155,1.97967529296875,1.282501220703125,0
4645,0.581675,1.974639892578125,1.317138671875,0
4646,0.581801,1.969451904296875,1.35406494140625,0
4647,0.581926,1.963958740234375,1.392822265625,0
4648,0.582051,1.9561767578125,1.431427001953125,0
4649,0.582176,1.945648193359375,1.468963623046875,0
4650,0.582302,1.933135986328125,1.506195068359375,0
4651,0.582427,1.920623779296875,1.544647216796875,0
4652,0.582552,1.908111572265625,1.584320068359375,0
4653,0.582677,1.894378662109375,1.623382568359375,0
4654,0.582803,1.877899169921875,1.66046142578125,0
4655,0.582928,1.859283447265625,1.69586181640625,0
4656,0.583053,1.840362548828125,1.730804443359375,0
4657,0.583178,1.822052001953125,1.766204833984375,0
4658,0.583304,1.803131103515625,1.80084228515625,0
4659,0.583429,1.7822265625,1.83258056640625,0
4660,0.583554,1.759185791015625,1.861419677734375,0
4661,0.583679,1.73553466796875,1.88873291015625,0
4662,0.583805,1.712646484375,1.915283203125,0
4663,0.58393,1.6900634765625,1.94091796875,0
4664,0.584055,1.666412353515625,1.9635009765625,0
4665,0.58418,1.640777587890625,1.982269287109375,0
4666,0.584306,1.614532470703125,1.998138427734375,0
4667,0.584431,1.58905029296875,2.01263427734375,0
4668,0.584556,1.56463623046875,2.025909423828125,0
4669,0.584681,1.540069580078125,2.03643798828125,0
4670,0.584807,1.51397705078125,2.042694091796875,0
4671,0.584932,1.48712158203125,2.045440673828125,0
4672,0.585057,1.461029052734375,2.046051025390625,0
4673,0.585182,1.436767578125,2.045440673828125,0
4674,0.585308,1.413116455078125,2.04254150390625,0
4675,0.585433,1.388702392578125,2.03582763671875,0
4676,0.585558,1.363525390625,2.025146484375,0
4677,0.585683,1.338958740234375,2.01202392578125,0
4678,0.585809,1.3165283203125,1.9976806640625,0
4679,0.585934,1.295623779296875,1.981964111328125,0
4680,0.586059,1.274871826171875,1.96319580078125,0
4681,0.586184,1.25335693359375,1.940765380859375,0
4682,0.58631,1.2322998046875,1.91558837890625,0
4683,0.586435,1.21337890625,1.8896484375,0
4684,0.58656,1.1968994140625,1.863250732421875,0
4685,0.586685,1.181182861328125,1.83502197265625,0
4686,0.586811,1.1651611328125,1.80389404296875,0
4687,0.586936,1.149444580078125,1.77032470703125,0
4688,0.587061,1.13555908203125,1.736297607421875,0
4689,0.587186,1.124420166015625,1.702728271484375,0
4690,0.587312,1.114959716796875,1.668853759765625,0
4691,0.587437,1.10565185546875,1.633148193359375,0
4692,0.587562,1.09649658203125,1.595611572265625,0
4693,0.587687,1.088714599609375,1.558074951171875,0
4694,0.587813,1.083831787109375,1.52191162109375,0
4695,0.587938,1.08123779296875,1.48681640625,0
4696,0.588063,1.079254150390625,1.451263427734375,0
4697,0.588188,1.0772705078125,1.414794921875,0
4698,0.588314,1.07635498046875,1.3787841796875,0
4699,0.588439,1.077880859375,1.3446044921875,0
4700,0.588564,1.0821533203125,1.313018798828125,0
4701,0.588689,1.087646484375,1.2823486328125,0
4702,0.588815,1.0931396484375,1.2518310546875,0
4703,0.58894,1.09893798828125,1.221771240234375,0
4704,0.589065,1.10687255859375,1.194305419921875,0
4705,0.58919,1.117401123046875,1.1700439453125,0
4706,0.589316,1.1297607421875,1.14837646484375,0
4707,0.589441,1.142120361328125,1.127471923828125,0
4708,0.589566,1.15447998046875,1.107635498046875,0
4709,0.589691,1.16790771484375,1.090087890625,0
4710,0.589817,1.183929443359375,1.076507568359375,0
4711,0.589942,1.201934814453125,1.066131591796875,0
4712,0.590067,1.220245361328125,1.0577392578125,0
4713,0.590192,1.237945556640625,1.050262451171875,0
4714,0.590318,1.255950927734375,1.044921875,0
4715,0.590443,1.276092529296875,1.04339599609375,0
4716,0.590568,1.298065185546875,1.045684814453125,0
4717,0.590693,1.320648193359375,1.0504150390625,0
4718,0.590819,1.34246826171875,1.05621337890625,0
4719,0.590944,1.363677978515625,1.06353759765625,0
4720,0.591069,1.3861083984375,1.074066162109375,0
4721,0.591194,1.410369873046875,1.0882568359375,0
4722,0.59132,1.43524169921875,1.1053466796875,0
4723,0.591445,1.459197998046875,1.123199462890625,0
4724,0.59157,1.482086181640625,1.1419677734375,0
4725,0.591695,1.504974365234375,1.1627197265625,0
4726,0.591821,1.529388427734375,1.18682861328125,0
4727,0.591946,1.5545654296875,1.21337890625,0
4728,0.592071,1.578826904296875,1.2408447265625,0
4729,0.592196,1.60125732421875,1.268157958984375,0
4730,0.592322,1.623077392578125,1.296234130859375,0
4731,0.592447,1.6455078125,1.326446533203125,0
4732,0.592572,1.668701171875,1.358795166015625,0
4733,0.592697,1.6912841796875,1.391754150390625,0
4734,0.592823,1.71173095703125,1.42364501953125,0
4735,0.592948,1.73065185546875,1.454925537109375,0
4736,0.593073,1.749267578125,1.486968994140625,0
4737,0.593198,1.768646240234375,1.520538330078125,0
4738,0.593324,1.787567138671875,1.554107666015625,0
4739,0.593449,1.80450439453125,1.586151123046875,0
4740,0.593574,1.81884765625,1.6162109375,0
4741,0.593699,1.832427978515625,1.645660400390625,0
4742,0.593825,1.8463134765625,1.6754150390625,0
4743,0.59395,1.859893798828125,1.705169677734375,0
4744,0.594075,1.87164306640625,1.7327880859375,0
4745,0.5942,1.880645751953125,1.757354736328125,0
4746,0.594326,1.887969970703125,1.779937744140625,0
4747,0.594451,1.8951416015625,1.801910400390625,0
4748,0.594576,1.90216064453125,1.82342529296875,0
4749,0.594701,1.907958984375,1.8426513671875,0
4750,0.594827,1.91070556640625,1.858367919921875,0
4751,0.594952,1.91131591796875,1.87103271484375,0
4752,0.595077,1.911163330078125,1.88201904296875,0
4753,0.595202,1.911163330078125,1.892242431640625,0
4754,0.595328,1.910247802734375,1.90032958984375,0
4755,0.595453,1.90673828125,1.905059814453125,0
4756,0.595578,1.900482177734375,1.90582275390625,0
4757,0.595703,1.893157958984375,1.904449462890625,0
4758,0.595829,1.885833740234375,1.90185546875,0
4759,0.595954,1.878204345703125,1.897735595703125,0
4760,0.596079,1.86859130859375,1.890716552734375,0
4761,0.596204,1.856231689453125,1.87957763671875,0
4762,0.59633,1.842193603515625,1.8658447265625,0
4763,0.596455,1.828155517578125,1.85089111328125,0
4764,0.59658,1.814422607421875,1.83502197265625,0
4765,0.596705,1.79931640625,1.8170166015625,0
4766,0.596831,1.78192138671875,1.795654296875,0
4767,0.596956,1.762542724609375,1.771392822265625,0
4768,0.597081,1.74285888671875,1.746063232421875,0
4769,0.597206,1.723785400390625,1.720733642578125,0
4770,0.597332,1.704559326171875,1.6943359375,0
4771,0.597457,1.683197021484375,1.665496826171875,0
4772,0.597582,1.660003662109375,1.634063720703125,0
4773,0.597707,1.6363525390625,1.602020263671875,0
4774,0.597833,1.613616943359375,1.5704345703125,0
4775,0.597958,1.59149169921875,1.539306640625,0
4776,0.598083,1.568145751953125,1.5069580078125,0
4777,0.598208,1.543121337890625,1.472930908203125,0
4778,0.598334,1.517333984375,1.43829345703125,0
4779,0.598459,1.49261474609375,1.405029296875,0
4780,0.598584,1.469268798828125,1.373291015625,0
4781,0.598709,1.44561767578125,1.342010498046875,0
4782,0.598835,1.420745849609375,1.309967041015625,0
4783,0.59896,1.395111083984375,1.27777099609375,0
4784,0.599085,1.370391845703125,1.247406005859375,0
4785,0.59921,1.34765625,1.219635009765625,0
4786,0.599336,1.325531005859375,1.193695068359375,0
4787,0.599461,1.302947998046875,1.168212890625,0
4788,0.599586,1.279449462890625,1.14288330078125,0
4789,0.599711,1.256866455078125,1.11968994140625,0
4790,0.599837,1.236419677734375,1.099700927734375,0
4791,0.599962,1.2176513671875,1.082763671875,0
4792,0.600087,1.198883056640625,1.067352294921875,0
4793,0.600212,1.179656982421875,1.052703857421875,0
4794,0.600338,1.161041259765625,1.039886474609375,0
4795,0.600463,1.144561767578125,1.030731201171875,0
4796,0.600588,1.13037109375,1.025238037109375,0
4797,0.600713,1.11724853515625,1.022186279296875,0
4798,0.600839,1.103973388671875,1.02020263671875,0
4799,0.600964,1.090850830078125,1.0198974609375,0
4800,0.601089,1.079559326171875,1.022796630859375,0
4801,0.601214,1.071319580078125,1.029815673828125,0
4802,0.60134,1.064605712890625,1.03973388671875,0
4803,0.601465,1.058197021484375,1.051025390625,0
4804,0.60159,1.05194091796875,1.063385009765625,0
4805,0.601715,1.04705810546875,1.078338623046875,0
4806,0.601841,1.04522705078125,1.096954345703125,0
4807,0.601966,1.0455322265625,1.1187744140625,0
4808,0.602091,1.0467529296875,1.1419677734375,0
4809,0.602216,1.047821044921875,1.165618896484375,0
4810,0.602342,1.049957275390625,1.1907958984375,0
4811,0.602467,1.054534912109375,1.218719482421875,0
4812,0.602592,1.06201171875,1.24969482421875,0
4813,0.602717,1.070556640625,1.281890869140625,0
4814,0.602843,1.079254150390625,1.313934326171875,0
4815,0.602968,1.0882568359375,1.34613037109375,0
4816,0.603093,1.0992431640625,1.3800048828125,0
4817,0.603218,1.11297607421875,1.416168212890625,0
4818,0.603344,1.1285400390625,1.4532470703125,0
4819,0.603469,1.143951416015625,1.48956298828125,0
4820,0.603594,1.15936279296875,1.524810791015625,0
4821,0.603719,1.175994873046875,1.56005859375,0
4822,0.603845,1.195068359375,1.5966796875,0
4823,0.60397,1.216278076171875,1.6339111328125,0
4824,0.604095,1.23748779296875,1.669769287109375,0
4825,0.60422,1.25823974609375,1.7034912109375,0
4826,0.604346,1.279296875,1.73583984375,0
4827,0.604471,1.302337646484375,1.7681884765625,0
4828,0.604596,1.327362060546875,1.800689697265625,0
4829,0.604721,1.35284423828125,1.831512451171875,0
4830,0.604847,1.377410888671875,1.859283447265625,0
4831,0.604972,1.401519775390625,1.88446044921875,0
4832,0.605097,1.42669677734375,1.908416748046875,0
4833,0.605222,1.453704833984375,1.931915283203125,0
4834,0.605348,1.4813232421875,1.953582763671875,0
4835,0.605473,1.508026123046875,1.9720458984375,0
4836,0.605598,1.533355712890625,1.986846923828125,0
4837,0.605723,1.558837890625,1.99920654296875,0
4838,0.605849,1.585693359375,2.010650634765625,0
4839,0.605974,1.613311767578125,2.02056884765625,0
4840,0.606099,1.6400146484375,2.027130126953125,0
4841,0.606224,1.66473388671875,2.02972412109375,0
4842,0.60635,1.688690185546875,2.02911376953125,0
4843,0.606475,1.713409423828125,2.027130126953125,0
4844,0.6066,1.738739013671875,2.02392578125,0
4845,0.606725,1.7633056640625,2.017822265625,0
4846,0.606851,1.785736083984375,2.007904052734375,0
4847,0.606976,1.80633544921875,1.994476318359375,0
4848,0.607101,1.826934814453125,1.9793701171875,0
4849,0.607226,1.847991943359375,1.963348388671875,0
4850,0.607352,1.868438720703125,1.945648193359375,0
4851,0.607477,1.886749267578125,1.924591064453125,0
4852,0.607602,1.902618408203125,1.9000244140625,0
4853,0.607727,1.917572021484375,1.873931884765625,0
4854,0.607853,1.93267822265625,1.847381591796875,0
4855,0.607978,1.947479248046875,1.820068359375,0
4856,0.608103,1.96014404296875,1.790618896484375,0
4857,0.608228,1.970062255859375,1.7584228515625,0
4858,0.608354,1.978302001953125,1.724700927734375,0
4859,0.608479,1.986083984375,1.69097900390625,0
4860,0.608604,1.993865966796875,1.65802001953125,0
4861,0.608729,2.0001220703125,1.6241455078125,0
4862,0.608855,2.003326416015625,1.588287353515625,0
4863,0.60898,2.004241943359375,1.551361083984375,0
4864,0.609105,2.004241943359375,1.515045166015625,0
4865,0.60923,2.004241943359375,1.48040771484375,0
4866,0.609356,2.003326416015625,1.446533203125,0
4867,0.609481,1.999664306640625,1.411895751953125,0
4868,0.609606,1.99310302734375,1.37664794921875,0
4869,0.609731,1.985321044921875,1.342315673828125,0
4870,0.609857,1.9775390625,1.310577392578125,0
4871,0.609982,1.969146728515625,1.28082275390625,0
4872,0.610107,1.958770751953125,1.2518310546875,0
4873,0.610232,1.94549560546875,1.22283935546875,0
4874,0.610358,1.9305419921875,1.195068359375,0
4875,0.610483,1.915283203125,1.1700439453125,0
4876,0.610608,1.90032958984375,1.14837646484375,0
4877,0.610733,1.88385009765625,1.1285400390625,0
4878,0.610859,1.864776611328125,1.109466552734375,0
4879,0.610984,1.843719482421875,1.09161376953125,0
4880,0.611109,1.822357177734375,1.07666015625,0
4881,0.611234,1.80145263671875,1.065673828125,0
4882,0.61136,1.78009033203125,1.05743408203125,0
4883,0.611485,1.756591796875,1.0504150390625,0
4884,0.61161,1.731109619140625,1.04461669921875,0
4885,0.611735,1.705169677734375,1.041412353515625,0
4886,0.611861,1.679840087890625,1.042022705078125,0
4887,0.611986,1.655120849609375,1.046142578125,0
4888,0.612111,1.6290283203125,1.052093505859375,0
4889,0.612236,1.601104736328125,1.058807373046875,0
4890,0.612362,1.572418212890625,1.0675048828125,0
4891,0.612487,1.544647216796875,1.079559326171875,0
4892,0.612612,1.518096923828125,1.095123291015625,0
4893,0.612737,1.491241455078125,1.1126708984375,0
4894,0.612863,1.4630126953125,1.130828857421875,0
4895,0.612988,1.43402099609375,1.14990234375,0
4896,0.613113,1.405792236328125,1.171417236328125,0
4897,0.613238,1.379241943359375,1.19598388671875,0
4898,0.613364,1.353607177734375,1.222686767578125,0
4899,0.613489,1.32720947265625,1.2493896484375,0
4900,0.613614,1.299896240234375,1.276092529296875,0
4901,0.613739,1.273345947265625,1.303863525390625,0
4902,0.613865,1.248931884765625,1.33392333984375,0
4903,0.61399,1.226043701171875,1.365814208984375,0
4904,0.614115,1.203460693359375,1.39739990234375,0
4905,0.61424,1.18011474609375,1.427764892578125,0
4906,0.614366,1.1572265625,1.457977294921875,0
4907,0.614491,1.136474609375,1.4892578125,0
4908,0.614616,1.1181640625,1.521759033203125,0
4909,0.614741,1.100921630859375,1.55364990234375,0
4910,0.614867,1.083221435546875,1.58355712890625,0
4911,0.614992,1.06597900390625,1.6119384765625,0
4912,0.615117,1.050567626953125,1.6400146484375,0
4913,0.615242,1.03790283203125,1.668548583984375,0
4914,0.615368,1.027069091796875,1.69647216796875,0
4915,0.615493,1.01654052734375,1.7218017578125,0
4916,0.615618,1.006011962890625,1.744232177734375,0
4917,0.615743,0.997161865234375,1.765289306640625,0
4918,0.615869,0.991058349609375,1.786041259765625,0
4919,0.615994,0.987396240234375,1.805877685546875,0
4920,0.616119,0.984649658203125,1.8231201171875,0
4921,0.616244,0.981903076171875,1.83685302734375,0
4922,0.61637,0.980072021484375,1.847991943359375,0
4923,0.616495,0.980987548828125,1.858062744140625,0
4924,0.61662,0.98480224609375,1.867218017578125,0
4925,0.616745,0.989837646484375,1.87408447265625,0
4926,0.616871,0.995025634765625,1.876983642578125,0
4927,0.616996,1.000518798828125,1.8768310546875,0
4928,0.617121,1.00830078125,1.874847412109375,0
4929,0.617246,1.01898193359375,1.87225341796875,0
4930,0.617372,1.031494140625,1.86767578125,0
4931,0.617497,1.044158935546875,1.8597412109375,0
4932,0.617622,1.05682373046875,1.84814453125,0
4933,0.617747,1.071014404296875,1.834716796875,0
4934,0.617873,1.087646484375,1.820526123046875,0
4935,0.617998,1.1065673828125,1.805419921875,0
4936,0.618123,1.12579345703125,1.787567138671875,0
4937,0.618248,1.144561767578125,1.766510009765625,0
4938,0.618374,1.1639404296875,1.743316650390625,0
4939,0.618499,1.185455322265625,1.719818115234375,0
4940,0.618624,1.2091064453125,1.6961669921875,0
4941,0.618749,1.233367919921875,1.671142578125,0
4942,0.618875,1.25701904296875,1.643524169921875,0
4943,0.619,1.280364990234375,1.61407470703125,0
4944,0.619125,1.304931640625,1.58447265625,0
4945,0.61925,1.33148193359375,1.5557861328125,0
4946,0.619376,1.35894775390625,1.526947021484375,0
4947,0.619501,1.385650634765625,1.496734619140625,0
4948,0.619626,1.411285400390625,1.46514892578125,0
4949,0.619751,1.437225341796875,1.4337158203125,0
4950,0.619877,1.464691162109375,1.40380859375,0
4951,0.620002,1.49322509765625,1.37542724609375,0
4952,0.620127,1.52099609375,1.346893310546875,0
4953,0.620252,1.547088623046875,1.317596435546875,0
4954,0.620378,1.57257080078125,1.28875732421875,0
4955,0.620503,1.598968505859375,1.26220703125,0
4956,0.620628,1.62628173828125,1.23809814453125,0
4957,0.620753,1.652984619140625,1.215362548828125,0
4958,0.620879,1.677703857421875,1.192474365234375,0
4959,0.621004,1.700897216796875,1.170501708984375,0
4960,0.621129,1.724090576171875,1.15081787109375,0
4961,0.621254,1.748199462890625,1.1346435546875,0
4962,0.62138,1.7718505859375,1.120758056640625,0
4963,0.621505,1.79351806640625,1.107940673828125,0
4964,0.62163,1.812896728515625,1.095733642578125,0
4965,0.621755,1.83135986328125,1.08612060546875,0
4966,0.621881,1.85028076171875,1.08001708984375,0
4967,0.622006,1.869049072265625,1.0772705078125,0
4968,0.622131,1.885986328125,1.076202392578125,0
4969,0.622256,1.90032958984375,1.075897216796875,0
4970,0.622382,1.912841796875,1.077728271484375,0
4971,0.622507,1.92535400390625,1.082916259765625,0
4972,0.622632,1.9378662109375,1.091766357421875,0
4973,0.622757,1.949005126953125,1.102752685546875,0
4974,0.622883,1.957244873046875,1.114654541015625,0
4975,0.623008,1.963043212890625,1.127777099609375,0
4976,0.623133,1.9683837890625,1.143798828125,0
4977,0.623258,1.97357177734375,1.163330078125,0
4978,0.623384,1.977996826171875,1.185150146484375,0
4979,0.623509,1.97967529296875,1.207733154296875,0
4980,0.623634,1.978607177734375,1.23077392578125,0
4981,0.623759,1.976318359375,1.2554931640625,0
4982,0.623885,1.974029541015625,1.28326416015625,0
4983,0.62401,1.971435546875,1.31317138671875,0
4984,0.624135,1.966552734375,1.34368896484375,0
4985,0.62426,1.95892333984375,1.37359619140625,0
4986,0.624386,1.949462890625,1.40411376953125,0
4987,0.624511,1.939849853515625,1.436309814453125,0
4988,0.624636,1.930389404296875,1.470489501953125,0
4989,0.624761,1.919403076171875,1.50482177734375,0
4990,0.624887,1.90582275390625,1.537933349609375,0
4991,0.625012,1.8902587890625,1.57012939453125,0
4992,0.625137,1.874237060546875,1.602783203125,0
4993,0.625262,1.8585205078125,1.63665771484375,0
4994,0.625388,1.84234619140625,1.670379638671875,0
4995,0.625513,1.82403564453125,1.7022705078125,0
4996,0.625638,1.8035888671875,1.732025146484375,0
4997,0.625763,1.782379150390625,1.760711669921875,0
4998,0.625889,1.761932373046875,1.78985595703125,0
4999,0.626014,1.74163818359375,1.81854248046875,0
5000,0.626139,1.720123291015625,1.844940185546875,0
5001,0.626264,1.69647216796875,1.868438720703125,0
5002,0.62639,1.671905517578125,1.8896484375,0
5003,0.626515,1.64825439453125,1.91009521484375,0
5004,0.62664,1.6253662109375,1.929779052734375,0
5005,0.626765,1.6021728515625,1.947479248046875,0
5006,0.626891,1.577301025390625,1.96136474609375,0
5007,0.627016,1.551513671875,1.972198486328125,0
5008,0.627141,1.526336669921875,1.981353759765625,0
5009,0.627266,1.502532958984375,1.989593505859375,0
5010,0.627392,1.4794921875,1.995849609375,0
5011,0.627517,1.45538330078125,1.99859619140625,0
5012,0.627642,1.430206298828125,1.997528076171875,0
5013,0.627767,1.405487060546875,1.994171142578125,0
5014,0.627893,1.38275146484375,1.98974609375,0
5015,0.628018,1.36138916015625,1.98394775390625,0
5016,0.628143,1.339874267578125,1.97509765625,0
5017,0.628268,1.31744384765625,1.9622802734375,0
5018,0.628394,1.295166015625,1.94671630859375,0
5019,0.628519,1.274871826171875,1.93023681640625,0
5020,0.628644,1.2567138671875,1.912994384765625,0
5021,0.628769,1.23931884765625,1.893463134765625,0
5022,0.628895,1.2213134765625,1.8707275390625,0
5023,0.62902,1.203460693359375,1.8450927734375,0
5024,0.629145,1.1871337890625,1.81854248046875,0
5025,0.62927,1.17340087890625,1.7919921875,0
5026,0.629396,1.161346435546875,1.7645263671875,0
5027,0.629521,1.149139404296875,1.734619140625,0
5028,0.629646,1.13677978515625,1.7022705078125,0
5029,0.629771,1.12579345703125,1.669158935546875,0
5030,0.629897,1.117401123046875,1.63665771484375,0
5031,0.630022,1.111297607421875,1.6046142578125,0
5032,0.630147,1.10565185546875,1.571502685546875,0
5033,0.630272,1.100006103515625,1.53656005859375,0
5034,0.630398,1.094970703125,1.50115966796875,0
5035,0.630523,1.092529296875,1.46697998046875,0
5036,0.630648,1.092681884765625,1.434478759765625,0
5037,0.630773,1.093902587890625,1.40228271484375,0
5038,0.630899,1.095123291015625,1.36932373046875,0
5039,0.631024,1.09649658203125,1.3360595703125,0
5040,0.631149,1.100006103515625,1.30462646484375,0
5041,0.631274,1.106109619140625,1.275787353515625,0
5042,0.6314,1.114044189453125,1.24847412109375,0
5043,0.631525,1.121978759765625,1.22161865234375,0
5044,0.63165,1.129608154296875,1.194915771484375,0
5045,0.631775,1.13861083984375,1.1700439453125,0
5046,0.631901,1.15020751953125,1.14837646484375,0
5047,0.632026,1.163787841796875,1.129608154296875,0
5048,0.632151,1.17767333984375,1.112060546875,0
5049,0.632276,1.19110107421875,1.095123291015625,0
5050,0.632402,1.204833984375,1.079864501953125,0
5051,0.632527,1.220855712890625,1.068115234375,0
5052,0.632652,1.238861083984375,1.05987548828125,0
5053,0.632777,1.257476806640625,1.05377197265625,0
5054,0.632903,1.27532958984375,1.048583984375,0
5055,0.633028,1.292877197265625,1.044921875,0
5056,0.633153,1.311798095703125,1.044158935546875,0
5057,0.633278,1.33270263671875,1.04736328125,0
5058,0.633404,1.3543701171875,1.05316162109375,0
5059,0.633529,1.37542724609375,1.060333251953125,0
5060,0.633654,1.395263671875,1.068267822265625,0
5061,0.633779,1.41571044921875,1.0784912109375,0
5062,0.633905,1.437530517578125,1.09222412109375,0
5063,0.63403,1.4605712890625,1.1090087890625,0
5064,0.634155,1.48284912109375,1.12701416015625,0
5065,0.63428,1.50360107421875,1.14532470703125,0
5066,0.634406,1.523895263671875,1.165008544921875,0
5067,0.634531,1.54510498046875,1.187286376953125,0
5068,0.634656,1.5673828125,1.21246337890625,0
5069,0.634781,1.589202880859375,1.23870849609375,0
5070,0.634907,1.60919189453125,1.264801025390625,0
5071,0.635032,1.627655029296875,1.2908935546875,0
5072,0.635157,1.646575927734375,1.31866455078125,0
5073,0.635282,1.666259765625,1.34857177734375,0
5074,0.635408,1.685638427734375,1.37939453125,0
5075,0.635533,1.703338623046875,1.409454345703125,0
5076,0.635658,1.718902587890625,1.438446044921875,0
5077,0.635783,1.733856201171875,1.46759033203125,0
5078,0.635909,1.749267578125,1.49810791015625,0
5079,0.636034,1.76483154296875,1.52923583984375,0
5080,0.636159,1.778717041015625,1.559295654296875,0
5081,0.636284,1.7901611328125,1.58721923828125,0
5082,0.63641,1.80023193359375,1.613922119140625,0
5083,0.636535,1.810302734375,1.640777587890625,0
5084,0.63666,1.820526123046875,1.667938232421875,0
5085,0.636785,1.829681396484375,1.693878173828125,0
5086,0.636911,1.836090087890625,1.7169189453125,0
5087,0.637036,1.84051513671875,1.737518310546875,0
5088,0.637161,1.844329833984375,1.7572021484375,0
5089,0.637286,1.848602294921875,1.7767333984375,0
5090,0.637412,1.851959228515625,1.794891357421875,0
5091,0.637537,1.853179931640625,1.80999755859375,0
5092,0.637662,1.851654052734375,1.8218994140625,0
5093,0.637787,1.849212646484375,1.83197021484375,0
5094,0.637913,1.846923828125,1.841278076171875,0
5095,0.638038,1.844482421875,1.849365234375,0
5096,0.638163,1.8402099609375,1.854705810546875,0
5097,0.638288,1.83319091796875,1.85638427734375,0
5098,0.638414,1.82464599609375,1.85546875,0
5099,0.638539,1.816253662109375,1.853485107421875,0
5100,0.638664,1.808013916015625,1.850738525390625,0
5101,0.638789,1.7987060546875,1.845550537109375,0
5102,0.638915,1.78680419921875,1.837005615234375,0
5103,0.63904,1.7730712890625,1.825408935546875,0
5104,0.639165,1.759185791015625,1.812591552734375,0
5105,0.63929,1.745758056640625,1.799468994140625,0
5106,0.639415,1.732177734375,1.784820556640625,0
5107,0.639541,1.716461181640625,1.767425537109375,0
5108,0.639667,1.698760986328125,1.74713134765625,0
5109,0.639792,1.68060302734375,1.7254638671875,0
5110,0.639917,1.6632080078125,1.70379638671875,0
5111,0.640042,1.646270751953125,1.68182373046875,0
5112,0.640168,1.62811279296875,1.658172607421875,0
5113,0.640293,1.60797119140625,1.632080078125,0
5114,0.640419,1.587066650390625,1.6046142578125,0
5115,0.640544,1.56707763671875,1.5777587890625,0
5116,0.640669,1.54815673828125,1.551666259765625,0
5117,0.640795,1.5289306640625,1.5252685546875,0
5118,0.64092,1.5081787109375,1.497039794921875,0
5119,0.641045,1.48651123046875,1.468048095703125,0
5120,0.64117,1.4654541015625,1.439666748046875,0
5121,0.641296,1.446075439453125,1.41326904296875,0
5122,0.641421,1.42730712890625,1.387786865234375,0
5123,0.641546,1.407623291015625,1.3616943359375,0
5124,0.641671,1.38702392578125,1.33514404296875,0
5125,0.641797,1.366729736328125,1.30950927734375,0
5126,0.641922,1.348419189453125,1.28662109375,0
5127,0.642047,1.331634521484375,1.265716552734375,0
5128,0.642172,1.314544677734375,1.24542236328125,0
5129,0.642298,1.29669189453125,1.225128173828125,0
5130,0.642423,1.279144287109375,1.2060546875,0
5131,0.642548,1.263275146484375,1.189727783203125,0
5132,0.642673,1.24969482421875,1.176605224609375,0
5133,0.642799,1.236724853515625,1.1651611328125,0
5134,0.642924,1.22314453125,1.1541748046875,0
5135,0.643049,1.209564208984375,1.144256591796875,0
5136,0.643174,1.197662353515625,1.1370849609375,0
5137,0.6433,1.1883544921875,1.133575439453125,0
5138,0.643425,1.180419921875,1.132659912109375,0
5139,0.64355,1.172332763671875,1.132659912109375,0
5140,0.643675,1.164093017578125,1.133575439453125,0
5141,0.643801,1.157073974609375,1.13677978515625,0
5142,0.643926,1.15264892578125,1.14349365234375,0
5143,0.644051,1.150360107421875,1.153411865234375,0
5144,0.644176,1.148529052734375,1.16455078125,0
5145,0.644304,1.146392822265625,1.176300048828125,0
5146,0.644428,1.144866943359375,1.1895751953125,0
5147,0.644553,1.14593505859375,1.20574951171875,0
5148,0.644678,1.1492919921875,1.22528076171875,0
5149,0.644803,1.153717041015625,1.246185302734375,0
5150,0.644929,1.157989501953125,1.267242431640625,0
5151,0.645054,1.16241455078125,1.288909912109375,0
5152,0.645179,1.168670654296875,1.312713623046875,0
5153,0.645304,1.177520751953125,1.339263916015625,0
5154,0.64543,1.187896728515625,1.3671875,0
5155,0.645555,1.198272705078125,1.39495849609375,0
5156,0.64568,1.20819091796875,1.422271728515625,0
5157,0.645805,1.219329833984375,1.450347900390625,0
5158,0.645931,1.23291015625,1.48040771484375,0
5159,0.646056,1.248321533203125,1.511688232421875,0
5160,0.646181,1.2640380859375,1.542510986328125,0
5161,0.646306,1.27899169921875,1.57196044921875,0
5162,0.646432,1.29425048828125,1.60064697265625,0
5163,0.646557,1.311492919921875,1.6302490234375,0
5164,0.646682,1.33056640625,1.660614013671875,0
5165,0.646807,1.350250244140625,1.69036865234375,0
5166,0.646933,1.3690185546875,1.71783447265625,0
5167,0.647058,1.3873291015625,1.743316650390625,0
5168,0.647183,1.4068603515625,1.76849365234375,0
5169,0.647308,1.42822265625,1.793975830078125,0
5170,0.647434,1.450347900390625,1.81854248046875,0
5171,0.647559,1.471405029296875,1.840362548828125,0
5172,0.647684,1.49139404296875,1.859283447265625,0
5173,0.647809,1.511688232421875,1.876678466796875,0
5174,0.647935,1.53350830078125,1.89361572265625,0
5175,0.64806,1.556243896484375,1.909637451171875,0
5176,0.648185,1.57806396484375,1.92291259765625,0
5177,0.648313,1.59820556640625,1.93267822265625,0
5178,0.648436,1.61773681640625,1.939849853515625,0
5179,0.648561,1.63818359375,1.94610595703125,0
5180,0.648686,1.6595458984375,1.9512939453125,0
5181,0.648812,1.680450439453125,1.954193115234375,0
5182,0.648937,1.69921875,1.95343017578125,0
5183,0.649062,1.71661376953125,1.949310302734375,0
5184,0.649187,1.7340087890625,1.943817138671875,0
5185,0.649313,1.7523193359375,1.937408447265625,0
5186,0.649438,1.77032470703125,1.9293212890625,0
5187,0.649563,1.786346435546875,1.917877197265625,0
5188,0.649688,1.80023193359375,1.903076171875,0
5189,0.649814,1.8133544921875,1.886444091796875,0
5190,0.649939,1.826934814453125,1.86920166015625,0
5191,0.650064,1.84051513671875,1.851043701171875,0
5192,0.650189,1.8524169921875,1.8304443359375,0
5193,0.650315,1.861724853515625,1.806640625,0
5194,0.65044,1.8695068359375,1.781005859375,0
5195,0.650565,1.87744140625,1.754913330078125,0
5196,0.65069,1.8853759765625,1.728973388671875,0
5197,0.650816,1.89208984375,1.701812744140625,0
5198,0.650941,1.89605712890625,1.67205810546875,0
5199,0.651066,1.898040771484375,1.640625,0
5200,0.651191,1.8994140625,1.609039306640625,0
5201,0.651317,1.90093994140625,1.578521728515625,0
5202,0.651442,1.90185546875,1.54815673828125,0
5203,0.651567,1.900177001953125,1.516265869140625,0
5204,0.651692,1.89605712890625,1.483154296875,0
5205,0.651818,1.890869140625,1.4501953125,0
5206,0.651943,1.885833740234375,1.418914794921875,0
5207,0.652068,1.880645751953125,1.389007568359375,0
5208,0.652193,1.87347412109375,1.359100341796875,0
5209,0.652319,1.863555908203125,1.32843017578125,0
5210,0.652444,1.85211181640625,1.2982177734375,0
5211,0.652569,1.8408203125,1.2701416015625,0
5212,0.652694,1.829681396484375,1.244659423828125,0
5213,0.65282,1.81732177734375,1.220245361328125,0
5214,0.652945,1.802520751953125,1.19598388671875,0
5215,0.65307,1.785736083984375,1.172332763671875,0
5216,0.653195,1.768798828125,1.150970458984375,0
5217,0.653321,1.752471923828125,1.132965087890625,0
5218,0.653446,1.73583984375,1.11724853515625,0
5219,0.653571,1.71722412109375,1.102294921875,0
5220,0.653696,1.69647216796875,1.08795166015625,0
5221,0.653822,1.675262451171875,1.0760498046875,0
5222,0.653947,1.65496826171875,1.067657470703125,0
5223,0.654072,1.634979248046875,1.06231689453125,0
5224,0.654197,1.61376953125,1.058502197265625,0
5225,0.654323,1.590728759765625,1.055450439453125,0
5226,0.654448,1.566925048828125,1.0540771484375,0
5227,0.654573,1.544036865234375,1.05621337890625,0
5228,0.654698,1.522216796875,1.061859130859375,0
5229,0.654824,1.500091552734375,1.0693359375,0
5230,0.654949,1.4764404296875,1.077728271484375,0
5231,0.655074,1.4520263671875,1.0870361328125,0
5232,0.655199,1.42822265625,1.099090576171875,0
5233,0.655325,1.406097412109375,1.114654541015625,0
5234,0.65545,1.38458251953125,1.132354736328125,0
5235,0.655575,1.362152099609375,1.150665283203125,0
5236,0.6557,1.33880615234375,1.169281005859375,0
5237,0.655826,1.316070556640625,1.189727783203125,0
5238,0.655951,1.295166015625,1.2127685546875,0
5239,0.656076,1.275787353515625,1.23809814453125,0
5240,0.656201,1.256256103515625,1.263885498046875,0
5241,0.656327,1.2359619140625,1.289215087890625,0
5242,0.656452,1.215972900390625,1.31500244140625,0
5243,0.656577,1.197967529296875,1.34246826171875,0
5244,0.656702,1.182098388671875,1.371917724609375,0
5245,0.656828,1.166839599609375,1.40167236328125,0
5246,0.656953,1.151275634765625,1.430206298828125,0
5247,0.657078,1.135711669921875,1.45782470703125,0
5248,0.657203,1.121826171875,1.486053466796875,0
5249,0.657329,1.11053466796875,1.515655517578125,0
5250,0.657454,1.10076904296875,1.545257568359375,0
5251,0.657579,1.091156005859375,1.57318115234375,0
5252,0.657704,1.08123779296875,1.598968505859375,0
5253,0.65783,1.07269287109375,1.624298095703125,0
5254,0.657955,1.06689453125,1.649932861328125,0
5255,0.65808,1.063232421875,1.675567626953125,0
5256,0.658205,1.060028076171875,1.699066162109375,0
5257,0.658331,1.05682373046875,1.719970703125,0
5258,0.658456,1.054229736328125,1.7388916015625,0
5259,0.658581,1.054229736328125,1.757354736328125,0
5260,0.658706,1.05682373046875,1.7755126953125,0
5261,0.658832,1.060638427734375,1.791839599609375,0
5262,0.658957,1.06414794921875,1.804962158203125,0
5263,0.659082,1.068115234375,1.815185546875,0
5264,0.659207,1.074066162109375,1.824188232421875,0
5265,0.659333,1.082611083984375,1.832733154296875,0
5266,0.659458,1.09283447265625,1.839752197265625,0
5267,0.659583,1.10321044921875,1.843414306640625,0
5268,0.659708,1.11328125,1.8438720703125,0
5269,0.659834,1.124725341796875,1.842498779296875,0
5270,0.659959,1.13861083984375,1.84051513671875,0
5271,0.660084,1.154632568359375,1.83746337890625,0
5272,0.660209,1.170806884765625,1.8316650390625,0
5273,0.660335,1.186676025390625,1.822509765625,0
5274,0.66046,1.202850341796875,1.81121826171875,0
5275,0.660585,1.22100830078125,1.799163818359375,0
5276,0.66071,1.241455078125,1.786651611328125,0
5277,0.660836,1.262359619140625,1.7724609375,0
5278,0.660961,1.28265380859375,1.755218505859375,0
5279,0.661086,1.302490234375,1.735687255859375,0
5280,0.661211,1.323699951171875,1.715545654296875,0
5281,0.661337,1.346893310546875,1.695709228515625,0
5282,0.661462,1.371002197265625,1.675262451171875,0
5283,0.661587,1.39434814453125,1.652679443359375,0
5284,0.661712,1.4166259765625,1.627960205078125,0
5285,0.661838,1.439361572265625,1.602630615234375,0
5286,0.661963,1.463623046875,1.578369140625,0
5287,0.662088,1.48895263671875,1.5545654296875,0
5288,0.662213,1.513519287109375,1.52984619140625,0
5289,0.662339,1.536712646484375,1.50360107421875,0
5290,0.662464,1.559295654296875,1.476898193359375,0
5291,0.662589,1.582794189453125,1.45172119140625,0
5292,0.662714,1.607513427734375,1.428070068359375,0
5293,0.66284,1.631622314453125,1.404876708984375,0
5294,0.662965,1.654052734375,1.38092041015625,0
5295,0.66309,1.674957275390625,1.356658935546875,0
5296,0.663215,1.696014404296875,1.334228515625,0
5297,0.663341,1.7181396484375,1.3140869140625,0
5298,0.663466,1.739959716796875,1.2957763671875,0
5299,0.663591,1.75994873046875,1.2774658203125,0
5300,0.663716,1.777801513671875,1.259307861328125,0
5301,0.663842,1.7950439453125,1.24267578125,0
5302,0.663967,1.812896728515625,1.229248046875,0
5303,0.664092,1.830596923828125,1.21826171875,0
5304,0.664217,1.846771240234375,1.208343505859375,0
5305,0.664343,1.860504150390625,1.19873046875,0
5306,0.664468,1.87255859375,1.190643310546875,0
5307,0.664593,1.884918212890625,1.185455322265625,0
5308,0.664718,1.89727783203125,1.183624267578125,0
5309,0.664844,1.908416748046875,1.183624267578125,0
5310,0.664969,1.916961669921875,1.18408203125,0
5311,0.665094,1.923370361328125,1.18560791015625,0
5312,0.665219,1.929168701171875,1.189727783203125,0
5313,0.665345,1.935272216796875,1.19720458984375,0
5314,0.66547,1.940460205078125,1.207122802734375,0
5315,0.665595,1.943359375,1.217803955078125,0
5316,0.66572,1.94366455078125,1.228790283203125,0
5317,0.665846,1.9427490234375,1.241607666015625,0
5318,0.665971,1.941986083984375,1.25762939453125,0
5319,0.666096,1.94091796875,1.2762451171875,0
5320,0.666221,1.938018798828125,1.29547119140625,0
5321,0.666347,1.932220458984375,1.314544677734375,0
5322,0.666472,1.92474365234375,1.33453369140625,0
5323,0.666597,1.91741943359375,1.356964111328125,0
5324,0.666722,1.91009521484375,1.38153076171875,0
5325,0.666848,1.901397705078125,1.4068603515625,0
5326,0.666973,1.8902587890625,1.43157958984375,0
5327,0.667098,1.876983642578125,1.45599365234375,0
5328,0.667223,1.8634033203125,1.48162841796875,0
5329,0.667349,1.85028076171875,1.508941650390625,0
5330,0.667474,1.836700439453125,1.537017822265625,0
5331,0.667599,1.82098388671875,1.563873291015625,0
5332,0.667724,1.803131103515625,1.58935546875,0
5333,0.66785,1.784515380859375,1.61468505859375,0
5334,0.667975,1.766510009765625,1.641082763671875,0
5335,0.6681,1.74896240234375,1.667938232421875,0
5336,0.668225,1.729888916015625,1.693267822265625,0
5337,0.668351,1.70867919921875,1.71630859375,0
5338,0.668476,1.686553955078125,1.73797607421875,0
5339,0.668601,1.665191650390625,1.759796142578125,0
5340,0.668726,1.644744873046875,1.7816162109375,0
5341,0.668852,1.623687744140625,1.801910400390625,0
5342,0.668977,1.6009521484375,1.819305419921875,0
5343,0.669102,1.5771484375,1.834259033203125,0
5344,0.669227,1.553802490234375,1.848297119140625,0
5345,0.669353,1.531982421875,1.862030029296875,0
5346,0.669478,1.510467529296875,1.874542236328125,0
5347,0.669603,1.487884521484375,1.88385009765625,0
5348,0.669728,1.464080810546875,1.88995361328125,0
5349,0.669854,1.44073486328125,1.89422607421875,0
5350,0.669979,1.4190673828125,1.898040771484375,0
5351,0.670104,1.39862060546875,1.900634765625,0
5352,0.670229,1.37786865234375,1.900482177734375,0
5353,0.670355,1.356048583984375,1.89666748046875,0
5354,0.67048,1.334228515625,1.89056396484375,0
5355,0.670605,1.314239501953125,1.883544921875,0
5356,0.67073,1.296234130859375,1.875762939453125,0
5357,0.670856,1.2786865234375,1.865997314453125,0
5358,0.670981,1.2603759765625,1.85272216796875,0
5359,0.671106,1.2420654296875,1.836700439453125,0
5360,0.671231,1.225128173828125,1.81976318359375,0
5361,0.671357,1.210784912109375,1.8023681640625,0
5362,0.671482,1.197662353515625,1.7840576171875,0
5363,0.671607,1.184234619140625,1.762847900390625,0
5364,0.671732,1.170654296875,1.739044189453125,0
5365,0.671858,1.15814208984375,1.714019775390625,0
5366,0.671983,1.148223876953125,1.689300537109375,0
5367,0.672108,1.140289306640625,1.664581298828125,0
5368,0.672233,1.132659912109375,1.63818359375,0
5369,0.672359,1.1248779296875,1.6094970703125,0
5370,0.672484,1.1175537109375,1.579742431640625,0
5371,0.672609,1.112823486328125,1.550750732421875,0
5372,0.672734,1.110382080078125,1.522674560546875,0
5373,0.67286,1.1090087890625,1.494140625,0
5374,0.672985,1.10748291015625,1.464385986328125,0
5375,0.67311,1.106109619140625,1.433563232421875,0
5376,0.673235,1.1065673828125,1.40380859375,0
5377,0.673361,1.109771728515625,1.37603759765625,0
5378,0.673486,1.114501953125,1.34918212890625,0
5379,0.673611,1.119232177734375,1.321868896484375,0
5380,0.673736,1.1236572265625,1.294097900390625,0
5381,0.673862,1.12945556640625,1.26739501953125,0
5382,0.673987,1.1376953125,1.2432861328125,0
5383,0.674112,1.147918701171875,1.221466064453125,0
5384,0.674237,1.158599853515625,1.200103759765625,0
5385,0.674363,1.16851806640625,1.17889404296875,0
5386,0.674488,1.179046630859375,1.158599853515625,0
5387,0.674613,1.19171142578125,1.141204833984375,0
5388,0.674738,1.206512451171875,1.12701416015625,0
5389,0.674864,1.221923828125,1.114349365234375,0
5390,0.674989,1.236572265625,1.102142333984375,0
5391,0.675114,1.251220703125,1.09100341796875,0
5392,0.675239,1.26708984375,1.082611083984375,0
5393,0.675365,1.284942626953125,1.07757568359375,0
5394,0.67549,1.30401611328125,1.07513427734375,0
5395,0.675615,1.322174072265625,1.0736083984375,0
5396,0.67574,1.339569091796875,1.07269287109375,0
5397,0.675866,1.357574462890625,1.07421875,0
5398,0.675991,1.37725830078125,1.078948974609375,0
5399,0.676116,1.398162841796875,1.086883544921875,0
5400,0.676241,1.41845703125,1.096038818359375,0
5401,0.676367,1.4373779296875,1.105499267578125,0
5402,0.676492,1.45599365234375,1.116485595703125,0
5403,0.676617,1.475830078125,1.130523681640625,0
5404,0.676742,1.49688720703125,1.1474609375,0
5405,0.676868,1.51763916015625,1.165924072265625,0
5406,0.676993,1.536865234375,1.18438720703125,0
5407,0.677118,1.55487060546875,1.203460693359375,0
5408,0.677243,1.57318115234375,1.224517822265625,0
5409,0.677369,1.59271240234375,1.248321533203125,0
5410,0.677494,1.61224365234375,1.273651123046875,0
5411,0.677619,1.630096435546875,1.298675537109375,0
5412,0.677744,1.646270751953125,1.3232421875,0
5413,0.67787,1.661834716796875,1.348724365234375,0
5414,0.677995,1.678314208984375,1.37603759765625,0
5415,0.67812,1.695098876953125,1.40472412109375,0
5416,0.678245,1.710357666015625,1.432952880859375,0
5417,0.678371,1.72332763671875,1.459808349609375,0
5418,0.678496,1.7352294921875,1.4862060546875,0
5419,0.678621,1.747283935546875,1.513671875,0
5420,0.678746,1.75994873046875,1.54205322265625,0
5421,0.678872,1.771392822265625,1.569671630859375,0
5422,0.678997,1.78070068359375,1.595458984375,0
5423,0.679122,1.787872314453125,1.619415283203125,0
5424,0.679247,1.794891357421875,1.643218994140625,0
5425,0.679373,1.8023681640625,1.667633056640625,0
5426,0.679498,1.809234619140625,1.6912841796875,0
5427,0.679623,1.81396484375,1.712493896484375,0
5428,0.679748,1.816253662109375,1.731109619140625,0
5429,0.679874,1.817626953125,1.74835205078125,0
5430,0.679999,1.8194580078125,1.765594482421875,0
5431,0.680124,1.8212890625,1.7822265625,0
5432,0.680249,1.821136474609375,1.796417236328125,0
5433,0.680375,1.818695068359375,1.807403564453125,0
5434,0.6805,1.8145751953125,1.81610107421875,0
5435,0.680625,1.810760498046875,1.824188232421875,0
5436,0.68075,1.807098388671875,1.8316650390625,0
5437,0.680876,1.802520751953125,1.837158203125,0
5438,0.681001,1.79534912109375,1.83929443359375,0
5439,0.681126,1.786346435546875,1.838531494140625,0
5440,0.681251,1.777191162109375,1.836700439453125,0
5441,0.681377,1.768798828125,1.83441162109375,0
5442,0.681502,1.759796142578125,1.83074951171875,0
5443,0.681627,1.74896240234375,1.82403564453125,0
5444,0.681752,1.735992431640625,1.81427001953125,0
5445,0.681878,1.722412109375,1.802978515625,0
5446,0.682003,1.7095947265625,1.791534423828125,0
5447,0.682128,1.69708251953125,1.77947998046875,0
5448,0.682253,1.683349609375,1.765289306640625,0
5449,0.682379,1.667633056640625,1.748199462890625,0
5450,0.682504,1.6510009765625,1.729278564453125,0
5451,0.682629,1.634979248046875,1.71051025390625,0
5452,0.682754,1.620025634765625,1.69189453125,0
5453,0.68288,1.6046142578125,1.67236328125,0
5454,0.683005,1.587371826171875,1.650390625,0
5455,0.68313,1.569061279296875,1.62689208984375,0
5456,0.683255,1.551361083984375,1.603546142578125,0
5457,0.683381,1.534881591796875,1.581268310546875,0
5458,0.683506,1.519012451171875,1.55914306640625,0
5459,0.683631,1.501922607421875,1.53564453125,0
5460,0.683756,1.48345947265625,1.51092529296875,0
5461,0.683882,1.4654541015625,1.486358642578125,0
5462,0.684007,1.448974609375,1.463623046875,0
5463,0.684132,1.4337158203125,1.4422607421875,0
5464,0.684257,1.41815185546875,1.42059326171875,0
5465,0.684383,1.4013671875,1.398162841796875,0
5466,0.684508,1.38458251953125,1.37603759765625,0
5467,0.684633,1.36932373046875,1.356048583984375,0
5468,0.684758,1.35589599609375,1.338348388671875,0
5469,0.684884,1.342926025390625,1.321563720703125,0
5470,0.685009,1.329193115234375,1.30462646484375,0
5471,0.685134,1.315155029296875,1.287994384765625,0
5472,0.685259,1.302337646484375,1.273651123046875,0
5473,0.685385,1.29180908203125,1.262054443359375,0
5474,0.68551,1.282501220703125,1.252593994140625,0
5475,0.685635,1.27288818359375,1.24359130859375,0
5476,0.68576,1.262664794921875,1.234893798828125,0
5477,0.685886,1.253509521484375,1.228179931640625,0
5478,0.686011,1.24664306640625,1.224517822265625,0
5479,0.686136,1.241607666015625,1.223602294921875,0
5480,0.686261,1.23687744140625,1.2237548828125,0
5481,0.686387,1.23138427734375,1.22406005859375,0
5482,0.686512,1.226654052734375,1.22589111328125,0
5483,0.686637,1.223907470703125,1.230621337890625,0
5484,0.686762,1.22344970703125,1.238250732421875,0
5485,0.686888,1.2237548828125,1.24755859375,0
5486,0.687013,1.2237548828125,1.25701904296875,0
5487,0.687138,1.223602294921875,1.267242431640625,0
5488,0.687263,1.22528076171875,1.27960205078125,0
5489,0.687389,1.229248046875,1.29486083984375,0
5490,0.687514,1.2347412109375,1.31195068359375,0
5491,0.687639,1.23992919921875,1.329193115234375,0
5492,0.687764,1.244659423828125,1.346282958984375,0
5493,0.68789,1.250457763671875,1.364593505859375,0
5494,0.688015,1.258544921875,1.38519287109375,0
5495,0.68814,1.268463134765625,1.40777587890625,0
5496,0.688265,1.278533935546875,1.430206298828125,0
5497,0.688391,1.287841796875,1.451873779296875,0
5498,0.688516,1.297454833984375,1.473541259765625,0
5499,0.688641,1.30889892578125,1.496734619140625,0
5500,0.688766,1.32232666015625,1.521453857421875,0
5501,0.688892,1.33636474609375,1.5460205078125,0
5502,0.689017,1.349334716796875,1.5692138671875,0
5503,0.689142,1.36199951171875,1.5911865234375,0
5504,0.689267,1.375885009765625,1.61346435546875,0
5505,0.689393,1.391754150390625,1.636962890625,0
5506,0.689518,1.40838623046875,1.66015625,0
5507,0.689643,1.424102783203125,1.6815185546875,0
5508,0.689768,1.43890380859375,1.70074462890625,0
5509,0.689894,1.454010009765625,1.71905517578125,0
5510,0.690019,1.470794677734375,1.737823486328125,0
5511,0.690144,1.4886474609375,1.756439208984375,0
5512,0.690269,1.505889892578125,1.772918701171875,0
5513,0.690395,1.5216064453125,1.7864990234375,0
5514,0.69052,1.536865234375,1.798248291015625,0
5515,0.690645,1.553192138671875,1.8096923828125,0
5516,0.69077,1.570587158203125,1.8206787109375,0
5517,0.690896,1.58782958984375,1.829986572265625,0
5518,0.691021,1.603240966796875,1.836090087890625,0
5519,0.691146,1.617431640625,1.839447021484375,0
5520,0.691271,1.631927490234375,1.841583251953125,0
5521,0.691397,1.647491455078125,1.84356689453125,0
5522,0.691522,1.663055419921875,1.844024658203125,0
5523,0.691647,1.67694091796875,1.8414306640625,0
5524,0.691772,1.688995361328125,1.835784912109375,0
5525,0.691898,1.700439453125,1.828460693359375,0
5526,0.692023,1.712799072265625,1.8206787109375,0
5527,0.692148,1.7254638671875,1.811981201171875,0
5528,0.692273,1.736602783203125,1.800994873046875,0
5529,0.692399,1.745452880859375,1.78680419921875,0
5530,0.692524,1.753082275390625,1.7706298828125,0
5531,0.692649,1.76116943359375,1.753997802734375,0
5532,0.692774,1.769561767578125,1.737213134765625,0
5533,0.6929,1.77703857421875,1.71905517578125,0
5534,0.693025,1.782073974609375,1.697998046875,0
5535,0.69315,1.7852783203125,1.674957275390625,0
5536,0.693275,1.788330078125,1.651611328125,0
5537,0.693401,1.791839599609375,1.62872314453125,0
5538,0.693526,1.79473876953125,1.605377197265625,0
5539,0.693651,1.795654296875,1.5802001953125,0
5540,0.693776,1.79412841796875,1.553192138671875,0
5541,0.693902,1.791839599609375,1.526031494140625,0
5542,0.694027,1.790008544921875,1.499786376953125,0
5543,0.694152,1.788177490234375,1.474456787109375,0
5544,0.694277,1.78466796875,1.4483642578125,0
5545,0.694403,1.778564453125,1.4208984375,0
5546,0.694528,1.771240234375,1.393280029296875,0
5547,0.694653,1.764068603515625,1.367034912109375,0
5548,0.694778,1.757354736328125,1.3427734375,0
5549,0.694904,1.74957275390625,1.319122314453125,0
5550,0.695029,1.739654541015625,1.294708251953125,0
5551,0.695154,1.727752685546875,1.2701416015625,0
5552,0.695279,1.715850830078125,1.247406005859375,0
5553,0.695405,1.7047119140625,1.2274169921875,0
5554,0.69553,1.693115234375,1.208953857421875,0
5555,0.695655,1.679840087890625,1.1907958984375,0
5556,0.69578,1.664581298828125,1.172637939453125,0
5557,0.695906,1.64886474609375,1.15631103515625,0
5558,0.696031,1.6339111328125,1.14288330078125,0
5559,0.696156,1.619415283203125,1.1322021484375,0
5560,0.696281,1.603851318359375,1.122589111328125,0
5561,0.696407,1.5863037109375,1.113128662109375,0
5562,0.696532,1.5679931640625,1.105194091796875,0
5563,0.696657,1.55059814453125,1.100311279296875,0
5564,0.696782,1.53411865234375,1.0986328125,0
5565,0.696908,1.517486572265625,1.0986328125,0
5566,0.697033,1.499176025390625,1.0992431640625,0
5567,0.697158,1.47979736328125,1.10076904296875,0
5568,0.697283,1.461029052734375,1.104888916015625,0
5569,0.697409,1.443939208984375,1.11236572265625,0
5570,0.697534,1.42730712890625,1.12213134765625,0
5571,0.697659,1.40960693359375,1.13250732421875,0
5572,0.697784,1.390838623046875,1.143341064453125,0
5573,0.69791,1.372528076171875,1.156005859375,0
5574,0.698035,1.355743408203125,1.17156982421875,0
5575,0.69816,1.340484619140625,1.189727783203125,0
5576,0.698285,1.324920654296875,1.208648681640625,0
5577,0.698411,1.30828857421875,1.227264404296875,0
5578,0.698536,1.291656494140625,1.246795654296875,0
5579,0.698661,1.27685546875,1.26861572265625,0
5580,0.698786,1.263885498046875,1.292724609375,0
5581,0.698912,1.25152587890625,1.317596435546875,0
5582,0.699037,1.2384033203125,1.34185791015625,0
5583,0.699162,1.225128173828125,1.36566162109375,0
5584,0.699287,1.213226318359375,1.390838623046875,0
5585,0.699413,1.203765869140625,1.417694091796875,0
5586,0.699538,1.195526123046875,1.4453125,0
5587,0.699663,1.1871337890625,1.472015380859375,0
5588,0.699788,1.178131103515625,1.4971923828125,0
5589,0.699914,1.17034912109375,1.522369384765625,0
5590,0.700039,1.165008544921875,1.54876708984375,0
5591,0.700164,1.1614990234375,1.57562255859375,0
5592,0.700289,1.158447265625,1.60125732421875,0
5593,0.700415,1.15478515625,1.624755859375,0
5594,0.70054,1.1517333984375,1.646881103515625,0
5595,0.700665,1.150970458984375,1.6693115234375,0
5596,0.70079,1.152496337890625,1.692047119140625,0
5597,0.700916,1.154937744140625,1.713409423828125,0
5598,0.701041,1.157073974609375,1.732177734375,0
5599,0.701166,1.159210205078125,1.7486572265625,0
5600,0.701291,1.16302490234375,1.764373779296875,0
5601,0.701417,1.169586181640625,1.78009033203125,0
5602,0.701542,1.1773681640625,1.79473876953125,0
5603,0.701667,1.185150146484375,1.806640625,0
5604,0.701792,1.192474365234375,1.81549072265625,0
5605,0.701918,1.20086669921875,1.822662353515625,0
5606,0.702043,1.211700439453125,1.82952880859375,0
5607,0.702168,1.224365234375,1.83563232421875,0
5608,0.702293,1.2371826171875,1.83929443359375,0
5609,0.702421,1.2493896484375,1.839599609375,0
5610,0.702544,1.26190185546875,1.8377685546875,0
5611,0.702669,1.276397705078125,1.835174560546875,0
5612,0.702794,1.292877197265625,1.832275390625,0
5613,0.70292,1.309814453125,1.827545166015625,0
5614,0.703045,1.32598876953125,1.819610595703125,0
5615,0.70317,1.34185791015625,1.80908203125,0
5616,0.703295,1.358795166015625,1.79779052734375,0
5617,0.703421,1.37786865234375,1.7864990234375,0
5618,0.703546,1.397705078125,1.774139404296875,0
5619,0.703671,1.416778564453125,1.75933837890625,0
5620,0.703796,1.434783935546875,1.742095947265625,0
5621,0.703922,1.4532470703125,1.723785400390625,0
5622,0.704047,1.473236083984375,1.705780029296875,0
5623,0.704172,1.49444580078125,1.68792724609375,0
5624,0.704297,1.514892578125,1.66839599609375,0
5625,0.704423,1.533966064453125,1.646881103515625,0
5626,0.704548,1.552581787109375,1.6241455078125,0
5627,0.704673,1.572265625,1.602325439453125,0
5628,0.704798,1.593017578125,1.5814208984375,0
5629,0.704924,1.61346435546875,1.56005859375,0
5630,0.705049,1.632232666015625,1.537322998046875,0
5631,0.705174,1.649627685546875,1.513671875,0
5632,0.705299,1.66748046875,1.490936279296875,0
5633,0.705425,1.686248779296875,1.469879150390625,0
5634,0.70555,1.70501708984375,1.44989013671875,0
5635,0.705675,1.72210693359375,1.42913818359375,0
5636,0.7058,1.737213134765625,1.40777587890625,0
5637,0.705926,1.751861572265625,1.3873291015625,0
5638,0.706051,1.76727294921875,1.369171142578125,0
5639,0.706176,1.7828369140625,1.352996826171875,0
5640,0.706304,1.796875,1.3372802734375,0
5641,0.706427,1.80877685546875,1.32110595703125,0
5642,0.706552,1.81915283203125,1.30584716796875,0
5643,0.706677,1.829986572265625,1.29302978515625,0
5644,0.706803,1.84112548828125,1.282958984375,0
5645,0.706928,1.8511962890625,1.274261474609375,0
5646,0.707053,1.858673095703125,1.26556396484375,0
5647,0.707178,1.864471435546875,1.25762939453125,0
5648,0.707304,1.869659423828125,1.2518310546875,0
5649,0.707429,1.875457763671875,1.24908447265625,0
5650,0.707554,1.880645751953125,1.248626708984375,0
5651,0.707679,1.883544921875,1.24847412109375,0
5652,0.707805,1.884002685546875,1.248626708984375,0
5653,0.70793,1.883544921875,1.2506103515625,0
5654,0.708055,1.883392333984375,1.255645751953125,0
5655,0.70818,1.88323974609375,1.263275146484375,0
5656,0.708306,1.881103515625,1.271514892578125,0
5657,0.708431,1.87652587890625,1.2799072265625,0
5658,0.708556,1.87042236328125,1.289215087890625,0
5659,0.708681,1.86431884765625,1.301116943359375,0
5660,0.708807,1.8585205078125,1.31561279296875,0
5661,0.708932,1.851654052734375,1.3311767578125,0
5662,0.709057,1.842193603515625,1.346282958984375,0
5663,0.709182,1.830902099609375,1.3616943359375,0
5664,0.709308,1.8194580078125,1.378631591796875,0
5665,0.709433,1.8084716796875,1.397857666015625,0
5666,0.709558,1.797027587890625,1.41815185546875,0
5667,0.709683,1.78375244140625,1.43798828125,0
5668,0.709809,1.7681884765625,1.457061767578125,0
5669,0.709934,1.75201416015625,1.476593017578125,0
5670,0.710059,1.736602783203125,1.497802734375,0
5671,0.710184,1.72149658203125,1.52008056640625,0
5672,0.71031,1.70501708984375,1.541595458984375,0
5673,0.710435,1.686553955078125,1.56158447265625,0
5674,0.71056,1.667022705078125,1.580963134765625,0
5675,0.710685,1.64825439453125,1.6009521484375,0
5676,0.710811,1.6302490234375,1.621856689453125,0
5677,0.710936,1.6119384765625,1.641998291015625,0
5678,0.711061,1.591796875,1.660003662109375,0
5679,0.711186,1.5704345703125,1.67633056640625,0
5680,0.711312,1.5496826171875,1.69219970703125,0
5681,0.711437,1.5301513671875,1.70867919921875,0
5682,0.711562,1.511077880859375,1.72454833984375,0
5683,0.711687,1.490936279296875,1.737823486328125,0
5684,0.711813,1.46942138671875,1.7486572265625,0
5685,0.711938,1.44805908203125,1.75811767578125,0
5686,0.712063,1.428375244140625,1.767730712890625,0
5687,0.712188,1.409912109375,1.7767333984375,0
5688,0.712314,1.3909912109375,1.783447265625,0
5689,0.712439,1.371002197265625,1.787109375,0
5690,0.712564,1.350860595703125,1.78863525390625,0
5691,0.712689,1.332244873046875,1.789703369140625,0
5692,0.712815,1.31561279296875,1.79046630859375,0
5693,0.71294,1.299285888671875,1.789398193359375,0
5694,0.713065,1.282196044921875,1.785125732421875,0
5695,0.71319,1.264801025390625,1.778411865234375,0
5696,0.713316,1.248779296875,1.7706298828125,0
5697,0.713441,1.234893798828125,1.762847900390625,0
5698,0.713566,1.222381591796875,1.75384521484375,0
5699,0.713691,1.20941162109375,1.74224853515625,0
5700,0.713817,1.19598388671875,1.727752685546875,0
5701,0.713942,1.183624267578125,1.712188720703125,0
5702,0.714067,1.1737060546875,1.696624755859375,0
5703,0.714192,1.16546630859375,1.680755615234375,0
5704,0.714318,1.157684326171875,1.66290283203125,0
5705,0.714443,1.1492919921875,1.642608642578125,0
5706,0.714568,1.141510009765625,1.620941162109375,0
5707,0.714693,1.136016845703125,1.599578857421875,0
5708,0.714819,1.132659912109375,1.578826904296875,0
5709,0.714944,1.13037109375,1.557159423828125,0
5710,0.715069,1.127777099609375,1.533660888671875,0
5711,0.715194,1.12518310546875,1.5087890625,0
5712,0.71532,1.124420166015625,1.484222412109375,0
5713,0.715445,1.1260986328125,1.461181640625,0
5714,0.71557,1.129302978515625,1.438446044921875,0
5715,0.715695,1.13250732421875,1.414642333984375,0
5716,0.715821,1.135406494140625,1.3897705078125,0
5717,0.715946,1.139373779296875,1.365509033203125,0
5718,0.716071,1.145782470703125,1.34307861328125,0
5719,0.716196,1.1541748046875,1.322174072265625,0
5720,0.716322,1.162872314453125,1.30126953125,0
5721,0.716447,1.17095947265625,1.279754638671875,0
5722,0.716572,1.17950439453125,1.25885009765625,0
5723,0.716697,1.190185546875,1.23992919921875,0
5724,0.716823,1.2030029296875,1.223602294921875,0
5725,0.716948,1.2164306640625,1.208343505859375,0
5726,0.717073,1.229095458984375,1.193084716796875,0
5727,0.717198,1.241607666015625,1.17828369140625,0
5728,0.717324,1.255645751953125,1.165618896484375,0
5729,0.717449,1.27166748046875,1.156005859375,0
5730,0.717574,1.28875732421875,1.14837646484375,0
5731,0.717699,1.305084228515625,1.141357421875,0
5732,0.717825,1.32080078125,1.1346435546875,0
5733,0.71795,1.33697509765625,1.1297607421875,0
5734,0.718075,1.35498046875,1.12823486328125,0
5735,0.7182,1.374359130859375,1.129302978515625,0
5736,0.718326,1.39312744140625,1.131439208984375,0
5737,0.718451,1.41082763671875,1.134033203125,0
5738,0.718576,1.42822265625,1.1376953125,0
5739,0.718701,1.44683837890625,1.1444091796875,0
5740,0.718827,1.466827392578125,1.1541748046875,0
5741,0.718952,1.486663818359375,1.165313720703125,0
5742,0.719077,1.504974365234375,1.1767578125,0
5743,0.719202,1.522369384765625,1.188812255859375,0
5744,0.719328,1.54022216796875,1.2030029296875,0
5745,0.719453,1.559295654296875,1.2200927734375,0
5746,0.719578,1.57867431640625,1.238861083984375,0
5747,0.719703,1.59637451171875,1.257781982421875,0
5748,0.719829,1.612548828125,1.27655029296875,0
5749,0.719954,1.62841796875,1.296539306640625,0
5750,0.720079,1.64520263671875,1.318817138671875,0
5751,0.720204,1.662445068359375,1.342926025390625,0
5752,0.72033,1.678314208984375,1.367034912109375,0
5753,0.720455,1.69219970703125,1.390228271484375,0
5754,0.72058,1.70501708984375,1.41357421875,0
5755,0.720705,1.718292236328125,1.43829345703125,0
5756,0.720831,1.732025146484375,1.46453857421875,0
5757,0.720956,1.7449951171875,1.49078369140625,0
5758,0.721081,1.75567626953125,1.515655517578125,0
5759,0.721206,1.764678955078125,1.539306640625,0
5760,0.721332,1.77337646484375,1.56341552734375,0
5761,0.721457,1.7828369140625,1.588592529296875,0
5762,0.721582,1.79168701171875,1.613616943359375,0
5763,0.721707,1.798553466796875,1.636962890625,0
5764,0.721833,1.80328369140625,1.658172607421875,0
5765,0.721958,1.807098388671875,1.678619384765625,0
5766,0.722083,1.811370849609375,1.69952392578125,0
5767,0.722208,1.815643310546875,1.720428466796875,0
5768,0.722334,1.8182373046875,1.739349365234375,0
5769,0.722459,1.818389892578125,1.755523681640625,0
5770,0.722584,1.817169189453125,1.769866943359375,0
5771,0.722709,1.81610107421875,1.7840576171875,0
5772,0.722835,1.81549072265625,1.797943115234375,0
5773,0.72296,1.81365966796875,1.810302734375,0
5774,0.723085,1.8096923828125,1.819610595703125,0
5775,0.72321,1.8035888671875,1.826171875,0
5776,0.723336,1.7974853515625,1.83197021484375,0
5777,0.723461,1.7919921875,1.83746337890625,0
5778,0.723586,1.786041259765625,1.84173583984375,0
5779,0.723711,1.778106689453125,1.843109130859375,0
5780,0.723837,1.768035888671875,1.8414306640625,0
5781,0.723962,1.757354736328125,1.838226318359375,0
5782,0.724087,1.7474365234375,1.834869384765625,0
5783,0.724212,1.7376708984375,1.83074951171875,0
5784,0.724338,1.7266845703125,1.8243408203125,0
5785,0.724463,1.71356201171875,1.814727783203125,0
5786,0.724588,1.699371337890625,1.803436279296875,0
5787,0.724713,1.685791015625,1.79168701171875,0
5788,0.724839,1.673126220703125,1.779937744140625,0
5789,0.724964,1.65985107421875,1.766815185546875,0
5790,0.725089,1.644744873046875,1.750946044921875,0
5791,0.725214,1.62841796875,1.73309326171875,0
5792,0.72534,1.612396240234375,1.71478271484375,0
5793,0.725465,1.597747802734375,1.697235107421875,0
5794,0.72559,1.583251953125,1.679229736328125,0
5795,0.725715,1.5673828125,1.659393310546875,0
5796,0.725841,1.55029296875,1.6375732421875,0
5797,0.725966,1.533203125,1.615447998046875,0
5798,0.726091,1.517486572265625,1.594390869140625,0
5799,0.726216,1.502838134765625,1.5740966796875,0
5800,0.726342,1.48773193359375,1.55303955078125,0
5801,0.726467,1.471099853515625,1.53045654296875,0
5802,0.726592,1.454315185546875,1.507415771484375,0
5803,0.726717,1.439056396484375,1.48590087890625,0
5804,0.726843,1.425323486328125,1.466064453125,0
5805,0.726968,1.4117431640625,1.446533203125,0
5806,0.727093,1.397247314453125,1.426239013671875,0
5807,0.727218,1.38214111328125,1.405487060546875,0
5808,0.727344,1.368255615234375,1.38641357421875,0
5809,0.727469,1.356353759765625,1.36962890625,0
5810,0.727594,1.34552001953125,1.3543701171875,0
5811,0.727719,1.334075927734375,1.338958740234375,0
5812,0.727845,1.321868896484375,1.3232421875,0
5813,0.72797,1.310577392578125,1.309051513671875,0
5814,0.728095,1.301422119140625,1.297607421875,0
5815,0.72822,1.2939453125,1.2884521484375,0
5816,0.728346,1.286468505859375,1.2799072265625,0
5817,0.728471,1.278228759765625,1.271514892578125,0
5818,0.728596,1.270294189453125,1.2640380859375,0
5819,0.728721,1.264495849609375,1.2591552734375,0
5820,0.728847,1.26068115234375,1.257171630859375,0
5821,0.728972,1.25762939453125,1.2567138671875,0
5822,0.729097,1.25396728515625,1.256256103515625,0
5823,0.729222,1.25030517578125,1.25640869140625,0
5824,0.729348,1.248016357421875,1.258697509765625,0
5825,0.729473,1.2481689453125,1.2640380859375,0
5826,0.729598,1.24969482421875,1.2713623046875,0
5827,0.729723,1.250762939453125,1.278839111328125,0
5828,0.729849,1.251373291015625,1.28631591796875,0
5829,0.729974,1.2530517578125,1.295318603515625,0
5830,0.730099,1.25701904296875,1.30706787109375,0
5831,0.730224,1.26251220703125,1.32080078125,0
5832,0.73035,1.268310546875,1.334991455078125,0
5833,0.730475,1.273345947265625,1.348724365234375,0
5834,0.7306,1.278533935546875,1.3629150390625,0
5835,0.730725,1.28570556640625,1.37908935546875,0
5836,0.730851,1.29486083984375,1.39739990234375,0
5837,0.730976,1.30462646484375,1.416015625,0
5838,0.731101,1.3134765625,1.433868408203125,0
5839,0.731226,1.322021484375,1.45111083984375,0
5840,0.731352,1.331939697265625,1.46942138671875,0
5841,0.731477,1.34368896484375,1.4892578125,0
5842,0.731602,1.35650634765625,1.50970458984375,0
5843,0.731727,1.368408203125,1.5289306640625,0
5844,0.731853,1.379547119140625,1.546630859375,0
5845,0.731978,1.391143798828125,1.5643310546875,0
5846,0.732103,1.404571533203125,1.58294677734375,0
5847,0.732228,1.419219970703125,1.602020263671875,0
5848,0.732354,1.433258056640625,1.619873046875,0
5849,0.732479,1.446075439453125,1.63543701171875,0
5850,0.732604,1.458587646484375,1.6497802734375,0
5851,0.732729,1.472320556640625,1.6644287109375,0
5852,0.732855,1.4874267578125,1.67938232421875,0
5853,0.73298,1.50238037109375,1.693115234375,0
5854,0.733105,1.51580810546875,1.704254150390625,0
5855,0.73323,1.5283203125,1.713104248046875,0
5856,0.733356,1.541290283203125,1.72149658203125,0
5857,0.733481,1.55548095703125,1.73004150390625,0
5858,0.733606,1.569976806640625,1.737518310546875,0
5859,0.733731,1.58294677734375,1.7425537109375,0
5860,0.733857,1.594390869140625,1.74468994140625,0
5861,0.733982,1.60552978515625,1.745452880859375,0
5862,0.734107,1.61773681640625,1.746063232421875,0
5863,0.734232,1.630401611328125,1.7462158203125,0
5864,0.734358,1.641845703125,1.74407958984375,0
5865,0.734483,1.65130615234375,1.739044189453125,0
5866,0.734608,1.659698486328125,1.732025146484375,0
5867,0.734733,1.668853759765625,1.72454833984375,0
5868,0.734859,1.678466796875,1.717071533203125,0
5869,0.734984,1.687469482421875,1.70806884765625,0
5870,0.735109,1.6943359375,1.6961669921875,0
5871,0.735234,1.69952392578125,1.68212890625,0
5872,0.73536,1.704559326171875,1.66748046875,0
5873,0.735485,1.71051025390625,1.653289794921875,0
5874,0.73561,1.716156005859375,1.638336181640625,0
5875,0.735735,1.719818115234375,1.621246337890625,0
5876,0.735861,1.721343994140625,1.602020263671875,0
5877,0.735986,1.72210693359375,1.58203125,0
5878,0.736111,1.7236328125,1.56280517578125,0
5879,0.736236,1.725311279296875,1.54388427734375,0
5880,0.736362,1.7254638671875,1.523895263671875,0
5881,0.736487,1.72332763671875,1.501922607421875,0
5882,0.736612,1.719970703125,1.479339599609375,0
5883,0.736737,1.7169189453125,1.457672119140625,0
5884,0.736863,1.7144775390625,1.437225341796875,0
5885,0.736988,1.71112060546875,1.41693115234375,0
5886,0.737113,1.705474853515625,1.395263671875,0
5887,0.737238,1.698150634765625,1.37298583984375,0
5888,0.737364,1.690826416015625,1.351776123046875,0
5889,0.737489,1.684417724609375,1.33270263671875,0
5890,0.737614,1.677703857421875,1.314697265625,0
5891,0.737739,1.66900634765625,1.296234130859375,0
5892,0.737865,1.65863037109375,1.277313232421875,0
5893,0.73799,1.64764404296875,1.259613037109375,0
5894,0.738115,1.6375732421875,1.244354248046875,0
5895,0.73824,1.627960205078125,1.2310791015625,0
5896,0.738366,1.61712646484375,1.218414306640625,0
5897,0.738491,1.60430908203125,1.205596923828125,0
5898,0.738616,1.590576171875,1.193695068359375,0
5899,0.738741,1.5777587890625,1.18438720703125,0
5900,0.738867,1.566009521484375,1.177978515625,0
5901,0.738992,1.55364990234375,1.172943115234375,0
5902,0.739117,1.539764404296875,1.16790771484375,0
5903,0.739242,1.524658203125,1.16363525390625,0
5904,0.739368,1.510162353515625,1.16180419921875,0
5905,0.739493,1.497039794921875,1.16302490234375,0
5906,0.739618,1.484222412109375,1.166229248046875,0
5907,0.739743,1.4703369140625,1.1700439453125,0
5908,0.739869,1.455078125,1.174163818359375,0
5909,0.739994,1.44012451171875,1.179962158203125,0
5910,0.740119,1.42669677734375,1.188812255859375,0
5911,0.740244,1.414337158203125,1.20025634765625,0
5912,0.74037,1.40167236328125,1.21246337890625,0
5913,0.740495,1.38763427734375,1.224517822265625,0
5914,0.74062,1.37359619140625,1.237640380859375,0
5915,0.740745,1.360931396484375,1.253204345703125,0
5916,0.740871,1.35009765625,1.2713623046875,0
5917,0.740996,1.339569091796875,1.290435791015625,0
5918,0.741121,1.327972412109375,1.3092041015625,0
5919,0.741246,1.316070556640625,1.327972412109375,0
5920,0.741372,1.305389404296875,1.348419189453125,0
5921,0.741497,1.29669189453125,1.371002197265625,0
5922,0.741622,1.289215087890625,1.394805908203125,0
5923,0.741747,1.2811279296875,1.4178466796875,0
5924,0.741873,1.272430419921875,1.44012451171875,0
5925,0.741998,1.2646484375,1.462860107421875,0
5926,0.742123,1.259002685546875,1.48712158203125,0
5927,0.742248,1.255035400390625,1.512451171875,0
5928,0.742374,1.251220703125,1.53717041015625,0
5929,0.742499,1.24664306640625,1.56005859375,0
5930,0.742624,1.242523193359375,1.58233642578125,0
5931,0.742749,1.240386962890625,1.605377197265625,0
5932,0.742875,1.240234375,1.629180908203125,0
5933,0.743,1.240997314453125,1.6522216796875,0
5934,0.743125,1.240997314453125,1.673126220703125,0
5935,0.74325,1.240997314453125,1.69219970703125,0
5936,0.743376,1.242523193359375,1.71112060546875,0
5937,0.743501,1.246490478515625,1.730499267578125,0
5938,0.743626,1.251678466796875,1.749114990234375,0
5939,0.743751,1.25640869140625,1.765289306640625,0
5940,0.743877,1.260833740234375,1.779022216796875,0
5941,0.744002,1.266021728515625,1.7913818359375,0
5942,0.744127,1.273651123046875,1.803741455078125,0
5943,0.744252,1.282806396484375,1.815643310546875,0
5944,0.744378,1.2921142578125,1.825408935546875,0
5945,0.744503,1.3006591796875,1.83197021484375,0
5946,0.744628,1.309356689453125,1.8365478515625,0
5947,0.744753,1.320037841796875,1.840667724609375,0
5948,0.744879,1.332550048828125,1.844329833984375,0
5949,0.745004,1.34552001953125,1.8463134765625,0
5950,0.745129,1.35772705078125,1.845245361328125,0
5951,0.745254,1.369476318359375,1.8414306640625,0
5952,0.74538,1.382293701171875,1.83685302734375,0
5953,0.745505,1.397247314453125,1.832122802734375,0
5954,0.74563,1.4129638671875,1.826324462890625,0
5955,0.745755,1.42791748046875,1.817779541015625,0
5956,0.745881,1.441802978515625,1.806488037109375,0
5957,0.746006,1.456146240234375,1.7938232421875,0
5958,0.746131,1.47216796875,1.78131103515625,0
5959,0.746256,1.489410400390625,1.768646240234375,0
5960,0.746382,1.50604248046875,1.75384521484375,0
5961,0.746507,1.521148681640625,1.736602783203125,0
5962,0.746632,1.53594970703125,1.717987060546875,0
5963,0.746757,1.55181884765625,1.69952392578125,0
5964,0.746883,1.569061279296875,1.6815185546875,0
5965,0.747008,1.58599853515625,1.662750244140625,0
5966,0.747133,1.60125732421875,1.641845703125,0
5967,0.747258,1.615447998046875,1.61956787109375,0
5968,0.747384,1.630096435546875,1.59759521484375,0
5969,0.747509,1.64581298828125,1.57684326171875,0
5970,0.747634,1.66168212890625,1.556396484375,0
5971,0.747759,1.676025390625,1.534881591796875,0
5972,0.747885,1.688690185546875,1.511993408203125,0
5973,0.74801,1.700897216796875,1.48956298828125,0
5974,0.748135,1.7138671875,1.468658447265625,0
5975,0.74826,1.727447509765625,1.44927978515625,0
5976,0.748386,1.739501953125,1.42974853515625,0
5977,0.748511,1.74957275390625,1.4093017578125,0
5978,0.748636,1.7584228515625,1.389312744140625,0
5979,0.748761,1.76788330078125,1.37115478515625,0
5980,0.748887,1.777801513671875,1.35528564453125,0
5981,0.749012,1.786651611328125,1.34033203125,0
5982,0.749137,1.79351806640625,1.324920654296875,0
5983,0.749262,1.79840087890625,1.309814453125,0
5984,0.749388,1.80328369140625,1.296539306640625,0
5985,0.749513,1.808624267578125,1.286163330078125,0
5986,0.749638,1.81365966796875,1.277618408203125,0
5987,0.749763,1.816558837890625,1.26922607421875,0
5988,0.749889,1.817169189453125,1.260986328125,0
5989,0.750014,1.8170166015625,1.2542724609375,0
5990,0.750139,1.817474365234375,1.250457763671875,0
5991,0.750264,1.81793212890625,1.24908447265625,0
5992,0.75039,1.816558837890625,1.248626708984375,0
5993,0.750515,1.81304931640625,1.2481689453125,0
5994,0.75064,1.808013916015625,1.248626708984375,0
5995,0.750765,1.803131103515625,1.251678466796875,0
5996,0.750891,1.798858642578125,1.25762939453125,0
5997,0.751016,1.793365478515625,1.264801025390625,0
5998,0.751141,1.78558349609375,1.271820068359375,0
5999,0.751266,1.776123046875,1.279296875,0
6000,0.751392,1.766510009765625,1.288604736328125,0
6001,0.751517,1.75750732421875,1.3006591796875,0
6002,0.751642,1.748046875,1.314239501953125,0
6003,0.751767,1.73675537109375,1.327667236328125,0
6004,0.751893,1.723480224609375,1.34063720703125,0
6005,0.752018,1.7095947265625,1.35467529296875,0
6006,0.752143,1.696624755859375,1.371002197265625,0
6007,0.752268,1.683807373046875,1.38885498046875,0
6008,0.752394,1.669769287109375,1.40655517578125,0
6009,0.752519,1.65374755859375,1.423187255859375,0
6010,0.752644,1.63665771484375,1.4398193359375,0
6011,0.752769,1.620330810546875,1.45782470703125,0
6012,0.752895,1.605072021484375,1.477203369140625,0
6013,0.75302,1.589202880859375,1.49658203125,0
6014,0.753145,1.571502685546875,1.514434814453125,0
6015,0.75327,1.552734375,1.53106689453125,0
6016,0.753396,1.534423828125,1.54815673828125,0
6017,0.753521,1.517333984375,1.566314697265625,0
6018,0.753646,1.500701904296875,1.58447265625,0
6019,0.753771,1.48284912109375,1.600799560546875,0
6020,0.753897,1.463623046875,1.615142822265625,0
6021,0.754022,1.444549560546875,1.62872314453125,0
6022,0.754147,1.427154541015625,1.642913818359375,0
6023,0.754272,1.41082763671875,1.6571044921875,0
6024,0.754398,1.393890380859375,1.669464111328125,0
6025,0.754523,1.375885009765625,1.67938232421875,0
6026,0.754648,1.357574462890625,1.687469482421875,0
6027,0.754773,1.3409423828125,1.695556640625,0
6028,0.754899,1.32598876953125,1.70379638671875,0
6029,0.755024,1.31134033203125,1.710357666015625,0
6030,0.755149,1.2957763671875,1.71417236328125,0
6031,0.755274,1.279754638671875,1.7156982421875,0
6032,0.7554,1.265106201171875,1.716461181640625,0
6033,0.755525,1.25244140625,1.717376708984375,0
6034,0.75565,1.240997314453125,1.71722412109375,0
6035,0.755775,1.229095458984375,1.7144775390625,0
6036,0.755901,1.216583251953125,1.708984375,0
6037,0.756026,1.20513916015625,1.702117919921875,0
6038,0.756151,1.1956787109375,1.695404052734375,0
6039,0.756276,1.188201904296875,1.688385009765625,0
6040,0.756402,1.180877685546875,1.67938232421875,0
6041,0.756527,1.172943115234375,1.66748046875,0
6042,0.756652,1.165313720703125,1.654205322265625,0
6043,0.756777,1.15997314453125,1.640777587890625,0
6044,0.756903,1.156768798828125,1.627655029296875,0
6045,0.757028,1.15447998046875,1.61346435546875,0
6046,0.757153,1.1517333984375,1.59698486328125,0
6047,0.757278,1.14898681640625,1.57867431640625,0
6048,0.757404,1.147918701171875,1.560516357421875,0
6049,0.757529,1.1492919921875,1.543121337890625,0
6050,0.757654,1.15203857421875,1.525726318359375,0
6051,0.757779,1.154632568359375,1.506805419921875,0
6052,0.757905,1.15692138671875,1.4862060546875,0
6053,0.75803,1.1602783203125,1.465606689453125,0
6054,0.758155,1.16607666015625,1.446380615234375,0
6055,0.75828,1.1737060546875,1.428070068359375,0
6056,0.758406,1.181640625,1.4093017578125,0
6057,0.758531,1.18896484375,1.389312744140625,0
6058,0.758656,1.19659423828125,1.369171142578125,0
6059,0.758781,1.20635986328125,1.350860595703125,0
6060,0.758907,1.218109130859375,1.334228515625,0
6061,0.759032,1.230621337890625,1.318359375,0
6062,0.759157,1.24237060546875,1.301727294921875,0
6063,0.759282,1.25396728515625,1.284942626953125,0
6064,0.759408,1.266937255859375,1.269989013671875,0
6065,0.759533,1.28204345703125,1.257476806640625,0
6066,0.759658,1.298065185546875,1.24664306640625,0
6067,0.759783,1.313629150390625,1.235809326171875,0
6068,0.759909,1.328277587890625,1.2249755859375,0
6069,0.760034,1.34368896484375,1.21551513671875,0
6070,0.760159,1.36077880859375,1.208953857421875,0
6071,0.760284,1.37939453125,1.204833984375,0
6072,0.76041,1.39739990234375,1.20147705078125,0
6073,0.760535,1.414337158203125,1.1981201171875,0
6074,0.76066,1.43096923828125,1.19598388671875,0
6075,0.760785,1.448974609375,1.196441650390625,0
6076,0.760911,1.468505859375,1.199798583984375,0
6077,0.761036,1.48773193359375,1.20452880859375,0
6078,0.761161,1.5057373046875,1.20941162109375,0
6079,0.761286,1.522674560546875,1.214752197265625,0
6080,0.761412,1.54022216796875,1.2225341796875,0
6081,0.761537,1.55914306640625,1.233062744140625,0
6082,0.761662,1.578216552734375,1.245574951171875,0
6083,0.761787,1.595916748046875,1.25823974609375,0
6084,0.761913,1.6119384765625,1.270904541015625,0
6085,0.762038,1.6278076171875,1.284942626953125,0
6086,0.762163,1.644744873046875,1.301727294921875,0
6087,0.762288,1.66229248046875,1.320343017578125,0
6088,0.762414,1.678466796875,1.33941650390625,0
6089,0.762539,1.692657470703125,1.357879638671875,0
6090,0.762664,1.705780029296875,1.376800537109375,0
6091,0.762789,1.719512939453125,1.397552490234375,0
6092,0.762915,1.7340087890625,1.4202880859375,0
6093,0.76304,1.747589111328125,1.443328857421875,0
6094,0.763165,1.758880615234375,1.465301513671875,0
6095,0.76329,1.768646240234375,1.486663818359375,0
6096,0.763415,1.77825927734375,1.50909423828125,0
6097,0.763541,1.788482666015625,1.53289794921875,0
6098,0.763667,1.798248291015625,1.557159423828125,0
6099,0.763792,1.806182861328125,1.580047607421875,0
6100,0.763917,1.81182861328125,1.60125732421875,0
6101,0.764042,1.81671142578125,1.622314453125,0
6102,0.764168,1.822052001953125,1.644439697265625,0
6103,0.764293,1.827392578125,1.666717529296875,0
6104,0.764421,1.831207275390625,1.6876220703125,0
6105,0.764543,1.832427978515625,1.70623779296875,0
6106,0.764669,1.832427978515625,1.723480224609375,0
6107,0.764794,1.83258056640625,1.74072265625,0
6108,0.764919,1.833038330078125,1.7584228515625,0
6109,0.765044,1.832427978515625,1.77459716796875,0
6110,0.76517,1.82952880859375,1.788177490234375,0
6111,0.765295,1.82464599609375,1.799468994140625,0
6112,0.765421,1.819610595703125,1.80999755859375,0
6113,0.765546,1.815185546875,1.8206787109375,0
6114,0.765671,1.810302734375,1.830291748046875,0
6115,0.765796,1.803436279296875,1.837158203125,0
6116,0.765922,1.794281005859375,1.84112548828125,0
6117,0.766047,1.78466796875,1.84356689453125,0
6118,0.766172,1.7755126953125,1.845855712890625,0
6119,0.766297,1.76666259765625,1.8475341796875,0
6120,0.766423,1.75628662109375,1.846923828125,0
6121,0.766548,1.743927001953125,1.843109130859375,0
6122,0.766673,1.7303466796875,1.837310791015625,0
6123,0.766798,1.717376708984375,1.8310546875,0
6124,0.766924,1.70501708984375,1.82464599609375,0
6125,0.767049,1.69219970703125,1.816558837890625,0
6126,0.767174,1.67724609375,1.805572509765625,0
6127,0.767299,1.66107177734375,1.79229736328125,0
6128,0.767425,1.64520263671875,1.778411865234375,0
6129,0.76755,1.630401611328125,1.764678955078125,0
6130,0.767675,1.615753173828125,1.750335693359375,0
6131,0.7678,1.5997314453125,1.73370361328125,0
6132,0.767926,1.582183837890625,1.714630126953125,0
6133,0.768051,1.56463623046875,1.6949462890625,0
6134,0.768176,1.548309326171875,1.67572021484375,0
6135,0.768301,1.533050537109375,1.656951904296875,0
6136,0.768426,1.51702880859375,1.63665771484375,0
6137,0.768552,1.499481201171875,1.614532470703125,0
6138,0.768677,1.481781005859375,1.59149169921875,0
6139,0.768802,1.46514892578125,1.569366455078125,0
6140,0.768927,1.4501953125,1.5484619140625,0
6141,0.769053,1.435394287109375,1.527252197265625,0
6142,0.769178,1.419219970703125,1.504669189453125,0
6143,0.769303,1.402587890625,1.481475830078125,0
6144,0.769428,1.38702392578125,1.459197998046875,0
6145,0.769554,1.373443603515625,1.438751220703125,0
6146,0.769679,1.360626220703125,1.41937255859375,0
6147,0.769804,1.347198486328125,1.399383544921875,0
6148,0.769929,1.3330078125,1.3787841796875,0
6149,0.770055,1.319580078125,1.3592529296875,0
6150,0.77018,1.30828857421875,1.342010498046875,0
6151,0.770305,1.298370361328125,1.32659912109375,0
6152,0.77043,1.288604736328125,1.3116455078125,0
6153,0.770556,1.277923583984375,1.29638671875,0
6154,0.770681,1.2677001953125,1.281890869140625,0
6155,0.770806,1.259307861328125,1.26983642578125,0
6156,0.770931,1.2530517578125,1.2603759765625,0
6157,0.771057,1.247406005859375,1.252288818359375,0
6158,0.771182,1.24114990234375,1.244049072265625,0
6159,0.771307,1.2347412109375,1.236419677734375,0
6160,0.771432,1.2298583984375,1.230926513671875,0
6161,0.771558,1.2274169921875,1.22833251953125,0
6162,0.771683,1.2261962890625,1.227874755859375,0
6163,0.771808,1.22467041015625,1.227569580078125,0
6164,0.771933,1.22283935546875,1.227569580078125,0
6165,0.772059,1.221771240234375,1.229095458984375,0
6166,0.772184,1.22314453125,1.233673095703125,0
6167,0.772309,1.226348876953125,1.240386962890625,0
6168,0.772434,1.22955322265625,1.248016357421875,0
6169,0.77256,1.232147216796875,1.255340576171875,0
6170,0.772685,1.235198974609375,1.263427734375,0
6171,0.77281,1.240081787109375,1.273956298828125,0
6172,0.772935,1.247100830078125,1.287078857421875,0
6173,0.773061,1.254730224609375,1.30096435546875,0
6174,0.773186,1.2615966796875,1.314544677734375,0
6175,0.773313,1.268310546875,1.327972412109375,0
6176,0.773437,1.2762451171875,1.342926025390625,0
6177,0.773562,1.286468505859375,1.360015869140625,0
6178,0.773687,1.297607421875,1.378326416015625,0
6179,0.773812,1.30828857421875,1.3958740234375,0
6180,0.773938,1.31805419921875,1.41265869140625,0
6181,0.774063,1.328582763671875,1.42974853515625,0
6182,0.774188,1.3409423828125,1.448516845703125,0
6183,0.774313,1.35467529296875,1.468353271484375,0
6184,0.774439,1.36810302734375,1.4874267578125,0
6185,0.774564,1.38031005859375,1.504974365234375,0
6186,0.774689,1.392364501953125,1.521759033203125,0
6187,0.774814,1.40594482421875,1.539459228515625,0
6188,0.77494,1.4208984375,1.55792236328125,0
6189,0.775065,1.436004638671875,1.575775146484375,0
6190,0.77519,1.449737548828125,1.59149169921875,0
6191,0.775315,1.462554931640625,1.605682373046875,0
6192,0.775441,1.47613525390625,1.61956787109375,0
6193,0.775566,1.4910888671875,1.634063720703125,0
6194,0.775691,1.506500244140625,1.648101806640625,0
6195,0.775816,1.520538330078125,1.660003662109375,0
6196,0.775942,1.533203125,1.6693115234375,0
6197,0.776067,1.54571533203125,1.67755126953125,0
6198,0.776192,1.5594482421875,1.68609619140625,0
6199,0.776317,1.57379150390625,1.6943359375,0
6200,0.776443,1.58721923828125,1.700439453125,0
6201,0.776568,1.598663330078125,1.703643798828125,0
6202,0.776693,1.609344482421875,1.705169677734375,0
6203,0.776818,1.620635986328125,1.706390380859375,0
6204,0.776944,1.632843017578125,1.707611083984375,0
6205,0.777069,1.644287109375,1.7071533203125,0
6206,0.777194,1.65374755859375,1.703948974609375,0
6207,0.777319,1.661834716796875,1.698455810546875,0
6208,0.777445,1.669769287109375,1.69219970703125,0
6209,0.77757,1.67877197265625,1.686248779296875,0
6210,0.777695,1.687469482421875,1.67938232421875,0
6211,0.77782,1.6943359375,1.670074462890625,0
6212,0.777946,1.699066162109375,1.6583251953125,0
6213,0.778071,1.703338623046875,1.6455078125,0
6214,0.778196,1.708221435546875,1.633148193359375,0
6215,0.778321,1.713409423828125,1.62078857421875,0
6216,0.778447,1.717071533203125,1.60675048828125,0
6217,0.778572,1.71844482421875,1.590423583984375,0
6218,0.778697,1.71875,1.5728759765625,0
6219,0.778822,1.7193603515625,1.555938720703125,0
6220,0.778948,1.720428466796875,1.539764404296875,0
6221,0.779073,1.7205810546875,1.52313232421875,0
6222,0.779198,1.718597412109375,1.5045166015625,0
6223,0.779323,1.714935302734375,1.484832763671875,0
6224,0.779449,1.711273193359375,1.46575927734375,0
6225,0.779574,1.708221435546875,1.44805908203125,0
6226,0.779699,1.70501708984375,1.43096923828125,0
6227,0.779824,1.6998291015625,1.4129638671875,0
6228,0.77995,1.692657470703125,1.393890380859375,0
6229,0.780075,1.685028076171875,1.37542724609375,0
6230,0.7802,1.67816162109375,1.35894775390625,0
6231,0.780325,1.671600341796875,1.343994140625,0
6232,0.780451,1.663818359375,1.32904052734375,0
6233,0.780576,1.654052734375,1.3134765625,0
6234,0.780701,1.643218994140625,1.2982177734375,0
6235,0.780826,1.63299560546875,1.285247802734375,0
6236,0.780952,1.623687744140625,1.27471923828125,0
6237,0.781077,1.613922119140625,1.265106201171875,0
6238,0.781202,1.602325439453125,1.255340576171875,0
6239,0.781327,1.58935546875,1.245880126953125,0
6240,0.781453,1.57684326171875,1.2384033203125,0
6241,0.781578,1.565399169921875,1.23382568359375,0
6242,0.781703,1.554412841796875,1.2310791015625,0
6243,0.781828,1.541900634765625,1.2286376953125,0
6244,0.781954,1.52801513671875,1.226348876953125,0
6245,0.782079,1.5142822265625,1.225738525390625,0
6246,0.782204,1.50177001953125,1.22802734375,0
6247,0.782329,1.490325927734375,1.232757568359375,0
6248,0.782455,1.478271484375,1.2384033203125,0
6249,0.78258,1.464691162109375,1.243896484375,0
6250,0.782705,1.4508056640625,1.250457763671875,0
6251,0.78283,1.43829345703125,1.259613037109375,0
6252,0.782956,1.427459716796875,1.271514892578125,0
6253,0.783081,1.416473388671875,1.28448486328125,0
6254,0.783206,1.404571533203125,1.29730224609375,0
6255,0.783331,1.39190673828125,1.310577392578125,0
6256,0.783457,1.380462646484375,1.325531005859375,0
6257,0.783582,1.370849609375,1.34307861328125,0
6258,0.783707,1.362152099609375,1.36199951171875,0
6259,0.783832,1.352691650390625,1.380767822265625,0
6260,0.783958,1.342620849609375,1.399078369140625,0
6261,0.784083,1.333160400390625,1.41815185546875,0
6262,0.784208,1.32568359375,1.439208984375,0
6263,0.784333,1.319732666015625,1.4617919921875,0
6264,0.784459,1.31378173828125,1.484222412109375,0
6265,0.784584,1.306915283203125,1.505279541015625,0
6266,0.784709,1.30035400390625,1.526031494140625,0
6267,0.784834,1.295623779296875,1.54815673828125,0
6268,0.78496,1.29302978515625,1.571502685546875,0
6269,0.785085,1.2908935546875,1.59454345703125,0
6270,0.78521,1.28814697265625,1.61590576171875,0
6271,0.785335,1.285247802734375,1.6357421875,0
6272,0.785461,1.283721923828125,1.656036376953125,0
6273,0.785586,1.28448486328125,1.677093505859375,0
6274,0.785711,1.286468505859375,1.697845458984375,0
6275,0.785836,1.287994384765625,1.71661376953125,0
6276,0.785962,1.2890625,1.733245849609375,0
6277,0.786087,1.291046142578125,1.74896240234375,0
6278,0.786212,1.295166015625,1.764984130859375,0
6279,0.786337,1.30096435546875,1.780853271484375,0
6280,0.786463,1.3067626953125,1.794586181640625,0
6281,0.786588,1.311798095703125,1.80572509765625,0
6282,0.786713,1.317138671875,1.81488037109375,0
6283,0.786838,1.32415771484375,1.823883056640625,0
6284,0.786964,1.33331298828125,1.83258056640625,0
6285,0.787089,1.342926025390625,1.839599609375,0
6286,0.787214,1.351776123046875,1.843719482421875,0
6287,0.787339,1.36016845703125,1.845245361328125,0
6288,0.787465,1.369781494140625,1.845855712890625,0
6289,0.78759,1.381378173828125,1.8463134765625,0
6290,0.787715,1.393890380859375,1.845550537109375,0
6291,0.78784,1.405792236328125,1.842041015625,0
6292,0.787966,1.4166259765625,1.83563232421875,0
6293,0.788091,1.428070068359375,1.827850341796875,0
6294,0.788216,1.44134521484375,1.819915771484375,0
6295,0.788341,1.4556884765625,1.811370849609375,0
6296,0.788467,1.469573974609375,1.800689697265625,0
6297,0.788592,1.48223876953125,1.787261962890625,0
6298,0.788717,1.494598388671875,1.7718505859375,0
6299,0.788842,1.508331298828125,1.756591796875,0
6300,0.788968,1.523284912109375,1.7413330078125,0
6301,0.789093,1.538238525390625,1.724700927734375,0
6302,0.789218,1.551666259765625,1.705780029296875,0
6303,0.789343,1.56402587890625,1.685028076171875,0
6304,0.789469,1.576995849609375,1.66412353515625,0
6305,0.789594,1.591339111328125,1.643829345703125,0
6306,0.789719,1.605987548828125,1.62353515625,0
6307,0.789844,1.619110107421875,1.6015625,0
6308,0.78997,1.63055419921875,1.577911376953125,0
6309,0.790095,1.641845703125,1.554107666015625,0
6310,0.79022,1.654205322265625,1.531524658203125,0
6311,0.790345,1.66717529296875,1.509857177734375,0
6312,0.790471,1.678924560546875,1.487579345703125,0
6313,0.790596,1.688690185546875,1.46392822265625,0
6314,0.790721,1.6973876953125,1.440277099609375,0
6315,0.790846,1.706695556640625,1.41815185546875,0
6316,0.790972,1.716766357421875,1.397857666015625,0
6317,0.791097,1.72607421875,1.378021240234375,0
6318,0.791222,1.733245849609375,1.357421875,0
6319,0.791347,1.738739013671875,1.336822509765625,0
6320,0.791473,1.744232177734375,1.317901611328125,0
6321,0.791598,1.75048828125,1.301422119140625,0
6322,0.791723,1.756439208984375,1.286468505859375,0
6323,0.791848,1.760406494140625,1.271514892578125,0
6324,0.791974,1.762237548828125,1.256561279296875,0
6325,0.792099,1.763458251953125,1.24298095703125,0
6326,0.792224,1.76513671875,1.2322998046875,0
6327,0.792349,1.767120361328125,1.223907470703125,0
6328,0.792475,1.767425537109375,1.216278076171875,0
6329,0.7926,1.76544189453125,1.208648681640625,0
6330,0.792725,1.762237548828125,1.202239990234375,0
6331,0.79285,1.759185791015625,1.19842529296875,0
6332,0.792976,1.756744384765625,1.197509765625,0
6333,0.793101,1.75323486328125,1.1981201171875,0
6334,0.793226,1.747589111328125,1.19873046875,0
6335,0.793351,1.7401123046875,1.199951171875,0
6336,0.793477,1.73248291015625,1.20330810546875,0
6337,0.793602,1.725616455078125,1.209716796875,0
6338,0.793727,1.71844482421875,1.21795654296875,0
6339,0.793852,1.709442138671875,1.22650146484375,0
6340,0.793978,1.69830322265625,1.23504638671875,0
6341,0.794103,1.686553955078125,1.2451171875,0
6342,0.794228,1.67572021484375,1.25762939453125,0
6343,0.794353,1.665191650390625,1.272430419921875,0
6344,0.794479,1.653289794921875,1.287384033203125,0
6345,0.794604,1.639404296875,1.3018798828125,0
6346,0.794729,1.624603271484375,1.316986083984375,0
6347,0.794854,1.61041259765625,1.33392333984375,0
6348,0.79498,1.597137451171875,1.35284423828125,0
6349,0.795105,1.583404541015625,1.372222900390625,0
6350,0.79523,1.56768798828125,1.390533447265625,0
6351,0.795355,1.5509033203125,1.40838623046875,0
6352,0.795481,1.534423828125,1.427154541015625,0
6353,0.795606,1.519317626953125,1.447601318359375,0
6354,0.795731,1.504364013671875,1.468505859375,0
6355,0.795856,1.488189697265625,1.488189697265625,0
6356,0.795982,1.47064208984375,1.506500244140625,0
6357,0.796107,1.4532470703125,1.524505615234375,0
6358,0.796232,1.4373779296875,1.5435791015625,0
6359,0.796357,1.42242431640625,1.5631103515625,0
6360,0.796483,1.4068603515625,1.581268310546875,0
6361,0.796608,1.39007568359375,1.5972900390625,0
6362,0.796733,1.373138427734375,1.612091064453125,0
6363,0.796858,1.357421875,1.627197265625,0
6364,0.796984,1.343536376953125,1.642608642578125,0
6365,0.797109,1.329803466796875,1.65679931640625,0
6366,0.797234,1.315155029296875,1.66839599609375,0
6367,0.797359,1.299896240234375,1.678009033203125,0
6368,0.797485,1.285858154296875,1.68701171875,0
6369,0.79761,1.273956298828125,1.6961669921875,0
6370,0.797735,1.262969970703125,1.704559326171875,0
6371,0.79786,1.25152587890625,1.710357666015625,0
6372,0.797986,1.239471435546875,1.713409423828125,0
6373,0.798111,1.228179931640625,1.715087890625,0
6374,0.798236,1.219024658203125,1.7169189453125,0
6375,0.798361,1.211700439453125,1.718292236328125,0
6376,0.798487,1.204376220703125,1.717376708984375,0
6377,0.798612,1.196441650390625,1.713714599609375,0
6378,0.798737,1.188812255859375,1.70806884765625,0
6379,0.798862,1.183319091796875,1.7022705078125,0
6380,0.798988,1.179962158203125,1.69647216796875,0
6381,0.799113,1.1773681640625,1.68914794921875,0
6382,0.799238,1.17431640625,1.679229736328125,0
6383,0.799363,1.1712646484375,1.66717529296875,0
6384,0.799489,1.16973876953125,1.654815673828125,0
6385,0.799614,1.170806884765625,1.64276123046875,0
6386,0.799739,1.173095703125,1.6302490234375,0
6387,0.799864,1.175384521484375,1.6156005859375,0
6388,0.79999,1.17706298828125,1.59881591796875,0
6389,0.800115,1.179962158203125,1.581573486328125,0
6390,0.80024,1.185302734375,1.56524658203125,0
6391,0.800365,1.19232177734375,1.549224853515625,0
6392,0.800491,1.19964599609375,1.532135009765625,0
6393,0.800616,1.20635986328125,1.513214111328125,0
6394,0.800741,1.213531494140625,1.493682861328125,0
6395,0.800866,1.222686767578125,1.4752197265625,0
6396,0.800992,1.233978271484375,1.4581298828125,0
6397,0.801117,1.245880126953125,1.4410400390625,0
6398,0.801242,1.257171630859375,1.422882080078125,0
6399,0.801367,1.268310546875,1.403961181640625,0
6400,0.801493,1.28082275390625,1.386260986328125,0
6401,0.801618,1.29547119140625,1.370697021484375,0
6402,0.801743,1.311187744140625,1.356048583984375,0
6403,0.801868,1.3262939453125,1.34124755859375,0
6404,0.801994,1.34063720703125,1.325836181640625,0
6405,0.802119,1.3555908203125,1.311492919921875,0
6406,0.802244,1.372528076171875,1.299591064453125,0
6407,0.802369,1.390838623046875,1.289825439453125,0
6408,0.802495,1.40869140625,1.280517578125,0
6409,0.80262,1.42547607421875,1.27105712890625,0
6410,0.802745,1.442108154296875,1.262359619140625,0
6411,0.80287,1.4599609375,1.256256103515625,0
6412,0.802996,1.479339599609375,1.25274658203125,0
6413,0.803121,1.49871826171875,1.2506103515625,0
6414,0.803246,1.5167236328125,1.24847412109375,0
6415,0.803371,1.5338134765625,1.246795654296875,0
6416,0.803497,1.551513671875,1.247406005859375,0
6417,0.803622,1.570587158203125,1.251068115234375,0
6418,0.803747,1.5899658203125,1.256561279296875,0
6419,0.803872,1.60797119140625,1.262359619140625,0
6420,0.803998,1.624298095703125,1.268310546875,0
6421,0.804123,1.640625,1.275787353515625,0
6422,0.804248,1.657867431640625,1.286163330078125,0
6423,0.804373,1.67572021484375,1.298828125,0
6424,0.804499,1.692352294921875,1.312103271484375,0
6425,0.804624,1.707000732421875,1.3250732421875,0
6426,0.804749,1.720733642578125,1.33880615234375,0
6427,0.804874,1.73492431640625,1.354827880859375,0
6428,0.805,1.7498779296875,1.373138427734375,0
6429,0.805125,1.763916015625,1.3922119140625,0
6430,0.80525,1.775970458984375,1.410675048828125,0
6431,0.805375,1.78619384765625,1.4288330078125,0
6432,0.805501,1.7962646484375,1.4483642578125,0
6433,0.805626,1.807098388671875,1.47003173828125,0
6434,0.805751,1.817474365234375,1.492462158203125,0
6435,0.805876,1.82586669921875,1.514129638671875,0
6436,0.806002,1.83197021484375,1.534576416015625,0
6437,0.806127,1.837310791015625,1.555328369140625,0
6438,0.806252,1.84326171875,1.57745361328125,0
6439,0.806377,1.84906005859375,1.600341796875,0
6440,0.806503,1.853179931640625,1.622314453125,0
6441,0.806628,1.8548583984375,1.642303466796875,0
6442,0.806753,1.85516357421875,1.661529541015625,0
6443,0.806878,1.855621337890625,1.68121337890625,0
6444,0.807004,1.85638427734375,1.701507568359375,0
6445,0.807129,1.855926513671875,1.720733642578125,0
6446,0.807254,1.85302734375,1.737823486328125,0
6447,0.807379,1.848297119140625,1.752777099609375,0
6448,0.807505,1.84326171875,1.767425537109375,0
6449,0.80763,1.83868408203125,1.782379150390625,0
6450,0.807755,1.833648681640625,1.796417236328125,0
6451,0.80788,1.826629638671875,1.808013916015625,0
6452,0.808006,1.817169189453125,1.8170166015625,0
6453,0.808131,1.807098388671875,1.824493408203125,0
6454,0.808256,1.797637939453125,1.83197021484375,0
6455,0.808381,1.788177490234375,1.838836669921875,0
6456,0.808507,1.777191162109375,1.843414306640625,0
6457,0.808632,1.764068603515625,1.84478759765625,0
6458,0.808757,1.749725341796875,1.84417724609375,0
6459,0.808882,1.73583984375,1.843109130859375,0
6460,0.809008,1.72271728515625,1.841583251953125,0
6461,0.809133,1.70867919921875,1.83837890625,0
6462,0.809258,1.692657470703125,1.832122802734375,0
6463,0.809383,1.675262451171875,1.823272705078125,0
6464,0.809509,1.65802001953125,1.813507080078125,0
6465,0.809634,1.641845703125,1.803741455078125,0
6466,0.809759,1.625823974609375,1.79290771484375,0
6467,0.809884,1.6082763671875,1.77947998046875,0
6468,0.81001,1.58905029296875,1.763458251953125,0
6469,0.810135,1.56982421875,1.7462158203125,0
6470,0.81026,1.55181884765625,1.729278564453125,0
6471,0.810385,1.53472900390625,1.7120361328125,0
6472,0.810511,1.5167236328125,1.693267822265625,0
6473,0.810636,1.497344970703125,1.671905517578125,0
6474,0.810761,1.477508544921875,1.649322509765625,0
6475,0.810886,1.458892822265625,1.627044677734375,0
6476,0.811012,1.441802978515625,1.605682373046875,0
6477,0.811137,1.42486572265625,1.58355712890625,0
6478,0.811262,1.406707763671875,1.559600830078125,0
6479,0.811387,1.387786865234375,1.534423828125,0
6480,0.811513,1.36993408203125,1.50970458984375,0
6481,0.811638,1.35406494140625,1.48651123046875,0
6482,0.811763,1.339111328125,1.46392822265625,0
6483,0.811888,1.323394775390625,1.440277099609375,0
6484,0.812014,1.30706787109375,1.41571044921875,0
6485,0.812139,1.291351318359375,1.391754150390625,0
6486,0.812264,1.27777099609375,1.36962890625,0
6487,0.812389,1.265716552734375,1.34918212890625,0
6488,0.812515,1.253662109375,1.328887939453125,0
6489,0.81264,1.240997314453125,1.3079833984375,0
6490,0.812765,1.228485107421875,1.28753662109375,0
6491,0.81289,1.218109130859375,1.269378662109375,0
6492,0.813016,1.209869384765625,1.253662109375,0
6493,0.813141,1.202239990234375,1.239166259765625,0
6494,0.813266,1.19415283203125,1.224365234375,0
6495,0.813391,1.1859130859375,1.210174560546875,0
6496,0.813517,1.17950439453125,1.197967529296875,0
6497,0.813642,1.175384521484375,1.18896484375,0
6498,0.813767,1.172637939453125,1.181793212890625,0
6499,0.813892,1.16973876953125,1.175079345703125,0
6500,0.814018,1.1663818359375,1.168670654296875,0
6501,0.814143,1.16424560546875,1.164093017578125,0
6502,0.814268,1.16455078125,1.162567138671875,0
6503,0.814393,1.16668701171875,1.16363525390625,0
6504,0.814519,1.16912841796875,1.165618896484375,0
6505,0.814644,1.171112060546875,1.167755126953125,0
6506,0.814769,1.17340087890625,1.171112060546875,0
6507,0.814894,1.177978515625,1.17706298828125,0
6508,0.81502,1.1846923828125,1.186065673828125,0
6509,0.815145,1.192169189453125,1.1962890625,0
6510,0.81527,1.19903564453125,1.206512451171875,0
6511,0.815395,1.205902099609375,1.217193603515625,0
6512,0.815521,1.214141845703125,1.230010986328125,0
6513,0.815646,1.224822998046875,1.24542236328125,0
6514,0.815771,1.236572265625,1.262359619140625,0
6515,0.815896,1.248016357421875,1.279296875,0
6516,0.816022,1.258697509765625,1.2957763671875,0
6517,0.816147,1.270294189453125,1.313323974609375,0
6518,0.816272,1.28387451171875,1.333160400390625,0
6519,0.816397,1.298980712890625,1.3543701171875,0
6520,0.816523,1.313934326171875,1.375579833984375,0
6521,0.816648,1.327972412109375,1.395721435546875,0
6522,0.816773,1.34185791015625,1.41571044921875,0
6523,0.816898,1.357269287109375,1.43707275390625,0
6524,0.817024,1.37451171875,1.459808349609375,0
6525,0.817149,1.391754150390625,1.48223876953125,0
6526,0.817274,1.40777587890625,1.5032958984375,0
6527,0.817399,1.423187255859375,1.522979736328125,0
6528,0.817525,1.439361572265625,1.54296875,0
6529,0.81765,1.457061767578125,1.56402587890625,0
6530,0.817775,1.475372314453125,1.584930419921875,0
6531,0.8179,1.4923095703125,1.60400390625,0
6532,0.818026,1.508026123046875,1.62078857421875,0
6533,0.818151,1.52374267578125,1.636962890625,0
6534,0.818276,1.540679931640625,1.6534423828125,0
6535,0.818401,1.558380126953125,1.669921875,0
6536,0.818527,1.57501220703125,1.684417724609375,0
6537,0.818652,1.5899658203125,1.696319580078125,0
6538,0.818777,1.60400390625,1.706390380859375,0
6539,0.818902,1.61895751953125,1.71630859375,0
6540,0.819028,1.634674072265625,1.72607421875,0
6541,0.819153,1.649627685546875,1.73431396484375,0
6542,0.819278,1.662750244140625,1.739654541015625,0
6543,0.819403,1.674346923828125,1.7425537109375,0
6544,0.819529,1.685943603515625,1.744537353515625,0
6545,0.819654,1.698455810546875,1.74652099609375,0
6546,0.819779,1.7108154296875,1.7474365234375,0
6547,0.819904,1.72119140625,1.745758056640625,0
6548,0.82003,1.72943115234375,1.741180419921875,0
6549,0.820155,1.737060546875,1.7352294921875,0
6550,0.82028,1.745452880859375,1.729278564453125,0
6551,0.820405,1.75384521484375,1.722869873046875,0
6552,0.820531,1.7608642578125,1.7144775390625,0
6553,0.820656,1.765289306640625,1.703338623046875,0
6554,0.820781,1.768646240234375,1.69036865234375,0
6555,0.820906,1.77215576171875,1.67755126953125,0
6556,0.821032,1.776123046875,1.6650390625,0
6557,0.821157,1.779022216796875,1.65130615234375,0
6558,0.821282,1.77978515625,1.6351318359375,0
6559,0.821407,1.778411865234375,1.617279052734375,0
6560,0.821533,1.77703857421875,1.59942626953125,0
6561,0.821658,1.776275634765625,1.582489013671875,0
6562,0.821783,1.775054931640625,1.5655517578125,0
6563,0.821908,1.7718505859375,1.547088623046875,0
6564,0.822034,1.766357421875,1.526947021484375,0
6565,0.822159,1.76025390625,1.506805419921875,0
6566,0.822284,1.7547607421875,1.488037109375,0
6567,0.822409,1.749420166015625,1.4703369140625,0
6568,0.822535,1.7425537109375,1.4520263671875,0
6569,0.82266,1.733551025390625,1.432647705078125,0
6570,0.822785,1.72332763671875,1.413116455078125,0
6571,0.82291,1.713714599609375,1.395416259765625,0
6572,0.823036,1.7047119140625,1.379547119140625,0
6573,0.823161,1.6949462890625,1.364288330078125,0
6574,0.823286,1.683197021484375,1.348419189453125,0
6575,0.823411,1.669921875,1.332550048828125,0
6576,0.823537,1.65679931640625,1.318511962890625,0
6577,0.823662,1.644744873046875,1.306915283203125,0
6578,0.823787,1.632843017578125,1.2969970703125,0
6579,0.823912,1.6192626953125,1.287078857421875,0
6580,0.824038,1.604156494140625,1.277313232421875,0
6581,0.824163,1.588897705078125,1.2689208984375,0
6582,0.824288,1.574859619140625,1.263427734375,0
6583,0.824413,1.56158447265625,1.2603759765625,0
6584,0.824539,1.547393798828125,1.258087158203125,0
6585,0.824664,1.531829833984375,1.25579833984375,0
6586,0.824789,1.515655517578125,1.25457763671875,0
6587,0.824915,1.500701904296875,1.256103515625,0
6588,0.82504,1.48712158203125,1.260528564453125,0
6589,0.825165,1.473541259765625,1.266326904296875,0
6590,0.82529,1.458587646484375,1.272125244140625,0
6591,0.825415,1.443023681640625,1.278533935546875,0
6592,0.825541,1.428375244140625,1.287078857421875,0
6593,0.825667,1.415557861328125,1.29852294921875,0
6594,0.825792,1.40350341796875,1.311798095703125,0
6595,0.825917,1.39068603515625,1.3250732421875,0
6596,0.826042,1.376953125,1.338348388671875,0
6597,0.826168,1.36383056640625,1.35284423828125,0
6598,0.826293,1.352691650390625,1.36993408203125,0
6599,0.826419,1.34307861328125,1.389007568359375,0
6600,0.826544,1.33331298828125,1.4080810546875,0
6601,0.826669,1.322784423828125,1.426544189453125,0
6602,0.826795,1.312408447265625,1.4453125,0
6603,0.82692,1.303863525390625,1.46575927734375,0
6604,0.827045,1.29730224609375,1.488037109375,0
6605,0.82717,1.291351318359375,1.510467529296875,0
6606,0.827296,1.2847900390625,1.53167724609375,0
6607,0.827421,1.277923583984375,1.5521240234375,0
6608,0.827546,1.2725830078125,1.573333740234375,0
6609,0.827671,1.269683837890625,1.59576416015625,0
6610,0.827797,1.267852783203125,1.618499755859375,0
6611,0.827922,1.265869140625,1.63970947265625,0
6612,0.828047,1.263275146484375,1.659088134765625,0
6613,0.828172,1.261749267578125,1.678009033203125,0
6614,0.828298,1.262359619140625,1.69769287109375,0
6615,0.828423,1.26495361328125,1.717376708984375,0
6616,0.828548,1.267547607421875,1.73553466796875,0
6617,0.828673,1.26953125,1.751251220703125,0
6618,0.828799,1.271820068359375,1.765289306640625,0
6619,0.828924,1.276092529296875,1.779327392578125,0
6620,0.829049,1.282501220703125,1.793365478515625,0
6621,0.829174,1.289520263671875,1.8060302734375,0
6622,0.8293,1.295928955078125,1.815643310546875,0
6623,0.829425,1.302032470703125,1.82281494140625,0
6624,0.82955,1.30950927734375,1.8292236328125,0
6625,0.829675,1.319122314453125,1.835479736328125,0
6626,0.829801,1.3299560546875,1.84051513671875,0
6627,0.829926,1.340179443359375,1.8426513671875,0
6628,0.830051,1.349639892578125,1.841888427734375,0
6629,0.830176,1.359710693359375,1.839599609375,0
6630,0.830304,1.37176513671875,1.83685302734375,0
6631,0.830427,1.385345458984375,1.83349609375,0
6632,0.830552,1.398468017578125,1.82769775390625,0
6633,0.830678,1.4105224609375,1.818695068359375,0
6634,0.830803,1.422576904296875,1.807708740234375,0
6635,0.830928,1.436004638671875,1.7962646484375,0
6636,0.831053,1.450958251953125,1.78466796875,0
6637,0.831179,1.466064453125,1.771392822265625,0
6638,0.831304,1.47979736328125,1.755218505859375,0
6639,0.831429,1.492767333984375,1.73675537109375,0
6640,0.831554,1.506500244140625,1.71783447265625,0
6641,0.83168,1.5216064453125,1.69921875,0
6642,0.831805,1.53717041015625,1.679840087890625,0
6643,0.83193,1.551513671875,1.658477783203125,0
6644,0.832055,1.5643310546875,1.63482666015625,0
6645,0.832181,1.5771484375,1.610565185546875,0
6646,0.832306,1.5911865234375,1.58721923828125,0
6647,0.832431,1.6058349609375,1.564178466796875,0
6648,0.832556,1.619415283203125,1.540069580078125,0
6649,0.832682,1.63116455078125,1.514129638671875,0
6650,0.832807,1.64215087890625,1.48773193359375,0
6651,0.832932,1.65374755859375,1.46240234375,0
6652,0.833057,1.666259765625,1.438446044921875,0
6653,0.833183,1.6778564453125,1.414642333984375,0
6654,0.833308,1.6876220703125,1.389617919921875,0
6655,0.833433,1.69586181640625,1.364288330078125,0
6656,0.833558,1.7041015625,1.340179443359375,0
6657,0.833684,1.713104248046875,1.318359375,0
6658,0.833809,1.7218017578125,1.297760009765625,0
6659,0.833934,1.728668212890625,1.27685546875,0
6660,0.834059,1.7333984375,1.25579833984375,0
6661,0.834185,1.737518310546875,1.2359619140625,0
6662,0.83431,1.74224853515625,1.2188720703125,0
6663,0.834435,1.74713134765625,1.204071044921875,0
6664,0.83456,1.75048828125,1.18988037109375,0
6665,0.834686,1.751556396484375,1.17584228515625,0
6666,0.834811,1.751251220703125,1.162872314453125,0
6667,0.834936,1.751251220703125,1.152496337890625,0
6668,0.835061,1.751708984375,1.14532470703125,0
6669,0.835187,1.7510986328125,1.139678955078125,0
6670,0.835312,1.748199462890625,1.134185791015625,0
6671,0.835437,1.74346923828125,1.129608154296875,0
6672,0.835562,1.73858642578125,1.127471923828125,0
6673,0.835688,1.734466552734375,1.128692626953125,0
6674,0.835813,1.729888916015625,1.132049560546875,0
6675,0.835938,1.72332763671875,1.136016845703125,0
6676,0.836063,1.714630126953125,1.14044189453125,0
6677,0.836189,1.705169677734375,1.14654541015625,0
6678,0.836314,1.696624755859375,1.156005859375,0
6679,0.836439,1.688232421875,1.167755126953125,0
6680,0.836564,1.678314208984375,1.180572509765625,0
6681,0.83669,1.666259765625,1.1932373046875,0
6682,0.836815,1.653289794921875,1.20697021484375,0
6683,0.83694,1.640777587890625,1.22314453125,0
6684,0.837065,1.6290283203125,1.241912841796875,0
6685,0.837191,1.616668701171875,1.261749267578125,0
6686,0.837316,1.602325439453125,1.2811279296875,0
6687,0.837441,1.58660888671875,1.300506591796875,0
6688,0.837566,1.571197509765625,1.3214111328125,0
6689,0.837692,1.556854248046875,1.344451904296875,0
6690,0.837817,1.542816162109375,1.368560791015625,0
6691,0.837942,1.527252197265625,1.392059326171875,0
6692,0.838067,1.510162353515625,1.41448974609375,0
6693,0.838193,1.49322509765625,1.4373779296875,0
6694,0.838318,1.477508544921875,1.4617919921875,0
6695,0.838443,1.46270751953125,1.48712158203125,0
6696,0.838568,1.4471435546875,1.51153564453125,0
6697,0.838694,1.430206298828125,1.534271240234375,0
6698,0.838819,1.4129638671875,1.55609130859375,0
6699,0.838944,1.396942138671875,1.578521728515625,0
6700,0.839069,1.382598876953125,1.601715087890625,0
6701,0.839195,1.368255615234375,1.623992919921875,0
6702,0.83932,1.35284423828125,1.64398193359375,0
6703,0.839445,1.336822509765625,1.6619873046875,0
6704,0.83957,1.321868896484375,1.6796875,0
6705,0.839696,1.30889892578125,1.69769287109375,0
6706,0.839821,1.2969970703125,1.714935302734375,0
6707,0.839946,1.284332275390625,1.729583740234375,0
6708,0.840071,1.27105712890625,1.74163818359375,0
6709,0.840197,1.258392333984375,1.752166748046875,0
6710,0.840322,1.248016357421875,1.762847900390625,0
6711,0.840447,1.239166259765625,1.77276611328125,0
6712,0.840572,1.23046875,1.7803955078125,0
6713,0.840698,1.22100830078125,1.78497314453125,0
6714,0.840823,1.212005615234375,1.78741455078125,0
6715,0.840948,1.204986572265625,1.78924560546875,0
6716,0.841073,1.200103759765625,1.790924072265625,0
6717,0.841199,1.19598388671875,1.790618896484375,0
6718,0.841324,1.191253662109375,1.787261962890625,0
6719,0.841449,1.186676025390625,1.78131103515625,0
6720,0.841574,1.183624267578125,1.77459716796875,0
6721,0.8417,1.18316650390625,1.767730712890625,0
6722,0.841825,1.183929443359375,1.759796142578125,0
6723,0.84195,1.1846923828125,1.749267578125,0
6724,0.842076,1.18499755859375,1.73614501953125,0
6725,0.842201,1.186370849609375,1.7218017578125,0
6726,0.842326,1.190338134765625,1.707611083984375,0
6727,0.842451,1.19598388671875,1.693267822265625,0
6728,0.842577,1.20208740234375,1.67724609375,0
6729,0.842702,1.20758056640625,1.658782958984375,0
6730,0.842827,1.21368408203125,1.63909912109375,0
6731,0.842952,1.221771240234375,1.619873046875,0
6732,0.843078,1.23199462890625,1.60125732421875,0
6733,0.843203,1.24298095703125,1.58203125,0
6734,0.843328,1.253509521484375,1.561126708984375,0
6735,0.843453,1.26373291015625,1.53900146484375,0
6736,0.843579,1.275634765625,1.517333984375,0
6737,0.843704,1.2896728515625,1.497344970703125,0
6738,0.843829,1.304931640625,1.477813720703125,0
6739,0.843954,1.319580078125,1.457366943359375,0
6740,0.84408,1.3336181640625,1.436004638671875,0
6741,0.844205,1.348419189453125,1.415252685546875,0
6742,0.84433,1.365203857421875,1.396636962890625,0
6743,0.844455,1.38336181640625,1.379547119140625,0
6744,0.844581,1.4013671875,1.36260986328125,0
6745,0.844706,1.418304443359375,1.34521484375,0
6746,0.844831,1.435089111328125,1.328277587890625,0
6747,0.844956,1.4532470703125,1.31378173828125,0
6748,0.845082,1.47308349609375,1.301727294921875,0
6749,0.845207,1.492919921875,1.2908935546875,0
6750,0.845332,1.51153564453125,1.2799072265625,0
6751,0.845457,1.52923583984375,1.269378662109375,0
6752,0.845583,1.547698974609375,1.261138916015625,0
6753,0.845708,1.567535400390625,1.25579833984375,0
6754,0.845833,1.587677001953125,1.252593994140625,0
6755,0.845958,1.606597900390625,1.24969482421875,0
6756,0.846084,1.623992919921875,1.24725341796875,0
6757,0.846209,1.6412353515625,1.246490478515625,0
6758,0.846334,1.6595458984375,1.248779296875,0
6759,0.846459,1.678466796875,1.253814697265625,0
6760,0.846585,1.696319580078125,1.259613037109375,0
6761,0.84671,1.7120361328125,1.26556396484375,0
6762,0.846835,1.726837158203125,1.2725830078125,0
6763,0.84696,1.74224853515625,1.2823486328125,0
6764,0.847086,1.7584228515625,1.294708251953125,0
6765,0.847211,1.773681640625,1.30859375,0
6766,0.847336,1.78680419921875,1.322174072265625,0
6767,0.847461,1.798248291015625,1.336212158203125,0
6768,0.847587,1.809539794921875,1.3519287109375,0
6769,0.847712,1.821441650390625,1.370391845703125,0
6770,0.847837,1.8328857421875,1.390228271484375,0
6771,0.847962,1.84234619140625,1.409759521484375,0
6772,0.848088,1.849517822265625,1.4288330078125,0
6773,0.848213,1.85577392578125,1.44866943359375,0
6774,0.848338,1.86248779296875,1.470489501953125,0
6775,0.848463,1.86920166015625,1.493682861328125,0
6776,0.848589,1.87408447265625,1.51641845703125,0
6777,0.848714,1.87652587890625,1.537933349609375,0
6778,0.848839,1.87744140625,1.558990478515625,0
6779,0.848964,1.87835693359375,1.58111572265625,0
6780,0.84909,1.87957763671875,1.604461669921875,0
6781,0.849215,1.879425048828125,1.627197265625,0
6782,0.84934,1.8768310546875,1.64825439453125,0
6783,0.849465,1.87225341796875,1.667633056640625,0
6784,0.849591,1.867218017578125,1.68701171875,0
6785,0.849716,1.862640380859375,1.707000732421875,0
6786,0.849841,1.857452392578125,1.726531982421875,0
6787,0.849966,1.8499755859375,1.743927001953125,0
6788,0.850092,1.8402099609375,1.758880615234375,0
6789,0.850217,1.829681396484375,1.77276611328125,0
6790,0.850342,1.8194580078125,1.786651611328125,0
6791,0.850467,1.80938720703125,1.800079345703125,0
6792,0.850593,1.797637939453125,1.811370849609375,0
6793,0.850718,1.783447265625,1.819610595703125,0
6794,0.850843,1.768035888671875,1.825714111328125,0
6795,0.850968,1.7529296875,1.83135986328125,0
6796,0.851094,1.738433837890625,1.8365478515625,0
6797,0.851219,1.7230224609375,1.83990478515625,0
6798,0.851344,1.705474853515625,1.840057373046875,0
6799,0.851469,1.6864013671875,1.83746337890625,0
6800,0.851595,1.66748046875,1.83380126953125,0
6801,0.85172,1.64947509765625,1.829833984375,0
6802,0.851845,1.6314697265625,1.824493408203125,0
6803,0.85197,1.611785888671875,1.816253662109375,0
6804,0.852096,1.590576171875,1.804962158203125,0
6805,0.852221,1.569061279296875,1.792144775390625,0
6806,0.852346,1.548919677734375,1.7791748046875,0
6807,0.852471,1.529388427734375,1.765594482421875,0
6808,0.852597,1.50909423828125,1.749725341796875,0
6809,0.852722,1.487274169921875,1.73095703125,0
6810,0.852847,1.464996337890625,1.71051025390625,0
6811,0.852972,1.443939208984375,1.689910888671875,0
6812,0.853098,1.42425537109375,1.66961669921875,0
6813,0.853223,1.40472412109375,1.648101806640625,0
6814,0.853348,1.38397216796875,1.6241455078125,0
6815,0.853473,1.362457275390625,1.5985107421875,0
6816,0.853599,1.3421630859375,1.5728759765625,0
6817,0.853724,1.323699951171875,1.54815673828125,0
6818,0.853849,1.30615234375,1.5234375,0
6819,0.853974,1.287994384765625,1.497344970703125,0
6820,0.8541,1.269073486328125,1.4697265625,0
6821,0.854225,1.25091552734375,1.442108154296875,0
6822,0.85435,1.234893798828125,1.416168212890625,0
6823,0.854475,1.220703125,1.391448974609375,0
6824,0.854601,1.20635986328125,1.366424560546875,0
6825,0.854726,1.191558837890625,1.34033203125,0
6826,0.854851,1.17706298828125,1.31439208984375,0
6827,0.854976,1.16455078125,1.29058837890625,0
6828,0.855102,1.15447998046875,1.2689208984375,0
6829,0.855227,1.145172119140625,1.248016357421875,0
6830,0.855352,1.135406494140625,1.226959228515625,0
6831,0.855477,1.12579345703125,1.2060546875,0
6832,0.855603,1.11785888671875,1.187286376953125,0
6833,0.855728,1.112518310546875,1.171417236328125,0
6834,0.855853,1.10870361328125,1.15753173828125,0
6835,0.855978,1.104888916015625,1.143951416015625,0
6836,0.856104,1.100921630859375,1.130828857421875,0
6837,0.856229,1.098175048828125,1.11968994140625,0
6838,0.856354,1.097869873046875,1.111602783203125,0
6839,0.856479,1.099853515625,1.106414794921875,0
6840,0.856605,1.102142333984375,1.102447509765625,0
6841,0.85673,1.1041259765625,1.098785400390625,0
6842,0.856855,1.10687255859375,1.096649169921875,0
6843,0.85698,1.11175537109375,1.097564697265625,0
6844,0.857106,1.119232177734375,1.1016845703125,0
6845,0.857231,1.127471923828125,1.107635498046875,0
6846,0.857356,1.135406494140625,1.1138916015625,0
6847,0.857481,1.14349365234375,1.1212158203125,0
6848,0.857607,1.153106689453125,1.1309814453125,0
6849,0.857732,1.165313720703125,1.143951416015625,0
6850,0.857857,1.17889404296875,1.1590576171875,0
6851,0.857982,1.192169189453125,1.17462158203125,0
6852,0.858108,1.20513916015625,1.190338134765625,0
6853,0.858233,1.2188720703125,1.207733154296875,0
6854,0.858358,1.23504638671875,1.227874755859375,0
6855,0.858483,1.25274658203125,1.250152587890625,0
6856,0.858609,1.27044677734375,1.27288818359375,0
6857,0.858734,1.287384033203125,1.295166015625,0
6858,0.858859,1.3043212890625,1.31805419921875,0
6859,0.858984,1.323089599609375,1.3427734375,0
6860,0.85911,1.343536376953125,1.36932373046875,0
6861,0.859235,1.364288330078125,1.396484375,0
6862,0.85936,1.38397216796875,1.42242431640625,0
6863,0.859485,1.403045654296875,1.44775390625,0
6864,0.859611,1.42303466796875,1.473846435546875,0
6865,0.859736,1.4447021484375,1.501312255859375,0
6866,0.859861,1.466827392578125,1.52923583984375,0
6867,0.859986,1.487884521484375,1.555633544921875,0
6868,0.860112,1.507720947265625,1.5802001953125,0
6869,0.860237,1.527557373046875,1.60430908203125,0
6870,0.860362,1.54876708984375,1.62933349609375,0
6871,0.860487,1.570587158203125,1.65435791015625,0
6872,0.860613,1.59149169921875,1.677703857421875,0
6873,0.860738,1.6107177734375,1.698455810546875,0
6874,0.860863,1.6290283203125,1.717681884765625,0
6875,0.860988,1.648101806640625,1.736907958984375,0
6876,0.861114,1.667938232421875,1.7559814453125,0
6877,0.861239,1.687164306640625,1.77337646484375,0
6878,0.861364,1.70440673828125,1.787872314453125,0
6879,0.861489,1.719970703125,1.799774169921875,0
6880,0.861615,1.735687255859375,1.810760498046875,0
6881,0.86174,1.75201416015625,1.821441650390625,0
6882,0.861865,1.768035888671875,1.83074951171875,0
6883,0.86199,1.782073974609375,1.837158203125,0
6884,0.862116,1.793975830078125,1.84051513671875,0
6885,0.862241,1.804962158203125,1.842041015625,0
6886,0.862366,1.816558837890625,1.843109130859375,0
6887,0.862491,1.828155517578125,1.84326171875,0
6888,0.862617,1.83807373046875,1.840972900390625,0
6889,0.862742,1.84539794921875,1.8353271484375,0
6890,0.862867,1.8511962890625,1.827545166015625,0
6891,0.862992,1.857147216796875,1.81915283203125,0
6892,0.863118,1.8634033203125,1.810455322265625,0
6893,0.863243,1.868438720703125,1.7999267578125,0
6894,0.863368,1.870880126953125,1.786346435546875,0
6895,0.863493,1.871185302734375,1.770477294921875,0
6896,0.863619,1.871185302734375,1.75384521484375,0
6897,0.863744,1.871490478515625,1.737518310546875,0
6898,0.863869,1.871185302734375,1.720428466796875,0
6899,0.863994,1.86859130859375,1.7010498046875,0
6900,0.86412,1.86370849609375,1.67938232421875,0
6901,0.864245,1.857757568359375,1.6571044921875,0
6902,0.86437,1.852264404296875,1.635589599609375,0
6903,0.864495,1.84661865234375,1.6143798828125,0
6904,0.864621,1.83929443359375,1.591949462890625,0
6905,0.864746,1.82952880859375,1.56768798828125,0
6906,0.864871,1.818389892578125,1.54296875,0
6907,0.864996,1.807403564453125,1.5191650390625,0
6908,0.865122,1.796875,1.49688720703125,0
6909,0.865247,1.785430908203125,1.474609375,0
6910,0.865372,1.771697998046875,1.451263427734375,0
6911,0.865497,1.75628662109375,1.427459716796875,0
6912,0.865623,1.74072265625,1.405029296875,0
6913,0.865748,1.72607421875,1.384735107421875,0
6914,0.865873,1.711273193359375,1.365814208984375,0
6915,0.865998,1.694793701171875,1.346588134765625,0
6916,0.866124,1.67633056640625,1.32720947265625,0
6917,0.866249,1.657562255859375,1.3092041015625,0
6918,0.866374,1.639862060546875,1.293792724609375,0
6919,0.866499,1.622772216796875,1.28082275390625,0
6920,0.866625,1.604766845703125,1.268463134765625,0
6921,0.86675,1.584930419921875,1.256256103515625,0
6922,0.866875,1.564483642578125,1.2451171875,0
6923,0.867,1.545257568359375,1.23687744140625,0
6924,0.867126,1.527099609375,1.231536865234375,0
6925,0.867251,1.5087890625,1.227874755859375,0
6926,0.867376,1.4892578125,1.224517822265625,0
6927,0.867501,1.46881103515625,1.221923828125,0
6928,0.867627,1.44927978515625,1.221771240234375,0
6929,0.867752,1.431427001953125,1.2249755859375,0
6930,0.867877,1.414337158203125,1.23046875,0
6931,0.868002,1.396484375,1.236419677734375,0
6932,0.868128,1.377716064453125,1.242828369140625,0
6933,0.868253,1.35955810546875,1.25091552734375,0
6934,0.868378,1.3433837890625,1.26220703125,0
6935,0.868503,1.328582763671875,1.27593994140625,0
6936,0.868629,1.313934326171875,1.290435791015625,0
6937,0.868754,1.2982177734375,1.304931640625,0
6938,0.868879,1.282958984375,1.3201904296875,0
6939,0.869004,1.26953125,1.337890625,0
6940,0.86913,1.25823974609375,1.3580322265625,0
6941,0.869255,1.24755859375,1.37908935546875,0
6942,0.86938,1.236419677734375,1.3995361328125,0
6943,0.869505,1.225128173828125,1.419830322265625,0
6944,0.869631,1.21551513671875,1.44134521484375,0
6945,0.869756,1.208343505859375,1.464996337890625,0
6946,0.869881,1.202545166015625,1.48956298828125,0
6947,0.870006,1.19659423828125,1.513214111328125,0
6948,0.870132,1.190338134765625,1.535491943359375,0
6949,0.870257,1.185150146484375,1.558074951171875,0
6950,0.870382,1.18255615234375,1.581878662109375,0
6951,0.870507,1.18194580078125,1.606292724609375,0
6952,0.870633,1.181640625,1.629638671875,0
6953,0.870758,1.180877685546875,1.6510009765625,0
6954,0.870883,1.18072509765625,1.671142578125,0
6955,0.871008,1.182861328125,1.69158935546875,0
6956,0.871134,1.187286376953125,1.712493896484375,0
6957,0.871259,1.192474365234375,1.732177734375,0
6958,0.871384,1.197357177734375,1.749267578125,0
6959,0.871509,1.20208740234375,1.76422119140625,0
6960,0.871635,1.208648681640625,1.778411865234375,0
6961,0.87176,1.217498779296875,1.7926025390625,0
6962,0.871885,1.227874755859375,1.805572509765625,0
6963,0.87201,1.23779296875,1.815948486328125,0
6964,0.872136,1.24725341796875,1.823272705078125,0
6965,0.872261,1.25762939453125,1.82891845703125,0
6966,0.872386,1.270294189453125,1.8341064453125,0
6967,0.872511,1.28448486328125,1.838531494140625,0
6968,0.872637,1.298828125,1.840362548828125,0
6969,0.872762,1.312103271484375,1.838836669921875,0
6970,0.872887,1.32568359375,1.834869384765625,0
6971,0.873012,1.3409423828125,1.830291748046875,0
6972,0.873138,1.357879638671875,1.824951171875,0
6973,0.873263,1.3751220703125,1.817779541015625,0
6974,0.873388,1.391448974609375,1.8072509765625,0
6975,0.873513,1.407012939453125,1.79412841796875,0
6976,0.873639,1.423492431640625,1.77978515625,0
6977,0.873764,1.441802978515625,1.765289306640625,0
6978,0.873889,1.4605712890625,1.749725341796875,0
6979,0.874014,1.478271484375,1.731414794921875,0
6980,0.87414,1.4947509765625,1.710357666015625,0
6981,0.874265,1.511383056640625,1.688232421875,0
6982,0.87439,1.52923583984375,1.666259765625,0
6983,0.874515,1.548004150390625,1.64398193359375,0
6984,0.874641,1.565704345703125,1.62017822265625,0
6985,0.874766,1.58172607421875,1.59393310546875,0
6986,0.874891,1.597137451171875,1.56646728515625,0
6987,0.875016,1.6131591796875,1.53961181640625,0
6988,0.875142,1.630096435546875,1.513671875,0
6989,0.875267,1.64642333984375,1.48712158203125,0
6990,0.875392,1.660919189453125,1.45904541015625,0
6991,0.875517,1.673736572265625,1.4300537109375,0
6992,0.875643,1.68670654296875,1.401824951171875,0
6993,0.875768,1.700439453125,1.375274658203125,0
6994,0.875893,1.714019775390625,1.349639892578125,0
6995,0.876018,1.725616455078125,1.323394775390625,0
6996,0.876144,1.735076904296875,1.29638671875,0
6997,0.876269,1.7437744140625,1.27044677734375,0
6998,0.876394,1.75323486328125,1.2469482421875,0
6999,0.876519,1.762542724609375,1.225433349609375,0
7000,0.876645,1.770477294921875,1.204376220703125,0
7001,0.87677,1.77581787109375,1.18316650390625,0
7002,0.876895,1.77978515625,1.16302490234375,0
7003,0.87702,1.783905029296875,1.145477294921875,0
7004,0.877146,1.788482666015625,1.1309814453125,0
7005,0.877271,1.791839599609375,1.118011474609375,0
7006,0.877396,1.792755126953125,1.105499267578125,0
7007,0.877521,1.79168701171875,1.09375,0
7008,0.877647,1.790313720703125,1.084747314453125,0
7009,0.877772,1.789398193359375,1.079254150390625,0
7010,0.877897,1.787872314453125,1.0760498046875,0
7011,0.878022,1.784210205078125,1.07391357421875,0
7012,0.878148,1.77825927734375,1.0723876953125,0
7013,0.878273,1.77154541015625,1.073150634765625,0
7014,0.878398,1.76513671875,1.077423095703125,0
7015,0.878523,1.758880615234375,1.0845947265625,0
7016,0.878649,1.750946044921875,1.0931396484375,0
7017,0.878774,1.74072265625,1.102294921875,0
7018,0.878899,1.7291259765625,1.112823486328125,0
7019,0.879024,1.71783447265625,1.12640380859375,0
7020,0.87915,1.7071533203125,1.1431884765625,0
7021,0.879275,1.695556640625,1.1614990234375,0
7022,0.8794,1.68182373046875,1.18011474609375,0
7023,0.879525,1.66656494140625,1.199188232421875,0
7024,0.879651,1.65130615234375,1.220550537109375,0
7025,0.879776,1.636962890625,1.24481201171875,0
7026,0.879901,1.62261962890625,1.270599365234375,0
7027,0.880026,1.606597900390625,1.29638671875,0
7028,0.880152,1.5887451171875,1.321868896484375,0
7029,0.880277,1.570892333984375,1.3482666015625,0
7030,0.880402,1.553955078125,1.376800537109375,0
7031,0.880527,1.53778076171875,1.4068603515625,0
7032,0.880653,1.520843505859375,1.436614990234375,0
7033,0.880778,1.502227783203125,1.46514892578125,0
7034,0.880903,1.483001708984375,1.493377685546875,0
7035,0.881028,1.464996337890625,1.522674560546875,0
7036,0.881154,1.4483642578125,1.55303955078125,0
7037,0.881279,1.431732177734375,1.583099365234375,0
7038,0.881404,1.413726806640625,1.61102294921875,0
7039,0.881529,1.395111083984375,1.6375732421875,0
7040,0.881655,1.377410888671875,1.663970947265625,0
7041,0.88178,1.361541748046875,1.690826416015625,0
7042,0.881905,1.346588134765625,1.71722412109375,0
7043,0.88203,1.33087158203125,1.741180419921875,0
7044,0.882156,1.31439208984375,1.762542724609375,0
7045,0.882281,1.29852294921875,1.782684326171875,0
7046,0.882406,1.2847900390625,1.802825927734375,0
7047,0.882531,1.2725830078125,1.82220458984375,0
7048,0.882657,1.260528564453125,1.839141845703125,0
7049,0.882782,1.24755859375,1.852874755859375,0
7050,0.882907,1.23504638671875,1.86431884765625,0
7051,0.883032,1.224517822265625,1.875,0
7052,0.883158,1.21612548828125,1.88507080078125,0
7053,0.883283,1.20849609375,1.892852783203125,0
7054,0.883408,1.200408935546875,1.89727783203125,0
7055,0.883533,1.192474365234375,1.898651123046875,0
7056,0.883659,1.186065673828125,1.8988037109375,0
7057,0.883784,1.1822509765625,1.898193359375,0
7058,0.883909,1.1798095703125,1.896209716796875,0
7059,0.884034,1.1773681640625,1.890869140625,0
7060,0.88416,1.174468994140625,1.88232421875,0
7061,0.884285,1.172943115234375,1.8719482421875,0
7062,0.88441,1.17401123046875,1.861114501953125,0
7063,0.884535,1.17706298828125,1.849517822265625,0
7064,0.884661,1.180419921875,1.8353271484375,0
7065,0.884786,1.183319091796875,1.8182373046875,0
7066,0.884911,1.186981201171875,1.79901123046875,0
7067,0.885036,1.192779541015625,1.77947998046875,0
7068,0.885162,1.201019287109375,1.75994873046875,0
7069,0.885287,1.21002197265625,1.739044189453125,0
7070,0.885412,1.218719482421875,1.7156982421875,0
7071,0.885537,1.2274169921875,1.69036865234375,0
7072,0.885663,1.237640380859375,1.6650390625,0
7073,0.885788,1.250457763671875,1.64031982421875,0
7074,0.885913,1.264495849609375,1.6156005859375,0
7075,0.886038,1.278228759765625,1.58935546875,0
7076,0.886164,1.29150390625,1.56158447265625,0
7077,0.886289,1.305694580078125,1.533660888671875,0
7078,0.886414,1.321868896484375,1.507415771484375,0
7079,0.886539,1.339874267578125,1.48223876953125,0
7080,0.886665,1.35772705078125,1.45660400390625,0
7081,0.88679,1.374664306640625,1.4300537109375,0
7082,0.886915,1.3916015625,1.40380859375,0
7083,0.88704,1.41021728515625,1.379241943359375,0
7084,0.887166,1.4306640625,1.35711669921875,0
7085,0.887291,1.45111083984375,1.33575439453125,0
7086,0.887417,1.470489501953125,1.3140869140625,0
7087,0.887542,1.4892578125,1.292877197265625,0
7088,0.887667,1.5087890625,1.273651123046875,0
7089,0.887792,1.52984619140625,1.25732421875,0
7090,0.887918,1.551513671875,1.243133544921875,0
7091,0.888043,1.571807861328125,1.229400634765625,0
7092,0.888168,1.59088134765625,1.21612548828125,0
7093,0.888293,1.60980224609375,1.204681396484375,0
7094,0.888419,1.62994384765625,1.19659423828125,0
7095,0.888544,1.650848388671875,1.191253662109375,0
7096,0.888669,1.670684814453125,1.1871337890625,0
7097,0.888795,1.68853759765625,1.183624267578125,0
7098,0.88892,1.705474853515625,1.181488037109375,0
7099,0.889045,1.7230224609375,1.18255615234375,0
7100,0.88917,1.741485595703125,1.18682861328125,0
7101,0.889296,1.759033203125,1.19293212890625,0
7102,0.889421,1.774444580078125,1.199493408203125,0
7103,0.889546,1.788177490234375,1.20697021484375,0
7104,0.889671,1.8017578125,1.217041015625,0
7105,0.889797,1.815948486328125,1.23016357421875,0
7106,0.889922,1.829833984375,1.24542236328125,0
7107,0.890047,1.8414306640625,1.261138916015625,0
7108,0.890172,1.85089111328125,1.277008056640625,0
7109,0.890298,1.85943603515625,1.2945556640625,0
7110,0.890423,1.8682861328125,1.314697265625,0
7111,0.890548,1.876983642578125,1.336822509765625,0
7112,0.890673,1.884002685546875,1.359405517578125,0
7113,0.890799,1.888275146484375,1.38153076171875,0
7114,0.890924,1.891021728515625,1.40380859375,0
7115,0.891049,1.893768310546875,1.42791748046875,0
7116,0.891174,1.89666748046875,1.454010009765625,0
7117,0.8913,1.898193359375,1.4801025390625,0
7118,0.891425,1.89697265625,1.505126953125,0
7119,0.89155,1.893768310546875,1.52923583984375,0
7120,0.891675,1.88995361328125,1.553955078125,0
7121,0.891801,1.886444091796875,1.57989501953125,0
7122,0.891926,1.882171630859375,1.6058349609375,0
7123,0.892051,1.8756103515625,1.630096435546875,0
7124,0.892176,1.866607666015625,1.65252685546875,0
7125,0.892302,1.85638427734375,1.6741943359375,0
7126,0.892427,1.84661865234375,1.696319580078125,0
7127,0.892552,1.836700439453125,1.718292236328125,0
7128,0.892677,1.825103759765625,1.738433837890625,0
7129,0.892803,1.810760498046875,1.75567626953125,0
7130,0.892928,1.795196533203125,1.771087646484375,0
7131,0.893053,1.779632568359375,1.78619384765625,0
7132,0.893178,1.764678955078125,1.80084228515625,0
7133,0.893304,1.748504638671875,1.813812255859375,0
7134,0.893429,1.730194091796875,1.82342529296875,0
7135,0.893554,1.710052490234375,1.830291748046875,0
7136,0.893679,1.6900634765625,1.8359375,0
7137,0.893805,1.67083740234375,1.84112548828125,0
7138,0.89393,1.65130615234375,1.844635009765625,0
7139,0.894055,1.6302490234375,1.8450927734375,0
7140,0.89418,1.60736083984375,1.842193603515625,0
7141,0.894306,1.58416748046875,1.83746337890625,0
7142,0.894431,1.562042236328125,1.83197021484375,0
7143,0.894556,1.54052734375,1.8255615234375,0
7144,0.894681,1.518096923828125,1.816558837890625,0
7145,0.894807,1.494140625,1.80389404296875,0
7146,0.894932,1.469573974609375,1.789093017578125,0
7147,0.895057,1.446075439453125,1.773681640625,0
7148,0.895182,1.424102783203125,1.7578125,0
7149,0.895308,1.402130126953125,1.7401123046875,0
7150,0.895433,1.3787841796875,1.719512939453125,0
7151,0.895558,1.354827880859375,1.69647216796875,0
7152,0.895683,1.331787109375,1.67266845703125,0
7153,0.895809,1.31072998046875,1.649322509765625,0
7154,0.895934,1.29058837890625,1.625213623046875,0
7155,0.896059,1.26983642578125,1.59912109375,0
7156,0.896184,1.248321533203125,1.57073974609375,0
7157,0.89631,1.22772216796875,1.541900634765625,0
7158,0.896435,1.2091064453125,1.51397705078125,0
7159,0.89656,1.19232177734375,1.486663818359375,0
7160,0.896685,1.175689697265625,1.458282470703125,0
7161,0.896811,1.158447265625,1.42852783203125,0
7162,0.896936,1.14166259765625,1.3983154296875,0
7163,0.897061,1.12701416015625,1.36962890625,0
7164,0.897186,1.114654541015625,1.34246826171875,0
7165,0.897312,1.103363037109375,1.31591796875,0
7166,0.897437,1.09161376953125,1.2884521484375,0
7167,0.897562,1.080169677734375,1.260986328125,0
7168,0.897687,1.070556640625,1.2353515625,0
7169,0.897813,1.063690185546875,1.212158203125,0
7170,0.897938,1.058502197265625,1.1907958984375,0
7171,0.898063,1.053466796875,1.169586181640625,0
7172,0.898188,1.04827880859375,1.148681640625,0
7173,0.898314,1.04461669921875,1.12945556640625,0
7174,0.898439,1.043701171875,1.11358642578125,0
7175,0.898564,1.044921875,1.100311279296875,0
7176,0.898689,1.046905517578125,1.0882568359375,0
7177,0.898815,1.048583984375,1.076812744140625,0
7178,0.89894,1.05133056640625,1.06689453125,0
7179,0.899065,1.056365966796875,1.060333251953125,0
7180,0.89919,1.063995361328125,1.057281494140625,0
7181,0.899316,1.072845458984375,1.05621337890625,0
7182,0.899441,1.08154296875,1.055908203125,0
7183,0.899566,1.09039306640625,1.05682373046875,0
7184,0.899691,1.101226806640625,1.060791015625,0
7185,0.899817,1.11480712890625,1.068267822265625,0
7186,0.899942,1.1297607421875,1.0784912109375,0
7187,0.900067,1.144866943359375,1.08978271484375,0
7188,0.900192,1.159515380859375,1.1016845703125,0
7189,0.900318,1.175384521484375,1.11572265625,0
7190,0.900443,1.193695068359375,1.133270263671875,0
7191,0.900568,1.213836669921875,1.153564453125,0
7192,0.900693,1.234130859375,1.1749267578125,0
7193,0.900819,1.253814697265625,1.19659423828125,0
7194,0.900944,1.273651123046875,1.21917724609375,0
7195,0.901069,1.295318603515625,1.2445068359375,0
7196,0.901194,1.319122314453125,1.272430419921875,0
7197,0.90132,1.34307861328125,1.301422119140625,0
7198,0.901445,1.36627197265625,1.330108642578125,0
7199,0.90157,1.38885498046875,1.358642578125,0
7200,0.901695,1.412506103515625,1.3885498046875,0
7201,0.901821,1.437835693359375,1.42059326171875,0
7202,0.901946,1.46392822265625,1.45355224609375,0
7203,0.902071,1.48895263671875,1.485595703125,0
7204,0.902196,1.51275634765625,1.51641845703125,0
7205,0.902322,1.53656005859375,1.547393798828125,0
7206,0.902447,1.561737060546875,1.579437255859375,0
7207,0.902572,1.58782958984375,1.61224365234375,0
7208,0.902697,1.61285400390625,1.6436767578125,0
7209,0.902823,1.636199951171875,1.6729736328125,0
7210,0.902948,1.65863037109375,1.700897216796875,0
7211,0.903073,1.681671142578125,1.728973388671875,0
7212,0.903198,1.70562744140625,1.7572021484375,0
7213,0.903324,1.728973388671875,1.7840576171875,0
7214,0.903449,1.750030517578125,1.808013916015625,0
7215,0.903574,1.769561767578125,1.82952880859375,0
7216,0.903699,1.7889404296875,1.850128173828125,0
7217,0.903825,1.80908203125,1.87042236328125,0
7218,0.90395,1.82861328125,1.889190673828125,0
7219,0.904075,1.846160888671875,1.9049072265625,0
7220,0.9042,1.861419677734375,1.917266845703125,0
7221,0.904326,1.8756103515625,1.927642822265625,0
7222,0.904451,1.8902587890625,1.937408447265625,0
7223,0.904576,1.904754638671875,1.94580078125,0
7224,0.904701,1.917266845703125,1.9512939453125,0
7225,0.904827,1.92718505859375,1.952972412109375,0
7226,0.904952,1.9354248046875,1.952056884765625,0
7227,0.905077,1.943511962890625,1.9500732421875,0
7228,0.905202,1.95159912109375,1.947021484375,0
7229,0.905328,1.95831298828125,1.941680908203125,0
7230,0.905453,1.9622802734375,1.93267822265625,0
7231,0.905578,1.96380615234375,1.920623779296875,0
7232,0.905703,1.964874267578125,1.9073486328125,0
7233,0.905829,1.9659423828125,1.893310546875,0
7234,0.905954,1.966094970703125,1.8780517578125,0
7235,0.906079,1.96380615234375,1.859588623046875,0
7236,0.906204,1.95892333984375,1.838226318359375,0
7237,0.90633,1.952667236328125,1.815338134765625,0
7238,0.906455,1.94671630859375,1.792449951171875,0
7239,0.90658,1.9403076171875,1.769256591796875,0
7240,0.906705,1.93206787109375,1.743927001953125,0
7241,0.906831,1.920928955078125,1.716156005859375,0
7242,0.906956,1.90826416015625,1.68701171875,0
7243,0.907081,1.89544677734375,1.658172607421875,0
7244,0.907206,1.8829345703125,1.630096435546875,0
7245,0.907332,1.86920166015625,1.601409912109375,0
7246,0.907457,1.852874755859375,1.571044921875,0
7247,0.907582,1.834716796875,1.539459228515625,0
7248,0.907707,1.816253662109375,1.508636474609375,0
7249,0.907833,1.79840087890625,1.479644775390625,0
7250,0.907958,1.78009033203125,1.451263427734375,0
7251,0.908083,1.759796142578125,1.422271728515625,0
7252,0.908208,1.7376708984375,1.392669677734375,0
7253,0.908334,1.71478271484375,1.363983154296875,0
7254,0.908459,1.692962646484375,1.33758544921875,0
7255,0.908584,1.67144775390625,1.3134765625,0
7256,0.908709,1.64886474609375,1.289825439453125,0
7257,0.908835,1.624298095703125,1.265869140625,0
7258,0.90896,1.598968505859375,1.243133544921875,0
7259,0.909085,1.57470703125,1.22314453125,0
7260,0.90921,1.551513671875,1.206207275390625,0
7261,0.909336,1.52801513671875,1.190948486328125,0
7262,0.909461,1.503143310546875,1.1761474609375,0
7263,0.909586,1.47735595703125,1.162261962890625,0
7264,0.909711,1.45233154296875,1.151123046875,0
7265,0.909837,1.42913818359375,1.143646240234375,0
7266,0.909962,1.40655517578125,1.13861083984375,0
7267,0.910087,1.383209228515625,1.1346435546875,0
7268,0.910212,1.35894775390625,1.131439208984375,0
7269,0.910338,1.335296630859375,1.13067626953125,0
7270,0.910463,1.313629150390625,1.1334228515625,0
7271,0.910588,1.293487548828125,1.13922119140625,0
7272,0.910713,1.273345947265625,1.146392822265625,0
7273,0.910839,1.25244140625,1.1541748046875,0
7274,0.910964,1.23199462890625,1.163482666015625,0
7275,0.911089,1.21337890625,1.175994873046875,0
7276,0.911214,1.19720458984375,1.19171142578125,0
7277,0.91134,1.181640625,1.208953857421875,0
7278,0.911465,1.165771484375,1.22650146484375,0
7279,0.91159,1.150054931640625,1.2445068359375,0
7280,0.911715,1.136016845703125,1.264801025390625,0
7281,0.911841,1.124725341796875,1.287994384765625,0
7282,0.911966,1.114959716796875,1.312713623046875,0
7283,0.912091,1.105194091796875,1.337432861328125,0
7284,0.912216,1.095428466796875,1.3616943359375,0
7285,0.912342,1.086883544921875,1.386871337890625,0
7286,0.912467,1.08123779296875,1.414031982421875,0
7287,0.912592,1.077728271484375,1.442718505859375,0
7288,0.912717,1.0748291015625,1.470947265625,0
7289,0.912843,1.07177734375,1.497955322265625,0
7290,0.912968,1.06964111328125,1.52435302734375,0
7291,0.913093,1.0699462890625,1.55181884765625,0
7292,0.913218,1.072845458984375,1.5802001953125,0
7293,0.913344,1.076812744140625,1.60797119140625,0
7294,0.913469,1.080780029296875,1.63360595703125,0
7295,0.913594,1.08489990234375,1.65740966796875,0
7296,0.913719,1.091156005859375,1.68121337890625,0
7297,0.913845,1.100006103515625,1.705169677734375,0
7298,0.91397,1.11053466796875,1.728363037109375,0
7299,0.914095,1.121063232421875,1.749114990234375,0
7300,0.91422,1.131439208984375,1.767120361328125,0
7301,0.914346,1.14288330078125,1.783599853515625,0
7302,0.914471,1.157073974609375,1.799774169921875,0
7303,0.914596,1.172943115234375,1.815032958984375,0
7304,0.914721,1.18927001953125,1.82769775390625,0
7305,0.914847,1.204986572265625,1.837005615234375,0
7306,0.914972,1.22100830078125,1.8438720703125,0
7307,0.915097,1.239166259765625,1.84967041015625,0
7308,0.915222,1.2591552734375,1.8548583984375,0
7309,0.915348,1.2799072265625,1.85760498046875,0
7310,0.915473,1.29974365234375,1.856842041015625,0
7311,0.915598,1.319122314453125,1.852874755859375,0
7312,0.915723,1.3397216796875,1.847381591796875,0
7313,0.915849,1.3623046875,1.841278076171875,0
7314,0.915974,1.385498046875,1.833648681640625,0
7315,0.916099,1.407928466796875,1.822662353515625,0
7316,0.916224,1.429290771484375,1.808319091796875,0
7317,0.91635,1.4508056640625,1.792144775390625,0
7318,0.916475,1.473846435546875,1.7755126953125,0
7319,0.9166,1.497955322265625,1.75811767578125,0
7320,0.916725,1.521148681640625,1.73828125,0
7321,0.916851,1.542816162109375,1.71539306640625,0
7322,0.916976,1.563720703125,1.690673828125,0
7323,0.917101,1.585540771484375,1.6656494140625,0
7324,0.917226,1.6082763671875,1.64093017578125,0
7325,0.917352,1.630401611328125,1.614837646484375,0
7326,0.917477,1.65069580078125,1.586456298828125,0
7327,0.917602,1.669464111328125,1.556243896484375,0
7328,0.917727,1.688385009765625,1.52618408203125,0
7329,0.917853,1.70806884765625,1.497344970703125,0
7330,0.917978,1.727294921875,1.468505859375,0
7331,0.918103,1.74468994140625,1.43829345703125,0
7332,0.918228,1.75994873046875,1.407012939453125,0
7333,0.918354,1.774444580078125,1.37603759765625,0
7334,0.918479,1.789398193359375,1.34674072265625,0
7335,0.918604,1.804351806640625,1.319122314453125,0
7336,0.918729,1.817474365234375,1.29150390625,0
7337,0.918855,1.828155517578125,1.263275146484375,0
7338,0.91898,1.837158203125,1.235504150390625,0
7339,0.919105,1.8463134765625,1.210174560546875,0
7340,0.91923,1.85546875,1.18743896484375,0
7341,0.919356,1.8634033203125,1.16607666015625,0
7342,0.919481,1.868743896484375,1.144866943359375,0
7343,0.919606,1.871795654296875,1.124420166015625,0
7344,0.919731,1.8743896484375,1.1065673828125,0
7345,0.919857,1.877288818359375,1.092071533203125,0
7346,0.919982,1.8792724609375,1.08001708984375,0
7347,0.920107,1.878814697265625,1.068878173828125,0
7348,0.920232,1.87591552734375,1.05865478515625,0
7349,0.920358,1.871795654296875,1.050872802734375,0
7350,0.920483,1.86798095703125,1.0467529296875,0
7351,0.920608,1.863861083984375,1.04583740234375,0
7352,0.920733,1.85791015625,1.0467529296875,0
7353,0.920859,1.849212646484375,1.04827880859375,0
7354,0.920984,1.8389892578125,1.05194091796875,0
7355,0.921109,1.82891845703125,1.0589599609375,0
7356,0.921234,1.81884765625,1.06964111328125,0
7357,0.92136,1.807861328125,1.08245849609375,0
7358,0.921485,1.794281005859375,1.09619140625,0
7359,0.92161,1.77886962890625,1.110992431640625,0
7360,0.921735,1.763153076171875,1.1285400390625,0
7361,0.921861,1.748199462890625,1.14959716796875,0
7362,0.921986,1.7327880859375,1.173095703125,0
7363,0.922111,1.715545654296875,1.197052001953125,0
7364,0.922236,1.696319580078125,1.221466064453125,0
7365,0.922362,1.676483154296875,1.24755859375,0
7366,0.922487,1.65771484375,1.27655029296875,0
7367,0.922612,1.639251708984375,1.30767822265625,0
7368,0.922737,1.619720458984375,1.339263916015625,0
7369,0.922863,1.59820556640625,1.3702392578125,0
7370,0.922988,1.576080322265625,1.401519775390625,0
7371,0.923113,1.55487060546875,1.434783935546875,0
7372,0.923238,1.53472900390625,1.4697265625,0
7373,0.923364,1.514434814453125,1.504669189453125,0
7374,0.923489,1.49261474609375,1.53839111328125,0
7375,0.923614,1.469879150390625,1.571197509765625,0
7376,0.923739,1.44805908203125,1.60430908203125,0
7377,0.923865,1.42791748046875,1.63848876953125,0
7378,0.92399,1.40838623046875,1.67266845703125,0
7379,0.924115,1.388092041015625,1.704864501953125,0
7380,0.92424,1.36688232421875,1.734771728515625,0
7381,0.924366,1.346282958984375,1.76361083984375,0
7382,0.924491,1.3275146484375,1.792755126953125,0
7383,0.924616,1.3104248046875,1.821441650390625,0
7384,0.924741,1.293182373046875,1.847991943359375,0
7385,0.924867,1.275177001953125,1.871185302734375,0
7386,0.924992,1.25762939453125,1.892242431640625,0
7387,0.925117,1.241912841796875,1.91253662109375,0
7388,0.925242,1.228485107421875,1.932220458984375,0
7389,0.925368,1.2158203125,1.949462890625,0
7390,0.925493,1.202545166015625,1.96319580078125,0
7391,0.925618,1.189422607421875,1.973724365234375,0
7392,0.925743,1.178131103515625,1.982574462890625,0
7393,0.925869,1.169281005859375,1.990509033203125,0
7394,0.925994,1.162109375,1.9964599609375,0
7395,0.926119,1.154937744140625,1.998748779296875,0
7396,0.926244,1.1474609375,1.99737548828125,0
7397,0.92637,1.141510009765625,1.99371337890625,0
7398,0.926495,1.138153076171875,1.988983154296875,0
7399,0.92662,1.136932373046875,1.98272705078125,0
7400,0.926745,1.13616943359375,1.973419189453125,0
7401,0.926871,1.13525390625,1.96044921875,0
7402,0.926996,1.135101318359375,1.944732666015625,0
7403,0.927121,1.13739013671875,1.927947998046875,0
7404,0.927246,1.14227294921875,1.910400390625,0
7405,0.927372,1.148223876953125,1.890716552734375,0
7406,0.927497,1.15386962890625,1.867828369140625,0
7407,0.927622,1.159820556640625,1.842193603515625,0
7408,0.927747,1.1676025390625,1.815643310546875,0
7409,0.927873,1.177978515625,1.789093017578125,0
7410,0.927998,1.190032958984375,1.761627197265625,0
7411,0.928123,1.201934814453125,1.73187255859375,0
7412,0.928248,1.213531494140625,1.699676513671875,0
7413,0.928374,1.226348876953125,1.6668701171875,0
7414,0.928499,1.241607666015625,1.63482666015625,0
7415,0.928624,1.258544921875,1.60308837890625,0
7416,0.928749,1.275787353515625,1.5704345703125,0
7417,0.928875,1.292266845703125,1.536102294921875,0
7418,0.929,1.3092041015625,1.501312255859375,0
7419,0.929125,1.32781982421875,1.4678955078125,0
7420,0.92925,1.34857177734375,1.4361572265625,0
7421,0.929376,1.36962890625,1.40472412109375,0
7422,0.929501,1.3897705078125,1.3726806640625,0
7423,0.929626,1.409454345703125,1.34063720703125,0
7424,0.929751,1.430206298828125,1.31011962890625,0
7425,0.929877,1.452789306640625,1.282501220703125,0
7426,0.930002,1.475982666015625,1.256561279296875,0
7427,0.930127,1.498260498046875,1.230926513671875,0
7428,0.930252,1.5191650390625,1.205596923828125,0
7429,0.930378,1.540374755859375,1.1822509765625,0
7430,0.930503,1.562957763671875,1.162109375,0
7431,0.930628,1.5863037109375,1.144866943359375,0
7432,0.930753,1.608734130859375,1.128997802734375,0
7433,0.930879,1.629486083984375,1.113739013671875,0
7434,0.931004,1.64947509765625,1.100311279296875,0
7435,0.931129,1.67022705078125,1.090240478515625,0
7436,0.931254,1.691741943359375,1.083831787109375,0
7437,0.93138,1.712493896484375,1.079559326171875,0
7438,0.931505,1.73126220703125,1.07635498046875,0
7439,0.93163,1.748504638671875,1.07452392578125,0
7440,0.931755,1.765594482421875,1.07574462890625,0
7441,0.931881,1.783447265625,1.080780029296875,0
7442,0.932006,1.80084228515625,1.08856201171875,0
7443,0.932131,1.816253662109375,1.097412109375,0
7444,0.932256,1.8292236328125,1.107177734375,0
7445,0.932382,1.8414306640625,1.119384765625,0
7446,0.932507,1.85394287109375,1.13494873046875,0
7447,0.932632,1.866302490234375,1.153411865234375,0
7448,0.932757,1.876983642578125,1.173095703125,0
7449,0.932883,1.884765625,1.193084716796875,0
7450,0.933008,1.891021728515625,1.214141845703125,0
7451,0.933133,1.897125244140625,1.237945556640625,0
7452,0.933258,1.90338134765625,1.264495849609375,0
7453,0.933384,1.90826416015625,1.2921142578125,0
7454,0.933509,1.910247802734375,1.31927490234375,0
7455,0.933634,1.909942626953125,1.346435546875,0
7456,0.933759,1.9091796875,1.374969482421875,0
7457,0.933885,1.9085693359375,1.4056396484375,0
7458,0.93401,1.906890869140625,1.43707275390625,0
7459,0.934135,1.902923583984375,1.46759033203125,0
7460,0.93426,1.896209716796875,1.49688720703125,0
7461,0.934386,1.888427734375,1.52618408203125,0
7462,0.934511,1.880645751953125,1.556549072265625,0
7463,0.934636,1.872711181640625,1.5875244140625,0
7464,0.934761,1.86279296875,1.61712646484375,0
7465,0.934887,1.850128173828125,1.644287109375,0
7466,0.935012,1.835784912109375,1.67022705078125,0
7467,0.935137,1.82159423828125,1.6961669921875,0
7468,0.935262,1.80755615234375,1.72210693359375,0
7469,0.935388,1.79229736328125,1.74652099609375,0
7470,0.935513,1.774749755859375,1.76788330078125,0
7471,0.935638,1.75506591796875,1.786651611328125,0
7472,0.935763,1.735382080078125,1.804351806640625,0
7473,0.935889,1.716156005859375,1.82159423828125,0
7474,0.936014,1.696624755859375,1.837310791015625,0
7475,0.936139,1.675262451171875,1.849822998046875,0
7476,0.936264,1.65191650390625,1.858978271484375,0
7477,0.93639,1.62811279296875,1.8658447265625,0
7478,0.936515,1.605224609375,1.8719482421875,0
7479,0.93664,1.582794189453125,1.8768310546875,0
7480,0.936765,1.559295654296875,1.878509521484375,0
7481,0.936891,1.53411865234375,1.87652587890625,0
7482,0.937016,1.5081787109375,1.871795654296875,0
7483,0.937141,1.483154296875,1.8658447265625,0
7484,0.937266,1.459503173828125,1.85882568359375,0
7485,0.937392,1.435546875,1.849517822265625,0
7486,0.937517,1.410369873046875,1.836700439453125,0
7487,0.937642,1.38427734375,1.8206787109375,0
7488,0.937767,1.3592529296875,1.803436279296875,0
7489,0.937893,1.335906982421875,1.78558349609375,0
7490,0.938018,1.3134765625,1.766510009765625,0
7491,0.938143,1.290283203125,1.744537353515625,0
7492,0.938268,1.266326904296875,1.719512939453125,0
7493,0.938394,1.243133544921875,1.693267822265625,0
7494,0.938519,1.222076416015625,1.667022705078125,0
7495,0.938644,1.20269775390625,1.640625,0
7496,0.938769,1.183319091796875,1.612396240234375,0
7497,0.938895,1.163482666015625,1.581878662109375,0
7498,0.93902,1.14410400390625,1.550140380859375,0
7499,0.939145,1.126861572265625,1.5191650390625,0
7500,0.93927,1.111907958984375,1.489105224609375,0
7501,0.939396,1.0980224609375,1.458740234375,0
7502,0.939521,1.083831787109375,1.426849365234375,0
7503,0.939646,1.0699462890625,1.394195556640625,0
7504,0.939771,1.057891845703125,1.36260986328125,0
7505,0.939897,1.048736572265625,1.333160400390625,0
7506,0.940022,1.041259765625,1.30462646484375,0
7507,0.940147,1.033935546875,1.27593994140625,0
7508,0.940272,1.026763916015625,1.2469482421875,0
7509,0.940398,1.0211181640625,1.219329833984375,0
7510,0.940523,1.018218994140625,1.1944580078125,0
7511,0.940648,1.017913818359375,1.17218017578125,0
7512,0.940773,1.018218994140625,1.150665283203125,0
7513,0.940899,1.018524169921875,1.12945556640625,0
7514,0.941024,1.019744873046875,1.109771728515625,0
7515,0.941149,1.023712158203125,1.093292236328125,0
7516,0.941274,1.030426025390625,1.080169677734375,0
7517,0.9414,1.038360595703125,1.06903076171875,0
7518,0.941525,1.046295166015625,1.058807373046875,0
7519,0.94165,1.0546875,1.049957275390625,0
7520,0.941775,1.0650634765625,1.044158935546875,0
7521,0.941901,1.0784912109375,1.04248046875,0
7522,0.942026,1.09344482421875,1.043548583984375,0
7523,0.942151,1.108551025390625,1.04583740234375,0
7524,0.942276,1.1236572265625,1.04949951171875,0
7525,0.942402,1.139984130859375,1.05560302734375,0
7526,0.942527,1.158905029296875,1.065673828125,0
7527,0.942652,1.179962158203125,1.078948974609375,0
7528,0.942777,1.201171875,1.09405517578125,0
7529,0.942903,1.222076416015625,1.109771728515625,0
7530,0.943028,1.2432861328125,1.1273193359375,0
7531,0.943153,1.2664794921875,1.148223876953125,0
7532,0.943278,1.29180908203125,1.172332763671875,0
7533,0.943404,1.317596435546875,1.1981201171875,0
7534,0.943529,1.3427734375,1.224365234375,0
7535,0.943654,1.367340087890625,1.251220703125,0
7536,0.943779,1.393280029296875,1.280364990234375,0
7537,0.943905,1.4208984375,1.312255859375,0
7538,0.94403,1.449432373046875,1.3458251953125,0
7539,0.944155,1.47705078125,1.379241943359375,0
7540,0.94428,1.503448486328125,1.412200927734375,0
7541,0.944406,1.529998779296875,1.4459228515625,0
7542,0.944531,1.558074951171875,1.481475830078125,0
7543,0.944656,1.5869140625,1.518402099609375,0
7544,0.944781,1.614990234375,1.554718017578125,0
7545,0.944907,1.6412353515625,1.589508056640625,0
7546,0.945032,1.666717529296875,1.62353515625,0
7547,0.945157,1.692962646484375,1.658172607421875,0
7548,0.945282,1.719970703125,1.6937255859375,0
7549,0.945408,1.746368408203125,1.72821044921875,0
7550,0.945533,1.7706298828125,1.76025390625,0
7551,0.945658,1.793212890625,1.7901611328125,0
7552,0.945783,1.815643310546875,1.819610595703125,0
7553,0.945909,1.83868408203125,1.848907470703125,0
7554,0.946034,1.86126708984375,1.87713623046875,0
7555,0.946159,1.8817138671875,1.902313232421875,0
7556,0.946284,1.89971923828125,1.924285888671875,0
7557,0.94641,1.91680908203125,1.944427490234375,0
7558,0.946535,1.934051513671875,1.96380615234375,0
7559,0.94666,1.951141357421875,1.9818115234375,0
7560,0.946785,1.966094970703125,1.996917724609375,0
7561,0.946911,1.978302001953125,2.007904052734375,0
7562,0.947036,1.988677978515625,2.016143798828125,0
7563,0.947161,1.9989013671875,2.02301025390625,0
7564,0.947286,2.00897216796875,2.02850341796875,0
7565,0.947412,2.017364501953125,2.03125,0
7566,0.947537,2.022857666015625,2.030029296875,0
7567,0.947662,2.025909423828125,2.025299072265625,0
7568,0.947787,2.028045654296875,2.018585205078125,0
7569,0.947913,2.03033447265625,2.010650634765625,0
7570,0.948038,2.031402587890625,2.000885009765625,0
7571,0.948163,2.02972412109375,1.9873046875,0
7572,0.948288,2.025146484375,1.970062255859375,0
7573,0.948414,2.01934814453125,1.95068359375,0
7574,0.948539,2.013397216796875,1.9305419921875,0
7575,0.948664,2.0068359375,1.9091796875,0
7576,0.948789,1.998138427734375,1.88507080078125,0
7577,0.948915,1.98638916015625,1.857757568359375,0
7578,0.94904,1.97296142578125,1.828155517578125,0
7579,0.949165,1.959228515625,1.798095703125,0
7580,0.94929,1.945343017578125,1.768035888671875,0
7581,0.949415,1.930084228515625,1.7364501953125,0
7582,0.949541,1.9122314453125,1.702423095703125,0
7583,0.949667,1.89208984375,1.66656494140625,0
7584,0.949792,1.87164306640625,1.63055419921875,0
7585,0.949917,1.85150146484375,1.595611572265625,0
7586,0.950042,1.83074951171875,1.5606689453125,0
7587,0.950168,1.807861328125,1.52435302734375,0
7588,0.950293,1.782684326171875,1.48681640625,0
7589,0.950419,1.757049560546875,1.4495849609375,0
7590,0.950544,1.73187255859375,1.4141845703125,0
7591,0.950669,1.707000732421875,1.38031005859375,0
7592,0.950795,1.680908203125,1.346435546875,0
7593,0.95092,1.652679443359375,1.312103271484375,0
7594,0.951045,1.623687744140625,1.27838134765625,0
7595,0.95117,1.595458984375,1.24725341796875,0
7596,0.951296,1.568145751953125,1.218719482421875,0
7597,0.951421,1.540679931640625,1.19171142578125,0
7598,0.951546,1.51153564453125,1.165008544921875,0
7599,0.951671,1.481475830078125,1.139068603515625,0
7600,0.951797,1.452178955078125,1.11602783203125,0
7601,0.951922,1.424407958984375,1.09649658203125,0
7602,0.952047,1.39739990234375,1.0797119140625,0
7603,0.952172,1.369476318359375,1.063995361328125,0
7604,0.952298,1.340789794921875,1.049346923828125,0
7605,0.952423,1.31256103515625,1.037139892578125,0
7606,0.952548,1.28631591796875,1.029052734375,0
7607,0.952673,1.261749267578125,1.024322509765625,0
7608,0.952799,1.2371826171875,1.021575927734375,0
7609,0.952924,1.21185302734375,1.0198974609375,0
7610,0.953049,1.186981201171875,1.02020263671875,0
7611,0.953174,1.16424560546875,1.024322509765625,0
7612,0.9533,1.143798828125,1.032257080078125,0
7613,0.953425,1.124267578125,1.04248046875,0
7614,0.95355,1.104278564453125,1.053619384765625,0
7615,0.953675,1.084747314453125,1.0662841796875,0
7616,0.953801,1.067047119140625,1.08184814453125,0
7617,0.953926,1.052093505859375,1.10107421875,0
7618,0.954051,1.038818359375,1.12274169921875,0
7619,0.954176,1.0260009765625,1.145172119140625,0
7620,0.954304,1.013031005859375,1.168060302734375,0
7621,0.954428,1.001739501953125,1.192779541015625,0
7622,0.954553,0.99334716796875,1.220550537109375,0
7623,0.954678,0.987396240234375,1.250457763671875,0
7624,0.954803,0.98236083984375,1.280975341796875,0
7625,0.954929,0.977325439453125,1.310882568359375,0
7626,0.955054,0.973358154296875,1.341400146484375,0
7627,0.955179,0.97198486328125,1.37359619140625,0
7628,0.955304,0.973663330078125,1.407623291015625,0
7629,0.95543,0.9765625,1.441802978515625,0
7630,0.955555,0.979766845703125,1.474761962890625,0
7631,0.95568,0.983428955078125,1.50665283203125,0
7632,0.955805,0.9893798828125,1.538848876953125,0
7633,0.955931,0.99822998046875,1.572265625,0
7634,0.956056,1.009063720703125,1.605377197265625,0
7635,0.956181,1.020050048828125,1.63665771484375,0
7636,0.956306,1.03118896484375,1.665496826171875,0
7637,0.956432,1.043853759765625,1.69342041015625,0
7638,0.956557,1.05926513671875,1.72149658203125,0
7639,0.956682,1.07696533203125,1.74896240234375,0
7640,0.956807,1.095123291015625,1.774139404296875,0
7641,0.956933,1.112823486328125,1.796112060546875,0
7642,0.957058,1.131439208984375,1.8157958984375,0
7643,0.957183,1.15203857421875,1.834716796875,0
7644,0.957308,1.175079345703125,1.85272216796875,0
7645,0.957434,1.198883056640625,1.868438720703125,0
7646,0.957559,1.221923828125,1.8804931640625,0
7647,0.957684,1.244964599609375,1.889190673828125,0
7648,0.957809,1.269378662109375,1.8963623046875,0
7649,0.957935,1.295928955078125,1.9024658203125,0
7650,0.95806,1.323394775390625,1.906585693359375,0
7651,0.958185,1.35009765625,1.90704345703125,0
7652,0.958313,1.37603759765625,1.9036865234375,0
7653,0.958436,1.40228271484375,1.898040771484375,0
7654,0.958561,1.430206298828125,1.891326904296875,0
7655,0.958686,1.459197998046875,1.88323974609375,0
7656,0.958812,1.487579345703125,1.87225341796875,0
7657,0.958937,1.514434814453125,1.8572998046875,0
7658,0.959062,1.540679931640625,1.839752197265625,0
7659,0.959187,1.567840576171875,1.8212890625,0
7660,0.959313,1.596221923828125,1.802215576171875,0
7661,0.959438,1.62384033203125,1.781005859375,0
7662,0.959563,1.6497802734375,1.756744384765625,0
7663,0.959688,1.674041748046875,1.729736328125,0
7664,0.959814,1.6986083984375,1.702117919921875,0
7665,0.959939,1.723785400390625,1.674652099609375,0
7666,0.960064,1.748809814453125,1.64642333984375,0
7667,0.960189,1.771697998046875,1.616058349609375,0
7668,0.960315,1.792449951171875,1.58355712890625,0
7669,0.96044,1.81243896484375,1.55059814453125,0
7670,0.960565,1.832733154296875,1.5185546875,0
7671,0.96069,1.85302734375,1.487274169921875,0
7672,0.960816,1.871337890625,1.455230712890625,0
7673,0.960941,1.887054443359375,1.42181396484375,0
7674,0.961066,1.90093994140625,1.38824462890625,0
7675,0.961191,1.914825439453125,1.356201171875,0
7676,0.961317,1.9287109375,1.3262939453125,0
7677,0.961442,1.94122314453125,1.2969970703125,0
7678,0.961567,1.95068359375,1.267242431640625,0
7679,0.961692,1.957855224609375,1.23779296875,0
7680,0.961818,1.964263916015625,1.210479736328125,0
7681,0.961943,1.9708251953125,1.186065673828125,0
7682,0.962068,1.976165771484375,1.163787841796875,0
7683,0.962193,1.97906494140625,1.14227294921875,0
7684,0.962319,1.97906494140625,1.1212158203125,0
7685,0.962444,1.977691650390625,1.102447509765625,0
7686,0.962569,1.976165771484375,1.087188720703125,0
7687,0.962694,1.974334716796875,1.075286865234375,0
7688,0.96282,1.97021484375,1.064910888671875,0
7689,0.962945,1.96319580078125,1.055450439453125,0
7690,0.96307,1.954193115234375,1.048126220703125,0
7691,0.963195,1.945037841796875,1.044464111328125,0
7692,0.963321,1.935882568359375,1.04461669921875,0
7693,0.963446,1.925201416015625,1.047210693359375,0
7694,0.963571,1.91192626953125,1.050872802734375,0
7695,0.963696,1.8963623046875,1.05621337890625,0
7696,0.963822,1.880340576171875,1.06475830078125,0
7697,0.963947,1.8646240234375,1.077423095703125,0
7698,0.964072,1.84814453125,1.09283447265625,0
7699,0.964197,1.829681396484375,1.109466552734375,0
7700,0.964323,1.80877685546875,1.127166748046875,0
7701,0.964448,1.787261962890625,1.14715576171875,0
7702,0.964573,1.766204833984375,1.170654296875,0
7703,0.964698,1.74530029296875,1.19720458984375,0
7704,0.964824,1.723175048828125,1.224822998046875,0
7705,0.964949,1.698760986328125,1.252593994140625,0
7706,0.965074,1.673431396484375,1.281585693359375,0
7707,0.965199,1.648712158203125,1.31317138671875,0
7708,0.965325,1.62506103515625,1.347198486328125,0
7709,0.96545,1.600799560546875,1.382293701171875,0
7710,0.965575,1.57501220703125,1.416778564453125,0
7711,0.9657,1.548004150390625,1.450958251953125,0
7712,0.965826,1.521759033203125,1.48651123046875,0
7713,0.965951,1.49688720703125,1.523895263671875,0
7714,0.966076,1.472625732421875,1.561737060546875,0
7715,0.966201,1.447296142578125,1.598358154296875,0
7716,0.966327,1.421051025390625,1.633453369140625,0
7717,0.966452,1.395111083984375,1.668243408203125,0
7718,0.966577,1.37115478515625,1.70379638671875,0
7719,0.966702,1.34857177734375,1.739501953125,0
7720,0.966828,1.325836181640625,1.773529052734375,0
7721,0.966953,1.302337646484375,1.8048095703125,0
7722,0.967078,1.27899169921875,1.834259033203125,0
7723,0.967203,1.25762939453125,1.8634033203125,0
7724,0.967329,1.238555908203125,1.89208984375,0
7725,0.967454,1.2200927734375,1.918792724609375,0
7726,0.967579,1.201324462890625,1.942138671875,0
7727,0.967704,1.182403564453125,1.9622802734375,0
7728,0.96783,1.16546630859375,1.981048583984375,0
7729,0.967955,1.151123046875,1.9989013671875,0
7730,0.96808,1.1383056640625,2.014617919921875,0
7731,0.968205,1.125640869140625,2.026824951171875,0
7732,0.968331,1.11297607421875,2.035064697265625,0
7733,0.968456,1.1016845703125,2.04071044921875,0
7734,0.968581,1.0931396484375,2.045135498046875,0
7735,0.968706,1.086883544921875,2.047882080078125,0
7736,0.968832,1.081390380859375,2.047119140625,0
7737,0.968957,1.07574462890625,2.042083740234375,0
7738,0.969082,1.0711669921875,2.03399658203125,0
7739,0.969207,1.06903076171875,2.02423095703125,0
7740,0.969333,1.06964111328125,2.01324462890625,0
7741,0.969458,1.071624755859375,1.99951171875,0
7742,0.969583,1.0736083984375,1.9818115234375,0
7743,0.969708,1.0760498046875,1.96075439453125,0
7744,0.969834,1.080474853515625,1.93817138671875,0
7745,0.969959,1.08795166015625,1.9146728515625,0
7746,0.970084,1.09710693359375,1.8896484375,0
7747,0.970209,1.106414794921875,1.861419677734375,0
7748,0.970335,1.11572265625,1.83013916015625,0
7749,0.97046,1.12640380859375,1.797332763671875,0
7750,0.970585,1.13983154296875,1.764373779296875,0
7751,0.97071,1.1553955078125,1.731109619140625,0
7752,0.970836,1.1712646484375,1.696014404296875,0
7753,0.970961,1.18682861328125,1.658477783203125,0
7754,0.971086,1.2030029296875,1.619720458984375,0
7755,0.971211,1.221160888671875,1.581573486328125,0
7756,0.971337,1.24176025390625,1.544189453125,0
7757,0.971462,1.262969970703125,1.50665283203125,0
7758,0.971587,1.283416748046875,1.467742919921875,0
7759,0.971712,1.3037109375,1.42791748046875,0
7760,0.971838,1.32537841796875,1.38946533203125,0
7761,0.971963,1.349029541015625,1.35284423828125,0
7762,0.972088,1.373748779296875,1.317596435546875,0
7763,0.972213,1.397552490234375,1.282196044921875,0
7764,0.972339,1.420440673828125,1.24664306640625,0
7765,0.972464,1.44378662109375,1.212615966796875,0
7766,0.972589,1.468658447265625,1.181640625,0
7767,0.972714,1.494598388671875,1.153106689453125,0
7768,0.97284,1.519927978515625,1.12579345703125,0
7769,0.972965,1.5435791015625,1.099090576171875,0
7770,0.97309,1.5667724609375,1.07391357421875,0
7771,0.973215,1.590728759765625,1.05224609375,0
7772,0.973341,1.61590576171875,1.034088134765625,0
7773,0.973466,1.640472412109375,1.01837158203125,0
7774,0.973591,1.663055419921875,1.00372314453125,0
7775,0.973716,1.68426513671875,0.9906005859375,0
7776,0.973842,1.705474853515625,0.980987548828125,0
7777,0.973967,1.72760009765625,0.975494384765625,0
7778,0.974092,1.749267578125,0.973052978515625,0
7779,0.974217,1.76910400390625,0.9722900390625,0
7780,0.974343,1.786651611328125,0.972900390625,0
7781,0.974468,1.803436279296875,0.976409912109375,0
7782,0.974593,1.820526123046875,0.984039306640625,0
7783,0.974718,1.837615966796875,0.99517822265625,0
7784,0.974844,1.852874755859375,1.008148193359375,0
7785,0.974969,1.86553955078125,1.022186279296875,0
7786,0.975094,1.87652587890625,1.0382080078125,0
7787,0.975219,1.887359619140625,1.0577392578125,0
7788,0.975345,1.898193359375,1.08062744140625,0
7789,0.97547,1.90765380859375,1.10565185546875,0
7790,0.975595,1.914215087890625,1.1309814453125,0
7791,0.97572,1.918487548828125,1.1572265625,0
7792,0.975846,1.922149658203125,1.1859130859375,0
7793,0.975971,1.925811767578125,1.217498779296875,0
7794,0.976096,1.928558349609375,1.250762939453125,0
7795,0.976221,1.9287109375,1.284027099609375,0
7796,0.976347,1.92596435546875,1.316986083984375,0
7797,0.976472,1.922149658203125,1.3507080078125,0
7798,0.976597,1.918182373046875,1.386566162109375,0
7799,0.976722,1.91375732421875,1.42364501953125,0
7800,0.976848,1.9073486328125,1.460113525390625,0
7801,0.976973,1.89788818359375,1.495208740234375,0
7802,0.977098,1.886749267578125,1.529541015625,0
7803,0.977223,1.875457763671875,1.56463623046875,0
7804,0.977349,1.86431884765625,1.600494384765625,0
7805,0.977474,1.851654052734375,1.635284423828125,0
7806,0.977599,1.836395263671875,1.66778564453125,0
7807,0.977724,1.81884765625,1.697998046875,0
7808,0.97785,1.8011474609375,1.727752685546875,0
7809,0.977975,1.78375244140625,1.757354736328125,0
7810,0.9781,1.7657470703125,1.785888671875,0
7811,0.978225,1.745758056640625,1.811370849609375,0
7812,0.978351,1.723480224609375,1.83349609375,0
7813,0.978476,1.700592041015625,1.853790283203125,0
7814,0.978601,1.678466796875,1.873321533203125,0
7815,0.978726,1.656494140625,1.891632080078125,0
7816,0.978852,1.63330078125,1.90673828125,0
7817,0.978977,1.608123779296875,1.917877197265625,0
7818,0.979102,1.58203125,1.92626953125,0
7819,0.979227,1.55670166015625,1.933135986328125,0
7820,0.979353,1.532440185546875,1.938629150390625,0
7821,0.979478,1.50787353515625,1.9415283203125,0
7822,0.979603,1.48162841796875,1.9403076171875,0
7823,0.979728,1.4544677734375,1.935577392578125,0
7824,0.979854,1.428070068359375,1.928863525390625,0
7825,0.979979,1.403350830078125,1.921234130859375,0
7826,0.980104,1.379241943359375,1.911468505859375,0
7827,0.980229,1.354217529296875,1.898193359375,0
7828,0.980355,1.328277587890625,1.881256103515625,0
7829,0.98048,1.302947998046875,1.8621826171875,0
7830,0.980605,1.27960205078125,1.842498779296875,0
7831,0.98073,1.257781982421875,1.821746826171875,0
7832,0.980856,1.236114501953125,1.798248291015625,0
7833,0.980981,1.213531494140625,1.77154541015625,0
7834,0.981106,1.19140625,1.74285888671875,0
7835,0.981231,1.171417236328125,1.714019775390625,0
7836,0.981357,1.153564453125,1.685028076171875,0
7837,0.981482,1.13677978515625,1.654815673828125,0
7838,0.981607,1.119537353515625,1.622314453125,0
7839,0.981732,1.10260009765625,1.588134765625,0
7840,0.981858,1.087493896484375,1.554107666015625,0
7841,0.981983,1.07513427734375,1.521148681640625,0
7842,0.982108,1.064453125,1.488494873046875,0
7843,0.982233,1.0540771484375,1.45477294921875,0
7844,0.982359,1.043701171875,1.419830322265625,0
7845,0.982484,1.035003662109375,1.385650634765625,0
7846,0.982609,1.029052734375,1.353302001953125,0
7847,0.982734,1.025543212890625,1.32293701171875,0
7848,0.98286,1.022796630859375,1.292724609375,0
7849,0.982985,1.02020263671875,1.26220703125,0
7850,0.98311,1.018524169921875,1.23260498046875,0
7851,0.983235,1.01959228515625,1.205596923828125,0
7852,0.983361,1.023406982421875,1.181640625,0
7853,0.983486,1.02874755859375,1.15936279296875,0
7854,0.983611,1.034088134765625,1.1376953125,0
7855,0.983736,1.0400390625,1.117095947265625,0
7856,0.983862,1.048126220703125,1.0992431640625,0
7857,0.983987,1.059112548828125,1.085357666015625,0
7858,0.984112,1.071929931640625,1.07421875,0
7859,0.984237,1.085052490234375,1.064453125,0
7860,0.984363,1.09832763671875,1.055755615234375,0
7861,0.984488,1.11297607421875,1.049957275390625,0
7862,0.984613,1.130218505859375,1.048126220703125,0
7863,0.984738,1.149749755859375,1.0498046875,0
7864,0.984864,1.16973876953125,1.053619384765625,0
7865,0.984989,1.189422607421875,1.058349609375,0
7866,0.985114,1.209564208984375,1.06536865234375,0
7867,0.985239,1.23199462890625,1.076202392578125,0
7868,0.985365,1.256561279296875,1.0906982421875,0
7869,0.98549,1.281890869140625,1.107635498046875,0
7870,0.985615,1.306610107421875,1.12548828125,0
7871,0.98574,1.331024169921875,1.14471435546875,0
7872,0.985866,1.3568115234375,1.166839599609375,0
7873,0.985991,1.38458251953125,1.192474365234375,0
7874,0.986116,1.41326904296875,1.22039794921875,0
7875,0.986241,1.441192626953125,1.24908447265625,0
7876,0.986367,1.46820068359375,1.277923583984375,0
7877,0.986492,1.495513916015625,1.30859375,0
7878,0.986617,1.52435302734375,1.34185791015625,0
7879,0.986742,1.554107666015625,1.37725830078125,0
7880,0.986868,1.583251953125,1.4129638671875,0
7881,0.986993,1.610565185546875,1.447906494140625,0
7882,0.987118,1.637420654296875,1.483001708984375,0
7883,0.987243,1.6650390625,1.51947021484375,0
7884,0.987369,1.693572998046875,1.5576171875,0
7885,0.987494,1.72149658203125,1.595458984375,0
7886,0.987619,1.7474365234375,1.63177490234375,0
7887,0.987744,1.7718505859375,1.66656494140625,0
7888,0.98787,1.796112060546875,1.701507568359375,0
7889,0.987995,1.821136474609375,1.737213134765625,0
7890,0.98812,1.845550537109375,1.77215576171875,0
7891,0.988245,1.86798095703125,1.804962158203125,0
7892,0.988371,1.88812255859375,1.834869384765625,0
7893,0.988496,1.907196044921875,1.8634033203125,0
7894,0.988621,1.92657470703125,1.891632080078125,0
7895,0.988746,1.945648193359375,1.9189453125,0
7896,0.988872,1.962890625,1.94366455078125,0
7897,0.988997,1.977081298828125,1.964569091796875,0
7898,0.989122,1.989593505859375,1.98272705078125,0
7899,0.989247,2.001800537109375,1.99981689453125,0
7900,0.989373,2.014007568359375,2.015533447265625,0
7901,0.989498,2.024383544921875,2.028656005859375,0
7902,0.989623,2.0318603515625,2.03765869140625,0
7903,0.989748,2.0367431640625,2.0428466796875,0
7904,0.989874,2.04071044921875,2.04620361328125,0
7905,0.989999,2.044677734375,2.048187255859375,0
7906,0.990124,2.04742431640625,2.0477294921875,0
7907,0.990249,2.04742431640625,2.043304443359375,0
7908,0.990375,2.04437255859375,2.034759521484375,0
7909,0.9905,2.039947509765625,2.02362060546875,0
7910,0.990625,2.03521728515625,2.011260986328125,0
7911,0.99075,2.029876708984375,1.997222900390625,0
7912,0.990876,2.022247314453125,1.979827880859375,0
7913,0.991001,2.011566162109375,1.958465576171875,0
7914,0.991126,1.9989013671875,1.9342041015625,0
7915,0.991251,1.98577880859375,1.90887451171875,0
7916,0.991377,1.97265625,1.882781982421875,0
7917,0.991502,1.957855224609375,1.854400634765625,0
7918,0.991627,1.940155029296875,1.82281494140625,0
7919,0.991752,1.920166015625,1.788482666015625,0
7920,0.991878,1.89971923828125,1.753387451171875,0
7921,0.992003,1.879425048828125,1.71844482421875,0
7922,0.992128,1.858367919921875,1.6827392578125,0
7923,0.992253,1.835174560546875,1.644744873046875,0
7924,0.992379,1.809539794921875,1.604766845703125,0
7925,0.992504,1.782989501953125,1.5643310546875,0
7926,0.992629,1.757049560546875,1.52496337890625,0
7927,0.992754,1.73126220703125,1.486358642578125,0
7928,0.99288,1.7041015625,1.4471435546875,0
7929,0.993005,1.674652099609375,1.40655517578125,0
7930,0.99313,1.644287109375,1.366119384765625,0
7931,0.993255,1.614532470703125,1.327362060546875,0
7932,0.993381,1.585693359375,1.290740966796875,0
7933,0.993506,1.556396484375,1.255035400390625,0
7934,0.993631,1.52557373046875,1.21917724609375,0
7935,0.993756,1.4935302734375,1.18377685546875,0
7936,0.993882,1.46209716796875,1.150665283203125,0
7937,0.994007,1.432342529296875,1.120758056640625,0
7938,0.994132,1.4031982421875,1.093292236328125,0
7939,0.994257,1.37298583984375,1.066741943359375,0
7940,0.994383,1.34185791015625,1.04095458984375,0
7941,0.994508,1.31134033203125,1.01776123046875,0
7942,0.994633,1.28265380859375,0.998382568359375,0
7943,0.994758,1.255645751953125,0.98236083984375,0
7944,0.994884,1.228485107421875,0.968475341796875,0
7945,0.995009,1.2005615234375,0.955657958984375,0
7946,0.995134,1.173248291015625,0.945281982421875,0
7947,0.995259,1.14776611328125,0.938873291015625,0
7948,0.995385,1.124725341796875,0.93658447265625,0
7949,0.99551,1.10260009765625,0.9368896484375,0
7950,0.995635,1.080322265625,0.938720703125,0
7951,0.99576,1.05804443359375,0.9423828125,0
7952,0.995886,1.03790283203125,0.949554443359375,0
7953,0.996011,1.0205078125,0.96099853515625,0
7954,0.996136,1.00494384765625,0.975494384765625,0
7955,0.996261,0.98968505859375,0.99151611328125,0
7956,0.996387,0.974578857421875,1.008758544921875,0
7957,0.996512,0.961151123046875,1.0284423828125,0
7958,0.996637,0.950775146484375,1.05194091796875,0
7959,0.996762,0.942840576171875,1.078643798828125,0
7960,0.996888,0.93597412109375,1.1065673828125,0
7961,0.997013,0.929107666015625,1.13494873046875,0
7962,0.997138,0.9234619140625,1.16455078125,0
7963,0.997263,0.92071533203125,1.1968994140625,0
7964,0.997389,0.9210205078125,1.23199462890625,0
7965,0.997514,0.9228515625,1.268157958984375,0
7966,0.997639,0.924835205078125,1.303863525390625,0
7967,0.997764,0.927734375,1.33941650390625,0
7968,0.99789,0.93292236328125,1.376190185546875,0
7969,0.998015,0.941162109375,1.414947509765625,0
7970,0.99814,0.9515380859375,1.454315185546875,0
7971,0.998265,0.962371826171875,1.49261474609375,0
7972,0.998391,0.9735107421875,1.529388427734375,0
7973,0.998516,0.986175537109375,1.56585693359375,0
7974,0.998641,1.00189208984375,1.60308837890625,0
7975,0.998766,1.020050048828125,1.640472412109375,0
7976,0.998892,1.038818359375,1.676177978515625,0
7977,0.999017,1.05743408203125,1.70928955078125,0
7978,0.999142,1.076812744140625,1.74041748046875,0
7979,0.999267,1.098785400390625,1.771392822265625,0
7980,0.999393,1.123046875,1.8017578125,0
7981,0.999518,1.14837646484375,1.830291748046875,0
7982,0.999643,1.173248291015625,1.855316162109375,0
7983,0.999768,1.1981201171875,1.877288818359375,0
7984,0.999894,1.224517822265625,1.897735595703125,0
7985,1.000019,1.25335693359375,1.917266845703125,0
7986,1.000144,1.283111572265625,1.934814453125,0
7987,1.000269,1.312408447265625,1.948699951171875,0
7988,1.000395,1.3409423828125,1.9586181640625,0
7989,1.00052,1.370086669921875,1.9659423828125,0
7990,1.000645,1.400909423828125,1.9720458984375,0
7991,1.00077,1.432952880859375,1.976470947265625,0
7992,1.000896,1.46453857421875,1.977386474609375,0
7993,1.001021,1.494598388671875,1.97418212890625,0
7994,1.001146,1.52435302734375,1.9677734375,0
7995,1.001271,1.555023193359375,1.959991455078125,0
7996,1.001397,1.5869140625,1.950836181640625,0
7997,1.001522,1.618194580078125,1.938934326171875,0
7998,1.001647,1.647796630859375,1.9232177734375,0
7999,1.001772,1.676025390625,1.904144287109375,0
8000,1.001898,1.704254150390625,1.883544921875,0
8001,1.002023,1.7333984375,1.862335205078125,0
8002,1.002148,1.762237548828125,1.839447021484375,0
8003,1.002273,1.789093017578125,1.81365966796875,0
8004,1.002399,1.813812255859375,1.78466796875,0
8005,1.002524,1.837615966796875,1.75445556640625,0
8006,1.002649,1.861724853515625,1.724090576171875,0
8007,1.002774,1.885833740234375,1.693572998046875,0
8008,1.0029,1.907958984375,1.661376953125,0
8009,1.003025,1.927490234375,1.62689208984375,0
8010,1.00315,1.9451904296875,1.5911865234375,0
8011,1.003275,1.96258544921875,1.556243896484375,0
8012,1.003401,1.980133056640625,1.52252197265625,0
8013,1.003526,1.995849609375,1.488494873046875,0
8014,1.003651,2.008819580078125,1.453094482421875,0
8015,1.003776,2.019195556640625,1.417236328125,0
8016,1.003902,2.028656005859375,1.382598876953125,0
8017,1.004027,2.038116455078125,1.350250244140625,0
8018,1.004152,2.046356201171875,1.31927490234375,0
8019,1.004277,2.051849365234375,1.28814697265625,0
8020,1.004403,2.054290771484375,1.257171630859375,0
8021,1.004528,2.05535888671875,1.22772216796875,0
8022,1.004653,2.056121826171875,1.201324462890625,0
8023,1.004778,2.056121826171875,1.177825927734375,0
8024,1.004904,2.0538330078125,1.1553955078125,0
8025,1.005029,2.04833984375,1.13372802734375,0
8026,1.005154,2.040863037109375,1.11358642578125,0
8027,1.005279,2.032928466796875,1.09710693359375,0
8028,1.005405,2.024688720703125,1.08428955078125,0
8029,1.00553,2.0147705078125,1.073760986328125,0
8030,1.005655,2.001953125,1.064453125,0
8031,1.00578,1.9866943359375,1.056671142578125,0
8032,1.005906,1.970672607421875,1.052398681640625,0
8033,1.006031,1.954803466796875,1.05224609375,0
8034,1.006156,1.938018798828125,1.055145263671875,0
8035,1.006281,1.9189453125,1.0595703125,0
8036,1.006407,1.89727783203125,1.06536865234375,0
8037,1.006532,1.874542236328125,1.074066162109375,0
8038,1.006657,1.852264404296875,1.086578369140625,0
8039,1.006782,1.829986572265625,1.10260009765625,0
8040,1.006908,1.805877685546875,1.120452880859375,0
8041,1.007033,1.779632568359375,1.139068603515625,0
8042,1.007158,1.752166748046875,1.159515380859375,0
8043,1.007283,1.72515869140625,1.183319091796875,0
8044,1.007409,1.698760986328125,1.2103271484375,0
8045,1.007534,1.6717529296875,1.239166259765625,0
8046,1.007659,1.642913818359375,1.268157958984375,0
8047,1.007784,1.61285400390625,1.29791259765625,0
8048,1.00791,1.583251953125,1.329498291015625,0
8049,1.008035,1.55487060546875,1.363983154296875,0
8050,1.00816,1.52679443359375,1.39984130859375,0
8051,1.008285,1.497802734375,1.43524169921875,0
8052,1.008411,1.467437744140625,1.470184326171875,0
8053,1.008536,1.437530517578125,1.50543212890625,0
8054,1.008661,1.409149169921875,1.542510986328125,0
8055,1.008786,1.382293701171875,1.58050537109375,0
8056,1.008912,1.355133056640625,1.61773681640625,0
8057,1.009037,1.327056884765625,1.652984619140625,0
8058,1.009162,1.298980712890625,1.687164306640625,0
8059,1.009287,1.273040771484375,1.721649169921875,0
8060,1.009413,1.24908447265625,1.756591796875,0
8061,1.009538,1.225738525390625,1.7901611328125,0
8062,1.009663,1.20208740234375,1.82098388671875,0
8063,1.009788,1.178436279296875,1.849365234375,0
8064,1.009914,1.156463623046875,1.876678466796875,0
8065,1.010039,1.137237548828125,1.903533935546875,0
8066,1.010164,1.11968994140625,1.92901611328125,0
8067,1.010289,1.102142333984375,1.95098876953125,0
8068,1.010415,1.0845947265625,1.969451904296875,0
8069,1.01054,1.06842041015625,1.985626220703125,0
8070,1.010665,1.0552978515625,2.000732421875,0
8071,1.01079,1.0443115234375,2.01416015625,0
8072,1.010916,1.03424072265625,2.024383544921875,0
8073,1.011041,1.024169921875,2.030181884765625,0
8074,1.011166,1.015167236328125,2.032928466796875,0
8075,1.011291,1.0089111328125,2.033843994140625,0
8076,1.011417,1.00555419921875,2.03338623046875,0
8077,1.011542,1.003570556640625,2.029876708984375,0
8078,1.011667,1.001739501953125,2.022247314453125,0
8079,1.011792,1.000518798828125,2.01080322265625,0
8080,1.011918,1.0015869140625,1.997222900390625,0
8081,1.012043,1.00555419921875,1.982574462890625,0
8082,1.012168,1.01165771484375,1.965789794921875,0
8083,1.012293,1.018218994140625,1.9451904296875,0
8084,1.012421,1.0247802734375,1.920928955078125,0
8085,1.012544,1.03302001953125,1.89453125,0
8086,1.012669,1.044158935546875,1.86737060546875,0
8087,1.012794,1.0577392578125,1.839141845703125,0
8088,1.01292,1.071929931640625,1.808319091796875,0
8089,1.013045,1.0858154296875,1.7742919921875,0
8090,1.01317,1.100616455078125,1.738128662109375,0
8091,1.013295,1.11785888671875,1.70196533203125,0
8092,1.013421,1.137542724609375,1.665802001953125,0
8093,1.013546,1.15814208984375,1.628570556640625,0
8094,1.013671,1.17828369140625,1.58905029296875,0
8095,1.013796,1.198577880859375,1.548004150390625,0
8096,1.013922,1.22039794921875,1.50726318359375,0
8097,1.014047,1.2445068359375,1.467742919921875,0
8098,1.014172,1.26983642578125,1.4288330078125,0
8099,1.014297,1.2945556640625,1.38885498046875,0
8100,1.014423,1.31866455078125,1.348114013671875,0
8101,1.014548,1.3433837890625,1.308135986328125,0
8102,1.014673,1.36993408203125,1.270599365234375,0
8103,1.014798,1.397705078125,1.234893798828125,0
8104,1.014924,1.4251708984375,1.199798583984375,0
8105,1.015049,1.45111083984375,1.164703369140625,0
8106,1.015174,1.476898193359375,1.13067626953125,0
8107,1.015299,1.50360107421875,1.099700927734375,0
8108,1.015425,1.53167724609375,1.071929931640625,0
8109,1.01555,1.5594482421875,1.046142578125,0
8110,1.015675,1.585540771484375,1.0211181640625,0
8111,1.0158,1.610107421875,0.99761962890625,0
8112,1.015926,1.6351318359375,0.977325439453125,0
8113,1.016051,1.66107177734375,0.96099853515625,0
8114,1.016176,1.686859130859375,0.9478759765625,0
8115,1.016301,1.7108154296875,0.936279296875,0
8116,1.016427,1.7327880859375,0.92620849609375,0
8117,1.016552,1.75384521484375,0.919189453125,0
8118,1.016677,1.775665283203125,0.91644287109375,0
8119,1.016802,1.797332763671875,0.91766357421875,0
8120,1.016928,1.81732177734375,0.9210205078125,0
8121,1.017053,1.834716796875,0.925750732421875,0
8122,1.017178,1.8505859375,0.93292236328125,0
8123,1.017303,1.866302490234375,0.944061279296875,0
8124,1.017429,1.882171630859375,0.959320068359375,0
8125,1.017554,1.896514892578125,0.977020263671875,0
8126,1.017679,1.90826416015625,0.995941162109375,0
8127,1.017804,1.917572021484375,1.0162353515625,0
8128,1.01793,1.926116943359375,1.03973388671875,0
8129,1.018055,1.934814453125,1.067047119140625,0
8130,1.01818,1.94244384765625,1.0968017578125,0
8131,1.018305,1.947479248046875,1.1273193359375,0
8132,1.018431,1.949615478515625,1.158294677734375,0
8133,1.018556,1.95037841796875,1.190948486328125,0
8134,1.018681,1.951141357421875,1.22650146484375,0
8135,1.018806,1.9512939453125,1.26434326171875,0
8136,1.018932,1.949310302734375,1.302490234375,0
8137,1.019057,1.944427490234375,1.339874267578125,0
8138,1.019182,1.937408447265625,1.3775634765625,0
8139,1.019307,1.93023681640625,1.41693115234375,0
8140,1.019433,1.92291259765625,1.457672119140625,0
8141,1.019558,1.9140625,1.4984130859375,0
8142,1.019683,1.9024658203125,1.5374755859375,0
8143,1.019808,1.888427734375,1.575164794921875,0
8144,1.019934,1.873931884765625,1.61285400390625,0
8145,1.020059,1.8597412109375,1.651458740234375,0
8146,1.020184,1.844635009765625,1.689300537109375,0
8147,1.020309,1.827239990234375,1.724853515625,0
8148,1.020435,1.80755615234375,1.757659912109375,0
8149,1.02056,1.786956787109375,1.78924560546875,0
8150,1.020685,1.766815185546875,1.82037353515625,0
8151,1.02081,1.746673583984375,1.8505859375,0
8152,1.020936,1.72515869140625,1.8780517578125,0
8153,1.021061,1.701202392578125,1.90185546875,0
8154,1.021186,1.67633056640625,1.92291259765625,0
8155,1.021311,1.65191650390625,1.9427490234375,0
8156,1.021437,1.62841796875,1.96136474609375,0
8157,1.021562,1.604156494140625,1.97723388671875,0
8158,1.021687,1.578216552734375,1.988983154296875,0
8159,1.021812,1.551055908203125,1.997222900390625,0
8160,1.021938,1.524505615234375,2.003326416015625,0
8161,1.022063,1.49932861328125,2.008056640625,0
8162,1.022188,1.474456787109375,2.010498046875,0
8163,1.022313,1.448516845703125,2.00897216796875,0
8164,1.022439,1.4215087890625,2.003326416015625,0
8165,1.022564,1.394805908203125,1.995086669921875,0
8166,1.022689,1.36993408203125,1.985626220703125,0
8167,1.022814,1.346435546875,1.9744873046875,0
8168,1.02294,1.3226318359375,1.96014404296875,0
8169,1.023065,1.29791259765625,1.941680908203125,0
8170,1.02319,1.27349853515625,1.920623779296875,0
8171,1.023315,1.25091552734375,1.89849853515625,0
8172,1.023441,1.23046875,1.875457763671875,0
8173,1.023566,1.210784912109375,1.850433349609375,0
8174,1.023691,1.19049072265625,1.822052001953125,0
8175,1.023816,1.17034912109375,1.79107666015625,0
8176,1.023942,1.15203857421875,1.759490966796875,0
8177,1.024067,1.136322021484375,1.728057861328125,0
8178,1.024192,1.12213134765625,1.69586181640625,0
8179,1.024317,1.10809326171875,1.66168212890625,0
8180,1.024443,1.093902587890625,1.6253662109375,0
8181,1.024568,1.081390380859375,1.5887451171875,0
8182,1.024693,1.07147216796875,1.553192138671875,0
8183,1.024818,1.063995361328125,1.5185546875,0
8184,1.024944,1.057281494140625,1.483154296875,0
8185,1.025069,1.0504150390625,1.446685791015625,0
8186,1.025194,1.044769287109375,1.41021728515625,0
8187,1.025319,1.041717529296875,1.375579833984375,0
8188,1.025445,1.041412353515625,1.343231201171875,0
8189,1.02557,1.04248046875,1.311798095703125,0
8190,1.025695,1.043701171875,1.28021240234375,0
8191,1.02582,1.0455322265625,1.24908447265625,0
8192,1.025946,1.04949951171875,1.220245361328125,0
8193,1.026071,1.0565185546875,1.194610595703125,0
8194,1.026196,1.06536865234375,1.171417236328125,0
8195,1.026321,1.07452392578125,1.14898681640625,0
8196,1.026447,1.083831787109375,1.12762451171875,0
8197,1.026572,1.09466552734375,1.108551025390625,0
8198,1.026697,1.108245849609375,1.093292236328125,0
8199,1.026822,1.124114990234375,1.08154296875,0
8200,1.026948,1.140594482421875,1.07147216796875,0
8201,1.027073,1.156768798828125,1.0626220703125,0
8202,1.027198,1.1737060546875,1.056060791015625,0
8203,1.027323,1.19293212890625,1.053314208984375,0
8204,1.027449,1.214599609375,1.054534912109375,0
8205,1.027574,1.237030029296875,1.058349609375,0
8206,1.027699,1.259002685546875,1.063385009765625,0
8207,1.027824,1.28082275390625,1.070098876953125,0
8208,1.02795,1.3043212890625,1.080169677734375,0
8209,1.028075,1.329803466796875,1.0943603515625,0
8210,1.0282,1.35650634765625,1.111297607421875,0
8211,1.028325,1.3824462890625,1.129608154296875,0
8212,1.028451,1.407623291015625,1.148834228515625,0
8213,1.028576,1.43341064453125,1.17034912109375,0
8214,1.028701,1.46087646484375,1.19537353515625,0
8215,1.028826,1.489410400390625,1.22314453125,0
8216,1.028952,1.517486572265625,1.25213623046875,0
8217,1.029077,1.544036865234375,1.2811279296875,0
8218,1.029202,1.570281982421875,1.31103515625,0
8219,1.029327,1.597442626953125,1.343536376953125,0
8220,1.029453,1.62567138671875,1.378326416015625,0
8221,1.029578,1.6534423828125,1.41387939453125,0
8222,1.029703,1.67938232421875,1.44866943359375,0
8223,1.029828,1.703948974609375,1.483001708984375,0
8224,1.029954,1.728668212890625,1.51824951171875,0
8225,1.030079,1.754302978515625,1.55517578125,0
8226,1.030204,1.77947998046875,1.5924072265625,0
8227,1.030329,1.802825927734375,1.62811279296875,0
8228,1.030455,1.823883056640625,1.6619873046875,0
8229,1.03058,1.844329833984375,1.69525146484375,0
8230,1.030705,1.865081787109375,1.728973388671875,0
8231,1.03083,1.88568115234375,1.7626953125,0
8232,1.030956,1.904296875,1.794281005859375,0
8233,1.031081,1.92047119140625,1.822967529296875,0
8234,1.031206,1.934814453125,1.849517822265625,0
8235,1.031331,1.949005126953125,1.87530517578125,0
8236,1.031457,1.96319580078125,1.900634765625,0
8237,1.031582,1.9757080078125,1.923675537109375,0
8238,1.031707,1.9854736328125,1.94305419921875,0
8239,1.031832,1.9927978515625,1.959075927734375,0
8240,1.031958,1.99920654296875,1.9732666015625,0
8241,1.032083,2.005615234375,1.986541748046875,0
8242,1.032208,2.010955810546875,1.997528076171875,0
8243,1.032333,2.0135498046875,2.004852294921875,0
8244,1.032459,2.013092041015625,2.007904052734375,0
8245,1.032584,2.011260986328125,2.00836181640625,0
8246,1.032709,2.00927734375,2.007598876953125,0
8247,1.032834,2.006683349609375,2.004852294921875,0
8248,1.03296,2.001800537109375,1.99859619140625,0
8249,1.033085,1.993865966796875,1.98822021484375,0
8250,1.03321,1.983795166015625,1.974639892578125,0
8251,1.033335,1.973419189453125,1.95953369140625,0
8252,1.033461,1.962890625,1.94305419921875,0
8253,1.033586,1.950836181640625,1.92413330078125,0
8254,1.033711,1.93572998046875,1.9012451171875,0
8255,1.033836,1.9183349609375,1.875152587890625,0
8256,1.033962,1.90032958984375,1.8475341796875,0
8257,1.034087,1.882476806640625,1.8194580078125,0
8258,1.034212,1.863861083984375,1.78985595703125,0
8259,1.034337,1.842803955078125,1.75750732421875,0
8260,1.034463,1.8194580078125,1.722259521484375,0
8261,1.034588,1.7950439453125,1.685638427734375,0
8262,1.034713,1.771240234375,1.64947509765625,0
8263,1.034838,1.747283935546875,1.613006591796875,0
8264,1.034964,1.721954345703125,1.5753173828125,0
8265,1.035089,1.694183349609375,1.53533935546875,0
8266,1.035214,1.665496826171875,1.494598388671875,0
8267,1.035339,1.637115478515625,1.45477294921875,0
8268,1.035465,1.60980224609375,1.41632080078125,0
8269,1.03559,1.58172607421875,1.378021240234375,0
8270,1.035715,1.551971435546875,1.338653564453125,0
8271,1.03584,1.52099609375,1.29913330078125,0
8272,1.035966,1.490631103515625,1.260986328125,0
8273,1.036091,1.46148681640625,1.225433349609375,0
8274,1.036216,1.432952880859375,1.191558837890625,0
8275,1.036341,1.403350830078125,1.157989501953125,0
8276,1.036467,1.3726806640625,1.124725341796875,0
8277,1.036592,1.342315673828125,1.09344482421875,0
8278,1.036717,1.313934326171875,1.06536865234375,0
8279,1.036842,1.286773681640625,1.040496826171875,0
8280,1.036968,1.259613037109375,1.01715087890625,0
8281,1.037093,1.231536865234375,0.99456787109375,0
8282,1.037218,1.203765869140625,0.97412109375,0
8283,1.037343,1.178131103515625,0.95733642578125,0
8284,1.037469,1.15447998046875,0.944671630859375,0
8285,1.037594,1.131744384765625,0.934600830078125,0
8286,1.037719,1.108551025390625,0.9259033203125,0
8287,1.037844,1.085662841796875,0.919036865234375,0
8288,1.03797,1.064453125,0.91583251953125,0
8289,1.038095,1.046142578125,0.91705322265625,0
8290,1.03822,1.029510498046875,0.921478271484375,0
8291,1.038345,1.01318359375,0.927734375,0
8292,1.038471,0.996856689453125,0.935516357421875,0
8293,1.038596,0.9820556640625,0.94635009765625,0
8294,1.038721,0.970306396484375,0.9613037109375,0
8295,1.038846,0.96099853515625,0.979766845703125,0
8296,1.038972,0.952606201171875,1.0003662109375,0
8297,1.039097,0.944366455078125,1.021728515625,0
8298,1.039222,0.93719482421875,1.045074462890625,0
8299,1.039347,0.93292236328125,1.071929931640625,0
8300,1.039473,0.93170166015625,1.102142333984375,0
8301,1.039598,0.931854248046875,1.134185791015625,0
8302,1.039723,0.932464599609375,1.166534423828125,0
8303,1.039848,0.933685302734375,1.199493408203125,0
8304,1.039974,0.93719482421875,1.2347412109375,0
8305,1.040099,0.944061279296875,1.2725830078125,0
8306,1.040224,0.952911376953125,1.31195068359375,0
8307,1.040349,0.96221923828125,1.35101318359375,0
8308,1.040475,0.971832275390625,1.38946533203125,0
8309,1.0406,0.9832763671875,1.428375244140625,0
8310,1.040725,0.99761962890625,1.4691162109375,0
8311,1.04085,1.014404296875,1.5106201171875,0
8312,1.040976,1.031951904296875,1.551361083984375,0
8313,1.041101,1.049346923828125,1.59027099609375,0
8314,1.041226,1.06781005859375,1.62811279296875,0
8315,1.041351,1.08856201171875,1.666259765625,0
8316,1.041477,1.111907958984375,1.7047119140625,0
8317,1.041602,1.136322021484375,1.741790771484375,0
8318,1.041727,1.160430908203125,1.776123046875,0
8319,1.041852,1.1846923828125,1.807861328125,0
8320,1.041978,1.210479736328125,1.83868408203125,0
8321,1.042103,1.23870849609375,1.869049072265625,0
8322,1.042228,1.268157958984375,1.897735595703125,0
8323,1.042353,1.297149658203125,1.9232177734375,0
8324,1.042479,1.32537841796875,1.945037841796875,0
8325,1.042604,1.3543701171875,1.96441650390625,0
8326,1.042729,1.38519287109375,1.982879638671875,0
8327,1.042854,1.417388916015625,1.999664306640625,0
8328,1.04298,1.449127197265625,2.012939453125,0
8329,1.043105,1.4794921875,2.0220947265625,0
8330,1.04323,1.50970458984375,2.028045654296875,0
8331,1.043355,1.54083251953125,2.032318115234375,0
8332,1.043481,1.573333740234375,2.035064697265625,0
8333,1.043606,1.605377197265625,2.034759521484375,0
8334,1.043731,1.6357421875,2.03033447265625,0
8335,1.043856,1.664886474609375,2.0220947265625,0
8336,1.043982,1.69403076171875,2.01202392578125,0
8337,1.044107,1.7242431640625,2.000579833984375,0
8338,1.044232,1.754302978515625,1.98699951171875,0
8339,1.044357,1.782379150390625,1.969757080078125,0
8340,1.044483,1.808319091796875,1.9488525390625,0
8341,1.044608,1.833648681640625,1.925811767578125,0
8342,1.044733,1.859283447265625,1.902008056640625,0
8343,1.044858,1.884918212890625,1.877288818359375,0
8344,1.044984,1.9085693359375,1.849822998046875,0
8345,1.045109,1.92962646484375,1.819305419921875,0
8346,1.045234,1.949005126953125,1.78680419921875,0
8347,1.045359,1.968231201171875,1.753997802734375,0
8348,1.045485,1.987457275390625,1.721343994140625,0
8349,1.04561,2.0050048828125,1.6876220703125,0
8350,1.045735,2.0196533203125,1.651763916015625,0
8351,1.04586,2.0318603515625,1.6143798828125,0
8352,1.045986,2.04315185546875,1.5771484375,0
8353,1.046111,2.054443359375,1.541290283203125,0
8354,1.046236,2.06451416015625,1.50604248046875,0
8355,1.046361,2.071685791015625,1.4697265625,0
8356,1.046487,2.075958251953125,1.4324951171875,0
8357,1.046612,2.078704833984375,1.39617919921875,0
8358,1.046737,2.081146240234375,1.36199951171875,0
8359,1.046862,2.08282470703125,1.3299560546875,0
8360,1.046988,2.082061767578125,1.2982177734375,0
8361,1.047113,2.0782470703125,1.2664794921875,0
8362,1.047238,2.0721435546875,1.235809326171875,0
8363,1.047363,2.065582275390625,1.208038330078125,0
8364,1.047489,2.0587158203125,1.1834716796875,0
8365,1.047614,2.050018310546875,1.160736083984375,0
8366,1.047739,2.038421630859375,1.13861083984375,0
8367,1.047864,2.02423095703125,1.11785888671875,0
8368,1.04799,2.00927734375,1.10015869140625,0
8369,1.048115,1.994171142578125,1.08642578125,0
8370,1.04824,1.9781494140625,1.075592041015625,0
8371,1.048365,1.959686279296875,1.0662841796875,0
8372,1.048491,1.9384765625,1.058197021484375,0
8373,1.048616,1.916351318359375,1.053009033203125,0
8374,1.048741,1.89422607421875,1.051788330078125,0
8375,1.048866,1.872100830078125,1.054229736328125,0
8376,1.048992,1.84814453125,1.058807373046875,0
8377,1.049117,1.82159423828125,1.064300537109375,0
8378,1.049242,1.7938232421875,1.072235107421875,0
8379,1.049367,1.766510009765625,1.08367919921875,0
8380,1.049493,1.739654541015625,1.09893798828125,0
8381,1.049618,1.7120361328125,1.116485595703125,0
8382,1.049743,1.682281494140625,1.13494873046875,0
8383,1.049868,1.65130615234375,1.154632568359375,0
8384,1.049994,1.6204833984375,1.17706298828125,0
8385,1.050119,1.591033935546875,1.2030029296875,0
8386,1.050244,1.56158447265625,1.2310791015625,0
8387,1.050369,1.53106689453125,1.259613037109375,0
8388,1.050495,1.4990234375,1.288299560546875,0
8389,1.05062,1.467437744140625,1.318511962890625,0
8390,1.050745,1.437225341796875,1.351318359375,0
8391,1.05087,1.408233642578125,1.38580322265625,0
8392,1.050996,1.37908935546875,1.42059326171875,0
8393,1.051121,1.348724365234375,1.454315185546875,0
8394,1.051246,1.318359375,1.487884521484375,0
8395,1.051371,1.28997802734375,1.5228271484375,0
8396,1.051497,1.263427734375,1.558990478515625,0
8397,1.051622,1.237640380859375,1.5948486328125,0
8398,1.051747,1.211090087890625,1.62872314453125,0
8399,1.051872,1.1846923828125,1.66107177734375,0
8400,1.051998,1.15997314453125,1.693267822265625,0
8401,1.052123,1.1376953125,1.725921630859375,0
8402,1.052248,1.117095947265625,1.7578125,0
8403,1.052373,1.09649658203125,1.787109375,0
8404,1.052499,1.075897216796875,1.81365966796875,0
8405,1.052624,1.05682373046875,1.838531494140625,0
8406,1.052749,1.04034423828125,1.862945556640625,0
8407,1.052874,1.026458740234375,1.88629150390625,0
8408,1.053,1.01318359375,1.90673828125,0
8409,1.053125,0.999908447265625,1.92352294921875,0
8410,1.05325,0.98785400390625,1.937408447265625,0
8411,1.053375,0.9783935546875,1.9500732421875,0
8412,1.053501,0.97198486328125,1.961517333984375,0
8413,1.053626,0.966949462890625,1.97021484375,0
8414,1.053751,0.962066650390625,1.97479248046875,0
8415,1.053876,0.95794677734375,1.9757080078125,0
8416,1.054002,0.95611572265625,1.974639892578125,0
8417,1.054127,0.95733642578125,1.97235107421875,0
8418,1.054252,0.960693359375,1.9677734375,0
8419,1.054377,0.964508056640625,1.959381103515625,0
8420,1.054503,0.9686279296875,1.946868896484375,0
8421,1.054628,0.97442626953125,1.93206787109375,0
8422,1.054753,0.9832763671875,1.916046142578125,0
8423,1.054878,0.99456787109375,1.898651123046875,0
8424,1.055004,1.00677490234375,1.878204345703125,0
8425,1.055129,1.018829345703125,1.85394287109375,0
8426,1.055254,1.03179931640625,1.82708740234375,0
8427,1.055379,1.04736328125,1.799468994140625,0
8428,1.055505,1.065521240234375,1.771240234375,0
8429,1.05563,1.08489990234375,1.741180419921875,0
8430,1.055755,1.103973388671875,1.708221435546875,0
8431,1.05588,1.123199462890625,1.6729736328125,0
8432,1.056006,1.144256591796875,1.63726806640625,0
8433,1.056131,1.167755126953125,1.60186767578125,0
8434,1.056256,1.192626953125,1.566314697265625,0
8435,1.056381,1.217193603515625,1.5289306640625,0
8436,1.056507,1.24114990234375,1.4898681640625,0
8437,1.056632,1.266021728515625,1.450653076171875,0
8438,1.056757,1.292877197265625,1.4129638671875,0
8439,1.056882,1.321258544921875,1.3763427734375,0
8440,1.057008,1.349334716796875,1.339569091796875,0
8441,1.057133,1.3763427734375,1.3018798828125,0
8442,1.057258,1.4031982421875,1.264495849609375,0
8443,1.057383,1.4312744140625,1.229400634765625,0
8444,1.057509,1.46087646484375,1.196746826171875,0
8445,1.057634,1.490325927734375,1.165313720703125,0
8446,1.057759,1.518096923828125,1.134033203125,0
8447,1.057884,1.544952392578125,1.103515625,0
8448,1.05801,1.572113037109375,1.07574462890625,0
8449,1.058135,1.600494384765625,1.05133056640625,0
8450,1.05826,1.628875732421875,1.0296630859375,0
8451,1.058385,1.65557861328125,1.009063720703125,0
8452,1.058511,1.680450439453125,0.989532470703125,0
8453,1.058636,1.7047119140625,0.972747802734375,0
8454,1.058761,1.729583740234375,0.9600830078125,0
8455,1.058886,1.7547607421875,0.950927734375,0
8456,1.059012,1.77825927734375,0.94390869140625,0
8457,1.059137,1.799163818359375,0.9381103515625,0
8458,1.059262,1.81884765625,0.93475341796875,0
8459,1.059387,1.83837890625,0.93536376953125,0
8460,1.059513,1.85821533203125,0.94024658203125,0
8461,1.059638,1.876678466796875,0.947723388671875,0
8462,1.059763,1.89239501953125,0.956573486328125,0
8463,1.059888,1.90582275390625,0.967254638671875,0
8464,1.060014,1.918792724609375,0.981292724609375,0
8465,1.060139,1.9317626953125,0.99945068359375,0
8466,1.060264,1.94366455078125,1.020660400390625,0
8467,1.060389,1.953125,1.0430908203125,0
8468,1.060515,1.959686279296875,1.06658935546875,0
8469,1.06064,1.964874267578125,1.092376708984375,0
8470,1.060765,1.970062255859375,1.121673583984375,0
8471,1.06089,1.974639892578125,1.15386962890625,0
8472,1.061016,1.9769287109375,1.186981201171875,0
8473,1.061141,1.976318359375,1.220245361328125,0
8474,1.061266,1.973724365234375,1.25457763671875,0
8475,1.061391,1.970672607421875,1.29119873046875,0
8476,1.061517,1.96746826171875,1.330108642578125,0
8477,1.061642,1.962738037109375,1.369781494140625,0
8478,1.061767,1.955108642578125,1.40869140625,0
8479,1.061892,1.945037841796875,1.446990966796875,0
8480,1.062018,1.9342041015625,1.486358642578125,0
8481,1.062143,1.92352294921875,1.527099609375,0
8482,1.062268,1.912078857421875,1.568145751953125,0
8483,1.062393,1.898040771484375,1.607666015625,0
8484,1.062519,1.881561279296875,1.64520263671875,0
8485,1.062644,1.864013671875,1.68212890625,0
8486,1.062769,1.846771240234375,1.719512939453125,0
8487,1.062894,1.829376220703125,1.756591796875,0
8488,1.06302,1.810455322265625,1.79168701171875,0
8489,1.063145,1.7889404296875,1.82373046875,0
8490,1.06327,1.76605224609375,1.8536376953125,0
8491,1.063395,1.743621826171875,1.882781982421875,0
8492,1.063521,1.7218017578125,1.911163330078125,0
8493,1.063646,1.69921875,1.937255859375,0
8494,1.063771,1.674652099609375,1.959686279296875,0
8495,1.063896,1.6485595703125,1.978759765625,0
8496,1.064022,1.622772216796875,1.99615478515625,0
8497,1.064147,1.59820556640625,2.0123291015625,0
8498,1.064272,1.57379150390625,2.026214599609375,0
8499,1.064397,1.54815673828125,2.036285400390625,0
8500,1.064523,1.52099609375,2.042388916015625,0
8501,1.064648,1.493988037109375,2.045745849609375,0
8502,1.064773,1.468658447265625,2.0477294921875,0
8503,1.064898,1.444244384765625,2.047882080078125,0
8504,1.065024,1.419525146484375,2.04437255859375,0
8505,1.065149,1.393585205078125,2.036895751953125,0
8506,1.065274,1.3677978515625,2.02606201171875,0
8507,1.065399,1.343536376953125,2.013702392578125,0
8508,1.065525,1.32110595703125,2.000274658203125,0
8509,1.06565,1.299285888671875,1.984100341796875,0
8510,1.065775,1.276702880859375,1.964111328125,0
8511,1.0659,1.25396728515625,1.940765380859375,0
8512,1.066026,1.23291015625,1.91619873046875,0
8513,1.066151,1.214141845703125,1.890869140625,0
8514,1.066276,1.1968994140625,1.86431884765625,0
8515,1.066401,1.17950439453125,1.834716796875,0
8516,1.066527,1.161956787109375,1.8023681640625,0
8517,1.066652,1.1456298828125,1.768646240234375,0
8518,1.066777,1.132049560546875,1.7352294921875,0
8519,1.066902,1.12060546875,1.701812744140625,0
8520,1.067028,1.109771728515625,1.6668701171875,0
8521,1.067153,1.098785400390625,1.629791259765625,0
8522,1.067278,1.08856201171875,1.591796875,0
8523,1.067403,1.081085205078125,1.55487060546875,0
8524,1.067529,1.076202392578125,1.5191650390625,0
8525,1.067654,1.07269287109375,1.48345947265625,0
8526,1.067779,1.069183349609375,1.446685791015625,0
8527,1.067904,1.066131591796875,1.40960693359375,0
8528,1.06803,1.06536865234375,1.374053955078125,0
8529,1.068155,1.0675048828125,1.3409423828125,0
8530,1.06828,1.07147216796875,1.309356689453125,0
8531,1.068405,1.075592041015625,1.277923583984375,0
8532,1.068531,1.08001708984375,1.24664306640625,0
8533,1.068656,1.085968017578125,1.217193603515625,0
8534,1.068781,1.09466552734375,1.190948486328125,0
8535,1.068906,1.10565185546875,1.1676025390625,0
8536,1.069032,1.11724853515625,1.1456298828125,0
8537,1.069157,1.128692626953125,1.124267578125,0
8538,1.069282,1.14105224609375,1.104888916015625,0
8539,1.069407,1.155548095703125,1.089019775390625,0
8540,1.069533,1.172637939453125,1.076812744140625,0
8541,1.069658,1.190643310546875,1.067047119140625,0
8542,1.069783,1.208343505859375,1.058502197265625,0
8543,1.069908,1.226043701171875,1.0516357421875,0
8544,1.070034,1.245269775390625,1.0479736328125,0
8545,1.070159,1.266937255859375,1.048583984375,0
8546,1.070284,1.289825439453125,1.05224609375,0
8547,1.070409,1.312255859375,1.057281494140625,0
8548,1.070535,1.33392333984375,1.063690185546875,0
8549,1.07066,1.35650634765625,1.07269287109375,0
8550,1.070785,1.380767822265625,1.08551025390625,0
8551,1.07091,1.40655517578125,1.101837158203125,0
8552,1.071036,1.431884765625,1.11968994140625,0
8553,1.071161,1.45599365234375,1.138153076171875,0
8554,1.071286,1.479949951171875,1.158294677734375,0
8555,1.071411,1.504974365234375,1.181640625,0
8556,1.071537,1.531524658203125,1.208038330078125,0
8557,1.071662,1.557769775390625,1.2359619140625,0
8558,1.071787,1.58233642578125,1.263885498046875,0
8559,1.071912,1.605682373046875,1.292266845703125,0
8560,1.072038,1.629638671875,1.322479248046875,0
8561,1.072163,1.654510498046875,1.355133056640625,0
8562,1.072288,1.67938232421875,1.38916015625,0
8563,1.072413,1.702423095703125,1.422576904296875,0
8564,1.072539,1.7236328125,1.455078125,0
8565,1.072664,1.744232177734375,1.487884521484375,0
8566,1.072789,1.765594482421875,1.522216796875,0
8567,1.072914,1.786956787109375,1.55731201171875,0
8568,1.07304,1.806640625,1.591339111328125,0
8569,1.073165,1.82403564453125,1.623382568359375,0
8570,1.07329,1.839752197265625,1.654205322265625,0
8571,1.073415,1.855621337890625,1.6851806640625,0
8572,1.07354,1.87164306640625,1.716461181640625,0
8573,1.073666,1.886444091796875,1.7462158203125,0
8574,1.073791,1.89849853515625,1.773223876953125,0
8575,1.073916,1.90826416015625,1.797637939453125,0
8576,1.074041,1.91741943359375,1.82098388671875,0
8577,1.074167,1.926727294921875,1.8438720703125,0
8578,1.074292,1.934967041015625,1.865234375,0
8579,1.074417,1.940765380859375,1.88323974609375,0
8580,1.074543,1.943817138671875,1.897735595703125,0
8581,1.074668,1.94549560546875,1.909942626953125,0
8582,1.074793,1.947174072265625,1.921234130859375,0
8583,1.074919,1.948394775390625,1.930999755859375,0
8584,1.075044,1.947479248046875,1.93756103515625,0
8585,1.075169,1.943511962890625,1.94000244140625,0
8586,1.075294,1.93756103515625,1.93939208984375,0
8587,1.07542,1.93145751953125,1.937408447265625,0
8588,1.075545,1.925201416015625,1.934051513671875,0
8589,1.07567,1.91741943359375,1.927947998046875,0
8590,1.075796,1.90673828125,1.917877197265625,0
8591,1.075921,1.8939208984375,1.904449462890625,0
8592,1.076046,1.880340576171875,1.889190673828125,0
8593,1.076171,1.866912841796875,1.873016357421875,0
8594,1.076297,1.852874755859375,1.855010986328125,0
8595,1.076422,1.836395263671875,1.83380126953125,0
8596,1.076547,1.817474365234375,1.80908203125,0
8597,1.076672,1.797637939453125,1.78253173828125,0
8598,1.076798,1.778106689453125,1.755828857421875,0
8599,1.076923,1.758575439453125,1.72821044921875,0
8600,1.077048,1.737518310546875,1.698455810546875,0
8601,1.077173,1.714019775390625,1.66595458984375,0
8602,1.077299,1.689453125,1.63177490234375,0
8603,1.077424,1.66534423828125,1.597747802734375,0
8604,1.077549,1.641845703125,1.5643310546875,0
8605,1.077674,1.61773681640625,1.5301513671875,0
8606,1.0778,1.591796875,1.493988037109375,0
8607,1.077925,1.5643310546875,1.456756591796875,0
8608,1.07805,1.5374755859375,1.4202880859375,0
8609,1.078175,1.511688232421875,1.385345458984375,0
8610,1.078301,1.486358642578125,1.351318359375,0
8611,1.078426,1.459808349609375,1.316680908203125,0
8612,1.078551,1.431884765625,1.28143310546875,0
8613,1.078676,1.404266357421875,1.24725341796875,0
8614,1.078802,1.378326416015625,1.215667724609375,0
8615,1.078927,1.353607177734375,1.186370849609375,0
8616,1.079052,1.328582763671875,1.1578369140625,0
8617,1.079177,1.302490234375,1.12945556640625,0
8618,1.079305,1.27655029296875,1.102447509765625,0
8619,1.079428,1.252288818359375,1.0784912109375,0
8620,1.079553,1.230010986328125,1.05804443359375,0
8621,1.079679,1.20849609375,1.039581298828125,0
8622,1.079804,1.18621826171875,1.021881103515625,0
8623,1.079929,1.1639404296875,1.005859375,0
8624,1.080054,1.143341064453125,0.992889404296875,0
8625,1.08018,1.125335693359375,0.984039306640625,0
8626,1.080305,1.108856201171875,0.978240966796875,0
8627,1.08043,1.092376708984375,0.973968505859375,0
8628,1.080555,1.07574462890625,0.9710693359375,0
8629,1.080681,1.060638427734375,0.9710693359375,0
8630,1.080806,1.048126220703125,0.975189208984375,0
8631,1.080931,1.03790283203125,0.98297119140625,0
8632,1.081056,1.0284423828125,0.992889404296875,0
8633,1.081182,1.01898193359375,1.00372314453125,0
8634,1.081307,1.01043701171875,1.016845703125,0
8635,1.081432,1.004638671875,1.03363037109375,0
8636,1.081557,1.0015869140625,1.054229736328125,0
8637,1.081683,0.999908447265625,1.07696533203125,0
8638,1.081808,0.998382568359375,1.1004638671875,0
8639,1.081933,0.997314453125,1.12518310546875,0
8640,1.082058,0.998687744140625,1.15264892578125,0
8641,1.082184,1.002960205078125,1.183319091796875,0
8642,1.082309,1.00921630859375,1.21612548828125,0
8643,1.082434,1.01593017578125,1.2493896484375,0
8644,1.082559,1.02264404296875,1.282501220703125,0
8645,1.082685,1.03118896484375,1.317138671875,0
8646,1.08281,1.04248046875,1.35406494140625,0
8647,1.082935,1.05621337890625,1.392822265625,0
8648,1.08306,1.070556640625,1.431427001953125,0
8649,1.083186,1.08489990234375,1.468963623046875,0
8650,1.083313,1.100006103515625,1.506195068359375,0
8651,1.083436,1.1175537109375,1.544647216796875,0
8652,1.083562,1.137542724609375,1.584320068359375,0
8653,1.083687,1.15875244140625,1.623382568359375,0
8654,1.083812,1.17950439453125,1.66046142578125,0
8655,1.083937,1.20025634765625,1.69586181640625,0
8656,1.084063,1.22283935546875,1.730804443359375,0
8657,1.084188,1.247711181640625,1.766204833984375,0
8658,1.084313,1.2738037109375,1.80084228515625,0
8659,1.084438,1.299591064453125,1.83258056640625,0
8660,1.084564,1.32476806640625,1.861419677734375,0
8661,1.084689,1.350555419921875,1.88873291015625,0
8662,1.084814,1.378326416015625,1.915283203125,0
8663,1.084939,1.407623291015625,1.94091796875,0
8664,1.085065,1.43646240234375,1.9635009765625,0
8665,1.08519,1.464080810546875,1.982269287109375,0
8666,1.085315,1.49139404296875,1.998138427734375,0
8667,1.08544,1.519927978515625,2.01263427734375,0
8668,1.085566,1.54998779296875,2.025909423828125,0
8669,1.085691,1.57958984375,2.03643798828125,0
8670,1.085816,1.607818603515625,2.042694091796875,0
8671,1.085941,1.634674072265625,2.045440673828125,0
8672,1.086067,1.6619873046875,2.046051025390625,0
8673,1.086192,1.690216064453125,2.045440673828125,0
8674,1.086317,1.718597412109375,2.04254150390625,0
8675,1.086442,1.745147705078125,2.03582763671875,0
8676,1.086568,1.769561767578125,2.025146484375,0
8677,1.086693,1.79351806640625,2.01202392578125,0
8678,1.086818,1.818084716796875,1.9976806640625,0
8679,1.086943,1.8426513671875,1.981964111328125,0
8680,1.087069,1.865692138671875,1.96319580078125,0
8681,1.087194,1.885986328125,1.940765380859375,0
8682,1.087319,1.9049072265625,1.91558837890625,0
8683,1.087444,1.923828125,1.8896484375,0
8684,1.08757,1.9427490234375,1.863250732421875,0
8685,1.087695,1.960296630859375,1.83502197265625,0
8686,1.08782,1.97509765625,1.80389404296875,0
8687,1.087945,1.987457275390625,1.77032470703125,0
8688,1.088071,1.99920654296875,1.736297607421875,0
8689,1.088196,2.010955810546875,1.702728271484375,0
8690,1.088321,2.021636962890625,1.668853759765625,0
8691,1.088446,2.02972412109375,1.633148193359375,0
8692,1.088572,2.034912109375,1.595611572265625,0
8693,1.088697,2.038726806640625,1.558074951171875,0
8694,1.088822,2.042236328125,1.52191162109375,0
8695,1.088947,2.0452880859375,1.48681640625,0
8696,1.089073,2.0458984375,1.451263427734375,0
8697,1.089198,2.04345703125,1.414794921875,0
8698,1.089323,2.039031982421875,1.3787841796875,0
8699,1.089448,2.034149169921875,1.3446044921875,0
8700,1.089574,2.02911376953125,1.313018798828125,0
8701,1.089699,2.022247314453125,1.2823486328125,0
8702,1.089824,2.012481689453125,1.2518310546875,0
8703,1.089949,2.000274658203125,1.221771240234375,0
8704,1.090075,1.987152099609375,1.194305419921875,0
8705,1.0902,1.97418212890625,1.1700439453125,0
8706,1.090325,1.960296630859375,1.14837646484375,0
8707,1.09045,1.943817138671875,1.127471923828125,0
8708,1.090576,1.92474365234375,1.107635498046875,0
8709,1.090701,1.90460205078125,1.090087890625,0
8710,1.090826,1.884765625,1.076507568359375,0
8711,1.090951,1.8646240234375,1.066131591796875,0
8712,1.091077,1.842803955078125,1.0577392578125,0
8713,1.091202,1.818389892578125,1.050262451171875,0
8714,1.091327,1.7926025390625,1.044921875,0
8715,1.091452,1.767120361328125,1.04339599609375,0
8716,1.091578,1.74224853515625,1.045684814453125,0
8717,1.091703,1.716461181640625,1.0504150390625,0
8718,1.091828,1.688690185546875,1.05621337890625,0
8719,1.091953,1.659393310546875,1.06353759765625,0
8720,1.092079,1.6302490234375,1.074066162109375,0
8721,1.092204,1.602325439453125,1.0882568359375,0
8722,1.092329,1.57440185546875,1.1053466796875,0
8723,1.092454,1.545257568359375,1.123199462890625,0
8724,1.09258,1.51458740234375,1.1419677734375,0
8725,1.092705,1.48406982421875,1.1627197265625,0
8726,1.09283,1.455078125,1.18682861328125,0
8727,1.092955,1.427154541015625,1.21337890625,0
8728,1.093081,1.39862060546875,1.2408447265625,0
8729,1.093206,1.3690185546875,1.268157958984375,0
8730,1.093331,1.33941650390625,1.296234130859375,0
8731,1.093456,1.311492919921875,1.326446533203125,0
8732,1.093582,1.285247802734375,1.358795166015625,0
8733,1.093707,1.259765625,1.391754150390625,0
8734,1.093832,1.233367919921875,1.42364501953125,0
8735,1.093957,1.20697021484375,1.454925537109375,0
8736,1.094083,1.182098388671875,1.486968994140625,0
8737,1.094208,1.159515380859375,1.520538330078125,0
8738,1.094333,1.13861083984375,1.554107666015625,0
8739,1.094458,1.1175537109375,1.586151123046875,0
8740,1.094584,1.09619140625,1.6162109375,0
8741,1.094709,1.07635498046875,1.645660400390625,0
8742,1.094834,1.059112548828125,1.6754150390625,0
8743,1.094959,1.04400634765625,1.705169677734375,0
8744,1.095085,1.029815673828125,1.7327880859375,0
8745,1.09521,1.01531982421875,1.757354736328125,0
8746,1.095335,1.00189208984375,1.779937744140625,0
8747,1.09546,0.991058349609375,1.801910400390625,0
8748,1.095586,0.983123779296875,1.82342529296875,0
8749,1.095711,0.976409912109375,1.8426513671875,0
8750,1.095836,0.970001220703125,1.858367919921875,0
8751,1.095961,0.96405029296875,1.87103271484375,0
8752,1.096087,0.96038818359375,1.88201904296875,0
8753,1.096212,0.959930419921875,1.892242431640625,0
8754,1.096337,0.9613037109375,1.90032958984375,0
8755,1.096462,0.963134765625,1.905059814453125,0
8756,1.096588,0.96527099609375,1.90582275390625,0
8757,1.096713,0.969085693359375,1.904449462890625,0
8758,1.096838,0.9759521484375,1.90185546875,0
8759,1.096963,0.985107421875,1.897735595703125,0
8760,1.097089,0.99517822265625,1.890716552734375,0
8761,1.097214,1.0052490234375,1.87957763671875,0
8762,1.097339,1.0162353515625,1.8658447265625,0
8763,1.097464,1.0296630859375,1.85089111328125,0
8764,1.09759,1.04583740234375,1.83502197265625,0
8765,1.097715,1.063232421875,1.8170166015625,0
8766,1.09784,1.080322265625,1.795654296875,0
8767,1.097965,1.09771728515625,1.771392822265625,0
8768,1.098091,1.116943359375,1.746063232421875,0
8769,1.098216,1.138763427734375,1.720733642578125,0
8770,1.098341,1.161956787109375,1.6943359375,0
8771,1.098466,1.18499755859375,1.665496826171875,0
8772,1.098592,1.207427978515625,1.634063720703125,0
8773,1.098717,1.230926513671875,1.602020263671875,0
8774,1.098842,1.256561279296875,1.5704345703125,0
8775,1.098967,1.283721923828125,1.539306640625,0
8776,1.099093,1.310882568359375,1.5069580078125,0
8777,1.099218,1.336822509765625,1.472930908203125,0
8778,1.099343,1.3629150390625,1.43829345703125,0
8779,1.099468,1.390380859375,1.405029296875,0
8780,1.099594,1.41937255859375,1.373291015625,0
8781,1.099719,1.448516845703125,1.342010498046875,0
8782,1.099844,1.47613525390625,1.309967041015625,0
8783,1.099969,1.502838134765625,1.27777099609375,0
8784,1.100095,1.5301513671875,1.247406005859375,0
8785,1.10022,1.558685302734375,1.219635009765625,0
8786,1.100345,1.5875244140625,1.193695068359375,0
8787,1.10047,1.61468505859375,1.168212890625,0
8788,1.100596,1.640167236328125,1.14288330078125,0
8789,1.100721,1.66534423828125,1.11968994140625,0
8790,1.100846,1.6912841796875,1.099700927734375,0
8791,1.100971,1.717529296875,1.082763671875,0
8792,1.101097,1.74224853515625,1.067352294921875,0
8793,1.101222,1.76483154296875,1.052703857421875,0
8794,1.101347,1.786041259765625,1.039886474609375,0
8795,1.101472,1.807403564453125,1.030731201171875,0
8796,1.101598,1.829071044921875,1.025238037109375,0
8797,1.101723,1.849517822265625,1.022186279296875,0
8798,1.101848,1.867523193359375,1.02020263671875,0
8799,1.101973,1.883392333984375,1.0198974609375,0
8800,1.102099,1.898651123046875,1.022796630859375,0
8801,1.102224,1.9140625,1.029815673828125,0
8802,1.102349,1.9287109375,1.03973388671875,0
8803,1.102474,1.94091796875,1.051025390625,0
8804,1.1026,1.95037841796875,1.063385009765625,0
8805,1.102725,1.9586181640625,1.078338623046875,0
8806,1.10285,1.966705322265625,1.096954345703125,0
8807,1.102975,1.9744873046875,1.1187744140625,0
8808,1.103101,1.97998046875,1.1419677734375,0
8809,1.103226,1.982574462890625,1.165618896484375,0
8810,1.103351,1.98333740234375,1.1907958984375,0
8811,1.103476,1.983642578125,1.218719482421875,0
8812,1.103602,1.983795166015625,1.24969482421875,0
8813,1.103727,1.982421875,1.281890869140625,0
8814,1.103852,1.9781494140625,1.313934326171875,0
8815,1.103977,1.971435546875,1.34613037109375,0
8816,1.104103,1.963958740234375,1.3800048828125,0
8817,1.104228,1.956634521484375,1.416168212890625,0
8818,1.104353,1.948394775390625,1.4532470703125,0
8819,1.104478,1.937713623046875,1.48956298828125,0
8820,1.104604,1.9244384765625,1.524810791015625,0
8821,1.104729,1.91009521484375,1.56005859375,0
8822,1.104854,1.895904541015625,1.5966796875,0
8823,1.104979,1.881561279296875,1.6339111328125,0
8824,1.105105,1.865386962890625,1.669769287109375,0
8825,1.10523,1.84661865234375,1.7034912109375,0
8826,1.105355,1.82647705078125,1.73583984375,0
8827,1.10548,1.806640625,1.7681884765625,0
8828,1.105606,1.787109375,1.800689697265625,0
8829,1.105731,1.766815185546875,1.831512451171875,0
8830,1.105856,1.744232177734375,1.859283447265625,0
8831,1.105981,1.720123291015625,1.88446044921875,0
8832,1.106107,1.6961669921875,1.908416748046875,0
8833,1.106232,1.67327880859375,1.931915283203125,0
8834,1.106357,1.650238037109375,1.953582763671875,0
8835,1.106482,1.625823974609375,1.9720458984375,0
8836,1.106608,1.5997314453125,1.986846923828125,0
8837,1.106733,1.573638916015625,1.99920654296875,0
8838,1.106858,1.548919677734375,2.010650634765625,0
8839,1.106983,1.52496337890625,2.02056884765625,0
8840,1.107109,1.500396728515625,2.027130126953125,0
8841,1.107234,1.474609375,2.02972412109375,0
8842,1.107359,1.448516845703125,2.02911376953125,0
8843,1.107484,1.423797607421875,2.027130126953125,0
8844,1.10761,1.4007568359375,2.02392578125,0
8845,1.107735,1.378173828125,2.017822265625,0
8846,1.10786,1.354522705078125,2.007904052734375,0
8847,1.107985,1.33056640625,1.994476318359375,0
8848,1.108111,1.307830810546875,1.9793701171875,0
8849,1.108236,1.287384033203125,1.963348388671875,0
8850,1.108361,1.268157958984375,1.945648193359375,0
8851,1.108486,1.248626708984375,1.924591064453125,0
8852,1.108612,1.2286376953125,1.9000244140625,0
8853,1.108737,1.209869384765625,1.873931884765625,0
8854,1.108862,1.193389892578125,1.847381591796875,0
8855,1.108987,1.179046630859375,1.820068359375,0
8856,1.109113,1.165008544921875,1.790618896484375,0
8857,1.109238,1.150665283203125,1.7584228515625,0
8858,1.109363,1.1370849609375,1.724700927734375,0
8859,1.109488,1.125946044921875,1.69097900390625,0
8860,1.109614,1.11724853515625,1.65802001953125,0
8861,1.109739,1.109771728515625,1.6241455078125,0
8862,1.109864,1.102142333984375,1.588287353515625,0
8863,1.109989,1.094970703125,1.551361083984375,0
8864,1.110115,1.08978271484375,1.515045166015625,0
8865,1.11024,1.08734130859375,1.48040771484375,0
8866,1.110365,1.086883544921875,1.446533203125,0
8867,1.11049,1.08642578125,1.411895751953125,0
8868,1.110616,1.08612060546875,1.37664794921875,0
8869,1.110741,1.08734130859375,1.342315673828125,0
8870,1.110866,1.091156005859375,1.310577392578125,0
8871,1.110991,1.097412109375,1.28082275390625,0
8872,1.111117,1.1041259765625,1.2518310546875,0
8873,1.111242,1.110687255859375,1.22283935546875,0
8874,1.111367,1.1181640625,1.195068359375,0
8875,1.111492,1.1279296875,1.1700439453125,0
8876,1.111618,1.14013671875,1.14837646484375,0
8877,1.111743,1.153411865234375,1.1285400390625,0
8878,1.111868,1.166229248046875,1.109466552734375,0
8879,1.111993,1.179351806640625,1.09161376953125,0
8880,1.112119,1.194000244140625,1.07666015625,0
8881,1.112244,1.21124267578125,1.065673828125,0
8882,1.112369,1.229705810546875,1.05743408203125,0
8883,1.112494,1.24786376953125,1.0504150390625,0
8884,1.11262,1.265411376953125,1.04461669921875,0
8885,1.112745,1.28387451171875,1.041412353515625,0
8886,1.11287,1.304473876953125,1.042022705078125,0
8887,1.112995,1.32659912109375,1.046142578125,0
8888,1.113121,1.348419189453125,1.052093505859375,0
8889,1.113246,1.36932373046875,1.058807373046875,0
8890,1.113371,1.39007568359375,1.0675048828125,0
8891,1.113496,1.412200927734375,1.079559326171875,0
8892,1.113622,1.436004638671875,1.095123291015625,0
8893,1.113747,1.459808349609375,1.1126708984375,0
8894,1.113872,1.482086181640625,1.130828857421875,0
8895,1.113997,1.50360107421875,1.14990234375,0
8896,1.114123,1.52557373046875,1.171417236328125,0
8897,1.114248,1.549072265625,1.19598388671875,0
8898,1.114373,1.57257080078125,1.222686767578125,0
8899,1.114498,1.594696044921875,1.2493896484375,0
8900,1.114624,1.615142822265625,1.276092529296875,0
8901,1.114749,1.635284423828125,1.303863525390625,0
8902,1.114874,1.656494140625,1.33392333984375,0
8903,1.114999,1.6778564453125,1.365814208984375,0
8904,1.115125,1.697998046875,1.39739990234375,0
8905,1.11525,1.715850830078125,1.427764892578125,0
8906,1.115375,1.732635498046875,1.457977294921875,0
8907,1.1155,1.74957275390625,1.4892578125,0
8908,1.115626,1.767120361328125,1.521759033203125,0
8909,1.115751,1.783447265625,1.55364990234375,0
8910,1.115876,1.7974853515625,1.58355712890625,0
8911,1.116001,1.80938720703125,1.6119384765625,0
8912,1.116127,1.821136474609375,1.6400146484375,0
8913,1.116252,1.833038330078125,1.668548583984375,0
8914,1.116377,1.844329833984375,1.69647216796875,0
8915,1.116502,1.85333251953125,1.7218017578125,0
8916,1.116628,1.8597412109375,1.744232177734375,0
8917,1.116753,1.865081787109375,1.765289306640625,0
8918,1.116878,1.8707275390625,1.786041259765625,0
8919,1.117003,1.87591552734375,1.805877685546875,0
8920,1.117129,1.879119873046875,1.8231201171875,0
8921,1.117254,1.87957763671875,1.83685302734375,0
8922,1.117379,1.87835693359375,1.847991943359375,0
8923,1.117504,1.876983642578125,1.858062744140625,0
8924,1.11763,1.8756103515625,1.867218017578125,0
8925,1.117755,1.872711181640625,1.87408447265625,0
8926,1.11788,1.86737060546875,1.876983642578125,0
8927,1.118005,1.859588623046875,1.8768310546875,0
8928,1.118131,1.85150146484375,1.874847412109375,0
8929,1.118256,1.84356689453125,1.87225341796875,0
8930,1.118381,1.834869384765625,1.86767578125,0
8931,1.118506,1.82403564453125,1.8597412109375,0
8932,1.118632,1.81060791015625,1.84814453125,0
8933,1.118757,1.796417236328125,1.834716796875,0
8934,1.118882,1.78253173828125,1.820526123046875,0
8935,1.119007,1.768646240234375,1.805419921875,0
8936,1.119133,1.75323486328125,1.787567138671875,0
8937,1.119258,1.735382080078125,1.766510009765625,0
8938,1.119383,1.71630859375,1.743316650390625,0
8939,1.119508,1.697540283203125,1.719818115234375,0
8940,1.119634,1.679534912109375,1.6961669921875,0
8941,1.119759,1.6607666015625,1.671142578125,0
8942,1.119884,1.639862060546875,1.643524169921875,0
8943,1.120009,1.617584228515625,1.61407470703125,0
8944,1.120135,1.595611572265625,1.58447265625,0
8945,1.12026,1.57470703125,1.5557861328125,0
8946,1.120385,1.554107666015625,1.526947021484375,0
8947,1.12051,1.531982421875,1.496734619140625,0
8948,1.120636,1.508331298828125,1.46514892578125,0
8949,1.120761,1.484832763671875,1.4337158203125,0
8950,1.120886,1.462860107421875,1.40380859375,0
8951,1.121011,1.441802978515625,1.37542724609375,0
8952,1.121137,1.4202880859375,1.346893310546875,0
8953,1.121262,1.39739990234375,1.317596435546875,0
8954,1.121387,1.374359130859375,1.28875732421875,0
8955,1.121512,1.352996826171875,1.26220703125,0
8956,1.121638,1.33331298828125,1.23809814453125,0
8957,1.121763,1.313934326171875,1.215362548828125,0
8958,1.121888,1.293792724609375,1.192474365234375,0
8959,1.122013,1.273193359375,1.170501708984375,0
8960,1.122139,1.254119873046875,1.15081787109375,0
8961,1.122264,1.2371826171875,1.1346435546875,0
8962,1.122389,1.22161865234375,1.120758056640625,0
8963,1.122514,1.20574951171875,1.107940673828125,0
8964,1.12264,1.189422607421875,1.095733642578125,0
8965,1.122765,1.17431640625,1.08612060546875,0
8966,1.12289,1.161651611328125,1.08001708984375,0
8967,1.123015,1.150970458984375,1.0772705078125,0
8968,1.123141,1.1407470703125,1.076202392578125,0
8969,1.123266,1.13006591796875,1.075897216796875,0
8970,1.123391,1.12030029296875,1.077728271484375,0
8971,1.123516,1.112823486328125,1.082916259765625,0
8972,1.123642,1.1077880859375,1.091766357421875,0
8973,1.123767,1.1041259765625,1.102752685546875,0
8974,1.123892,1.10015869140625,1.114654541015625,0
8975,1.124017,1.09649658203125,1.127777099609375,0
8976,1.124143,1.094818115234375,1.143798828125,0
8977,1.124268,1.096038818359375,1.163330078125,0
8978,1.124393,1.09893798828125,1.185150146484375,0
8979,1.124518,1.102142333984375,1.207733154296875,0
8980,1.124644,1.105194091796875,1.23077392578125,0
8981,1.124769,1.109619140625,1.2554931640625,0
8982,1.124894,1.116943359375,1.28326416015625,0
8983,1.125019,1.12640380859375,1.31317138671875,0
8984,1.125145,1.136322021484375,1.34368896484375,0
8985,1.12527,1.14593505859375,1.37359619140625,0
8986,1.125395,1.15631103515625,1.40411376953125,0
8987,1.12552,1.16912841796875,1.436309814453125,0
8988,1.125646,1.184234619140625,1.470489501953125,0
8989,1.125771,1.20025634765625,1.50482177734375,0
8990,1.125896,1.2158203125,1.537933349609375,0
8991,1.126021,1.231536865234375,1.57012939453125,0
8992,1.126147,1.248779296875,1.602783203125,0
8993,1.126272,1.268463134765625,1.63665771484375,0
8994,1.126397,1.289215087890625,1.670379638671875,0
8995,1.126522,1.309661865234375,1.7022705078125,0
8996,1.126648,1.329498291015625,1.732025146484375,0
8997,1.126773,1.35009765625,1.760711669921875,0
8998,1.126898,1.3726806640625,1.78985595703125,0
8999,1.127023,1.396636962890625,1.81854248046875,0
9000,1.127149,1.4202880859375,1.844940185546875,0
9001,1.127274,1.44287109375,1.868438720703125,0
9002,1.127399,1.465301513671875,1.8896484375,0
9003,1.127524,1.48895263671875,1.91009521484375,0
9004,1.12765,1.514129638671875,1.929779052734375,0
9005,1.127775,1.539306640625,1.947479248046875,0
9006,1.1279,1.56280517578125,1.96136474609375,0
9007,1.128025,1.58538818359375,1.972198486328125,0
9008,1.128151,1.608428955078125,1.981353759765625,0
9009,1.128276,1.632843017578125,1.989593505859375,0
9010,1.128401,1.657257080078125,1.995849609375,0
9011,1.128526,1.680145263671875,1.99859619140625,0
9012,1.128652,1.701202392578125,1.997528076171875,0
9013,1.128777,1.7218017578125,1.994171142578125,0
9014,1.128902,1.743316650390625,1.98974609375,0
9015,1.129027,1.76513671875,1.98394775390625,0
9016,1.129153,1.785430908203125,1.97509765625,0
9017,1.129278,1.803436279296875,1.9622802734375,0
9018,1.129403,1.820220947265625,1.94671630859375,0
9019,1.129528,1.837158203125,1.93023681640625,0
9020,1.129654,1.854400634765625,1.912994384765625,0
9021,1.129779,1.870574951171875,1.893463134765625,0
9022,1.129904,1.8841552734375,1.8707275390625,0
9023,1.130029,1.895751953125,1.8450927734375,0
9024,1.130155,1.906890869140625,1.81854248046875,0
9025,1.13028,1.918182373046875,1.7919921875,0
9026,1.130405,1.928863525390625,1.7645263671875,0
9027,1.13053,1.93695068359375,1.734619140625,0
9028,1.130656,1.94244384765625,1.7022705078125,0
9029,1.130781,1.946868896484375,1.669158935546875,0
9030,1.130906,1.9512939453125,1.63665771484375,0
9031,1.131031,1.95526123046875,1.6046142578125,0
9032,1.131157,1.957244873046875,1.571502685546875,0
9033,1.131282,1.956329345703125,1.53656005859375,0
9034,1.131407,1.953582763671875,1.50115966796875,0
9035,1.131532,1.95068359375,1.46697998046875,0
9036,1.131658,1.947784423828125,1.434478759765625,0
9037,1.131783,1.943206787109375,1.40228271484375,0
9038,1.131908,1.93603515625,1.36932373046875,0
9039,1.132033,1.926422119140625,1.3360595703125,0
9040,1.132159,1.916351318359375,1.30462646484375,0
9041,1.132284,1.90643310546875,1.275787353515625,0
9042,1.132409,1.895599365234375,1.24847412109375,0
9043,1.132534,1.88262939453125,1.22161865234375,0
9044,1.13266,1.866912841796875,1.194915771484375,0
9045,1.132785,1.850433349609375,1.1700439453125,0
9046,1.13291,1.8341064453125,1.14837646484375,0
9047,1.133035,1.817779541015625,1.129608154296875,0
9048,1.133161,1.799774169921875,1.112060546875,0
9049,1.133286,1.779327392578125,1.095123291015625,0
9050,1.133411,1.75750732421875,1.079864501953125,0
9051,1.133536,1.73614501953125,1.068115234375,0
9052,1.133662,1.715240478515625,1.05987548828125,0
9053,1.133787,1.693572998046875,1.05377197265625,0
9054,1.133912,1.669921875,1.048583984375,0
9055,1.134037,1.64459228515625,1.044921875,0
9056,1.134163,1.61956787109375,1.044158935546875,0
9057,1.134288,1.595611572265625,1.04736328125,0
9058,1.134413,1.571807861328125,1.05316162109375,0
9059,1.134538,1.546630859375,1.060333251953125,0
9060,1.134664,1.519775390625,1.068267822265625,0
9061,1.134789,1.493072509765625,1.0784912109375,0
9062,1.134914,1.467742919921875,1.09222412109375,0
9063,1.13504,1.4434814453125,1.1090087890625,0
9064,1.135165,1.41845703125,1.12701416015625,0
9065,1.13529,1.392364501953125,1.14532470703125,0
9066,1.135415,1.365966796875,1.165008544921875,0
9067,1.13554,1.341094970703125,1.187286376953125,0
9068,1.135666,1.317901611328125,1.21246337890625,0
9069,1.135791,1.295166015625,1.23870849609375,0
9070,1.135916,1.271514892578125,1.264801025390625,0
9071,1.136041,1.24755859375,1.2908935546875,0
9072,1.136167,1.225128173828125,1.31866455078125,0
9073,1.136292,1.204833984375,1.34857177734375,0
9074,1.136417,1.185760498046875,1.37939453125,0
9075,1.136543,1.166534423828125,1.409454345703125,0
9076,1.136668,1.1468505859375,1.438446044921875,0
9077,1.136793,1.128387451171875,1.46759033203125,0
9078,1.136919,1.11236572265625,1.49810791015625,0
9079,1.137044,1.098480224609375,1.52923583984375,0
9080,1.137169,1.085052490234375,1.559295654296875,0
9081,1.137294,1.0711669921875,1.58721923828125,0
9082,1.137421,1.058197021484375,1.613922119140625,0
9083,1.137545,1.04766845703125,1.640777587890625,0
9084,1.13767,1.03973388671875,1.667938232421875,0
9085,1.137795,1.03302001953125,1.693878173828125,0
9086,1.137921,1.026153564453125,1.7169189453125,0
9087,1.138046,1.019744873046875,1.737518310546875,0
9088,1.138171,1.015472412109375,1.7572021484375,0
9089,1.138296,1.013946533203125,1.7767333984375,0
9090,1.138422,1.014404296875,1.794891357421875,0
9091,1.138547,1.015167236328125,1.80999755859375,0
9092,1.138672,1.015777587890625,1.8218994140625,0
9093,1.138797,1.01806640625,1.83197021484375,0
9094,1.138923,1.02325439453125,1.841278076171875,0
9095,1.139048,1.030731201171875,1.849365234375,0
9096,1.139173,1.038818359375,1.854705810546875,0
9097,1.139298,1.0467529296875,1.85638427734375,0
9098,1.139424,1.05560302734375,1.85546875,0
9099,1.139549,1.066741943359375,1.853485107421875,0
9100,1.139674,1.08062744140625,1.850738525390625,0
9101,1.139799,1.095428466796875,1.845550537109375,0
9102,1.139925,1.110076904296875,1.837005615234375,0
9103,1.14005,1.1248779296875,1.825408935546875,0
9104,1.140175,1.141357421875,1.812591552734375,0
9105,1.140303,1.160430908203125,1.799468994140625,0
9106,1.140426,1.180877685546875,1.784820556640625,0
9107,1.140551,1.201171875,1.767425537109375,0
9108,1.140677,1.220855712890625,1.74713134765625,0
9109,1.140802,1.241607666015625,1.7254638671875,0
9110,1.140927,1.26434326171875,1.70379638671875,0
9111,1.141052,1.288909912109375,1.68182373046875,0
9112,1.141178,1.31317138671875,1.658172607421875,0
9113,1.141303,1.336517333984375,1.632080078125,0
9114,1.141428,1.35986328125,1.6046142578125,0
9115,1.141553,1.384735107421875,1.5777587890625,0
9116,1.141679,1.411285400390625,1.551666259765625,0
9117,1.141804,1.437835693359375,1.5252685546875,0
9118,1.141929,1.463165283203125,1.497039794921875,0
9119,1.142054,1.487579345703125,1.468048095703125,0
9120,1.14218,1.51275634765625,1.439666748046875,0
9121,1.142305,1.539306640625,1.41326904296875,0
9122,1.14243,1.566162109375,1.387786865234375,0
9123,1.142555,1.59149169921875,1.3616943359375,0
9124,1.142681,1.61529541015625,1.33514404296875,0
9125,1.142806,1.638946533203125,1.30950927734375,0
9126,1.142931,1.66351318359375,1.28662109375,0
9127,1.143056,1.688385009765625,1.265716552734375,0
9128,1.143182,1.712188720703125,1.24542236328125,0
9129,1.143307,1.73370361328125,1.225128173828125,0
9130,1.143432,1.754150390625,1.2060546875,0
9131,1.143557,1.77490234375,1.189727783203125,0
9132,1.143683,1.796112060546875,1.176605224609375,0
9133,1.143808,1.816253662109375,1.1651611328125,0
9134,1.143933,1.8341064453125,1.1541748046875,0
9135,1.144058,1.8499755859375,1.144256591796875,0
9136,1.144184,1.86553955078125,1.1370849609375,0
9137,1.144309,1.88140869140625,1.133575439453125,0
9138,1.144434,1.896514892578125,1.132659912109375,0
9139,1.144559,1.90948486328125,1.132659912109375,0
9140,1.144685,1.919708251953125,1.133575439453125,0
9141,1.14481,1.92901611328125,1.13677978515625,0
9142,1.144935,1.938323974609375,1.14349365234375,0
9143,1.14506,1.94732666015625,1.153411865234375,0
9144,1.145186,1.954345703125,1.16455078125,0
9145,1.145311,1.958465576171875,1.176300048828125,0
9146,1.145436,1.960906982421875,1.1895751953125,0
9147,1.145561,1.963043212890625,1.20574951171875,0
9148,1.145687,1.96533203125,1.22528076171875,0
9149,1.145812,1.9659423828125,1.246185302734375,0
9150,1.145937,1.96380615234375,1.267242431640625,0
9151,1.146062,1.959381103515625,1.288909912109375,0
9152,1.146188,1.954345703125,1.312713623046875,0
9153,1.146313,1.949462890625,1.339263916015625,0
9154,1.146438,1.943817138671875,1.3671875,0
9155,1.146563,1.935577392578125,1.39495849609375,0
9156,1.146689,1.924896240234375,1.422271728515625,0
9157,1.146814,1.91314697265625,1.450347900390625,0
9158,1.146939,1.901702880859375,1.48040771484375,0
9159,1.147064,1.88995361328125,1.511688232421875,0
9160,1.14719,1.87652587890625,1.542510986328125,0
9161,1.147315,1.860504150390625,1.57196044921875,0
9162,1.14744,1.84295654296875,1.60064697265625,0
9163,1.147565,1.825714111328125,1.6302490234375,0
9164,1.147691,1.808929443359375,1.660614013671875,0
9165,1.147816,1.791229248046875,1.69036865234375,0
9166,1.147941,1.771087646484375,1.71783447265625,0
9167,1.148066,1.74957275390625,1.743316650390625,0
9168,1.148192,1.7279052734375,1.76849365234375,0
9169,1.148317,1.7071533203125,1.793975830078125,0
9170,1.148442,1.6864013671875,1.81854248046875,0
9171,1.148567,1.663970947265625,1.840362548828125,0
9172,1.148693,1.639862060546875,1.859283447265625,0
9173,1.148818,1.6156005859375,1.876678466796875,0
9174,1.148943,1.592559814453125,1.89361572265625,0
9175,1.149068,1.570281982421875,1.909637451171875,0
9176,1.149194,1.5472412109375,1.92291259765625,0
9177,1.149319,1.52252197265625,1.93267822265625,0
9178,1.149444,1.497650146484375,1.939849853515625,0
9179,1.149569,1.473846435546875,1.94610595703125,0
9180,1.149695,1.451568603515625,1.9512939453125,0
9181,1.14982,1.429595947265625,1.954193115234375,0
9182,1.149945,1.40625,1.95343017578125,0
9183,1.15007,1.382598876953125,1.949310302734375,0
9184,1.150196,1.360015869140625,1.943817138671875,0
9185,1.150321,1.33941650390625,1.937408447265625,0
9186,1.150446,1.319732666015625,1.9293212890625,0
9187,1.150571,1.29974365234375,1.917877197265625,0
9188,1.150697,1.27899169921875,1.903076171875,0
9189,1.150822,1.259307861328125,1.886444091796875,0
9190,1.150947,1.24176025390625,1.86920166015625,0
9191,1.151072,1.226043701171875,1.851043701171875,0
9192,1.151198,1.21063232421875,1.8304443359375,0
9193,1.151323,1.194610595703125,1.806640625,0
9194,1.151448,1.179046630859375,1.781005859375,0
9195,1.151573,1.165924072265625,1.754913330078125,0
9196,1.151699,1.154937744140625,1.728973388671875,0
9197,1.151824,1.145172119140625,1.701812744140625,0
9198,1.151949,1.13494873046875,1.67205810546875,0
9199,1.152074,1.125030517578125,1.640625,0
9200,1.1522,1.116943359375,1.609039306640625,0
9201,1.152325,1.111602783203125,1.578521728515625,0
9202,1.15245,1.107940673828125,1.54815673828125,0
9203,1.152575,1.104278564453125,1.516265869140625,0
9204,1.152701,1.1004638671875,1.483154296875,0
9205,1.152826,1.098175048828125,1.4501953125,0
9206,1.152951,1.098480224609375,1.418914794921875,0
9207,1.153076,1.10107421875,1.389007568359375,0
9208,1.153202,1.1041259765625,1.359100341796875,0
9209,1.153327,1.10687255859375,1.32843017578125,0
9210,1.153452,1.110382080078125,1.2982177734375,0
9211,1.153577,1.116180419921875,1.2701416015625,0
9212,1.153703,1.124420166015625,1.244659423828125,0
9213,1.153828,1.13372802734375,1.220245361328125,0
9214,1.153953,1.142730712890625,1.19598388671875,0
9215,1.154078,1.1517333984375,1.172332763671875,0
9216,1.154204,1.162567138671875,1.150970458984375,0
9217,1.154329,1.17584228515625,1.132965087890625,0
9218,1.154454,1.190338134765625,1.11724853515625,0
9219,1.154579,1.204681396484375,1.102294921875,0
9220,1.154705,1.21856689453125,1.08795166015625,0
9221,1.15483,1.233367919921875,1.0760498046875,0
9222,1.154955,1.250457763671875,1.067657470703125,0
9223,1.15508,1.269073486328125,1.06231689453125,0
9224,1.155206,1.28753662109375,1.058502197265625,0
9225,1.155331,1.305084228515625,1.055450439453125,0
9226,1.155456,1.322784423828125,1.0540771484375,0
9227,1.155581,1.3421630859375,1.05621337890625,0
9228,1.155707,1.363067626953125,1.061859130859375,0
9229,1.155832,1.38427734375,1.0693359375,0
9230,1.155957,1.404266357421875,1.077728271484375,0
9231,1.156082,1.42333984375,1.0870361328125,0
9232,1.156208,1.4434814453125,1.099090576171875,0
9233,1.156333,1.464996337890625,1.114654541015625,0
9234,1.156458,1.486968994140625,1.132354736328125,0
9235,1.156583,1.507720947265625,1.150665283203125,0
9236,1.156709,1.526947021484375,1.169281005859375,0
9237,1.156834,1.546173095703125,1.189727783203125,0
9238,1.156959,1.566619873046875,1.2127685546875,0
9239,1.157084,1.5875244140625,1.23809814453125,0
9240,1.15721,1.607513427734375,1.263885498046875,0
9241,1.157335,1.6253662109375,1.289215087890625,0
9242,1.15746,1.6424560546875,1.31500244140625,0
9243,1.157585,1.660003662109375,1.34246826171875,0
9244,1.157711,1.678314208984375,1.371917724609375,0
9245,1.157836,1.695709228515625,1.40167236328125,0
9246,1.157961,1.710968017578125,1.430206298828125,0
9247,1.158086,1.72454833984375,1.45782470703125,0
9248,1.158212,1.73797607421875,1.486053466796875,0
9249,1.158337,1.75201416015625,1.515655517578125,0
9250,1.158462,1.765594482421875,1.545257568359375,0
9251,1.158587,1.777191162109375,1.57318115234375,0
9252,1.158713,1.786346435546875,1.598968505859375,0
9253,1.158838,1.79473876953125,1.624298095703125,0
9254,1.158963,1.803436279296875,1.649932861328125,0
9255,1.159088,1.8121337890625,1.675567626953125,0
9256,1.159214,1.819000244140625,1.699066162109375,0
9257,1.159339,1.823272705078125,1.719970703125,0
9258,1.159464,1.826019287109375,1.7388916015625,0
9259,1.159589,1.828765869140625,1.757354736328125,0
9260,1.159715,1.831817626953125,1.7755126953125,0
9261,1.15984,1.83349609375,1.791839599609375,0
9262,1.159965,1.832733154296875,1.804962158203125,0
9263,1.16009,1.829833984375,1.815185546875,0
9264,1.160216,1.82647705078125,1.824188232421875,0
9265,1.160341,1.82373046875,1.832733154296875,0
9266,1.160466,1.820220947265625,1.839752197265625,0
9267,1.160591,1.814422607421875,1.843414306640625,0
9268,1.160717,1.80633544921875,1.8438720703125,0
9269,1.160842,1.7974853515625,1.842498779296875,0
9270,1.160967,1.7889404296875,1.84051513671875,0
9271,1.161092,1.7803955078125,1.83746337890625,0
9272,1.161218,1.77032470703125,1.8316650390625,0
9273,1.161343,1.757965087890625,1.822509765625,0
9274,1.161468,1.744232177734375,1.81121826171875,0
9275,1.161593,1.730804443359375,1.799163818359375,0
9276,1.161719,1.7181396484375,1.786651611328125,0
9277,1.161844,1.70440673828125,1.7724609375,0
9278,1.161969,1.6888427734375,1.755218505859375,0
9279,1.162094,1.671600341796875,1.735687255859375,0
9280,1.16222,1.654510498046875,1.715545654296875,0
9281,1.162345,1.63848876953125,1.695709228515625,0
9282,1.16247,1.622467041015625,1.675262451171875,0
9283,1.162595,1.604766845703125,1.652679443359375,0
9284,1.162721,1.585693359375,1.627960205078125,0
9285,1.162846,1.566314697265625,1.602630615234375,0
9286,1.162971,1.548309326171875,1.578369140625,0
9287,1.163096,1.53106689453125,1.5545654296875,0
9288,1.163222,1.513214111328125,1.52984619140625,0
9289,1.163347,1.493682861328125,1.50360107421875,0
9290,1.163472,1.473846435546875,1.476898193359375,0
9291,1.163597,1.45538330078125,1.45172119140625,0
9292,1.163723,1.43829345703125,1.428070068359375,0
9293,1.163848,1.421356201171875,1.404876708984375,0
9294,1.163973,1.403350830078125,1.38092041015625,0
9295,1.164098,1.38458251953125,1.356658935546875,0
9296,1.164224,1.3671875,1.334228515625,0
9297,1.164349,1.35162353515625,1.3140869140625,0
9298,1.164474,1.33697509765625,1.2957763671875,0
9299,1.164599,1.321868896484375,1.2774658203125,0
9300,1.164725,1.305999755859375,1.259307861328125,0
9301,1.16485,1.291046142578125,1.24267578125,0
9302,1.164975,1.278228759765625,1.229248046875,0
9303,1.1651,1.26708984375,1.21826171875,0
9304,1.165226,1.256103515625,1.208343505859375,0
9305,1.165351,1.244354248046875,1.19873046875,0
9306,1.165476,1.23321533203125,1.190643310546875,0
9307,1.165601,1.22406005859375,1.185455322265625,0
9308,1.165727,1.217193603515625,1.183624267578125,0
9309,1.165852,1.21124267578125,1.183624267578125,0
9310,1.165977,1.204833984375,1.18408203125,0
9311,1.166102,1.19842529296875,1.18560791015625,0
9312,1.166228,1.19384765625,1.189727783203125,0
9313,1.166353,1.19171142578125,1.19720458984375,0
9314,1.166478,1.19110107421875,1.207122802734375,0
9315,1.166603,1.19049072265625,1.217803955078125,0
9316,1.166729,1.1895751953125,1.228790283203125,0
9317,1.166854,1.18988037109375,1.241607666015625,0
9318,1.166979,1.192626953125,1.25762939453125,0
9319,1.167104,1.197357177734375,1.2762451171875,0
9320,1.16723,1.202545166015625,1.29547119140625,0
9321,1.167355,1.207122802734375,1.314544677734375,0
9322,1.16748,1.21246337890625,1.33453369140625,0
9323,1.167605,1.21978759765625,1.356964111328125,0
9324,1.167731,1.22955322265625,1.38153076171875,0
9325,1.167856,1.240081787109375,1.4068603515625,0
9326,1.167981,1.25,1.43157958984375,0
9327,1.168106,1.259918212890625,1.45599365234375,0
9328,1.168232,1.2713623046875,1.48162841796875,0
9329,1.168357,1.28509521484375,1.508941650390625,0
9330,1.168482,1.300048828125,1.537017822265625,0
9331,1.168607,1.31439208984375,1.563873291015625,0
9332,1.168733,1.328277587890625,1.58935546875,0
9333,1.168858,1.342926025390625,1.61468505859375,0
9334,1.168983,1.35955810546875,1.641082763671875,0
9335,1.169108,1.3775634765625,1.667938232421875,0
9336,1.169234,1.395416259765625,1.693267822265625,0
9337,1.169359,1.412200927734375,1.71630859375,0
9338,1.169484,1.4288330078125,1.73797607421875,0
9339,1.169609,1.44683837890625,1.759796142578125,0
9340,1.169735,1.466522216796875,1.7816162109375,0
9341,1.16986,1.4862060546875,1.801910400390625,0
9342,1.169985,1.504669189453125,1.819305419921875,0
9343,1.17011,1.522064208984375,1.834259033203125,0
9344,1.170236,1.54022216796875,1.848297119140625,0
9345,1.170361,1.55975341796875,1.862030029296875,0
9346,1.170486,1.57958984375,1.874542236328125,0
9347,1.170611,1.59820556640625,1.88385009765625,0
9348,1.170737,1.615142822265625,1.88995361328125,0
9349,1.170862,1.631927490234375,1.89422607421875,0
9350,1.170987,1.649627685546875,1.898040771484375,0
9351,1.171112,1.6680908203125,1.900634765625,0
9352,1.171238,1.6851806640625,1.900482177734375,0
9353,1.171363,1.700286865234375,1.89666748046875,0
9354,1.171488,1.714324951171875,1.89056396484375,0
9355,1.171613,1.728973388671875,1.883544921875,0
9356,1.171739,1.744232177734375,1.875762939453125,0
9357,1.171864,1.758575439453125,1.865997314453125,0
9358,1.171989,1.7706298828125,1.85272216796875,0
9359,1.172114,1.781005859375,1.836700439453125,0
9360,1.17224,1.79107666015625,1.81976318359375,0
9361,1.172365,1.801910400390625,1.8023681640625,0
9362,1.17249,1.8121337890625,1.7840576171875,0
9363,1.172615,1.820220947265625,1.762847900390625,0
9364,1.172741,1.826019287109375,1.739044189453125,0
9365,1.172866,1.830902099609375,1.714019775390625,0
9366,1.172991,1.83624267578125,1.689300537109375,0
9367,1.173116,1.8414306640625,1.664581298828125,0
9368,1.173242,1.84478759765625,1.63818359375,0
9369,1.173367,1.845550537109375,1.6094970703125,0
9370,1.173492,1.84478759765625,1.579742431640625,0
9371,1.173617,1.84417724609375,1.550750732421875,0
9372,1.173743,1.843719482421875,1.522674560546875,0
9373,1.173868,1.842041015625,1.494140625,0
9374,1.173993,1.8377685546875,1.464385986328125,0
9375,1.174118,1.831512451171875,1.433563232421875,0
9376,1.174244,1.824798583984375,1.40380859375,0
9377,1.174369,1.81854248046875,1.37603759765625,0
9378,1.174494,1.811676025390625,1.34918212890625,0
9379,1.174619,1.80267333984375,1.321868896484375,0
9380,1.174745,1.7913818359375,1.294097900390625,0
9381,1.17487,1.7791748046875,1.26739501953125,0
9382,1.174995,1.767578125,1.2432861328125,0
9383,1.17512,1.7559814453125,1.221466064453125,0
9384,1.175246,1.74285888671875,1.200103759765625,0
9385,1.175371,1.727447509765625,1.17889404296875,0
9386,1.175496,1.710662841796875,1.158599853515625,0
9387,1.175621,1.694488525390625,1.141204833984375,0
9388,1.175747,1.67877197265625,1.12701416015625,0
9389,1.175872,1.662445068359375,1.114349365234375,0
9390,1.175997,1.644134521484375,1.102142333984375,0
9391,1.176122,1.6241455078125,1.09100341796875,0
9392,1.176248,1.6046142578125,1.082611083984375,0
9393,1.176373,1.58599853515625,1.07757568359375,0
9394,1.176498,1.567535400390625,1.07513427734375,0
9395,1.176623,1.54754638671875,1.0736083984375,0
9396,1.176749,1.52618408203125,1.07269287109375,0
9397,1.176874,1.504669189453125,1.07421875,0
9398,1.176999,1.484527587890625,1.078948974609375,0
9399,1.177124,1.465301513671875,1.086883544921875,0
9400,1.17725,1.4453125,1.096038818359375,0
9401,1.177375,1.4239501953125,1.105499267578125,0
9402,1.1775,1.40228271484375,1.116485595703125,0
9403,1.177625,1.38214111328125,1.130523681640625,0
9404,1.177751,1.363372802734375,1.1474609375,0
9405,1.177876,1.34490966796875,1.165924072265625,0
9406,1.178001,1.32537841796875,1.18438720703125,0
9407,1.178126,1.305389404296875,1.203460693359375,0
9408,1.178252,1.28662109375,1.224517822265625,0
9409,1.178377,1.26983642578125,1.248321533203125,0
9410,1.178502,1.2542724609375,1.273651123046875,0
9411,1.178627,1.23809814453125,1.298675537109375,0
9412,1.178753,1.2213134765625,1.3232421875,0
9413,1.178878,1.2054443359375,1.348724365234375,0
9414,1.179003,1.191864013671875,1.37603759765625,0
9415,1.179128,1.18011474609375,1.40472412109375,0
9416,1.179254,1.168670654296875,1.432952880859375,0
9417,1.179379,1.1566162109375,1.459808349609375,0
9418,1.179504,1.14501953125,1.4862060546875,0
9419,1.179629,1.135711669921875,1.513671875,0
9420,1.179755,1.128692626953125,1.54205322265625,0
9421,1.17988,1.122589111328125,1.569671630859375,0
9422,1.180005,1.1163330078125,1.595458984375,0
9423,1.18013,1.110076904296875,1.619415283203125,0
9424,1.180256,1.10565185546875,1.643218994140625,0
9425,1.180381,1.103973388671875,1.667633056640625,0
9426,1.180506,1.10382080078125,1.6912841796875,0
9427,1.180631,1.103668212890625,1.712493896484375,0
9428,1.180757,1.103363037109375,1.731109619140625,0
9429,1.180882,1.10443115234375,1.74835205078125,0
9430,1.181007,1.10809326171875,1.765594482421875,0
9431,1.181132,1.1138916015625,1.7822265625,0
9432,1.181258,1.1199951171875,1.796417236328125,0
9433,1.181383,1.125946044921875,1.807403564453125,0
9434,1.181508,1.132354736328125,1.81610107421875,0
9435,1.181633,1.141204833984375,1.824188232421875,0
9436,1.181759,1.15234375,1.8316650390625,0
9437,1.181884,1.164398193359375,1.837158203125,0
9438,1.182009,1.175994873046875,1.83929443359375,0
9439,1.182134,1.187744140625,1.838531494140625,0
9440,1.18226,1.201019287109375,1.836700439453125,0
9441,1.182385,1.21673583984375,1.83441162109375,0
9442,1.18251,1.233673095703125,1.83074951171875,0
9443,1.182635,1.25030517578125,1.82403564453125,0
9444,1.182761,1.266326904296875,1.81427001953125,0
9445,1.182886,1.28326416015625,1.802978515625,0
9446,1.183011,1.302337646484375,1.791534423828125,0
9447,1.183136,1.32293701171875,1.77947998046875,0
9448,1.183262,1.3433837890625,1.765289306640625,0
9449,1.183387,1.362762451171875,1.748199462890625,0
9450,1.183512,1.38214111328125,1.729278564453125,0
9451,1.183637,1.4031982421875,1.71051025390625,0
9452,1.183763,1.42578125,1.69189453125,0
9453,1.183888,1.448516845703125,1.67236328125,0
9454,1.184013,1.469879150390625,1.650390625,0
9455,1.184138,1.490478515625,1.62689208984375,0
9456,1.184264,1.5118408203125,1.603546142578125,0
9457,1.184389,1.53472900390625,1.581268310546875,0
9458,1.184514,1.55792236328125,1.55914306640625,0
9459,1.184639,1.57989501953125,1.53564453125,0
9460,1.184765,1.600341796875,1.51092529296875,0
9461,1.18489,1.620635986328125,1.486358642578125,0
9462,1.185015,1.641998291015625,1.463623046875,0
9463,1.18514,1.663970947265625,1.4422607421875,0
9464,1.185266,1.684722900390625,1.42059326171875,0
9465,1.185391,1.7034912109375,1.398162841796875,0
9466,1.185516,1.721343994140625,1.37603759765625,0
9467,1.185641,1.739654541015625,1.356048583984375,0
9468,1.185767,1.758575439453125,1.338348388671875,0
9469,1.185892,1.7767333984375,1.321563720703125,0
9470,1.186017,1.7926025390625,1.30462646484375,0
9471,1.186142,1.806640625,1.287994384765625,0
9472,1.186268,1.8206787109375,1.273651123046875,0
9473,1.186393,1.835174560546875,1.262054443359375,0
9474,1.186518,1.84906005859375,1.252593994140625,0
9475,1.186643,1.8609619140625,1.24359130859375,0
9476,1.186769,1.87042236328125,1.234893798828125,0
9477,1.186894,1.87896728515625,1.228179931640625,0
9478,1.187019,1.887969970703125,1.224517822265625,0
9479,1.187144,1.89666748046875,1.223602294921875,0
9480,1.18727,1.9036865234375,1.2237548828125,0
9481,1.187395,1.907958984375,1.22406005859375,0
9482,1.18752,1.91070556640625,1.22589111328125,0
9483,1.187645,1.913299560546875,1.230621337890625,0
9484,1.187771,1.91619873046875,1.238250732421875,0
9485,1.187896,1.917572021484375,1.24755859375,0
9486,1.188021,1.91650390625,1.25701904296875,0
9487,1.188146,1.913299560546875,1.267242431640625,0
9488,1.188272,1.90948486328125,1.27960205078125,0
9489,1.188397,1.9061279296875,1.29486083984375,0
9490,1.188522,1.902008056640625,1.31195068359375,0
9491,1.188647,1.895599365234375,1.329193115234375,0
9492,1.188773,1.886749267578125,1.346282958984375,0
9493,1.188898,1.8768310546875,1.364593505859375,0
9494,1.189023,1.867523193359375,1.38519287109375,0
9495,1.189148,1.85791015625,1.40777587890625,0
9496,1.189274,1.846771240234375,1.430206298828125,0
9497,1.189399,1.833038330078125,1.451873779296875,0
9498,1.189524,1.81793212890625,1.473541259765625,0
9499,1.189649,1.803131103515625,1.496734619140625,0
9500,1.189775,1.7889404296875,1.521453857421875,0
9501,1.1899,1.773681640625,1.5460205078125,0
9502,1.190025,1.756134033203125,1.5692138671875,0
9503,1.19015,1.737060546875,1.5911865234375,0
9504,1.190276,1.7181396484375,1.61346435546875,0
9505,1.190401,1.699981689453125,1.636962890625,0
9506,1.190526,1.68182373046875,1.66015625,0
9507,1.190651,1.661834716796875,1.6815185546875,0
9508,1.190777,1.64031982421875,1.70074462890625,0
9509,1.190902,1.618499755859375,1.71905517578125,0
9510,1.191027,1.597900390625,1.737823486328125,0
9511,1.191152,1.577911376953125,1.756439208984375,0
9512,1.191278,1.557159423828125,1.772918701171875,0
9513,1.191403,1.53472900390625,1.7864990234375,0
9514,1.191528,1.5118408203125,1.798248291015625,0
9515,1.191653,1.490020751953125,1.8096923828125,0
9516,1.191779,1.4697265625,1.8206787109375,0
9517,1.191904,1.449432373046875,1.829986572265625,0
9518,1.192029,1.42791748046875,1.836090087890625,0
9519,1.192154,1.4056396484375,1.839447021484375,0
9520,1.19228,1.384429931640625,1.841583251953125,0
9521,1.192405,1.36505126953125,1.84356689453125,0
9522,1.19253,1.346588134765625,1.844024658203125,0
9523,1.192655,1.3275146484375,1.8414306640625,0
9524,1.192781,1.30767822265625,1.835784912109375,0
9525,1.192906,1.288604736328125,1.828460693359375,0
9526,1.193031,1.271514892578125,1.8206787109375,0
9527,1.193156,1.256256103515625,1.811981201171875,0
9528,1.193282,1.2408447265625,1.800994873046875,0
9529,1.193407,1.2249755859375,1.78680419921875,0
9530,1.193532,1.20941162109375,1.7706298828125,0
9531,1.193657,1.195831298828125,1.753997802734375,0
9532,1.193783,1.184539794921875,1.737213134765625,0
9533,1.193908,1.17401123046875,1.71905517578125,0
9534,1.194033,1.16302490234375,1.697998046875,0
9535,1.194158,1.152191162109375,1.674957275390625,0
9536,1.194284,1.143035888671875,1.651611328125,0
9537,1.194409,1.136474609375,1.62872314453125,0
9538,1.194534,1.131439208984375,1.605377197265625,0
9539,1.194659,1.126251220703125,1.5802001953125,0
9540,1.194785,1.12091064453125,1.553192138671875,0
9541,1.19491,1.116790771484375,1.526031494140625,0
9542,1.195035,1.115264892578125,1.499786376953125,0
9543,1.19516,1.115875244140625,1.474456787109375,0
9544,1.195286,1.116790771484375,1.4483642578125,0
9545,1.195411,1.11724853515625,1.4208984375,0
9546,1.195536,1.118621826171875,1.393280029296875,0
9547,1.195661,1.121978759765625,1.367034912109375,0
9548,1.195787,1.1279296875,1.3427734375,0
9549,1.195912,1.1346435546875,1.319122314453125,0
9550,1.196037,1.14105224609375,1.294708251953125,0
9551,1.196162,1.147613525390625,1.2701416015625,0
9552,1.196288,1.15570068359375,1.247406005859375,0
9553,1.196413,1.1663818359375,1.2274169921875,0
9554,1.196538,1.17828369140625,1.208953857421875,0
9555,1.196663,1.190032958984375,1.1907958984375,0
9556,1.196789,1.201171875,1.172637939453125,0
9557,1.196914,1.21337890625,1.15631103515625,0
9558,1.197039,1.227874755859375,1.14288330078125,0
9559,1.197164,1.243896484375,1.1322021484375,0
9560,1.19729,1.259918212890625,1.122589111328125,0
9561,1.197415,1.2750244140625,1.113128662109375,0
9562,1.19754,1.290435791015625,1.105194091796875,0
9563,1.197665,1.307373046875,1.100311279296875,0
9564,1.197791,1.326141357421875,1.0986328125,0
9565,1.197916,1.34521484375,1.0986328125,0
9566,1.198041,1.363067626953125,1.0992431640625,0
9567,1.198166,1.380462646484375,1.10076904296875,0
9568,1.198292,1.398773193359375,1.104888916015625,0
9569,1.198417,1.418609619140625,1.11236572265625,0
9570,1.198543,1.439208984375,1.12213134765625,0
9571,1.198668,1.458587646484375,1.13250732421875,0
9572,1.198793,1.47674560546875,1.143341064453125,0
9573,1.198919,1.494903564453125,1.156005859375,0
9574,1.199044,1.514434814453125,1.17156982421875,0
9575,1.199169,1.53472900390625,1.189727783203125,0
9576,1.199294,1.554107666015625,1.208648681640625,0
9577,1.199421,1.571807861328125,1.227264404296875,0
9578,1.199545,1.588592529296875,1.246795654296875,0
9579,1.199671,1.60614013671875,1.26861572265625,0
9580,1.199796,1.624755859375,1.292724609375,0
9581,1.199921,1.642608642578125,1.317596435546875,0
9582,1.200046,1.658477783203125,1.34185791015625,0
9583,1.200172,1.672821044921875,1.36566162109375,0
9584,1.200297,1.68731689453125,1.390838623046875,0
9585,1.200422,1.70257568359375,1.417694091796875,0
9586,1.200547,1.717529296875,1.4453125,0
9587,1.200673,1.730499267578125,1.472015380859375,0
9588,1.200798,1.741485595703125,1.4971923828125,0
9589,1.200923,1.751708984375,1.522369384765625,0
9590,1.201048,1.7626953125,1.54876708984375,0
9591,1.201174,1.773529052734375,1.57562255859375,0
9592,1.201299,1.7828369140625,1.60125732421875,0
9593,1.201424,1.789703369140625,1.624755859375,0
9594,1.201549,1.795196533203125,1.646881103515625,0
9595,1.201675,1.800994873046875,1.6693115234375,0
9596,1.2018,1.80694580078125,1.692047119140625,0
9597,1.201925,1.81182861328125,1.713409423828125,0
9598,1.20205,1.814422607421875,1.732177734375,0
9599,1.202176,1.81488037109375,1.7486572265625,0
9600,1.202301,1.815185546875,1.764373779296875,0
9601,1.202426,1.815948486328125,1.78009033203125,0
9602,1.202551,1.81610107421875,1.79473876953125,0
9603,1.202677,1.814117431640625,1.806640625,0
9604,1.202802,1.809844970703125,1.81549072265625,0
9605,1.202927,1.8048095703125,1.822662353515625,0
9606,1.203052,1.80023193359375,1.82952880859375,0
9607,1.203178,1.795654296875,1.83563232421875,0
9608,1.203303,1.78955078125,1.83929443359375,0
9609,1.203428,1.781005859375,1.839599609375,0
9610,1.203553,1.771240234375,1.8377685546875,0
9611,1.203679,1.76177978515625,1.835174560546875,0
9612,1.203804,1.7529296875,1.832275390625,0
9613,1.203929,1.7431640625,1.827545166015625,0
9614,1.204054,1.73126220703125,1.819610595703125,0
9615,1.20418,1.71783447265625,1.80908203125,0
9616,1.204305,1.70440673828125,1.79779052734375,0
9617,1.20443,1.69189453125,1.7864990234375,0
9618,1.204555,1.679229736328125,1.774139404296875,0
9619,1.204681,1.6650390625,1.75933837890625,0
9620,1.204806,1.649017333984375,1.742095947265625,0
9621,1.204931,1.632843017578125,1.723785400390625,0
9622,1.205056,1.61773681640625,1.705780029296875,0
9623,1.205182,1.603240966796875,1.68792724609375,0
9624,1.205307,1.58782958984375,1.66839599609375,0
9625,1.205432,1.570892333984375,1.646881103515625,0
9626,1.205557,1.553192138671875,1.6241455078125,0
9627,1.205683,1.536712646484375,1.602325439453125,0
9628,1.205808,1.521453857421875,1.5814208984375,0
9629,1.205933,1.506195068359375,1.56005859375,0
9630,1.206058,1.48956298828125,1.537322998046875,0
9631,1.206184,1.472015380859375,1.513671875,0
9632,1.206309,1.455535888671875,1.490936279296875,0
9633,1.206434,1.44073486328125,1.469879150390625,0
9634,1.206559,1.42669677734375,1.44989013671875,0
9635,1.206685,1.4117431640625,1.42913818359375,0
9636,1.20681,1.3958740234375,1.40777587890625,0
9637,1.206935,1.380615234375,1.3873291015625,0
9638,1.20706,1.367340087890625,1.369171142578125,0
9639,1.207186,1.355438232421875,1.352996826171875,0
9640,1.207311,1.343536376953125,1.3372802734375,0
9641,1.207436,1.330718994140625,1.32110595703125,0
9642,1.207561,1.31805419921875,1.30584716796875,0
9643,1.207687,1.307220458984375,1.29302978515625,0
9644,1.207812,1.29852294921875,1.282958984375,0
9645,1.207937,1.290283203125,1.274261474609375,0
9646,1.208062,1.28143310546875,1.26556396484375,0
9647,1.208188,1.272430419921875,1.25762939453125,0
9648,1.208313,1.26495361328125,1.2518310546875,0
9649,1.208438,1.259918212890625,1.24908447265625,0
9650,1.208563,1.256103515625,1.248626708984375,0
9651,1.208689,1.251983642578125,1.24847412109375,0
9652,1.208814,1.247406005859375,1.248626708984375,0
9653,1.208939,1.243896484375,1.2506103515625,0
9654,1.209064,1.24267578125,1.255645751953125,0
9655,1.20919,1.2432861328125,1.263275146484375,0
9656,1.209315,1.244049072265625,1.271514892578125,0
9657,1.20944,1.244354248046875,1.2799072265625,0
9658,1.209565,1.2451171875,1.289215087890625,0
9659,1.209691,1.247711181640625,1.301116943359375,0
9660,1.209816,1.25274658203125,1.31561279296875,0
9661,1.209941,1.25823974609375,1.3311767578125,0
9662,1.210066,1.263275146484375,1.346282958984375,0
9663,1.210192,1.268157958984375,1.3616943359375,0
9664,1.210317,1.274566650390625,1.378631591796875,0
9665,1.210442,1.28326416015625,1.397857666015625,0
9666,1.210567,1.29302978515625,1.41815185546875,0
9667,1.210693,1.302337646484375,1.43798828125,0
9668,1.210818,1.31103515625,1.457061767578125,0
9669,1.210943,1.32049560546875,1.476593017578125,0
9670,1.211068,1.33209228515625,1.497802734375,0
9671,1.211194,1.345062255859375,1.52008056640625,0
9672,1.211319,1.357879638671875,1.541595458984375,0
9673,1.211444,1.369781494140625,1.56158447265625,0
9674,1.211569,1.381683349609375,1.580963134765625,0
9675,1.211695,1.39495849609375,1.6009521484375,0
9676,1.21182,1.410064697265625,1.621856689453125,0
9677,1.211945,1.425323486328125,1.641998291015625,0
9678,1.21207,1.439208984375,1.660003662109375,0
9679,1.212196,1.452484130859375,1.67633056640625,0
9680,1.212321,1.4666748046875,1.69219970703125,0
9681,1.212446,1.482391357421875,1.70867919921875,0
9682,1.212571,1.498565673828125,1.72454833984375,0
9683,1.212697,1.513671875,1.737823486328125,0
9684,1.212822,1.527252197265625,1.7486572265625,0
9685,1.212947,1.540985107421875,1.75811767578125,0
9686,1.213072,1.555938720703125,1.767730712890625,0
9687,1.213198,1.5716552734375,1.7767333984375,0
9688,1.213323,1.586456298828125,1.783447265625,0
9689,1.213448,1.59942626953125,1.787109375,0
9690,1.213573,1.61163330078125,1.78863525390625,0
9691,1.213699,1.624603271484375,1.789703369140625,0
9692,1.213824,1.63848876953125,1.79046630859375,0
9693,1.213949,1.651763916015625,1.789398193359375,0
9694,1.214074,1.663055419921875,1.785125732421875,0
9695,1.2142,1.672821044921875,1.778411865234375,0
9696,1.214325,1.682586669921875,1.7706298828125,0
9697,1.21445,1.69342041015625,1.762847900390625,0
9698,1.214575,1.70379638671875,1.75384521484375,0
9699,1.214701,1.712493896484375,1.74224853515625,0
9700,1.214826,1.71905517578125,1.727752685546875,0
9701,1.214951,1.725006103515625,1.712188720703125,0
9702,1.215076,1.731719970703125,1.696624755859375,0
9703,1.215202,1.738433837890625,1.680755615234375,0
9704,1.215327,1.7437744140625,1.66290283203125,0
9705,1.215452,1.746673583984375,1.642608642578125,0
9706,1.215577,1.748199462890625,1.620941162109375,0
9707,1.215703,1.75018310546875,1.599578857421875,0
9708,1.215828,1.75262451171875,1.578826904296875,0
9709,1.215953,1.753997802734375,1.557159423828125,0
9710,1.216078,1.7529296875,1.533660888671875,0
9711,1.216204,1.75018310546875,1.5087890625,0
9712,1.216329,1.747283935546875,1.484222412109375,0
9713,1.216454,1.744842529296875,1.461181640625,0
9714,1.216579,1.742095947265625,1.438446044921875,0
9715,1.216705,1.73736572265625,1.414642333984375,0
9716,1.21683,1.730499267578125,1.3897705078125,0
9717,1.216955,1.722869873046875,1.365509033203125,0
9718,1.21708,1.715850830078125,1.34307861328125,0
9719,1.217206,1.709136962890625,1.322174072265625,0
9720,1.217331,1.700897216796875,1.30126953125,0
9721,1.217456,1.69036865234375,1.279754638671875,0
9722,1.217581,1.67877197265625,1.25885009765625,0
9723,1.217707,1.66778564453125,1.23992919921875,0
9724,1.217832,1.65740966796875,1.223602294921875,0
9725,1.217957,1.646270751953125,1.208343505859375,0
9726,1.218082,1.633148193359375,1.193084716796875,0
9727,1.218208,1.618499755859375,1.17828369140625,0
9728,1.218333,1.60430908203125,1.165618896484375,0
9729,1.218458,1.591033935546875,1.156005859375,0
9730,1.218583,1.5777587890625,1.14837646484375,0
9731,1.218709,1.5631103515625,1.141357421875,0
9732,1.218834,1.546783447265625,1.1346435546875,0
9733,1.218959,1.53045654296875,1.1297607421875,0
9734,1.219084,1.51519775390625,1.12823486328125,0
9735,1.21921,1.5008544921875,1.129302978515625,0
9736,1.219335,1.485748291015625,1.131439208984375,0
9737,1.21946,1.4691162109375,1.134033203125,0
9738,1.219585,1.4520263671875,1.1376953125,0
9739,1.219711,1.436309814453125,1.1444091796875,0
9740,1.219836,1.42181396484375,1.1541748046875,0
9741,1.219961,1.407470703125,1.165313720703125,0
9742,1.220086,1.39190673828125,1.1767578125,0
9743,1.220212,1.375579833984375,1.188812255859375,0
9744,1.220337,1.360321044921875,1.2030029296875,0
9745,1.220462,1.346893310546875,1.2200927734375,0
9746,1.220587,1.334381103515625,1.238861083984375,0
9747,1.220713,1.32110595703125,1.257781982421875,0
9748,1.220838,1.30706787109375,1.27655029296875,0
9749,1.220963,1.293792724609375,1.296539306640625,0
9750,1.221088,1.282501220703125,1.318817138671875,0
9751,1.221214,1.272735595703125,1.342926025390625,0
9752,1.221339,1.2628173828125,1.367034912109375,0
9753,1.221464,1.252288818359375,1.390228271484375,0
9754,1.221589,1.2420654296875,1.41357421875,0
9755,1.221715,1.233673095703125,1.43829345703125,0
9756,1.22184,1.2274169921875,1.46453857421875,0
9757,1.221965,1.221923828125,1.49078369140625,0
9758,1.22209,1.215667724609375,1.515655517578125,0
9759,1.222216,1.20941162109375,1.539306640625,0
9760,1.222341,1.204833984375,1.56341552734375,0
9761,1.222466,1.202545166015625,1.588592529296875,0
9762,1.222591,1.201629638671875,1.613616943359375,0
9763,1.222717,1.2005615234375,1.636962890625,0
9764,1.222842,1.19903564453125,1.658172607421875,0
9765,1.222967,1.198577880859375,1.678619384765625,0
9766,1.223092,1.2005615234375,1.69952392578125,0
9767,1.223218,1.204376220703125,1.720428466796875,0
9768,1.223343,1.20849609375,1.739349365234375,0
9769,1.223468,1.212005615234375,1.755523681640625,0
9770,1.223593,1.215972900390625,1.769866943359375,0
9771,1.223719,1.222076416015625,1.7840576171875,0
9772,1.223844,1.230316162109375,1.797943115234375,0
9773,1.223969,1.23931884765625,1.810302734375,0
9774,1.224094,1.247711181640625,1.819610595703125,0
9775,1.22422,1.255950927734375,1.826171875,0
9776,1.224345,1.265716552734375,1.83197021484375,0
9777,1.22447,1.27777099609375,1.83746337890625,0
9778,1.224595,1.2908935546875,1.84173583984375,0
9779,1.224721,1.3037109375,1.843109130859375,0
9780,1.224846,1.315765380859375,1.8414306640625,0
9781,1.224971,1.3287353515625,1.838226318359375,0
9782,1.225096,1.343536376953125,1.834869384765625,0
9783,1.225222,1.360015869140625,1.83074951171875,0
9784,1.225347,1.376190185546875,1.8243408203125,0
9785,1.225472,1.39129638671875,1.814727783203125,0
9786,1.225597,1.40655517578125,1.803436279296875,0
9787,1.225723,1.423187255859375,1.79168701171875,0
9788,1.225848,1.44134521484375,1.779937744140625,0
9789,1.225973,1.459808349609375,1.766815185546875,0
9790,1.226098,1.47705078125,1.750946044921875,0
9791,1.226224,1.493377685546875,1.73309326171875,0
9792,1.226349,1.5106201171875,1.71478271484375,0
9793,1.226474,1.52923583984375,1.697235107421875,0
9794,1.226599,1.5484619140625,1.679229736328125,0
9795,1.226725,1.566314697265625,1.659393310546875,0
9796,1.22685,1.58294677734375,1.6375732421875,0
9797,1.226975,1.59942626953125,1.615447998046875,0
9798,1.2271,1.61712646484375,1.594390869140625,0
9799,1.227226,1.63543701171875,1.5740966796875,0
9800,1.227351,1.65283203125,1.55303955078125,0
9801,1.227476,1.668243408203125,1.53045654296875,0
9802,1.227601,1.682891845703125,1.507415771484375,0
9803,1.227727,1.698150634765625,1.48590087890625,0
9804,1.227852,1.714324951171875,1.466064453125,0
9805,1.227977,1.729736328125,1.446533203125,0
9806,1.228102,1.743011474609375,1.426239013671875,0
9807,1.228228,1.7547607421875,1.405487060546875,0
9808,1.228353,1.766510009765625,1.38641357421875,0
9809,1.228478,1.779022216796875,1.36962890625,0
9810,1.228603,1.791229248046875,1.3543701171875,0
9811,1.228729,1.80145263671875,1.338958740234375,0
9812,1.228854,1.809539794921875,1.3232421875,0
9813,1.228979,1.816864013671875,1.309051513671875,0
9814,1.229104,1.82464599609375,1.297607421875,0
9815,1.22923,1.83258056640625,1.2884521484375,0
9816,1.229355,1.838836669921875,1.2799072265625,0
9817,1.22948,1.8426513671875,1.271514892578125,0
9818,1.229606,1.8450927734375,1.2640380859375,0
9819,1.229731,1.847686767578125,1.2591552734375,0
9820,1.229856,1.850433349609375,1.257171630859375,0
9821,1.229981,1.852264404296875,1.2567138671875,0
9822,1.230107,1.85150146484375,1.256256103515625,0
9823,1.230232,1.848907470703125,1.25640869140625,0
9824,1.230357,1.84600830078125,1.258697509765625,0
9825,1.230482,1.843414306640625,1.2640380859375,0
9826,1.230608,1.840362548828125,1.2713623046875,0
9827,1.230733,1.8353271484375,1.278839111328125,0
9828,1.230858,1.827850341796875,1.28631591796875,0
9829,1.230983,1.8194580078125,1.295318603515625,0
9830,1.231109,1.811676025390625,1.30706787109375,0
9831,1.231234,1.804046630859375,1.32080078125,0
9832,1.231359,1.79473876953125,1.334991455078125,0
9833,1.231484,1.782989501953125,1.348724365234375,0
9834,1.23161,1.77001953125,1.3629150390625,0
9835,1.231735,1.75750732421875,1.37908935546875,0
9836,1.23186,1.745452880859375,1.39739990234375,0
9837,1.231985,1.73248291015625,1.416015625,0
9838,1.232111,1.717529296875,1.433868408203125,0
9839,1.232236,1.700897216796875,1.45111083984375,0
9840,1.232361,1.684417724609375,1.46942138671875,0
9841,1.232486,1.668853759765625,1.4892578125,0
9842,1.232612,1.653289794921875,1.50970458984375,0
9843,1.232737,1.63604736328125,1.5289306640625,0
9844,1.232862,1.616973876953125,1.546630859375,0
9845,1.232987,1.597900390625,1.5643310546875,0
9846,1.233113,1.579742431640625,1.58294677734375,0
9847,1.233238,1.5625,1.602020263671875,0
9848,1.233363,1.544189453125,1.619873046875,0
9849,1.233488,1.52435302734375,1.63543701171875,0
9850,1.233614,1.50390625,1.6497802734375,0
9851,1.233739,1.484527587890625,1.6644287109375,0
9852,1.233864,1.4666748046875,1.67938232421875,0
9853,1.233989,1.44866943359375,1.693115234375,0
9854,1.234115,1.429290771484375,1.704254150390625,0
9855,1.23424,1.4093017578125,1.713104248046875,0
9856,1.234365,1.39007568359375,1.72149658203125,0
9857,1.23449,1.372833251953125,1.73004150390625,0
9858,1.234616,1.356201171875,1.737518310546875,0
9859,1.234741,1.338958740234375,1.7425537109375,0
9860,1.234866,1.320648193359375,1.74468994140625,0
9861,1.234991,1.303253173828125,1.745452880859375,0
9862,1.235117,1.287689208984375,1.746063232421875,0
9863,1.235242,1.273651123046875,1.7462158203125,0
9864,1.235367,1.25946044921875,1.74407958984375,0
9865,1.235492,1.244659423828125,1.739044189453125,0
9866,1.235618,1.230010986328125,1.732025146484375,0
9867,1.235743,1.21734619140625,1.72454833984375,0
9868,1.235868,1.206817626953125,1.717071533203125,0
9869,1.235993,1.1968994140625,1.70806884765625,0
9870,1.236119,1.186370849609375,1.6961669921875,0
9871,1.236244,1.17584228515625,1.68212890625,0
9872,1.236369,1.1669921875,1.66748046875,0
9873,1.236494,1.160430908203125,1.653289794921875,0
9874,1.23662,1.1553955078125,1.638336181640625,0
9875,1.236745,1.150054931640625,1.621246337890625,0
9876,1.23687,1.144561767578125,1.602020263671875,0
9877,1.236995,1.139984130859375,1.58203125,0
9878,1.237121,1.13800048828125,1.56280517578125,0
9879,1.237246,1.13800048828125,1.54388427734375,0
9880,1.237371,1.1383056640625,1.523895263671875,0
9881,1.237496,1.13800048828125,1.501922607421875,0
9882,1.237622,1.138458251953125,1.479339599609375,0
9883,1.237747,1.140899658203125,1.457672119140625,0
9884,1.237872,1.145782470703125,1.437225341796875,0
9885,1.237997,1.151580810546875,1.41693115234375,0
9886,1.238123,1.156768798828125,1.395263671875,0
9887,1.238248,1.161956787109375,1.37298583984375,0
9888,1.238373,1.168975830078125,1.351776123046875,0
9889,1.238498,1.17828369140625,1.33270263671875,0
9890,1.238624,1.188812255859375,1.314697265625,0
9891,1.238749,1.199188232421875,1.296234130859375,0
9892,1.238874,1.208953857421875,1.277313232421875,0
9893,1.238999,1.21978759765625,1.259613037109375,0
9894,1.239125,1.232757568359375,1.244354248046875,0
9895,1.23925,1.247406005859375,1.2310791015625,0
9896,1.239375,1.26190185546875,1.218414306640625,0
9897,1.2395,1.275634765625,1.205596923828125,0
9898,1.239626,1.2896728515625,1.193695068359375,0
9899,1.239751,1.30523681640625,1.18438720703125,0
9900,1.239876,1.3226318359375,1.177978515625,0
9901,1.240001,1.340484619140625,1.172943115234375,0
9902,1.240127,1.35711669921875,1.16790771484375,0
9903,1.240252,1.373291015625,1.16363525390625,0
9904,1.240377,1.390380859375,1.16180419921875,0
9905,1.240502,1.4093017578125,1.16302490234375,0
9906,1.240628,1.4288330078125,1.166229248046875,0
9907,1.240753,1.447296142578125,1.1700439453125,0
9908,1.240878,1.46453857421875,1.174163818359375,0
9909,1.241003,1.482086181640625,1.179962158203125,0
9910,1.241129,1.5008544921875,1.188812255859375,0
9911,1.241254,1.52069091796875,1.20025634765625,0
9912,1.241379,1.53961181640625,1.21246337890625,0
9913,1.241504,1.556854248046875,1.224517822265625,0
9914,1.24163,1.573486328125,1.237640380859375,0
9915,1.241755,1.59088134765625,1.253204345703125,0
9916,1.24188,1.609344482421875,1.2713623046875,0
9917,1.242005,1.627349853515625,1.290435791015625,0
9918,1.242131,1.64337158203125,1.3092041015625,0
9919,1.242256,1.65802001953125,1.327972412109375,0
9920,1.242381,1.672821044921875,1.348419189453125,0
9921,1.242506,1.688690185546875,1.371002197265625,0
9922,1.242632,1.704254150390625,1.394805908203125,0
9923,1.242757,1.717987060546875,1.4178466796875,0
9924,1.242882,1.729736328125,1.44012451171875,0
9925,1.243007,1.74102783203125,1.462860107421875,0
9926,1.243133,1.7529296875,1.48712158203125,0
9927,1.243258,1.764984130859375,1.512451171875,0
9928,1.243383,1.7755126953125,1.53717041015625,0
9929,1.243508,1.78375244140625,1.56005859375,0
9930,1.243634,1.790618896484375,1.58233642578125,0
9931,1.243759,1.79779052734375,1.605377197265625,0
9932,1.243884,1.805419921875,1.629180908203125,0
9933,1.244009,1.811981201171875,1.6522216796875,0
9934,1.244135,1.816253662109375,1.673126220703125,0
9935,1.24426,1.81854248046875,1.69219970703125,0
9936,1.244385,1.8206787109375,1.71112060546875,0
9937,1.24451,1.823272705078125,1.730499267578125,0
9938,1.244636,1.82525634765625,1.749114990234375,0
9939,1.244761,1.82525634765625,1.765289306640625,0
9940,1.244886,1.822967529296875,1.779022216796875,0
9941,1.245011,1.819915771484375,1.7913818359375,0
9942,1.245137,1.817474365234375,1.803741455078125,0
9943,1.245262,1.81488037109375,1.815643310546875,0
9944,1.245387,1.810760498046875,1.825408935546875,0
9945,1.245512,1.80419921875,1.83197021484375,0
9946,1.245638,1.796417236328125,1.8365478515625,0
9947,1.245763,1.7889404296875,1.840667724609375,0
9948,1.245888,1.782073974609375,1.844329833984375,0
9949,1.246014,1.774139404296875,1.8463134765625,0
9950,1.246139,1.764068603515625,1.845245361328125,0
9951,1.246264,1.7523193359375,1.8414306640625,0
9952,1.246389,1.740570068359375,1.83685302734375,0
9953,1.246515,1.729736328125,1.832122802734375,0
9954,1.24664,1.71875,1.826324462890625,0
9955,1.246765,1.7059326171875,1.817779541015625,0
9956,1.24689,1.6912841796875,1.806488037109375,0
9957,1.247016,1.67633056640625,1.7938232421875,0
9958,1.247141,1.66229248046875,1.78131103515625,0
9959,1.247266,1.649017333984375,1.768646240234375,0
9960,1.247391,1.634521484375,1.75384521484375,0
9961,1.247517,1.618194580078125,1.736602783203125,0
9962,1.247642,1.60125732421875,1.717987060546875,0
9963,1.247767,1.58538818359375,1.69952392578125,0
9964,1.247892,1.5704345703125,1.6815185546875,0
9965,1.248018,1.55548095703125,1.662750244140625,0
9966,1.248143,1.538848876953125,1.641845703125,0
9967,1.248268,1.521453857421875,1.61956787109375,0
9968,1.248393,1.504669189453125,1.59759521484375,0
9969,1.248519,1.48956298828125,1.57684326171875,0
9970,1.248644,1.47491455078125,1.556396484375,0
9971,1.248769,1.4593505859375,1.534881591796875,0
9972,1.248894,1.442718505859375,1.511993408203125,0
9973,1.24902,1.426544189453125,1.48956298828125,0
9974,1.249145,1.412200927734375,1.468658447265625,0
9975,1.24927,1.399078369140625,1.44927978515625,0
9976,1.249395,1.385650634765625,1.42974853515625,0
9977,1.249521,1.371307373046875,1.4093017578125,0
9978,1.249646,1.356964111328125,1.389312744140625,0
9979,1.249771,1.34429931640625,1.37115478515625,0
9980,1.249896,1.333465576171875,1.35528564453125,0
9981,1.250022,1.3232421875,1.34033203125,0
9982,1.250147,1.312103271484375,1.324920654296875,0
9983,1.250272,1.300811767578125,1.309814453125,0
9984,1.250397,1.290740966796875,1.296539306640625,0
9985,1.250523,1.283111572265625,1.286163330078125,0
9986,1.250648,1.27655029296875,1.277618408203125,0
9987,1.250773,1.26953125,1.26922607421875,0
9988,1.250898,1.262054443359375,1.260986328125,0
9989,1.251024,1.2554931640625,1.2542724609375,0
9990,1.251149,1.251220703125,1.250457763671875,0
9991,1.251274,1.248779296875,1.24908447265625,0
9992,1.251399,1.246337890625,1.248626708984375,0
9993,1.251525,1.2432861328125,1.2481689453125,0
9994,1.25165,1.240692138671875,1.248626708984375,0
9995,1.251775,1.240081787109375,1.251678466796875,0
9996,1.2519,1.241607666015625,1.25762939453125,0
9997,1.252026,1.243743896484375,1.264801025390625,0
9998,1.252151,1.24542236328125,1.271820068359375,0
9999,1.252276,1.2469482421875,1.279296875,0
10000,1.252401,1.249847412109375,1.288604736328125,0
10001,1.252527,1.25518798828125,1.3006591796875,0
10002,1.252652,1.2615966796875,1.314239501953125,0
10003,1.252777,1.2677001953125,1.327667236328125,0
10004,1.252902,1.273040771484375,1.34063720703125,0
10005,1.253028,1.279449462890625,1.35467529296875,0
10006,1.253153,1.287841796875,1.371002197265625,0
10007,1.253278,1.297760009765625,1.38885498046875,0
10008,1.253403,1.30767822265625,1.40655517578125,0
10009,1.253529,1.316680908203125,1.423187255859375,0
10010,1.253654,1.325836181640625,1.4398193359375,0
10011,1.253779,1.336517333984375,1.45782470703125,0
10012,1.253904,1.349029541015625,1.477203369140625,0
10013,1.25403,1.361846923828125,1.49658203125,0
10014,1.254155,1.37359619140625,1.514434814453125,0
10015,1.25428,1.3848876953125,1.53106689453125,0
10016,1.254405,1.396942138671875,1.54815673828125,0
10017,1.254531,1.410980224609375,1.566314697265625,0
10018,1.254656,1.42547607421875,1.58447265625,0
10019,1.254781,1.439056396484375,1.600799560546875,0
10020,1.254906,1.451416015625,1.615142822265625,0
10021,1.255032,1.464080810546875,1.62872314453125,0
10022,1.255157,1.478118896484375,1.642913818359375,0
10023,1.255282,1.49322509765625,1.6571044921875,0
10024,1.255407,1.507415771484375,1.669464111328125,0
10025,1.255533,1.52008056640625,1.67938232421875,0
10026,1.255658,1.532135009765625,1.687469482421875,0
10027,1.255783,1.545257568359375,1.695556640625,0
10028,1.255908,1.559295654296875,1.70379638671875,0
10029,1.256034,1.573028564453125,1.710357666015625,0
10030,1.256159,1.584930419921875,1.71417236328125,0
10031,1.256284,1.595611572265625,1.7156982421875,0
10032,1.256409,1.606597900390625,1.716461181640625,0
10033,1.256535,1.618499755859375,1.717376708984375,0
10034,1.25666,1.630401611328125,1.71722412109375,0
10035,1.256785,1.640777587890625,1.7144775390625,0
10036,1.25691,1.649169921875,1.708984375,0
10037,1.257036,1.6571044921875,1.702117919921875,0
10038,1.257161,1.66595458984375,1.695404052734375,0
10039,1.257286,1.67510986328125,1.688385009765625,0
10040,1.257411,1.682891845703125,1.67938232421875,0
10041,1.257537,1.68853759765625,1.66748046875,0
