sequence,conversion_trigger_host_us,ch0_raw,ch1_raw,ch0_adc_input_v,ch1_adc_input_v,ch0_myoware_raw_v_estimate,ch1_myoware_raw_v_estimate,adc_status,adc_crc,read_start_us,read_duration_us,elapsed_slots,active_mask,flags
1,928222,6554,13107,1.00006103515625,1.999969482421875,1.00006103515625,1.999969482421875,,,928229,23,1,3,0
2,928347,6554,13107,1.00006103515625,1.999969482421875,1.00006103515625,1.999969482421875,,,928354,24,1,3,0
3,928472,6554,13107,1.00006103515625,1.999969482421875,1.00006103515625,1.999969482421875,,,928479,24,1,3,0
4,928597,6554,13107,1.00006103515625,1.999969482421875,1.00006103515625,1.999969482421875,,,928605,23,1,3,0
5,928723,6554,13107,1.00006103515625,1.999969482421875,1.00006103515625,1.999969482421875,,,928730,23,1,3,0
6,928848,6554,13107,1.00006103515625,1.999969482421875,1.00006103515625,1.999969482421875,,,928855,24,1,3,0
7,928973,6554,13107,1.00006103515625,1.999969482421875,1.00006103515625,1.999969482421875,,,928980,24,1,3,0
8,929098,6554,13107,1.00006103515625,1.999969482421875,1.00006103515625,1.999969482421875,,,929106,23,1,3,0
9,929224,6554,13107,1.00006103515625,1.999969482421875,1.00006103515625,1.999969482421875,,,929231,23,1,3,0
10,929349,6554,13107,1.00006103515625,1.999969482421875,1.00006103515625,1.999969482421875,,,929356,24,1,3,0
11,929474,6554,13107,1.00006103515625,1.999969482421875,1.00006103515625,1.999969482421875,,,929481,24,1,3,0
12,929599,6554,13107,1.00006103515625,1.999969482421875,1.00006103515625,1.999969482421875,,,929607,23,1,3,0
13,929725,6554,13107,1.00006103515625,1.999969482421875,1.00006103515625,1.999969482421875,,,929732,23,1,3,0
14,929850,6554,13107,1.00006103515625,1.999969482421875,1.00006103515625,1.999969482421875,,,929857,24,1,3,0
15,929975,6554,13107,1.00006103515625,1.999969482421875,1.00006103515625,1.999969482421875,,,929982,24,1,3,0
16,930100,6554,13107,1.00006103515625,1.999969482421875,1.00006103515625,1.999969482421875,,,930108,23,1,3,0
17,930226,6554,13107,1.00006103515625,1.999969482421875,1.00006103515625,1.999969482421875,,,930233,23,1,3,0
18,930351,6554,13107,1.00006103515625,1.999969482421875,1.00006103515625,1.999969482421875,,,930358,24,1,3,0
19,930476,6554,13107,1.00006103515625,1.999969482421875,1.00006103515625,1.999969482421875,,,930483,24,1,3,0
20,930601,6554,13107,1.00006103515625,1.999969482421875,1.00006103515625,1.999969482421875,,,930609,23,1,3,0
21,930727,6554,13107,1.00006103515625,1.999969482421875,1.00006103515625,1.999969482421875,,,930734,23,1,3,0
22,930852,6554,13107,1.00006103515625,1.999969482421875,1.00006103515625,1.999969482421875,,,930860,24,1,3,0
23,930977,6554,13107,1.00006103515625,1.999969482421875,1.00006103515625,1.999969482421875,,,930984,24,1,3,0
24,931102,6554,13107,1.00006103515625,1.999969482421875,1.00006103515625,1.999969482421875,,,931110,23,1,3,0
25,931228,6554,13107,1.00006103515625,1.999969482421875,1.00006103515625,1.999969482421875,,,931235,23,1,3,0
26,931353,6554,13107,1.00006103515625,1.999969482421875,1.00006103515625,1.999969482421875,,,931360,24,1,3,0
27,931478,6554,13107,1.00006103515625,1.999969482421875,1.00006103515625,1.999969482421875,,,931485,24,1,3,0
28,931603,6554,13107,1.00006103515625,1.999969482421875,1.00006103515625,1.999969482421875,,,931611,23,1,3,0
29,931729,6554,13107,1.00006103515625,1.999969482421875,1.00006103515625,1.999969482421875,,,931736,23,1,3,0
30,931854,6554,13107,1.00006103515625,1.999969482421875,1.00006103515625,1.999969482421875,,,931861,24,1,3,0
31,931979,6554,13107,1.00006103515625,1.999969482421875,1.00006103515625,1.999969482421875,,,931986,24,1,3,0
32,932104,6554,13107,1.00006103515625,1.999969482421875,1.00006103515625,1.999969482421875,,,932112,23,1,3,0
33,932230,6554,13107,1.00006103515625,1.999969482421875,1.00006103515625,1.999969482421875,,,932237,23,1,3,0
34,932355,6554,13107,1.00006103515625,1.999969482421875,1.00006103515625,1.999969482421875,,,932362,24,1,3,0
35,932480,6554,13107,1.00006103515625,1.999969482421875,1.00006103515625,1.999969482421875,,,932487,24,1,3,0
36,932605,6554,13107,1.00006103515625,1.999969482421875,1.00006103515625,1.999969482421875,,,932613,26,1,3,0
37,932731,6554,13107,1.00006103515625,1.999969482421875,1.00006103515625,1.999969482421875,,,932738,23,1,3,0
38,932856,6554,13107,1.00006103515625,1.999969482421875,1.00006103515625,1.999969482421875,,,932863,24,1,3,0
39,932981,6554,13107,1.00006103515625,1.999969482421875,1.00006103515625,1.999969482421875,,,932988,24,1,3,0
40,933106,6554,13107,1.00006103515625,1.999969482421875,1.00006103515625,1.999969482421875,,,933114,23,1,3,0
41,933232,6554,13107,1.00006103515625,1.999969482421875,1.00006103515625,1.999969482421875,,,933239,23,1,3,0
42,933357,6554,13107,1.00006103515625,1.999969482421875,1.00006103515625,1.999969482421875,,,933364,24,1,3,0
43,933482,6554,13107,1.00006103515625,1.999969482421875,1.00006103515625,1.999969482421875,,,933489,24,1,3,0
44,933607,6554,13107,1.00006103515625,1.999969482421875,1.00006103515625,1.999969482421875,,,933615,25,1,3,0
45,933733,6554,13107,1.00006103515625,1.999969482421875,1.00006103515625,1.999969482421875,,,933740,24,1,3,0
46,933858,6554,13107,1.00006103515625,1.999969482421875,1.00006103515625,1.999969482421875,,,933865,24,1,3,0
47,933983,6554,13107,1.00006103515625,1.999969482421875,1.00006103515625,1.999969482421875,,,933990,24,1,3,0
48,934108,6554,13107,1.00006103515625,1.999969482421875,1.00006103515625,1.999969482421875,,,934116,23,1,3,0
49,934234,6554,13107,1.00006103515625,1.999969482421875,1.00006103515625,1.999969482421875,,,934241,24,1,3,0
50,934359,6554,13107,1.00006103515625,1.999969482421875,1.00006103515625,1.999969482421875,,,934366,24,1,3,0
51,934484,6554,13107,1.00006103515625,1.999969482421875,1.00006103515625,1.999969482421875,,,934491,24,1,3,0
52,934609,6554,13107,1.00006103515625,1.999969482421875,1.00006103515625,1.999969482421875,,,934617,23,1,3,0
53,934735,6554,13107,1.00006103515625,1.999969482421875,1.00006103515625,1.999969482421875,,,934742,24,1,3,0
54,934860,6554,13107,1.00006103515625,1.999969482421875,1.00006103515625,1.999969482421875,,,934867,24,1,3,0
55,934985,6554,13107,1.00006103515625,1.999969482421875,1.00006103515625,1.999969482421875,,,934992,24,1,3,0
56,935110,6554,13107,1.00006103515625,1.999969482421875,1.00006103515625,1.999969482421875,,,935118,23,1,3,0
57,935236,6554,13107,1.00006103515625,1.999969482421875,1.00006103515625,1.999969482421875,,,935243,24,1,3,0
58,935361,6554,13107,1.00006103515625,1.999969482421875,1.00006103515625,1.999969482421875,,,935368,24,1,3,0
59,935486,6554,13107,1.00006103515625,1.999969482421875,1.00006103515625,1.999969482421875,,,935493,24,1,3,0
60,935612,6554,13107,1.00006103515625,1.999969482421875,1.00006103515625,1.999969482421875,,,935619,23,1,3,0
61,935737,6554,13107,1.00006103515625,1.999969482421875,1.00006103515625,1.999969482421875,,,935744,24,1,3,0
62,935862,6554,13107,1.00006103515625,1.999969482421875,1.00006103515625,1.999969482421875,,,935869,24,1,3,0
63,935987,6554,13107,1.00006103515625,1.999969482421875,1.00006103515625,1.999969482421875,,,935994,24,1,3,0
64,936113,6554,13107,1.00006103515625,1.999969482421875,1.00006103515625,1.999969482421875,,,936120,23,1,3,0
65,936238,6554,13107,1.00006103515625,1.999969482421875,1.00006103515625,1.999969482421875,,,936245,24,1,3,0
66,936363,6554,13107,1.00006103515625,1.999969482421875,1.00006103515625,1.999969482421875,,,936370,24,1,3,0
67,936488,6554,13107,1.00006103515625,1.999969482421875,1.00006103515625,1.999969482421875,,,936495,24,1,3,0
68,936614,6554,13107,1.00006103515625,1.999969482421875,1.00006103515625,1.999969482421875,,,936621,23,1,3,0
69,936739,6554,13107,1.00006103515625,1.999969482421875,1.00006103515625,1.999969482421875,,,936746,24,1,3,0
70,936864,6554,13107,1.00006103515625,1.999969482421875,1.00006103515625,1.999969482421875,,,936871,24,1,3,0
71,936989,6554,13107,1.00006103515625,1.999969482421875,1.00006103515625,1.999969482421875,,,936996,24,1,3,0
72,937115,6554,13107,1.00006103515625,1.999969482421875,1.00006103515625,1.999969482421875,,,937122,23,1,3,0
73,937240,6554,13107,1.00006103515625,1.999969482421875,1.00006103515625,1.999969482421875,,,937247,24,1,3,0
74,937365,6554,13107,1.00006103515625,1.999969482421875,1.00006103515625,1.999969482421875,,,937372,24,1,3,0
75,937490,6554,13107,1.00006103515625,1.999969482421875,1.00006103515625,1.999969482421875,,,937498,23,1,3,0
76,937616,6554,13107,1.00006103515625,1.999969482421875,1.00006103515625,1.999969482421875,,,937623,23,1,3,0
77,937741,6554,13107,1.00006103515625,1.999969482421875,1.00006103515625,1.999969482421875,,,937748,24,1,3,0
78,937866,6554,13107,1.00006103515625,1.999969482421875,1.00006103515625,1.999969482421875,,,937873,24,1,3,0
79,937991,6554,13107,1.00006103515625,1.999969482421875,1.00006103515625,1.999969482421875,,,937998,24,1,3,0
80,938117,6554,13107,1.00006103515625,1.999969482421875,1.00006103515625,1.999969482421875,,,938124,23,1,3,0
81,938242,6554,13107,1.00006103515625,1.999969482421875,1.00006103515625,1.999969482421875,,,938249,24,1,3,0
82,938367,6554,13107,1.00006103515625,1.999969482421875,1.00006103515625,1.999969482421875,,,938374,24,1,3,0
83,938492,6554,13107,1.00006103515625,1.999969482421875,1.00006103515625,1.999969482421875,,,938500,24,1,3,0
84,938618,6554,13107,1.00006103515625,1.999969482421875,1.00006103515625,1.999969482421875,,,938625,23,1,3,0
85,938743,6554,13107,1.00006103515625,1.999969482421875,1.00006103515625,1.999969482421875,,,938750,24,1,3,0
86,938868,6554,13107,1.00006103515625,1.999969482421875,1.00006103515625,1.999969482421875,,,938875,24,1,3,0
87,938993,6554,13107,1.00006103515625,1.999969482421875,1.00006103515625,1.999969482421875,,,939000,24,1,3,0
88,939119,6554,13107,1.00006103515625,1.999969482421875,1.00006103515625,1.999969482421875,,,939126,23,1,3,0
89,939244,6554,13107,1.00006103515625,1.999969482421875,1.00006103515625,1.999969482421875,,,939251,24,1,3,0
90,939369,6554,13107,1.00006103515625,1.999969482421875,1.00006103515625,1.999969482421875,,,939376,24,1,3,0
91,939494,6554,13107,1.00006103515625,1.999969482421875,1.00006103515625,1.999969482421875,,,939503,24,1,3,0
92,939620,6554,13107,1.00006103515625,1.999969482421875,1.00006103515625,1.999969482421875,,,939627,23,1,3,0
93,939745,6554,13107,1.00006103515625,1.999969482421875,1.00006103515625,1.999969482421875,,,939752,24,1,3,0
94,939870,6554,13107,1.00006103515625,1.999969482421875,1.00006103515625,1.999969482421875,,,939877,24,1,3,0
95,939995,6554,13107,1.00006103515625,1.999969482421875,1.00006103515625,1.999969482421875,,,940002,24,1,3,0
96,940121,6554,13107,1.00006103515625,1.999969482421875,1.00006103515625,1.999969482421875,,,940128,23,1,3,0
97,940246,6554,13107,1.00006103515625,1.999969482421875,1.00006103515625,1.999969482421875,,,940253,24,1,3,0
98,940371,6554,13107,1.00006103515625,1.999969482421875,1.00006103515625,1.999969482421875,,,940378,24,1,3,0
99,940496,6554,13107,1.00006103515625,1.999969482421875,1.00006103515625,1.999969482421875,,,940503,24,1,3,0
100,940622,6554,13107,1.00006103515625,1.999969482421875,1.00006103515625,1.999969482421875,,,940629,23,1,3,0
101,940747,6554,13107,1.00006103515625,1.999969482421875,1.00006103515625,1.999969482421875,,,940754,24,1,3,0
102,940872,6554,13107,1.00006103515625,1.999969482421875,1.00006103515625,1.999969482421875,,,940879,24,1,3,0
103,940997,6554,13107,1.00006103515625,1.999969482421875,1.00006103515625,1.999969482421875,,,941004,24,1,3,0
104,941123,6554,13107,1.00006103515625,1.999969482421875,1.00006103515625,1.999969482421875,,,941130,23,1,3,0
105,941248,6554,13107,1.00006103515625,1.999969482421875,1.00006103515625,1.999969482421875,,,941255,24,1,3,0
106,941373,6554,13107,1.00006103515625,1.999969482421875,1.00006103515625,1.999969482421875,,,941380,24,1,3,0
107,941498,6554,13107,1.00006103515625,1.999969482421875,1.00006103515625,1.999969482421875,,,941505,24,1,3,0
108,941624,6554,13107,1.00006103515625,1.999969482421875,1.00006103515625,1.999969482421875,,,941631,26,1,3,0
109,941749,6554,13107,1.00006103515625,1.999969482421875,1.00006103515625,1.999969482421875,,,941756,24,1,3,0
110,941874,6554,13107,1.00006103515625,1.999969482421875,1.00006103515625,1.999969482421875,,,941881,24,1,3,0
111,941999,6554,13107,1.00006103515625,1.999969482421875,1.00006103515625,1.999969482421875,,,942006,24,1,3,0
112,942125,6554,13107,1.00006103515625,1.999969482421875,1.00006103515625,1.999969482421875,,,942132,23,1,3,0
113,942250,6554,13107,1.00006103515625,1.999969482421875,1.00006103515625,1.999969482421875,,,942257,24,1,3,0
114,942375,6554,13107,1.00006103515625,1.999969482421875,1.00006103515625,1.999969482421875,,,942382,24,1,3,0
115,942500,6554,13107,1.00006103515625,1.999969482421875,1.00006103515625,1.999969482421875,,,942508,23,1,3,0
116,942626,6554,13107,1.00006103515625,1.999969482421875,1.00006103515625,1.999969482421875,,,942633,26,1,3,0
117,942751,6554,13107,1.00006103515625,1.999969482421875,1.00006103515625,1.999969482421875,,,942758,24,1,3,0
118,942876,6554,13107,1.00006103515625,1.999969482421875,1.00006103515625,1.999969482421875,,,942883,24,1,3,0
119,943001,6554,13107,1.00006103515625,1.999969482421875,1.00006103515625,1.999969482421875,,,943008,24,1,3,0
120,943127,6554,13107,1.00006103515625,1.999969482421875,1.00006103515625,1.999969482421875,,,943134,23,1,3,0
121,943252,6554,13107,1.00006103515625,1.999969482421875,1.00006103515625,1.999969482421875,,,943259,24,1,3,0
122,943377,6554,13107,1.00006103515625,1.999969482421875,1.00006103515625,1.999969482421875,,,943384,24,1,3,0
123,943502,6554,13107,1.00006103515625,1.999969482421875,1.00006103515625,1.999969482421875,,,943509,24,1,3,0
124,943628,6554,13107,1.00006103515625,1.999969482421875,1.00006103515625,1.999969482421875,,,943635,26,1,3,0
125,943753,6554,13107,1.00006103515625,1.999969482421875,1.00006103515625,1.999969482421875,,,943760,24,1,3,0
126,943878,6554,13107,1.00006103515625,1.999969482421875,1.00006103515625,1.999969482421875,,,943885,24,1,3,0
127,944003,6554,13107,1.00006103515625,1.999969482421875,1.00006103515625,1.999969482421875,,,944010,24,1,3,0
128,944129,6554,13107,1.00006103515625,1.999969482421875,1.00006103515625,1.999969482421875,,,944136,23,1,3,0
129,944254,6554,13107,1.00006103515625,1.999969482421875,1.00006103515625,1.999969482421875,,,944261,24,1,3,0
130,944379,6554,13107,1.00006103515625,1.999969482421875,1.00006103515625,1.999969482421875,,,944386,24,1,3,0
131,944504,6554,13107,1.00006103515625,1.999969482421875,1.00006103515625,1.999969482421875,,,944511,24,1,3,0
132,944630,6554,13107,1.00006103515625,1.999969482421875,1.00006103515625,1.999969482421875,,,944639,24,1,3,0
133,944755,6554,13107,1.00006103515625,1.999969482421875,1.00006103515625,1.999969482421875,,,944762,24,1,3,0
134,944880,6554,13107,1.00006103515625,1.999969482421875,1.00006103515625,1.999969482421875,,,944887,24,1,3,0
135,945005,6554,13107,1.00006103515625,1.999969482421875,1.00006103515625,1.999969482421875,,,945012,24,1,3,0
136,945131,6554,13107,1.00006103515625,1.999969482421875,1.00006103515625,1.999969482421875,,,945138,24,1,3,0
137,945256,6554,13107,1.00006103515625,1.999969482421875,1.00006103515625,1.999969482421875,,,945263,24,1,3,0
138,945381,6554,13107,1.00006103515625,1.999969482421875,1.00006103515625,1.999969482421875,,,945388,24,1,3,0
139,945506,6554,13107,1.00006103515625,1.999969482421875,1.00006103515625,1.999969482421875,,,945514,23,1,3,0
140,945632,6554,13107,1.00006103515625,1.999969482421875,1.00006103515625,1.999969482421875,,,945640,24,1,3,0
141,945757,6554,13107,1.00006103515625,1.999969482421875,1.00006103515625,1.999969482421875,,,945764,24,1,3,0
142,945882,6554,13107,1.00006103515625,1.999969482421875,1.00006103515625,1.999969482421875,,,945889,24,1,3,0
143,946007,6554,13107,1.00006103515625,1.999969482421875,1.00006103515625,1.999969482421875,,,946015,23,1,3,0
144,946133,6554,13107,1.00006103515625,1.999969482421875,1.00006103515625,1.999969482421875,,,946141,24,1,3,0
145,946258,6554,13107,1.00006103515625,1.999969482421875,1.00006103515625,1.999969482421875,,,946265,24,1,3,0
146,946383,6554,13107,1.00006103515625,1.999969482421875,1.00006103515625,1.999969482421875,,,946390,24,1,3,0
147,946508,6554,13107,1.00006103515625,1.999969482421875,1.00006103515625,1.999969482421875,,,946516,23,1,3,0
148,946634,6554,13107,1.00006103515625,1.999969482421875,1.00006103515625,1.999969482421875,,,946642,24,1,3,0
149,946759,6554,13107,1.00006103515625,1.999969482421875,1.00006103515625,1.999969482421875,,,946766,24,1,3,0
150,946884,6554,13107,1.00006103515625,1.999969482421875,1.00006103515625,1.999969482421875,,,946891,24,1,3,0
151,947009,6554,13107,1.00006103515625,1.999969482421875,1.00006103515625,1.999969482421875,,,947017,23,1,3,0
152,947135,6554,13107,1.00006103515625,1.999969482421875,1.00006103515625,1.999969482421875,,,947142,24,1,3,0
153,947260,6554,13107,1.00006103515625,1.999969482421875,1.00006103515625,1.999969482421875,,,947267,24,1,3,0
154,947385,6554,13107,1.00006103515625,1.999969482421875,1.00006103515625,1.999969482421875,,,947392,24,1,3,0
155,947510,6554,13107,1.00006103515625,1.999969482421875,1.00006103515625,1.999969482421875,,,947518,23,1,3,0
156,947636,6554,13107,1.00006103515625,1.999969482421875,1.00006103515625,1.999969482421875,,,947644,24,1,3,0
157,947761,6554,13107,1.00006103515625,1.999969482421875,1.00006103515625,1.999969482421875,,,947768,24,1,3,0
158,947886,6554,13107,1.00006103515625,1.999969482421875,1.00006103515625,1.999969482421875,,,947893,24,1,3,0
159,948011,6554,13107,1.00006103515625,1.999969482421875,1.00006103515625,1.999969482421875,,,948019,23,1,3,0
160,948137,6554,13107,1.00006103515625,1.999969482421875,1.00006103515625,1.999969482421875,,,948144,23,1,3,0
161,948262,6554,13107,1.00006103515625,1.999969482421875,1.00006103515625,1.999969482421875,,,948269,24,1,3,0
162,948387,6554,13107,1.00006103515625,1.999969482421875,1.00006103515625,1.999969482421875,,,948394,24,1,3,0
163,948512,6554,13107,1.00006103515625,1.999969482421875,1.00006103515625,1.999969482421875,,,948520,23,1,3,0
164,948637,6554,13107,1.00006103515625,1.999969482421875,1.00006103515625,1.999969482421875,,,948646,23,1,3,0
165,948763,6554,13107,1.00006103515625,1.999969482421875,1.00006103515625,1.999969482421875,,,948771,23,1,3,0
166,948889,6554,13107,1.00006103515625,1.999969482421875,1.00006103515625,1.999969482421875,,,948896,23,1,3,0
167,949014,6554,13107,1.00006103515625,1.999969482421875,1.00006103515625,1.999969482421875,,,949021,24,1,3,0
168,949139,6554,13107,1.00006103515625,1.999969482421875,1.00006103515625,1.999969482421875,,,949146,24,1,3,0
169,949264,6554,13107,1.00006103515625,1.999969482421875,1.00006103515625,1.999969482421875,,,949272,23,1,3,0
170,949390,6554,13107,1.00006103515625,1.999969482421875,1.00006103515625,1.999969482421875,,,949397,23,1,3,0
171,949515,6554,13107,1.00006103515625,1.999969482421875,1.00006103515625,1.999969482421875,,,949522,24,1,3,0
172,949641,6554,13107,1.00006103515625,1.999969482421875,1.00006103515625,1.999969482421875,,,949648,24,1,3,0
173,949765,6554,13107,1.00006103515625,1.999969482421875,1.00006103515625,1.999969482421875,,,949772,24,1,3,0
174,949890,6554,13107,1.00006103515625,1.999969482421875,1.00006103515625,1.999969482421875,,,949898,23,1,3,0
175,950016,6554,13107,1.00006103515625,1.999969482421875,1.00006103515625,1.999969482421875,,,950023,23,1,3,0
176,950141,6554,13107,1.00006103515625,1.999969482421875,1.00006103515625,1.999969482421875,,,950148,24,1,3,0
177,950266,6554,13107,1.00006103515625,1.999969482421875,1.00006103515625,1.999969482421875,,,950273,24,1,3,0
178,950391,6554,13107,1.00006103515625,1.999969482421875,1.00006103515625,1.999969482421875,,,950399,23,1,3,0
179,950517,6554,13107,1.00006103515625,1.999969482421875,1.00006103515625,1.999969482421875,,,950524,24,1,3,0
180,950642,6554,13107,1.00006103515625,1.999969482421875,1.00006103515625,1.999969482421875,,,950650,23,1,3,0
181,950768,6554,13107,1.00006103515625,1.999969482421875,1.00006103515625,1.999969482421875,,,950775,23,1,3,0
182,950893,6554,13107,1.00006103515625,1.999969482421875,1.00006103515625,1.999969482421875,,,950900,24,1,3,0
183,951018,6554,13107,1.00006103515625,1.999969482421875,1.00006103515625,1.999969482421875,,,951025,24,1,3,0
184,951143,6554,13107,1.00006103515625,1.999969482421875,1.00006103515625,1.999969482421875,,,951151,23,1,3,0
185,951269,6554,13107,1.00006103515625,1.999969482421875,1.00006103515625,1.999969482421875,,,951276,23,1,3,0
186,951394,6554,13107,1.00006103515625,1.999969482421875,1.00006103515625,1.999969482421875,,,951401,24,1,3,0
187,951519,6554,13107,1.00006103515625,1.999969482421875,1.00006103515625,1.999969482421875,,,951526,24,1,3,0
188,951644,6554,13107,1.00006103515625,1.999969482421875,1.00006103515625,1.999969482421875,,,951652,23,1,3,0
189,951770,6554,13107,1.00006103515625,1.999969482421875,1.00006103515625,1.999969482421875,,,951777,23,1,3,0
190,951895,6554,13107,1.00006103515625,1.999969482421875,1.00006103515625,1.999969482421875,,,951902,24,1,3,0
191,952020,6554,13107,1.00006103515625,1.999969482421875,1.00006103515625,1.999969482421875,,,952027,24,1,3,0
192,952145,6554,13107,1.00006103515625,1.999969482421875,1.00006103515625,1.999969482421875,,,952153,23,1,3,0
193,952271,6554,13107,1.00006103515625,1.999969482421875,1.00006103515625,1.999969482421875,,,952278,23,1,3,0
194,952396,6554,13107,1.00006103515625,1.999969482421875,1.00006103515625,1.999969482421875,,,952403,24,1,3,0
195,952521,6554,13107,1.00006103515625,1.999969482421875,1.00006103515625,1.999969482421875,,,952528,24,1,3,0
196,952646,6554,13107,1.00006103515625,1.999969482421875,1.00006103515625,1.999969482421875,,,952654,23,1,3,0
197,952772,6554,13107,1.00006103515625,1.999969482421875,1.00006103515625,1.999969482421875,,,952779,23,1,3,0
198,952897,6554,13107,1.00006103515625,1.999969482421875,1.00006103515625,1.999969482421875,,,952904,24,1,3,0
199,953022,6554,13107,1.00006103515625,1.999969482421875,1.00006103515625,1.999969482421875,,,953029,24,1,3,0
200,953147,6554,13107,1.00006103515625,1.999969482421875,1.00006103515625,1.999969482421875,,,953155,23,1,3,0
201,953273,6554,13107,1.00006103515625,1.999969482421875,1.00006103515625,1.999969482421875,,,953280,23,1,3,0
202,953398,6554,13107,1.00006103515625,1.999969482421875,1.00006103515625,1.999969482421875,,,953405,24,1,3,0
203,953523,6554,13107,1.00006103515625,1.999969482421875,1.00006103515625,1.999969482421875,,,953530,24,1,3,0
204,953648,6554,13107,1.00006103515625,1.999969482421875,1.00006103515625,1.999969482421875,,,953656,23,1,3,0
205,953774,6554,13107,1.00006103515625,1.999969482421875,1.00006103515625,1.999969482421875,,,953781,23,1,3,0
206,953899,6554,13107,1.00006103515625,1.999969482421875,1.00006103515625,1.999969482421875,,,953906,24,1,3,0
207,954024,6554,13107,1.00006103515625,1.999969482421875,1.00006103515625,1.999969482421875,,,954031,24,1,3,0
208,954149,6554,13107,1.00006103515625,1.999969482421875,1.00006103515625,1.999969482421875,,,954157,23,1,3,0
209,954275,6554,13107,1.00006103515625,1.999969482421875,1.00006103515625,1.999969482421875,,,954282,23,1,3,0
210,954400,6554,13107,1.00006103515625,1.999969482421875,1.00006103515625,1.999969482421875,,,954407,24,1,3,0
211,954525,6554,13107,1.00006103515625,1.999969482421875,1.00006103515625,1.999969482421875,,,954532,24,1,3,0
212,954650,6554,13107,1.00006103515625,1.999969482421875,1.00006103515625,1.999969482421875,,,954658,23,1,3,0
213,954776,6554,13107,1.00006103515625,1.999969482421875,1.00006103515625,1.999969482421875,,,954783,23,1,3,0
214,954901,6554,13107,1.00006103515625,1.999969482421875,1.00006103515625,1.999969482421875,,,954908,24,1,3,0
215,955026,6554,13107,1.00006103515625,1.999969482421875,1.00006103515625,1.999969482421875,,,955033,24,1,3,0
216,955151,6554,13107,1.00006103515625,1.999969482421875,1.00006103515625,1.999969482421875,,,955159,23,1,3,0
217,955277,6554,13107,1.00006103515625,1.999969482421875,1.00006103515625,1.999969482421875,,,955284,23,1,3,0
218,955402,6554,13107,1.00006103515625,1.999969482421875,1.00006103515625,1.999969482421875,,,955409,24,1,3,0
219,955527,6554,13107,1.00006103515625,1.999969482421875,1.00006103515625,1.999969482421875,,,955534,24,1,3,0
220,955652,6554,13107,1.00006103515625,1.999969482421875,1.00006103515625,1.999969482421875,,,955660,23,1,3,0
221,955778,6554,13107,1.00006103515625,1.999969482421875,1.00006103515625,1.999969482421875,,,955785,23,1,3,0
222,955903,6554,13107,1.00006103515625,1.999969482421875,1.00006103515625,1.999969482421875,,,955910,24,1,3,0
223,956028,6554,13107,1.00006103515625,1.999969482421875,1.00006103515625,1.999969482421875,,,956035,24,1,3,0
224,956153,6554,13107,1.00006103515625,1.999969482421875,1.00006103515625,1.999969482421875,,,956161,23,1,3,0
225,956279,6554,13107,1.00006103515625,1.999969482421875,1.00006103515625,1.999969482421875,,,956286,23,1,3,0
226,956404,6554,13107,1.00006103515625,1.999969482421875,1.00006103515625,1.999969482421875,,,956411,24,1,3,0
227,956529,6554,13107,1.00006103515625,1.999969482421875,1.00006103515625,1.999969482421875,,,956536,24,1,3,0
228,956654,6554,13107,1.00006103515625,1.999969482421875,1.00006103515625,1.999969482421875,,,956662,23,1,3,0
229,956780,6554,13107,1.00006103515625,1.999969482421875,1.00006103515625,1.999969482421875,,,956787,23,1,3,0
230,956905,6554,13107,1.00006103515625,1.999969482421875,1.00006103515625,1.999969482421875,,,956912,24,1,3,0
231,957030,6554,13107,1.00006103515625,1.999969482421875,1.00006103515625,1.999969482421875,,,957037,24,1,3,0
232,957155,6554,13107,1.00006103515625,1.999969482421875,1.00006103515625,1.999969482421875,,,957163,23,1,3,0
233,957281,6554,13107,1.00006103515625,1.999969482421875,1.00006103515625,1.999969482421875,,,957288,23,1,3,0
234,957406,6554,13107,1.00006103515625,1.999969482421875,1.00006103515625,1.999969482421875,,,957413,24,1,3,0
235,957531,6554,13107,1.00006103515625,1.999969482421875,1.00006103515625,1.999969482421875,,,957538,24,1,3,0
236,957656,6554,13107,1.00006103515625,1.999969482421875,1.00006103515625,1.999969482421875,,,957664,23,1,3,0
237,957782,6554,13107,1.00006103515625,1.999969482421875,1.00006103515625,1.999969482421875,,,957789,23,1,3,0
238,957907,6554,13107,1.00006103515625,1.999969482421875,1.00006103515625,1.999969482421875,,,957914,24,1,3,0
239,958032,6554,13107,1.00006103515625,1.999969482421875,1.00006103515625,1.999969482421875,,,958039,24,1,3,0
240,958157,6554,13107,1.00006103515625,1.999969482421875,1.00006103515625,1.999969482421875,,,958165,23,1,3,0
241,958283,6554,13107,1.00006103515625,1.999969482421875,1.00006103515625,1.999969482421875,,,958290,23,1,3,0
242,958408,6554,13107,1.00006103515625,1.999969482421875,1.00006103515625,1.999969482421875,,,958415,24,1,3,0
243,958533,6554,13107,1.00006103515625,1.999969482421875,1.00006103515625,1.999969482421875,,,958540,24,1,3,0
244,958658,6554,13107,1.00006103515625,1.999969482421875,1.00006103515625,1.999969482421875,,,958666,23,1,3,0
245,958784,6554,13107,1.00006103515625,1.999969482421875,1.00006103515625,1.999969482421875,,,958791,23,1,3,0
246,958909,6554,13107,1.00006103515625,1.999969482421875,1.00006103515625,1.999969482421875,,,958916,24,1,3,0
247,959034,6554,13107,1.00006103515625,1.999969482421875,1.00006103515625,1.999969482421875,,,959041,24,1,3,0
248,959159,6554,13107,1.00006103515625,1.999969482421875,1.00006103515625,1.999969482421875,,,959167,23,1,3,0
249,959285,6554,13107,1.00006103515625,1.999969482421875,1.00006103515625,1.999969482421875,,,959292,23,1,3,0
250,959410,6554,13107,1.00006103515625,1.999969482421875,1.00006103515625,1.999969482421875,,,959417,24,1,3,0
251,959535,6554,13107,1.00006103515625,1.999969482421875,1.00006103515625,1.999969482421875,,,959542,24,1,3,0
252,959660,6554,13107,1.00006103515625,1.999969482421875,1.00006103515625,1.999969482421875,,,959668,23,1,3,0
253,959786,6554,13107,1.00006103515625,1.999969482421875,1.00006103515625,1.999969482421875,,,959793,23,1,3,0
254,959911,6554,13107,1.00006103515625,1.999969482421875,1.00006103515625,1.999969482421875,,,959918,24,1,3,0
255,960036,6554,13107,1.00006103515625,1.999969482421875,1.00006103515625,1.999969482421875,,,960043,24,1,3,0
256,960161,6554,13107,1.00006103515625,1.999969482421875,1.00006103515625,1.999969482421875,,,960169,23,1,3,0
257,960287,6554,13107,1.00006103515625,1.999969482421875,1.00006103515625,1.999969482421875,,,960294,23,1,3,0
258,960412,6554,13107,1.00006103515625,1.999969482421875,1.00006103515625,1.999969482421875,,,960419,24,1,3,0
259,960537,6554,13107,1.00006103515625,1.999969482421875,1.00006103515625,1.999969482421875,,,960544,24,1,3,0
260,960662,6554,13107,1.00006103515625,1.999969482421875,1.00006103515625,1.999969482421875,,,960670,23,1,3,0
261,960788,6554,13107,1.00006103515625,1.999969482421875,1.00006103515625,1.999969482421875,,,960795,23,1,3,0
262,960913,6554,13107,1.00006103515625,1.999969482421875,1.00006103515625,1.999969482421875,,,960920,24,1,3,0
263,961038,6554,13107,1.00006103515625,1.999969482421875,1.00006103515625,1.999969482421875,,,961045,24,1,3,0
264,961163,6554,13107,1.00006103515625,1.999969482421875,1.00006103515625,1.999969482421875,,,961171,23,1,3,0
265,961289,6554,13107,1.00006103515625,1.999969482421875,1.00006103515625,1.999969482421875,,,961296,23,1,3,0
266,961414,6554,13107,1.00006103515625,1.999969482421875,1.00006103515625,1.999969482421875,,,961421,24,1,3,0
267,961539,6554,13107,1.00006103515625,1.999969482421875,1.00006103515625,1.999969482421875,,,961546,24,1,3,0
268,961664,6554,13107,1.00006103515625,1.999969482421875,1.00006103515625,1.999969482421875,,,961672,23,1,3,0
269,961790,6554,13107,1.00006103515625,1.999969482421875,1.00006103515625,1.999969482421875,,,961797,23,1,3,0
270,961915,6554,13107,1.00006103515625,1.999969482421875,1.00006103515625,1.999969482421875,,,961922,24,1,3,0
271,962040,6554,13107,1.00006103515625,1.999969482421875,1.00006103515625,1.999969482421875,,,962047,24,1,3,0
272,962165,6554,13107,1.00006103515625,1.999969482421875,1.00006103515625,1.999969482421875,,,962173,23,1,3,0
273,962291,6554,13107,1.00006103515625,1.999969482421875,1.00006103515625,1.999969482421875,,,962298,23,1,3,0
274,962416,6554,13107,1.00006103515625,1.999969482421875,1.00006103515625,1.999969482421875,,,962423,24,1,3,0
275,962541,6554,13107,1.00006103515625,1.999969482421875,1.00006103515625,1.999969482421875,,,962548,24,1,3,0
276,962666,6554,13107,1.00006103515625,1.999969482421875,1.00006103515625,1.999969482421875,,,962674,23,1,3,0
277,962792,6554,13107,1.00006103515625,1.999969482421875,1.00006103515625,1.999969482421875,,,962799,23,1,3,0
278,962917,6554,13107,1.00006103515625,1.999969482421875,1.00006103515625,1.999969482421875,,,962924,24,1,3,0
279,963042,6554,13107,1.00006103515625,1.999969482421875,1.00006103515625,1.999969482421875,,,963049,24,1,3,0
280,963167,6554,13107,1.00006103515625,1.999969482421875,1.00006103515625,1.999969482421875,,,963175,23,1,3,0
281,963293,6554,13107,1.00006103515625,1.999969482421875,1.00006103515625,1.999969482421875,,,963300,24,1,3,0
282,963418,6554,13107,1.00006103515625,1.999969482421875,1.00006103515625,1.999969482421875,,,963425,24,1,3,0
283,963543,6554,13107,1.00006103515625,1.999969482421875,1.00006103515625,1.999969482421875,,,963550,24,1,3,0
284,963668,6554,13107,1.00006103515625,1.999969482421875,1.00006103515625,1.999969482421875,,,963676,23,1,3,0
285,963794,6554,13107,1.00006103515625,1.999969482421875,1.00006103515625,1.999969482421875,,,963801,24,1,3,0
286,963919,6554,13107,1.00006103515625,1.999969482421875,1.00006103515625,1.999969482421875,,,963926,24,1,3,0
287,964044,6554,13107,1.00006103515625,1.999969482421875,1.00006103515625,1.999969482421875,,,964051,24,1,3,0
288,964169,6554,13107,1.00006103515625,1.999969482421875,1.00006103515625,1.999969482421875,,,964177,23,1,3,0
289,964295,6554,13107,1.00006103515625,1.999969482421875,1.00006103515625,1.999969482421875,,,964302,24,1,3,0
290,964420,6554,13107,1.00006103515625,1.999969482421875,1.00006103515625,1.999969482421875,,,964427,24,1,3,0
291,964545,6554,13107,1.00006103515625,1.999969482421875,1.00006103515625,1.999969482421875,,,964552,24,1,3,0
292,964670,6554,13107,1.00006103515625,1.999969482421875,1.00006103515625,1.999969482421875,,,964678,23,1,3,0
293,964796,6554,13107,1.00006103515625,1.999969482421875,1.00006103515625,1.999969482421875,,,964803,24,1,3,0
294,964921,6554,13107,1.00006103515625,1.999969482421875,1.00006103515625,1.999969482421875,,,964928,24,1,3,0
295,965046,6554,13107,1.00006103515625,1.999969482421875,1.00006103515625,1.999969482421875,,,965053,24,1,3,0
296,965171,6554,13107,1.00006103515625,1.999969482421875,1.00006103515625,1.999969482421875,,,965179,23,1,3,0
297,965297,6554,13107,1.00006103515625,1.999969482421875,1.00006103515625,1.999969482421875,,,965304,24,1,3,0
298,965422,6554,13107,1.00006103515625,1.999969482421875,1.00006103515625,1.999969482421875,,,965429,24,1,3,0
299,965547,6554,13107,1.00006103515625,1.999969482421875,1.00006103515625,1.999969482421875,,,965554,24,1,3,0
300,965672,6554,13107,1.00006103515625,1.999969482421875,1.00006103515625,1.999969482421875,,,965681,24,1,3,0
301,965798,6554,13107,1.00006103515625,1.999969482421875,1.00006103515625,1.999969482421875,,,965805,24,1,3,0
302,965923,6554,13107,1.00006103515625,1.999969482421875,1.00006103515625,1.999969482421875,,,965930,24,1,3,0
303,966048,6554,13107,1.00006103515625,1.999969482421875,1.00006103515625,1.999969482421875,,,966055,24,1,3,0
304,966173,6554,13107,1.00006103515625,1.999969482421875,1.00006103515625,1.999969482421875,,,966181,23,1,3,0
305,966299,6554,13107,1.00006103515625,1.999969482421875,1.00006103515625,1.999969482421875,,,966306,24,1,3,0
306,966424,6554,13107,1.00006103515625,1.999969482421875,1.00006103515625,1.999969482421875,,,966431,24,1,3,0
307,966549,6554,13107,1.00006103515625,1.999969482421875,1.00006103515625,1.999969482421875,,,966556,24,1,3,0
308,966675,6554,13107,1.00006103515625,1.999969482421875,1.00006103515625,1.999969482421875,,,966682,23,1,3,0
309,966800,6554,13107,1.00006103515625,1.999969482421875,1.00006103515625,1.999969482421875,,,966807,24,1,3,0
310,966925,6554,13107,1.00006103515625,1.999969482421875,1.00006103515625,1.999969482421875,,,966932,24,1,3,0
311,967050,6554,13107,1.00006103515625,1.999969482421875,1.00006103515625,1.999969482421875,,,967057,24,1,3,0
312,967176,6554,13107,1.00006103515625,1.999969482421875,1.00006103515625,1.999969482421875,,,967183,23,1,3,0
313,967301,6554,13107,1.00006103515625,1.999969482421875,1.00006103515625,1.999969482421875,,,967308,24,1,3,0
314,967426,6554,13107,1.00006103515625,1.999969482421875,1.00006103515625,1.999969482421875,,,967433,24,1,3,0
315,967551,6554,13107,1.00006103515625,1.999969482421875,1.00006103515625,1.999969482421875,,,967558,24,1,3,0
316,967677,6554,13107,1.00006103515625,1.999969482421875,1.00006103515625,1.999969482421875,,,967684,23,1,3,0
317,967802,6554,13107,1.00006103515625,1.999969482421875,1.00006103515625,1.999969482421875,,,967809,24,1,3,0
318,967927,6554,13107,1.00006103515625,1.999969482421875,1.00006103515625,1.999969482421875,,,967934,24,1,3,0
319,968052,6554,13107,1.00006103515625,1.999969482421875,1.00006103515625,1.999969482421875,,,968059,24,1,3,0
320,968178,6554,13107,1.00006103515625,1.999969482421875,1.00006103515625,1.999969482421875,,,968185,23,1,3,0
321,968303,6554,13107,1.00006103515625,1.999969482421875,1.00006103515625,1.999969482421875,,,968310,24,1,3,0
322,968428,6554,13107,1.00006103515625,1.999969482421875,1.00006103515625,1.999969482421875,,,968435,24,1,3,0
323,968553,6554,13107,1.00006103515625,1.999969482421875,1.00006103515625,1.999969482421875,,,968560,24,1,3,0
324,968679,6554,13107,1.00006103515625,1.999969482421875,1.00006103515625,1.999969482421875,,,968686,23,1,3,0
325,968804,6554,13107,1.00006103515625,1.999969482421875,1.00006103515625,1.999969482421875,,,968811,24,1,3,0
326,968929,6554,13107,1.00006103515625,1.999969482421875,1.00006103515625,1.999969482421875,,,968936,24,1,3,0
327,969054,6554,13107,1.00006103515625,1.999969482421875,1.00006103515625,1.999969482421875,,,969061,24,1,3,0
328,969180,6554,13107,1.00006103515625,1.999969482421875,1.00006103515625,1.999969482421875,,,969187,23,1,3,0
329,969305,6554,13107,1.00006103515625,1.999969482421875,1.00006103515625,1.999969482421875,,,969312,24,1,3,0
330,969430,6554,13107,1.00006103515625,1.999969482421875,1.00006103515625,1.999969482421875,,,969437,24,1,3,0
331,969555,6554,13107,1.00006103515625,1.999969482421875,1.00006103515625,1.999969482421875,,,969562,24,1,3,0
332,969681,6554,13107,1.00006103515625,1.999969482421875,1.00006103515625,1.999969482421875,,,969688,23,1,3,0
333,969806,6554,13107,1.00006103515625,1.999969482421875,1.00006103515625,1.999969482421875,,,969813,24,1,3,0
334,969931,6554,13107,1.00006103515625,1.999969482421875,1.00006103515625,1.999969482421875,,,969938,24,1,3,0
335,970056,6554,13107,1.00006103515625,1.999969482421875,1.00006103515625,1.999969482421875,,,970063,24,1,3,0
336,970182,6554,13107,1.00006103515625,1.999969482421875,1.00006103515625,1.999969482421875,,,970189,23,1,3,0
337,970307,6554,13107,1.00006103515625,1.999969482421875,1.00006103515625,1.999969482421875,,,970314,24,1,3,0
338,970432,6554,13107,1.00006103515625,1.999969482421875,1.00006103515625,1.999969482421875,,,970439,24,1,3,0
339,970557,6554,13107,1.00006103515625,1.999969482421875,1.00006103515625,1.999969482421875,,,970564,24,1,3,0
340,970683,6554,13107,1.00006103515625,1.999969482421875,1.00006103515625,1.999969482421875,,,970690,23,1,3,0
341,970808,6554,13107,1.00006103515625,1.999969482421875,1.00006103515625,1.999969482421875,,,970815,24,1,3,0
342,970933,6554,13107,1.00006103515625,1.999969482421875,1.00006103515625,1.999969482421875,,,970940,24,1,3,0
343,971058,6554,13107,1.00006103515625,1.999969482421875,1.00006103515625,1.999969482421875,,,971065,24,1,3,0
344,971184,6554,13107,1.00006103515625,1.999969482421875,1.00006103515625,1.999969482421875,,,971191,23,1,3,0
345,971309,6554,13107,1.00006103515625,1.999969482421875,1.00006103515625,1.999969482421875,,,971316,24,1,3,0
346,971434,6554,13107,1.00006103515625,1.999969482421875,1.00006103515625,1.999969482421875,,,971441,24,1,3,0
347,971559,6554,13107,1.00006103515625,1.999969482421875,1.00006103515625,1.999969482421875,,,971566,24,1,3,0
348,971685,6554,13107,1.00006103515625,1.999969482421875,1.00006103515625,1.999969482421875,,,971692,23,1,3,0
349,971810,6554,13107,1.00006103515625,1.999969482421875,1.00006103515625,1.999969482421875,,,971817,24,1,3,0
350,971935,6554,13107,1.00006103515625,1.999969482421875,1.00006103515625,1.999969482421875,,,971942,24,1,3,0
351,972060,6554,13107,1.00006103515625,1.999969482421875,1.00006103515625,1.999969482421875,,,972067,24,1,3,0
352,972186,6554,13107,1.00006103515625,1.999969482421875,1.00006103515625,1.999969482421875,,,972193,23,1,3,0
353,972311,6554,13107,1.00006103515625,1.999969482421875,1.00006103515625,1.999969482421875,,,972318,24,1,3,0
354,972436,6554,13107,1.00006103515625,1.999969482421875,1.00006103515625,1.999969482421875,,,972443,24,1,3,0
355,972561,6554,13107,1.00006103515625,1.999969482421875,1.00006103515625,1.999969482421875,,,972568,24,1,3,0
356,972687,6554,13107,1.00006103515625,1.999969482421875,1.00006103515625,1.999969482421875,,,972694,23,1,3,0
357,972812,6554,13107,1.00006103515625,1.999969482421875,1.00006103515625,1.999969482421875,,,972819,24,1,3,0
358,972937,6554,13107,1.00006103515625,1.999969482421875,1.00006103515625,1.999969482421875,,,972944,24,1,3,0
359,973062,6554,13107,1.00006103515625,1.999969482421875,1.00006103515625,1.999969482421875,,,973069,24,1,3,0
360,973188,6554,13107,1.00006103515625,1.999969482421875,1.00006103515625,1.999969482421875,,,973195,23,1,3,0
361,973313,6554,13107,1.00006103515625,1.999969482421875,1.00006103515625,1.999969482421875,,,973320,24,1,3,0
362,973438,6554,13107,1.00006103515625,1.999969482421875,1.00006103515625,1.999969482421875,,,973445,24,1,3,0
363,973563,6554,13107,1.00006103515625,1.999969482421875,1.00006103515625,1.999969482421875,,,973570,24,1,3,0
364,973689,6554,13107,1.00006103515625,1.999969482421875,1.00006103515625,1.999969482421875,,,973696,23,1,3,0
365,973814,6554,13107,1.00006103515625,1.999969482421875,1.00006103515625,1.999969482421875,,,973821,24,1,3,0
366,973939,6554,13107,1.00006103515625,1.999969482421875,1.00006103515625,1.999969482421875,,,973946,24,1,3,0
367,974064,6554,13107,1.00006103515625,1.999969482421875,1.00006103515625,1.999969482421875,,,974071,24,1,3,0
368,974190,6554,13107,1.00006103515625,1.999969482421875,1.00006103515625,1.999969482421875,,,974197,23,1,3,0
369,974315,6554,13107,1.00006103515625,1.999969482421875,1.00006103515625,1.999969482421875,,,974322,24,1,3,0
370,974440,6554,13107,1.00006103515625,1.999969482421875,1.00006103515625,1.999969482421875,,,974447,24,1,3,0
371,974565,6554,13107,1.00006103515625,1.999969482421875,1.00006103515625,1.999969482421875,,,974572,24,1,3,0
372,974691,6554,13107,1.00006103515625,1.999969482421875,1.00006103515625,1.999969482421875,,,974698,23,1,3,0
373,974816,6554,13107,1.00006103515625,1.999969482421875,1.00006103515625,1.999969482421875,,,974823,24,1,3,0
374,974941,6554,13107,1.00006103515625,1.999969482421875,1.00006103515625,1.999969482421875,,,974948,24,1,3,0
375,975066,6554,13107,1.00006103515625,1.999969482421875,1.00006103515625,1.999969482421875,,,975073,24,1,3,0
376,975192,6554,13107,1.00006103515625,1.999969482421875,1.00006103515625,1.999969482421875,,,975199,23,1,3,0
377,975317,6554,13107,1.00006103515625,1.999969482421875,1.00006103515625,1.999969482421875,,,975324,24,1,3,0
378,975442,6554,13107,1.00006103515625,1.999969482421875,1.00006103515625,1.999969482421875,,,975449,24,1,3,0
379,975567,6554,13107,1.00006103515625,1.999969482421875,1.00006103515625,1.999969482421875,,,975574,24,1,3,0
380,975693,6554,13107,1.00006103515625,1.999969482421875,1.00006103515625,1.999969482421875,,,975701,24,1,3,0
381,975818,6554,13107,1.00006103515625,1.999969482421875,1.00006103515625,1.999969482421875,,,975825,24,1,3,0
382,975943,6554,13107,1.00006103515625,1.999969482421875,1.00006103515625,1.999969482421875,,,975950,24,1,3,0
383,976068,6554,13107,1.00006103515625,1.999969482421875,1.00006103515625,1.999969482421875,,,976075,24,1,3,0
384,976194,6554,13107,1.00006103515625,1.999969482421875,1.00006103515625,1.999969482421875,,,976201,24,1,3,0
385,976319,6554,13107,1.00006103515625,1.999969482421875,1.00006103515625,1.999969482421875,,,976326,24,1,3,0
386,976444,6554,13107,1.00006103515625,1.999969482421875,1.00006103515625,1.999969482421875,,,976451,24,1,3,0
387,976569,6554,13107,1.00006103515625,1.999969482421875,1.00006103515625,1.999969482421875,,,976576,24,1,3,0
388,976695,6554,13107,1.00006103515625,1.999969482421875,1.00006103515625,1.999969482421875,,,976702,23,1,3,0
389,976820,6554,13107,1.00006103515625,1.999969482421875,1.00006103515625,1.999969482421875,,,976827,24,1,3,0
390,976945,6554,13107,1.00006103515625,1.999969482421875,1.00006103515625,1.999969482421875,,,976952,24,1,3,0
391,977070,6554,13107,1.00006103515625,1.999969482421875,1.00006103515625,1.999969482421875,,,977077,24,1,3,0
392,977196,6554,13107,1.00006103515625,1.999969482421875,1.00006103515625,1.999969482421875,,,977203,23,1,3,0
393,977321,6554,13107,1.00006103515625,1.999969482421875,1.00006103515625,1.999969482421875,,,977328,24,1,3,0
394,977446,6554,13107,1.00006103515625,1.999969482421875,1.00006103515625,1.999969482421875,,,977453,24,1,3,0
395,977571,6554,13107,1.00006103515625,1.999969482421875,1.00006103515625,1.999969482421875,,,977578,24,1,3,0
396,977697,6554,13107,1.00006103515625,1.999969482421875,1.00006103515625,1.999969482421875,,,977704,23,1,3,0
397,977822,6554,13107,1.00006103515625,1.999969482421875,1.00006103515625,1.999969482421875,,,977829,24,1,3,0
398,977947,6554,13107,1.00006103515625,1.999969482421875,1.00006103515625,1.999969482421875,,,977954,24,1,3,0
399,978072,6554,13107,1.00006103515625,1.999969482421875,1.00006103515625,1.999969482421875,,,978079,24,1,3,0
400,978198,6554,13107,1.00006103515625,1.999969482421875,1.00006103515625,1.999969482421875,,,978205,24,1,3,0
401,978323,6554,13107,1.00006103515625,1.999969482421875,1.00006103515625,1.999969482421875,,,978330,24,1,3,0
402,978448,6554,13107,1.00006103515625,1.999969482421875,1.00006103515625,1.999969482421875,,,978455,24,1,3,0
403,978573,6554,13107,1.00006103515625,1.999969482421875,1.00006103515625,1.999969482421875,,,978581,23,1,3,0
404,978699,6554,13107,1.00006103515625,1.999969482421875,1.00006103515625,1.999969482421875,,,978706,24,1,3,0
405,978824,6554,13107,1.00006103515625,1.999969482421875,1.00006103515625,1.999969482421875,,,978831,24,1,3,0
406,978949,6554,13107,1.00006103515625,1.999969482421875,1.00006103515625,1.999969482421875,,,978956,24,1,3,0
407,979074,6554,13107,1.00006103515625,1.999969482421875,1.00006103515625,1.999969482421875,,,979082,23,1,3,0
408,979200,6554,13107,1.00006103515625,1.999969482421875,1.00006103515625,1.999969482421875,,,979207,24,1,3,0
409,979325,6554,13107,1.00006103515625,1.999969482421875,1.00006103515625,1.999969482421875,,,979332,24,1,3,0
410,979450,6554,13107,1.00006103515625,1.999969482421875,1.00006103515625,1.999969482421875,,,979457,24,1,3,0
411,979575,6554,13107,1.00006103515625,1.999969482421875,1.00006103515625,1.999969482421875,,,979583,23,1,3,0
412,979701,6554,13107,1.00006103515625,1.999969482421875,1.00006103515625,1.999969482421875,,,979708,24,1,3,0
413,979826,6554,13107,1.00006103515625,1.999969482421875,1.00006103515625,1.999969482421875,,,979833,24,1,3,0
414,979951,6554,13107,1.00006103515625,1.999969482421875,1.00006103515625,1.999969482421875,,,979958,24,1,3,0
415,980076,6554,13107,1.00006103515625,1.999969482421875,1.00006103515625,1.999969482421875,,,980084,23,1,3,0
416,980202,6554,13107,1.00006103515625,1.999969482421875,1.00006103515625,1.999969482421875,,,980209,24,1,3,0
417,980327,6554,13107,1.00006103515625,1.999969482421875,1.00006103515625,1.999969482421875,,,980334,24,1,3,0
418,980452,6554,13107,1.00006103515625,1.999969482421875,1.00006103515625,1.999969482421875,,,980459,24,1,3,0
419,980577,6554,13107,1.00006103515625,1.999969482421875,1.00006103515625,1.999969482421875,,,980585,23,1,3,0
420,980703,6554,13107,1.00006103515625,1.999969482421875,1.00006103515625,1.999969482421875,,,980710,24,1,3,0
421,980828,6554,13107,1.00006103515625,1.999969482421875,1.00006103515625,1.999969482421875,,,980835,24,1,3,0
422,980953,6554,13107,1.00006103515625,1.999969482421875,1.00006103515625,1.999969482421875,,,980960,24,1,3,0
423,981078,6554,13107,1.00006103515625,1.999969482421875,1.00006103515625,1.999969482421875,,,981086,23,1,3,0
424,981204,6554,13107,1.00006103515625,1.999969482421875,1.00006103515625,1.999969482421875,,,981211,24,1,3,0
425,981329,6554,13107,1.00006103515625,1.999969482421875,1.00006103515625,1.999969482421875,,,981336,24,1,3,0
426,981454,6554,13107,1.00006103515625,1.999969482421875,1.00006103515625,1.999969482421875,,,981462,23,1,3,0
427,981579,6554,13107,1.00006103515625,1.999969482421875,1.00006103515625,1.999969482421875,,,981587,23,1,3,0
428,981705,6554,13107,1.00006103515625,1.999969482421875,1.00006103515625,1.999969482421875,,,981712,24,1,3,0
429,981830,6554,13107,1.00006103515625,1.999969482421875,1.00006103515625,1.999969482421875,,,981837,24,1,3,0
430,981955,6554,13107,1.00006103515625,1.999969482421875,1.00006103515625,1.999969482421875,,,981963,23,1,3,0
431,982080,6554,13107,1.00006103515625,1.999969482421875,1.00006103515625,1.999969482421875,,,982088,23,1,3,0
432,982206,6554,13107,1.00006103515625,1.999969482421875,1.00006103515625,1.999969482421875,,,982213,24,1,3,0
433,982331,6554,13107,1.00006103515625,1.999969482421875,1.00006103515625,1.999969482421875,,,982338,24,1,3,0
434,982456,6554,13107,1.00006103515625,1.999969482421875,1.00006103515625,1.999969482421875,,,982464,23,1,3,0
435,982581,6554,13107,1.00006103515625,1.999969482421875,1.00006103515625,1.999969482421875,,,982589,23,1,3,0
436,982707,6554,13107,1.00006103515625,1.999969482421875,1.00006103515625,1.999969482421875,,,982714,24,1,3,0
437,982832,6554,13107,1.00006103515625,1.999969482421875,1.00006103515625,1.999969482421875,,,982839,24,1,3,0
438,982957,6554,13107,1.00006103515625,1.999969482421875,1.00006103515625,1.999969482421875,,,982965,23,1,3,0
439,983082,6554,13107,1.00006103515625,1.999969482421875,1.00006103515625,1.999969482421875,,,983090,23,1,3,0
440,983208,6554,13107,1.00006103515625,1.999969482421875,1.00006103515625,1.999969482421875,,,983215,24,1,3,0
441,983333,6554,13107,1.00006103515625,1.999969482421875,1.00006103515625,1.999969482421875,,,983340,24,1,3,0
442,983458,6554,13107,1.00006103515625,1.999969482421875,1.00006103515625,1.999969482421875,,,983466,23,1,3,0
443,983584,6554,13107,1.00006103515625,1.999969482421875,1.00006103515625,1.999969482421875,,,983591,24,1,3,0
444,983709,6554,13107,1.00006103515625,1.999969482421875,1.00006103515625,1.999969482421875,,,983716,24,1,3,0
445,983834,6554,13107,1.00006103515625,1.999969482421875,1.00006103515625,1.999969482421875,,,983841,24,1,3,0
446,983959,6554,13107,1.00006103515625,1.999969482421875,1.00006103515625,1.999969482421875,,,983966,24,1,3,0
447,984085,6554,13107,1.00006103515625,1.999969482421875,1.00006103515625,1.999969482421875,,,984092,23,1,3,0
448,984210,6554,13107,1.00006103515625,1.999969482421875,1.00006103515625,1.999969482421875,,,984217,24,1,3,0
449,984335,6554,13107,1.00006103515625,1.999969482421875,1.00006103515625,1.999969482421875,,,984342,24,1,3,0
450,984460,6554,13107,1.00006103515625,1.999969482421875,1.00006103515625,1.999969482421875,,,984467,24,1,3,0
451,984586,6554,13107,1.00006103515625,1.999969482421875,1.00006103515625,1.999969482421875,,,984593,23,1,3,0
452,984711,6554,13107,1.00006103515625,1.999969482421875,1.00006103515625,1.999969482421875,,,984718,24,1,3,0
453,984836,6554,13107,1.00006103515625,1.999969482421875,1.00006103515625,1.999969482421875,,,984843,24,1,3,0
454,984961,6554,13107,1.00006103515625,1.999969482421875,1.00006103515625,1.999969482421875,,,984968,24,1,3,0
455,985087,6554,13107,1.00006103515625,1.999969482421875,1.00006103515625,1.999969482421875,,,985094,23,1,3,0
456,985212,6554,13107,1.00006103515625,1.999969482421875,1.00006103515625,1.999969482421875,,,985219,24,1,3,0
457,985337,6554,13107,1.00006103515625,1.999969482421875,1.00006103515625,1.999969482421875,,,985344,24,1,3,0
458,985462,6554,13107,1.00006103515625,1.999969482421875,1.00006103515625,1.999969482421875,,,985469,24,1,3,0
459,985588,6554,13107,1.00006103515625,1.999969482421875,1.00006103515625,1.999969482421875,,,985595,23,1,3,0
460,985713,6554,13107,1.00006103515625,1.999969482421875,1.00006103515625,1.999969482421875,,,985720,24,1,3,0
461,985838,6554,13107,1.00006103515625,1.999969482421875,1.00006103515625,1.999969482421875,,,985845,24,1,3,0
462,985963,6554,13107,1.00006103515625,1.999969482421875,1.00006103515625,1.999969482421875,,,985970,24,1,3,0
463,986089,6554,13107,1.00006103515625,1.999969482421875,1.00006103515625,1.999969482421875,,,986096,23,1,3,0
464,986214,6554,13107,1.00006103515625,1.999969482421875,1.00006103515625,1.999969482421875,,,986221,24,1,3,0
465,986339,6554,13107,1.00006103515625,1.999969482421875,1.00006103515625,1.999969482421875,,,986346,24,1,3,0
466,986464,6554,13107,1.00006103515625,1.999969482421875,1.00006103515625,1.999969482421875,,,986471,24,1,3,0
467,986590,6554,13107,1.00006103515625,1.999969482421875,1.00006103515625,1.999969482421875,,,986597,23,1,3,0
468,986715,6554,13107,1.00006103515625,1.999969482421875,1.00006103515625,1.999969482421875,,,986722,24,1,3,0
469,986840,6554,13107,1.00006103515625,1.999969482421875,1.00006103515625,1.999969482421875,,,986847,24,1,3,0
470,986965,6554,13107,1.00006103515625,1.999969482421875,1.00006103515625,1.999969482421875,,,986972,24,1,3,0
471,987091,6554,13107,1.00006103515625,1.999969482421875,1.00006103515625,1.999969482421875,,,987098,23,1,3,0
472,987216,6554,13107,1.00006103515625,1.999969482421875,1.00006103515625,1.999969482421875,,,987223,24,1,3,0
473,987341,6554,13107,1.00006103515625,1.999969482421875,1.00006103515625,1.999969482421875,,,987348,24,1,3,0
474,987466,6554,13107,1.00006103515625,1.999969482421875,1.00006103515625,1.999969482421875,,,987473,24,1,3,0
475,987592,6554,13107,1.00006103515625,1.999969482421875,1.00006103515625,1.999969482421875,,,987599,23,1,3,0
476,987717,6554,13107,1.00006103515625,1.999969482421875,1.00006103515625,1.999969482421875,,,987724,24,1,3,0
477,987842,6554,13107,1.00006103515625,1.999969482421875,1.00006103515625,1.999969482421875,,,987849,24,1,3,0
478,987967,6554,13107,1.00006103515625,1.999969482421875,1.00006103515625,1.999969482421875,,,987974,24,1,3,0
479,988093,6554,13107,1.00006103515625,1.999969482421875,1.00006103515625,1.999969482421875,,,988100,23,1,3,0
480,988218,6554,13107,1.00006103515625,1.999969482421875,1.00006103515625,1.999969482421875,,,988225,24,1,3,0
481,988343,6554,13107,1.00006103515625,1.999969482421875,1.00006103515625,1.999969482421875,,,988350,24,1,3,0
482,988468,6554,13107,1.00006103515625,1.999969482421875,1.00006103515625,1.999969482421875,,,988475,24,1,3,0
483,988594,6554,13107,1.00006103515625,1.999969482421875,1.00006103515625,1.999969482421875,,,988601,23,1,3,0
484,988719,6554,13107,1.00006103515625,1.999969482421875,1.00006103515625,1.999969482421875,,,988726,24,1,3,0
485,988844,6554,13107,1.00006103515625,1.999969482421875,1.00006103515625,1.999969482421875,,,988851,24,1,3,0
486,988969,6554,13107,1.00006103515625,1.999969482421875,1.00006103515625,1.999969482421875,,,988976,24,1,3,0
487,989095,6554,13107,1.00006103515625,1.999969482421875,1.00006103515625,1.999969482421875,,,989102,23,1,3,0
488,989220,6554,13107,1.00006103515625,1.999969482421875,1.00006103515625,1.999969482421875,,,989227,24,1,3,0
489,989345,6554,13107,1.00006103515625,1.999969482421875,1.00006103515625,1.999969482421875,,,989352,24,1,3,0
490,989470,6554,13107,1.00006103515625,1.999969482421875,1.00006103515625,1.999969482421875,,,989477,24,1,3,0
491,989596,6554,13107,1.00006103515625,1.999969482421875,1.00006103515625,1.999969482421875,,,989603,23,1,3,0
492,989721,6554,13107,1.00006103515625,1.999969482421875,1.00006103515625,1.999969482421875,,,989728,24,1,3,0
493,989846,6554,13107,1.00006103515625,1.999969482421875,1.00006103515625,1.999969482421875,,,989853,24,1,3,0
494,989971,6554,13107,1.00006103515625,1.999969482421875,1.00006103515625,1.999969482421875,,,989978,24,1,3,0
495,990097,6554,13107,1.00006103515625,1.999969482421875,1.00006103515625,1.999969482421875,,,990104,23,1,3,0
496,990222,6554,13107,1.00006103515625,1.999969482421875,1.00006103515625,1.999969482421875,,,990229,24,1,3,0
497,990347,6554,13107,1.00006103515625,1.999969482421875,1.00006103515625,1.999969482421875,,,990354,24,1,3,0
498,990472,6554,13107,1.00006103515625,1.999969482421875,1.00006103515625,1.999969482421875,,,990479,24,1,3,0
499,990598,6554,13107,1.00006103515625,1.999969482421875,1.00006103515625,1.999969482421875,,,990605,23,1,3,0
500,990723,6554,13107,1.00006103515625,1.999969482421875,1.00006103515625,1.999969482421875,,,990730,24,1,3,0
501,990848,6554,13107,1.00006103515625,1.999969482421875,1.00006103515625,1.999969482421875,,,990855,24,1,3,0
502,990973,6554,13107,1.00006103515625,1.999969482421875,1.00006103515625,1.999969482421875,,,990980,24,1,3,0
503,991099,6554,13107,1.00006103515625,1.999969482421875,1.00006103515625,1.999969482421875,,,991106,23,1,3,0
504,991224,6554,13107,1.00006103515625,1.999969482421875,1.00006103515625,1.999969482421875,,,991231,24,1,3,0
505,991349,6554,13107,1.00006103515625,1.999969482421875,1.00006103515625,1.999969482421875,,,991356,24,1,3,0
506,991474,6554,13107,1.00006103515625,1.999969482421875,1.00006103515625,1.999969482421875,,,991481,24,1,3,0
507,991600,6554,13107,1.00006103515625,1.999969482421875,1.00006103515625,1.999969482421875,,,991607,23,1,3,0
508,991725,6554,13107,1.00006103515625,1.999969482421875,1.00006103515625,1.999969482421875,,,991732,24,1,3,0
509,991850,6554,13107,1.00006103515625,1.999969482421875,1.00006103515625,1.999969482421875,,,991857,24,1,3,0
510,991975,6554,13107,1.00006103515625,1.999969482421875,1.00006103515625,1.999969482421875,,,991982,24,1,3,0
511,992101,6554,13107,1.00006103515625,1.999969482421875,1.00006103515625,1.999969482421875,,,992108,23,1,3,0
512,992226,6554,13107,1.00006103515625,1.999969482421875,1.00006103515625,1.999969482421875,,,992233,24,1,3,0
513,992351,6554,13107,1.00006103515625,1.999969482421875,1.00006103515625,1.999969482421875,,,992360,23,1,3,0
514,992476,6554,13107,1.00006103515625,1.999969482421875,1.00006103515625,1.999969482421875,,,992483,24,1,3,0
515,992602,6554,13107,1.00006103515625,1.999969482421875,1.00006103515625,1.999969482421875,,,992609,23,1,3,0
516,992727,6554,13107,1.00006103515625,1.999969482421875,1.00006103515625,1.999969482421875,,,992734,24,1,3,0
517,992852,6554,13107,1.00006103515625,1.999969482421875,1.00006103515625,1.999969482421875,,,992859,24,1,3,0
518,992977,6554,13107,1.00006103515625,1.999969482421875,1.00006103515625,1.999969482421875,,,992984,24,1,3,0
519,993103,6554,13107,1.00006103515625,1.999969482421875,1.00006103515625,1.999969482421875,,,993110,23,1,3,0
520,993228,6554,13107,1.00006103515625,1.999969482421875,1.00006103515625,1.999969482421875,,,993235,24,1,3,0
521,993353,6554,13107,1.00006103515625,1.999969482421875,1.00006103515625,1.999969482421875,,,993360,24,1,3,0
522,993478,6554,13107,1.00006103515625,1.999969482421875,1.00006103515625,1.999969482421875,,,993485,24,1,3,0
523,993604,6554,13107,1.00006103515625,1.999969482421875,1.00006103515625,1.999969482421875,,,993611,23,1,3,0
524,993729,6554,13107,1.00006103515625,1.999969482421875,1.00006103515625,1.999969482421875,,,993736,24,1,3,0
525,993854,6554,13107,1.00006103515625,1.999969482421875,1.00006103515625,1.999969482421875,,,993861,24,1,3,0
526,993979,6554,13107,1.00006103515625,1.999969482421875,1.00006103515625,1.999969482421875,,,993986,24,1,3,0
527,994105,6554,13107,1.00006103515625,1.999969482421875,1.00006103515625,1.999969482421875,,,994112,23,1,3,0
528,994230,6554,13107,1.00006103515625,1.999969482421875,1.00006103515625,1.999969482421875,,,994237,24,1,3,0
529,994355,6554,13107,1.00006103515625,1.999969482421875,1.00006103515625,1.999969482421875,,,994362,24,1,3,0
530,994480,6554,13107,1.00006103515625,1.999969482421875,1.00006103515625,1.999969482421875,,,994487,24,1,3,0
531,994606,6554,13107,1.00006103515625,1.999969482421875,1.00006103515625,1.999969482421875,,,994613,26,1,3,0
532,994731,6554,13107,1.00006103515625,1.999969482421875,1.00006103515625,1.999969482421875,,,994738,24,1,3,0
533,994856,6554,13107,1.00006103515625,1.999969482421875,1.00006103515625,1.999969482421875,,,994863,24,1,3,0
534,994981,6554,13107,1.00006103515625,1.999969482421875,1.00006103515625,1.999969482421875,,,994988,24,1,3,0
535,995107,6554,13107,1.00006103515625,1.999969482421875,1.00006103515625,1.999969482421875,,,995114,23,1,3,0
536,995232,6554,13107,1.00006103515625,1.999969482421875,1.00006103515625,1.999969482421875,,,995239,24,1,3,0
537,995357,6554,13107,1.00006103515625,1.999969482421875,1.00006103515625,1.999969482421875,,,995364,24,1,3,0
538,995482,6554,13107,1.00006103515625,1.999969482421875,1.00006103515625,1.999969482421875,,,995489,24,1,3,0
539,995608,6554,13107,1.00006103515625,1.999969482421875,1.00006103515625,1.999969482421875,,,995615,25,1,3,0
540,995733,6554,13107,1.00006103515625,1.999969482421875,1.00006103515625,1.999969482421875,,,995740,24,1,3,0
541,995858,6554,13107,1.00006103515625,1.999969482421875,1.00006103515625,1.999969482421875,,,995865,24,1,3,0
542,995983,6554,13107,1.00006103515625,1.999969482421875,1.00006103515625,1.999969482421875,,,995990,24,1,3,0
543,996109,6554,13107,1.00006103515625,1.999969482421875,1.00006103515625,1.999969482421875,,,996116,23,1,3,0
544,996234,6554,13107,1.00006103515625,1.999969482421875,1.00006103515625,1.999969482421875,,,996241,24,1,3,0
545,996359,6554,13107,1.00006103515625,1.999969482421875,1.00006103515625,1.999969482421875,,,996367,23,1,3,0
546,996484,6554,13107,1.00006103515625,1.999969482421875,1.00006103515625,1.999969482421875,,,996492,23,1,3,0
547,996610,6554,13107,1.00006103515625,1.999969482421875,1.00006103515625,1.999969482421875,,,996617,24,1,3,0
548,996735,6554,13107,1.00006103515625,1.999969482421875,1.00006103515625,1.999969482421875,,,996742,24,1,3,0
549,996860,6554,13107,1.00006103515625,1.999969482421875,1.00006103515625,1.999969482421875,,,996867,24,1,3,0
550,996985,6554,13107,1.00006103515625,1.999969482421875,1.00006103515625,1.999969482421875,,,996993,23,1,3,0
551,997111,6554,13107,1.00006103515625,1.999969482421875,1.00006103515625,1.999969482421875,,,997118,23,1,3,0
552,997236,6554,13107,1.00006103515625,1.999969482421875,1.00006103515625,1.999969482421875,,,997243,24,1,3,0
553,997361,6554,13107,1.00006103515625,1.999969482421875,1.00006103515625,1.999969482421875,,,997368,24,1,3,0
554,997486,6554,13107,1.00006103515625,1.999969482421875,1.00006103515625,1.999969482421875,,,997494,23,1,3,0
555,997612,6554,13107,1.00006103515625,1.999969482421875,1.00006103515625,1.999969482421875,,,997619,24,1,3,0
556,997737,6554,13107,1.00006103515625,1.999969482421875,1.00006103515625,1.999969482421875,,,997744,24,1,3,0
557,997862,6554,13107,1.00006103515625,1.999969482421875,1.00006103515625,1.999969482421875,,,997869,24,1,3,0
558,997987,6554,13107,1.00006103515625,1.999969482421875,1.00006103515625,1.999969482421875,,,997995,23,1,3,0
559,998113,6554,13107,1.00006103515625,1.999969482421875,1.00006103515625,1.999969482421875,,,998120,23,1,3,0
560,998238,6554,13107,1.00006103515625,1.999969482421875,1.00006103515625,1.999969482421875,,,998245,24,1,3,0
561,998363,6554,13107,1.00006103515625,1.999969482421875,1.00006103515625,1.999969482421875,,,998370,24,1,3,0
562,998488,6554,13107,1.00006103515625,1.999969482421875,1.00006103515625,1.999969482421875,,,998496,23,1,3,0
563,998614,6554,13107,1.00006103515625,1.999969482421875,1.00006103515625,1.999969482421875,,,998621,24,1,3,0
564,998739,6554,13107,1.00006103515625,1.999969482421875,1.00006103515625,1.999969482421875,,,998746,24,1,3,0
565,998864,6554,13107,1.00006103515625,1.999969482421875,1.00006103515625,1.999969482421875,,,998871,24,1,3,0
566,998989,6554,13107,1.00006103515625,1.999969482421875,1.00006103515625,1.999969482421875,,,998997,23,1,3,0
567,999115,6554,13107,1.00006103515625,1.999969482421875,1.00006103515625,1.999969482421875,,,999122,23,1,3,0
568,999240,6554,13107,1.00006103515625,1.999969482421875,1.00006103515625,1.999969482421875,,,999247,24,1,3,0
569,999365,6554,13107,1.00006103515625,1.999969482421875,1.00006103515625,1.999969482421875,,,999372,24,1,3,0
570,999490,6554,13107,1.00006103515625,1.999969482421875,1.00006103515625,1.999969482421875,,,999498,23,1,3,0
571,999616,6554,13107,1.00006103515625,1.999969482421875,1.00006103515625,1.999969482421875,,,999623,24,1,3,0
572,999741,6554,13107,1.00006103515625,1.999969482421875,1.00006103515625,1.999969482421875,,,999748,24,1,3,0
573,999866,6554,13107,1.00006103515625,1.999969482421875,1.00006103515625,1.999969482421875,,,999873,24,1,3,0
574,999991,6554,13107,1.00006103515625,1.999969482421875,1.00006103515625,1.999969482421875,,,999999,23,1,3,0
575,1000117,6554,13107,1.00006103515625,1.999969482421875,1.00006103515625,1.999969482421875,,,1000124,23,1,3,0
576,1000242,6554,13107,1.00006103515625,1.999969482421875,1.00006103515625,1.999969482421875,,,1000249,24,1,3,0
577,1000367,6554,13107,1.00006103515625,1.999969482421875,1.00006103515625,1.999969482421875,,,1000374,24,1,3,0
578,1000492,6554,13107,1.00006103515625,1.999969482421875,1.00006103515625,1.999969482421875,,,1000500,23,1,3,0
579,1000618,6554,13107,1.00006103515625,1.999969482421875,1.00006103515625,1.999969482421875,,,1000625,24,1,3,0
580,1000743,6554,13107,1.00006103515625,1.999969482421875,1.00006103515625,1.999969482421875,,,1000750,24,1,3,0
581,1000868,6554,13107,1.00006103515625,1.999969482421875,1.00006103515625,1.999969482421875,,,1000875,24,1,3,0
582,1000993,6554,13107,1.00006103515625,1.999969482421875,1.00006103515625,1.999969482421875,,,1001001,23,1,3,0
583,1001119,6554,13107,1.00006103515625,1.999969482421875,1.00006103515625,1.999969482421875,,,1001126,23,1,3,0
584,1001244,6554,13107,1.00006103515625,1.999969482421875,1.00006103515625,1.999969482421875,,,1001251,24,1,3,0
585,1001369,6554,13107,1.00006103515625,1.999969482421875,1.00006103515625,1.999969482421875,,,1001376,24,1,3,0
586,1001494,6554,13107,1.00006103515625,1.999969482421875,1.00006103515625,1.999969482421875,,,1001502,23,1,3,0
587,1001620,6554,13107,1.00006103515625,1.999969482421875,1.00006103515625,1.999969482421875,,,1001627,24,1,3,0
588,1001745,6554,13107,1.00006103515625,1.999969482421875,1.00006103515625,1.999969482421875,,,1001752,24,1,3,0
589,1001870,6554,13107,1.00006103515625,1.999969482421875,1.00006103515625,1.999969482421875,,,1001877,24,1,3,0
590,1001995,6554,13107,1.00006103515625,1.999969482421875,1.00006103515625,1.999969482421875,,,1002003,23,1,3,0
591,1002121,6554,13107,1.00006103515625,1.999969482421875,1.00006103515625,1.999969482421875,,,1002128,23,1,3,0
592,1002246,6554,13107,1.00006103515625,1.999969482421875,1.00006103515625,1.999969482421875,,,1002253,24,1,3,0
593,1002371,6554,13107,1.00006103515625,1.999969482421875,1.00006103515625,1.999969482421875,,,1002380,24,1,3,0
594,1002496,6554,13107,1.00006103515625,1.999969482421875,1.00006103515625,1.999969482421875,,,1002504,23,1,3,0
595,1002622,6554,13107,1.00006103515625,1.999969482421875,1.00006103515625,1.999969482421875,,,1002629,24,1,3,0
596,1002747,6554,13107,1.00006103515625,1.999969482421875,1.00006103515625,1.999969482421875,,,1002754,24,1,3,0
597,1002872,6554,13107,1.00006103515625,1.999969482421875,1.00006103515625,1.999969482421875,,,1002879,24,1,3,0
598,1002997,6554,13107,1.00006103515625,1.999969482421875,1.00006103515625,1.999969482421875,,,1003005,23,1,3,0
599,1003123,6554,13107,1.00006103515625,1.999969482421875,1.00006103515625,1.999969482421875,,,1003130,23,1,3,0
600,1003248,6554,13107,1.00006103515625,1.999969482421875,1.00006103515625,1.999969482421875,,,1003255,24,1,3,0
601,1003373,6554,13107,1.00006103515625,1.999969482421875,1.00006103515625,1.999969482421875,,,1003380,24,1,3,0
602,1003498,6554,13107,1.00006103515625,1.999969482421875,1.00006103515625,1.999969482421875,,,1003506,23,1,3,0
603,1003624,6554,13107,1.00006103515625,1.999969482421875,1.00006103515625,1.999969482421875,,,1003631,26,1,3,0
604,1003749,6554,13107,1.00006103515625,1.999969482421875,1.00006103515625,1.999969482421875,,,1003756,24,1,3,0
605,1003874,6554,13107,1.00006103515625,1.999969482421875,1.00006103515625,1.999969482421875,,,1003881,24,1,3,0
606,1003999,6554,13107,1.00006103515625,1.999969482421875,1.00006103515625,1.999969482421875,,,1004007,23,1,3,0
607,1004125,6554,13107,1.00006103515625,1.999969482421875,1.00006103515625,1.999969482421875,,,1004132,23,1,3,0
608,1004250,6554,13107,1.00006103515625,1.999969482421875,1.00006103515625,1.999969482421875,,,1004257,24,1,3,0
609,1004375,6554,13107,1.00006103515625,1.999969482421875,1.00006103515625,1.999969482421875,,,1004382,24,1,3,0
610,1004500,6554,13107,1.00006103515625,1.999969482421875,1.00006103515625,1.999969482421875,,,1004508,23,1,3,0
611,1004626,6554,13107,1.00006103515625,1.999969482421875,1.00006103515625,1.999969482421875,,,1004633,26,1,3,0
612,1004751,6554,13107,1.00006103515625,1.999969482421875,1.00006103515625,1.999969482421875,,,1004758,24,1,3,0
613,1004876,6554,13107,1.00006103515625,1.999969482421875,1.00006103515625,1.999969482421875,,,1004883,24,1,3,0
614,1005001,6554,13107,1.00006103515625,1.999969482421875,1.00006103515625,1.999969482421875,,,1005009,23,1,3,0
615,1005127,6554,13107,1.00006103515625,1.999969482421875,1.00006103515625,1.999969482421875,,,1005134,24,1,3,0
616,1005252,6554,13107,1.00006103515625,1.999969482421875,1.00006103515625,1.999969482421875,,,1005259,24,1,3,0
617,1005377,6554,13107,1.00006103515625,1.999969482421875,1.00006103515625,1.999969482421875,,,1005384,24,1,3,0
618,1005502,6554,13107,1.00006103515625,1.999969482421875,1.00006103515625,1.999969482421875,,,1005510,23,1,3,0
619,1005628,6554,13107,1.00006103515625,1.999969482421875,1.00006103515625,1.999969482421875,,,1005635,26,1,3,0
620,1005753,6554,13107,1.00006103515625,1.999969482421875,1.00006103515625,1.999969482421875,,,1005760,24,1,3,0
621,1005878,6554,13107,1.00006103515625,1.999969482421875,1.00006103515625,1.999969482421875,,,1005885,24,1,3,0
622,1006003,6554,13107,1.00006103515625,1.999969482421875,1.00006103515625,1.999969482421875,,,1006011,23,1,3,0
623,1006129,6554,13107,1.00006103515625,1.999969482421875,1.00006103515625,1.999969482421875,,,1006136,24,1,3,0
624,1006254,6554,13107,1.00006103515625,1.999969482421875,1.00006103515625,1.999969482421875,,,1006261,24,1,3,0
625,1006379,6554,13107,1.00006103515625,1.999969482421875,1.00006103515625,1.999969482421875,,,1006386,24,1,3,0
626,1006505,6554,13107,1.00006103515625,1.999969482421875,1.00006103515625,1.999969482421875,,,1006512,23,1,3,0
627,1006630,6554,13107,1.00006103515625,1.999969482421875,1.00006103515625,1.999969482421875,,,1006639,24,1,3,0
628,1006755,6554,13107,1.00006103515625,1.999969482421875,1.00006103515625,1.999969482421875,,,1006762,24,1,3,0
629,1006880,6554,13107,1.00006103515625,1.999969482421875,1.00006103515625,1.999969482421875,,,1006887,24,1,3,0
630,1007006,6554,13107,1.00006103515625,1.999969482421875,1.00006103515625,1.999969482421875,,,1007013,23,1,3,0
631,1007131,6554,13107,1.00006103515625,1.999969482421875,1.00006103515625,1.999969482421875,,,1007139,23,1,3,0
632,1007256,6554,13107,1.00006103515625,1.999969482421875,1.00006103515625,1.999969482421875,,,1007263,24,1,3,0
633,1007381,6554,13107,1.00006103515625,1.999969482421875,1.00006103515625,1.999969482421875,,,1007388,24,1,3,0
634,1007507,6554,13107,1.00006103515625,1.999969482421875,1.00006103515625,1.999969482421875,,,1007514,23,1,3,0
635,1007632,6554,13107,1.00006103515625,1.999969482421875,1.00006103515625,1.999969482421875,,,1007640,24,1,3,0
636,1007757,6554,13107,1.00006103515625,1.999969482421875,1.00006103515625,1.999969482421875,,,1007764,24,1,3,0
637,1007882,6554,13107,1.00006103515625,1.999969482421875,1.00006103515625,1.999969482421875,,,1007889,24,1,3,0
638,1008008,6554,13107,1.00006103515625,1.999969482421875,1.00006103515625,1.999969482421875,,,1008015,23,1,3,0
639,1008133,6554,13107,1.00006103515625,1.999969482421875,1.00006103515625,1.999969482421875,,,1008142,23,1,3,0
640,1008258,6554,13107,1.00006103515625,1.999969482421875,1.00006103515625,1.999969482421875,,,1008265,24,1,3,0
641,1008383,6554,13107,1.00006103515625,1.999969482421875,1.00006103515625,1.999969482421875,,,1008390,24,1,3,0
642,1008509,6554,13107,1.00006103515625,1.999969482421875,1.00006103515625,1.999969482421875,,,1008516,23,1,3,0
643,1008634,6554,13107,1.00006103515625,1.999969482421875,1.00006103515625,1.999969482421875,,,1008642,24,1,3,0
644,1008759,6554,13107,1.00006103515625,1.999969482421875,1.00006103515625,1.999969482421875,,,1008766,24,1,3,0
645,1008884,6554,13107,1.00006103515625,1.999969482421875,1.00006103515625,1.999969482421875,,,1008891,24,1,3,0
646,1009010,6554,13107,1.00006103515625,1.999969482421875,1.00006103515625,1.999969482421875,,,1009017,23,1,3,0
647,1009135,6554,13107,1.00006103515625,1.999969482421875,1.00006103515625,1.999969482421875,,,1009143,23,1,3,0
648,1009260,6554,13107,1.00006103515625,1.999969482421875,1.00006103515625,1.999969482421875,,,1009267,24,1,3,0
649,1009385,6554,13107,1.00006103515625,1.999969482421875,1.00006103515625,1.999969482421875,,,1009392,24,1,3,0
650,1009511,6554,13107,1.00006103515625,1.999969482421875,1.00006103515625,1.999969482421875,,,1009518,23,1,3,0
651,1009636,6554,13107,1.00006103515625,1.999969482421875,1.00006103515625,1.999969482421875,,,1009644,24,1,3,0
652,1009761,6554,13107,1.00006103515625,1.999969482421875,1.00006103515625,1.999969482421875,,,1009768,24,1,3,0
653,1009886,6554,13107,1.00006103515625,1.999969482421875,1.00006103515625,1.999969482421875,,,1009893,24,1,3,0
654,1010012,6554,13107,1.00006103515625,1.999969482421875,1.00006103515625,1.999969482421875,,,1010019,23,1,3,0
655,1010137,6554,13107,1.00006103515625,1.999969482421875,1.00006103515625,1.999969482421875,,,1010144,24,1,3,0
656,1010262,6554,13107,1.00006103515625,1.999969482421875,1.00006103515625,1.999969482421875,,,1010269,24,1,3,0
657,1010387,6554,13107,1.00006103515625,1.999969482421875,1.00006103515625,1.999969482421875,,,1010394,24,1,3,0
658,1010513,6554,13107,1.00006103515625,1.999969482421875,1.00006103515625,1.999969482421875,,,1010520,23,1,3,0
659,1010639,6554,13107,1.00006103515625,1.999969482421875,1.00006103515625,1.999969482421875,,,1010646,23,1,3,0
660,1010763,6554,13107,1.00006103515625,1.999969482421875,1.00006103515625,1.999969482421875,,,1010770,24,1,3,0
661,1010888,6554,13107,1.00006103515625,1.999969482421875,1.00006103515625,1.999969482421875,,,1010895,24,1,3,0
662,1011013,6554,13107,1.00006103515625,1.999969482421875,1.00006103515625,1.999969482421875,,,1011020,24,1,3,0
663,1011139,6554,13107,1.00006103515625,1.999969482421875,1.00006103515625,1.999969482421875,,,1011146,23,1,3,0
664,1011264,6554,13107,1.00006103515625,1.999969482421875,1.00006103515625,1.999969482421875,,,1011271,24,1,3,0
665,1011389,6554,13107,1.00006103515625,1.999969482421875,1.00006103515625,1.999969482421875,,,1011396,24,1,3,0
666,1011514,6554,13107,1.00006103515625,1.999969482421875,1.00006103515625,1.999969482421875,,,1011521,24,1,3,0
667,1011641,6554,13107,1.00006103515625,1.999969482421875,1.00006103515625,1.999969482421875,,,1011648,24,1,3,0
668,1011765,6554,13107,1.00006103515625,1.999969482421875,1.00006103515625,1.999969482421875,,,1011772,24,1,3,0
669,1011890,6554,13107,1.00006103515625,1.999969482421875,1.00006103515625,1.999969482421875,,,1011898,23,1,3,0
670,1012016,6554,13107,1.00006103515625,1.999969482421875,1.00006103515625,1.999969482421875,,,1012023,23,1,3,0
671,1012141,6554,13107,1.00006103515625,1.999969482421875,1.00006103515625,1.999969482421875,,,1012148,24,1,3,0
672,1012266,6554,13107,1.00006103515625,1.999969482421875,1.00006103515625,1.999969482421875,,,1012273,24,1,3,0
673,1012391,6554,13107,1.00006103515625,1.999969482421875,1.00006103515625,1.999969482421875,,,1012399,23,1,3,0
674,1012517,6554,13107,1.00006103515625,1.999969482421875,1.00006103515625,1.999969482421875,,,1012524,23,1,3,0
675,1012642,6554,13107,1.00006103515625,1.999969482421875,1.00006103515625,1.999969482421875,,,1012649,24,1,3,0
676,1012767,6554,13107,1.00006103515625,1.999969482421875,1.00006103515625,1.999969482421875,,,1012774,24,1,3,0
677,1012892,6554,13107,1.00006103515625,1.999969482421875,1.00006103515625,1.999969482421875,,,1012899,24,1,3,0
678,1013018,6554,13107,1.00006103515625,1.999969482421875,1.00006103515625,1.999969482421875,,,1013025,23,1,3,0
679,1013143,6554,13107,1.00006103515625,1.999969482421875,1.00006103515625,1.999969482421875,,,1013150,24,1,3,0
680,1013268,6554,13107,1.00006103515625,1.999969482421875,1.00006103515625,1.999969482421875,,,1013275,24,1,3,0
681,1013393,6554,13107,1.00006103515625,1.999969482421875,1.00006103515625,1.999969482421875,,,1013400,24,1,3,0
682,1013519,6554,13107,1.00006103515625,1.999969482421875,1.00006103515625,1.999969482421875,,,1013526,23,1,3,0
683,1013644,6554,13107,1.00006103515625,1.999969482421875,1.00006103515625,1.999969482421875,,,1013651,24,1,3,0
684,1013769,6554,13107,1.00006103515625,1.999969482421875,1.00006103515625,1.999969482421875,,,1013776,24,1,3,0
685,1013894,6554,13107,1.00006103515625,1.999969482421875,1.00006103515625,1.999969482421875,,,1013901,24,1,3,0
686,1014020,6554,13107,1.00006103515625,1.999969482421875,1.00006103515625,1.999969482421875,,,1014027,23,1,3,0
687,1014145,6554,13107,1.00006103515625,1.999969482421875,1.00006103515625,1.999969482421875,,,1014152,24,1,3,0
688,1014270,6554,13107,1.00006103515625,1.999969482421875,1.00006103515625,1.999969482421875,,,1014277,24,1,3,0
689,1014395,6554,13107,1.00006103515625,1.999969482421875,1.00006103515625,1.999969482421875,,,1014402,24,1,3,0
690,1014521,6554,13107,1.00006103515625,1.999969482421875,1.00006103515625,1.999969482421875,,,1014528,23,1,3,0
691,1014646,6554,13107,1.00006103515625,1.999969482421875,1.00006103515625,1.999969482421875,,,1014653,24,1,3,0
692,1014771,6554,13107,1.00006103515625,1.999969482421875,1.00006103515625,1.999969482421875,,,1014778,24,1,3,0
693,1014896,6554,13107,1.00006103515625,1.999969482421875,1.00006103515625,1.999969482421875,,,1014903,24,1,3,0
694,1015022,6554,13107,1.00006103515625,1.999969482421875,1.00006103515625,1.999969482421875,,,1015029,23,1,3,0
695,1015147,6554,13107,1.00006103515625,1.999969482421875,1.00006103515625,1.999969482421875,,,1015154,24,1,3,0
696,1015272,6554,13107,1.00006103515625,1.999969482421875,1.00006103515625,1.999969482421875,,,1015279,24,1,3,0
697,1015397,6554,13107,1.00006103515625,1.999969482421875,1.00006103515625,1.999969482421875,,,1015405,23,1,3,0
698,1015523,6554,13107,1.00006103515625,1.999969482421875,1.00006103515625,1.999969482421875,,,1015530,23,1,3,0
699,1015648,6554,13107,1.00006103515625,1.999969482421875,1.00006103515625,1.999969482421875,,,1015655,24,1,3,0
700,1015773,6554,13107,1.00006103515625,1.999969482421875,1.00006103515625,1.999969482421875,,,1015780,24,1,3,0
701,1015898,6554,13107,1.00006103515625,1.999969482421875,1.00006103515625,1.999969482421875,,,1015906,23,1,3,0
702,1016024,6554,13107,1.00006103515625,1.999969482421875,1.00006103515625,1.999969482421875,,,1016031,23,1,3,0
703,1016149,6554,13107,1.00006103515625,1.999969482421875,1.00006103515625,1.999969482421875,,,1016156,24,1,3,0
704,1016274,6554,13107,1.00006103515625,1.999969482421875,1.00006103515625,1.999969482421875,,,1016281,24,1,3,0
705,1016399,6554,13107,1.00006103515625,1.999969482421875,1.00006103515625,1.999969482421875,,,1016407,23,1,3,0
706,1016525,6554,13107,1.00006103515625,1.999969482421875,1.00006103515625,1.999969482421875,,,1016532,23,1,3,0
707,1016650,6554,13107,1.00006103515625,1.999969482421875,1.00006103515625,1.999969482421875,,,1016657,24,1,3,0
708,1016775,6554,13107,1.00006103515625,1.999969482421875,1.00006103515625,1.999969482421875,,,1016782,24,1,3,0
709,1016900,6554,13107,1.00006103515625,1.999969482421875,1.00006103515625,1.999969482421875,,,1016908,23,1,3,0
710,1017026,6554,13107,1.00006103515625,1.999969482421875,1.00006103515625,1.999969482421875,,,1017033,23,1,3,0
711,1017151,6554,13107,1.00006103515625,1.999969482421875,1.00006103515625,1.999969482421875,,,1017158,24,1,3,0
712,1017276,6554,13107,1.00006103515625,1.999969482421875,1.00006103515625,1.999969482421875,,,1017283,24,1,3,0
713,1017401,6554,13107,1.00006103515625,1.999969482421875,1.00006103515625,1.999969482421875,,,1017409,23,1,3,0
714,1017527,6554,13107,1.00006103515625,1.999969482421875,1.00006103515625,1.999969482421875,,,1017534,23,1,3,0
715,1017652,6554,13107,1.00006103515625,1.999969482421875,1.00006103515625,1.999969482421875,,,1017659,24,1,3,0
716,1017777,6554,13107,1.00006103515625,1.999969482421875,1.00006103515625,1.999969482421875,,,1017784,24,1,3,0
717,1017902,6554,13107,1.00006103515625,1.999969482421875,1.00006103515625,1.999969482421875,,,1017910,23,1,3,0
718,1018028,6554,13107,1.00006103515625,1.999969482421875,1.00006103515625,1.999969482421875,,,1018035,23,1,3,0
719,1018153,6554,13107,1.00006103515625,1.999969482421875,1.00006103515625,1.999969482421875,,,1018160,24,1,3,0
720,1018278,6554,13107,1.00006103515625,1.999969482421875,1.00006103515625,1.999969482421875,,,1018285,24,1,3,0
721,1018403,6554,13107,1.00006103515625,1.999969482421875,1.00006103515625,1.999969482421875,,,1018411,23,1,3,0
722,1018529,6554,13107,1.00006103515625,1.999969482421875,1.00006103515625,1.999969482421875,,,1018536,23,1,3,0
723,1018654,6554,13107,1.00006103515625,1.999969482421875,1.00006103515625,1.999969482421875,,,1018661,24,1,3,0
724,1018779,6554,13107,1.00006103515625,1.999969482421875,1.00006103515625,1.999969482421875,,,1018786,24,1,3,0
725,1018904,6554,13107,1.00006103515625,1.999969482421875,1.00006103515625,1.999969482421875,,,1018912,23,1,3,0
726,1019030,6554,13107,1.00006103515625,1.999969482421875,1.00006103515625,1.999969482421875,,,1019037,23,1,3,0
727,1019155,6554,13107,1.00006103515625,1.999969482421875,1.00006103515625,1.999969482421875,,,1019162,24,1,3,0
728,1019280,6554,13107,1.00006103515625,1.999969482421875,1.00006103515625,1.999969482421875,,,1019287,24,1,3,0
729,1019405,6554,13107,1.00006103515625,1.999969482421875,1.00006103515625,1.999969482421875,,,1019413,23,1,3,0
730,1019531,6554,13107,1.00006103515625,1.999969482421875,1.00006103515625,1.999969482421875,,,1019538,23,1,3,0
731,1019656,6554,13107,1.00006103515625,1.999969482421875,1.00006103515625,1.999969482421875,,,1019663,24,1,3,0
732,1019781,6554,13107,1.00006103515625,1.999969482421875,1.00006103515625,1.999969482421875,,,1019788,24,1,3,0
733,1019906,6554,13107,1.00006103515625,1.999969482421875,1.00006103515625,1.999969482421875,,,1019914,23,1,3,0
734,1020032,6554,13107,1.00006103515625,1.999969482421875,1.00006103515625,1.999969482421875,,,1020039,23,1,3,0
735,1020157,6554,13107,1.00006103515625,1.999969482421875,1.00006103515625,1.999969482421875,,,1020164,24,1,3,0
736,1020282,6554,13107,1.00006103515625,1.999969482421875,1.00006103515625,1.999969482421875,,,1020289,24,1,3,0
737,1020407,6554,13107,1.00006103515625,1.999969482421875,1.00006103515625,1.999969482421875,,,1020415,23,1,3,0
738,1020533,6554,13107,1.00006103515625,1.999969482421875,1.00006103515625,1.999969482421875,,,1020540,23,1,3,0
739,1020658,6554,13107,1.00006103515625,1.999969482421875,1.00006103515625,1.999969482421875,,,1020665,24,1,3,0
740,1020783,6554,13107,1.00006103515625,1.999969482421875,1.00006103515625,1.999969482421875,,,1020790,24,1,3,0
741,1020908,6554,13107,1.00006103515625,1.999969482421875,1.00006103515625,1.999969482421875,,,1020916,23,1,3,0
742,1021034,6554,13107,1.00006103515625,1.999969482421875,1.00006103515625,1.999969482421875,,,1021041,23,1,3,0
743,1021159,6554,13107,1.00006103515625,1.999969482421875,1.00006103515625,1.999969482421875,,,1021166,24,1,3,0
744,1021284,6554,13107,1.00006103515625,1.999969482421875,1.00006103515625,1.999969482421875,,,1021291,24,1,3,0
745,1021409,6554,13107,1.00006103515625,1.999969482421875,1.00006103515625,1.999969482421875,,,1021417,23,1,3,0
746,1021535,6554,13107,1.00006103515625,1.999969482421875,1.00006103515625,1.999969482421875,,,1021542,23,1,3,0
747,1021660,6554,13107,1.00006103515625,1.999969482421875,1.00006103515625,1.999969482421875,,,1021667,24,1,3,0
748,1021785,6554,13107,1.00006103515625,1.999969482421875,1.00006103515625,1.999969482421875,,,1021792,24,1,3,0
749,1021910,6554,13107,1.00006103515625,1.999969482421875,1.00006103515625,1.999969482421875,,,1021918,23,1,3,0
750,1022036,6554,13107,1.00006103515625,1.999969482421875,1.00006103515625,1.999969482421875,,,1022043,23,1,3,0
751,1022161,6554,13107,1.00006103515625,1.999969482421875,1.00006103515625,1.999969482421875,,,1022168,24,1,3,0
752,1022286,6554,13107,1.00006103515625,1.999969482421875,1.00006103515625,1.999969482421875,,,1022293,24,1,3,0
753,1022411,6554,13107,1.00006103515625,1.999969482421875,1.00006103515625,1.999969482421875,,,1022419,23,1,3,0
754,1022537,6554,13107,1.00006103515625,1.999969482421875,1.00006103515625,1.999969482421875,,,1022544,23,1,3,0
755,1022662,6554,13107,1.00006103515625,1.999969482421875,1.00006103515625,1.999969482421875,,,1022669,24,1,3,0
756,1022787,6554,13107,1.00006103515625,1.999969482421875,1.00006103515625,1.999969482421875,,,1022794,24,1,3,0
757,1022912,6554,13107,1.00006103515625,1.999969482421875,1.00006103515625,1.999969482421875,,,1022920,23,1,3,0
758,1023038,6554,13107,1.00006103515625,1.999969482421875,1.00006103515625,1.999969482421875,,,1023045,23,1,3,0
759,1023163,6554,13107,1.00006103515625,1.999969482421875,1.00006103515625,1.999969482421875,,,1023170,24,1,3,0
760,1023288,6554,13107,1.00006103515625,1.999969482421875,1.00006103515625,1.999969482421875,,,1023295,24,1,3,0
761,1023413,6554,13107,1.00006103515625,1.999969482421875,1.00006103515625,1.999969482421875,,,1023421,23,1,3,0
762,1023539,6554,13107,1.00006103515625,1.999969482421875,1.00006103515625,1.999969482421875,,,1023546,23,1,3,0
763,1023664,6554,13107,1.00006103515625,1.999969482421875,1.00006103515625,1.999969482421875,,,1023671,24,1,3,0
764,1023789,6554,13107,1.00006103515625,1.999969482421875,1.00006103515625,1.999969482421875,,,1023796,24,1,3,0
765,1023914,6554,13107,1.00006103515625,1.999969482421875,1.00006103515625,1.999969482421875,,,1023922,23,1,3,0
766,1024040,6554,13107,1.00006103515625,1.999969482421875,1.00006103515625,1.999969482421875,,,1024047,23,1,3,0
767,1024165,6554,13107,1.00006103515625,1.999969482421875,1.00006103515625,1.999969482421875,,,1024172,24,1,3,0
768,1024290,6554,13107,1.00006103515625,1.999969482421875,1.00006103515625,1.999969482421875,,,1024297,24,1,3,0
769,1024415,6554,13107,1.00006103515625,1.999969482421875,1.00006103515625,1.999969482421875,,,1024423,23,1,3,0
770,1024541,6554,13107,1.00006103515625,1.999969482421875,1.00006103515625,1.999969482421875,,,1024548,23,1,3,0
771,1024666,6554,13107,1.00006103515625,1.999969482421875,1.00006103515625,1.999969482421875,,,1024673,24,1,3,0
772,1024791,6554,13107,1.00006103515625,1.999969482421875,1.00006103515625,1.999969482421875,,,1024798,24,1,3,0
773,1024916,6554,13107,1.00006103515625,1.999969482421875,1.00006103515625,1.999969482421875,,,1024924,23,1,3,0
774,1025042,6554,13107,1.00006103515625,1.999969482421875,1.00006103515625,1.999969482421875,,,1025049,23,1,3,0
775,1025167,6554,13107,1.00006103515625,1.999969482421875,1.00006103515625,1.999969482421875,,,1025174,24,1,3,0
776,1025292,6554,13107,1.00006103515625,1.999969482421875,1.00006103515625,1.999969482421875,,,1025299,24,1,3,0
777,1025417,6554,13107,1.00006103515625,1.999969482421875,1.00006103515625,1.999969482421875,,,1025425,23,1,3,0
778,1025543,6554,13107,1.00006103515625,1.999969482421875,1.00006103515625,1.999969482421875,,,1025550,23,1,3,0
779,1025668,6554,13107,1.00006103515625,1.999969482421875,1.00006103515625,1.999969482421875,,,1025675,24,1,3,0
780,1025793,6554,13107,1.00006103515625,1.999969482421875,1.00006103515625,1.999969482421875,,,1025800,24,1,3,0
781,1025918,6554,13107,1.00006103515625,1.999969482421875,1.00006103515625,1.999969482421875,,,1025926,23,1,3,0
782,1026044,6554,13107,1.00006103515625,1.999969482421875,1.00006103515625,1.999969482421875,,,1026051,23,1,3,0
783,1026169,6554,13107,1.00006103515625,1.999969482421875,1.00006103515625,1.999969482421875,,,1026176,24,1,3,0
784,1026294,6554,13107,1.00006103515625,1.999969482421875,1.00006103515625,1.999969482421875,,,1026301,24,1,3,0
785,1026419,6554,13107,1.00006103515625,1.999969482421875,1.00006103515625,1.999969482421875,,,1026427,23,1,3,0
786,1026545,6554,13107,1.00006103515625,1.999969482421875,1.00006103515625,1.999969482421875,,,1026552,24,1,3,0
787,1026670,6554,13107,1.00006103515625,1.999969482421875,1.00006103515625,1.999969482421875,,,1026677,24,1,3,0
788,1026795,6554,13107,1.00006103515625,1.999969482421875,1.00006103515625,1.999969482421875,,,1026802,24,1,3,0
789,1026920,6554,13107,1.00006103515625,1.999969482421875,1.00006103515625,1.999969482421875,,,1026928,23,1,3,0
790,1027046,6554,13107,1.00006103515625,1.999969482421875,1.00006103515625,1.999969482421875,,,1027053,24,1,3,0
791,1027171,6554,13107,1.00006103515625,1.999969482421875,1.00006103515625,1.999969482421875,,,1027178,24,1,3,0
792,1027296,6554,13107,1.00006103515625,1.999969482421875,1.00006103515625,1.999969482421875,,,1027303,24,1,3,0
793,1027421,6554,13107,1.00006103515625,1.999969482421875,1.00006103515625,1.999969482421875,,,1027429,23,1,3,0
794,1027547,6554,13107,1.00006103515625,1.999969482421875,1.00006103515625,1.999969482421875,,,1027554,24,1,3,0
795,1027672,6554,13107,1.00006103515625,1.999969482421875,1.00006103515625,1.999969482421875,,,1027679,24,1,3,0
796,1027797,6554,13107,1.00006103515625,1.999969482421875,1.00006103515625,1.999969482421875,,,1027804,24,1,3,0
797,1027922,6554,13107,1.00006103515625,1.999969482421875,1.00006103515625,1.999969482421875,,,1027930,23,1,3,0
798,1028048,6554,13107,1.00006103515625,1.999969482421875,1.00006103515625,1.999969482421875,,,1028055,24,1,3,0
799,1028173,6554,13107,1.00006103515625,1.999969482421875,1.00006103515625,1.999969482421875,,,1028180,24,1,3,0
800,1028298,6554,13107,1.00006103515625,1.999969482421875,1.00006103515625,1.999969482421875,,,1028305,24,1,3,0
801,1028423,6554,13107,1.00006103515625,1.999969482421875,1.00006103515625,1.999969482421875,,,1028431,23,1,3,0
802,1028549,6554,13107,1.00006103515625,1.999969482421875,1.00006103515625,1.999969482421875,,,1028556,24,1,3,0
803,1028674,6554,13107,1.00006103515625,1.999969482421875,1.00006103515625,1.999969482421875,,,1028681,24,1,3,0
804,1028799,6554,13107,1.00006103515625,1.999969482421875,1.00006103515625,1.999969482421875,,,1028806,24,1,3,0
805,1028924,6554,13107,1.00006103515625,1.999969482421875,1.00006103515625,1.999969482421875,,,1028932,23,1,3,0
806,1029050,6554,13107,1.00006103515625,1.999969482421875,1.00006103515625,1.999969482421875,,,1029057,24,1,3,0
807,1029175,6554,13107,1.00006103515625,1.999969482421875,1.00006103515625,1.999969482421875,,,1029182,24,1,3,0
808,1029300,6554,13107,1.00006103515625,1.999969482421875,1.00006103515625,1.999969482421875,,,1029307,24,1,3,0
809,1029425,6554,13107,1.00006103515625,1.999969482421875,1.00006103515625,1.999969482421875,,,1029433,23,1,3,0
810,1029551,6554,13107,1.00006103515625,1.999969482421875,1.00006103515625,1.999969482421875,,,1029558,24,1,3,0
811,1029676,6554,13107,1.00006103515625,1.999969482421875,1.00006103515625,1.999969482421875,,,1029683,24,1,3,0
812,1029801,6554,13107,1.00006103515625,1.999969482421875,1.00006103515625,1.999969482421875,,,1029808,24,1,3,0
813,1029926,6554,13107,1.00006103515625,1.999969482421875,1.00006103515625,1.999969482421875,,,1029934,23,1,3,0
814,1030052,6554,13107,1.00006103515625,1.999969482421875,1.00006103515625,1.999969482421875,,,1030059,24,1,3,0
815,1030177,6554,13107,1.00006103515625,1.999969482421875,1.00006103515625,1.999969482421875,,,1030184,24,1,3,0
816,1030302,6554,13107,1.00006103515625,1.999969482421875,1.00006103515625,1.999969482421875,,,1030309,24,1,3,0
817,1030427,6554,13107,1.00006103515625,1.999969482421875,1.00006103515625,1.999969482421875,,,1030435,23,1,3,0
818,1030553,6554,13107,1.00006103515625,1.999969482421875,1.00006103515625,1.999969482421875,,,1030560,24,1,3,0
819,1030678,6554,13107,1.00006103515625,1.999969482421875,1.00006103515625,1.999969482421875,,,1030686,23,1,3,0
820,1030803,6554,13107,1.00006103515625,1.999969482421875,1.00006103515625,1.999969482421875,,,1030810,24,1,3,0
821,1030929,6554,13107,1.00006103515625,1.999969482421875,1.00006103515625,1.999969482421875,,,1030936,23,1,3,0
822,1031054,6554,13107,1.00006103515625,1.999969482421875,1.00006103515625,1.999969482421875,,,1031061,24,1,3,0
823,1031179,6554,13107,1.00006103515625,1.999969482421875,1.00006103515625,1.999969482421875,,,1031186,24,1,3,0
824,1031304,6554,13107,1.00006103515625,1.999969482421875,1.00006103515625,1.999969482421875,,,1031311,24,1,3,0
825,1031430,6554,13107,1.00006103515625,1.999969482421875,1.00006103515625,1.999969482421875,,,1031437,23,1,3,0
826,1031555,6554,13107,1.00006103515625,1.999969482421875,1.00006103515625,1.999969482421875,,,1031562,24,1,3,0
827,1031680,6554,13107,1.00006103515625,1.999969482421875,1.00006103515625,1.999969482421875,,,1031687,24,1,3,0
828,1031805,6554,13107,1.00006103515625,1.999969482421875,1.00006103515625,1.999969482421875,,,1031812,24,1,3,0
829,1031931,6554,13107,1.00006103515625,1.999969482421875,1.00006103515625,1.999969482421875,,,1031938,23,1,3,0
830,1032056,6554,13107,1.00006103515625,1.999969482421875,1.00006103515625,1.999969482421875,,,1032063,24,1,3,0
831,1032181,6554,13107,1.00006103515625,1.999969482421875,1.00006103515625,1.999969482421875,,,1032188,24,1,3,0
832,1032306,6554,13107,1.00006103515625,1.999969482421875,1.00006103515625,1.999969482421875,,,1032313,24,1,3,0
833,1032432,6554,13107,1.00006103515625,1.999969482421875,1.00006103515625,1.999969482421875,,,1032439,23,1,3,0
834,1032557,6554,13107,1.00006103515625,1.999969482421875,1.00006103515625,1.999969482421875,,,1032564,24,1,3,0
835,1032682,6554,13107,1.00006103515625,1.999969482421875,1.00006103515625,1.999969482421875,,,1032689,24,1,3,0
836,1032807,6554,13107,1.00006103515625,1.999969482421875,1.00006103515625,1.999969482421875,,,1032814,24,1,3,0
837,1032933,6554,13107,1.00006103515625,1.999969482421875,1.00006103515625,1.999969482421875,,,1032940,23,1,3,0
838,1033058,6554,13107,1.00006103515625,1.999969482421875,1.00006103515625,1.999969482421875,,,1033065,24,1,3,0
839,1033183,6554,13107,1.00006103515625,1.999969482421875,1.00006103515625,1.999969482421875,,,1033190,24,1,3,0
840,1033308,6554,13107,1.00006103515625,1.999969482421875,1.00006103515625,1.999969482421875,,,1033315,24,1,3,0
841,1033434,6554,13107,1.00006103515625,1.999969482421875,1.00006103515625,1.999969482421875,,,1033441,23,1,3,0
842,1033559,6554,13107,1.00006103515625,1.999969482421875,1.00006103515625,1.999969482421875,,,1033566,24,1,3,0
843,1033684,6554,13107,1.00006103515625,1.999969482421875,1.00006103515625,1.999969482421875,,,1033691,24,1,3,0
844,1033809,6554,13107,1.00006103515625,1.999969482421875,1.00006103515625,1.999969482421875,,,1033816,24,1,3,0
845,1033935,6554,13107,1.00006103515625,1.999969482421875,1.00006103515625,1.999969482421875,,,1033942,23,1,3,0
846,1034060,6554,13107,1.00006103515625,1.999969482421875,1.00006103515625,1.999969482421875,,,1034067,24,1,3,0
847,1034185,6554,13107,1.00006103515625,1.999969482421875,1.00006103515625,1.999969482421875,,,1034192,24,1,3,0
848,1034310,6554,13107,1.00006103515625,1.999969482421875,1.00006103515625,1.999969482421875,,,1034317,24,1,3,0
849,1034436,6554,13107,1.00006103515625,1.999969482421875,1.00006103515625,1.999969482421875,,,1034443,23,1,3,0
850,1034561,6554,13107,1.00006103515625,1.999969482421875,1.00006103515625,1.999969482421875,,,1034568,24,1,3,0
851,1034686,6554,13107,1.00006103515625,1.999969482421875,1.00006103515625,1.999969482421875,,,1034693,24,1,3,0
852,1034811,6554,13107,1.00006103515625,1.999969482421875,1.00006103515625,1.999969482421875,,,1034818,24,1,3,0
853,1034937,6554,13107,1.00006103515625,1.999969482421875,1.00006103515625,1.999969482421875,,,1034944,23,1,3,0
854,1035062,6554,13107,1.00006103515625,1.999969482421875,1.00006103515625,1.999969482421875,,,1035069,24,1,3,0
855,1035187,6554,13107,1.00006103515625,1.999969482421875,1.00006103515625,1.999969482421875,,,1035194,24,1,3,0
856,1035312,6554,13107,1.00006103515625,1.999969482421875,1.00006103515625,1.999969482421875,,,1035319,24,1,3,0
857,1035438,6554,13107,1.00006103515625,1.999969482421875,1.00006103515625,1.999969482421875,,,1035445,23,1,3,0
858,1035563,6554,13107,1.00006103515625,1.999969482421875,1.00006103515625,1.999969482421875,,,1035570,24,1,3,0
859,1035688,6554,13107,1.00006103515625,1.999969482421875,1.00006103515625,1.999969482421875,,,1035695,24,1,3,0
860,1035813,6554,13107,1.00006103515625,1.999969482421875,1.00006103515625,1.999969482421875,,,1035820,24,1,3,0
861,1035939,6554,13107,1.00006103515625,1.999969482421875,1.00006103515625,1.999969482421875,,,1035946,23,1,3,0
862,1036064,6554,13107,1.00006103515625,1.999969482421875,1.00006103515625,1.999969482421875,,,1036071,24,1,3,0
863,1036189,6554,13107,1.00006103515625,1.999969482421875,1.00006103515625,1.999969482421875,,,1036196,24,1,3,0
864,1036314,6554,13107,1.00006103515625,1.999969482421875,1.00006103515625,1.999969482421875,,,1036321,24,1,3,0
865,1036440,6554,13107,1.00006103515625,1.999969482421875,1.00006103515625,1.999969482421875,,,1036447,23,1,3,0
866,1036565,6554,13107,1.00006103515625,1.999969482421875,1.00006103515625,1.999969482421875,,,1036572,24,1,3,0
867,1036690,6554,13107,1.00006103515625,1.999969482421875,1.00006103515625,1.999969482421875,,,1036697,24,1,3,0
868,1036815,6554,13107,1.00006103515625,1.999969482421875,1.00006103515625,1.999969482421875,,,1036822,24,1,3,0
869,1036941,6554,13107,1.00006103515625,1.999969482421875,1.00006103515625,1.999969482421875,,,1036948,23,1,3,0
870,1037066,6554,13107,1.00006103515625,1.999969482421875,1.00006103515625,1.999969482421875,,,1037073,24,1,3,0
871,1037191,6554,13107,1.00006103515625,1.999969482421875,1.00006103515625,1.999969482421875,,,1037198,24,1,3,0
872,1037316,6554,13107,1.00006103515625,1.999969482421875,1.00006103515625,1.999969482421875,,,1037323,24,1,3,0
873,1037442,6554,13107,1.00006103515625,1.999969482421875,1.00006103515625,1.999969482421875,,,1037449,23,1,3,0
874,1037567,6554,13107,1.00006103515625,1.999969482421875,1.00006103515625,1.999969482421875,,,1037574,24,1,3,0
875,1037692,6554,13107,1.00006103515625,1.999969482421875,1.00006103515625,1.999969482421875,,,1037699,24,1,3,0
876,1037817,6554,13107,1.00006103515625,1.999969482421875,1.00006103515625,1.999969482421875,,,1037824,24,1,3,0
877,1037943,6554,13107,1.00006103515625,1.999969482421875,1.00006103515625,1.999969482421875,,,1037950,23,1,3,0
878,1038068,6554,13107,1.00006103515625,1.999969482421875,1.00006103515625,1.999969482421875,,,1038075,24,1,3,0
879,1038193,6554,13107,1.00006103515625,1.999969482421875,1.00006103515625,1.999969482421875,,,1038200,24,1,3,0
880,1038318,6554,13107,1.00006103515625,1.999969482421875,1.00006103515625,1.999969482421875,,,1038325,24,1,3,0
881,1038444,6554,13107,1.00006103515625,1.999969482421875,1.00006103515625,1.999969482421875,,,1038451,23,1,3,0
882,1038569,6554,13107,1.00006103515625,1.999969482421875,1.00006103515625,1.999969482421875,,,1038576,24,1,3,0
883,1038694,6554,13107,1.00006103515625,1.999969482421875,1.00006103515625,1.999969482421875,,,1038701,24,1,3,0
884,1038819,6554,13107,1.00006103515625,1.999969482421875,1.00006103515625,1.999969482421875,,,1038826,24,1,3,0
885,1038945,6554,13107,1.00006103515625,1.999969482421875,1.00006103515625,1.999969482421875,,,1038952,23,1,3,0
886,1039070,6554,13107,1.00006103515625,1.999969482421875,1.00006103515625,1.999969482421875,,,1039077,24,1,3,0
887,1039195,6554,13107,1.00006103515625,1.999969482421875,1.00006103515625,1.999969482421875,,,1039202,24,1,3,0
888,1039320,6554,13107,1.00006103515625,1.999969482421875,1.00006103515625,1.999969482421875,,,1039327,24,1,3,0
889,1039446,6554,13107,1.00006103515625,1.999969482421875,1.00006103515625,1.999969482421875,,,1039453,23,1,3,0
890,1039571,6554,13107,1.00006103515625,1.999969482421875,1.00006103515625,1.999969482421875,,,1039578,24,1,3,0
891,1039696,6554,13107,1.00006103515625,1.999969482421875,1.00006103515625,1.999969482421875,,,1039703,24,1,3,0
892,1039821,6554,13107,1.00006103515625,1.999969482421875,1.00006103515625,1.999969482421875,,,1039828,24,1,3,0
893,1039947,6554,13107,1.00006103515625,1.999969482421875,1.00006103515625,1.999969482421875,,,1039954,23,1,3,0
894,1040072,6554,13107,1.00006103515625,1.999969482421875,1.00006103515625,1.999969482421875,,,1040079,24,1,3,0
895,1040197,6554,13107,1.00006103515625,1.999969482421875,1.00006103515625,1.999969482421875,,,1040204,24,1,3,0
896,1040322,6554,13107,1.00006103515625,1.999969482421875,1.00006103515625,1.999969482421875,,,1040329,24,1,3,0
897,1040448,6554,13107,1.00006103515625,1.999969482421875,1.00006103515625,1.999969482421875,,,1040455,23,1,3,0
898,1040573,6554,13107,1.00006103515625,1.999969482421875,1.00006103515625,1.999969482421875,,,1040580,24,1,3,0
899,1040698,6554,13107,1.00006103515625,1.999969482421875,1.00006103515625,1.999969482421875,,,1040705,24,1,3,0
900,1040823,6554,13107,1.00006103515625,1.999969482421875,1.00006103515625,1.999969482421875,,,1040830,24,1,3,0
901,1040949,6554,13107,1.00006103515625,1.999969482421875,1.00006103515625,1.999969482421875,,,1040956,23,1,3,0
902,1041074,6554,13107,1.00006103515625,1.999969482421875,1.00006103515625,1.999969482421875,,,1041081,24,1,3,0
903,1041199,6554,13107,1.00006103515625,1.999969482421875,1.00006103515625,1.999969482421875,,,1041206,24,1,3,0
904,1041324,6554,13107,1.00006103515625,1.999969482421875,1.00006103515625,1.999969482421875,,,1041331,24,1,3,0
905,1041450,6554,13107,1.00006103515625,1.999969482421875,1.00006103515625,1.999969482421875,,,1041457,23,1,3,0
906,1041575,6554,13107,1.00006103515625,1.999969482421875,1.00006103515625,1.999969482421875,,,1041582,24,1,3,0
907,1041700,6554,13107,1.00006103515625,1.999969482421875,1.00006103515625,1.999969482421875,,,1041707,24,1,3,0
908,1041825,6554,13107,1.00006103515625,1.999969482421875,1.00006103515625,1.999969482421875,,,1041832,24,1,3,0
909,1041951,6554,13107,1.00006103515625,1.999969482421875,1.00006103515625,1.999969482421875,,,1041958,23,1,3,0
910,1042076,6554,13107,1.00006103515625,1.999969482421875,1.00006103515625,1.999969482421875,,,1042083,24,1,3,0
911,1042201,6554,13107,1.00006103515625,1.999969482421875,1.00006103515625,1.999969482421875,,,1042208,24,1,3,0
912,1042326,6554,13107,1.00006103515625,1.999969482421875,1.00006103515625,1.999969482421875,,,1042333,24,1,3,0
913,1042452,6554,13107,1.00006103515625,1.999969482421875,1.00006103515625,1.999969482421875,,,1042459,23,1,3,0
914,1042577,6554,13107,1.00006103515625,1.999969482421875,1.00006103515625,1.999969482421875,,,1042584,24,1,3,0
915,1042702,6554,13107,1.00006103515625,1.999969482421875,1.00006103515625,1.999969482421875,,,1042709,24,1,3,0
916,1042827,6554,13107,1.00006103515625,1.999969482421875,1.00006103515625,1.999969482421875,,,1042834,24,1,3,0
917,1042953,6554,13107,1.00006103515625,1.999969482421875,1.00006103515625,1.999969482421875,,,1042960,23,1,3,0
918,1043078,6554,13107,1.00006103515625,1.999969482421875,1.00006103515625,1.999969482421875,,,1043085,24,1,3,0
919,1043203,6554,13107,1.00006103515625,1.999969482421875,1.00006103515625,1.999969482421875,,,1043210,24,1,3,0
920,1043328,6554,13107,1.00006103515625,1.999969482421875,1.00006103515625,1.999969482421875,,,1043336,23,1,3,0
921,1043454,6554,13107,1.00006103515625,1.999969482421875,1.00006103515625,1.999969482421875,,,1043461,23,1,3,0
922,1043579,6554,13107,1.00006103515625,1.999969482421875,1.00006103515625,1.999969482421875,,,1043586,24,1,3,0
923,1043704,6554,13107,1.00006103515625,1.999969482421875,1.00006103515625,1.999969482421875,,,1043711,24,1,3,0
924,1043829,6554,13107,1.00006103515625,1.999969482421875,1.00006103515625,1.999969482421875,,,1043836,24,1,3,0
925,1043955,6554,13107,1.00006103515625,1.999969482421875,1.00006103515625,1.999969482421875,,,1043962,23,1,3,0
926,1044080,6554,13107,1.00006103515625,1.999969482421875,1.00006103515625,1.999969482421875,,,1044087,24,1,3,0
927,1044205,6554,13107,1.00006103515625,1.999969482421875,1.00006103515625,1.999969482421875,,,1044212,24,1,3,0
928,1044330,6554,13107,1.00006103515625,1.999969482421875,1.00006103515625,1.999969482421875,,,1044339,23,1,3,0
929,1044456,6554,13107,1.00006103515625,1.999969482421875,1.00006103515625,1.999969482421875,,,1044463,23,1,3,0
930,1044581,6554,13107,1.00006103515625,1.999969482421875,1.00006103515625,1.999969482421875,,,1044588,24,1,3,0
931,1044706,6554,13107,1.00006103515625,1.999969482421875,1.00006103515625,1.999969482421875,,,1044713,24,1,3,0
932,1044831,6554,13107,1.00006103515625,1.999969482421875,1.00006103515625,1.999969482421875,,,1044838,24,1,3,0
933,1044957,6554,13107,1.00006103515625,1.999969482421875,1.00006103515625,1.999969482421875,,,1044964,23,1,3,0
934,1045082,6554,13107,1.00006103515625,1.999969482421875,1.00006103515625,1.999969482421875,,,1045089,24,1,3,0
935,1045207,6554,13107,1.00006103515625,1.999969482421875,1.00006103515625,1.999969482421875,,,1045214,24,1,3,0
936,1045332,6554,13107,1.00006103515625,1.999969482421875,1.00006103515625,1.999969482421875,,,1045339,24,1,3,0
937,1045458,6554,13107,1.00006103515625,1.999969482421875,1.00006103515625,1.999969482421875,,,1045465,23,1,3,0
938,1045583,6554,13107,1.00006103515625,1.999969482421875,1.00006103515625,1.999969482421875,,,1045590,24,1,3,0
939,1045708,6554,13107,1.00006103515625,1.999969482421875,1.00006103515625,1.999969482421875,,,1045715,24,1,3,0
940,1045833,6554,13107,1.00006103515625,1.999969482421875,1.00006103515625,1.999969482421875,,,1045840,24,1,3,0
941,1045959,6554,13107,1.00006103515625,1.999969482421875,1.00006103515625,1.999969482421875,,,1045966,23,1,3,0
942,1046084,6554,13107,1.00006103515625,1.999969482421875,1.00006103515625,1.999969482421875,,,1046091,24,1,3,0
943,1046209,6554,13107,1.00006103515625,1.999969482421875,1.00006103515625,1.999969482421875,,,1046216,24,1,3,0
944,1046334,6554,13107,1.00006103515625,1.999969482421875,1.00006103515625,1.999969482421875,,,1046341,24,1,3,0
945,1046460,6554,13107,1.00006103515625,1.999969482421875,1.00006103515625,1.999969482421875,,,1046467,23,1,3,0
946,1046585,6554,13107,1.00006103515625,1.999969482421875,1.00006103515625,1.999969482421875,,,1046592,24,1,3,0
947,1046710,6554,13107,1.00006103515625,1.999969482421875,1.00006103515625,1.999969482421875,,,1046717,24,1,3,0
948,1046835,6554,13107,1.00006103515625,1.999969482421875,1.00006103515625,1.999969482421875,,,1046842,24,1,3,0
949,1046961,6554,13107,1.00006103515625,1.999969482421875,1.00006103515625,1.999969482421875,,,1046968,23,1,3,0
950,1047086,6554,13107,1.00006103515625,1.999969482421875,1.00006103515625,1.999969482421875,,,1047093,24,1,3,0
951,1047211,6554,13107,1.00006103515625,1.999969482421875,1.00006103515625,1.999969482421875,,,1047218,24,1,3,0
952,1047336,6554,13107,1.00006103515625,1.999969482421875,1.00006103515625,1.999969482421875,,,1047343,24,1,3,0
953,1047462,6554,13107,1.00006103515625,1.999969482421875,1.00006103515625,1.999969482421875,,,1047469,23,1,3,0
954,1047587,6554,13107,1.00006103515625,1.999969482421875,1.00006103515625,1.999969482421875,,,1047594,24,1,3,0
955,1047712,6554,13107,1.00006103515625,1.999969482421875,1.00006103515625,1.999969482421875,,,1047719,24,1,3,0
956,1047837,6554,13107,1.00006103515625,1.999969482421875,1.00006103515625,1.999969482421875,,,1047844,24,1,3,0
957,1047963,6554,13107,1.00006103515625,1.999969482421875,1.00006103515625,1.999969482421875,,,1047970,23,1,3,0
958,1048088,6554,13107,1.00006103515625,1.999969482421875,1.00006103515625,1.999969482421875,,,1048095,24,1,3,0
959,1048213,6554,13107,1.00006103515625,1.999969482421875,1.00006103515625,1.999969482421875,,,1048220,24,1,3,0
960,1048338,6554,13107,1.00006103515625,1.999969482421875,1.00006103515625,1.999969482421875,,,1048345,24,1,3,0
961,1048464,6554,13107,1.00006103515625,1.999969482421875,1.00006103515625,1.999969482421875,,,1048471,23,1,3,0
962,1048589,6554,13107,1.00006103515625,1.999969482421875,1.00006103515625,1.999969482421875,,,1048596,24,1,3,0
963,1048714,6554,13107,1.00006103515625,1.999969482421875,1.00006103515625,1.999969482421875,,,1048721,24,1,3,0
964,1048839,6554,13107,1.00006103515625,1.999969482421875,1.00006103515625,1.999969482421875,,,1048846,24,1,3,0
965,1048965,6554,13107,1.00006103515625,1.999969482421875,1.00006103515625,1.999969482421875,,,1048972,23,1,3,0
966,1049090,6554,13107,1.00006103515625,1.999969482421875,1.00006103515625,1.999969482421875,,,1049097,24,1,3,0
967,1049215,6554,13107,1.00006103515625,1.999969482421875,1.00006103515625,1.999969482421875,,,1049222,24,1,3,0
968,1049340,6554,13107,1.00006103515625,1.999969482421875,1.00006103515625,1.999969482421875,,,1049347,24,1,3,0
969,1049466,6554,13107,1.00006103515625,1.999969482421875,1.00006103515625,1.999969482421875,,,1049473,23,1,3,0
970,1049591,6554,13107,1.00006103515625,1.999969482421875,1.00006103515625,1.999969482421875,,,1049598,24,1,3,0
971,1049716,6554,13107,1.00006103515625,1.999969482421875,1.00006103515625,1.999969482421875,,,1049723,24,1,3,0
972,1049841,6554,13107,1.00006103515625,1.999969482421875,1.00006103515625,1.999969482421875,,,1049848,24,1,3,0
973,1049967,6554,13107,1.00006103515625,1.999969482421875,1.00006103515625,1.999969482421875,,,1049974,23,1,3,0
974,1050092,6554,13107,1.00006103515625,1.999969482421875,1.00006103515625,1.999969482421875,,,1050099,24,1,3,0
975,1050217,6554,13107,1.00006103515625,1.999969482421875,1.00006103515625,1.999969482421875,,,1050224,24,1,3,0
976,1050342,6554,13107,1.00006103515625,1.999969482421875,1.00006103515625,1.999969482421875,,,1050349,24,1,3,0
977,1050468,6554,13107,1.00006103515625,1.999969482421875,1.00006103515625,1.999969482421875,,,1050475,23,1,3,0
978,1050593,6554,13107,1.00006103515625,1.999969482421875,1.00006103515625,1.999969482421875,,,1050600,24,1,3,0
979,1050718,6554,13107,1.00006103515625,1.999969482421875,1.00006103515625,1.999969482421875,,,1050725,24,1,3,0
980,1050843,6554,13107,1.00006103515625,1.999969482421875,1.00006103515625,1.999969482421875,,,1050850,24,1,3,0
981,1050969,6554,13107,1.00006103515625,1.999969482421875,1.00006103515625,1.999969482421875,,,1050976,23,1,3,0
982,1051094,6554,13107,1.00006103515625,1.999969482421875,1.00006103515625,1.999969482421875,,,1051101,24,1,3,0
983,1051219,6554,13107,1.00006103515625,1.999969482421875,1.00006103515625,1.999969482421875,,,1051226,24,1,3,0
984,1051344,6554,13107,1.00006103515625,1.999969482421875,1.00006103515625,1.999969482421875,,,1051352,23,1,3,0
985,1051470,6554,13107,1.00006103515625,1.999969482421875,1.00006103515625,1.999969482421875,,,1051477,23,1,3,0
986,1051595,6554,13107,1.00006103515625,1.999969482421875,1.00006103515625,1.999969482421875,,,1051602,24,1,3,0
987,1051720,6554,13107,1.00006103515625,1.999969482421875,1.00006103515625,1.999969482421875,,,1051727,24,1,3,0
988,1051845,6554,13107,1.00006103515625,1.999969482421875,1.00006103515625,1.999969482421875,,,1051853,23,1,3,0
989,1051971,6554,13107,1.00006103515625,1.999969482421875,1.00006103515625,1.999969482421875,,,1051978,23,1,3,0
990,1052096,6554,13107,1.00006103515625,1.999969482421875,1.00006103515625,1.999969482421875,,,1052103,24,1,3,0
991,1052221,6554,13107,1.00006103515625,1.999969482421875,1.00006103515625,1.999969482421875,,,1052228,24,1,3,0
992,1052346,6554,13107,1.00006103515625,1.999969482421875,1.00006103515625,1.999969482421875,,,1052354,23,1,3,0
993,1052472,6554,13107,1.00006103515625,1.999969482421875,1.00006103515625,1.999969482421875,,,1052479,23,1,3,0
994,1052597,6554,13107,1.00006103515625,1.999969482421875,1.00006103515625,1.999969482421875,,,1052604,24,1,3,0
995,1052722,6554,13107,1.00006103515625,1.999969482421875,1.00006103515625,1.999969482421875,,,1052729,24,1,3,0
996,1052847,6554,13107,1.00006103515625,1.999969482421875,1.00006103515625,1.999969482421875,,,1052855,23,1,3,0
997,1052973,6554,13107,1.00006103515625,1.999969482421875,1.00006103515625,1.999969482421875,,,1052980,23,1,3,0
998,1053098,6554,13107,1.00006103515625,1.999969482421875,1.00006103515625,1.999969482421875,,,1053105,24,1,3,0
999,1053223,6554,13107,1.00006103515625,1.999969482421875,1.00006103515625,1.999969482421875,,,1053230,24,1,3,0
1000,1053348,6554,13107,1.00006103515625,1.999969482421875,1.00006103515625,1.999969482421875,,,1053356,23,1,3,0
1001,1053474,6554,13107,1.00006103515625,1.999969482421875,1.00006103515625,1.999969482421875,,,1053481,23,1,3,0
1002,1053599,6554,13107,1.00006103515625,1.999969482421875,1.00006103515625,1.999969482421875,,,1053606,24,1,3,0
1003,1053724,6554,13107,1.00006103515625,1.999969482421875,1.00006103515625,1.999969482421875,,,1053731,24,1,3,0
1004,1053849,6554,13107,1.00006103515625,1.999969482421875,1.00006103515625,1.999969482421875,,,1053857,23,1,3,0
1005,1053975,6554,13107,1.00006103515625,1.999969482421875,1.00006103515625,1.999969482421875,,,1053982,24,1,3,0
1006,1054100,6554,13107,1.00006103515625,1.999969482421875,1.00006103515625,1.999969482421875,,,1054107,24,1,3,0
1007,1054225,6554,13107,1.00006103515625,1.999969482421875,1.00006103515625,1.999969482421875,,,1054233,23,1,3,0
1008,1054350,6554,13107,1.00006103515625,1.999969482421875,1.00006103515625,1.999969482421875,,,1054358,23,1,3,0
1009,1054476,6554,13107,1.00006103515625,1.999969482421875,1.00006103515625,1.999969482421875,,,1054483,24,1,3,0
1010,1054601,6554,13107,1.00006103515625,1.999969482421875,1.00006103515625,1.999969482421875,,,1054608,24,1,3,0
1011,1054726,6554,13107,1.00006103515625,1.999969482421875,1.00006103515625,1.999969482421875,,,1054734,23,1,3,0
1012,1054851,6554,13107,1.00006103515625,1.999969482421875,1.00006103515625,1.999969482421875,,,1054859,23,1,3,0
1013,1054977,6554,13107,1.00006103515625,1.999969482421875,1.00006103515625,1.999969482421875,,,1054984,24,1,3,0
1014,1055102,6554,13107,1.00006103515625,1.999969482421875,1.00006103515625,1.999969482421875,,,1055109,24,1,3,0
1015,1055227,6554,13107,1.00006103515625,1.999969482421875,1.00006103515625,1.999969482421875,,,1055235,23,1,3,0
1016,1055352,6554,13107,1.00006103515625,1.999969482421875,1.00006103515625,1.999969482421875,,,1055360,23,1,3,0
1017,1055478,6554,13107,1.00006103515625,1.999969482421875,1.00006103515625,1.999969482421875,,,1055485,24,1,3,0
1018,1055603,6554,13107,1.00006103515625,1.999969482421875,1.00006103515625,1.999969482421875,,,1055610,24,1,3,0
1019,1055728,6554,13107,1.00006103515625,1.999969482421875,1.00006103515625,1.999969482421875,,,1055736,23,1,3,0
1020,1055853,6554,13107,1.00006103515625,1.999969482421875,1.00006103515625,1.999969482421875,,,1055861,23,1,3,0
1021,1055979,6554,13107,1.00006103515625,1.999969482421875,1.00006103515625,1.999969482421875,,,1055986,24,1,3,0
1022,1056104,6554,13107,1.00006103515625,1.999969482421875,1.00006103515625,1.999969482421875,,,1056111,24,1,3,0
1023,1056229,6554,13107,1.00006103515625,1.999969482421875,1.00006103515625,1.999969482421875,,,1056237,23,1,3,0
1024,1056354,6554,13107,1.00006103515625,1.999969482421875,1.00006103515625,1.999969482421875,,,1056362,23,1,3,0
1025,1056480,6554,13107,1.00006103515625,1.999969482421875,1.00006103515625,1.999969482421875,,,1056487,24,1,3,0
1026,1056605,6554,13107,1.00006103515625,1.999969482421875,1.00006103515625,1.999969482421875,,,1056612,29,1,3,0
1027,1056730,6554,13107,1.00006103515625,1.999969482421875,1.00006103515625,1.999969482421875,,,1056738,23,1,3,0
1028,1056856,6554,13107,1.00006103515625,1.999969482421875,1.00006103515625,1.999969482421875,,,1056863,24,1,3,0
1029,1056981,6554,13107,1.00006103515625,1.999969482421875,1.00006103515625,1.999969482421875,,,1056988,24,1,3,0
1030,1057106,6554,13107,1.00006103515625,1.999969482421875,1.00006103515625,1.999969482421875,,,1057113,24,1,3,0
1031,1057231,6554,13107,1.00006103515625,1.999969482421875,1.00006103515625,1.999969482421875,,,1057239,23,1,3,0
1032,1057357,6554,13107,1.00006103515625,1.999969482421875,1.00006103515625,1.999969482421875,,,1057364,24,1,3,0
1033,1057482,6554,13107,1.00006103515625,1.999969482421875,1.00006103515625,1.999969482421875,,,1057489,24,1,3,0
1034,1057607,6554,13107,1.00006103515625,1.999969482421875,1.00006103515625,1.999969482421875,,,1057614,28,1,3,0
1035,1057732,6554,13107,1.00006103515625,1.999969482421875,1.00006103515625,1.999969482421875,,,1057740,23,1,3,0
1036,1057858,6554,13107,1.00006103515625,1.999969482421875,1.00006103515625,1.999969482421875,,,1057865,24,1,3,0
1037,1057983,6554,13107,1.00006103515625,1.999969482421875,1.00006103515625,1.999969482421875,,,1057990,24,1,3,0
1038,1058108,6554,13107,1.00006103515625,1.999969482421875,1.00006103515625,1.999969482421875,,,1058115,24,1,3,0
1039,1058233,6554,13107,1.00006103515625,1.999969482421875,1.00006103515625,1.999969482421875,,,1058241,23,1,3,0
1040,1058359,6554,13107,1.00006103515625,1.999969482421875,1.00006103515625,1.999969482421875,,,1058366,24,1,3,0
1041,1058484,6554,13107,1.00006103515625,1.999969482421875,1.00006103515625,1.999969482421875,,,1058491,24,1,3,0
1042,1058609,6554,13107,1.00006103515625,1.999969482421875,1.00006103515625,1.999969482421875,,,1058616,26,1,3,0
1043,1058734,6554,13107,1.00006103515625,1.999969482421875,1.00006103515625,1.999969482421875,,,1058742,23,1,3,0
1044,1058860,6554,13107,1.00006103515625,1.999969482421875,1.00006103515625,1.999969482421875,,,1058867,24,1,3,0
1045,1058985,6554,13107,1.00006103515625,1.999969482421875,1.00006103515625,1.999969482421875,,,1058992,24,1,3,0
1046,1059110,6554,13107,1.00006103515625,1.999969482421875,1.00006103515625,1.999969482421875,,,1059117,24,1,3,0
1047,1059235,6554,13107,1.00006103515625,1.999969482421875,1.00006103515625,1.999969482421875,,,1059243,23,1,3,0
1048,1059361,6554,13107,1.00006103515625,1.999969482421875,1.00006103515625,1.999969482421875,,,1059368,24,1,3,0
1049,1059486,6554,13107,1.00006103515625,1.999969482421875,1.00006103515625,1.999969482421875,,,1059493,24,1,3,0
1050,1059611,6554,13107,1.00006103515625,1.999969482421875,1.00006103515625,1.999969482421875,,,1059618,24,1,3,0
1051,1059736,6554,13107,1.00006103515625,1.999969482421875,1.00006103515625,1.999969482421875,,,1059744,23,1,3,0
1052,1059862,6554,13107,1.00006103515625,1.999969482421875,1.00006103515625,1.999969482421875,,,1059869,23,1,3,0
1053,1059987,6554,13107,1.00006103515625,1.999969482421875,1.00006103515625,1.999969482421875,,,1059994,24,1,3,0
1054,1060112,6554,13107,1.00006103515625,1.999969482421875,1.00006103515625,1.999969482421875,,,1060119,24,1,3,0
1055,1060237,6554,13107,1.00006103515625,1.999969482421875,1.00006103515625,1.999969482421875,,,1060244,24,1,3,0
1056,1060363,6554,13107,1.00006103515625,1.999969482421875,1.00006103515625,1.999969482421875,,,1060370,23,1,3,0
1057,1060488,6554,13107,1.00006103515625,1.999969482421875,1.00006103515625,1.999969482421875,,,1060495,24,1,3,0
1058,1060613,6554,13107,1.00006103515625,1.999969482421875,1.00006103515625,1.999969482421875,,,1060620,24,1,3,0
1059,1060738,6554,13107,1.00006103515625,1.999969482421875,1.00006103515625,1.999969482421875,,,1060745,24,1,3,0
1060,1060864,6554,13107,1.00006103515625,1.999969482421875,1.00006103515625,1.999969482421875,,,1060871,23,1,3,0
1061,1060989,6554,13107,1.00006103515625,1.999969482421875,1.00006103515625,1.999969482421875,,,1060996,24,1,3,0
1062,1061114,6554,13107,1.00006103515625,1.999969482421875,1.00006103515625,1.999969482421875,,,1061121,24,1,3,0
1063,1061239,6554,13107,1.00006103515625,1.999969482421875,1.00006103515625,1.999969482421875,,,1061246,24,1,3,0
1064,1061365,6554,13107,1.00006103515625,1.999969482421875,1.00006103515625,1.999969482421875,,,1061372,23,1,3,0
1065,1061490,6554,13107,1.00006103515625,1.999969482421875,1.00006103515625,1.999969482421875,,,1061497,24,1,3,0
1066,1061615,6554,13107,1.00006103515625,1.999969482421875,1.00006103515625,1.999969482421875,,,1061622,24,1,3,0
1067,1061740,6554,13107,1.00006103515625,1.999969482421875,1.00006103515625,1.999969482421875,,,1061748,23,1,3,0
1068,1061866,6554,13107,1.00006103515625,1.999969482421875,1.00006103515625,1.999969482421875,,,1061873,23,1,3,0
1069,1061991,6554,13107,1.00006103515625,1.999969482421875,1.00006103515625,1.999969482421875,,,1061998,24,1,3,0
1070,1062116,6554,13107,1.00006103515625,1.999969482421875,1.00006103515625,1.999969482421875,,,1062123,24,1,3,0
1071,1062241,6554,13107,1.00006103515625,1.999969482421875,1.00006103515625,1.999969482421875,,,1062249,23,1,3,0
1072,1062367,6554,13107,1.00006103515625,1.999969482421875,1.00006103515625,1.999969482421875,,,1062374,23,1,3,0
1073,1062492,6554,13107,1.00006103515625,1.999969482421875,1.00006103515625,1.999969482421875,,,1062499,24,1,3,0
1074,1062617,6554,13107,1.00006103515625,1.999969482421875,1.00006103515625,1.999969482421875,,,1062624,24,1,3,0
1075,1062742,6554,13107,1.00006103515625,1.999969482421875,1.00006103515625,1.999969482421875,,,1062750,23,1,3,0
1076,1062868,6554,13107,1.00006103515625,1.999969482421875,1.00006103515625,1.999969482421875,,,1062875,23,1,3,0
1077,1062993,6554,13107,1.00006103515625,1.999969482421875,1.00006103515625,1.999969482421875,,,1063000,24,1,3,0
1078,1063118,6554,13107,1.00006103515625,1.999969482421875,1.00006103515625,1.999969482421875,,,1063125,24,1,3,0
1079,1063243,6554,13107,1.00006103515625,1.999969482421875,1.00006103515625,1.999969482421875,,,1063251,23,1,3,0
1080,1063369,6554,13107,1.00006103515625,1.999969482421875,1.00006103515625,1.999969482421875,,,1063376,23,1,3,0
1081,1063494,6554,13107,1.00006103515625,1.999969482421875,1.00006103515625,1.999969482421875,,,1063501,24,1,3,0
1082,1063619,6554,13107,1.00006103515625,1.999969482421875,1.00006103515625,1.999969482421875,,,1063626,24,1,3,0
1083,1063744,6554,13107,1.00006103515625,1.999969482421875,1.00006103515625,1.999969482421875,,,1063752,23,1,3,0
1084,1063870,6554,13107,1.00006103515625,1.999969482421875,1.00006103515625,1.999969482421875,,,1063877,23,1,3,0
1085,1063995,6554,13107,1.00006103515625,1.999969482421875,1.00006103515625,1.999969482421875,,,1064002,24,1,3,0
1086,1064120,6554,13107,1.00006103515625,1.999969482421875,1.00006103515625,1.999969482421875,,,1064127,24,1,3,0
1087,1064245,6554,13107,1.00006103515625,1.999969482421875,1.00006103515625,1.999969482421875,,,1064253,23,1,3,0
1088,1064371,6554,13107,1.00006103515625,1.999969482421875,1.00006103515625,1.999969482421875,,,1064380,24,1,3,0
1089,1064496,6554,13107,1.00006103515625,1.999969482421875,1.00006103515625,1.999969482421875,,,1064503,24,1,3,0
1090,1064621,6554,13107,1.00006103515625,1.999969482421875,1.00006103515625,1.999969482421875,,,1064628,24,1,3,0
1091,1064746,6554,13107,1.00006103515625,1.999969482421875,1.00006103515625,1.999969482421875,,,1064754,23,1,3,0
1092,1064872,6554,13107,1.00006103515625,1.999969482421875,1.00006103515625,1.999969482421875,,,1064879,23,1,3,0
1093,1064997,6554,13107,1.00006103515625,1.999969482421875,1.00006103515625,1.999969482421875,,,1065004,24,1,3,0
1094,1065122,6554,13107,1.00006103515625,1.999969482421875,1.00006103515625,1.999969482421875,,,1065129,24,1,3,0
1095,1065247,6554,13107,1.00006103515625,1.999969482421875,1.00006103515625,1.999969482421875,,,1065255,23,1,3,0
1096,1065373,6554,13107,1.00006103515625,1.999969482421875,1.00006103515625,1.999969482421875,,,1065380,23,1,3,0
1097,1065498,6554,13107,1.00006103515625,1.999969482421875,1.00006103515625,1.999969482421875,,,1065505,24,1,3,0
1098,1065623,6554,13107,1.00006103515625,1.999969482421875,1.00006103515625,1.999969482421875,,,1065630,27,1,3,0
1099,1065748,6554,13107,1.00006103515625,1.999969482421875,1.00006103515625,1.999969482421875,,,1065756,23,1,3,0
1100,1065874,6554,13107,1.00006103515625,1.999969482421875,1.00006103515625,1.999969482421875,,,1065881,23,1,3,0
1101,1065999,6554,13107,1.00006103515625,1.999969482421875,1.00006103515625,1.999969482421875,,,1066006,24,1,3,0
1102,1066124,6554,13107,1.00006103515625,1.999969482421875,1.00006103515625,1.999969482421875,,,1066131,24,1,3,0
1103,1066249,6554,13107,1.00006103515625,1.999969482421875,1.00006103515625,1.999969482421875,,,1066257,23,1,3,0
1104,1066375,6554,13107,1.00006103515625,1.999969482421875,1.00006103515625,1.999969482421875,,,1066382,24,1,3,0
1105,1066500,6554,13107,1.00006103515625,1.999969482421875,1.00006103515625,1.999969482421875,,,1066507,24,1,3,0
1106,1066625,6554,13107,1.00006103515625,1.999969482421875,1.00006103515625,1.999969482421875,,,1066632,27,1,3,0
1107,1066750,6554,13107,1.00006103515625,1.999969482421875,1.00006103515625,1.999969482421875,,,1066758,23,1,3,0
1108,1066876,6554,13107,1.00006103515625,1.999969482421875,1.00006103515625,1.999969482421875,,,1066883,23,1,3,0
1109,1067001,6554,13107,1.00006103515625,1.999969482421875,1.00006103515625,1.999969482421875,,,1067008,24,1,3,0
1110,1067126,6554,13107,1.00006103515625,1.999969482421875,1.00006103515625,1.999969482421875,,,1067133,24,1,3,0
1111,1067251,6554,13107,1.00006103515625,1.999969482421875,1.00006103515625,1.999969482421875,,,1067259,23,1,3,0
1112,1067377,6554,13107,1.00006103515625,1.999969482421875,1.00006103515625,1.999969482421875,,,1067384,23,1,3,0
1113,1067502,6554,13107,1.00006103515625,1.999969482421875,1.00006103515625,1.999969482421875,,,1067509,24,1,3,0
1114,1067627,6554,13107,1.00006103515625,1.999969482421875,1.00006103515625,1.999969482421875,,,1067634,26,1,3,0
1115,1067752,6554,13107,1.00006103515625,1.999969482421875,1.00006103515625,1.999969482421875,,,1067760,23,1,3,0
1116,1067878,6554,13107,1.00006103515625,1.999969482421875,1.00006103515625,1.999969482421875,,,1067885,23,1,3,0
1117,1068003,6554,13107,1.00006103515625,1.999969482421875,1.00006103515625,1.999969482421875,,,1068010,24,1,3,0
1118,1068128,6554,13107,1.00006103515625,1.999969482421875,1.00006103515625,1.999969482421875,,,1068135,24,1,3,0
1119,1068253,6554,13107,1.00006103515625,1.999969482421875,1.00006103515625,1.999969482421875,,,1068261,23,1,3,0
1120,1068379,6554,13107,1.00006103515625,1.999969482421875,1.00006103515625,1.999969482421875,,,1068386,23,1,3,0
1121,1068504,6554,13107,1.00006103515625,1.999969482421875,1.00006103515625,1.999969482421875,,,1068511,24,1,3,0
1122,1068629,6554,13107,1.00006103515625,1.999969482421875,1.00006103515625,1.999969482421875,,,1068639,23,1,3,0
1123,1068754,6554,13107,1.00006103515625,1.999969482421875,1.00006103515625,1.999969482421875,,,1068762,23,1,3,0
1124,1068880,6554,13107,1.00006103515625,1.999969482421875,1.00006103515625,1.999969482421875,,,1068887,23,1,3,0
1125,1069005,6554,13107,1.00006103515625,1.999969482421875,1.00006103515625,1.999969482421875,,,1069012,24,1,3,0
1126,1069130,6554,13107,1.00006103515625,1.999969482421875,1.00006103515625,1.999969482421875,,,1069138,24,1,3,0
1127,1069255,6554,13107,1.00006103515625,1.999969482421875,1.00006103515625,1.999969482421875,,,1069263,23,1,3,0
1128,1069381,6554,13107,1.00006103515625,1.999969482421875,1.00006103515625,1.999969482421875,,,1069388,23,1,3,0
1129,1069506,6554,13107,1.00006103515625,1.999969482421875,1.00006103515625,1.999969482421875,,,1069513,24,1,3,0
1130,1069631,6554,13107,1.00006103515625,1.999969482421875,1.00006103515625,1.999969482421875,,,1069641,23,1,3,0
1131,1069756,6554,13107,1.00006103515625,1.999969482421875,1.00006103515625,1.999969482421875,,,1069764,23,1,3,0
1132,1069882,6554,13107,1.00006103515625,1.999969482421875,1.00006103515625,1.999969482421875,,,1069889,23,1,3,0
1133,1070007,6554,13107,1.00006103515625,1.999969482421875,1.00006103515625,1.999969482421875,,,1070014,24,1,3,0
1134,1070132,6554,13107,1.00006103515625,1.999969482421875,1.00006103515625,1.999969482421875,,,1070141,24,1,3,0
1135,1070257,6554,13107,1.00006103515625,1.999969482421875,1.00006103515625,1.999969482421875,,,1070265,23,1,3,0
1136,1070383,6554,13107,1.00006103515625,1.999969482421875,1.00006103515625,1.999969482421875,,,1070390,23,1,3,0
1137,1070508,6554,13107,1.00006103515625,1.999969482421875,1.00006103515625,1.999969482421875,,,1070515,24,1,3,0
1138,1070633,6554,13107,1.00006103515625,1.999969482421875,1.00006103515625,1.999969482421875,,,1070642,23,1,3,0
1139,1070758,6554,13107,1.00006103515625,1.999969482421875,1.00006103515625,1.999969482421875,,,1070766,23,1,3,0
1140,1070884,6554,13107,1.00006103515625,1.999969482421875,1.00006103515625,1.999969482421875,,,1070891,24,1,3,0
1141,1071009,6554,13107,1.00006103515625,1.999969482421875,1.00006103515625,1.999969482421875,,,1071016,24,1,3,0
1142,1071134,6554,13107,1.00006103515625,1.999969482421875,1.00006103515625,1.999969482421875,,,1071142,24,1,3,0
1143,1071259,6554,13107,1.00006103515625,1.999969482421875,1.00006103515625,1.999969482421875,,,1071267,23,1,3,0
1144,1071385,6554,13107,1.00006103515625,1.999969482421875,1.00006103515625,1.999969482421875,,,1071392,24,1,3,0
1145,1071510,6554,13107,1.00006103515625,1.999969482421875,1.00006103515625,1.999969482421875,,,1071517,24,1,3,0
1146,1071635,6554,13107,1.00006103515625,1.999969482421875,1.00006103515625,1.999969482421875,,,1071644,23,1,3,0
1147,1071760,6554,13107,1.00006103515625,1.999969482421875,1.00006103515625,1.999969482421875,,,1071768,23,1,3,0
1148,1071886,6554,13107,1.00006103515625,1.999969482421875,1.00006103515625,1.999969482421875,,,1071893,24,1,3,0
1149,1072011,6554,13107,1.00006103515625,1.999969482421875,1.00006103515625,1.999969482421875,,,1072018,24,1,3,0
1150,1072136,6554,13107,1.00006103515625,1.999969482421875,1.00006103515625,1.999969482421875,,,1072143,24,1,3,0
1151,1072261,6554,13107,1.00006103515625,1.999969482421875,1.00006103515625,1.999969482421875,,,1072269,23,1,3,0
1152,1072387,6554,13107,1.00006103515625,1.999969482421875,1.00006103515625,1.999969482421875,,,1072394,24,1,3,0
1153,1072512,6554,13107,1.00006103515625,1.999969482421875,1.00006103515625,1.999969482421875,,,1072519,24,1,3,0
1154,1072637,6554,13107,1.00006103515625,1.999969482421875,1.00006103515625,1.999969482421875,,,1072646,23,1,3,0
1155,1072762,6554,13107,1.00006103515625,1.999969482421875,1.00006103515625,1.999969482421875,,,1072770,23,1,3,0
1156,1072888,6554,13107,1.00006103515625,1.999969482421875,1.00006103515625,1.999969482421875,,,1072895,23,1,3,0
1157,1073013,6554,13107,1.00006103515625,1.999969482421875,1.00006103515625,1.999969482421875,,,1073020,24,1,3,0
1158,1073138,6554,13107,1.00006103515625,1.999969482421875,1.00006103515625,1.999969482421875,,,1073145,24,1,3,0
1159,1073263,6554,13107,1.00006103515625,1.999969482421875,1.00006103515625,1.999969482421875,,,1073271,23,1,3,0
1160,1073389,6554,13107,1.00006103515625,1.999969482421875,1.00006103515625,1.999969482421875,,,1073396,23,1,3,0
1161,1073514,6554,13107,1.00006103515625,1.999969482421875,1.00006103515625,1.999969482421875,,,1073521,24,1,3,0
1162,1073639,6554,13107,1.00006103515625,1.999969482421875,1.00006103515625,1.999969482421875,,,1073646,23,1,3,0
1163,1073765,6554,13107,1.00006103515625,1.999969482421875,1.00006103515625,1.999969482421875,,,1073772,24,1,3,0
1164,1073890,6554,13107,1.00006103515625,1.999969482421875,1.00006103515625,1.999969482421875,,,1073897,24,1,3,0
1165,1074015,6554,13107,1.00006103515625,1.999969482421875,1.00006103515625,1.999969482421875,,,1074022,24,1,3,0
1166,1074141,6554,13107,1.00006103515625,1.999969482421875,1.00006103515625,1.999969482421875,,,1074148,23,1,3,0
1167,1074266,6554,13107,1.00006103515625,1.999969482421875,1.00006103515625,1.999969482421875,,,1074273,24,1,3,0
1168,1074391,6554,13107,1.00006103515625,1.999969482421875,1.00006103515625,1.999969482421875,,,1074398,24,1,3,0
1169,1074516,6554,13107,1.00006103515625,1.999969482421875,1.00006103515625,1.999969482421875,,,1074523,24,1,3,0
1170,1074642,6554,13107,1.00006103515625,1.999969482421875,1.00006103515625,1.999969482421875,,,1074649,24,1,3,0
1171,1074767,6554,13107,1.00006103515625,1.999969482421875,1.00006103515625,1.999969482421875,,,1074774,24,1,3,0
1172,1074892,6554,13107,1.00006103515625,1.999969482421875,1.00006103515625,1.999969482421875,,,1074900,23,1,3,0
1173,1075018,6554,13107,1.00006103515625,1.999969482421875,1.00006103515625,1.999969482421875,,,1075025,24,1,3,0
1174,1075143,6554,13107,1.00006103515625,1.999969482421875,1.00006103515625,1.999969482421875,,,1075150,24,1,3,0
1175,1075268,6554,13107,1.00006103515625,1.999969482421875,1.00006103515625,1.999969482421875,,,1075275,24,1,3,0
1176,1075393,6554,13107,1.00006103515625,1.999969482421875,1.00006103515625,1.999969482421875,,,1075401,23,1,3,0
1177,1075519,6554,13107,1.00006103515625,1.999969482421875,1.00006103515625,1.999969482421875,,,1075526,24,1,3,0
1178,1075644,6554,13107,1.00006103515625,1.999969482421875,1.00006103515625,1.999969482421875,,,1075651,24,1,3,0
1179,1075769,6554,13107,1.00006103515625,1.999969482421875,1.00006103515625,1.999969482421875,,,1075776,24,1,3,0
1180,1075894,6554,13107,1.00006103515625,1.999969482421875,1.00006103515625,1.999969482421875,,,1075902,23,1,3,0
1181,1076020,6554,13107,1.00006103515625,1.999969482421875,1.00006103515625,1.999969482421875,,,1076027,24,1,3,0
1182,1076145,6554,13107,1.00006103515625,1.999969482421875,1.00006103515625,1.999969482421875,,,1076152,24,1,3,0
1183,1076270,6554,13107,1.00006103515625,1.999969482421875,1.00006103515625,1.999969482421875,,,1076277,24,1,3,0
1184,1076395,6554,13107,1.00006103515625,1.999969482421875,1.00006103515625,1.999969482421875,,,1076403,23,1,3,0
1185,1076521,6554,13107,1.00006103515625,1.999969482421875,1.00006103515625,1.999969482421875,,,1076528,24,1,3,0
1186,1076646,6554,13107,1.00006103515625,1.999969482421875,1.00006103515625,1.999969482421875,,,1076653,24,1,3,0
1187,1076771,6554,13107,1.00006103515625,1.999969482421875,1.00006103515625,1.999969482421875,,,1076778,24,1,3,0
1188,1076896,6554,13107,1.00006103515625,1.999969482421875,1.00006103515625,1.999969482421875,,,1076904,23,1,3,0
1189,1077022,6554,13107,1.00006103515625,1.999969482421875,1.00006103515625,1.999969482421875,,,1077029,24,1,3,0
1190,1077147,6554,13107,1.00006103515625,1.999969482421875,1.00006103515625,1.999969482421875,,,1077154,24,1,3,0
1191,1077272,6554,13107,1.00006103515625,1.999969482421875,1.00006103515625,1.999969482421875,,,1077279,24,1,3,0
1192,1077397,6554,13107,1.00006103515625,1.999969482421875,1.00006103515625,1.999969482421875,,,1077405,23,1,3,0
1193,1077523,6554,13107,1.00006103515625,1.999969482421875,1.00006103515625,1.999969482421875,,,1077530,24,1,3,0
1194,1077648,6554,13107,1.00006103515625,1.999969482421875,1.00006103515625,1.999969482421875,,,1077655,24,1,3,0
1195,1077773,6554,13107,1.00006103515625,1.999969482421875,1.00006103515625,1.999969482421875,,,1077780,24,1,3,0
1196,1077898,6554,13107,1.00006103515625,1.999969482421875,1.00006103515625,1.999969482421875,,,1077906,23,1,3,0
1197,1078024,6554,13107,1.00006103515625,1.999969482421875,1.00006103515625,1.999969482421875,,,1078031,24,1,3,0
1198,1078149,6554,13107,1.00006103515625,1.999969482421875,1.00006103515625,1.999969482421875,,,1078156,24,1,3,0
1199,1078274,6554,13107,1.00006103515625,1.999969482421875,1.00006103515625,1.999969482421875,,,1078281,24,1,3,0
1200,1078399,6554,13107,1.00006103515625,1.999969482421875,1.00006103515625,1.999969482421875,,,1078407,23,1,3,0
1201,1078525,6554,13107,1.00006103515625,1.999969482421875,1.00006103515625,1.999969482421875,,,1078532,24,1,3,0
1202,1078650,6554,13107,1.00006103515625,1.999969482421875,1.00006103515625,1.999969482421875,,,1078657,24,1,3,0
1203,1078775,6554,13107,1.00006103515625,1.999969482421875,1.00006103515625,1.999969482421875,,,1078782,24,1,3,0
1204,1078900,6554,13107,1.00006103515625,1.999969482421875,1.00006103515625,1.999969482421875,,,1078908,23,1,3,0
1205,1079026,6554,13107,1.00006103515625,1.999969482421875,1.00006103515625,1.999969482421875,,,1079033,24,1,3,0
1206,1079151,6554,13107,1.00006103515625,1.999969482421875,1.00006103515625,1.999969482421875,,,1079158,24,1,3,0
1207,1079276,6554,13107,1.00006103515625,1.999969482421875,1.00006103515625,1.999969482421875,,,1079283,24,1,3,0
1208,1079402,6554,13107,1.00006103515625,1.999969482421875,1.00006103515625,1.999969482421875,,,1079409,23,1,3,0
1209,1079527,6554,13107,1.00006103515625,1.999969482421875,1.00006103515625,1.999969482421875,,,1079534,24,1,3,0
1210,1079652,6554,13107,1.00006103515625,1.999969482421875,1.00006103515625,1.999969482421875,,,1079659,24,1,3,0
1211,1079777,6554,13107,1.00006103515625,1.999969482421875,1.00006103515625,1.999969482421875,,,1079784,24,1,3,0
1212,1079903,6554,13107,1.00006103515625,1.999969482421875,1.00006103515625,1.999969482421875,,,1079910,23,1,3,0
1213,1080028,6554,13107,1.00006103515625,1.999969482421875,1.00006103515625,1.999969482421875,,,1080035,24,1,3,0
1214,1080153,6554,13107,1.00006103515625,1.999969482421875,1.00006103515625,1.999969482421875,,,1080160,24,1,3,0
1215,1080278,6554,13107,1.00006103515625,1.999969482421875,1.00006103515625,1.999969482421875,,,1080285,24,1,3,0
1216,1080404,6554,13107,1.00006103515625,1.999969482421875,1.00006103515625,1.999969482421875,,,1080411,23,1,3,0
1217,1080529,6554,13107,1.00006103515625,1.999969482421875,1.00006103515625,1.999969482421875,,,1080536,24,1,3,0
1218,1080654,6554,13107,1.00006103515625,1.999969482421875,1.00006103515625,1.999969482421875,,,1080661,24,1,3,0
1219,1080779,6554,13107,1.00006103515625,1.999969482421875,1.00006103515625,1.999969482421875,,,1080786,24,1,3,0
1220,1080905,6554,13107,1.00006103515625,1.999969482421875,1.00006103515625,1.999969482421875,,,1080912,23,1,3,0
1221,1081030,6554,13107,1.00006103515625,1.999969482421875,1.00006103515625,1.999969482421875,,,1081037,24,1,3,0
1222,1081155,6554,13107,1.00006103515625,1.999969482421875,1.00006103515625,1.999969482421875,,,1081162,24,1,3,0
1223,1081280,6554,13107,1.00006103515625,1.999969482421875,1.00006103515625,1.999969482421875,,,1081287,24,1,3,0
1224,1081406,6554,13107,1.00006103515625,1.999969482421875,1.00006103515625,1.999969482421875,,,1081413,23,1,3,0
1225,1081531,6554,13107,1.00006103515625,1.999969482421875,1.00006103515625,1.999969482421875,,,1081538,24,1,3,0
1226,1081656,6554,13107,1.00006103515625,1.999969482421875,1.00006103515625,1.999969482421875,,,1081663,24,1,3,0
1227,1081781,6554,13107,1.00006103515625,1.999969482421875,1.00006103515625,1.999969482421875,,,1081788,24,1,3,0
1228,1081907,6554,13107,1.00006103515625,1.999969482421875,1.00006103515625,1.999969482421875,,,1081914,23,1,3,0
1229,1082032,6554,13107,1.00006103515625,1.999969482421875,1.00006103515625,1.999969482421875,,,1082039,24,1,3,0
1230,1082157,6554,13107,1.00006103515625,1.999969482421875,1.00006103515625,1.999969482421875,,,1082164,24,1,3,0
1231,1082282,6554,13107,1.00006103515625,1.999969482421875,1.00006103515625,1.999969482421875,,,1082289,24,1,3,0
1232,1082408,6554,13107,1.00006103515625,1.999969482421875,1.00006103515625,1.999969482421875,,,1082415,23,1,3,0
1233,1082533,6554,13107,1.00006103515625,1.999969482421875,1.00006103515625,1.999969482421875,,,1082540,24,1,3,0
1234,1082658,6554,13107,1.00006103515625,1.999969482421875,1.00006103515625,1.999969482421875,,,1082665,24,1,3,0
1235,1082783,6554,13107,1.00006103515625,1.999969482421875,1.00006103515625,1.999969482421875,,,1082790,24,1,3,0
1236,1082909,6554,13107,1.00006103515625,1.999969482421875,1.00006103515625,1.999969482421875,,,1082916,23,1,3,0
1237,1083034,6554,13107,1.00006103515625,1.999969482421875,1.00006103515625,1.999969482421875,,,1083041,24,1,3,0
1238,1083159,6554,13107,1.00006103515625,1.999969482421875,1.00006103515625,1.999969482421875,,,1083166,24,1,3,0
1239,1083284,6554,13107,1.00006103515625,1.999969482421875,1.00006103515625,1.999969482421875,,,1083291,24,1,3,0
1240,1083410,6554,13107,1.00006103515625,1.999969482421875,1.00006103515625,1.999969482421875,,,1083417,23,1,3,0
1241,1083535,6554,13107,1.00006103515625,1.999969482421875,1.00006103515625,1.999969482421875,,,1083542,24,1,3,0
1242,1083660,6554,13107,1.00006103515625,1.999969482421875,1.00006103515625,1.999969482421875,,,1083667,24,1,3,0
1243,1083785,6554,13107,1.00006103515625,1.999969482421875,1.00006103515625,1.999969482421875,,,1083792,24,1,3,0
1244,1083911,6554,13107,1.00006103515625,1.999969482421875,1.00006103515625,1.999969482421875,,,1083918,23,1,3,0
1245,1084036,6554,13107,1.00006103515625,1.999969482421875,1.00006103515625,1.999969482421875,,,1084043,24,1,3,0
1246,1084161,6554,13107,1.00006103515625,1.999969482421875,1.00006103515625,1.999969482421875,,,1084168,24,1,3,0
1247,1084286,6554,13107,1.00006103515625,1.999969482421875,1.00006103515625,1.999969482421875,,,1084293,24,1,3,0
1248,1084412,6554,13107,1.00006103515625,1.999969482421875,1.00006103515625,1.999969482421875,,,1084419,23,1,3,0
1249,1084537,6554,13107,1.00006103515625,1.999969482421875,1.00006103515625,1.999969482421875,,,1084544,24,1,3,0
1250,1084662,6554,13107,1.00006103515625,1.999969482421875,1.00006103515625,1.999969482421875,,,1084669,24,1,3,0
1251,1084787,6554,13107,1.00006103515625,1.999969482421875,1.00006103515625,1.999969482421875,,,1084794,24,1,3,0
1252,1084913,6554,13107,1.00006103515625,1.999969482421875,1.00006103515625,1.999969482421875,,,1084920,23,1,3,0
1253,1085038,6554,13107,1.00006103515625,1.999969482421875,1.00006103515625,1.999969482421875,,,1085045,24,1,3,0
1254,1085163,6554,13107,1.00006103515625,1.999969482421875,1.00006103515625,1.999969482421875,,,1085170,24,1,3,0
1255,1085288,6554,13107,1.00006103515625,1.999969482421875,1.00006103515625,1.999969482421875,,,1085295,24,1,3,0
1256,1085414,6554,13107,1.00006103515625,1.999969482421875,1.00006103515625,1.999969482421875,,,1085421,23,1,3,0
1257,1085539,6554,13107,1.00006103515625,1.999969482421875,1.00006103515625,1.999969482421875,,,1085546,24,1,3,0
1258,1085664,6554,13107,1.00006103515625,1.999969482421875,1.00006103515625,1.999969482421875,,,1085671,24,1,3,0
1259,1085789,6554,13107,1.00006103515625,1.999969482421875,1.00006103515625,1.999969482421875,,,1085796,24,1,3,0
1260,1085915,6554,13107,1.00006103515625,1.999969482421875,1.00006103515625,1.999969482421875,,,1085922,23,1,3,0
1261,1086040,6554,13107,1.00006103515625,1.999969482421875,1.00006103515625,1.999969482421875,,,1086047,24,1,3,0
1262,1086165,6554,13107,1.00006103515625,1.999969482421875,1.00006103515625,1.999969482421875,,,1086172,24,1,3,0
1263,1086290,6554,13107,1.00006103515625,1.999969482421875,1.00006103515625,1.999969482421875,,,1086297,24,1,3,0
1264,1086416,6554,13107,1.00006103515625,1.999969482421875,1.00006103515625,1.999969482421875,,,1086423,23,1,3,0
1265,1086541,6554,13107,1.00006103515625,1.999969482421875,1.00006103515625,1.999969482421875,,,1086548,24,1,3,0
1266,1086666,6554,13107,1.00006103515625,1.999969482421875,1.00006103515625,1.999969482421875,,,1086673,24,1,3,0
1267,1086791,6554,13107,1.00006103515625,1.999969482421875,1.00006103515625,1.999969482421875,,,1086798,24,1,3,0
1268,1086917,6554,13107,1.00006103515625,1.999969482421875,1.00006103515625,1.999969482421875,,,1086924,23,1,3,0
1269,1087042,6554,13107,1.00006103515625,1.999969482421875,1.00006103515625,1.999969482421875,,,1087049,24,1,3,0
1270,1087167,6554,13107,1.00006103515625,1.999969482421875,1.00006103515625,1.999969482421875,,,1087174,24,1,3,0
1271,1087292,6554,13107,1.00006103515625,1.999969482421875,1.00006103515625,1.999969482421875,,,1087299,24,1,3,0
1272,1087418,6554,13107,1.00006103515625,1.999969482421875,1.00006103515625,1.999969482421875,,,1087425,23,1,3,0
1273,1087543,6554,13107,1.00006103515625,1.999969482421875,1.00006103515625,1.999969482421875,,,1087550,24,1,3,0
1274,1087668,6554,13107,1.00006103515625,1.999969482421875,1.00006103515625,1.999969482421875,,,1087675,24,1,3,0
1275,1087793,6554,13107,1.00006103515625,1.999969482421875,1.00006103515625,1.999969482421875,,,1087800,24,1,3,0
1276,1087919,6554,13107,1.00006103515625,1.999969482421875,1.00006103515625,1.999969482421875,,,1087926,23,1,3,0
1277,1088044,6554,13107,1.00006103515625,1.999969482421875,1.00006103515625,1.999969482421875,,,1088051,24,1,3,0
1278,1088169,6554,13107,1.00006103515625,1.999969482421875,1.00006103515625,1.999969482421875,,,1088176,24,1,3,0
1279,1088294,6554,13107,1.00006103515625,1.999969482421875,1.00006103515625,1.999969482421875,,,1088301,24,1,3,0
1280,1088420,6554,13107,1.00006103515625,1.999969482421875,1.00006103515625,1.999969482421875,,,1088427,23,1,3,0
1281,1088545,6554,13107,1.00006103515625,1.999969482421875,1.00006103515625,1.999969482421875,,,1088552,24,1,3,0
1282,1088670,6554,13107,1.00006103515625,1.999969482421875,1.00006103515625,1.999969482421875,,,1088677,24,1,3,0
1283,1088795,6554,13107,1.00006103515625,1.999969482421875,1.00006103515625,1.999969482421875,,,1088802,24,1,3,0
1284,1088921,6554,13107,1.00006103515625,1.999969482421875,1.00006103515625,1.999969482421875,,,1088928,23,1,3,0
1285,1089046,6554,13107,1.00006103515625,1.999969482421875,1.00006103515625,1.999969482421875,,,1089053,24,1,3,0
1286,1089171,6554,13107,1.00006103515625,1.999969482421875,1.00006103515625,1.999969482421875,,,1089178,24,1,3,0
1287,1089296,6554,13107,1.00006103515625,1.999969482421875,1.00006103515625,1.999969482421875,,,1089303,24,1,3,0
1288,1089422,6554,13107,1.00006103515625,1.999969482421875,1.00006103515625,1.999969482421875,,,1089429,23,1,3,0
1289,1089547,6554,13107,1.00006103515625,1.999969482421875,1.00006103515625,1.999969482421875,,,1089554,24,1,3,0
1290,1089672,6554,13107,1.00006103515625,1.999969482421875,1.00006103515625,1.999969482421875,,,1089679,24,1,3,0
1291,1089797,6554,13107,1.00006103515625,1.999969482421875,1.00006103515625,1.999969482421875,,,1089804,24,1,3,0
1292,1089923,6554,13107,1.00006103515625,1.999969482421875,1.00006103515625,1.999969482421875,,,1089930,23,1,3,0
1293,1090048,6554,13107,1.00006103515625,1.999969482421875,1.00006103515625,1.999969482421875,,,1090055,24,1,3,0
1294,1090173,6554,13107,1.00006103515625,1.999969482421875,1.00006103515625,1.999969482421875,,,1090180,24,1,3,0
1295,1090298,6554,13107,1.00006103515625,1.999969482421875,1.00006103515625,1.999969482421875,,,1090305,24,1,3,0
1296,1090424,6554,13107,1.00006103515625,1.999969482421875,1.00006103515625,1.999969482421875,,,1090431,23,1,3,0
1297,1090549,6554,13107,1.00006103515625,1.999969482421875,1.00006103515625,1.999969482421875,,,1090556,24,1,3,0
1298,1090674,6554,13107,1.00006103515625,1.999969482421875,1.00006103515625,1.999969482421875,,,1090683,23,1,3,0
1299,1090799,6554,13107,1.00006103515625,1.999969482421875,1.00006103515625,1.999969482421875,,,1090806,24,1,3,0
1300,1090925,6554,13107,1.00006103515625,1.999969482421875,1.00006103515625,1.999969482421875,,,1090932,23,1,3,0
1301,1091050,6554,13107,1.00006103515625,1.999969482421875,1.00006103515625,1.999969482421875,,,1091057,24,1,3,0
1302,1091175,6554,13107,1.00006103515625,1.999969482421875,1.00006103515625,1.999969482421875,,,1091182,24,1,3,0
1303,1091300,6554,13107,1.00006103515625,1.999969482421875,1.00006103515625,1.999969482421875,,,1091307,24,1,3,0
1304,1091426,6554,13107,1.00006103515625,1.999969482421875,1.00006103515625,1.999969482421875,,,1091433,23,1,3,0
1305,1091551,6554,13107,1.00006103515625,1.999969482421875,1.00006103515625,1.999969482421875,,,1091558,24,1,3,0
1306,1091676,6554,13107,1.00006103515625,1.999969482421875,1.00006103515625,1.999969482421875,,,1091683,24,1,3,0
1307,1091801,6554,13107,1.00006103515625,1.999969482421875,1.00006103515625,1.999969482421875,,,1091808,24,1,3,0
1308,1091927,6554,13107,1.00006103515625,1.999969482421875,1.00006103515625,1.999969482421875,,,1091934,23,1,3,0
1309,1092052,6554,13107,1.00006103515625,1.999969482421875,1.00006103515625,1.999969482421875,,,1092059,24,1,3,0
1310,1092177,6554,13107,1.00006103515625,1.999969482421875,1.00006103515625,1.999969482421875,,,1092184,24,1,3,0
1311,1092302,6554,13107,1.00006103515625,1.999969482421875,1.00006103515625,1.999969482421875,,,1092309,24,1,3,0
1312,1092428,6554,13107,1.00006103515625,1.999969482421875,1.00006103515625,1.999969482421875,,,1092435,23,1,3,0
1313,1092553,6554,13107,1.00006103515625,1.999969482421875,1.00006103515625,1.999969482421875,,,1092560,24,1,3,0
1314,1092678,6554,13107,1.00006103515625,1.999969482421875,1.00006103515625,1.999969482421875,,,1092685,24,1,3,0
1315,1092803,6554,13107,1.00006103515625,1.999969482421875,1.00006103515625,1.999969482421875,,,1092810,24,1,3,0
1316,1092929,6554,13107,1.00006103515625,1.999969482421875,1.00006103515625,1.999969482421875,,,1092936,23,1,3,0
1317,1093054,6554,13107,1.00006103515625,1.999969482421875,1.00006103515625,1.999969482421875,,,1093061,24,1,3,0
1318,1093179,6554,13107,1.00006103515625,1.999969482421875,1.00006103515625,1.999969482421875,,,1093186,24,1,3,0
1319,1093304,6554,13107,1.00006103515625,1.999969482421875,1.00006103515625,1.999969482421875,,,1093311,24,1,3,0
1320,1093430,6554,13107,1.00006103515625,1.999969482421875,1.00006103515625,1.999969482421875,,,1093437,23,1,3,0
1321,1093555,6554,13107,1.00006103515625,1.999969482421875,1.00006103515625,1.999969482421875,,,1093562,24,1,3,0
1322,1093680,6554,13107,1.00006103515625,1.999969482421875,1.00006103515625,1.999969482421875,,,1093687,24,1,3,0
1323,1093805,6554,13107,1.00006103515625,1.999969482421875,1.00006103515625,1.999969482421875,,,1093812,24,1,3,0
1324,1093931,6554,13107,1.00006103515625,1.999969482421875,1.00006103515625,1.999969482421875,,,1093938,23,1,3,0
1325,1094056,6554,13107,1.00006103515625,1.999969482421875,1.00006103515625,1.999969482421875,,,1094063,24,1,3,0
1326,1094181,6554,13107,1.00006103515625,1.999969482421875,1.00006103515625,1.999969482421875,,,1094188,24,1,3,0
1327,1094306,6554,13107,1.00006103515625,1.999969482421875,1.00006103515625,1.999969482421875,,,1094313,24,1,3,0
1328,1094432,6554,13107,1.00006103515625,1.999969482421875,1.00006103515625,1.999969482421875,,,1094439,23,1,3,0
1329,1094557,6554,13107,1.00006103515625,1.999969482421875,1.00006103515625,1.999969482421875,,,1094564,24,1,3,0
1330,1094682,6554,13107,1.00006103515625,1.999969482421875,1.00006103515625,1.999969482421875,,,1094689,24,1,3,0
1331,1094807,6554,13107,1.00006103515625,1.999969482421875,1.00006103515625,1.999969482421875,,,1094814,24,1,3,0
1332,1094933,6554,13107,1.00006103515625,1.999969482421875,1.00006103515625,1.999969482421875,,,1094940,23,1,3,0
1333,1095058,6554,13107,1.00006103515625,1.999969482421875,1.00006103515625,1.999969482421875,,,1095065,24,1,3,0
1334,1095183,6554,13107,1.00006103515625,1.999969482421875,1.00006103515625,1.999969482421875,,,1095190,24,1,3,0
1335,1095308,6554,13107,1.00006103515625,1.999969482421875,1.00006103515625,1.999969482421875,,,1095315,24,1,3,0
1336,1095434,6554,13107,1.00006103515625,1.999969482421875,1.00006103515625,1.999969482421875,,,1095441,23,1,3,0
1337,1095559,6554,13107,1.00006103515625,1.999969482421875,1.00006103515625,1.999969482421875,,,1095566,24,1,3,0
1338,1095684,6554,13107,1.00006103515625,1.999969482421875,1.00006103515625,1.999969482421875,,,1095691,24,1,3,0
1339,1095809,6554,13107,1.00006103515625,1.999969482421875,1.00006103515625,1.999969482421875,,,1095816,24,1,3,0
1340,1095935,6554,13107,1.00006103515625,1.999969482421875,1.00006103515625,1.999969482421875,,,1095942,23,1,3,0
1341,1096060,6554,13107,1.00006103515625,1.999969482421875,1.00006103515625,1.999969482421875,,,1096067,24,1,3,0
1342,1096185,6554,13107,1.00006103515625,1.999969482421875,1.00006103515625,1.999969482421875,,,1096192,24,1,3,0
1343,1096310,6554,13107,1.00006103515625,1.999969482421875,1.00006103515625,1.999969482421875,,,1096317,24,1,3,0
1344,1096436,6554,13107,1.00006103515625,1.999969482421875,1.00006103515625,1.999969482421875,,,1096443,23,1,3,0
1345,1096561,6554,13107,1.00006103515625,1.999969482421875,1.00006103515625,1.999969482421875,,,1096568,24,1,3,0
1346,1096686,6554,13107,1.00006103515625,1.999969482421875,1.00006103515625,1.999969482421875,,,1096693,24,1,3,0
1347,1096811,6554,13107,1.00006103515625,1.999969482421875,1.00006103515625,1.999969482421875,,,1096818,24,1,3,0
1348,1096937,6554,13107,1.00006103515625,1.999969482421875,1.00006103515625,1.999969482421875,,,1096944,23,1,3,0
1349,1097062,6554,13107,1.00006103515625,1.999969482421875,1.00006103515625,1.999969482421875,,,1097069,24,1,3,0
1350,1097187,6554,13107,1.00006103515625,1.999969482421875,1.00006103515625,1.999969482421875,,,1097194,24,1,3,0
1351,1097312,6554,13107,1.00006103515625,1.999969482421875,1.00006103515625,1.999969482421875,,,1097319,24,1,3,0
1352,1097438,6554,13107,1.00006103515625,1.999969482421875,1.00006103515625,1.999969482421875,,,1097445,23,1,3,0
1353,1097563,6554,13107,1.00006103515625,1.999969482421875,1.00006103515625,1.999969482421875,,,1097570,24,1,3,0
1354,1097688,6554,13107,1.00006103515625,1.999969482421875,1.00006103515625,1.999969482421875,,,1097695,24,1,3,0
1355,1097813,6554,13107,1.00006103515625,1.999969482421875,1.00006103515625,1.999969482421875,,,1097820,24,1,3,0
1356,1097939,6554,13107,1.00006103515625,1.999969482421875,1.00006103515625,1.999969482421875,,,1097946,23,1,3,0
1357,1098064,6554,13107,1.00006103515625,1.999969482421875,1.00006103515625,1.999969482421875,,,1098071,24,1,3,0
1358,1098189,6554,13107,1.00006103515625,1.999969482421875,1.00006103515625,1.999969482421875,,,1098196,24,1,3,0
1359,1098314,6554,13107,1.00006103515625,1.999969482421875,1.00006103515625,1.999969482421875,,,1098321,24,1,3,0
1360,1098440,6554,13107,1.00006103515625,1.999969482421875,1.00006103515625,1.999969482421875,,,1098447,23,1,3,0
1361,1098565,6554,13107,1.00006103515625,1.999969482421875,1.00006103515625,1.999969482421875,,,1098572,24,1,3,0
1362,1098690,6554,13107,1.00006103515625,1.999969482421875,1.00006103515625,1.999969482421875,,,1098697,24,1,3,0
1363,1098815,6554,13107,1.00006103515625,1.999969482421875,1.00006103515625,1.999969482421875,,,1098822,24,1,3,0
1364,1098941,6554,13107,1.00006103515625,1.999969482421875,1.00006103515625,1.999969482421875,,,1098948,23,1,3,0
1365,1099066,6554,13107,1.00006103515625,1.999969482421875,1.00006103515625,1.999969482421875,,,1099073,24,1,3,0
1366,1099191,6554,13107,1.00006103515625,1.999969482421875,1.00006103515625,1.999969482421875,,,1099198,24,1,3,0
1367,1099316,6554,13107,1.00006103515625,1.999969482421875,1.00006103515625,1.999969482421875,,,1099323,24,1,3,0
1368,1099442,6554,13107,1.00006103515625,1.999969482421875,1.00006103515625,1.999969482421875,,,1099449,23,1,3,0
1369,1099567,6554,13107,1.00006103515625,1.999969482421875,1.00006103515625,1.999969482421875,,,1099574,24,1,3,0
1370,1099692,6554,13107,1.00006103515625,1.999969482421875,1.00006103515625,1.999969482421875,,,1099699,24,1,3,0
1371,1099817,6554,13107,1.00006103515625,1.999969482421875,1.00006103515625,1.999969482421875,,,1099824,24,1,3,0
1372,1099943,6554,13107,1.00006103515625,1.999969482421875,1.00006103515625,1.999969482421875,,,1099950,23,1,3,0
1373,1100068,6554,13107,1.00006103515625,1.999969482421875,1.00006103515625,1.999969482421875,,,1100075,24,1,3,0
1374,1100193,6554,13107,1.00006103515625,1.999969482421875,1.00006103515625,1.999969482421875,,,1100200,24,1,3,0
1375,1100318,6554,13107,1.00006103515625,1.999969482421875,1.00006103515625,1.999969482421875,,,1100325,24,1,3,0
1376,1100444,6554,13107,1.00006103515625,1.999969482421875,1.00006103515625,1.999969482421875,,,1100451,23,1,3,0
1377,1100569,6554,13107,1.00006103515625,1.999969482421875,1.00006103515625,1.999969482421875,,,1100576,24,1,3,0
1378,1100694,6554,13107,1.00006103515625,1.999969482421875,1.00006103515625,1.999969482421875,,,1100702,24,1,3,0
1379,1100819,6554,13107,1.00006103515625,1.999969482421875,1.00006103515625,1.999969482421875,,,1100826,24,1,3,0
1380,1100945,6554,13107,1.00006103515625,1.999969482421875,1.00006103515625,1.999969482421875,,,1100952,23,1,3,0
1381,1101070,6554,13107,1.00006103515625,1.999969482421875,1.00006103515625,1.999969482421875,,,1101077,24,1,3,0
1382,1101195,6554,13107,1.00006103515625,1.999969482421875,1.00006103515625,1.999969482421875,,,1101202,24,1,3,0
1383,1101320,6554,13107,1.00006103515625,1.999969482421875,1.00006103515625,1.999969482421875,,,1101327,24,1,3,0
1384,1101446,6554,13107,1.00006103515625,1.999969482421875,1.00006103515625,1.999969482421875,,,1101453,23,1,3,0
1385,1101571,6554,13107,1.00006103515625,1.999969482421875,1.00006103515625,1.999969482421875,,,1101578,24,1,3,0
1386,1101696,6554,13107,1.00006103515625,1.999969482421875,1.00006103515625,1.999969482421875,,,1101703,24,1,3,0
1387,1101821,6554,13107,1.00006103515625,1.999969482421875,1.00006103515625,1.999969482421875,,,1101828,24,1,3,0
1388,1101947,6554,13107,1.00006103515625,1.999969482421875,1.00006103515625,1.999969482421875,,,1101954,23,1,3,0
1389,1102072,6554,13107,1.00006103515625,1.999969482421875,1.00006103515625,1.999969482421875,,,1102079,24,1,3,0
1390,1102197,6554,13107,1.00006103515625,1.999969482421875,1.00006103515625,1.999969482421875,,,1102204,24,1,3,0
1391,1102322,6554,13107,1.00006103515625,1.999969482421875,1.00006103515625,1.999969482421875,,,1102329,24,1,3,0
1392,1102448,6554,13107,1.00006103515625,1.999969482421875,1.00006103515625,1.999969482421875,,,1102455,23,1,3,0
1393,1102573,6554,13107,1.00006103515625,1.999969482421875,1.00006103515625,1.999969482421875,,,1102580,24,1,3,0
1394,1102698,6554,13107,1.00006103515625,1.999969482421875,1.00006103515625,1.999969482421875,,,1102705,24,1,3,0
1395,1102823,6554,13107,1.00006103515625,1.999969482421875,1.00006103515625,1.999969482421875,,,1102830,24,1,3,0
1396,1102949,6554,13107,1.00006103515625,1.999969482421875,1.00006103515625,1.999969482421875,,,1102956,23,1,3,0
1397,1103074,6554,13107,1.00006103515625,1.999969482421875,1.00006103515625,1.999969482421875,,,1103081,24,1,3,0
1398,1103199,6554,13107,1.00006103515625,1.999969482421875,1.00006103515625,1.999969482421875,,,1103206,24,1,3,0
1399,1103324,6554,13107,1.00006103515625,1.999969482421875,1.00006103515625,1.999969482421875,,,1103331,24,1,3,0
1400,1103450,6554,13107,1.00006103515625,1.999969482421875,1.00006103515625,1.999969482421875,,,1103457,23,1,3,0
1401,1103575,6554,13107,1.00006103515625,1.999969482421875,1.00006103515625,1.999969482421875,,,1103582,24,1,3,0
1402,1103700,6554,13107,1.00006103515625,1.999969482421875,1.00006103515625,1.999969482421875,,,1103707,24,1,3,0
1403,1103825,6554,13107,1.00006103515625,1.999969482421875,1.00006103515625,1.999969482421875,,,1103832,24,1,3,0
1404,1103951,6554,13107,1.00006103515625,1.999969482421875,1.00006103515625,1.999969482421875,,,1103958,23,1,3,0
1405,1104076,6554,13107,1.00006103515625,1.999969482421875,1.00006103515625,1.999969482421875,,,1104083,24,1,3,0
1406,1104201,6554,13107,1.00006103515625,1.999969482421875,1.00006103515625,1.999969482421875,,,1104208,24,1,3,0
1407,1104326,6554,13107,1.00006103515625,1.999969482421875,1.00006103515625,1.999969482421875,,,1104333,24,1,3,0
1408,1104452,6554,13107,1.00006103515625,1.999969482421875,1.00006103515625,1.999969482421875,,,1104459,23,1,3,0
1409,1104577,6554,13107,1.00006103515625,1.999969482421875,1.00006103515625,1.999969482421875,,,1104584,24,1,3,0
1410,1104702,6554,13107,1.00006103515625,1.999969482421875,1.00006103515625,1.999969482421875,,,1104709,24,1,3,0
1411,1104827,6554,13107,1.00006103515625,1.999969482421875,1.00006103515625,1.999969482421875,,,1104834,24,1,3,0
1412,1104953,6554,13107,1.00006103515625,1.999969482421875,1.00006103515625,1.999969482421875,,,1104960,23,1,3,0
1413,1105078,6554,13107,1.00006103515625,1.999969482421875,1.00006103515625,1.999969482421875,,,1105085,24,1,3,0
1414,1105203,6554,13107,1.00006103515625,1.999969482421875,1.00006103515625,1.999969482421875,,,1105210,24,1,3,0
1415,1105328,6554,13107,1.00006103515625,1.999969482421875,1.00006103515625,1.999969482421875,,,1105335,24,1,3,0
1416,1105454,6554,13107,1.00006103515625,1.999969482421875,1.00006103515625,1.999969482421875,,,1105461,23,1,3,0
1417,1105579,6554,13107,1.00006103515625,1.999969482421875,1.00006103515625,1.999969482421875,,,1105586,24,1,3,0
1418,1105704,6554,13107,1.00006103515625,1.999969482421875,1.00006103515625,1.999969482421875,,,1105711,24,1,3,0
1419,1105829,6554,13107,1.00006103515625,1.999969482421875,1.00006103515625,1.999969482421875,,,1105836,24,1,3,0
1420,1105955,6554,13107,1.00006103515625,1.999969482421875,1.00006103515625,1.999969482421875,,,1105962,23,1,3,0
1421,1106080,6554,13107,1.00006103515625,1.999969482421875,1.00006103515625,1.999969482421875,,,1106087,24,1,3,0
1422,1106205,6554,13107,1.00006103515625,1.999969482421875,1.00006103515625,1.999969482421875,,,1106212,24,1,3,0
1423,1106330,6554,13107,1.00006103515625,1.999969482421875,1.00006103515625,1.999969482421875,,,1106339,23,1,3,0
1424,1106456,6554,13107,1.00006103515625,1.999969482421875,1.00006103515625,1.999969482421875,,,1106463,23,1,3,0
1425,1106581,6554,13107,1.00006103515625,1.999969482421875,1.00006103515625,1.999969482421875,,,1106588,24,1,3,0
1426,1106706,6554,13107,1.00006103515625,1.999969482421875,1.00006103515625,1.999969482421875,,,1106713,24,1,3,0
1427,1106831,6554,13107,1.00006103515625,1.999969482421875,1.00006103515625,1.999969482421875,,,1106838,24,1,3,0
1428,1106957,6554,13107,1.00006103515625,1.999969482421875,1.00006103515625,1.999969482421875,,,1106964,23,1,3,0
1429,1107082,6554,13107,1.00006103515625,1.999969482421875,1.00006103515625,1.999969482421875,,,1107089,24,1,3,0
1430,1107207,6554,13107,1.00006103515625,1.999969482421875,1.00006103515625,1.999969482421875,,,1107214,24,1,3,0
1431,1107332,6554,13107,1.00006103515625,1.999969482421875,1.00006103515625,1.999969482421875,,,1107341,24,1,3,0
1432,1107458,6554,13107,1.00006103515625,1.999969482421875,1.00006103515625,1.999969482421875,,,1107465,23,1,3,0
1433,1107583,6554,13107,1.00006103515625,1.999969482421875,1.00006103515625,1.999969482421875,,,1107590,24,1,3,0
1434,1107708,6554,13107,1.00006103515625,1.999969482421875,1.00006103515625,1.999969482421875,,,1107715,24,1,3,0
1435,1107833,6554,13107,1.00006103515625,1.999969482421875,1.00006103515625,1.999969482421875,,,1107840,24,1,3,0
1436,1107959,6554,13107,1.00006103515625,1.999969482421875,1.00006103515625,1.999969482421875,,,1107966,23,1,3,0
1437,1108084,6554,13107,1.00006103515625,1.999969482421875,1.00006103515625,1.999969482421875,,,1108091,24,1,3,0
1438,1108209,6554,13107,1.00006103515625,1.999969482421875,1.00006103515625,1.999969482421875,,,1108216,24,1,3,0
1439,1108334,6554,13107,1.00006103515625,1.999969482421875,1.00006103515625,1.999969482421875,,,1108341,24,1,3,0
1440,1108460,6554,13107,1.00006103515625,1.999969482421875,1.00006103515625,1.999969482421875,,,1108467,23,1,3,0
1441,1108585,6554,13107,1.00006103515625,1.999969482421875,1.00006103515625,1.999969482421875,,,1108592,24,1,3,0
1442,1108710,6554,13107,1.00006103515625,1.999969482421875,1.00006103515625,1.999969482421875,,,1108717,24,1,3,0
1443,1108835,6554,13107,1.00006103515625,1.999969482421875,1.00006103515625,1.999969482421875,,,1108842,24,1,3,0
1444,1108961,6554,13107,1.00006103515625,1.999969482421875,1.00006103515625,1.999969482421875,,,1108968,23,1,3,0
1445,1109086,6554,13107,1.00006103515625,1.999969482421875,1.00006103515625,1.999969482421875,,,1109093,24,1,3,0
1446,1109211,6554,13107,1.00006103515625,1.999969482421875,1.00006103515625,1.999969482421875,,,1109218,24,1,3,0
1447,1109336,6554,13107,1.00006103515625,1.999969482421875,1.00006103515625,1.999969482421875,,,1109343,24,1,3,0
1448,1109462,6554,13107,1.00006103515625,1.999969482421875,1.00006103515625,1.999969482421875,,,1109469,23,1,3,0
1449,1109587,6554,13107,1.00006103515625,1.999969482421875,1.00006103515625,1.999969482421875,,,1109594,24,1,3,0
1450,1109712,6554,13107,1.00006103515625,1.999969482421875,1.00006103515625,1.999969482421875,,,1109719,24,1,3,0
1451,1109837,6554,13107,1.00006103515625,1.999969482421875,1.00006103515625,1.999969482421875,,,1109844,24,1,3,0
1452,1109963,6554,13107,1.00006103515625,1.999969482421875,1.00006103515625,1.999969482421875,,,1109970,23,1,3,0
1453,1110088,6554,13107,1.00006103515625,1.999969482421875,1.00006103515625,1.999969482421875,,,1110095,24,1,3,0
1454,1110213,6554,13107,1.00006103515625,1.999969482421875,1.00006103515625,1.999969482421875,,,1110220,24,1,3,0
1455,1110338,6554,13107,1.00006103515625,1.999969482421875,1.00006103515625,1.999969482421875,,,1110345,24,1,3,0
1456,1110464,6554,13107,1.00006103515625,1.999969482421875,1.00006103515625,1.999969482421875,,,1110471,23,1,3,0
1457,1110589,6554,13107,1.00006103515625,1.999969482421875,1.00006103515625,1.999969482421875,,,1110596,24,1,3,0
1458,1110714,6554,13107,1.00006103515625,1.999969482421875,1.00006103515625,1.999969482421875,,,1110721,24,1,3,0
1459,1110839,6554,13107,1.00006103515625,1.999969482421875,1.00006103515625,1.999969482421875,,,1110846,24,1,3,0
1460,1110965,6554,13107,1.00006103515625,1.999969482421875,1.00006103515625,1.999969482421875,,,1110972,23,1,3,0
1461,1111090,6554,13107,1.00006103515625,1.999969482421875,1.00006103515625,1.999969482421875,,,1111097,24,1,3,0
1462,1111215,6554,13107,1.00006103515625,1.999969482421875,1.00006103515625,1.999969482421875,,,1111222,24,1,3,0
1463,1111340,6554,13107,1.00006103515625,1.999969482421875,1.00006103515625,1.999969482421875,,,1111347,24,1,3,0
1464,1111466,6554,13107,1.00006103515625,1.999969482421875,1.00006103515625,1.999969482421875,,,1111473,23,1,3,0
1465,1111591,6554,13107,1.00006103515625,1.999969482421875,1.00006103515625,1.999969482421875,,,1111598,24,1,3,0
1466,1111716,6554,13107,1.00006103515625,1.999969482421875,1.00006103515625,1.999969482421875,,,1111723,24,1,3,0
1467,1111841,6554,13107,1.00006103515625,1.999969482421875,1.00006103515625,1.999969482421875,,,1111848,24,1,3,0
1468,1111967,6554,13107,1.00006103515625,1.999969482421875,1.00006103515625,1.999969482421875,,,1111974,23,1,3,0
1469,1112092,6554,13107,1.00006103515625,1.999969482421875,1.00006103515625,1.999969482421875,,,1112099,24,1,3,0
1470,1112217,6554,13107,1.00006103515625,1.999969482421875,1.00006103515625,1.999969482421875,,,1112224,24,1,3,0
1471,1112342,6554,13107,1.00006103515625,1.999969482421875,1.00006103515625,1.999969482421875,,,1112349,24,1,3,0
1472,1112468,6554,13107,1.00006103515625,1.999969482421875,1.00006103515625,1.999969482421875,,,1112475,23,1,3,0
1473,1112593,6554,13107,1.00006103515625,1.999969482421875,1.00006103515625,1.999969482421875,,,1112600,24,1,3,0
1474,1112718,6554,13107,1.00006103515625,1.999969482421875,1.00006103515625,1.999969482421875,,,1112725,24,1,3,0
1475,1112843,6554,13107,1.00006103515625,1.999969482421875,1.00006103515625,1.999969482421875,,,1112850,24,1,3,0
1476,1112969,6554,13107,1.00006103515625,1.999969482421875,1.00006103515625,1.999969482421875,,,1112976,23,1,3,0
1477,1113094,6554,13107,1.00006103515625,1.999969482421875,1.00006103515625,1.999969482421875,,,1113101,24,1,3,0
1478,1113219,6554,13107,1.00006103515625,1.999969482421875,1.00006103515625,1.999969482421875,,,1113226,24,1,3,0
1479,1113344,6554,13107,1.00006103515625,1.999969482421875,1.00006103515625,1.999969482421875,,,1113351,24,1,3,0
1480,1113470,6554,13107,1.00006103515625,1.999969482421875,1.00006103515625,1.999969482421875,,,1113477,23,1,3,0
1481,1113595,6554,13107,1.00006103515625,1.999969482421875,1.00006103515625,1.999969482421875,,,1113602,24,1,3,0
1482,1113720,6554,13107,1.00006103515625,1.999969482421875,1.00006103515625,1.999969482421875,,,1113727,24,1,3,0
1483,1113845,6554,13107,1.00006103515625,1.999969482421875,1.00006103515625,1.999969482421875,,,1113852,24,1,3,0
1484,1113971,6554,13107,1.00006103515625,1.999969482421875,1.00006103515625,1.999969482421875,,,1113978,23,1,3,0
1485,1114096,6554,13107,1.00006103515625,1.999969482421875,1.00006103515625,1.999969482421875,,,1114103,24,1,3,0
1486,1114221,6554,13107,1.00006103515625,1.999969482421875,1.00006103515625,1.999969482421875,,,1114228,24,1,3,0
1487,1114346,6554,13107,1.00006103515625,1.999969482421875,1.00006103515625,1.999969482421875,,,1114353,24,1,3,0
1488,1114472,6554,13107,1.00006103515625,1.999969482421875,1.00006103515625,1.999969482421875,,,1114479,23,1,3,0
1489,1114597,6554,13107,1.00006103515625,1.999969482421875,1.00006103515625,1.999969482421875,,,1114604,24,1,3,0
1490,1114722,6554,13107,1.00006103515625,1.999969482421875,1.00006103515625,1.999969482421875,,,1114729,24,1,3,0
1491,1114847,6554,13107,1.00006103515625,1.999969482421875,1.00006103515625,1.999969482421875,,,1114854,24,1,3,0
1492,1114973,6554,13107,1.00006103515625,1.999969482421875,1.00006103515625,1.999969482421875,,,1114980,23,1,3,0
1493,1115098,6554,13107,1.00006103515625,1.999969482421875,1.00006103515625,1.999969482421875,,,1115105,24,1,3,0
1494,1115223,6554,13107,1.00006103515625,1.999969482421875,1.00006103515625,1.999969482421875,,,1115230,24,1,3,0
1495,1115348,6554,13107,1.00006103515625,1.999969482421875,1.00006103515625,1.999969482421875,,,1115355,24,1,3,0
1496,1115474,6554,13107,1.00006103515625,1.999969482421875,1.00006103515625,1.999969482421875,,,1115481,23,1,3,0
1497,1115599,6554,13107,1.00006103515625,1.999969482421875,1.00006103515625,1.999969482421875,,,1115606,24,1,3,0
1498,1115724,6554,13107,1.00006103515625,1.999969482421875,1.00006103515625,1.999969482421875,,,1115731,24,1,3,0
1499,1115849,6554,13107,1.00006103515625,1.999969482421875,1.00006103515625,1.999969482421875,,,1115856,24,1,3,0
1500,1115975,6554,13107,1.00006103515625,1.999969482421875,1.00006103515625,1.999969482421875,,,1115982,23,1,3,0
1501,1116100,6554,13107,1.00006103515625,1.999969482421875,1.00006103515625,1.999969482421875,,,1116107,24,1,3,0
1502,1116225,6554,13107,1.00006103515625,1.999969482421875,1.00006103515625,1.999969482421875,,,1116232,24,1,3,0
1503,1116350,6554,13107,1.00006103515625,1.999969482421875,1.00006103515625,1.999969482421875,,,1116359,24,1,3,0
1504,1116476,6554,13107,1.00006103515625,1.999969482421875,1.00006103515625,1.999969482421875,,,1116483,23,1,3,0
1505,1116601,6554,13107,1.00006103515625,1.999969482421875,1.00006103515625,1.999969482421875,,,1116608,24,1,3,0
1506,1116726,6554,13107,1.00006103515625,1.999969482421875,1.00006103515625,1.999969482421875,,,1116733,24,1,3,0
1507,1116851,6554,13107,1.00006103515625,1.999969482421875,1.00006103515625,1.999969482421875,,,1116858,24,1,3,0
1508,1116977,6554,13107,1.00006103515625,1.999969482421875,1.00006103515625,1.999969482421875,,,1116984,23,1,3,0
1509,1117102,6554,13107,1.00006103515625,1.999969482421875,1.00006103515625,1.999969482421875,,,1117109,24,1,3,0
1510,1117227,6554,13107,1.00006103515625,1.999969482421875,1.00006103515625,1.999969482421875,,,1117234,24,1,3,0
1511,1117352,6554,13107,1.00006103515625,1.999969482421875,1.00006103515625,1.999969482421875,,,1117360,24,1,3,0
1512,1117478,6554,13107,1.00006103515625,1.999969482421875,1.00006103515625,1.999969482421875,,,1117485,23,1,3,0
1513,1117603,6554,13107,1.00006103515625,1.999969482421875,1.00006103515625,1.999969482421875,,,1117610,24,1,3,0
1514,1117728,6554,13107,1.00006103515625,1.999969482421875,1.00006103515625,1.999969482421875,,,1117735,24,1,3,0
1515,1117853,6554,13107,1.00006103515625,1.999969482421875,1.00006103515625,1.999969482421875,,,1117860,24,1,3,0
1516,1117979,6554,13107,1.00006103515625,1.999969482421875,1.00006103515625,1.999969482421875,,,1117986,23,1,3,0
1517,1118104,6554,13107,1.00006103515625,1.999969482421875,1.00006103515625,1.999969482421875,,,1118111,24,1,3,0
1518,1118229,6554,13107,1.00006103515625,1.999969482421875,1.00006103515625,1.999969482421875,,,1118236,24,1,3,0
1519,1118354,6554,13107,1.00006103515625,1.999969482421875,1.00006103515625,1.999969482421875,,,1118361,24,1,3,0
1520,1118480,6554,13107,1.00006103515625,1.999969482421875,1.00006103515625,1.999969482421875,,,1118487,23,1,3,0
1521,1118605,6554,13107,1.00006103515625,1.999969482421875,1.00006103515625,1.999969482421875,,,1118612,26,1,3,0
1522,1118730,6554,13107,1.00006103515625,1.999969482421875,1.00006103515625,1.999969482421875,,,1118737,24,1,3,0
1523,1118855,6554,13107,1.00006103515625,1.999969482421875,1.00006103515625,1.999969482421875,,,1118862,24,1,3,0
1524,1118981,6554,13107,1.00006103515625,1.999969482421875,1.00006103515625,1.999969482421875,,,1118988,23,1,3,0
1525,1119106,6554,13107,1.00006103515625,1.999969482421875,1.00006103515625,1.999969482421875,,,1119113,24,1,3,0
1526,1119231,6554,13107,1.00006103515625,1.999969482421875,1.00006103515625,1.999969482421875,,,1119238,24,1,3,0
1527,1119356,6554,13107,1.00006103515625,1.999969482421875,1.00006103515625,1.999969482421875,,,1119363,24,1,3,0
1528,1119482,6554,13107,1.00006103515625,1.999969482421875,1.00006103515625,1.999969482421875,,,1119489,23,1,3,0
1529,1119607,6554,13107,1.00006103515625,1.999969482421875,1.00006103515625,1.999969482421875,,,1119614,26,1,3,0
1530,1119732,6554,13107,1.00006103515625,1.999969482421875,1.00006103515625,1.999969482421875,,,1119739,24,1,3,0
1531,1119857,6554,13107,1.00006103515625,1.999969482421875,1.00006103515625,1.999969482421875,,,1119864,24,1,3,0
1532,1119983,6554,13107,1.00006103515625,1.999969482421875,1.00006103515625,1.999969482421875,,,1119990,23,1,3,0
1533,1120108,6554,13107,1.00006103515625,1.999969482421875,1.00006103515625,1.999969482421875,,,1120115,24,1,3,0
1534,1120233,6554,13107,1.00006103515625,1.999969482421875,1.00006103515625,1.999969482421875,,,1120240,24,1,3,0
1535,1120358,6554,13107,1.00006103515625,1.999969482421875,1.00006103515625,1.999969482421875,,,1120365,24,1,3,0
1536,1120484,6554,13107,1.00006103515625,1.999969482421875,1.00006103515625,1.999969482421875,,,1120491,23,1,3,0
1537,1120609,6554,13107,1.00006103515625,1.999969482421875,1.00006103515625,1.999969482421875,,,1120616,24,1,3,0
1538,1120734,6554,13107,1.00006103515625,1.999969482421875,1.00006103515625,1.999969482421875,,,1120741,24,1,3,0
1539,1120859,6554,13107,1.00006103515625,1.999969482421875,1.00006103515625,1.999969482421875,,,1120866,24,1,3,0
1540,1120985,6554,13107,1.00006103515625,1.999969482421875,1.00006103515625,1.999969482421875,,,1120992,23,1,3,0
1541,1121110,6554,13107,1.00006103515625,1.999969482421875,1.00006103515625,1.999969482421875,,,1121117,24,1,3,0
1542,1121235,6554,13107,1.00006103515625,1.999969482421875,1.00006103515625,1.999969482421875,,,1121242,24,1,3,0
1543,1121360,6554,13107,1.00006103515625,1.999969482421875,1.00006103515625,1.999969482421875,,,1121367,24,1,3,0
1544,1121486,6554,13107,1.00006103515625,1.999969482421875,1.00006103515625,1.999969482421875,,,1121493,23,1,3,0
1545,1121611,6554,13107,1.00006103515625,1.999969482421875,1.00006103515625,1.999969482421875,,,1121618,24,1,3,0
1546,1121736,6554,13107,1.00006103515625,1.999969482421875,1.00006103515625,1.999969482421875,,,1121743,24,1,3,0
1547,1121861,6554,13107,1.00006103515625,1.999969482421875,1.00006103515625,1.999969482421875,,,1121868,24,1,3,0
1548,1121987,6554,13107,1.00006103515625,1.999969482421875,1.00006103515625,1.999969482421875,,,1121994,23,1,3,0
1549,1122112,6554,13107,1.00006103515625,1.999969482421875,1.00006103515625,1.999969482421875,,,1122119,24,1,3,0
1550,1122237,6554,13107,1.00006103515625,1.999969482421875,1.00006103515625,1.999969482421875,,,1122244,24,1,3,0
1551,1122362,6554,13107,1.00006103515625,1.999969482421875,1.00006103515625,1.999969482421875,,,1122369,24,1,3,0
1552,1122488,6554,13107,1.00006103515625,1.999969482421875,1.00006103515625,1.999969482421875,,,1122495,23,1,3,0
1553,1122613,6554,13107,1.00006103515625,1.999969482421875,1.00006103515625,1.999969482421875,,,1122620,24,1,3,0
1554,1122738,6554,13107,1.00006103515625,1.999969482421875,1.00006103515625,1.999969482421875,,,1122745,24,1,3,0
1555,1122863,6554,13107,1.00006103515625,1.999969482421875,1.00006103515625,1.999969482421875,,,1122870,24,1,3,0
1556,1122989,6554,13107,1.00006103515625,1.999969482421875,1.00006103515625,1.999969482421875,,,1122996,23,1,3,0
1557,1123114,6554,13107,1.00006103515625,1.999969482421875,1.00006103515625,1.999969482421875,,,1123121,24,1,3,0
1558,1123239,6554,13107,1.00006103515625,1.999969482421875,1.00006103515625,1.999969482421875,,,1123246,24,1,3,0
1559,1123364,6554,13107,1.00006103515625,1.999969482421875,1.00006103515625,1.999969482421875,,,1123371,24,1,3,0
1560,1123490,6554,13107,1.00006103515625,1.999969482421875,1.00006103515625,1.999969482421875,,,1123497,23,1,3,0
1561,1123615,6554,13107,1.00006103515625,1.999969482421875,1.00006103515625,1.999969482421875,,,1123622,24,1,3,0
1562,1123740,6554,13107,1.00006103515625,1.999969482421875,1.00006103515625,1.999969482421875,,,1123747,24,1,3,0
1563,1123865,6554,13107,1.00006103515625,1.999969482421875,1.00006103515625,1.999969482421875,,,1123872,24,1,3,0
1564,1123991,6554,13107,1.00006103515625,1.999969482421875,1.00006103515625,1.999969482421875,,,1123998,23,1,3,0
1565,1124116,6554,13107,1.00006103515625,1.999969482421875,1.00006103515625,1.999969482421875,,,1124123,24,1,3,0
1566,1124241,6554,13107,1.00006103515625,1.999969482421875,1.00006103515625,1.999969482421875,,,1124248,24,1,3,0
1567,1124366,6554,13107,1.00006103515625,1.999969482421875,1.00006103515625,1.999969482421875,,,1124373,24,1,3,0
1568,1124492,6554,13107,1.00006103515625,1.999969482421875,1.00006103515625,1.999969482421875,,,1124499,23,1,3,0
1569,1124617,6554,13107,1.00006103515625,1.999969482421875,1.00006103515625,1.999969482421875,,,1124624,24,1,3,0
1570,1124742,6554,13107,1.00006103515625,1.999969482421875,1.00006103515625,1.999969482421875,,,1124749,24,1,3,0
1571,1124867,6554,13107,1.00006103515625,1.999969482421875,1.00006103515625,1.999969482421875,,,1124874,24,1,3,0
1572,1124993,6554,13107,1.00006103515625,1.999969482421875,1.00006103515625,1.999969482421875,,,1125000,23,1,3,0
1573,1125118,6554,13107,1.00006103515625,1.999969482421875,1.00006103515625,1.999969482421875,,,1125125,24,1,3,0
1574,1125243,6554,13107,1.00006103515625,1.999969482421875,1.00006103515625,1.999969482421875,,,1125250,24,1,3,0
1575,1125368,6554,13107,1.00006103515625,1.999969482421875,1.00006103515625,1.999969482421875,,,1125375,24,1,3,0
1576,1125494,6554,13107,1.00006103515625,1.999969482421875,1.00006103515625,1.999969482421875,,,1125501,23,1,3,0
1577,1125619,6554,13107,1.00006103515625,1.999969482421875,1.00006103515625,1.999969482421875,,,1125626,24,1,3,0
1578,1125744,6554,13107,1.00006103515625,1.999969482421875,1.00006103515625,1.999969482421875,,,1125751,24,1,3,0
1579,1125869,6554,13107,1.00006103515625,1.999969482421875,1.00006103515625,1.999969482421875,,,1125877,23,1,3,0
1580,1125995,6554,13107,1.00006103515625,1.999969482421875,1.00006103515625,1.999969482421875,,,1126002,24,1,3,0
1581,1126120,6554,13107,1.00006103515625,1.999969482421875,1.00006103515625,1.999969482421875,,,1126127,24,1,3,0
1582,1126245,6554,13107,1.00006103515625,1.999969482421875,1.00006103515625,1.999969482421875,,,1126252,24,1,3,0
1583,1126370,6554,13107,1.00006103515625,1.999969482421875,1.00006103515625,1.999969482421875,,,1126378,23,1,3,0
1584,1126496,6554,13107,1.00006103515625,1.999969482421875,1.00006103515625,1.999969482421875,,,1126503,24,1,3,0
1585,1126621,6554,13107,1.00006103515625,1.999969482421875,1.00006103515625,1.999969482421875,,,1126628,24,1,3,0
1586,1126746,6554,13107,1.00006103515625,1.999969482421875,1.00006103515625,1.999969482421875,,,1126753,24,1,3,0
1587,1126871,6554,13107,1.00006103515625,1.999969482421875,1.00006103515625,1.999969482421875,,,1126879,23,1,3,0
1588,1126997,6554,13107,1.00006103515625,1.999969482421875,1.00006103515625,1.999969482421875,,,1127004,24,1,3,0
1589,1127122,6554,13107,1.00006103515625,1.999969482421875,1.00006103515625,1.999969482421875,,,1127129,24,1,3,0
1590,1127247,6554,13107,1.00006103515625,1.999969482421875,1.00006103515625,1.999969482421875,,,1127254,24,1,3,0
1591,1127372,6554,13107,1.00006103515625,1.999969482421875,1.00006103515625,1.999969482421875,,,1127380,23,1,3,0
1592,1127498,6554,13107,1.00006103515625,1.999969482421875,1.00006103515625,1.999969482421875,,,1127505,24,1,3,0
1593,1127623,6554,13107,1.00006103515625,1.999969482421875,1.00006103515625,1.999969482421875,,,1127630,28,1,3,0
1594,1127748,6554,13107,1.00006103515625,1.999969482421875,1.00006103515625,1.999969482421875,,,1127755,24,1,3,0
1595,1127873,6554,13107,1.00006103515625,1.999969482421875,1.00006103515625,1.999969482421875,,,1127881,23,1,3,0
1596,1127999,6554,13107,1.00006103515625,1.999969482421875,1.00006103515625,1.999969482421875,,,1128006,24,1,3,0
1597,1128124,6554,13107,1.00006103515625,1.999969482421875,1.00006103515625,1.999969482421875,,,1128131,24,1,3,0
1598,1128249,6554,13107,1.00006103515625,1.999969482421875,1.00006103515625,1.999969482421875,,,1128256,24,1,3,0
1599,1128374,6554,13107,1.00006103515625,1.999969482421875,1.00006103515625,1.999969482421875,,,1128382,23,1,3,0
1600,1128500,6554,13107,1.00006103515625,1.999969482421875,1.00006103515625,1.999969482421875,,,1128507,24,1,3,0
1601,1128625,6554,13107,1.00006103515625,1.999969482421875,1.00006103515625,1.999969482421875,,,1128632,28,1,3,0
1602,1128750,6554,13107,1.00006103515625,1.999969482421875,1.00006103515625,1.999969482421875,,,1128757,24,1,3,0
1603,1128875,6554,13107,1.00006103515625,1.999969482421875,1.00006103515625,1.999969482421875,,,1128883,23,1,3,0
1604,1129001,6554,13107,1.00006103515625,1.999969482421875,1.00006103515625,1.999969482421875,,,1129008,24,1,3,0
1605,1129126,6554,13107,1.00006103515625,1.999969482421875,1.00006103515625,1.999969482421875,,,1129133,24,1,3,0
1606,1129251,6554,13107,1.00006103515625,1.999969482421875,1.00006103515625,1.999969482421875,,,1129258,24,1,3,0
1607,1129376,6554,13107,1.00006103515625,1.999969482421875,1.00006103515625,1.999969482421875,,,1129384,23,1,3,0
1608,1129502,6554,13107,1.00006103515625,1.999969482421875,1.00006103515625,1.999969482421875,,,1129509,24,1,3,0
1609,1129627,6554,13107,1.00006103515625,1.999969482421875,1.00006103515625,1.999969482421875,,,1129634,28,1,3,0
1610,1129752,6554,13107,1.00006103515625,1.999969482421875,1.00006103515625,1.999969482421875,,,1129759,24,1,3,0
1611,1129877,6554,13107,1.00006103515625,1.999969482421875,1.00006103515625,1.999969482421875,,,1129885,23,1,3,0
1612,1130003,6554,13107,1.00006103515625,1.999969482421875,1.00006103515625,1.999969482421875,,,1130010,24,1,3,0
1613,1130128,6554,13107,1.00006103515625,1.999969482421875,1.00006103515625,1.999969482421875,,,1130135,24,1,3,0
1614,1130253,6554,13107,1.00006103515625,1.999969482421875,1.00006103515625,1.999969482421875,,,1130260,24,1,3,0
1615,1130378,6554,13107,1.00006103515625,1.999969482421875,1.00006103515625,1.999969482421875,,,1130386,23,1,3,0
1616,1130504,6554,13107,1.00006103515625,1.999969482421875,1.00006103515625,1.999969482421875,,,1130511,24,1,3,0
1617,1130629,6554,13107,1.00006103515625,1.999969482421875,1.00006103515625,1.999969482421875,,,1130640,24,1,3,0
1618,1130754,6554,13107,1.00006103515625,1.999969482421875,1.00006103515625,1.999969482421875,,,1130761,24,1,3,0
1619,1130879,6554,13107,1.00006103515625,1.999969482421875,1.00006103515625,1.999969482421875,,,1130887,23,1,3,0
1620,1131005,6554,13107,1.00006103515625,1.999969482421875,1.00006103515625,1.999969482421875,,,1131012,24,1,3,0
1621,1131130,6554,13107,1.00006103515625,1.999969482421875,1.00006103515625,1.999969482421875,,,1131137,24,1,3,0
1622,1131255,6554,13107,1.00006103515625,1.999969482421875,1.00006103515625,1.999969482421875,,,1131262,24,1,3,0
1623,1131380,6554,13107,1.00006103515625,1.999969482421875,1.00006103515625,1.999969482421875,,,1131388,23,1,3,0
1624,1131506,6554,13107,1.00006103515625,1.999969482421875,1.00006103515625,1.999969482421875,,,1131513,24,1,3,0
1625,1131631,6554,13107,1.00006103515625,1.999969482421875,1.00006103515625,1.999969482421875,,,1131642,23,1,3,0
1626,1131756,6554,13107,1.00006103515625,1.999969482421875,1.00006103515625,1.999969482421875,,,1131763,24,1,3,0
1627,1131881,6554,13107,1.00006103515625,1.999969482421875,1.00006103515625,1.999969482421875,,,1131888,24,1,3,0
1628,1132007,6554,13107,1.00006103515625,1.999969482421875,1.00006103515625,1.999969482421875,,,1132014,23,1,3,0
1629,1132132,6554,13107,1.00006103515625,1.999969482421875,1.00006103515625,1.999969482421875,,,1132139,24,1,3,0
1630,1132257,6554,13107,1.00006103515625,1.999969482421875,1.00006103515625,1.999969482421875,,,1132264,24,1,3,0
1631,1132382,6554,13107,1.00006103515625,1.999969482421875,1.00006103515625,1.999969482421875,,,1132389,24,1,3,0
1632,1132508,6554,13107,1.00006103515625,1.999969482421875,1.00006103515625,1.999969482421875,,,1132515,23,1,3,0
1633,1132633,6554,13107,1.00006103515625,1.999969482421875,1.00006103515625,1.999969482421875,,,1132641,24,1,3,0
1634,1132758,6554,13107,1.00006103515625,1.999969482421875,1.00006103515625,1.999969482421875,,,1132765,24,1,3,0
1635,1132883,6554,13107,1.00006103515625,1.999969482421875,1.00006103515625,1.999969482421875,,,1132890,24,1,3,0
1636,1133009,6554,13107,1.00006103515625,1.999969482421875,1.00006103515625,1.999969482421875,,,1133016,23,1,3,0
1637,1133134,6554,13107,1.00006103515625,1.999969482421875,1.00006103515625,1.999969482421875,,,1133142,24,1,3,0
1638,1133259,6554,13107,1.00006103515625,1.999969482421875,1.00006103515625,1.999969482421875,,,1133266,24,1,3,0
1639,1133384,6554,13107,1.00006103515625,1.999969482421875,1.00006103515625,1.999969482421875,,,1133391,24,1,3,0
1640,1133510,6554,13107,1.00006103515625,1.999969482421875,1.00006103515625,1.999969482421875,,,1133517,23,1,3,0
1641,1133635,6554,13107,1.00006103515625,1.999969482421875,1.00006103515625,1.999969482421875,,,1133643,24,1,3,0
1642,1133760,6554,13107,1.00006103515625,1.999969482421875,1.00006103515625,1.999969482421875,,,1133767,24,1,3,0
1643,1133885,6554,13107,1.00006103515625,1.999969482421875,1.00006103515625,1.999969482421875,,,1133892,24,1,3,0
1644,1134011,6554,13107,1.00006103515625,1.999969482421875,1.00006103515625,1.999969482421875,,,1134018,23,1,3,0
1645,1134136,6554,13107,1.00006103515625,1.999969482421875,1.00006103515625,1.999969482421875,,,1134143,24,1,3,0
1646,1134261,6554,13107,1.00006103515625,1.999969482421875,1.00006103515625,1.999969482421875,,,1134268,24,1,3,0
1647,1134386,6554,13107,1.00006103515625,1.999969482421875,1.00006103515625,1.999969482421875,,,1134393,24,1,3,0
1648,1134512,6554,13107,1.00006103515625,1.999969482421875,1.00006103515625,1.999969482421875,,,1134519,23,1,3,0
1649,1134637,6554,13107,1.00006103515625,1.999969482421875,1.00006103515625,1.999969482421875,,,1134645,24,1,3,0
1650,1134762,6554,13107,1.00006103515625,1.999969482421875,1.00006103515625,1.999969482421875,,,1134769,24,1,3,0
1651,1134887,6554,13107,1.00006103515625,1.999969482421875,1.00006103515625,1.999969482421875,,,1134894,24,1,3,0
1652,1135013,6554,13107,1.00006103515625,1.999969482421875,1.00006103515625,1.999969482421875,,,1135020,23,1,3,0
1653,1135138,6554,13107,1.00006103515625,1.999969482421875,1.00006103515625,1.999969482421875,,,1135145,24,1,3,0
1654,1135263,6554,13107,1.00006103515625,1.999969482421875,1.00006103515625,1.999969482421875,,,1135270,24,1,3,0
1655,1135388,6554,13107,1.00006103515625,1.999969482421875,1.00006103515625,1.999969482421875,,,1135395,24,1,3,0
1656,1135514,6554,13107,1.00006103515625,1.999969482421875,1.00006103515625,1.999969482421875,,,1135521,23,1,3,0
1657,1135639,6554,13107,1.00006103515625,1.999969482421875,1.00006103515625,1.999969482421875,,,1135646,23,1,3,0
1658,1135765,6554,13107,1.00006103515625,1.999969482421875,1.00006103515625,1.999969482421875,,,1135772,24,1,3,0
1659,1135890,6554,13107,1.00006103515625,1.999969482421875,1.00006103515625,1.999969482421875,,,1135897,24,1,3,0
1660,1136015,6554,13107,1.00006103515625,1.999969482421875,1.00006103515625,1.999969482421875,,,1136022,24,1,3,0
1661,1136141,6554,13107,1.00006103515625,1.999969482421875,1.00006103515625,1.999969482421875,,,1136148,23,1,3,0
1662,1136266,6554,13107,1.00006103515625,1.999969482421875,1.00006103515625,1.999969482421875,,,1136273,24,1,3,0
1663,1136391,6554,13107,1.00006103515625,1.999969482421875,1.00006103515625,1.999969482421875,,,1136398,24,1,3,0
1664,1136516,6554,13107,1.00006103515625,1.999969482421875,1.00006103515625,1.999969482421875,,,1136523,24,1,3,0
1665,1136642,6554,13107,1.00006103515625,1.999969482421875,1.00006103515625,1.999969482421875,,,1136649,24,1,3,0
1666,1136767,6554,13107,1.00006103515625,1.999969482421875,1.00006103515625,1.999969482421875,,,1136774,24,1,3,0
1667,1136892,6554,13107,1.00006103515625,1.999969482421875,1.00006103515625,1.999969482421875,,,1136900,23,1,3,0
1668,1137018,6554,13107,1.00006103515625,1.999969482421875,1.00006103515625,1.999969482421875,,,1137025,24,1,3,0
1669,1137143,6554,13107,1.00006103515625,1.999969482421875,1.00006103515625,1.999969482421875,,,1137150,24,1,3,0
1670,1137268,6554,13107,1.00006103515625,1.999969482421875,1.00006103515625,1.999969482421875,,,1137275,24,1,3,0
1671,1137393,6554,13107,1.00006103515625,1.999969482421875,1.00006103515625,1.999969482421875,,,1137401,23,1,3,0
1672,1137519,6554,13107,1.00006103515625,1.999969482421875,1.00006103515625,1.999969482421875,,,1137526,24,1,3,0
1673,1137644,6554,13107,1.00006103515625,1.999969482421875,1.00006103515625,1.999969482421875,,,1137651,24,1,3,0
1674,1137769,6554,13107,1.00006103515625,1.999969482421875,1.00006103515625,1.999969482421875,,,1137776,24,1,3,0
1675,1137894,6554,13107,1.00006103515625,1.999969482421875,1.00006103515625,1.999969482421875,,,1137902,23,1,3,0
1676,1138020,6554,13107,1.00006103515625,1.999969482421875,1.00006103515625,1.999969482421875,,,1138027,24,1,3,0
1677,1138145,6554,13107,1.00006103515625,1.999969482421875,1.00006103515625,1.999969482421875,,,1138152,24,1,3,0
1678,1138270,6554,13107,1.00006103515625,1.999969482421875,1.00006103515625,1.999969482421875,,,1138277,24,1,3,0
1679,1138395,6554,13107,1.00006103515625,1.999969482421875,1.00006103515625,1.999969482421875,,,1138403,23,1,3,0
1680,1138521,6554,13107,1.00006103515625,1.999969482421875,1.00006103515625,1.999969482421875,,,1138528,24,1,3,0
1681,1138646,6554,13107,1.00006103515625,1.999969482421875,1.00006103515625,1.999969482421875,,,1138653,24,1,3,0
1682,1138771,6554,13107,1.00006103515625,1.999969482421875,1.00006103515625,1.999969482421875,,,1138778,24,1,3,0
1683,1138896,6554,13107,1.00006103515625,1.999969482421875,1.00006103515625,1.999969482421875,,,1138904,23,1,3,0
1684,1139022,6554,13107,1.00006103515625,1.999969482421875,1.00006103515625,1.999969482421875,,,1139029,24,1,3,0
1685,1139147,6554,13107,1.00006103515625,1.999969482421875,1.00006103515625,1.999969482421875,,,1139154,24,1,3,0
1686,1139272,6554,13107,1.00006103515625,1.999969482421875,1.00006103515625,1.999969482421875,,,1139279,24,1,3,0
1687,1139397,6554,13107,1.00006103515625,1.999969482421875,1.00006103515625,1.999969482421875,,,1139405,23,1,3,0
1688,1139523,6554,13107,1.00006103515625,1.999969482421875,1.00006103515625,1.999969482421875,,,1139530,24,1,3,0
1689,1139648,6554,13107,1.00006103515625,1.999969482421875,1.00006103515625,1.999969482421875,,,1139655,24,1,3,0
1690,1139773,6554,13107,1.00006103515625,1.999969482421875,1.00006103515625,1.999969482421875,,,1139780,24,1,3,0
1691,1139898,6554,13107,1.00006103515625,1.999969482421875,1.00006103515625,1.999969482421875,,,1139906,23,1,3,0
1692,1140024,6554,13107,1.00006103515625,1.999969482421875,1.00006103515625,1.999969482421875,,,1140031,24,1,3,0
1693,1140149,6554,13107,1.00006103515625,1.999969482421875,1.00006103515625,1.999969482421875,,,1140156,24,1,3,0
1694,1140274,6554,13107,1.00006103515625,1.999969482421875,1.00006103515625,1.999969482421875,,,1140281,24,1,3,0
1695,1140399,6554,13107,1.00006103515625,1.999969482421875,1.00006103515625,1.999969482421875,,,1140407,23,1,3,0
1696,1140525,6554,13107,1.00006103515625,1.999969482421875,1.00006103515625,1.999969482421875,,,1140532,24,1,3,0
1697,1140650,6554,13107,1.00006103515625,1.999969482421875,1.00006103515625,1.999969482421875,,,1140657,24,1,3,0
1698,1140775,6554,13107,1.00006103515625,1.999969482421875,1.00006103515625,1.999969482421875,,,1140782,24,1,3,0
1699,1140900,6554,13107,1.00006103515625,1.999969482421875,1.00006103515625,1.999969482421875,,,1140908,23,1,3,0
1700,1141026,6554,13107,1.00006103515625,1.999969482421875,1.00006103515625,1.999969482421875,,,1141033,24,1,3,0
1701,1141151,6554,13107,1.00006103515625,1.999969482421875,1.00006103515625,1.999969482421875,,,1141158,24,1,3,0
1702,1141276,6554,13107,1.00006103515625,1.999969482421875,1.00006103515625,1.999969482421875,,,1141283,24,1,3,0
1703,1141402,6554,13107,1.00006103515625,1.999969482421875,1.00006103515625,1.999969482421875,,,1141409,23,1,3,0
1704,1141527,6554,13107,1.00006103515625,1.999969482421875,1.00006103515625,1.999969482421875,,,1141534,24,1,3,0
1705,1141652,6554,13107,1.00006103515625,1.999969482421875,1.00006103515625,1.999969482421875,,,1141659,24,1,3,0
1706,1141777,6554,13107,1.00006103515625,1.999969482421875,1.00006103515625,1.999969482421875,,,1141784,24,1,3,0
1707,1141903,6554,13107,1.00006103515625,1.999969482421875,1.00006103515625,1.999969482421875,,,1141910,23,1,3,0
1708,1142028,6554,13107,1.00006103515625,1.999969482421875,1.00006103515625,1.999969482421875,,,1142035,24,1,3,0
1709,1142153,6554,13107,1.00006103515625,1.999969482421875,1.00006103515625,1.999969482421875,,,1142160,24,1,3,0
1710,1142278,6554,13107,1.00006103515625,1.999969482421875,1.00006103515625,1.999969482421875,,,1142285,24,1,3,0
1711,1142404,6554,13107,1.00006103515625,1.999969482421875,1.00006103515625,1.999969482421875,,,1142411,23,1,3,0
1712,1142529,6554,13107,1.00006103515625,1.999969482421875,1.00006103515625,1.999969482421875,,,1142536,24,1,3,0
1713,1142654,6554,13107,1.00006103515625,1.999969482421875,1.00006103515625,1.999969482421875,,,1142661,24,1,3,0
1714,1142779,6554,13107,1.00006103515625,1.999969482421875,1.00006103515625,1.999969482421875,,,1142786,24,1,3,0
1715,1142905,6554,13107,1.00006103515625,1.999969482421875,1.00006103515625,1.999969482421875,,,1142912,23,1,3,0
1716,1143030,6554,13107,1.00006103515625,1.999969482421875,1.00006103515625,1.999969482421875,,,1143037,24,1,3,0
1717,1143155,6554,13107,1.00006103515625,1.999969482421875,1.00006103515625,1.999969482421875,,,1143162,24,1,3,0
1718,1143280,6554,13107,1.00006103515625,1.999969482421875,1.00006103515625,1.999969482421875,,,1143287,24,1,3,0
1719,1143406,6554,13107,1.00006103515625,1.999969482421875,1.00006103515625,1.999969482421875,,,1143413,23,1,3,0
1720,1143531,6554,13107,1.00006103515625,1.999969482421875,1.00006103515625,1.999969482421875,,,1143538,24,1,3,0
1721,1143656,6554,13107,1.00006103515625,1.999969482421875,1.00006103515625,1.999969482421875,,,1143663,24,1,3,0
1722,1143781,6554,13107,1.00006103515625,1.999969482421875,1.00006103515625,1.999969482421875,,,1143788,24,1,3,0
1723,1143907,6554,13107,1.00006103515625,1.999969482421875,1.00006103515625,1.999969482421875,,,1143914,23,1,3,0
1724,1144032,6554,13107,1.00006103515625,1.999969482421875,1.00006103515625,1.999969482421875,,,1144039,24,1,3,0
1725,1144157,6554,13107,1.00006103515625,1.999969482421875,1.00006103515625,1.999969482421875,,,1144164,24,1,3,0
1726,1144282,6554,13107,1.00006103515625,1.999969482421875,1.00006103515625,1.999969482421875,,,1144289,24,1,3,0
1727,1144408,6554,13107,1.00006103515625,1.999969482421875,1.00006103515625,1.999969482421875,,,1144415,23,1,3,0
1728,1144533,6554,13107,1.00006103515625,1.999969482421875,1.00006103515625,1.999969482421875,,,1144540,24,1,3,0
1729,1144658,6554,13107,1.00006103515625,1.999969482421875,1.00006103515625,1.999969482421875,,,1144665,24,1,3,0
1730,1144783,6554,13107,1.00006103515625,1.999969482421875,1.00006103515625,1.999969482421875,,,1144790,24,1,3,0
1731,1144909,6554,13107,1.00006103515625,1.999969482421875,1.00006103515625,1.999969482421875,,,1144916,23,1,3,0
1732,1145034,6554,13107,1.00006103515625,1.999969482421875,1.00006103515625,1.999969482421875,,,1145041,24,1,3,0
1733,1145159,6554,13107,1.00006103515625,1.999969482421875,1.00006103515625,1.999969482421875,,,1145166,24,1,3,0
1734,1145284,6554,13107,1.00006103515625,1.999969482421875,1.00006103515625,1.999969482421875,,,1145291,24,1,3,0
1735,1145410,6554,13107,1.00006103515625,1.999969482421875,1.00006103515625,1.999969482421875,,,1145417,23,1,3,0
1736,1145535,6554,13107,1.00006103515625,1.999969482421875,1.00006103515625,1.999969482421875,,,1145542,24,1,3,0
1737,1145660,6554,13107,1.00006103515625,1.999969482421875,1.00006103515625,1.999969482421875,,,1145667,24,1,3,0
1738,1145785,6554,13107,1.00006103515625,1.999969482421875,1.00006103515625,1.999969482421875,,,1145792,24,1,3,0
1739,1145911,6554,13107,1.00006103515625,1.999969482421875,1.00006103515625,1.999969482421875,,,1145918,23,1,3,0
1740,1146036,6554,13107,1.00006103515625,1.999969482421875,1.00006103515625,1.999969482421875,,,1146043,24,1,3,0
1741,1146161,6554,13107,1.00006103515625,1.999969482421875,1.00006103515625,1.999969482421875,,,1146168,24,1,3,0
1742,1146286,6554,13107,1.00006103515625,1.999969482421875,1.00006103515625,1.999969482421875,,,1146293,24,1,3,0
1743,1146412,6554,13107,1.00006103515625,1.999969482421875,1.00006103515625,1.999969482421875,,,1146419,23,1,3,0
1744,1146537,6554,13107,1.00006103515625,1.999969482421875,1.00006103515625,1.999969482421875,,,1146544,24,1,3,0
1745,1146662,6554,13107,1.00006103515625,1.999969482421875,1.00006103515625,1.999969482421875,,,1146669,24,1,3,0
1746,1146787,6554,13107,1.00006103515625,1.999969482421875,1.00006103515625,1.999969482421875,,,1146794,24,1,3,0
1747,1146913,6554,13107,1.00006103515625,1.999969482421875,1.00006103515625,1.999969482421875,,,1146920,23,1,3,0
1748,1147038,6554,13107,1.00006103515625,1.999969482421875,1.00006103515625,1.999969482421875,,,1147045,24,1,3,0
1749,1147163,6554,13107,1.00006103515625,1.999969482421875,1.00006103515625,1.999969482421875,,,1147170,24,1,3,0
1750,1147288,6554,13107,1.00006103515625,1.999969482421875,1.00006103515625,1.999969482421875,,,1147295,24,1,3,0
1751,1147414,6554,13107,1.00006103515625,1.999969482421875,1.00006103515625,1.999969482421875,,,1147421,23,1,3,0
1752,1147539,6554,13107,1.00006103515625,1.999969482421875,1.00006103515625,1.999969482421875,,,1147546,24,1,3,0
1753,1147664,6554,13107,1.00006103515625,1.999969482421875,1.00006103515625,1.999969482421875,,,1147671,24,1,3,0
1754,1147789,6554,13107,1.00006103515625,1.999969482421875,1.00006103515625,1.999969482421875,,,1147796,24,1,3,0
1755,1147915,6554,13107,1.00006103515625,1.999969482421875,1.00006103515625,1.999969482421875,,,1147922,23,1,3,0
1756,1148040,6554,13107,1.00006103515625,1.999969482421875,1.00006103515625,1.999969482421875,,,1148047,24,1,3,0
1757,1148165,6554,13107,1.00006103515625,1.999969482421875,1.00006103515625,1.999969482421875,,,1148172,24,1,3,0
1758,1148290,6554,13107,1.00006103515625,1.999969482421875,1.00006103515625,1.999969482421875,,,1148297,24,1,3,0
1759,1148416,6554,13107,1.00006103515625,1.999969482421875,1.00006103515625,1.999969482421875,,,1148423,23,1,3,0
1760,1148541,6554,13107,1.00006103515625,1.999969482421875,1.00006103515625,1.999969482421875,,,1148548,24,1,3,0
1761,1148666,6554,13107,1.00006103515625,1.999969482421875,1.00006103515625,1.999969482421875,,,1148673,24,1,3,0
1762,1148791,6554,13107,1.00006103515625,1.999969482421875,1.00006103515625,1.999969482421875,,,1148798,24,1,3,0
1763,1148917,6554,13107,1.00006103515625,1.999969482421875,1.00006103515625,1.999969482421875,,,1148924,23,1,3,0
1764,1149042,6554,13107,1.00006103515625,1.999969482421875,1.00006103515625,1.999969482421875,,,1149049,24,1,3,0
1765,1149167,6554,13107,1.00006103515625,1.999969482421875,1.00006103515625,1.999969482421875,,,1149174,24,1,3,0
1766,1149292,6554,13107,1.00006103515625,1.999969482421875,1.00006103515625,1.999969482421875,,,1149299,24,1,3,0
1767,1149418,6554,13107,1.00006103515625,1.999969482421875,1.00006103515625,1.999969482421875,,,1149425,23,1,3,0
1768,1149543,6554,13107,1.00006103515625,1.999969482421875,1.00006103515625,1.999969482421875,,,1149550,24,1,3,0
1769,1149668,6554,13107,1.00006103515625,1.999969482421875,1.00006103515625,1.999969482421875,,,1149675,24,1,3,0
1770,1149793,6554,13107,1.00006103515625,1.999969482421875,1.00006103515625,1.999969482421875,,,1149800,24,1,3,0
1771,1149919,6554,13107,1.00006103515625,1.999969482421875,1.00006103515625,1.999969482421875,,,1149926,23,1,3,0
1772,1150044,6554,13107,1.00006103515625,1.999969482421875,1.00006103515625,1.999969482421875,,,1150051,24,1,3,0
1773,1150169,6554,13107,1.00006103515625,1.999969482421875,1.00006103515625,1.999969482421875,,,1150176,24,1,3,0
1774,1150294,6554,13107,1.00006103515625,1.999969482421875,1.00006103515625,1.999969482421875,,,1150301,24,1,3,0
1775,1150420,6554,13107,1.00006103515625,1.999969482421875,1.00006103515625,1.999969482421875,,,1150427,23,1,3,0
1776,1150545,6554,13107,1.00006103515625,1.999969482421875,1.00006103515625,1.999969482421875,,,1150552,24,1,3,0
1777,1150670,6554,13107,1.00006103515625,1.999969482421875,1.00006103515625,1.999969482421875,,,1150677,24,1,3,0
1778,1150795,6554,13107,1.00006103515625,1.999969482421875,1.00006103515625,1.999969482421875,,,1150802,24,1,3,0
1779,1150921,6554,13107,1.00006103515625,1.999969482421875,1.00006103515625,1.999969482421875,,,1150928,23,1,3,0
1780,1151046,6554,13107,1.00006103515625,1.999969482421875,1.00006103515625,1.999969482421875,,,1151053,24,1,3,0
1781,1151171,6554,13107,1.00006103515625,1.999969482421875,1.00006103515625,1.999969482421875,,,1151178,24,1,3,0
1782,1151296,6554,13107,1.00006103515625,1.999969482421875,1.00006103515625,1.999969482421875,,,1151303,24,1,3,0
1783,1151422,6554,13107,1.00006103515625,1.999969482421875,1.00006103515625,1.999969482421875,,,1151429,23,1,3,0
1784,1151547,6554,13107,1.00006103515625,1.999969482421875,1.00006103515625,1.999969482421875,,,1151554,24,1,3,0
1785,1151672,6554,13107,1.00006103515625,1.999969482421875,1.00006103515625,1.999969482421875,,,1151679,24,1,3,0
1786,1151797,6554,13107,1.00006103515625,1.999969482421875,1.00006103515625,1.999969482421875,,,1151804,24,1,3,0
1787,1151923,6554,13107,1.00006103515625,1.999969482421875,1.00006103515625,1.999969482421875,,,1151930,23,1,3,0
1788,1152048,6554,13107,1.00006103515625,1.999969482421875,1.00006103515625,1.999969482421875,,,1152055,24,1,3,0
1789,1152173,6554,13107,1.00006103515625,1.999969482421875,1.00006103515625,1.999969482421875,,,1152180,24,1,3,0
1790,1152298,6554,13107,1.00006103515625,1.999969482421875,1.00006103515625,1.999969482421875,,,1152305,24,1,3,0
1791,1152424,6554,13107,1.00006103515625,1.999969482421875,1.00006103515625,1.999969482421875,,,1152431,23,1,3,0
1792,1152549,6554,13107,1.00006103515625,1.999969482421875,1.00006103515625,1.999969482421875,,,1152556,24,1,3,0
1793,1152674,6554,13107,1.00006103515625,1.999969482421875,1.00006103515625,1.999969482421875,,,1152681,24,1,3,0
1794,1152799,6554,13107,1.00006103515625,1.999969482421875,1.00006103515625,1.999969482421875,,,1152806,24,1,3,0
1795,1152925,6554,13107,1.00006103515625,1.999969482421875,1.00006103515625,1.999969482421875,,,1152932,23,1,3,0
1796,1153050,6554,13107,1.00006103515625,1.999969482421875,1.00006103515625,1.999969482421875,,,1153057,24,1,3,0
1797,1153175,6554,13107,1.00006103515625,1.999969482421875,1.00006103515625,1.999969482421875,,,1153182,24,1,3,0
1798,1153300,6554,13107,1.00006103515625,1.999969482421875,1.00006103515625,1.999969482421875,,,1153307,24,1,3,0
1799,1153426,6554,13107,1.00006103515625,1.999969482421875,1.00006103515625,1.999969482421875,,,1153433,23,1,3,0
1800,1153551,6554,13107,1.00006103515625,1.999969482421875,1.00006103515625,1.999969482421875,,,1153558,24,1,3,0
1801,1153676,6554,13107,1.00006103515625,1.999969482421875,1.00006103515625,1.999969482421875,,,1153683,24,1,3,0
1802,1153801,6554,13107,1.00006103515625,1.999969482421875,1.00006103515625,1.999969482421875,,,1153808,24,1,3,0
1803,1153927,6554,13107,1.00006103515625,1.999969482421875,1.00006103515625,1.999969482421875,,,1153934,23,1,3,0
1804,1154052,6554,13107,1.00006103515625,1.999969482421875,1.00006103515625,1.999969482421875,,,1154059,24,1,3,0
1805,1154177,6554,13107,1.00006103515625,1.999969482421875,1.00006103515625,1.999969482421875,,,1154184,24,1,3,0
1806,1154302,6554,13107,1.00006103515625,1.999969482421875,1.00006103515625,1.999969482421875,,,1154309,24,1,3,0
1807,1154428,6554,13107,1.00006103515625,1.999969482421875,1.00006103515625,1.999969482421875,,,1154435,23,1,3,0
1808,1154553,6554,13107,1.00006103515625,1.999969482421875,1.00006103515625,1.999969482421875,,,1154560,24,1,3,0
1809,1154678,6554,13107,1.00006103515625,1.999969482421875,1.00006103515625,1.999969482421875,,,1154685,24,1,3,0
1810,1154803,6554,13107,1.00006103515625,1.999969482421875,1.00006103515625,1.999969482421875,,,1154810,24,1,3,0
1811,1154929,6554,13107,1.00006103515625,1.999969482421875,1.00006103515625,1.999969482421875,,,1154936,23,1,3,0
1812,1155054,6554,13107,1.00006103515625,1.999969482421875,1.00006103515625,1.999969482421875,,,1155061,24,1,3,0
1813,1155179,6554,13107,1.00006103515625,1.999969482421875,1.00006103515625,1.999969482421875,,,1155186,24,1,3,0
1814,1155304,6554,13107,1.00006103515625,1.999969482421875,1.00006103515625,1.999969482421875,,,1155311,24,1,3,0
1815,1155430,6554,13107,1.00006103515625,1.999969482421875,1.00006103515625,1.999969482421875,,,1155437,23,1,3,0
1816,1155555,6554,13107,1.00006103515625,1.999969482421875,1.00006103515625,1.999969482421875,,,1155562,24,1,3,0
1817,1155680,6554,13107,1.00006103515625,1.999969482421875,1.00006103515625,1.999969482421875,,,1155687,24,1,3,0
1818,1155805,6554,13107,1.00006103515625,1.999969482421875,1.00006103515625,1.999969482421875,,,1155812,24,1,3,0
1819,1155931,6554,13107,1.00006103515625,1.999969482421875,1.00006103515625,1.999969482421875,,,1155938,23,1,3,0
1820,1156056,6554,13107,1.00006103515625,1.999969482421875,1.00006103515625,1.999969482421875,,,1156063,24,1,3,0
1821,1156181,6554,13107,1.00006103515625,1.999969482421875,1.00006103515625,1.999969482421875,,,1156188,24,1,3,0
1822,1156306,6554,13107,1.00006103515625,1.999969482421875,1.00006103515625,1.999969482421875,,,1156313,24,1,3,0
1823,1156432,6554,13107,1.00006103515625,1.999969482421875,1.00006103515625,1.999969482421875,,,1156439,23,1,3,0
1824,1156557,6554,13107,1.00006103515625,1.999969482421875,1.00006103515625,1.999969482421875,,,1156564,24,1,3,0
1825,1156682,6554,13107,1.00006103515625,1.999969482421875,1.00006103515625,1.999969482421875,,,1156689,24,1,3,0
1826,1156807,6554,13107,1.00006103515625,1.999969482421875,1.00006103515625,1.999969482421875,,,1156814,24,1,3,0
1827,1156933,6554,13107,1.00006103515625,1.999969482421875,1.00006103515625,1.999969482421875,,,1156940,23,1,3,0
1828,1157058,6554,13107,1.00006103515625,1.999969482421875,1.00006103515625,1.999969482421875,,,1157065,24,1,3,0
1829,1157183,6554,13107,1.00006103515625,1.999969482421875,1.00006103515625,1.999969482421875,,,1157190,24,1,3,0
1830,1157308,6554,13107,1.00006103515625,1.999969482421875,1.00006103515625,1.999969482421875,,,1157315,24,1,3,0
1831,1157434,6554,13107,1.00006103515625,1.999969482421875,1.00006103515625,1.999969482421875,,,1157441,23,1,3,0
1832,1157559,6554,13107,1.00006103515625,1.999969482421875,1.00006103515625,1.999969482421875,,,1157566,24,1,3,0
1833,1157684,6554,13107,1.00006103515625,1.999969482421875,1.00006103515625,1.999969482421875,,,1157691,24,1,3,0
1834,1157809,6554,13107,1.00006103515625,1.999969482421875,1.00006103515625,1.999969482421875,,,1157816,24,1,3,0
1835,1157935,6554,13107,1.00006103515625,1.999969482421875,1.00006103515625,1.999969482421875,,,1157942,23,1,3,0
1836,1158060,6554,13107,1.00006103515625,1.999969482421875,1.00006103515625,1.999969482421875,,,1158067,24,1,3,0
1837,1158185,6554,13107,1.00006103515625,1.999969482421875,1.00006103515625,1.999969482421875,,,1158192,24,1,3,0
1838,1158310,6554,13107,1.00006103515625,1.999969482421875,1.00006103515625,1.999969482421875,,,1158317,24,1,3,0
1839,1158436,6554,13107,1.00006103515625,1.999969482421875,1.00006103515625,1.999969482421875,,,1158443,23,1,3,0
1840,1158561,6554,13107,1.00006103515625,1.999969482421875,1.00006103515625,1.999969482421875,,,1158568,24,1,3,0
1841,1158686,6554,13107,1.00006103515625,1.999969482421875,1.00006103515625,1.999969482421875,,,1158693,24,1,3,0
1842,1158811,6554,13107,1.00006103515625,1.999969482421875,1.00006103515625,1.999969482421875,,,1158818,24,1,3,0
1843,1158937,6554,13107,1.00006103515625,1.999969482421875,1.00006103515625,1.999969482421875,,,1158944,23,1,3,0
1844,1159062,6554,13107,1.00006103515625,1.999969482421875,1.00006103515625,1.999969482421875,,,1159069,24,1,3,0
1845,1159187,6554,13107,1.00006103515625,1.999969482421875,1.00006103515625,1.999969482421875,,,1159194,24,1,3,0
1846,1159312,6554,13107,1.00006103515625,1.999969482421875,1.00006103515625,1.999969482421875,,,1159319,24,1,3,0
1847,1159438,6554,13107,1.00006103515625,1.999969482421875,1.00006103515625,1.999969482421875,,,1159445,23,1,3,0
1848,1159563,6554,13107,1.00006103515625,1.999969482421875,1.00006103515625,1.999969482421875,,,1159570,24,1,3,0
1849,1159688,6554,13107,1.00006103515625,1.999969482421875,1.00006103515625,1.999969482421875,,,1159695,24,1,3,0
1850,1159813,6554,13107,1.00006103515625,1.999969482421875,1.00006103515625,1.999969482421875,,,1159820,24,1,3,0
1851,1159939,6554,13107,1.00006103515625,1.999969482421875,1.00006103515625,1.999969482421875,,,1159946,23,1,3,0
1852,1160064,6554,13107,1.00006103515625,1.999969482421875,1.00006103515625,1.999969482421875,,,1160071,24,1,3,0
1853,1160189,6554,13107,1.00006103515625,1.999969482421875,1.00006103515625,1.999969482421875,,,1160196,24,1,3,0
1854,1160314,6554,13107,1.00006103515625,1.999969482421875,1.00006103515625,1.999969482421875,,,1160321,24,1,3,0
1855,1160440,6554,13107,1.00006103515625,1.999969482421875,1.00006103515625,1.999969482421875,,,1160447,23,1,3,0
1856,1160565,6554,13107,1.00006103515625,1.999969482421875,1.00006103515625,1.999969482421875,,,1160572,24,1,3,0
1857,1160690,6554,13107,1.00006103515625,1.999969482421875,1.00006103515625,1.999969482421875,,,1160697,24,1,3,0
1858,1160815,6554,13107,1.00006103515625,1.999969482421875,1.00006103515625,1.999969482421875,,,1160822,24,1,3,0
1859,1160941,6554,13107,1.00006103515625,1.999969482421875,1.00006103515625,1.999969482421875,,,1160948,23,1,3,0
1860,1161066,6554,13107,1.00006103515625,1.999969482421875,1.00006103515625,1.999969482421875,,,1161073,24,1,3,0
1861,1161191,6554,13107,1.00006103515625,1.999969482421875,1.00006103515625,1.999969482421875,,,1161198,24,1,3,0
1862,1161316,6554,13107,1.00006103515625,1.999969482421875,1.00006103515625,1.999969482421875,,,1161323,24,1,3,0
1863,1161442,6554,13107,1.00006103515625,1.999969482421875,1.00006103515625,1.999969482421875,,,1161449,23,1,3,0
1864,1161567,6554,13107,1.00006103515625,1.999969482421875,1.00006103515625,1.999969482421875,,,1161574,24,1,3,0
1865,1161692,6554,13107,1.00006103515625,1.999969482421875,1.00006103515625,1.999969482421875,,,1161699,24,1,3,0
1866,1161817,6554,13107,1.00006103515625,1.999969482421875,1.00006103515625,1.999969482421875,,,1161824,24,1,3,0
1867,1161943,6554,13107,1.00006103515625,1.999969482421875,1.00006103515625,1.999969482421875,,,1161950,23,1,3,0
1868,1162068,6554,13107,1.00006103515625,1.999969482421875,1.00006103515625,1.999969482421875,,,1162075,24,1,3,0
1869,1162193,6554,13107,1.00006103515625,1.999969482421875,1.00006103515625,1.999969482421875,,,1162200,24,1,3,0
1870,1162318,6554,13107,1.00006103515625,1.999969482421875,1.00006103515625,1.999969482421875,,,1162325,24,1,3,0
1871,1162444,6554,13107,1.00006103515625,1.999969482421875,1.00006103515625,1.999969482421875,,,1162451,23,1,3,0
1872,1162569,6554,13107,1.00006103515625,1.999969482421875,1.00006103515625,1.999969482421875,,,1162576,24,1,3,0
1873,1162694,6554,13107,1.00006103515625,1.999969482421875,1.00006103515625,1.999969482421875,,,1162701,24,1,3,0
1874,1162819,6554,13107,1.00006103515625,1.999969482421875,1.00006103515625,1.999969482421875,,,1162826,24,1,3,0
1875,1162945,6554,13107,1.00006103515625,1.999969482421875,1.00006103515625,1.999969482421875,,,1162952,23,1,3,0
1876,1163070,6554,13107,1.00006103515625,1.999969482421875,1.00006103515625,1.999969482421875,,,1163077,24,1,3,0
1877,1163195,6554,13107,1.00006103515625,1.999969482421875,1.00006103515625,1.999969482421875,,,1163202,24,1,3,0
1878,1163320,6554,13107,1.00006103515625,1.999969482421875,1.00006103515625,1.999969482421875,,,1163327,24,1,3,0
1879,1163446,6554,13107,1.00006103515625,1.999969482421875,1.00006103515625,1.999969482421875,,,1163453,23,1,3,0
1880,1163571,6554,13107,1.00006103515625,1.999969482421875,1.00006103515625,1.999969482421875,,,1163578,24,1,3,0
1881,1163696,6554,13107,1.00006103515625,1.999969482421875,1.00006103515625,1.999969482421875,,,1163703,24,1,3,0
1882,1163821,6554,13107,1.00006103515625,1.999969482421875,1.00006103515625,1.999969482421875,,,1163828,24,1,3,0
1883,1163947,6554,13107,1.00006103515625,1.999969482421875,1.00006103515625,1.999969482421875,,,1163954,23,1,3,0
1884,1164072,6554,13107,1.00006103515625,1.999969482421875,1.00006103515625,1.999969482421875,,,1164079,24,1,3,0
1885,1164197,6554,13107,1.00006103515625,1.999969482421875,1.00006103515625,1.999969482421875,,,1164204,24,1,3,0
1886,1164322,6554,13107,1.00006103515625,1.999969482421875,1.00006103515625,1.999969482421875,,,1164329,24,1,3,0
1887,1164448,6554,13107,1.00006103515625,1.999969482421875,1.00006103515625,1.999969482421875,,,1164455,23,1,3,0
1888,1164573,6554,13107,1.00006103515625,1.999969482421875,1.00006103515625,1.999969482421875,,,1164580,24,1,3,0
1889,1164698,6554,13107,1.00006103515625,1.999969482421875,1.00006103515625,1.999969482421875,,,1164705,24,1,3,0
1890,1164823,6554,13107,1.00006103515625,1.999969482421875,1.00006103515625,1.999969482421875,,,1164830,24,1,3,0
1891,1164949,6554,13107,1.00006103515625,1.999969482421875,1.00006103515625,1.999969482421875,,,1164956,23,1,3,0
1892,1165074,6554,13107,1.00006103515625,1.999969482421875,1.00006103515625,1.999969482421875,,,1165081,24,1,3,0
1893,1165199,6554,13107,1.00006103515625,1.999969482421875,1.00006103515625,1.999969482421875,,,1165206,24,1,3,0
1894,1165324,6554,13107,1.00006103515625,1.999969482421875,1.00006103515625,1.999969482421875,,,1165331,24,1,3,0
1895,1165450,6554,13107,1.00006103515625,1.999969482421875,1.00006103515625,1.999969482421875,,,1165457,23,1,3,0
1896,1165575,6554,13107,1.00006103515625,1.999969482421875,1.00006103515625,1.999969482421875,,,1165582,24,1,3,0
1897,1165700,6554,13107,1.00006103515625,1.999969482421875,1.00006103515625,1.999969482421875,,,1165707,24,1,3,0
1898,1165825,6554,13107,1.00006103515625,1.999969482421875,1.00006103515625,1.999969482421875,,,1165832,24,1,3,0
1899,1165951,6554,13107,1.00006103515625,1.999969482421875,1.00006103515625,1.999969482421875,,,1165958,23,1,3,0
1900,1166076,6554,13107,1.00006103515625,1.999969482421875,1.00006103515625,1.999969482421875,,,1166083,24,1,3,0
1901,1166201,6554,13107,1.00006103515625,1.999969482421875,1.00006103515625,1.999969482421875,,,1166208,24,1,3,0
1902,1166326,6554,13107,1.00006103515625,1.999969482421875,1.00006103515625,1.999969482421875,,,1166333,24,1,3,0
1903,1166452,6554,13107,1.00006103515625,1.999969482421875,1.00006103515625,1.999969482421875,,,1166459,23,1,3,0
1904,1166577,6554,13107,1.00006103515625,1.999969482421875,1.00006103515625,1.999969482421875,,,1166584,24,1,3,0
1905,1166702,6554,13107,1.00006103515625,1.999969482421875,1.00006103515625,1.999969482421875,,,1166709,24,1,3,0
1906,1166827,6554,13107,1.00006103515625,1.999969482421875,1.00006103515625,1.999969482421875,,,1166834,24,1,3,0
1907,1166953,6554,13107,1.00006103515625,1.999969482421875,1.00006103515625,1.999969482421875,,,1166960,23,1,3,0
1908,1167078,6554,13107,1.00006103515625,1.999969482421875,1.00006103515625,1.999969482421875,,,1167085,24,1,3,0
1909,1167203,6554,13107,1.00006103515625,1.999969482421875,1.00006103515625,1.999969482421875,,,1167210,24,1,3,0
1910,1167328,6554,13107,1.00006103515625,1.999969482421875,1.00006103515625,1.999969482421875,,,1167336,23,1,3,0
1911,1167454,6554,13107,1.00006103515625,1.999969482421875,1.00006103515625,1.999969482421875,,,1167461,23,1,3,0
1912,1167579,6554,13107,1.00006103515625,1.999969482421875,1.00006103515625,1.999969482421875,,,1167586,24,1,3,0
1913,1167704,6554,13107,1.00006103515625,1.999969482421875,1.00006103515625,1.999969482421875,,,1167711,24,1,3,0
1914,1167829,6554,13107,1.00006103515625,1.999969482421875,1.00006103515625,1.999969482421875,,,1167836,24,1,3,0
1915,1167955,6554,13107,1.00006103515625,1.999969482421875,1.00006103515625,1.999969482421875,,,1167962,23,1,3,0
1916,1168080,6554,13107,1.00006103515625,1.999969482421875,1.00006103515625,1.999969482421875,,,1168087,24,1,3,0
1917,1168205,6554,13107,1.00006103515625,1.999969482421875,1.00006103515625,1.999969482421875,,,1168212,24,1,3,0
1918,1168330,6554,13107,1.00006103515625,1.999969482421875,1.00006103515625,1.999969482421875,,,1168339,23,1,3,0
1919,1168456,6554,13107,1.00006103515625,1.999969482421875,1.00006103515625,1.999969482421875,,,1168463,23,1,3,0
1920,1168581,6554,13107,1.00006103515625,1.999969482421875,1.00006103515625,1.999969482421875,,,1168588,24,1,3,0
1921,1168706,6554,13107,1.00006103515625,1.999969482421875,1.00006103515625,1.999969482421875,,,1168713,24,1,3,0
1922,1168831,6554,13107,1.00006103515625,1.999969482421875,1.00006103515625,1.999969482421875,,,1168838,24,1,3,0
1923,1168957,6554,13107,1.00006103515625,1.999969482421875,1.00006103515625,1.999969482421875,,,1168964,23,1,3,0
1924,1169082,6554,13107,1.00006103515625,1.999969482421875,1.00006103515625,1.999969482421875,,,1169089,24,1,3,0
1925,1169207,6554,13107,1.00006103515625,1.999969482421875,1.00006103515625,1.999969482421875,,,1169214,24,1,3,0
1926,1169332,6554,13107,1.00006103515625,1.999969482421875,1.00006103515625,1.999969482421875,,,1169341,24,1,3,0
1927,1169458,6554,13107,1.00006103515625,1.999969482421875,1.00006103515625,1.999969482421875,,,1169465,23,1,3,0
1928,1169583,6554,13107,1.00006103515625,1.999969482421875,1.00006103515625,1.999969482421875,,,1169590,24,1,3,0
1929,1169708,6554,13107,1.00006103515625,1.999969482421875,1.00006103515625,1.999969482421875,,,1169715,24,1,3,0
1930,1169833,6554,13107,1.00006103515625,1.999969482421875,1.00006103515625,1.999969482421875,,,1169840,24,1,3,0
1931,1169959,6554,13107,1.00006103515625,1.999969482421875,1.00006103515625,1.999969482421875,,,1169966,23,1,3,0
1932,1170084,6554,13107,1.00006103515625,1.999969482421875,1.00006103515625,1.999969482421875,,,1170091,24,1,3,0
1933,1170209,6554,13107,1.00006103515625,1.999969482421875,1.00006103515625,1.999969482421875,,,1170216,24,1,3,0
1934,1170334,6554,13107,1.00006103515625,1.999969482421875,1.00006103515625,1.999969482421875,,,1170341,24,1,3,0
1935,1170460,6554,13107,1.00006103515625,1.999969482421875,1.00006103515625,1.999969482421875,,,1170467,23,1,3,0
1936,1170585,6554,13107,1.00006103515625,1.999969482421875,1.00006103515625,1.999969482421875,,,1170592,24,1,3,0
1937,1170710,6554,13107,1.00006103515625,1.999969482421875,1.00006103515625,1.999969482421875,,,1170718,24,1,3,0
1938,1170835,6554,13107,1.00006103515625,1.999969482421875,1.00006103515625,1.999969482421875,,,1170842,24,1,3,0
1939,1170961,6554,13107,1.00006103515625,1.999969482421875,1.00006103515625,1.999969482421875,,,1170968,23,1,3,0
1940,1171086,6554,13107,1.00006103515625,1.999969482421875,1.00006103515625,1.999969482421875,,,1171093,24,1,3,0
1941,1171211,6554,13107,1.00006103515625,1.999969482421875,1.00006103515625,1.999969482421875,,,1171218,24,1,3,0
1942,1171336,6554,13107,1.00006103515625,1.999969482421875,1.00006103515625,1.999969482421875,,,1171343,24,1,3,0
1943,1171462,6554,13107,1.00006103515625,1.999969482421875,1.00006103515625,1.999969482421875,,,1171469,23,1,3,0
1944,1171587,6554,13107,1.00006103515625,1.999969482421875,1.00006103515625,1.999969482421875,,,1171594,24,1,3,0
1945,1171712,6554,13107,1.00006103515625,1.999969482421875,1.00006103515625,1.999969482421875,,,1171719,24,1,3,0
1946,1171837,6554,13107,1.00006103515625,1.999969482421875,1.00006103515625,1.999969482421875,,,1171844,24,1,3,0
1947,1171963,6554,13107,1.00006103515625,1.999969482421875,1.00006103515625,1.999969482421875,,,1171970,23,1,3,0
1948,1172088,6554,13107,1.00006103515625,1.999969482421875,1.00006103515625,1.999969482421875,,,1172095,24,1,3,0
1949,1172213,6554,13107,1.00006103515625,1.999969482421875,1.00006103515625,1.999969482421875,,,1172220,24,1,3,0
1950,1172338,6554,13107,1.00006103515625,1.999969482421875,1.00006103515625,1.999969482421875,,,1172345,24,1,3,0
1951,1172464,6554,13107,1.00006103515625,1.999969482421875,1.00006103515625,1.999969482421875,,,1172471,23,1,3,0
1952,1172589,6554,13107,1.00006103515625,1.999969482421875,1.00006103515625,1.999969482421875,,,1172596,24,1,3,0
1953,1172714,6554,13107,1.00006103515625,1.999969482421875,1.00006103515625,1.999969482421875,,,1172721,24,1,3,0
1954,1172839,6554,13107,1.00006103515625,1.999969482421875,1.00006103515625,1.999969482421875,,,1172846,24,1,3,0
1955,1172965,6554,13107,1.00006103515625,1.999969482421875,1.00006103515625,1.999969482421875,,,1172972,23,1,3,0
1956,1173090,6554,13107,1.00006103515625,1.999969482421875,1.00006103515625,1.999969482421875,,,1173097,24,1,3,0
1957,1173215,6554,13107,1.00006103515625,1.999969482421875,1.00006103515625,1.999969482421875,,,1173222,24,1,3,0
1958,1173340,6554,13107,1.00006103515625,1.999969482421875,1.00006103515625,1.999969482421875,,,1173347,24,1,3,0
1959,1173466,6554,13107,1.00006103515625,1.999969482421875,1.00006103515625,1.999969482421875,,,1173473,23,1,3,0
1960,1173591,6554,13107,1.00006103515625,1.999969482421875,1.00006103515625,1.999969482421875,,,1173598,24,1,3,0
1961,1173716,6554,13107,1.00006103515625,1.999969482421875,1.00006103515625,1.999969482421875,,,1173723,24,1,3,0
1962,1173841,6554,13107,1.00006103515625,1.999969482421875,1.00006103515625,1.999969482421875,,,1173848,24,1,3,0
1963,1173967,6554,13107,1.00006103515625,1.999969482421875,1.00006103515625,1.999969482421875,,,1173974,23,1,3,0
1964,1174092,6554,13107,1.00006103515625,1.999969482421875,1.00006103515625,1.999969482421875,,,1174099,24,1,3,0
1965,1174217,6554,13107,1.00006103515625,1.999969482421875,1.00006103515625,1.999969482421875,,,1174224,24,1,3,0
1966,1174342,6554,13107,1.00006103515625,1.999969482421875,1.00006103515625,1.999969482421875,,,1174349,24,1,3,0
1967,1174468,6554,13107,1.00006103515625,1.999969482421875,1.00006103515625,1.999969482421875,,,1174475,23,1,3,0
1968,1174593,6554,13107,1.00006103515625,1.999969482421875,1.00006103515625,1.999969482421875,,,1174600,24,1,3,0
1969,1174718,6554,13107,1.00006103515625,1.999969482421875,1.00006103515625,1.999969482421875,,,1174725,24,1,3,0
1970,1174843,6554,13107,1.00006103515625,1.999969482421875,1.00006103515625,1.999969482421875,,,1174850,24,1,3,0
1971,1174969,6554,13107,1.00006103515625,1.999969482421875,1.00006103515625,1.999969482421875,,,1174976,23,1,3,0
1972,1175094,6554,13107,1.00006103515625,1.999969482421875,1.00006103515625,1.999969482421875,,,1175101,24,1,3,0
1973,1175219,6554,13107,1.00006103515625,1.999969482421875,1.00006103515625,1.999969482421875,,,1175226,24,1,3,0
1974,1175344,6554,13107,1.00006103515625,1.999969482421875,1.00006103515625,1.999969482421875,,,1175351,24,1,3,0
1975,1175470,6554,13107,1.00006103515625,1.999969482421875,1.00006103515625,1.999969482421875,,,1175477,23,1,3,0
1976,1175595,6554,13107,1.00006103515625,1.999969482421875,1.00006103515625,1.999969482421875,,,1175602,24,1,3,0
1977,1175720,6554,13107,1.00006103515625,1.999969482421875,1.00006103515625,1.999969482421875,,,1175727,24,1,3,0
1978,1175845,6554,13107,1.00006103515625,1.999969482421875,1.00006103515625,1.999969482421875,,,1175852,24,1,3,0
1979,1175971,6554,13107,1.00006103515625,1.999969482421875,1.00006103515625,1.999969482421875,,,1175978,23,1,3,0
1980,1176096,6554,13107,1.00006103515625,1.999969482421875,1.00006103515625,1.999969482421875,,,1176103,24,1,3,0
1981,1176221,6554,13107,1.00006103515625,1.999969482421875,1.00006103515625,1.999969482421875,,,1176228,24,1,3,0
1982,1176346,6554,13107,1.00006103515625,1.999969482421875,1.00006103515625,1.999969482421875,,,1176353,24,1,3,0
1983,1176472,6554,13107,1.00006103515625,1.999969482421875,1.00006103515625,1.999969482421875,,,1176479,23,1,3,0
1984,1176597,6554,13107,1.00006103515625,1.999969482421875,1.00006103515625,1.999969482421875,,,1176604,24,1,3,0
1985,1176722,6554,13107,1.00006103515625,1.999969482421875,1.00006103515625,1.999969482421875,,,1176729,24,1,3,0
1986,1176847,6554,13107,1.00006103515625,1.999969482421875,1.00006103515625,1.999969482421875,,,1176854,24,1,3,0
1987,1176973,6554,13107,1.00006103515625,1.999969482421875,1.00006103515625,1.999969482421875,,,1176980,23,1,3,0
1988,1177098,6554,13107,1.00006103515625,1.999969482421875,1.00006103515625,1.999969482421875,,,1177105,24,1,3,0
1989,1177223,6554,13107,1.00006103515625,1.999969482421875,1.00006103515625,1.999969482421875,,,1177230,24,1,3,0
1990,1177348,6554,13107,1.00006103515625,1.999969482421875,1.00006103515625,1.999969482421875,,,1177355,24,1,3,0
1991,1177474,6554,13107,1.00006103515625,1.999969482421875,1.00006103515625,1.999969482421875,,,1177481,23,1,3,0
1992,1177599,6554,13107,1.00006103515625,1.999969482421875,1.00006103515625,1.999969482421875,,,1177606,24,1,3,0
1993,1177724,6554,13107,1.00006103515625,1.999969482421875,1.00006103515625,1.999969482421875,,,1177731,24,1,3,0
1994,1177849,6554,13107,1.00006103515625,1.999969482421875,1.00006103515625,1.999969482421875,,,1177856,24,1,3,0
1995,1177975,6554,13107,1.00006103515625,1.999969482421875,1.00006103515625,1.999969482421875,,,1177982,23,1,3,0
1996,1178100,6554,13107,1.00006103515625,1.999969482421875,1.00006103515625,1.999969482421875,,,1178107,24,1,3,0
1997,1178225,6554,13107,1.00006103515625,1.999969482421875,1.00006103515625,1.999969482421875,,,1178232,24,1,3,0
1998,1178350,6554,13107,1.00006103515625,1.999969482421875,1.00006103515625,1.999969482421875,,,1178359,24,1,3,0
1999,1178476,6554,13107,1.00006103515625,1.999969482421875,1.00006103515625,1.999969482421875,,,1178483,23,1,3,0
2000,1178601,6554,13107,1.00006103515625,1.999969482421875,1.00006103515625,1.999969482421875,,,1178608,24,1,3,0
2001,1178726,6554,13107,1.00006103515625,1.999969482421875,1.00006103515625,1.999969482421875,,,1178733,24,1,3,0
2002,1178851,6554,13107,1.00006103515625,1.999969482421875,1.00006103515625,1.999969482421875,,,1178858,24,1,3,0
2003,1178977,6554,13107,1.00006103515625,1.999969482421875,1.00006103515625,1.999969482421875,,,1178984,23,1,3,0
2004,1179102,6554,13107,1.00006103515625,1.999969482421875,1.00006103515625,1.999969482421875,,,1179109,24,1,3,0
2005,1179227,6554,13107,1.00006103515625,1.999969482421875,1.00006103515625,1.999969482421875,,,1179234,24,1,3,0
2006,1179352,6554,13107,1.00006103515625,1.999969482421875,1.00006103515625,1.999969482421875,,,1179360,24,1,3,0
2007,1179478,6554,13107,1.00006103515625,1.999969482421875,1.00006103515625,1.999969482421875,,,1179485,23,1,3,0
2008,1179603,6554,13107,1.00006103515625,1.999969482421875,1.00006103515625,1.999969482421875,,,1179610,24,1,3,0
2009,1179728,6554,13107,1.00006103515625,1.999969482421875,1.00006103515625,1.999969482421875,,,1179735,24,1,3,0
2010,1179853,6554,13107,1.00006103515625,1.999969482421875,1.00006103515625,1.999969482421875,,,1179860,24,1,3,0
2011,1179979,6554,13107,1.00006103515625,1.999969482421875,1.00006103515625,1.999969482421875,,,1179986,23,1,3,0
2012,1180104,6554,13107,1.00006103515625,1.999969482421875,1.00006103515625,1.999969482421875,,,1180111,24,1,3,0
2013,1180229,6554,13107,1.00006103515625,1.999969482421875,1.00006103515625,1.999969482421875,,,1180236,24,1,3,0
2014,1180354,6554,13107,1.00006103515625,1.999969482421875,1.00006103515625,1.999969482421875,,,1180361,24,1,3,0
2015,1180480,6554,13107,1.00006103515625,1.999969482421875,1.00006103515625,1.999969482421875,,,1180487,23,1,3,0
2016,1180605,6554,13107,1.00006103515625,1.999969482421875,1.00006103515625,1.999969482421875,,,1180612,26,1,3,0
2017,1180730,6554,13107,1.00006103515625,1.999969482421875,1.00006103515625,1.999969482421875,,,1180737,24,1,3,0
2018,1180855,6554,13107,1.00006103515625,1.999969482421875,1.00006103515625,1.999969482421875,,,1180862,24,1,3,0
2019,1180981,6554,13107,1.00006103515625,1.999969482421875,1.00006103515625,1.999969482421875,,,1180988,23,1,3,0
2020,1181106,6554,13107,1.00006103515625,1.999969482421875,1.00006103515625,1.999969482421875,,,1181113,24,1,3,0
2021,1181231,6554,13107,1.00006103515625,1.999969482421875,1.00006103515625,1.999969482421875,,,1181238,24,1,3,0
2022,1181356,6554,13107,1.00006103515625,1.999969482421875,1.00006103515625,1.999969482421875,,,1181363,24,1,3,0
2023,1181482,6554,13107,1.00006103515625,1.999969482421875,1.00006103515625,1.999969482421875,,,1181489,23,1,3,0
2024,1181607,6554,13107,1.00006103515625,1.999969482421875,1.00006103515625,1.999969482421875,,,1181614,26,1,3,0
2025,1181732,6554,13107,1.00006103515625,1.999969482421875,1.00006103515625,1.999969482421875,,,1181739,24,1,3,0
2026,1181857,6554,13107,1.00006103515625,1.999969482421875,1.00006103515625,1.999969482421875,,,1181864,24,1,3,0
2027,1181983,6554,13107,1.00006103515625,1.999969482421875,1.00006103515625,1.999969482421875,,,1181990,23,1,3,0
2028,1182108,6554,13107,1.00006103515625,1.999969482421875,1.00006103515625,1.999969482421875,,,1182115,24,1,3,0
2029,1182233,6554,13107,1.00006103515625,1.999969482421875,1.00006103515625,1.999969482421875,,,1182240,24,1,3,0
2030,1182358,6554,13107,1.00006103515625,1.999969482421875,1.00006103515625,1.999969482421875,,,1182366,24,1,3,0
2031,1182484,6554,13107,1.00006103515625,1.999969482421875,1.00006103515625,1.999969482421875,,,1182491,23,1,3,0
2032,1182609,6554,13107,1.00006103515625,1.999969482421875,1.00006103515625,1.999969482421875,,,1182616,24,1,3,0
2033,1182734,6554,13107,1.00006103515625,1.999969482421875,1.00006103515625,1.999969482421875,,,1182741,24,1,3,0
2034,1182859,6554,13107,1.00006103515625,1.999969482421875,1.00006103515625,1.999969482421875,,,1182866,24,1,3,0
2035,1182985,6554,13107,1.00006103515625,1.999969482421875,1.00006103515625,1.999969482421875,,,1182992,23,1,3,0
2036,1183110,6554,13107,1.00006103515625,1.999969482421875,1.00006103515625,1.999969482421875,,,1183117,24,1,3,0
2037,1183235,6554,13107,1.00006103515625,1.999969482421875,1.00006103515625,1.999969482421875,,,1183242,24,1,3,0
2038,1183360,6554,13107,1.00006103515625,1.999969482421875,1.00006103515625,1.999969482421875,,,1183367,24,1,3,0
2039,1183486,6554,13107,1.00006103515625,1.999969482421875,1.00006103515625,1.999969482421875,,,1183493,23,1,3,0
2040,1183611,6554,13107,1.00006103515625,1.999969482421875,1.00006103515625,1.999969482421875,,,1183618,24,1,3,0
2041,1183736,6554,13107,1.00006103515625,1.999969482421875,1.00006103515625,1.999969482421875,,,1183743,24,1,3,0
2042,1183861,6554,13107,1.00006103515625,1.999969482421875,1.00006103515625,1.999969482421875,,,1183868,24,1,3,0
2043,1183987,6554,13107,1.00006103515625,1.999969482421875,1.00006103515625,1.999969482421875,,,1183994,23,1,3,0
2044,1184112,6554,13107,1.00006103515625,1.999969482421875,1.00006103515625,1.999969482421875,,,1184119,24,1,3,0
2045,1184237,6554,13107,1.00006103515625,1.999969482421875,1.00006103515625,1.999969482421875,,,1184244,24,1,3,0
2046,1184362,6554,13107,1.00006103515625,1.999969482421875,1.00006103515625,1.999969482421875,,,1184369,24,1,3,0
2047,1184488,6554,13107,1.00006103515625,1.999969482421875,1.00006103515625,1.999969482421875,,,1184495,23,1,3,0
2048,1184613,6554,13107,1.00006103515625,1.999969482421875,1.00006103515625,1.999969482421875,,,1184620,24,1,3,0
2049,1184738,6554,13107,1.00006103515625,1.999969482421875,1.00006103515625,1.999969482421875,,,1184745,24,1,3,0
2050,1184863,6554,13107,1.00006103515625,1.999969482421875,1.00006103515625,1.999969482421875,,,1184870,24,1,3,0
2051,1184989,6554,13107,1.00006103515625,1.999969482421875,1.00006103515625,1.999969482421875,,,1184996,23,1,3,0
2052,1185114,6554,13107,1.00006103515625,1.999969482421875,1.00006103515625,1.999969482421875,,,1185121,24,1,3,0
2053,1185239,6554,13107,1.00006103515625,1.999969482421875,1.00006103515625,1.999969482421875,,,1185246,24,1,3,0
2054,1185364,6554,13107,1.00006103515625,1.999969482421875,1.00006103515625,1.999969482421875,,,1185371,24,1,3,0
2055,1185490,6554,13107,1.00006103515625,1.999969482421875,1.00006103515625,1.999969482421875,,,1185497,23,1,3,0
2056,1185615,6554,13107,1.00006103515625,1.999969482421875,1.00006103515625,1.999969482421875,,,1185622,24,1,3,0
2057,1185740,6554,13107,1.00006103515625,1.999969482421875,1.00006103515625,1.999969482421875,,,1185747,24,1,3,0
2058,1185865,6554,13107,1.00006103515625,1.999969482421875,1.00006103515625,1.999969482421875,,,1185872,24,1,3,0
2059,1185991,6554,13107,1.00006103515625,1.999969482421875,1.00006103515625,1.999969482421875,,,1185998,23,1,3,0
2060,1186116,6554,13107,1.00006103515625,1.999969482421875,1.00006103515625,1.999969482421875,,,1186123,24,1,3,0
2061,1186241,6554,13107,1.00006103515625,1.999969482421875,1.00006103515625,1.999969482421875,,,1186248,24,1,3,0
2062,1186366,6554,13107,1.00006103515625,1.999969482421875,1.00006103515625,1.999969482421875,,,1186373,24,1,3,0
