time_s,ch0_v,ch1_v,ch0_code,ch1_code
5.000000000000000278e-02,1.424444758296070868e+00,1.096512513129122679e+00,9.335000000000000000e+03,7.186000000000000000e+03
5.012500000000000289e-02,1.397419807577945594e+00,1.079650334415736879e+00,9.158000000000000000e+03,7.076000000000000000e+03
5.025000000000000300e-02,1.369549317210935424e+00,1.063932580225058988e+00,8.975000000000000000e+03,6.973000000000000000e+03
5.037500000000000311e-02,1.340751353402946711e+00,1.049271449583628613e+00,8.787000000000000000e+03,6.877000000000000000e+03
5.050000000000000322e-02,1.312574495007482245e+00,1.037197965893512208e+00,8.602000000000000000e+03,6.797000000000000000e+03
5.062500000000000333e-02,1.286386840206505955e+00,1.029050769142639377e+00,8.430000000000000000e+03,6.744000000000000000e+03
5.075000000000000344e-02,1.261786309301785369e+00,1.024386512860478549e+00,8.269000000000000000e+03,6.713000000000000000e+03
5.087500000000000355e-02,1.237193645588476443e+00,1.021572790558072263e+00,8.108000000000000000e+03,6.695000000000000000e+03
5.100000000000000366e-02,1.211896856000642453e+00,1.019832803078479344e+00,7.942000000000000000e+03,6.684000000000000000e+03
5.112500000000000377e-02,1.187022635478362176e+00,1.020216852885475589e+00,7.779000000000000000e+03,6.686000000000000000e+03
5.125000000000000389e-02,1.164234133081118117e+00,1.024300466400444476e+00,7.630000000000000000e+03,6.713000000000000000e+03
5.137500000000000400e-02,1.143763220217497434e+00,1.032216877652595954e+00,7.496000000000000000e+03,6.765000000000000000e+03
5.150000000000000411e-02,1.124207109232078894e+00,1.042454126550095950e+00,7.368000000000000000e+03,6.832000000000000000e+03
5.162500000000000422e-02,1.104338813731219560e+00,1.053665878036707193e+00,7.237000000000000000e+03,6.905000000000000000e+03
5.175000000000000433e-02,1.084696514630430375e+00,1.066261382299131366e+00,7.109000000000000000e+03,6.988000000000000000e+03
5.187500000000000444e-02,1.066990038402573671e+00,1.081812449946688348e+00,6.993000000000000000e+03,7.090000000000000000e+03
5.200000000000000455e-02,1.052056134026510659e+00,1.101009425858903601e+00,6.895000000000000000e+03,7.216000000000000000e+03
5.212500000000000466e-02,1.038886546259799371e+00,1.122689889041997180e+00,6.808000000000000000e+03,7.358000000000000000e+03
5.225000000000000477e-02,1.025930019398888282e+00,1.145141441777372204e+00,6.724000000000000000e+03,7.505000000000000000e+03
5.237500000000000488e-02,1.013059551385043777e+00,1.168069708529209993e+00,6.639000000000000000e+03,7.655000000000000000e+03
5.250000000000000500e-02,1.001775600255832455e+00,1.192802399808125191e+00,6.565000000000000000e+03,7.817000000000000000e+03
5.262500000000000511e-02,9.933951767246255171e-01,1.220479253569457745e+00,6.510000000000000000e+03,7.999000000000000000e+03
5.275000000000000522e-02,9.874623605467662824e-01,1.250463462683237381e+00,6.471000000000000000e+03,8.195000000000000000e+03
5.287500000000000533e-02,9.823414112434146750e-01,1.280935721809351335e+00,6.438000000000000000e+03,8.395000000000000000e+03
5.300000000000000544e-02,9.772614324487208792e-01,1.310939836734732467e+00,6.405000000000000000e+03,8.591000000000000000e+03
5.312500000000000555e-02,9.732879287279251335e-01,1.341355285846275391e+00,6.379000000000000000e+03,8.791000000000000000e+03
5.325000000000000566e-02,9.720208027796245487e-01,1.373596175360731753e+00,6.370000000000000000e+03,9.002000000000000000e+03
5.337500000000000577e-02,9.736267770834908797e-01,1.407644713546503112e+00,6.381000000000000000e+03,9.225000000000000000e+03
5.350000000000000588e-02,9.766362481289899700e-01,1.441849014582220700e+00,6.400000000000000000e+03,9.449000000000000000e+03
5.362500000000000600e-02,9.797539192319811852e-01,1.474734809958488269e+00,6.421000000000000000e+03,9.665000000000000000e+03
5.375000000000000611e-02,9.834484038826870611e-01,1.506595971509193665e+00,6.445000000000000000e+03,9.874000000000000000e+03
5.387500000000000622e-02,9.893588934260614254e-01,1.538902260919362108e+00,6.484000000000000000e+03,1.008500000000000000e+04
5.400000000000000633e-02,9.982506700517038700e-01,1.572255711269669343e+00,6.542000000000000000e+03,1.030400000000000000e+04
5.412500000000000644e-02,1.009043384097601859e+00,1.605419966267057186e+00,6.613000000000000000e+03,1.052100000000000000e+04
5.425000000000000655e-02,1.020113289686318314e+00,1.636623312966768884e+00,6.685000000000000000e+03,1.072600000000000000e+04
5.437500000000000666e-02,1.031260714936485634e+00,1.665527170991312644e+00,6.758000000000000000e+03,1.091500000000000000e+04
5.450000000000000677e-02,1.043913493267082604e+00,1.693430230414896487e+00,6.841000000000000000e+03,1.109800000000000000e+04
5.462500000000000688e-02,1.059316281481877509e+00,1.721458723541350988e+00,6.942000000000000000e+03,1.128200000000000000e+04
5.475000000000000699e-02,1.076941291191117589e+00,1.748977755102514742e+00,7.058000000000000000e+03,1.146200000000000000e+04
5.487500000000000711e-02,1.095081631646817488e+00,1.774185512192732350e+00,7.177000000000000000e+03,1.162700000000000000e+04
5.500000000000000722e-02,1.112896176692007799e+00,1.796158607034160859e+00,7.293000000000000000e+03,1.177100000000000000e+04
5.512500000000000733e-02,1.131381357421224143e+00,1.815824630446454035e+00,7.415000000000000000e+03,1.190000000000000000e+04
5.525000000000000744e-02,1.152069347026363655e+00,1.834660676888843600e+00,7.550000000000000000e+03,1.202400000000000000e+04
5.537500000000000755e-02,1.175060719094678241e+00,1.852726639605869252e+00,7.701000000000000000e+03,1.214200000000000000e+04
5.550000000000000766e-02,1.198821472199975702e+00,1.868462429939250935e+00,7.857000000000000000e+03,1.224500000000000000e+04
5.562500000000000777e-02,1.221993897243537575e+00,1.880499342307326849e+00,8.008000000000000000e+03,1.232400000000000000e+04
5.575000000000000788e-02,1.244986331772009347e+00,1.889249850962319233e+00,8.159000000000000000e+03,1.238100000000000000e+04
5.587500000000000799e-02,1.269380057147746044e+00,1.896314853116166432e+00,8.319000000000000000e+03,1.242800000000000000e+04
5.600000000000000810e-02,1.295884941242501753e+00,1.902439198218310423e+00,8.493000000000000000e+03,1.246800000000000000e+04
5.612500000000000822e-02,1.323367937350039547e+00,1.906540371734039452e+00,8.673000000000000000e+03,1.249500000000000000e+04
5.625000000000000833e-02,1.350155426647423607e+00,1.907010568104872794e+00,8.848000000000000000e+03,1.249800000000000000e+04
5.637500000000000844e-02,1.376000899384894449e+00,1.903684389604286542e+00,9.018000000000000000e+03,1.247600000000000000e+04
5.650000000000000855e-02,1.402288468805347854e+00,1.898041937826094427e+00,9.190000000000000000e+03,1.243900000000000000e+04
5.662500000000000866e-02,1.430222386958569736e+00,1.891398177311758078e+00,9.373000000000000000e+03,1.239500000000000000e+04
5.675000000000000877e-02,1.459237833495374614e+00,1.883313155489249713e+00,9.563000000000000000e+03,1.234200000000000000e+04
5.687500000000000888e-02,1.487594440530083162e+00,1.872185206387598111e+00,9.749000000000000000e+03,1.227000000000000000e+04
5.700000000000000899e-02,1.514421190997684130e+00,1.857295143465698573e+00,9.925000000000000000e+03,1.217200000000000000e+04
5.712500000000000910e-02,1.540688375379734021e+00,1.839777730677861323e+00,1.009700000000000000e+04,1.205700000000000000e+04
5.725000000000000921e-02,1.567905781592397352e+00,1.821319042978543967e+00,1.027500000000000000e+04,1.193600000000000000e+04
5.737500000000000933e-02,1.596155497351595010e+00,1.802188626456810328e+00,1.046100000000000000e+04,1.181100000000000000e+04
5.750000000000000944e-02,1.623888913365357345e+00,1.781035563929700860e+00,1.064200000000000000e+04,1.167200000000000000e+04
5.762500000000000955e-02,1.649737712955767988e+00,1.756698677059743252e+00,1.081200000000000000e+04,1.151300000000000000e+04
5.775000000000000966e-02,1.674103578788348479e+00,1.729795205421336801e+00,1.097100000000000000e+04,1.133600000000000000e+04
5.787500000000000977e-02,1.698565189020236676e+00,1.702126884311047084e+00,1.113200000000000000e+04,1.115500000000000000e+04
5.800000000000000988e-02,1.723833786791523215e+00,1.674634416809974269e+00,1.129700000000000000e+04,1.097500000000000000e+04
5.812500000000000999e-02,1.748781753585106902e+00,1.646425015276675730e+00,1.146100000000000000e+04,1.079000000000000000e+04
5.825000000000001010e-02,1.771744853764767536e+00,1.616073500719948708e+00,1.161100000000000000e+04,1.059100000000000000e+04
5.837500000000001021e-02,1.792489964759752974e+00,1.583588907413978175e+00,1.174700000000000000e+04,1.037800000000000000e+04
5.850000000000001033e-02,1.812418469539576638e+00,1.550616705777105420e+00,1.187800000000000000e+04,1.016200000000000000e+04
5.862500000000001044e-02,1.832755795365335505e+00,1.518627143801988488e+00,1.201100000000000000e+04,9.952000000000000000e+03
5.875000000000001055e-02,1.852962059109001913e+00,1.487324722443241765e+00,1.214400000000000000e+04,9.747000000000000000e+03
5.887500000000001066e-02,1.871325588714882082e+00,1.455240471635871558e+00,1.226400000000000000e+04,9.537000000000000000e+03
5.900000000000001077e-02,1.887007657816573758e+00,1.421775539022339219e+00,1.236700000000000000e+04,9.318000000000000000e+03
5.912500000000001088e-02,1.901014412771548701e+00,1.388171848247706341e+00,1.245800000000000000e+04,9.098000000000000000e+03
5.925000000000001099e-02,1.914894880560362278e+00,1.356209009153555245e+00,1.254900000000000000e+04,8.888000000000000000e+03
5.937500000000001110e-02,1.928773715545763601e+00,1.326235798010590550e+00,1.264000000000000000e+04,8.692000000000000000e+03
5.950000000000001121e-02,1.941148004671360727e+00,1.296965936589236978e+00,1.272200000000000000e+04,8.500000000000000000e+03
5.962500000000001132e-02,1.950698176261714600e+00,1.267287762310610910e+00,1.278400000000000000e+04,8.305000000000000000e+03
5.975000000000001144e-02,1.957877495196261641e+00,1.237852791008689834e+00,1.283100000000000000e+04,8.112000000000000000e+03
5.987500000000001155e-02,1.964318954033509534e+00,1.210481422567283305e+00,1.287300000000000000e+04,7.933000000000000000e+03
6.000000000000001166e-02,1.970790619997378146e+00,1.186117469616540410e+00,1.291600000000000000e+04,7.773000000000000000e+03
6.012500000000001177e-02,1.976224080426862928e+00,1.163855495031970166e+00,1.295100000000000000e+04,7.627000000000000000e+03
6.025000000000001188e-02,1.979016456608605035e+00,1.142242139824977354e+00,1.297000000000000000e+04,7.486000000000000000e+03
6.037500000000001199e-02,1.978997984767072449e+00,1.121242696670662342e+00,1.297000000000000000e+04,7.348000000000000000e+03
6.050000000000001210e-02,1.977635172485207260e+00,1.102443728377421772e+00,1.296100000000000000e+04,7.225000000000000000e+03
6.062500000000001221e-02,1.976220168845038261e+00,1.087241552096335440e+00,1.295100000000000000e+04,7.125000000000000000e+03
6.075000000000001232e-02,1.974281171263635226e+00,1.075252268907166631e+00,1.293900000000000000e+04,7.047000000000000000e+03
6.087500000000001243e-02,1.970175761038478468e+00,1.064904353649845925e+00,1.291200000000000000e+04,6.979000000000000000e+03
6.100000000000001255e-02,1.963135400002383513e+00,1.055482944517210031e+00,1.286600000000000000e+04,6.917000000000000000e+03
6.112500000000001266e-02,1.954237156664365260e+00,1.048100979628425300e+00,1.280700000000000000e+04,6.869000000000000000e+03
6.125000000000001277e-02,1.945101479613237316e+00,1.044396939597726393e+00,1.274700000000000000e+04,6.845000000000000000e+03
6.137500000000001288e-02,1.935924730920681069e+00,1.044566960344487150e+00,1.268700000000000000e+04,6.846000000000000000e+03
6.150000000000001299e-02,1.925275763213972757e+00,1.047161557998807391e+00,1.261700000000000000e+04,6.863000000000000000e+03
6.162500000000001310e-02,1.911906605329494635e+00,1.050896072382910162e+00,1.253000000000000000e+04,6.887000000000000000e+03
6.175000000000001321e-02,1.896341738555348044e+00,1.056240268519143655e+00,1.242800000000000000e+04,6.922000000000000000e+03
6.187500000000001332e-02,1.880284757613415403e+00,1.064824939714990260e+00,1.232300000000000000e+04,6.978000000000000000e+03
6.200000000000001343e-02,1.864573510620824992e+00,1.077397545312438920e+00,1.222000000000000000e+04,7.061000000000000000e+03
6.212500000000001354e-02,1.848208310284936706e+00,1.092850550386989639e+00,1.211200000000000000e+04,7.162000000000000000e+03
6.225000000000001366e-02,1.829653755182322428e+00,1.109523908830597705e+00,1.199100000000000000e+04,7.271000000000000000e+03
6.237500000000001377e-02,1.808806075317128004e+00,1.127172722154559326e+00,1.185400000000000000e+04,7.387000000000000000e+03
6.250000000000001388e-02,1.787196112845096385e+00,1.147171034085504582e+00,1.171300000000000000e+04,7.518000000000000000e+03
6.262500000000001399e-02,1.766178458556210362e+00,1.170701459606576345e+00,1.157500000000000000e+04,7.672000000000000000e+03
6.275000000000001410e-02,1.745341702048023969e+00,1.197166385909400832e+00,1.143800000000000000e+04,7.846000000000000000e+03
6.287500000000001421e-02,1.723101538316530901e+00,1.224781741764594534e+00,1.129300000000000000e+04,8.027000000000000000e+03
6.300000000000001432e-02,1.698745128723459619e+00,1.252622428096871854e+00,1.113300000000000000e+04,8.209000000000000000e+03
6.312500000000001443e-02,1.673402605757877248e+00,1.281594643164551739e+00,1.096700000000000000e+04,8.399000000000000000e+03
6.325000000000001454e-02,1.648744733407979224e+00,1.313134710734575661e+00,1.080500000000000000e+04,8.606000000000000000e+03
6.337500000000001465e-02,1.625015229537848382e+00,1.347242364692666339e+00,1.065000000000000000e+04,8.829000000000000000e+03
6.350000000000001477e-02,1.600827253983791998e+00,1.382278480363653639e+00,1.049100000000000000e+04,9.059000000000000000e+03
6.362500000000001488e-02,1.574973896183649691e+00,1.416776647445098902e+00,1.032200000000000000e+04,9.285000000000000000e+03
6.375000000000001499e-02,1.548017387599026184e+00,1.451033676621057866e+00,1.014500000000000000e+04,9.509000000000000000e+03
6.387500000000001510e-02,1.521695580162508277e+00,1.486517265097939022e+00,9.973000000000000000e+03,9.742000000000000000e+03
6.400000000000001521e-02,1.496877048362825535e+00,1.523822418216417063e+00,9.810000000000000000e+03,9.987000000000000000e+03
6.412500000000001532e-02,1.472589135688306072e+00,1.561700761373100432e+00,9.651000000000000000e+03,1.023500000000000000e+04
6.425000000000001543e-02,1.447319764439067402e+00,1.598363668409203298e+00,9.485000000000000000e+03,1.047500000000000000e+04
6.437500000000001554e-02,1.420984636389274414e+00,1.633450781116197792e+00,9.313000000000000000e+03,1.070500000000000000e+04
6.450000000000001565e-02,1.395130228590643728e+00,1.668234296268949368e+00,9.143000000000000000e+03,1.093300000000000000e+04
6.462500000000001577e-02,1.371122806638476188e+00,1.703809324959216553e+00,8.986000000000000000e+03,1.116600000000000000e+04
6.475000000000001588e-02,1.348558716277107550e+00,1.739505422122385569e+00,8.838000000000000000e+03,1.140000000000000000e+04
6.487500000000001599e-02,1.325857390006658587e+00,1.773480939715366578e+00,8.689000000000000000e+03,1.162300000000000000e+04
6.500000000000001610e-02,1.302305775313236325e+00,1.804768614571861107e+00,8.535000000000000000e+03,1.182800000000000000e+04
6.512500000000001621e-02,1.279029763941379905e+00,1.834248317999664701e+00,8.382000000000000000e+03,1.202100000000000000e+04
6.525000000000001632e-02,1.257691944515825666e+00,1.863345866237546389e+00,8.242000000000000000e+03,1.221200000000000000e+04
6.537500000000001643e-02,1.238523874879739806e+00,1.892066560643354434e+00,8.117000000000000000e+03,1.240000000000000000e+04
6.550000000000001654e-02,1.220122686273064527e+00,1.918792726408114158e+00,7.996000000000000000e+03,1.257500000000000000e+04
6.562500000000001665e-02,1.201261547010860298e+00,1.942095366442177840e+00,7.873000000000000000e+03,1.272800000000000000e+04
6.575000000000001676e-02,1.182479013367162768e+00,1.962324304420927312e+00,7.749000000000000000e+03,1.286000000000000000e+04
6.587500000000001688e-02,1.165485510468728947e+00,1.981015754657148076e+00,7.638000000000000000e+03,1.298300000000000000e+04
6.600000000000001699e-02,1.151118593489952158e+00,1.998848216844513637e+00,7.544000000000000000e+03,1.310000000000000000e+04
6.612500000000001710e-02,1.138371022919054898e+00,2.014671517551705371e+00,7.460000000000000000e+03,1.320300000000000000e+04
6.625000000000001721e-02,1.125692752138781838e+00,2.026809259676445762e+00,7.377000000000000000e+03,1.328300000000000000e+04
6.637500000000001732e-02,1.112958182935455564e+00,2.035026902418255457e+00,7.294000000000000000e+03,1.333700000000000000e+04
6.650000000000001743e-02,1.101669355507238768e+00,2.040735231876749545e+00,7.220000000000000000e+03,1.337400000000000000e+04
6.662500000000001754e-02,1.093145041921725458e+00,2.045180121093148617e+00,7.164000000000000000e+03,1.340300000000000000e+04
6.675000000000001765e-02,1.086931245934730006e+00,2.047853123226556438e+00,7.123000000000000000e+03,1.342100000000000000e+04
6.687500000000001776e-02,1.081394314135442958e+00,2.047085078514900847e+00,7.087000000000000000e+03,1.341600000000000000e+04
6.700000000000001787e-02,1.075765583795360580e+00,2.042090666087226669e+00,7.050000000000000000e+03,1.338300000000000000e+04
6.712500000000001799e-02,1.071112939721842405e+00,2.033940276465494801e+00,7.020000000000000000e+03,1.333000000000000000e+04
6.725000000000001810e-02,1.069038795158064437e+00,2.024257708709792603e+00,7.006000000000000000e+03,1.326600000000000000e+04
6.737500000000001821e-02,1.069712513150500977e+00,2.013252721544684931e+00,7.010000000000000000e+03,1.319400000000000000e+04
6.750000000000001832e-02,1.071667244810387443e+00,1.999517405631264122e+00,7.023000000000000000e+03,1.310400000000000000e+04
6.762500000000001843e-02,1.073610561604458669e+00,1.981836757794739112e+00,7.036000000000000000e+03,1.298800000000000000e+04
6.775000000000001854e-02,1.076014043199199799e+00,1.960777629825962709e+00,7.052000000000000000e+03,1.285000000000000000e+04
6.787500000000001865e-02,1.080519944437764890e+00,1.938095151461811438e+00,7.081000000000000000e+03,1.270200000000000000e+04
6.800000000000001876e-02,1.087896693408509030e+00,1.914687429050176304e+00,7.130000000000000000e+03,1.254800000000000000e+04
6.812500000000001887e-02,1.097067167931599529e+00,1.889623397768974922e+00,7.190000000000000000e+03,1.238400000000000000e+04
6.825000000000001898e-02,1.106410916962939694e+00,1.861444099208966918e+00,7.251000000000000000e+03,1.219900000000000000e+04
6.837500000000001910e-02,1.115731629935514668e+00,1.830129555485888737e+00,7.312000000000000000e+03,1.199400000000000000e+04
6.850000000000001921e-02,1.126460554614296283e+00,1.797301117722616359e+00,7.382000000000000000e+03,1.177900000000000000e+04
6.862500000000001932e-02,1.139845814311979844e+00,1.764410029828094695e+00,7.470000000000000000e+03,1.156300000000000000e+04
6.875000000000001943e-02,1.155363126725949208e+00,1.731146973809207124e+00,7.572000000000000000e+03,1.134500000000000000e+04
6.887500000000001954e-02,1.171309145954411601e+00,1.696034516066710074e+00,7.676000000000000000e+03,1.111500000000000000e+04
6.900000000000001965e-02,1.186846317792734418e+00,1.658470708504907076e+00,7.778000000000000000e+03,1.086900000000000000e+04
6.912500000000001976e-02,1.202974671666102724e+00,1.619699861214917602e+00,7.884000000000000000e+03,1.061500000000000000e+04
6.925000000000001987e-02,1.221229994808002095e+00,1.581509406901457027e+00,8.003000000000000000e+03,1.036500000000000000e+04
6.937500000000001998e-02,1.241716489954550751e+00,1.544261436984418534e+00,8.138000000000000000e+03,1.012000000000000000e+04
6.950000000000002010e-02,1.262903790294175099e+00,1.506688377415181579e+00,8.277000000000000000e+03,9.874000000000000000e+03
6.962500000000002021e-02,1.283437826354328237e+00,1.467702654796040562e+00,8.411000000000000000e+03,9.619000000000000000e+03
6.975000000000002032e-02,1.303730571729060816e+00,1.427985100321839340e+00,8.544000000000000000e+03,9.358000000000000000e+03
6.987500000000002043e-02,1.325366939961316382e+00,1.389390591383424578e+00,8.686000000000000000e+03,9.106000000000000000e+03
7.000000000000002054e-02,1.349060419710305547e+00,1.352902369019164386e+00,8.841000000000000000e+03,8.866000000000000000e+03
7.012500000000002065e-02,1.373681573549084378e+00,1.317659252560573924e+00,9.003000000000000000e+03,8.635000000000000000e+03
7.025000000000002076e-02,1.397560373962877467e+00,1.282256708149669411e+00,9.159000000000000000e+03,8.403000000000000000e+03
7.037500000000002087e-02,1.420453884595880067e+00,1.246713243037151475e+00,9.309000000000000000e+03,8.170000000000000000e+03
7.050000000000002098e-02,1.443749768757447205e+00,1.212672721910399432e+00,9.462000000000000000e+03,7.947000000000000000e+03
7.062500000000002109e-02,1.468655805454426311e+00,1.181592619150077406e+00,9.625000000000000000e+03,7.744000000000000000e+03
7.075000000000002121e-02,1.494610673797238887e+00,1.153153709816650885e+00,9.795000000000000000e+03,7.557000000000000000e+03
7.087500000000002132e-02,1.519877478222032785e+00,1.125852379591621766e+00,9.961000000000000000e+03,7.378000000000000000e+03
7.100000000000002143e-02,1.543588643448765785e+00,1.099044546437825787e+00,1.011600000000000000e+04,7.203000000000000000e+03
7.112500000000002154e-02,1.566717871681109875e+00,1.073916475162659534e+00,1.026800000000000000e+04,7.038000000000000000e+03
7.125000000000002165e-02,1.590778330038496335e+00,1.052182130508720448e+00,1.042500000000000000e+04,6.896000000000000000e+03
7.137500000000002176e-02,1.615855453473521885e+00,1.034114932557493871e+00,1.059000000000000000e+04,6.777000000000000000e+03
7.150000000000002187e-02,1.640403946397103851e+00,1.018344078893557825e+00,1.075100000000000000e+04,6.674000000000000000e+03
7.162500000000002198e-02,1.663058772888227566e+00,1.003664602770916181e+00,1.089900000000000000e+04,6.578000000000000000e+03
7.175000000000002209e-02,1.684224862682131452e+00,9.906265672140115441e-01,1.103800000000000000e+04,6.492000000000000000e+03
7.187500000000002220e-02,1.705484107892709877e+00,9.809412629693123886e-01,1.117700000000000000e+04,6.429000000000000000e+03
7.200000000000002232e-02,1.727550932520346638e+00,9.754364429108220991e-01,1.132200000000000000e+04,6.393000000000000000e+03
7.212500000000002243e-02,1.749300866316861214e+00,9.730842453060011277e-01,1.146400000000000000e+04,6.377000000000000000e+03
7.225000000000002254e-02,1.769072790024169395e+00,9.723032862880004457e-01,1.159400000000000000e+04,6.372000000000000000e+03
7.237500000000002265e-02,1.786636665935726676e+00,9.729258996911362978e-01,1.170900000000000000e+04,6.376000000000000000e+03
7.250000000000002276e-02,1.803396931678133530e+00,9.764015621925795640e-01,1.181900000000000000e+04,6.399000000000000000e+03
7.262500000000002287e-02,1.820582039147675690e+00,9.839861096738501400e-01,1.193100000000000000e+04,6.449000000000000000e+03
7.275000000000002298e-02,1.837655101663526525e+00,9.951525978695260344e-01,1.204300000000000000e+04,6.522000000000000000e+03
7.287500000000002309e-02,1.852907415356826792e+00,1.008184674035099482e+00,1.214300000000000000e+04,6.607000000000000000e+03
7.300000000000002320e-02,1.865503196067588521e+00,1.022221703760560096e+00,1.222600000000000000e+04,6.699000000000000000e+03
7.312500000000002331e-02,1.876451505982997814e+00,1.038230721794168199e+00,1.229800000000000000e+04,6.804000000000000000e+03
7.325000000000002343e-02,1.887304264182066094e+00,1.057704999624377695e+00,1.236900000000000000e+04,6.932000000000000000e+03
7.337500000000002354e-02,1.898188992607194647e+00,1.080696986949719607e+00,1.244000000000000000e+04,7.082000000000000000e+03
7.350000000000002365e-02,1.907605624195446437e+00,1.105615831292520390e+00,1.250200000000000000e+04,7.246000000000000000e+03
7.362500000000002376e-02,1.914237410434327158e+00,1.131038646206509402e+00,1.254500000000000000e+04,7.412000000000000000e+03
7.375000000000002387e-02,1.918540419678939069e+00,1.157300859753443101e+00,1.257300000000000000e+04,7.584000000000000000e+03
7.387500000000002398e-02,1.922150426512303945e+00,1.185903620100482225e+00,1.259700000000000000e+04,7.772000000000000000e+03
7.400000000000002409e-02,1.925838262013943147e+00,1.217470116110751954e+00,1.262100000000000000e+04,7.979000000000000000e+03
7.412500000000002420e-02,1.928538256866035416e+00,1.250774679523507960e+00,1.263900000000000000e+04,8.197000000000000000e+03
7.425000000000002431e-02,1.928650258540526963e+00,1.284045871767525160e+00,1.264000000000000000e+04,8.415000000000000000e+03
7.437500000000002442e-02,1.926007209312246449e+00,1.316934848252467205e+00,1.262200000000000000e+04,8.631000000000000000e+03
7.450000000000002454e-02,1.922078306044982199e+00,1.350719664334430581e+00,1.259700000000000000e+04,8.852000000000000000e+03
7.462500000000002465e-02,1.918158366672967796e+00,1.386495537118770160e+00,1.257100000000000000e+04,9.087000000000000000e+03
7.475000000000002476e-02,1.913778240359752969e+00,1.423586454196147377e+00,1.254200000000000000e+04,9.330000000000000000e+03
7.487500000000002487e-02,1.907298138660922682e+00,1.460139488888110737e+00,1.250000000000000000e+04,9.569000000000000000e+03
7.500000000000002498e-02,1.897952135412591446e+00,1.495170526067042704e+00,1.243800000000000000e+04,9.799000000000000000e+03
7.512500000000002509e-02,1.886819887733735657e+00,1.529537034052245170e+00,1.236500000000000000e+04,1.002400000000000000e+04
7.525000000000002520e-02,1.875524412535623853e+00,1.564637069006264092e+00,1.229100000000000000e+04,1.025400000000000000e+04
7.537500000000002531e-02,1.864264614006140075e+00,1.600442896988685915e+00,1.221800000000000000e+04,1.048900000000000000e+04
7.550000000000002542e-02,1.851611863631256849e+00,1.635298778603452963e+00,1.213500000000000000e+04,1.071700000000000000e+04
7.562500000000002554e-02,1.836320679135910572e+00,1.667732762372417854e+00,1.203500000000000000e+04,1.093000000000000000e+04
7.575000000000002565e-02,1.818918003496776015e+00,1.698047120609608163e+00,1.192000000000000000e+04,1.112800000000000000e+04
7.587500000000002576e-02,1.801109858414743581e+00,1.727726113218742032e+00,1.180400000000000000e+04,1.132300000000000000e+04
7.600000000000002587e-02,1.783736486856440262e+00,1.757392216054718403e+00,1.169000000000000000e+04,1.151700000000000000e+04
7.612500000000002598e-02,1.765800555949882389e+00,1.785835406426443450e+00,1.157200000000000000e+04,1.170400000000000000e+04
7.625000000000002609e-02,1.745768980650586055e+00,1.811315979974630119e+00,1.144100000000000000e+04,1.187100000000000000e+04
7.637500000000002620e-02,1.723540260230712606e+00,1.833532919308501707e+00,1.129500000000000000e+04,1.201600000000000000e+04
7.650000000000002631e-02,1.700647461202612121e+00,1.853827758121591396e+00,1.114500000000000000e+04,1.214900000000000000e+04
7.662500000000002642e-02,1.678447343993363372e+00,1.873374668166765122e+00,1.100000000000000000e+04,1.227700000000000000e+04
7.675000000000002653e-02,1.656530615144964802e+00,1.891591463769972226e+00,1.085600000000000000e+04,1.239700000000000000e+04
7.687500000000002665e-02,1.633315023400804478e+00,1.906733566790655976e+00,1.070400000000000000e+04,1.249600000000000000e+04
7.700000000000002676e-02,1.608089722549248313e+00,1.917938978932154148e+00,1.053900000000000000e+04,1.256900000000000000e+04
7.712500000000002687e-02,1.581986765039809395e+00,1.926200535444795525e+00,1.036800000000000000e+04,1.262400000000000000e+04
7.725000000000002698e-02,1.556678764110442037e+00,1.933064023072216475e+00,1.020200000000000000e+04,1.266900000000000000e+04
7.737500000000002709e-02,1.532411204443525632e+00,1.938661127225691283e+00,1.004300000000000000e+04,1.270500000000000000e+04
7.750000000000002720e-02,1.507798931934022590e+00,1.941506216495292980e+00,9.882000000000000000e+03,1.272400000000000000e+04
7.762500000000002731e-02,1.481636629100155034e+00,1.940307319108989015e+00,9.710000000000000000e+03,1.271600000000000000e+04
7.775000000000002742e-02,1.454488029135781124e+00,1.935555466728753560e+00,9.532000000000000000e+03,1.268500000000000000e+04
7.787500000000002753e-02,1.428092381729236804e+00,1.928931517063080081e+00,9.359000000000000000e+03,1.264100000000000000e+04
7.800000000000002764e-02,1.403319556784968780e+00,1.921261221970329336e+00,9.197000000000000000e+03,1.259100000000000000e+04
7.812500000000002776e-02,1.379198077925967381e+00,1.911543467998107149e+00,9.039000000000000000e+03,1.252700000000000000e+04
7.825000000000002787e-02,1.354216934000431527e+00,1.898251890086039673e+00,8.875000000000000000e+03,1.244000000000000000e+04
7.837500000000002798e-02,1.328292766597642283e+00,1.881302114235649636e+00,8.705000000000000000e+03,1.232900000000000000e+04
7.850000000000002809e-02,1.302972867657956835e+00,1.862254401748476784e+00,8.539000000000000000e+03,1.220400000000000000e+04
7.862500000000002820e-02,1.279624179501477332e+00,1.842502553793489151e+00,8.386000000000000000e+03,1.207500000000000000e+04
7.875000000000002831e-02,1.257843588409151225e+00,1.821683705935186248e+00,8.243000000000000000e+03,1.193900000000000000e+04
7.887500000000002842e-02,1.236050918022224110e+00,1.798271080061004668e+00,8.101000000000000000e+03,1.178500000000000000e+04
7.900000000000002853e-02,1.213533359773932618e+00,1.771617782993357704e+00,7.953000000000000000e+03,1.161000000000000000e+04
7.912500000000002864e-02,1.191416889112327349e+00,1.742927843040254832e+00,7.808000000000000000e+03,1.142200000000000000e+04
7.925000000000002875e-02,1.171364020605802692e+00,1.713953216150548409e+00,7.677000000000000000e+03,1.123300000000000000e+04
7.937500000000002887e-02,1.153606067520101641e+00,1.685025538434583803e+00,7.560000000000000000e+03,1.104300000000000000e+04
7.950000000000002898e-02,1.136739748817900297e+00,1.654851885076933149e+00,7.450000000000000000e+03,1.084500000000000000e+04
7.962500000000002909e-02,1.119537640498556197e+00,1.622324600790570059e+00,7.337000000000000000e+03,1.063200000000000000e+04
7.975000000000002920e-02,1.102537529691955953e+00,1.588109726627033202e+00,7.226000000000000000e+03,1.040800000000000000e+04
7.987500000000002931e-02,1.087448883771868102e+00,1.554052750343001499e+00,7.127000000000000000e+03,1.018500000000000000e+04
8.000000000000002942e-02,1.075108115197826564e+00,1.521132886194344946e+00,7.046000000000000000e+03,9.969000000000000000e+03
8.012500000000002953e-02,1.064506645693532150e+00,1.488490340510040921e+00,6.976000000000000000e+03,9.755000000000000000e+03
8.025000000000002964e-02,1.054092897954233221e+00,1.454727283031076901e+00,6.908000000000000000e+03,9.534000000000000000e+03
8.037500000000002975e-02,1.043739540894347284e+00,1.419874233313529688e+00,6.840000000000000000e+03,9.305000000000000000e+03
8.050000000000002986e-02,1.034946684298082120e+00,1.385592222642885840e+00,6.783000000000000000e+03,9.081000000000000000e+03
8.062500000000002998e-02,1.029030962971458907e+00,1.353360979878613923e+00,6.744000000000000000e+03,8.869000000000000000e+03
8.075000000000003009e-02,1.025536041749075755e+00,1.322888414309353111e+00,6.721000000000000000e+03,8.670000000000000000e+03
8.087500000000003020e-02,1.022825718413914897e+00,1.292702802260411676e+00,6.703000000000000000e+03,8.472000000000000000e+03
8.100000000000003031e-02,1.020128577300769779e+00,1.262196451576345302e+00,6.686000000000000000e+03,8.272000000000000000e+03
8.112500000000003042e-02,1.018509539123264585e+00,1.232596338778612077e+00,6.675000000000000000e+03,8.078000000000000000e+03
8.125000000000003053e-02,1.019567848207292293e+00,1.205661161656209179e+00,6.682000000000000000e+03,7.901000000000000000e+03
8.137500000000003064e-02,1.023469488140055006e+00,1.181712867232722175e+00,6.707000000000000000e+03,7.744000000000000000e+03
8.150000000000003075e-02,1.028744026947606249e+00,1.159432636760836077e+00,6.742000000000000000e+03,7.598000000000000000e+03
8.162500000000003086e-02,1.034095245075621783e+00,1.137670671565660596e+00,6.777000000000000000e+03,7.456000000000000000e+03
8.175000000000003098e-02,1.039990730724933199e+00,1.117035020741466989e+00,6.816000000000000000e+03,7.321000000000000000e+03
8.187500000000003109e-02,1.048068544016411918e+00,1.099297468029728719e+00,6.869000000000000000e+03,7.204000000000000000e+03
8.200000000000003120e-02,1.059092723109320122e+00,1.085348378642949418e+00,6.941000000000000000e+03,7.113000000000000000e+03
8.212500000000003131e-02,1.071981559450081889e+00,1.074224279698672069e+00,7.025000000000000000e+03,7.040000000000000000e+03
8.225000000000003142e-02,1.085109827757099410e+00,1.064409552435661377e+00,7.111000000000000000e+03,6.976000000000000000e+03
8.237500000000003153e-02,1.098276255762324016e+00,1.055803305156062688e+00,7.198000000000000000e+03,6.919000000000000000e+03
8.250000000000003164e-02,1.112906951139615686e+00,1.049922394200317077e+00,7.294000000000000000e+03,6.881000000000000000e+03
8.262500000000003175e-02,1.130244720807397574e+00,1.048090257585983842e+00,7.407000000000000000e+03,6.869000000000000000e+03
8.275000000000003186e-02,1.149759799283636585e+00,1.049847376413655775e+00,7.535000000000000000e+03,6.880000000000000000e+03
8.287500000000003197e-02,1.169743194508735096e+00,1.053544256570075666e+00,7.666000000000000000e+03,6.905000000000000000e+03
8.300000000000003209e-02,1.189351553045279841e+00,1.058386169934868448e+00,7.795000000000000000e+03,6.936000000000000000e+03
8.312500000000003220e-02,1.209578957555094592e+00,1.065404716752698100e+00,7.927000000000000000e+03,6.982000000000000000e+03
8.325000000000003231e-02,1.231955111197789776e+00,1.076156029644679935e+00,8.074000000000000000e+03,7.053000000000000000e+03
8.337500000000003242e-02,1.256578002607130928e+00,1.090753336869451529e+00,8.235000000000000000e+03,7.148000000000000000e+03
8.350000000000003253e-02,1.281910931299952150e+00,1.107664148308910912e+00,8.401000000000000000e+03,7.259000000000000000e+03
8.362500000000003264e-02,1.306593383566068800e+00,1.125521164223720394e+00,8.563000000000000000e+03,7.376000000000000000e+03
8.375000000000003275e-02,1.331030788807096021e+00,1.144712327283062381e+00,8.723000000000000000e+03,7.502000000000000000e+03
8.387500000000003286e-02,1.356801427109430858e+00,1.166787895577410916e+00,8.892000000000000000e+03,7.647000000000000000e+03
8.400000000000003297e-02,1.384612075080863480e+00,1.192416510358048409e+00,9.074000000000000000e+03,7.815000000000000000e+03
8.412500000000003308e-02,1.413326516974441782e+00,1.220414000028651413e+00,9.262000000000000000e+03,7.998000000000000000e+03
8.425000000000003320e-02,1.441267891312884020e+00,1.249046263153736236e+00,9.445000000000000000e+03,8.186000000000000000e+03
8.437500000000003331e-02,1.468186386029229240e+00,1.277997375739373664e+00,9.622000000000000000e+03,8.375000000000000000e+03
8.450000000000003342e-02,1.495462757448573710e+00,1.308573746806688920e+00,9.801000000000000000e+03,8.576000000000000000e+03
8.462500000000003353e-02,1.524297861696244372e+00,1.341894170246183071e+00,9.990000000000000000e+03,8.794000000000000000e+03
8.475000000000003364e-02,1.554123449317927674e+00,1.377301339764088972e+00,1.018500000000000000e+04,9.026000000000000000e+03
8.487500000000003375e-02,1.583195707257731177e+00,1.412956006098266437e+00,1.037600000000000000e+04,9.260000000000000000e+03
8.500000000000003386e-02,1.610640163653474177e+00,1.447882667591928074e+00,1.055500000000000000e+04,9.489000000000000000e+03
8.512500000000003397e-02,1.637423663056051915e+00,1.482942239700781206e+00,1.073100000000000000e+04,9.719000000000000000e+03
8.525000000000003408e-02,1.665052563204889369e+00,1.519531083337782862e+00,1.091200000000000000e+04,9.958000000000000000e+03
8.537500000000003419e-02,1.693605557095910541e+00,1.557614582681295934e+00,1.109900000000000000e+04,1.020800000000000000e+04
8.550000000000003431e-02,1.721530683339420165e+00,1.595525012312884794e+00,1.128200000000000000e+04,1.045600000000000000e+04
8.562500000000003442e-02,1.747456336506312713e+00,1.631773345716154733e+00,1.145200000000000000e+04,1.069400000000000000e+04
8.575000000000003453e-02,1.771780981121082066e+00,1.666639830240164155e+00,1.161200000000000000e+04,1.092200000000000000e+04
8.587500000000003464e-02,1.796080169349254740e+00,1.701581825316355046e+00,1.177100000000000000e+04,1.115100000000000000e+04
8.600000000000003475e-02,1.821062117668296843e+00,1.737190223317751192e+00,1.193500000000000000e+04,1.138500000000000000e+04
8.612500000000003486e-02,1.845596302356973473e+00,1.772218867392805208e+00,1.209500000000000000e+04,1.161400000000000000e+04
8.625000000000003497e-02,1.868015710945070351e+00,1.804887609881329569e+00,1.224200000000000000e+04,1.182900000000000000e+04
8.637500000000003508e-02,1.888084594881184852e+00,1.834850868534933399e+00,1.237400000000000000e+04,1.202500000000000000e+04
8.650000000000003519e-02,1.907201868467901518e+00,1.863401775760374912e+00,1.249900000000000000e+04,1.221200000000000000e+04
8.662500000000003531e-02,1.926590670200706290e+00,1.891662504550324808e+00,1.262600000000000000e+04,1.239700000000000000e+04
8.675000000000003542e-02,1.945709013919625141e+00,1.918995595300514667e+00,1.275100000000000000e+04,1.257600000000000000e+04
8.687500000000003553e-02,1.962843332704771182e+00,1.943598206078181123e+00,1.286400000000000000e+04,1.273800000000000000e+04
8.700000000000003564e-02,1.977153218525976364e+00,1.964547437174431810e+00,1.295700000000000000e+04,1.287500000000000000e+04
8.712500000000003575e-02,1.989643371296458518e+00,1.982772910417054835e+00,1.303900000000000000e+04,1.299400000000000000e+04
8.725000000000003586e-02,2.001861610843894912e+00,1.999755261395600225e+00,1.311900000000000000e+04,1.310600000000000000e+04
8.737500000000003597e-02,2.013931645007519755e+00,2.015559445594133692e+00,1.319900000000000000e+04,1.320900000000000000e+04
8.750000000000003608e-02,2.024349877800172504e+00,2.028631910824750140e+00,1.326700000000000000e+04,1.329500000000000000e+04
8.762500000000003619e-02,2.031796338601602248e+00,2.037611958289980318e+00,1.331600000000000000e+04,1.335400000000000000e+04
8.775000000000003630e-02,2.036724179052161077e+00,2.042921479242602256e+00,1.334800000000000000e+04,1.338800000000000000e+04
8.787500000000003642e-02,2.040766583366186104e+00,2.046172179557451454e+00,1.337400000000000000e+04,1.341000000000000000e+04
8.800000000000003653e-02,2.044692115678257593e+00,2.048121036821061836e+00,1.340000000000000000e+04,1.342300000000000000e+04
8.812500000000003664e-02,2.047433183224263598e+00,2.047698951491068620e+00,1.341800000000000000e+04,1.342000000000000000e+04
8.825000000000003675e-02,2.047388049076171779e+00,2.043312736964732590e+00,1.341800000000000000e+04,1.339100000000000000e+04
8.837500000000003686e-02,2.044388429164917031e+00,2.034812772618108223e+00,1.339800000000000000e+04,1.333500000000000000e+04
8.850000000000003697e-02,2.039902646067116354e+00,2.023696003313661507e+00,1.336900000000000000e+04,1.326200000000000000e+04
8.862500000000003708e-02,2.035225013250923531e+00,2.011295245150553690e+00,1.333800000000000000e+04,1.318100000000000000e+04
8.875000000000003719e-02,2.029886237687682726e+00,1.997189306145082943e+00,1.330300000000000000e+04,1.308900000000000000e+04
8.887500000000003730e-02,2.022246767362706699e+00,1.979796121389588492e+00,1.325300000000000000e+04,1.297500000000000000e+04
8.900000000000003741e-02,2.011541282082550008e+00,1.958416841308460610e+00,1.318300000000000000e+04,1.283500000000000000e+04
8.912500000000003753e-02,1.998850429250067728e+00,1.934207225086040260e+00,1.310000000000000000e+04,1.267600000000000000e+04
8.925000000000003764e-02,1.985798589788762447e+00,1.908874893359832736e+00,1.301400000000000000e+04,1.251000000000000000e+04
8.937500000000003775e-02,1.972586418677138909e+00,1.882711403405519235e+00,1.292800000000000000e+04,1.233900000000000000e+04
8.950000000000003786e-02,1.957787412927897597e+00,1.854388205823351843e+00,1.283100000000000000e+04,1.215300000000000000e+04
8.962500000000003797e-02,1.940158601723874554e+00,1.822766756302145463e+00,1.271500000000000000e+04,1.194600000000000000e+04
8.975000000000003808e-02,1.920229811992855362e+00,1.788487086844047003e+00,1.258400000000000000e+04,1.172100000000000000e+04
8.987500000000003819e-02,1.899710331103740213e+00,1.753373789817789463e+00,1.245000000000000000e+04,1.149100000000000000e+04
9.000000000000003830e-02,1.879444034652572038e+00,1.718390385380894392e+00,1.231700000000000000e+04,1.126200000000000000e+04
9.012500000000003841e-02,1.858437596510290390e+00,1.682666767858447709e+00,1.217900000000000000e+04,1.102800000000000000e+04
9.025000000000003852e-02,1.835162296508845881e+00,1.644800205739519239e+00,1.202700000000000000e+04,1.077900000000000000e+04
9.037500000000003864e-02,1.809521361929840255e+00,1.604821851872003435e+00,1.185900000000000000e+04,1.051700000000000000e+04
9.050000000000003875e-02,1.783052933330794287e+00,1.564398874172474141e+00,1.168500000000000000e+04,1.025200000000000000e+04
9.062500000000003886e-02,1.757119194003806673e+00,1.525022705335706164e+00,1.151500000000000000e+04,9.994000000000000000e+03
9.075000000000003897e-02,1.731316604083221522e+00,1.486418435047871078e+00,1.134600000000000000e+04,9.741000000000000000e+03
9.087500000000003908e-02,1.704068997157902166e+00,1.447136998901777716e+00,1.116800000000000000e+04,9.484000000000000000e+03
9.100000000000003919e-02,1.674671924160872738e+00,1.406598694531645544e+00,1.097500000000000000e+04,9.218000000000000000e+03
9.112500000000003930e-02,1.644264145231206786e+00,1.366063759212448048e+00,1.077600000000000000e+04,8.953000000000000000e+03
9.125000000000003941e-02,1.614525272171823733e+00,1.327329219401396587e+00,1.058100000000000000e+04,8.699000000000000000e+03
9.137500000000003952e-02,1.585708075068900325e+00,1.290760298300831943e+00,1.039200000000000000e+04,8.459000000000000000e+03
9.150000000000003963e-02,1.556434951831825897e+00,1.255086147316209599e+00,1.020000000000000000e+04,8.225000000000000000e+03
9.162500000000003975e-02,1.525508397304311758e+00,1.219209452980249742e+00,9.998000000000000000e+03,7.990000000000000000e+03
9.175000000000003986e-02,1.493500196694717008e+00,1.183794965958326673e+00,9.788000000000000000e+03,7.758000000000000000e+03
9.187500000000003997e-02,1.462157882872446857e+00,1.150675154084955576e+00,9.582000000000000000e+03,7.541000000000000000e+03
9.200000000000004008e-02,1.432359819247014610e+00,1.120804711679883603e+00,9.387000000000000000e+03,7.345000000000000000e+03
9.212500000000004019e-02,1.403143222584861682e+00,1.093287855996248670e+00,9.196000000000000000e+03,7.165000000000000000e+03
9.225000000000004030e-02,1.373005953631856624e+00,1.066679650319622530e+00,8.998000000000000000e+03,6.991000000000000000e+03
9.237500000000004041e-02,1.341873691861144691e+00,1.040952548643595543e+00,8.794000000000000000e+03,6.822000000000000000e+03
9.250000000000004052e-02,1.311302912339953330e+00,1.017699023838130712e+00,8.594000000000000000e+03,6.670000000000000000e+03
9.262500000000004063e-02,1.282669871007150020e+00,9.983200355637343870e-01,8.406000000000000000e+03,6.543000000000000000e+03
9.275000000000004075e-02,1.255580877838113230e+00,9.824350836443233037e-01,8.229000000000000000e+03,6.438000000000000000e+03
9.287500000000004086e-02,1.228465273627657783e+00,9.684747942238630669e-01,8.051000000000000000e+03,6.347000000000000000e+03
9.300000000000004097e-02,1.200619840517963555e+00,9.557252465348133885e-01,7.868000000000000000e+03,6.263000000000000000e+03
9.312500000000004108e-02,1.173180199875281771e+00,9.452991181888770189e-01,7.689000000000000000e+03,6.195000000000000000e+03
9.325000000000004119e-02,1.147818548188740850e+00,9.388334773339755968e-01,7.522000000000000000e+03,6.153000000000000000e+03
9.337500000000004130e-02,1.124775896722356228e+00,9.365219160571861545e-01,7.371000000000000000e+03,6.138000000000000000e+03
9.350000000000004141e-02,1.102658660186863537e+00,9.369113360618973596e-01,7.226000000000000000e+03,6.140000000000000000e+03
9.362500000000004152e-02,1.080249086741755349e+00,9.387124238310299296e-01,7.080000000000000000e+03,6.152000000000000000e+03
9.375000000000004163e-02,1.058094594816057832e+00,9.423893226329206341e-01,6.934000000000000000e+03,6.176000000000000000e+03
9.387500000000004174e-02,1.037914219650653891e+00,9.495662773395197043e-01,6.802000000000000000e+03,6.223000000000000000e+03
9.400000000000004186e-02,1.020553862091565511e+00,9.609833507537028918e-01,6.688000000000000000e+03,6.298000000000000000e+03
9.412500000000004197e-02,1.005014329154003239e+00,9.755248138278681536e-01,6.586000000000000000e+03,6.393000000000000000e+03
9.425000000000004208e-02,9.897533110664498146e-01,9.915217136042882018e-01,6.486000000000000000e+03,6.498000000000000000e+03
9.437500000000004219e-02,9.746526020612431562e-01,1.008719589867314026e+00,6.387000000000000000e+03,6.611000000000000000e+03
9.450000000000004230e-02,9.612212818970651274e-01,1.028482358961763099e+00,6.299000000000000000e+03,6.740000000000000000e+03
9.462500000000004241e-02,9.507847749190918574e-01,1.051982006395664415e+00,6.231000000000000000e+03,6.894000000000000000e+03
9.475000000000004252e-02,9.428953436116032094e-01,1.078609879398449545e+00,6.179000000000000000e+03,7.069000000000000000e+03
9.487500000000004263e-02,9.359251660045050381e-01,1.106570523827145935e+00,6.134000000000000000e+03,7.252000000000000000e+03
9.500000000000004274e-02,9.291109796209827687e-01,1.134927206723395088e+00,6.089000000000000000e+03,7.438000000000000000e+03
9.512500000000004285e-02,9.235256055878835468e-01,1.164574311187713818e+00,6.052000000000000000e+03,7.632000000000000000e+03
9.525000000000004297e-02,9.207759281214228375e-01,1.196936254924892751e+00,6.034000000000000000e+03,7.844000000000000000e+03
9.537500000000004308e-02,9.210352844749601919e-01,1.232000844854129751e+00,6.036000000000000000e+03,8.074000000000000000e+03
9.550000000000004319e-02,9.228403043708249820e-01,1.268117095266771521e+00,6.048000000000000000e+03,8.311000000000000000e+03
9.562500000000004330e-02,9.249015125142650007e-01,1.303806869220349496e+00,6.061000000000000000e+03,8.545000000000000000e+03
9.575000000000004341e-02,9.276929202608915626e-01,1.339355466639734260e+00,6.080000000000000000e+03,8.778000000000000000e+03
9.587500000000004352e-02,9.328586647659284914e-01,1.376219354980110054e+00,6.114000000000000000e+03,9.019000000000000000e+03
9.600000000000004363e-02,9.411685135704748184e-01,1.414982665307942922e+00,6.168000000000000000e+03,9.273000000000000000e+03
9.612500000000004374e-02,9.515461154972099100e-01,1.454386564313307373e+00,6.236000000000000000e+03,9.531000000000000000e+03
9.625000000000004385e-02,9.623712312781907974e-01,1.492632448663304467e+00,6.307000000000000000e+03,9.782000000000000000e+03
9.637500000000004396e-02,9.734471798120929442e-01,1.529350517993473213e+00,6.380000000000000000e+03,1.002300000000000000e+04
9.650000000000004408e-02,9.862042679294633629e-01,1.565804118128818034e+00,6.463000000000000000e+03,1.026200000000000000e+04
9.662500000000004419e-02,1.001889087276931711e+00,1.603080145896726094e+00,6.566000000000000000e+03,1.050600000000000000e+04
9.675000000000004430e-02,1.019975247703033716e+00,1.640500624036317801e+00,6.685000000000000000e+03,1.075100000000000000e+04
9.687500000000004441e-02,1.038756701915355851e+00,1.676217090648663754e+00,6.808000000000000000e+03,1.098500000000000000e+04
9.700000000000004452e-02,1.057392617884029828e+00,1.709256220861582243e+00,6.930000000000000000e+03,1.120200000000000000e+04
9.712500000000004463e-02,1.076879156581603159e+00,1.740492602522194288e+00,7.057000000000000000e+03,1.140600000000000000e+04
9.725000000000004474e-02,1.098747665717407784e+00,1.771347568400903683e+00,7.201000000000000000e+03,1.160900000000000000e+04
9.737500000000004485e-02,1.123097326566502074e+00,1.801822751576178439e+00,7.360000000000000000e+03,1.180800000000000000e+04
9.750000000000004496e-02,1.148392190786353462e+00,1.830297633631935872e+00,7.526000000000000000e+03,1.199500000000000000e+04
9.762500000000004508e-02,1.173272039896204877e+00,1.855341202389454880e+00,7.689000000000000000e+03,1.215900000000000000e+04
9.775000000000004519e-02,1.198142155014944699e+00,1.877302092257381538e+00,7.852000000000000000e+03,1.230300000000000000e+04
9.787500000000004530e-02,1.224580209891369176e+00,1.897716146424693884e+00,8.025000000000000000e+03,1.243700000000000000e+04
9.800000000000004541e-02,1.253291932032695399e+00,1.917262297100840396e+00,8.214000000000000000e+03,1.256500000000000000e+04
9.812500000000004552e-02,1.283139601266249041e+00,1.934791587910637878e+00,8.409000000000000000e+03,1.268000000000000000e+04
9.825000000000004563e-02,1.312444413431972823e+00,1.948629597681421632e+00,8.601000000000000000e+03,1.277100000000000000e+04
9.837500000000004574e-02,1.340954165037029799e+00,1.958544490283681716e+00,8.788000000000000000e+03,1.283600000000000000e+04
9.850000000000004585e-02,1.370046790947550663e+00,1.965950449297941605e+00,8.979000000000000000e+03,1.288400000000000000e+04
9.862500000000004596e-02,1.400919887462764857e+00,1.972097397546507924e+00,9.181000000000000000e+03,1.292400000000000000e+04
9.875000000000004607e-02,1.433001527138108022e+00,1.976481545208650159e+00,9.391000000000000000e+03,1.295300000000000000e+04
9.887500000000004619e-02,1.464543794637280572e+00,1.977438946803742104e+00,9.598000000000000000e+03,1.295900000000000000e+04
9.900000000000004630e-02,1.494667713059236958e+00,1.974190000150725988e+00,9.795000000000000000e+03,1.293800000000000000e+04
9.912500000000004641e-02,1.524335215276441335e+00,1.967811260569145571e+00,9.990000000000000000e+03,1.289600000000000000e+04
9.925000000000004652e-02,1.555047363393804671e+00,1.959933078890975233e+00,1.019100000000000000e+04,1.284500000000000000e+04
9.937500000000004663e-02,1.586877169196029946e+00,1.950772087312771408e+00,1.040000000000000000e+04,1.278500000000000000e+04
9.950000000000004674e-02,1.618266628153058884e+00,1.938927507902386216e+00,1.060500000000000000e+04,1.270700000000000000e+04
9.962500000000004685e-02,1.647837730402186729e+00,1.923191656105887049e+00,1.079900000000000000e+04,1.260400000000000000e+04
9.975000000000004696e-02,1.675982199154449681e+00,1.904138822894538174e+00,1.098400000000000000e+04,1.247900000000000000e+04
9.987500000000004707e-02,1.704268511250706108e+00,1.883531623245822351e+00,1.116900000000000000e+04,1.234400000000000000e+04
1.000000000000000472e-01,1.733397498806643622e+00,1.862275627064903682e+00,1.136000000000000000e+04,1.220500000000000000e+04
1.001250000000000473e-01,1.762230949759308496e+00,1.839447134893404723e+00,1.154900000000000000e+04,1.205500000000000000e+04
1.002500000000000474e-01,1.789093884640461152e+00,1.813594388471829744e+00,1.172500000000000000e+04,1.188600000000000000e+04
1.003750000000000475e-01,1.813742316427999324e+00,1.784704368162385979e+00,1.188700000000000000e+04,1.169600000000000000e+04
1.005000000000000476e-01,1.837566674938819977e+00,1.754405076914649531e+00,1.204300000000000000e+04,1.149800000000000000e+04
1.006250000000000477e-01,1.861781377396754200e+00,1.724154029025313006e+00,1.220100000000000000e+04,1.129900000000000000e+04
1.007500000000000479e-01,1.885835504959720632e+00,1.693647735148836597e+00,1.235900000000000000e+04,1.109900000000000000e+04
1.008750000000000480e-01,1.908006357791293794e+00,1.661414077069765627e+00,1.250400000000000000e+04,1.088800000000000000e+04
1.010000000000000481e-01,1.927444219786809132e+00,1.626855854323634887e+00,1.263200000000000000e+04,1.066200000000000000e+04
1.011250000000000482e-01,1.945144320636372326e+00,1.591221490614207479e+00,1.274800000000000000e+04,1.042800000000000000e+04
1.012500000000000483e-01,1.962644872358944248e+00,1.556301851012426463e+00,1.286200000000000000e+04,1.019900000000000000e+04
1.013750000000000484e-01,1.980059852112396435e+00,1.522461718702784683e+00,1.297700000000000000e+04,9.978000000000000000e+03
1.015000000000000485e-01,1.995875834195742327e+00,1.488435432099619593e+00,1.308000000000000000e+04,9.755000000000000000e+03
1.016250000000000486e-01,2.008762935516452686e+00,1.453136500032703671e+00,1.316500000000000000e+04,9.523000000000000000e+03
1.017500000000000487e-01,2.019164335397249044e+00,1.417245976568614729e+00,1.323300000000000000e+04,9.288000000000000000e+03
1.018750000000000488e-01,2.028703203570118685e+00,1.382618061433340984e+00,1.329500000000000000e+04,9.061000000000000000e+03
1.020000000000000490e-01,2.038138069313482958e+00,1.350234398740594255e+00,1.335700000000000000e+04,8.849000000000000000e+03
1.021250000000000491e-01,2.046391303554838004e+00,1.319231261329140148e+00,1.341100000000000000e+04,8.646000000000000000e+03
1.022500000000000492e-01,2.051851152088998376e+00,1.288200611514898286e+00,1.344700000000000000e+04,8.442000000000000000e+03
1.023750000000000493e-01,2.054339352589990231e+00,1.257156476839402792e+00,1.346300000000000000e+04,8.239000000000000000e+03
1.025000000000000494e-01,2.055314307399716434e+00,1.227737269881498783e+00,1.347000000000000000e+04,8.046000000000000000e+03
1.026250000000000495e-01,2.056060488649274820e+00,1.201394034350178996e+00,1.347500000000000000e+04,7.873000000000000000e+03
1.027500000000000496e-01,2.056098858231363291e+00,1.177800150821889380e+00,1.347500000000000000e+04,7.719000000000000000e+03
1.028750000000000497e-01,2.053780236886481703e+00,1.155443653259371484e+00,1.346000000000000000e+04,7.572000000000000000e+03
1.030000000000000498e-01,2.048329810584087696e+00,1.133671176429925653e+00,1.342400000000000000e+04,7.430000000000000000e+03
1.031250000000000500e-01,2.040818888384104746e+00,1.113658789864477860e+00,1.337500000000000000e+04,7.298000000000000000e+03
1.032500000000000501e-01,2.032862682019009437e+00,1.097109387184485918e+00,1.332300000000000000e+04,7.190000000000000000e+03
1.033750000000000502e-01,2.024652868833965336e+00,1.084284473510837676e+00,1.326900000000000000e+04,7.106000000000000000e+03
1.035000000000000503e-01,2.014754171396337945e+00,1.073800533557679682e+00,1.320400000000000000e+04,7.037000000000000000e+03
1.036250000000000504e-01,2.001915070166052857e+00,1.064439133926892822e+00,1.312000000000000000e+04,6.976000000000000000e+03
1.037500000000000505e-01,1.986657078579225910e+00,1.056736171805475077e+00,1.302000000000000000e+04,6.925000000000000000e+03
1.038750000000000506e-01,1.970681428218779008e+00,1.052388128413057400e+00,1.291500000000000000e+04,6.897000000000000000e+03
1.040000000000000507e-01,1.954824203913914982e+00,1.052207365430530173e+00,1.281100000000000000e+04,6.896000000000000000e+03
1.041250000000000508e-01,1.938084576016635419e+00,1.055150114119812965e+00,1.270100000000000000e+04,6.915000000000000000e+03
1.042500000000000510e-01,1.918926613151474392e+00,1.059618635818413868e+00,1.257600000000000000e+04,6.944000000000000000e+03
1.043750000000000511e-01,1.897246645508146035e+00,1.065428536748447730e+00,1.243400000000000000e+04,6.982000000000000000e+03
1.045000000000000512e-01,1.874576233446765272e+00,1.074012265597099614e+00,1.228500000000000000e+04,7.039000000000000000e+03
1.046250000000000513e-01,1.852271318162907576e+00,1.086608412527695355e+00,1.213900000000000000e+04,7.121000000000000000e+03
1.047500000000000514e-01,1.829922456276336318e+00,1.102672644985783323e+00,1.199300000000000000e+04,7.226000000000000000e+03
1.048750000000000515e-01,1.805947936887640326e+00,1.120471168076474733e+00,1.183500000000000000e+04,7.343000000000000000e+03
1.050000000000000516e-01,1.779638123657186322e+00,1.139125927475576727e+00,1.166300000000000000e+04,7.465000000000000000e+03
1.051250000000000517e-01,1.752126966195728830e+00,1.159586653271847956e+00,1.148300000000000000e+04,7.599000000000000000e+03
1.052500000000000518e-01,1.725089638446592355e+00,1.183329502771454766e+00,1.130600000000000000e+04,7.755000000000000000e+03
1.053750000000000520e-01,1.698774863774459964e+00,1.210390097443488244e+00,1.113300000000000000e+04,7.932000000000000000e+03
1.055000000000000521e-01,1.671801378212061318e+00,1.239161115071686803e+00,1.095600000000000000e+04,8.121000000000000000e+03
1.056250000000000522e-01,1.642968416850748792e+00,1.268203653986949453e+00,1.076700000000000000e+04,8.311000000000000000e+03
1.057500000000000523e-01,1.612844898825382067e+00,1.297837649631479184e+00,1.057000000000000000e+04,8.506000000000000000e+03
1.058750000000000524e-01,1.583175900583048357e+00,1.329549374806836992e+00,1.037600000000000000e+04,8.713000000000000000e+03
1.060000000000000525e-01,1.554837728249619522e+00,1.363947822224569784e+00,1.019000000000000000e+04,8.939000000000000000e+03
1.061250000000000526e-01,1.526865955007770559e+00,1.399793898063669495e+00,1.000600000000000000e+04,9.174000000000000000e+03
1.062500000000000527e-01,1.497757199242341297e+00,1.435303563064284305e+00,9.816000000000000000e+03,9.406000000000000000e+03
1.063750000000000528e-01,1.467436312350186567e+00,1.470116283094241139e+00,9.617000000000000000e+03,9.635000000000000000e+03
1.065000000000000530e-01,1.437459341283744862e+00,1.505499380322942171e+00,9.421000000000000000e+03,9.866000000000000000e+03
1.066250000000000531e-01,1.409202525317910570e+00,1.542538374474427432e+00,9.235000000000000000e+03,1.010900000000000000e+04
1.067500000000000532e-01,1.382272553180437846e+00,1.580548626503582188e+00,9.059000000000000000e+03,1.035800000000000000e+04
1.068750000000000533e-01,1.355099549693556060e+00,1.617669724889166272e+00,8.881000000000000000e+03,1.060200000000000000e+04
1.070000000000000534e-01,1.326981468704168332e+00,1.652911235148583291e+00,8.697000000000000000e+03,1.083300000000000000e+04
1.071250000000000535e-01,1.299055499147344195e+00,1.687125532981933906e+00,8.513000000000000000e+03,1.105700000000000000e+04
1.072500000000000536e-01,1.272995781944804783e+00,1.721706820385544345e+00,8.343000000000000000e+03,1.128300000000000000e+04
1.073750000000000537e-01,1.249045656145297167e+00,1.756624797964300377e+00,8.186000000000000000e+03,1.151200000000000000e+04
1.075000000000000538e-01,1.225814227365609410e+00,1.790222448848860282e+00,8.033000000000000000e+03,1.173200000000000000e+04
1.076250000000000540e-01,1.202086802572445157e+00,1.821027870384775538e+00,7.878000000000000000e+03,1.193400000000000000e+04
1.077500000000000541e-01,1.178414205622094091e+00,1.849344696629874329e+00,7.723000000000000000e+03,1.212000000000000000e+04
1.078750000000000542e-01,1.156519226879444195e+00,1.876659887825646633e+00,7.579000000000000000e+03,1.229900000000000000e+04
1.080000000000000543e-01,1.137251849868426756e+00,1.903599932816040230e+00,7.453000000000000000e+03,1.247500000000000000e+04
1.081250000000000544e-01,1.119617293229089539e+00,1.928960147150574400e+00,7.338000000000000000e+03,1.264200000000000000e+04
1.082500000000000545e-01,1.102077964950875844e+00,1.951007451810876425e+00,7.223000000000000000e+03,1.278600000000000000e+04
1.083750000000000546e-01,1.084520682907636369e+00,1.969448741222076027e+00,7.108000000000000000e+03,1.290700000000000000e+04
1.085000000000000547e-01,1.068459833098295064e+00,1.985634697634394819e+00,7.002000000000000000e+03,1.301300000000000000e+04
1.086250000000000548e-01,1.055226426850658594e+00,2.000749864372949993e+00,6.916000000000000000e+03,1.311200000000000000e+04
1.087500000000000550e-01,1.044378570821069552e+00,2.014223589918721746e+00,6.844000000000000000e+03,1.320000000000000000e+04
1.088750000000000551e-01,1.034294541004473489e+00,2.024323966444458556e+00,6.778000000000000000e+03,1.326700000000000000e+04
1.090000000000000552e-01,1.024217403056727704e+00,2.030202732113191022e+00,6.712000000000000000e+03,1.330500000000000000e+04
1.091250000000000553e-01,1.015226531541791877e+00,2.032867486324987372e+00,6.653000000000000000e+03,1.332300000000000000e+04
1.092500000000000554e-01,1.008935565916902588e+00,2.033879729405293713e+00,6.612000000000000000e+03,1.332900000000000000e+04
1.093750000000000555e-01,1.005524794233364716e+00,2.033387760204730554e+00,6.590000000000000000e+03,1.332600000000000000e+04
1.095000000000000556e-01,1.003537969386723905e+00,2.029923375624149262e+00,6.577000000000000000e+03,1.330300000000000000e+04
1.096250000000000557e-01,1.001692904093299363e+00,2.022212787523613997e+00,6.565000000000000000e+03,1.325300000000000000e+04
1.097500000000000558e-01,1.000471039882361080e+00,2.010765876470006930e+00,6.557000000000000000e+03,1.317800000000000000e+04
1.098750000000000560e-01,1.001524077519431399e+00,1.997282946167362683e+00,6.564000000000000000e+03,1.308900000000000000e+04
1.100000000000000561e-01,1.005629459604945763e+00,1.982609698231245554e+00,6.590000000000000000e+03,1.299300000000000000e+04
1.101250000000000562e-01,1.011718611663714462e+00,1.965765397425083050e+00,6.630000000000000000e+03,1.288300000000000000e+04
1.102500000000000563e-01,1.018179151645113079e+00,1.945244390609358609e+00,6.673000000000000000e+03,1.274800000000000000e+04
1.103750000000000564e-01,1.024822325408947465e+00,1.920983268636686336e+00,6.716000000000000000e+03,1.258900000000000000e+04
1.105000000000000565e-01,1.033086416384660033e+00,1.894563416300317549e+00,6.770000000000000000e+03,1.241600000000000000e+04
1.106250000000000566e-01,1.044226030838020236e+00,1.867399832400197468e+00,6.843000000000000000e+03,1.223800000000000000e+04
1.107500000000000567e-01,1.057722812323584005e+00,1.839150832329011998e+00,6.932000000000000000e+03,1.205300000000000000e+04
1.108750000000000568e-01,1.071878754000242573e+00,1.808310713575294271e+00,7.025000000000000000e+03,1.185100000000000000e+04
1.110000000000000570e-01,1.085861053411392607e+00,1.774253466573504801e+00,7.116000000000000000e+03,1.162800000000000000e+04
1.111250000000000571e-01,1.100673877283954827e+00,1.738203724731007149e+00,7.213000000000000000e+03,1.139100000000000000e+04
1.112500000000000572e-01,1.117856539073228683e+00,1.701933688746124274e+00,7.326000000000000000e+03,1.115400000000000000e+04
1.113750000000000573e-01,1.137516132376003020e+00,1.665794794304064741e+00,7.455000000000000000e+03,1.091700000000000000e+04
1.115000000000000574e-01,1.158124553101136822e+00,1.628513396696566584e+00,7.590000000000000000e+03,1.067300000000000000e+04
1.116250000000000575e-01,1.178329345182262067e+00,1.589000519887780793e+00,7.722000000000000000e+03,1.041400000000000000e+04
1.117500000000000576e-01,1.198543457305984550e+00,1.547940218030377846e+00,7.855000000000000000e+03,1.014500000000000000e+04
1.118750000000000577e-01,1.220352121947013480e+00,1.507195249517336189e+00,7.998000000000000000e+03,9.878000000000000000e+03
1.120000000000000578e-01,1.244468505201282715e+00,1.467761301745091451e+00,8.156000000000000000e+03,9.619000000000000000e+03
1.121250000000000580e-01,1.269762191242326033e+00,1.428794186944739364e+00,8.322000000000000000e+03,9.364000000000000000e+03
1.122500000000000581e-01,1.294561536493659792e+00,1.388910769796499522e+00,8.484000000000000000e+03,9.102000000000000000e+03
1.123750000000000582e-01,1.318621340183149915e+00,1.348155291994400429e+00,8.642000000000000000e+03,8.835000000000000000e+03
1.125000000000000583e-01,1.343326374333532636e+00,1.308201502542559069e+00,8.804000000000000000e+03,8.573000000000000000e+03
1.126250000000000584e-01,1.369880892850587450e+00,1.270540790799010722e+00,8.978000000000000000e+03,8.327000000000000000e+03
1.127500000000000585e-01,1.397719440491728138e+00,1.234891650362924809e+00,9.160000000000000000e+03,8.093000000000000000e+03
1.128750000000000586e-01,1.425100374949379356e+00,1.199791822831100419e+00,9.340000000000000000e+03,7.863000000000000000e+03
1.130000000000000587e-01,1.451150789180209344e+00,1.164641956234699016e+00,9.510000000000000000e+03,7.633000000000000000e+03
1.131250000000000588e-01,1.476838469288763278e+00,1.130676209970063351e+00,9.679000000000000000e+03,7.410000000000000000e+03
1.132500000000000590e-01,1.503670111839229717e+00,1.099659314264330279e+00,9.854000000000000000e+03,7.207000000000000000e+03
1.133750000000000591e-01,1.531724131250169041e+00,1.071918076959100130e+00,1.003800000000000000e+04,7.025000000000000000e+03
1.135000000000000592e-01,1.559447693481618380e+00,1.046137388027958082e+00,1.022000000000000000e+04,6.856000000000000000e+03
1.136250000000000593e-01,1.585467714447038601e+00,1.021169995441164158e+00,1.039100000000000000e+04,6.692000000000000000e+03
1.137500000000000594e-01,1.610180599891652742e+00,9.976253644930047626e-01,1.055200000000000000e+04,6.538000000000000000e+03
1.138750000000000595e-01,1.635159253932590095e+00,9.772755658066272222e-01,1.071600000000000000e+04,6.405000000000000000e+03
1.140000000000000596e-01,1.661108683913773199e+00,9.610101651061169203e-01,1.088600000000000000e+04,6.298000000000000000e+03
1.141250000000000597e-01,1.686894589552456969e+00,9.478638155253249487e-01,1.105500000000000000e+04,6.212000000000000000e+03
1.142500000000000598e-01,1.710845644593702142e+00,9.363180030665581022e-01,1.121200000000000000e+04,6.136000000000000000e+03
1.143750000000000600e-01,1.732721245931292176e+00,9.262679415654129222e-01,1.135600000000000000e+04,6.070000000000000000e+03
1.145000000000000601e-01,1.753914944472608983e+00,9.192256559690452633e-01,1.149400000000000000e+04,6.024000000000000000e+03
1.146250000000000602e-01,1.775644005688802096e+00,9.165088473145868164e-01,1.163700000000000000e+04,6.006000000000000000e+03
1.147500000000000603e-01,1.797360094113640283e+00,9.176514240882673867e-01,1.177900000000000000e+04,6.014000000000000000e+03
1.148750000000000604e-01,1.817342819143826782e+00,9.209965235462190813e-01,1.191000000000000000e+04,6.036000000000000000e+03
1.150000000000000605e-01,1.834744509133378498e+00,9.257413289634272013e-01,1.202400000000000000e+04,6.067000000000000000e+03
1.151250000000000606e-01,1.850562164957152644e+00,9.329086786833006295e-01,1.212800000000000000e+04,6.114000000000000000e+03
1.152500000000000607e-01,1.866335507197529386e+00,9.440453505882486773e-01,1.223100000000000000e+04,6.187000000000000000e+03
1.153750000000000608e-01,1.882179751241725096e+00,9.592546777255196444e-01,1.233500000000000000e+04,6.287000000000000000e+03
1.155000000000000610e-01,1.896582451100919497e+00,9.769938174243167905e-01,1.242900000000000000e+04,6.403000000000000000e+03
1.156250000000000611e-01,1.908214437958562604e+00,9.958847166148411256e-01,1.250600000000000000e+04,6.527000000000000000e+03
1.157500000000000612e-01,1.917519352830412638e+00,1.016304247879888045e+00,1.256700000000000000e+04,6.660000000000000000e+03
1.158750000000000613e-01,1.926120568431952673e+00,1.039791341659702884e+00,1.262300000000000000e+04,6.814000000000000000e+03
1.160000000000000614e-01,1.934776572072836709e+00,1.067003137129793888e+00,1.268000000000000000e+04,6.993000000000000000e+03
1.161250000000000615e-01,1.942409442415282461e+00,1.096743846396869726e+00,1.273000000000000000e+04,7.188000000000000000e+03
1.162500000000000616e-01,1.947406897216854116e+00,1.127267718032388677e+00,1.276300000000000000e+04,7.388000000000000000e+03
1.163750000000000617e-01,1.949589905764546716e+00,1.158247203950706572e+00,1.277700000000000000e+04,7.591000000000000000e+03
1.165000000000000618e-01,1.950415876815349669e+00,1.190977191247064138e+00,1.278200000000000000e+04,7.805000000000000000e+03
1.166250000000000620e-01,1.951168059882781414e+00,1.226565111454688273e+00,1.278700000000000000e+04,8.038000000000000000e+03
1.167500000000000621e-01,1.951365980848752013e+00,1.264342525969694764e+00,1.278800000000000000e+04,8.286000000000000000e+03
1.168750000000000622e-01,1.949358807928768034e+00,1.302459336957904279e+00,1.277500000000000000e+04,8.536000000000000000e+03
1.170000000000000623e-01,1.944369874039478807e+00,1.339929541246568379e+00,1.274300000000000000e+04,8.781000000000000000e+03
1.171250000000000624e-01,1.937468432219625392e+00,1.377603948401796119e+00,1.269700000000000000e+04,9.028000000000000000e+03
1.172500000000000625e-01,1.930267451406697088e+00,1.416869264039627652e+00,1.265000000000000000e+04,9.286000000000000000e+03
1.173750000000000626e-01,1.922956177578351911e+00,1.457681709812109982e+00,1.260200000000000000e+04,9.553000000000000000e+03
1.175000000000000627e-01,1.914096729629420013e+00,1.498364936177582374e+00,1.254400000000000000e+04,9.820000000000000000e+03
1.176250000000000628e-01,1.902434810844100044e+00,1.537421865584634562e+00,1.246800000000000000e+04,1.007600000000000000e+04
1.177500000000000629e-01,1.888489000187855371e+00,1.575125302977802288e+00,1.237600000000000000e+04,1.032300000000000000e+04
1.178750000000000631e-01,1.873957436836795498e+00,1.612925800301699519e+00,1.228100000000000000e+04,1.057000000000000000e+04
1.180000000000000632e-01,1.859672971300353028e+00,1.651408102301611835e+00,1.218800000000000000e+04,1.082300000000000000e+04
1.181250000000000633e-01,1.844631397567319198e+00,1.689320581555611600e+00,1.208900000000000000e+04,1.107100000000000000e+04
1.182500000000000634e-01,1.827293281573973749e+00,1.724878310972288498e+00,1.197500000000000000e+04,1.130400000000000000e+04
1.183750000000000635e-01,1.807551324831210726e+00,1.757731627664352647e+00,1.184600000000000000e+04,1.151900000000000000e+04
1.185000000000000636e-01,1.786933348330427718e+00,1.789170285410353056e+00,1.171100000000000000e+04,1.172600000000000000e+04
1.186250000000000637e-01,1.766791443961538421e+00,1.820313778478222622e+00,1.157900000000000000e+04,1.193000000000000000e+04
1.187500000000000638e-01,1.746712223881023096e+00,1.850522661049869066e+00,1.144700000000000000e+04,1.212800000000000000e+04
1.188750000000000639e-01,1.725109938694230793e+00,1.877992785653762153e+00,1.130600000000000000e+04,1.230800000000000000e+04
1.190000000000000641e-01,1.701270833696684415e+00,1.901800610209687825e+00,1.114900000000000000e+04,1.246400000000000000e+04
1.191250000000000642e-01,1.676324661719787557e+00,1.922875756056939833e+00,1.098600000000000000e+04,1.260200000000000000e+04
1.192500000000000643e-01,1.651942334972579030e+00,1.942699473285047551e+00,1.082600000000000000e+04,1.273200000000000000e+04
1.193750000000000644e-01,1.628368251872934325e+00,1.961337916649903423e+00,1.067200000000000000e+04,1.285400000000000000e+04
1.195000000000000645e-01,1.604216772975919136e+00,1.977239282668250997e+00,1.051300000000000000e+04,1.295800000000000000e+04
1.196250000000000646e-01,1.578282709355572244e+00,1.989045132276633598e+00,1.034300000000000000e+04,1.303500000000000000e+04
1.197500000000000647e-01,1.551130519427757815e+00,1.997180084835956215e+00,1.016500000000000000e+04,1.308900000000000000e+04
1.198750000000000648e-01,1.524500784423891808e+00,2.003258997067371094e+00,9.991000000000000000e+03,1.312900000000000000e+04
1.200000000000000649e-01,1.499265291697701841e+00,2.008042371461617126e+00,9.826000000000000000e+03,1.316000000000000000e+04
1.201250000000000651e-01,1.474455074490070183e+00,2.010464955708793688e+00,9.663000000000000000e+03,1.317600000000000000e+04
1.202500000000000652e-01,1.448562200073272077e+00,2.008937679480725880e+00,9.493000000000000000e+03,1.316600000000000000e+04
1.203750000000000653e-01,1.421506960102937311e+00,2.003315250947488302e+00,9.316000000000000000e+03,1.312900000000000000e+04
1.205000000000000654e-01,1.394840842185794516e+00,1.995099099905047746e+00,9.141000000000000000e+03,1.307500000000000000e+04
1.206250000000000655e-01,1.369935529321262058e+00,1.985626623637396060e+00,8.978000000000000000e+03,1.301300000000000000e+04
1.207500000000000656e-01,1.346393165059742936e+00,1.974481249695334117e+00,8.824000000000000000e+03,1.294000000000000000e+04
1.208750000000000657e-01,1.322639342933626949e+00,1.960085509323707287e+00,8.668000000000000000e+03,1.284600000000000000e+04
1.210000000000000658e-01,1.297967506406820792e+00,1.941745067883605458e+00,8.506000000000000000e+03,1.272500000000000000e+04
1.211250000000000659e-01,1.273510357830168305e+00,1.920620056287874577e+00,8.346000000000000000e+03,1.258700000000000000e+04
1.212500000000000661e-01,1.250937581348803729e+00,1.898422267500264216e+00,8.198000000000000000e+03,1.244200000000000000e+04
1.213750000000000662e-01,1.230488092028637404e+00,1.875447171068731489e+00,8.064000000000000000e+03,1.229100000000000000e+04
1.215000000000000663e-01,1.210766609303985275e+00,1.850369816774855458e+00,7.935000000000000000e+03,1.212700000000000000e+04
1.216250000000000664e-01,1.190554094836984378e+00,1.822054888673334094e+00,7.802000000000000000e+03,1.194100000000000000e+04
1.217500000000000665e-01,1.170397072077656642e+00,1.791145227859712641e+00,7.670000000000000000e+03,1.173800000000000000e+04
1.218750000000000666e-01,1.152014079053990336e+00,1.759467763258965922e+00,7.550000000000000000e+03,1.153100000000000000e+04
1.220000000000000667e-01,1.136250898081943683e+00,1.727987836469997207e+00,7.447000000000000000e+03,1.132500000000000000e+04
1.221250000000000668e-01,1.122108600992696159e+00,1.695836600779670800e+00,7.354000000000000000e+03,1.111400000000000000e+04
1.222500000000000669e-01,1.108045505497345262e+00,1.661611985603136610e+00,7.262000000000000000e+03,1.089000000000000000e+04
1.223750000000000671e-01,1.093944399102036114e+00,1.625345166531732222e+00,7.169000000000000000e+03,1.065200000000000000e+04
1.225000000000000672e-01,1.081315698590802121e+00,1.588702668466067891e+00,7.087000000000000000e+03,1.041200000000000000e+04
1.226250000000000673e-01,1.071486510733264286e+00,1.553174583556265587e+00,7.022000000000000000e+03,1.017900000000000000e+04
1.227500000000000674e-01,1.064011102683152243e+00,1.518483944572040834e+00,6.973000000000000000e+03,9.952000000000000000e+03
1.228750000000000675e-01,1.057263979632888207e+00,1.483178891401794708e+00,6.929000000000000000e+03,9.720000000000000000e+03
1.230000000000000676e-01,1.050484504741485914e+00,1.446676177606456948e+00,6.884000000000000000e+03,9.481000000000000000e+03
1.231250000000000677e-01,1.044748422187290249e+00,1.410231735725545832e+00,6.847000000000000000e+03,9.242000000000000000e+03
1.232500000000000678e-01,1.041665812019910264e+00,1.375637526793052512e+00,6.827000000000000000e+03,9.015000000000000000e+03
1.233750000000000679e-01,1.041413477848879721e+00,1.343252946270403925e+00,6.825000000000000000e+03,8.803000000000000000e+03
1.235000000000000681e-01,1.042531761279960056e+00,1.311800565086010728e+00,6.832000000000000000e+03,8.597000000000000000e+03
1.236250000000000682e-01,1.043735141085278650e+00,1.280175745894431394e+00,6.840000000000000000e+03,8.390000000000000000e+03
1.237500000000000683e-01,1.045501799760362172e+00,1.249035191076061313e+00,6.852000000000000000e+03,8.186000000000000000e+03
1.238750000000000684e-01,1.049480258370933727e+00,1.220202616126931039e+00,6.878000000000000000e+03,7.997000000000000000e+03
1.240000000000000685e-01,1.056444856156926404e+00,1.194623286950416086e+00,6.924000000000000000e+03,7.829000000000000000e+03
1.241250000000000686e-01,1.065323996298559228e+00,1.171391347477250378e+00,6.982000000000000000e+03,7.677000000000000000e+03
1.242500000000000687e-01,1.074502351924173649e+00,1.149051179060661010e+00,7.042000000000000000e+03,7.530000000000000000e+03
1.243750000000000688e-01,1.083788306549459346e+00,1.127563986697327492e+00,7.103000000000000000e+03,7.390000000000000000e+03
1.245000000000000689e-01,1.094617359807511958e+00,1.108510470936955095e+00,7.174000000000000000e+03,7.265000000000000000e+03
1.246250000000000691e-01,1.108241417966922659e+00,1.093279347029800785e+00,7.263000000000000000e+03,7.165000000000000000e+03
1.247500000000000692e-01,1.124139504078969010e+00,1.081477448420567811e+00,7.367000000000000000e+03,7.088000000000000000e+03
1.248750000000000693e-01,1.140611075861657664e+00,1.071522372916148491e+00,7.475000000000000000e+03,7.022000000000000000e+03
1.250000000000000555e-01,1.156820875856121367e+00,1.062686864719935897e+00,7.581000000000000000e+03,6.964000000000000000e+03
1.251250000000000695e-01,1.173770702128146937e+00,1.056070027398342104e+00,7.692000000000000000e+03,6.921000000000000000e+03
1.252500000000000835e-01,1.192997580926009826e+00,1.053295175076036427e+00,7.818000000000000000e+03,6.903000000000000000e+03
1.253750000000000697e-01,1.214606406342200629e+00,1.054542039883035631e+00,7.960000000000000000e+03,6.911000000000000000e+03
1.255000000000000560e-01,1.237066957386153243e+00,1.058343618965497779e+00,8.107000000000000000e+03,6.936000000000000000e+03
1.256250000000000699e-01,1.259024750300299811e+00,1.063396728614627751e+00,8.251000000000000000e+03,6.969000000000000000e+03
1.257500000000000839e-01,1.280890790026828485e+00,1.070151738351204251e+00,8.394000000000000000e+03,7.013000000000000000e+03
1.258750000000000702e-01,1.304248456204787798e+00,1.080219298064074351e+00,8.548000000000000000e+03,7.079000000000000000e+03
1.260000000000000564e-01,1.329809147622114551e+00,1.094326115578565295e+00,8.715000000000000000e+03,7.172000000000000000e+03
1.261250000000000704e-01,1.356440773990157833e+00,1.111343430895570306e+00,8.890000000000000000e+03,7.283000000000000000e+03
1.262500000000000844e-01,1.382470104654031973e+00,1.129589642955175277e+00,9.060000000000000000e+03,7.403000000000000000e+03
1.263750000000000706e-01,1.407650446814200595e+00,1.148798110308770326e+00,9.225000000000000000e+03,7.529000000000000000e+03
1.265000000000000568e-01,1.433365170007190326e+00,1.170321089801918735e+00,9.394000000000000000e+03,7.670000000000000000e+03
1.266250000000000708e-01,1.460817223195892023e+00,1.195319511482798136e+00,9.574000000000000000e+03,7.834000000000000000e+03
1.267500000000000848e-01,1.489439938209434544e+00,1.223174320604375254e+00,9.761000000000000000e+03,8.016000000000000000e+03
1.268750000000000711e-01,1.517490560142965350e+00,1.252080393435333061e+00,9.945000000000000000e+03,8.206000000000000000e+03
1.270000000000000573e-01,1.544095164161688682e+00,1.281092102488454954e+00,1.011900000000000000e+04,8.396000000000000000e+03
1.271250000000000713e-01,1.570220621988656307e+00,1.311095785278203918e+00,1.029100000000000000e+04,8.592000000000000000e+03
1.272500000000000853e-01,1.597372813712161665e+00,1.343508697557380893e+00,1.046900000000000000e+04,8.805000000000000000e+03
1.273750000000000715e-01,1.625629444037930860e+00,1.378312435266694447e+00,1.065400000000000000e+04,9.033000000000000000e+03
1.275000000000000577e-01,1.653437070505299422e+00,1.413850778370434824e+00,1.083600000000000000e+04,9.266000000000000000e+03
1.276250000000000717e-01,1.679422110969261528e+00,1.448641391659578836e+00,1.100600000000000000e+04,9.494000000000000000e+03
1.277500000000000857e-01,1.703980578047662231e+00,1.482966428679687310e+00,1.116700000000000000e+04,9.719000000000000000e+03
1.278750000000000719e-01,1.728685096896847240e+00,1.518280312651352437e+00,1.132900000000000000e+04,9.950000000000000000e+03
1.280000000000000582e-01,1.754240504677742507e+00,1.555166237909848093e+00,1.149700000000000000e+04,1.019200000000000000e+04
1.281250000000000722e-01,1.779512449048615830e+00,1.592365581992148060e+00,1.166200000000000000e+04,1.043600000000000000e+04
1.282500000000000862e-01,1.802829664470622539e+00,1.628081094497120240e+00,1.181500000000000000e+04,1.067000000000000000e+04
1.283750000000000724e-01,1.823951730725989373e+00,1.661945499155252914e+00,1.195300000000000000e+04,1.089200000000000000e+04
1.285000000000000586e-01,1.844272498466812182e+00,1.695225820563697194e+00,1.208700000000000000e+04,1.111000000000000000e+04
1.286250000000000726e-01,1.865009659147270238e+00,1.729013806498473915e+00,1.222300000000000000e+04,1.133100000000000000e+04
1.287500000000000866e-01,1.885615424229686310e+00,1.762637475455200997e+00,1.235800000000000000e+04,1.155200000000000000e+04
1.288750000000000728e-01,1.904370080279881305e+00,1.794255511682090409e+00,1.248000000000000000e+04,1.175900000000000000e+04
1.290000000000000591e-01,1.920426757778611604e+00,1.822902848949118804e+00,1.258600000000000000e+04,1.194700000000000000e+04
1.291250000000000731e-01,1.934783393817466335e+00,1.849463439823591626e+00,1.268000000000000000e+04,1.212100000000000000e+04
1.292500000000000870e-01,1.948980773996756399e+00,1.875369040048423308e+00,1.277300000000000000e+04,1.229000000000000000e+04
1.293750000000000733e-01,1.963135316411849907e+00,1.900632745678240143e+00,1.286600000000000000e+04,1.245600000000000000e+04
1.295000000000000595e-01,1.975735910160678177e+00,1.923646484347658170e+00,1.294800000000000000e+04,1.260700000000000000e+04
1.296250000000000735e-01,1.985454862454426816e+00,1.942992643342022818e+00,1.301200000000000000e+04,1.273400000000000000e+04
1.297500000000000875e-01,1.992737425924024919e+00,1.959034144949763467e+00,1.306000000000000000e+04,1.283900000000000000e+04
1.298750000000000737e-01,1.999208728637703159e+00,1.973321968240830726e+00,1.310200000000000000e+04,1.293200000000000000e+04
1.300000000000000600e-01,2.005629151581438396e+00,1.986550957466280742e+00,1.314400000000000000e+04,1.301900000000000000e+04
1.301250000000000739e-01,2.010922813067200554e+00,1.997588794166683668e+00,1.317900000000000000e+04,1.309100000000000000e+04
1.302500000000000879e-01,2.013479610982808143e+00,2.004778343662294127e+00,1.319600000000000000e+04,1.313900000000000000e+04
1.303750000000000742e-01,2.013122842288100234e+00,2.007905645823464535e+00,1.319300000000000000e+04,1.315900000000000000e+04
1.305000000000000604e-01,2.011312385365623623e+00,2.008403268500574157e+00,1.318100000000000000e+04,1.316200000000000000e+04
1.306250000000000744e-01,2.009334107693820926e+00,2.007539960467543239e+00,1.316800000000000000e+04,1.315700000000000000e+04
1.307500000000000884e-01,2.006710295756749751e+00,2.004831115976789757e+00,1.315100000000000000e+04,1.313900000000000000e+04
1.308750000000000746e-01,2.001793026634250960e+00,1.998632259052236959e+00,1.311900000000000000e+04,1.309800000000000000e+04
1.310000000000000608e-01,1.993808684541214404e+00,1.988183458241568280e+00,1.306700000000000000e+04,1.303000000000000000e+04
1.311250000000000748e-01,1.983829721028924853e+00,1.974581063561847039e+00,1.300100000000000000e+04,1.294100000000000000e+04
1.312500000000000888e-01,1.973472444796858349e+00,1.959475261358976761e+00,1.293300000000000000e+04,1.284200000000000000e+04
1.313750000000000751e-01,1.962929586689488248e+00,1.943102479956980932e+00,1.286400000000000000e+04,1.273400000000000000e+04
1.315000000000000613e-01,1.950766889465541221e+00,1.924081617757256835e+00,1.278500000000000000e+04,1.261000000000000000e+04
1.316250000000000753e-01,1.935733822125648596e+00,1.901224465262087326e+00,1.268600000000000000e+04,1.246000000000000000e+04
1.317500000000000893e-01,1.918352864950326309e+00,1.875124511196241128e+00,1.257200000000000000e+04,1.228900000000000000e+04
1.318750000000000755e-01,1.900326195815818409e+00,1.847563209901276204e+00,1.245400000000000000e+04,1.210800000000000000e+04
1.320000000000000617e-01,1.882490834919043676e+00,1.819464542166078003e+00,1.233700000000000000e+04,1.192400000000000000e+04
1.321250000000000757e-01,1.863846877577883143e+00,1.789922711893584539e+00,1.221500000000000000e+04,1.173000000000000000e+04
1.322500000000000897e-01,1.842859316164942030e+00,1.757503293937168865e+00,1.207700000000000000e+04,1.151800000000000000e+04
1.323750000000000759e-01,1.819425403202398650e+00,1.722209956112642049e+00,1.192400000000000000e+04,1.128700000000000000e+04
1.325000000000000622e-01,1.795077628608693576e+00,1.685686689078712552e+00,1.176400000000000000e+04,1.104700000000000000e+04
1.326250000000000762e-01,1.771172869351525625e+00,1.649406224803055876e+00,1.160800000000000000e+04,1.081000000000000000e+04
1.327500000000000902e-01,1.747302632050448779e+00,1.613079477225853875e+00,1.145100000000000000e+04,1.057100000000000000e+04
1.328750000000000764e-01,1.721886168124391103e+00,1.575247853209571058e+00,1.128500000000000000e+04,1.032400000000000000e+04
1.330000000000000626e-01,1.694214823184684082e+00,1.535326765440112373e+00,1.110300000000000000e+04,1.006200000000000000e+04
1.331250000000000766e-01,1.665423545550471784e+00,1.494576282687499535e+00,1.091500000000000000e+04,9.795000000000000000e+03
1.332500000000000906e-01,1.637188531188883411e+00,1.454797924577692969e+00,1.072900000000000000e+04,9.534000000000000000e+03
1.333750000000000768e-01,1.609759544904430406e+00,1.416366090853606874e+00,1.055000000000000000e+04,9.282000000000000000e+03
1.335000000000000631e-01,1.581756389348315750e+00,1.378023687783624274e+00,1.036600000000000000e+04,9.031000000000000000e+03
1.336250000000000770e-01,1.551979386443234299e+00,1.338691705331996662e+00,1.017100000000000000e+04,8.773000000000000000e+03
1.337500000000000910e-01,1.520998567310178018e+00,1.299057593167602720e+00,9.968000000000000000e+03,8.514000000000000000e+03
1.338750000000000773e-01,1.490560139478431800e+00,1.260980833115936450e+00,9.769000000000000000e+03,8.264000000000000000e+03
1.340000000000000635e-01,1.461541563365951868e+00,1.225447250895881579e+00,9.578000000000000000e+03,8.031000000000000000e+03
1.341250000000000775e-01,1.432979582493803195e+00,1.191596182867743270e+00,9.391000000000000000e+03,7.809000000000000000e+03
1.342500000000000915e-01,1.403372004925229621e+00,1.158021561290409673e+00,9.197000000000000000e+03,7.589000000000000000e+03
1.343750000000000777e-01,1.372644882814148426e+00,1.124738282959398372e+00,8.996000000000000000e+03,7.371000000000000000e+03
1.345000000000000639e-01,1.342355477444535872e+00,1.093384564452398289e+00,8.797000000000000000e+03,7.166000000000000000e+03
1.346250000000000779e-01,1.313881246661204649e+00,1.065410191444916554e+00,8.611000000000000000e+03,6.982000000000000000e+03
1.347500000000000919e-01,1.286830103737441666e+00,1.040486270016206971e+00,8.433000000000000000e+03,6.819000000000000000e+03
1.348750000000000782e-01,1.259633393645924748e+00,1.017097556341785447e+00,8.255000000000000000e+03,6.666000000000000000e+03
1.350000000000000644e-01,1.231590287018678787e+00,9.945864588084595281e-01,8.071000000000000000e+03,6.518000000000000000e+03
1.351250000000000784e-01,1.203839174864703265e+00,9.741238944921429832e-01,7.889000000000000000e+03,6.384000000000000000e+03
1.352500000000000924e-01,1.178055385855445447e+00,9.574067411165562147e-01,7.721000000000000000e+03,6.274000000000000000e+03
1.353750000000000786e-01,1.154483420218245904e+00,9.446896555079788982e-01,7.566000000000000000e+03,6.191000000000000000e+03
1.355000000000000648e-01,1.131733517998950500e+00,9.345815109039525836e-01,7.417000000000000000e+03,6.125000000000000000e+03
1.356250000000000788e-01,1.108592080788010747e+00,9.258555378158589422e-01,7.265000000000000000e+03,6.068000000000000000e+03
1.357500000000000928e-01,1.085610986601904360e+00,9.190386470405049746e-01,7.115000000000000000e+03,6.023000000000000000e+03
1.358750000000000790e-01,1.064514025745700421e+00,9.158177280297257195e-01,6.976000000000000000e+03,6.002000000000000000e+03
1.360000000000000653e-01,1.046152126421554973e+00,9.169950231554095943e-01,6.856000000000000000e+03,6.010000000000000000e+03
1.361250000000000793e-01,1.029531382349984536e+00,9.215161668002253004e-01,6.747000000000000000e+03,6.039000000000000000e+03
1.362500000000000933e-01,1.013115005680222502e+00,9.277724255728460045e-01,6.640000000000000000e+03,6.080000000000000000e+03
1.363750000000000795e-01,9.967905327472204036e-01,9.355680667314040244e-01,6.533000000000000000e+03,6.131000000000000000e+03
1.365000000000000657e-01,9.820729808153562113e-01,9.463239357064403556e-01,6.436000000000000000e+03,6.202000000000000000e+03
1.366250000000000797e-01,9.702938902100016749e-01,9.612668108938355882e-01,6.359000000000000000e+03,6.300000000000000000e+03
1.367500000000000937e-01,9.610117927588939235e-01,9.798404179794170110e-01,6.298000000000000000e+03,6.421000000000000000e+03
1.368750000000000799e-01,9.526052705941465693e-01,1.000298946755928675e+00,6.243000000000000000e+03,6.556000000000000000e+03
1.370000000000000662e-01,9.443175749673466957e-01,1.021752329531557812e+00,6.189000000000000000e+03,6.696000000000000000e+03
1.371250000000000802e-01,9.372281303219902604e-01,1.045138340564871537e+00,6.142000000000000000e+03,6.849000000000000000e+03
1.372500000000000941e-01,9.329504889353933406e-01,1.071921309835314196e+00,6.114000000000000000e+03,7.025000000000000000e+03
1.373750000000000804e-01,9.316646996519042379e-01,1.102125213266129222e+00,6.106000000000000000e+03,7.223000000000000000e+03
1.375000000000000666e-01,9.319141230656131647e-01,1.134131329921612474e+00,6.107000000000000000e+03,7.433000000000000000e+03
1.376250000000000806e-01,9.324160119169190297e-01,1.166489655808963910e+00,6.111000000000000000e+03,7.645000000000000000e+03
1.377500000000000946e-01,9.336510793987758960e-01,1.199509378326028664e+00,6.119000000000000000e+03,7.861000000000000000e+03
1.378750000000000808e-01,9.372701155711855581e-01,1.234666421085168775e+00,6.142000000000000000e+03,8.092000000000000000e+03
1.380000000000000671e-01,9.440494697574690619e-01,1.272559876123686484e+00,6.187000000000000000e+03,8.340000000000000000e+03
1.381250000000000810e-01,9.529192783785881415e-01,1.311941235893723023e+00,6.245000000000000000e+03,8.598000000000000000e+03
1.382500000000000950e-01,9.622656748283797690e-01,1.351017574929223919e+00,6.306000000000000000e+03,8.854000000000000000e+03
1.383750000000000813e-01,9.718982126412568645e-01,1.389420031719223347e+00,6.369000000000000000e+03,9.106000000000000000e+03
1.385000000000000675e-01,9.832532761875959482e-01,1.428408190722661120e+00,6.444000000000000000e+03,9.361000000000000000e+03
1.386250000000000815e-01,9.975833547372627841e-01,1.469060447006567349e+00,6.538000000000000000e+03,9.628000000000000000e+03
1.387500000000000955e-01,1.014367758684633136e+00,1.510685670618484799e+00,6.648000000000000000e+03,9.900000000000000000e+03
1.388750000000000817e-01,1.031905921947765314e+00,1.551417607753845296e+00,6.763000000000000000e+03,1.016700000000000000e+04
1.390000000000000679e-01,1.049362259318828094e+00,1.590260640646433465e+00,6.877000000000000000e+03,1.042200000000000000e+04
1.391250000000000819e-01,1.067737922798747352e+00,1.628062626709510630e+00,6.998000000000000000e+03,1.067000000000000000e+04
1.392500000000000959e-01,1.088568982558688170e+00,1.666213914770117821e+00,7.134000000000000000e+03,1.092000000000000000e+04
1.393750000000000822e-01,1.111959053493262406e+00,1.704681014361529634e+00,7.287000000000000000e+03,1.117200000000000000e+04
1.395000000000000684e-01,1.136376321689720692e+00,1.741804369810609820e+00,7.447000000000000000e+03,1.141500000000000000e+04
1.396250000000000824e-01,1.160464385026553247e+00,1.776110179984553561e+00,7.605000000000000000e+03,1.164000000000000000e+04
1.397500000000000964e-01,1.184632015100499425e+00,1.807900801537833058e+00,7.764000000000000000e+03,1.184800000000000000e+04
1.398750000000000826e-01,1.210460033020340109e+00,1.838662517843641098e+00,7.933000000000000000e+03,1.205000000000000000e+04
1.400000000000000688e-01,1.238656965343641447e+00,1.869021713488163483e+00,8.118000000000000000e+03,1.224900000000000000e+04
1.401250000000000828e-01,1.268087527273246584e+00,1.897774143781436607e+00,8.311000000000000000e+03,1.243700000000000000e+04
1.402500000000000968e-01,1.297074983825781125e+00,1.923187677825961117e+00,8.501000000000000000e+03,1.260400000000000000e+04
1.403750000000000830e-01,1.325368821200472391e+00,1.944970630640678433e+00,8.686000000000000000e+03,1.274700000000000000e+04
1.405000000000000693e-01,1.354348284628615673e+00,1.964475535262175665e+00,8.876000000000000000e+03,1.287400000000000000e+04
1.406250000000000833e-01,1.385211890422144210e+00,1.982889173758492829e+00,9.078000000000000000e+03,1.299500000000000000e+04
1.407500000000000973e-01,1.417388243620089527e+00,1.999643473664446613e+00,9.289000000000000000e+03,1.310500000000000000e+04
1.408750000000000835e-01,1.449129565228743477e+00,2.013009399047948289e+00,9.497000000000000000e+03,1.319200000000000000e+04
1.410000000000000697e-01,1.479556623985702313e+00,2.022141801165853625e+00,9.696000000000000000e+03,1.325200000000000000e+04
1.411250000000000837e-01,1.509630701626748506e+00,2.028051582266278796e+00,9.894000000000000000e+03,1.329100000000000000e+04
1.412500000000000977e-01,1.540851820312239884e+00,2.032303681085908753e+00,1.009800000000000000e+04,1.331900000000000000e+04
1.413750000000000839e-01,1.573291559636388781e+00,2.035049916398719905e+00,1.031100000000000000e+04,1.333700000000000000e+04
1.415000000000000702e-01,1.605390101017978077e+00,2.034825631296273141e+00,1.052100000000000000e+04,1.333500000000000000e+04
1.416250000000000842e-01,1.635767237940612295e+00,2.030360554887844060e+00,1.072000000000000000e+04,1.330600000000000000e+04
1.417500000000000981e-01,1.664812127016557231e+00,2.022168001250559399e+00,1.091100000000000000e+04,1.325200000000000000e+04
1.418750000000000844e-01,1.694090310527739396e+00,2.011951568986591443e+00,1.110200000000000000e+04,1.318600000000000000e+04
1.420000000000000706e-01,1.724299332829983822e+00,2.000560063123131727e+00,1.130000000000000000e+04,1.311100000000000000e+04
1.421250000000000846e-01,1.754297345605791536e+00,1.987015607311480636e+00,1.149700000000000000e+04,1.302200000000000000e+04
1.422500000000000986e-01,1.782405401301641268e+00,1.969815113237303184e+00,1.168100000000000000e+04,1.290900000000000000e+04
1.423750000000000848e-01,1.808375220371751357e+00,1.948897392789413097e+00,1.185100000000000000e+04,1.277200000000000000e+04
1.425000000000000711e-01,1.833592634017669365e+00,1.925845663119381657e+00,1.201700000000000000e+04,1.262100000000000000e+04
1.426250000000000850e-01,1.859267164764148106e+00,1.902076321702588668e+00,1.218500000000000000e+04,1.246500000000000000e+04
1.427500000000000990e-01,1.884842722776555624e+00,1.877248609874479834e+00,1.235300000000000000e+04,1.230300000000000000e+04
1.428750000000000853e-01,1.908591173452988343e+00,1.849857239362546535e+00,1.250800000000000000e+04,1.212300000000000000e+04
1.430000000000000715e-01,1.929657123124510099e+00,1.819276070956181046e+00,1.264600000000000000e+04,1.192300000000000000e+04
1.431250000000000855e-01,1.949029896019542907e+00,1.786729032781559701e+00,1.277300000000000000e+04,1.171000000000000000e+04
1.432500000000000995e-01,1.968241592682919094e+00,1.753987020159230470e+00,1.289900000000000000e+04,1.149500000000000000e+04
1.433750000000000857e-01,1.987399889903411765e+00,1.721399539790973821e+00,1.302500000000000000e+04,1.128100000000000000e+04
1.435000000000000719e-01,2.004984895229147579e+00,1.687690378288679627e+00,1.314000000000000000e+04,1.106000000000000000e+04
1.436250000000000859e-01,2.019660111578069461e+00,1.651767336815812115e+00,1.323600000000000000e+04,1.082500000000000000e+04
1.437500000000000999e-01,2.031861979892760850e+00,1.614310585313195379e+00,1.331600000000000000e+04,1.058000000000000000e+04
1.438750000000000862e-01,2.043206828087354765e+00,1.577178331847354897e+00,1.339000000000000000e+04,1.033600000000000000e+04
1.440000000000000724e-01,2.054446263073209877e+00,1.541361049089462698e+00,1.346400000000000000e+04,1.010100000000000000e+04
1.441250000000000864e-01,2.064495675382336248e+00,1.506008675576344658e+00,1.353000000000000000e+04,9.870000000000000000e+03
1.442500000000001004e-01,2.071736295018743679e+00,1.469731554019692021e+00,1.357700000000000000e+04,9.632000000000000000e+03
1.443750000000000866e-01,2.075982832300284908e+00,1.432566771615185974e+00,1.360500000000000000e+04,9.388000000000000000e+03
1.445000000000000728e-01,2.078686672730646556e+00,1.396180309752118376e+00,1.362300000000000000e+04,9.150000000000000000e+03
1.446250000000000868e-01,2.081125306981141065e+00,1.362055203056356856e+00,1.363900000000000000e+04,8.926000000000000000e+03
1.447500000000001008e-01,2.082812772112375477e+00,1.329901030926176730e+00,1.365000000000000000e+04,8.716000000000000000e+03
1.448750000000000870e-01,2.082093046258203906e+00,1.298246097242044872e+00,1.364500000000000000e+04,8.508000000000000000e+03
1.450000000000000733e-01,2.078184575145066049e+00,1.266481123987148960e+00,1.362000000000000000e+04,8.300000000000000000e+03
1.451250000000000873e-01,2.072152055987026120e+00,1.235829901552041532e+00,1.358000000000000000e+04,8.099000000000000000e+03
1.452500000000001013e-01,2.065604235832283475e+00,1.208046390022086802e+00,1.353700000000000000e+04,7.917000000000000000e+03
1.453750000000000875e-01,2.058726500660432723e+00,1.183446279994289752e+00,1.349200000000000000e+04,7.756000000000000000e+03
1.455000000000000737e-01,2.050077472138419843e+00,1.160703044482195523e+00,1.343500000000000000e+04,7.607000000000000000e+03
1.456250000000000877e-01,2.038399746257787637e+00,1.138657776504511165e+00,1.335900000000000000e+04,7.462000000000000000e+03
1.457500000000001017e-01,2.024209183719067884e+00,1.117908100139152872e+00,1.326600000000000000e+04,7.326000000000000000e+03
1.458750000000000879e-01,2.009201620565525648e+00,1.100214126785845181e+00,1.316800000000000000e+04,7.210000000000000000e+03
1.460000000000000742e-01,1.994208016535407912e+00,1.086453399658106722e+00,1.306900000000000000e+04,7.120000000000000000e+03
1.461250000000000882e-01,1.978222711985333282e+00,1.075648559561255491e+00,1.296400000000000000e+04,7.049000000000000000e+03
1.462500000000001021e-01,1.959705251666723935e+00,1.066269146627248032e+00,1.284300000000000000e+04,6.988000000000000000e+03
1.463750000000000884e-01,1.938547771547182608e+00,1.058198572505602009e+00,1.270400000000000000e+04,6.935000000000000000e+03
1.465000000000000746e-01,1.916277976063741617e+00,1.052937259979943363e+00,1.255900000000000000e+04,6.901000000000000000e+03
1.466250000000000886e-01,1.894248310905556343e+00,1.051791587370636272e+00,1.241400000000000000e+04,6.893000000000000000e+03
1.467500000000001026e-01,1.872046203751684290e+00,1.054284474782495984e+00,1.226900000000000000e+04,6.909000000000000000e+03
1.468750000000000888e-01,1.848087201755306497e+00,1.058748485420895946e+00,1.211200000000000000e+04,6.939000000000000000e+03
1.470000000000000751e-01,1.821659317180225779e+00,1.064370694781568982e+00,1.193800000000000000e+04,6.975000000000000000e+03
1.471250000000000890e-01,1.793894557270470758e+00,1.072164378609755664e+00,1.175600000000000000e+04,7.027000000000000000e+03
1.472500000000001030e-01,1.766466563538628076e+00,1.083667344918597619e+00,1.157700000000000000e+04,7.102000000000000000e+03
1.473750000000000893e-01,1.739622953144040807e+00,1.098974625784764347e+00,1.140100000000000000e+04,7.202000000000000000e+03
1.475000000000000755e-01,1.711981780368579953e+00,1.116535788263353979e+00,1.122000000000000000e+04,7.317000000000000000e+03
1.476250000000000895e-01,1.682342036892074510e+00,1.134965971526962880e+00,1.102500000000000000e+04,7.438000000000000000e+03
1.477500000000001035e-01,1.651272832333353202e+00,1.154636057725545450e+00,1.082200000000000000e+04,7.567000000000000000e+03
1.478750000000000897e-01,1.620519878811028658e+00,1.177079870130616435e+00,1.062000000000000000e+04,7.714000000000000000e+03
1.480000000000000759e-01,1.590960556233317336e+00,1.202950350744937724e+00,1.042700000000000000e+04,7.884000000000000000e+03
1.481250000000000899e-01,1.561631958213359761e+00,1.231048483137631377e+00,1.023400000000000000e+04,8.068000000000000000e+03
1.482500000000001039e-01,1.531032660576811200e+00,1.259626273722859846e+00,1.003400000000000000e+04,8.255000000000000000e+03
1.483750000000000902e-01,1.499089914826475578e+00,1.288354968705764048e+00,9.824000000000000000e+03,8.443000000000000000e+03
1.485000000000000764e-01,1.467362598589026623e+00,1.318529293967572125e+00,9.617000000000000000e+03,8.641000000000000000e+03
1.486250000000000904e-01,1.437230215056841010e+00,1.351257604720693006e+00,9.419000000000000000e+03,8.856000000000000000e+03
1.487500000000001044e-01,1.408303135698522501e+00,1.385873468792484964e+00,9.229000000000000000e+03,9.082000000000000000e+03
1.488750000000000906e-01,1.379015586531837867e+00,1.420529907361433475e+00,9.038000000000000000e+03,9.310000000000000000e+03
1.490000000000000768e-01,1.348670024473249462e+00,1.454245136259101567e+00,8.839000000000000000e+03,9.531000000000000000e+03
1.491250000000000908e-01,1.318408539962713899e+00,1.487875302631723740e+00,8.640000000000000000e+03,9.751000000000000000e+03
1.492500000000001048e-01,1.289910555311395646e+00,1.522813545193045126e+00,8.454000000000000000e+03,9.980000000000000000e+03
1.493750000000000910e-01,1.263425064338814297e+00,1.559023621106480961e+00,8.280000000000000000e+03,1.021700000000000000e+04
1.495000000000000773e-01,1.237567180510309672e+00,1.594837785452873913e+00,8.111000000000000000e+03,1.045200000000000000e+04
1.496250000000000913e-01,1.211128562194457192e+00,1.628768629427592263e+00,7.937000000000000000e+03,1.067400000000000000e+04
1.497500000000001052e-01,1.184666706383254109e+00,1.661099647760481135e+00,7.764000000000000000e+03,1.088600000000000000e+04
1.498750000000000915e-01,1.159911385844102583e+00,1.693293086407235748e+00,7.602000000000000000e+03,1.109700000000000000e+04
