sequence,conversion_trigger_host_us,ch0_raw,ch1_raw,ch0_adc_input_v,ch1_adc_input_v,ch0_myoware_raw_v_estimate,ch1_myoware_raw_v_estimate,adc_status,adc_crc,read_start_us,read_duration_us,elapsed_slots,active_mask,flags
1,928225,6554,13107,1.00006103515625,1.999969482421875,1.00006103515625,1.999969482421875,,,928232,24,1,3,0
2,928350,6554,13107,1.00006103515625,1.999969482421875,1.00006103515625,1.999969482421875,,,928357,24,1,3,0
3,928476,6554,13107,1.00006103515625,1.999969482421875,1.00006103515625,1.999969482421875,,,928483,23,1,3,0
4,928601,6554,13107,1.00006103515625,1.999969482421875,1.00006103515625,1.999969482421875,,,928608,24,1,3,0
5,928726,6554,13107,1.00006103515625,1.999969482421875,1.00006103515625,1.999969482421875,,,928733,24,1,3,0
6,928851,6554,13107,1.00006103515625,1.999969482421875,1.00006103515625,1.999969482421875,,,928858,24,1,3,0
7,928977,6554,13107,1.00006103515625,1.999969482421875,1.00006103515625,1.999969482421875,,,928984,23,1,3,0
8,929102,6554,13107,1.00006103515625,1.999969482421875,1.00006103515625,1.999969482421875,,,929109,24,1,3,0
9,929227,6554,13107,1.00006103515625,1.999969482421875,1.00006103515625,1.999969482421875,,,929234,24,1,3,0
10,929352,6554,13107,1.00006103515625,1.999969482421875,1.00006103515625,1.999969482421875,,,929359,24,1,3,0
11,929478,6554,13107,1.00006103515625,1.999969482421875,1.00006103515625,1.999969482421875,,,929485,23,1,3,0
12,929603,6554,13107,1.00006103515625,1.999969482421875,1.00006103515625,1.999969482421875,,,929610,24,1,3,0
13,929728,6554,13107,1.00006103515625,1.999969482421875,1.00006103515625,1.999969482421875,,,929735,24,1,3,0
14,929853,6554,13107,1.00006103515625,1.999969482421875,1.00006103515625,1.999969482421875,,,929860,24,1,3,0
15,929979,6554,13107,1.00006103515625,1.999969482421875,1.00006103515625,1.999969482421875,,,929986,23,1,3,0
16,930104,6554,13107,1.00006103515625,1.999969482421875,1.00006103515625,1.999969482421875,,,930111,24,1,3,0
17,930229,6554,13107,1.00006103515625,1.999969482421875,1.00006103515625,1.999969482421875,,,930236,24,1,3,0
18,930354,6554,13107,1.00006103515625,1.999969482421875,1.00006103515625,1.999969482421875,,,930361,24,1,3,0
19,930480,6554,13107,1.00006103515625,1.999969482421875,1.00006103515625,1.999969482421875,,,930487,23,1,3,0
20,930605,6554,13107,1.00006103515625,1.999969482421875,1.00006103515625,1.999969482421875,,,930612,24,1,3,0
21,930730,6554,13107,1.00006103515625,1.999969482421875,1.00006103515625,1.999969482421875,,,930737,24,1,3,0
22,930856,6554,13107,1.00006103515625,1.999969482421875,1.00006103515625,1.999969482421875,,,930863,23,1,3,0
23,930981,6554,13107,1.00006103515625,1.999969482421875,1.00006103515625,1.999969482421875,,,930988,23,1,3,0
24,931106,6554,13107,1.00006103515625,1.999969482421875,1.00006103515625,1.999969482421875,,,931113,24,1,3,0
25,931231,6554,13107,1.00006103515625,1.999969482421875,1.00006103515625,1.999969482421875,,,931238,24,1,3,0
26,931357,6554,13107,1.00006103515625,1.999969482421875,1.00006103515625,1.999969482421875,,,931364,23,1,3,0
27,931482,6554,13107,1.00006103515625,1.999969482421875,1.00006103515625,1.999969482421875,,,931489,23,1,3,0
28,931607,6554,13107,1.00006103515625,1.999969482421875,1.00006103515625,1.999969482421875,,,931614,24,1,3,0
29,931732,6554,13107,1.00006103515625,1.999969482421875,1.00006103515625,1.999969482421875,,,931739,24,1,3,0
30,931858,6554,13107,1.00006103515625,1.999969482421875,1.00006103515625,1.999969482421875,,,931865,23,1,3,0
31,931983,6554,13107,1.00006103515625,1.999969482421875,1.00006103515625,1.999969482421875,,,931990,23,1,3,0
32,932108,6554,13107,1.00006103515625,1.999969482421875,1.00006103515625,1.999969482421875,,,932115,24,1,3,0
33,932233,6554,13107,1.00006103515625,1.999969482421875,1.00006103515625,1.999969482421875,,,932240,24,1,3,0
34,932359,6554,13107,1.00006103515625,1.999969482421875,1.00006103515625,1.999969482421875,,,932366,23,1,3,0
35,932484,6554,13107,1.00006103515625,1.999969482421875,1.00006103515625,1.999969482421875,,,932491,23,1,3,0
36,932609,6554,13107,1.00006103515625,1.999969482421875,1.00006103515625,1.999969482421875,,,932616,26,1,3,0
37,932734,6554,13107,1.00006103515625,1.999969482421875,1.00006103515625,1.999969482421875,,,932741,24,1,3,0
38,932860,6554,13107,1.00006103515625,1.999969482421875,1.00006103515625,1.999969482421875,,,932867,23,1,3,0
39,932985,6554,13107,1.00006103515625,1.999969482421875,1.00006103515625,1.999969482421875,,,932992,23,1,3,0
40,933110,6554,13107,1.00006103515625,1.999969482421875,1.00006103515625,1.999969482421875,,,933117,24,1,3,0
41,933235,6554,13107,1.00006103515625,1.999969482421875,1.00006103515625,1.999969482421875,,,933242,24,1,3,0
42,933361,6554,13107,1.00006103515625,1.999969482421875,1.00006103515625,1.999969482421875,,,933368,23,1,3,0
43,933486,6554,13107,1.00006103515625,1.999969482421875,1.00006103515625,1.999969482421875,,,933493,23,1,3,0
44,933611,6554,13107,1.00006103515625,1.999969482421875,1.00006103515625,1.999969482421875,,,933618,26,1,3,0
45,933736,6554,13107,1.00006103515625,1.999969482421875,1.00006103515625,1.999969482421875,,,933743,24,1,3,0
46,933862,6554,13107,1.00006103515625,1.999969482421875,1.00006103515625,1.999969482421875,,,933869,23,1,3,0
47,933987,6554,13107,1.00006103515625,1.999969482421875,1.00006103515625,1.999969482421875,,,933994,23,1,3,0
48,934112,6554,13107,1.00006103515625,1.999969482421875,1.00006103515625,1.999969482421875,,,934119,24,1,3,0
49,934237,6554,13107,1.00006103515625,1.999969482421875,1.00006103515625,1.999969482421875,,,934244,24,1,3,0
50,934363,6554,13107,1.00006103515625,1.999969482421875,1.00006103515625,1.999969482421875,,,934370,23,1,3,0
51,934488,6554,13107,1.00006103515625,1.999969482421875,1.00006103515625,1.999969482421875,,,934495,23,1,3,0
52,934613,6554,13107,1.00006103515625,1.999969482421875,1.00006103515625,1.999969482421875,,,934620,24,1,3,0
53,934738,6554,13107,1.00006103515625,1.999969482421875,1.00006103515625,1.999969482421875,,,934745,24,1,3,0
54,934864,6554,13107,1.00006103515625,1.999969482421875,1.00006103515625,1.999969482421875,,,934871,23,1,3,0
55,934989,6554,13107,1.00006103515625,1.999969482421875,1.00006103515625,1.999969482421875,,,934996,23,1,3,0
56,935114,6554,13107,1.00006103515625,1.999969482421875,1.00006103515625,1.999969482421875,,,935121,24,1,3,0
57,935239,6554,13107,1.00006103515625,1.999969482421875,1.00006103515625,1.999969482421875,,,935246,24,1,3,0
58,935365,6554,13107,1.00006103515625,1.999969482421875,1.00006103515625,1.999969482421875,,,935372,23,1,3,0
59,935490,6554,13107,1.00006103515625,1.999969482421875,1.00006103515625,1.999969482421875,,,935497,23,1,3,0
60,935615,6554,13107,1.00006103515625,1.999969482421875,1.00006103515625,1.999969482421875,,,935622,24,1,3,0
61,935740,6554,13107,1.00006103515625,1.999969482421875,1.00006103515625,1.999969482421875,,,935747,24,1,3,0
62,935866,6554,13107,1.00006103515625,1.999969482421875,1.00006103515625,1.999969482421875,,,935873,23,1,3,0
63,935991,6554,13107,1.00006103515625,1.999969482421875,1.00006103515625,1.999969482421875,,,935998,24,1,3,0
64,936116,6554,13107,1.00006103515625,1.999969482421875,1.00006103515625,1.999969482421875,,,936123,24,1,3,0
65,936241,6554,13107,1.00006103515625,1.999969482421875,1.00006103515625,1.999969482421875,,,936248,24,1,3,0
66,936367,6554,13107,1.00006103515625,1.999969482421875,1.00006103515625,1.999969482421875,,,936374,23,1,3,0
67,936492,6554,13107,1.00006103515625,1.999969482421875,1.00006103515625,1.999969482421875,,,936499,24,1,3,0
68,936617,6554,13107,1.00006103515625,1.999969482421875,1.00006103515625,1.999969482421875,,,936624,24,1,3,0
69,936742,6554,13107,1.00006103515625,1.999969482421875,1.00006103515625,1.999969482421875,,,936749,24,1,3,0
70,936868,6554,13107,1.00006103515625,1.999969482421875,1.00006103515625,1.999969482421875,,,936875,23,1,3,0
71,936993,6554,13107,1.00006103515625,1.999969482421875,1.00006103515625,1.999969482421875,,,937000,24,1,3,0
72,937118,6554,13107,1.00006103515625,1.999969482421875,1.00006103515625,1.999969482421875,,,937125,24,1,3,0
73,937243,6554,13107,1.00006103515625,1.999969482421875,1.00006103515625,1.999969482421875,,,937250,24,1,3,0
74,937369,6554,13107,1.00006103515625,1.999969482421875,1.00006103515625,1.999969482421875,,,937376,23,1,3,0
75,937494,6554,13107,1.00006103515625,1.999969482421875,1.00006103515625,1.999969482421875,,,937501,24,1,3,0
76,937619,6554,13107,1.00006103515625,1.999969482421875,1.00006103515625,1.999969482421875,,,937626,24,1,3,0
77,937744,6554,13107,1.00006103515625,1.999969482421875,1.00006103515625,1.999969482421875,,,937751,24,1,3,0
78,937870,6554,13107,1.00006103515625,1.999969482421875,1.00006103515625,1.999969482421875,,,937877,23,1,3,0
79,937995,6554,13107,1.00006103515625,1.999969482421875,1.00006103515625,1.999969482421875,,,938002,24,1,3,0
80,938120,6554,13107,1.00006103515625,1.999969482421875,1.00006103515625,1.999969482421875,,,938127,24,1,3,0
81,938245,6554,13107,1.00006103515625,1.999969482421875,1.00006103515625,1.999969482421875,,,938252,24,1,3,0
82,938371,6554,13107,1.00006103515625,1.999969482421875,1.00006103515625,1.999969482421875,,,938378,23,1,3,0
83,938496,6554,13107,1.00006103515625,1.999969482421875,1.00006103515625,1.999969482421875,,,938504,23,1,3,0
84,938621,6554,13107,1.00006103515625,1.999969482421875,1.00006103515625,1.999969482421875,,,938628,24,1,3,0
85,938746,6554,13107,1.00006103515625,1.999969482421875,1.00006103515625,1.999969482421875,,,938753,24,1,3,0
86,938872,6554,13107,1.00006103515625,1.999969482421875,1.00006103515625,1.999969482421875,,,938879,23,1,3,0
87,938997,6554,13107,1.00006103515625,1.999969482421875,1.00006103515625,1.999969482421875,,,939004,24,1,3,0
88,939122,6554,13107,1.00006103515625,1.999969482421875,1.00006103515625,1.999969482421875,,,939129,24,1,3,0
89,939247,6554,13107,1.00006103515625,1.999969482421875,1.00006103515625,1.999969482421875,,,939254,24,1,3,0
90,939373,6554,13107,1.00006103515625,1.999969482421875,1.00006103515625,1.999969482421875,,,939380,23,1,3,0
91,939498,6554,13107,1.00006103515625,1.999969482421875,1.00006103515625,1.999969482421875,,,939507,24,1,3,0
92,939623,6554,13107,1.00006103515625,1.999969482421875,1.00006103515625,1.999969482421875,,,939630,24,1,3,0
93,939748,6554,13107,1.00006103515625,1.999969482421875,1.00006103515625,1.999969482421875,,,939755,24,1,3,0
94,939874,6554,13107,1.00006103515625,1.999969482421875,1.00006103515625,1.999969482421875,,,939881,23,1,3,0
95,939999,6554,13107,1.00006103515625,1.999969482421875,1.00006103515625,1.999969482421875,,,940006,24,1,3,0
96,940124,6554,13107,1.00006103515625,1.999969482421875,1.00006103515625,1.999969482421875,,,940131,24,1,3,0
97,940249,6554,13107,1.00006103515625,1.999969482421875,1.00006103515625,1.999969482421875,,,940256,24,1,3,0
98,940375,6554,13107,1.00006103515625,1.999969482421875,1.00006103515625,1.999969482421875,,,940382,23,1,3,0
99,940500,6554,13107,1.00006103515625,1.999969482421875,1.00006103515625,1.999969482421875,,,940507,24,1,3,0
100,940625,6554,13107,1.00006103515625,1.999969482421875,1.00006103515625,1.999969482421875,,,940632,24,1,3,0
101,940750,6554,13107,1.00006103515625,1.999969482421875,1.00006103515625,1.999969482421875,,,940757,24,1,3,0
102,940876,6554,13107,1.00006103515625,1.999969482421875,1.00006103515625,1.999969482421875,,,940883,24,1,3,0
103,941001,6554,13107,1.00006103515625,1.999969482421875,1.00006103515625,1.999969482421875,,,941008,24,1,3,0
104,941126,6554,13107,1.00006103515625,1.999969482421875,1.00006103515625,1.999969482421875,,,941133,24,1,3,0
105,941251,6554,13107,1.00006103515625,1.999969482421875,1.00006103515625,1.999969482421875,,,941258,24,1,3,0
106,941377,6554,13107,1.00006103515625,1.999969482421875,1.00006103515625,1.999969482421875,,,941384,23,1,3,0
107,941502,6554,13107,1.00006103515625,1.999969482421875,1.00006103515625,1.999969482421875,,,941509,24,1,3,0
108,941627,6554,13107,1.00006103515625,1.999969482421875,1.00006103515625,1.999969482421875,,,941634,27,1,3,0
109,941752,6554,13107,1.00006103515625,1.999969482421875,1.00006103515625,1.999969482421875,,,941759,24,1,3,0
110,941878,6554,13107,1.00006103515625,1.999969482421875,1.00006103515625,1.999969482421875,,,941885,23,1,3,0
111,942003,6554,13107,1.00006103515625,1.999969482421875,1.00006103515625,1.999969482421875,,,942010,24,1,3,0
112,942128,6554,13107,1.00006103515625,1.999969482421875,1.00006103515625,1.999969482421875,,,942135,24,1,3,0
113,942253,6554,13107,1.00006103515625,1.999969482421875,1.00006103515625,1.999969482421875,,,942260,24,1,3,0
114,942379,6554,13107,1.00006103515625,1.999969482421875,1.00006103515625,1.999969482421875,,,942386,23,1,3,0
115,942504,6554,13107,1.00006103515625,1.999969482421875,1.00006103515625,1.999969482421875,,,942511,24,1,3,0
116,942629,6554,13107,1.00006103515625,1.999969482421875,1.00006103515625,1.999969482421875,,,942636,26,1,3,0
117,942754,6554,13107,1.00006103515625,1.999969482421875,1.00006103515625,1.999969482421875,,,942761,24,1,3,0
118,942880,6554,13107,1.00006103515625,1.999969482421875,1.00006103515625,1.999969482421875,,,942887,23,1,3,0
119,943005,6554,13107,1.00006103515625,1.999969482421875,1.00006103515625,1.999969482421875,,,943012,24,1,3,0
120,943130,6554,13107,1.00006103515625,1.999969482421875,1.00006103515625,1.999969482421875,,,943137,24,1,3,0
121,943255,6554,13107,1.00006103515625,1.999969482421875,1.00006103515625,1.999969482421875,,,943262,24,1,3,0
122,943381,6554,13107,1.00006103515625,1.999969482421875,1.00006103515625,1.999969482421875,,,943388,24,1,3,0
123,943506,6554,13107,1.00006103515625,1.999969482421875,1.00006103515625,1.999969482421875,,,943513,24,1,3,0
124,943631,6554,13107,1.00006103515625,1.999969482421875,1.00006103515625,1.999969482421875,,,943638,26,1,3,0
125,943756,6554,13107,1.00006103515625,1.999969482421875,1.00006103515625,1.999969482421875,,,943763,24,1,3,0
126,943882,6554,13107,1.00006103515625,1.999969482421875,1.00006103515625,1.999969482421875,,,943889,23,1,3,0
127,944007,6554,13107,1.00006103515625,1.999969482421875,1.00006103515625,1.999969482421875,,,944014,24,1,3,0
128,944132,6554,13107,1.00006103515625,1.999969482421875,1.00006103515625,1.999969482421875,,,944139,24,1,3,0
129,944257,6554,13107,1.00006103515625,1.999969482421875,1.00006103515625,1.999969482421875,,,944264,24,1,3,0
130,944383,6554,13107,1.00006103515625,1.999969482421875,1.00006103515625,1.999969482421875,,,944390,23,1,3,0
131,944508,6554,13107,1.00006103515625,1.999969482421875,1.00006103515625,1.999969482421875,,,944515,24,1,3,0
132,944633,6554,13107,1.00006103515625,1.999969482421875,1.00006103515625,1.999969482421875,,,944643,23,1,3,0
133,944758,6554,13107,1.00006103515625,1.999969482421875,1.00006103515625,1.999969482421875,,,944765,24,1,3,0
134,944884,6554,13107,1.00006103515625,1.999969482421875,1.00006103515625,1.999969482421875,,,944891,23,1,3,0
135,945009,6554,13107,1.00006103515625,1.999969482421875,1.00006103515625,1.999969482421875,,,945016,24,1,3,0
136,945134,6554,13107,1.00006103515625,1.999969482421875,1.00006103515625,1.999969482421875,,,945143,23,1,3,0
137,945259,6554,13107,1.00006103515625,1.999969482421875,1.00006103515625,1.999969482421875,,,945266,24,1,3,0
138,945385,6554,13107,1.00006103515625,1.999969482421875,1.00006103515625,1.999969482421875,,,945392,23,1,3,0
139,945510,6554,13107,1.00006103515625,1.999969482421875,1.00006103515625,1.999969482421875,,,945517,24,1,3,0
140,945635,6554,13107,1.00006103515625,1.999969482421875,1.00006103515625,1.999969482421875,,,945645,23,1,3,0
141,945760,6554,13107,1.00006103515625,1.999969482421875,1.00006103515625,1.999969482421875,,,945767,24,1,3,0
142,945886,6554,13107,1.00006103515625,1.999969482421875,1.00006103515625,1.999969482421875,,,945893,23,1,3,0
143,946011,6554,13107,1.00006103515625,1.999969482421875,1.00006103515625,1.999969482421875,,,946018,24,1,3,0
144,946136,6554,13107,1.00006103515625,1.999969482421875,1.00006103515625,1.999969482421875,,,946145,24,1,3,0
145,946261,6554,13107,1.00006103515625,1.999969482421875,1.00006103515625,1.999969482421875,,,946268,24,1,3,0
146,946387,6554,13107,1.00006103515625,1.999969482421875,1.00006103515625,1.999969482421875,,,946395,24,1,3,0
147,946512,6554,13107,1.00006103515625,1.999969482421875,1.00006103515625,1.999969482421875,,,946520,23,1,3,0
148,946637,6554,13107,1.00006103515625,1.999969482421875,1.00006103515625,1.999969482421875,,,946646,23,1,3,0
149,946763,6554,13107,1.00006103515625,1.999969482421875,1.00006103515625,1.999969482421875,,,946769,24,1,3,0
150,946888,6554,13107,1.00006103515625,1.999969482421875,1.00006103515625,1.999969482421875,,,946895,23,1,3,0
151,947013,6554,13107,1.00006103515625,1.999969482421875,1.00006103515625,1.999969482421875,,,947020,24,1,3,0
152,947138,6554,13107,1.00006103515625,1.999969482421875,1.00006103515625,1.999969482421875,,,947146,24,1,3,0
153,947264,6554,13107,1.00006103515625,1.999969482421875,1.00006103515625,1.999969482421875,,,947271,23,1,3,0
154,947389,6554,13107,1.00006103515625,1.999969482421875,1.00006103515625,1.999969482421875,,,947397,24,1,3,0
155,947514,6554,13107,1.00006103515625,1.999969482421875,1.00006103515625,1.999969482421875,,,947522,23,1,3,0
156,947639,6554,13107,1.00006103515625,1.999969482421875,1.00006103515625,1.999969482421875,,,947648,23,1,3,0
157,947765,6554,13107,1.00006103515625,1.999969482421875,1.00006103515625,1.999969482421875,,,947772,23,1,3,0
158,947890,6554,13107,1.00006103515625,1.999969482421875,1.00006103515625,1.999969482421875,,,947897,23,1,3,0
159,948015,6554,13107,1.00006103515625,1.999969482421875,1.00006103515625,1.999969482421875,,,948022,24,1,3,0
160,948140,6554,13107,1.00006103515625,1.999969482421875,1.00006103515625,1.999969482421875,,,948147,24,1,3,0
161,948266,6554,13107,1.00006103515625,1.999969482421875,1.00006103515625,1.999969482421875,,,948273,23,1,3,0
162,948391,6554,13107,1.00006103515625,1.999969482421875,1.00006103515625,1.999969482421875,,,948398,23,1,3,0
163,948516,6554,13107,1.00006103515625,1.999969482421875,1.00006103515625,1.999969482421875,,,948525,24,1,3,0
164,948641,6554,13107,1.00006103515625,1.999969482421875,1.00006103515625,1.999969482421875,,,948650,23,1,3,0
165,948766,6554,13107,1.00006103515625,1.999969482421875,1.00006103515625,1.999969482421875,,,948773,24,1,3,0
166,948892,6554,13107,1.00006103515625,1.999969482421875,1.00006103515625,1.999969482421875,,,948899,23,1,3,0
167,949017,6554,13107,1.00006103515625,1.999969482421875,1.00006103515625,1.999969482421875,,,949024,24,1,3,0
168,949142,6554,13107,1.00006103515625,1.999969482421875,1.00006103515625,1.999969482421875,,,949149,24,1,3,0
169,949267,6554,13107,1.00006103515625,1.999969482421875,1.00006103515625,1.999969482421875,,,949274,24,1,3,0
170,949393,6554,13107,1.00006103515625,1.999969482421875,1.00006103515625,1.999969482421875,,,949400,23,1,3,0
171,949518,6554,13107,1.00006103515625,1.999969482421875,1.00006103515625,1.999969482421875,,,949525,24,1,3,0
172,949643,6554,13107,1.00006103515625,1.999969482421875,1.00006103515625,1.999969482421875,,,949650,23,1,3,0
173,949769,6554,13107,1.00006103515625,1.999969482421875,1.00006103515625,1.999969482421875,,,949776,23,1,3,0
174,949894,6554,13107,1.00006103515625,1.999969482421875,1.00006103515625,1.999969482421875,,,949901,24,1,3,0
175,950019,6554,13107,1.00006103515625,1.999969482421875,1.00006103515625,1.999969482421875,,,950026,24,1,3,0
176,950145,6554,13107,1.00006103515625,1.999969482421875,1.00006103515625,1.999969482421875,,,950152,23,1,3,0
177,950270,6554,13107,1.00006103515625,1.999969482421875,1.00006103515625,1.999969482421875,,,950277,23,1,3,0
178,950395,6554,13107,1.00006103515625,1.999969482421875,1.00006103515625,1.999969482421875,,,950402,24,1,3,0
179,950520,6554,13107,1.00006103515625,1.999969482421875,1.00006103515625,1.999969482421875,,,950527,24,1,3,0
180,950646,6554,13107,1.00006103515625,1.999969482421875,1.00006103515625,1.999969482421875,,,950653,24,1,3,0
181,950771,6554,13107,1.00006103515625,1.999969482421875,1.00006103515625,1.999969482421875,,,950778,23,1,3,0
182,950896,6554,13107,1.00006103515625,1.999969482421875,1.00006103515625,1.999969482421875,,,950903,24,1,3,0
183,951021,6554,13107,1.00006103515625,1.999969482421875,1.00006103515625,1.999969482421875,,,951028,24,1,3,0
184,951146,6554,13107,1.00006103515625,1.999969482421875,1.00006103515625,1.999969482421875,,,951153,24,1,3,0
185,951272,6554,13107,1.00006103515625,1.999969482421875,1.00006103515625,1.999969482421875,,,951279,23,1,3,0
186,951397,6554,13107,1.00006103515625,1.999969482421875,1.00006103515625,1.999969482421875,,,951404,24,1,3,0
187,951522,6554,13107,1.00006103515625,1.999969482421875,1.00006103515625,1.999969482421875,,,951530,24,1,3,0
188,951647,6554,13107,1.00006103515625,1.999969482421875,1.00006103515625,1.999969482421875,,,951654,24,1,3,0
189,951773,6554,13107,1.00006103515625,1.999969482421875,1.00006103515625,1.999969482421875,,,951780,23,1,3,0
190,951898,6554,13107,1.00006103515625,1.999969482421875,1.00006103515625,1.999969482421875,,,951905,24,1,3,0
191,952023,6554,13107,1.00006103515625,1.999969482421875,1.00006103515625,1.999969482421875,,,952030,24,1,3,0
192,952148,6554,13107,1.00006103515625,1.999969482421875,1.00006103515625,1.999969482421875,,,952155,24,1,3,0
193,952274,6554,13107,1.00006103515625,1.999969482421875,1.00006103515625,1.999969482421875,,,952281,24,1,3,0
194,952399,6554,13107,1.00006103515625,1.999969482421875,1.00006103515625,1.999969482421875,,,952406,24,1,3,0
195,952524,6554,13107,1.00006103515625,1.999969482421875,1.00006103515625,1.999969482421875,,,952531,24,1,3,0
196,952649,6554,13107,1.00006103515625,1.999969482421875,1.00006103515625,1.999969482421875,,,952656,24,1,3,0
197,952775,6554,13107,1.00006103515625,1.999969482421875,1.00006103515625,1.999969482421875,,,952782,23,1,3,0
198,952900,6554,13107,1.00006103515625,1.999969482421875,1.00006103515625,1.999969482421875,,,952907,24,1,3,0
199,953025,6554,13107,1.00006103515625,1.999969482421875,1.00006103515625,1.999969482421875,,,953032,24,1,3,0
200,953150,6554,13107,1.00006103515625,1.999969482421875,1.00006103515625,1.999969482421875,,,953157,24,1,3,0
201,953276,6554,13107,1.00006103515625,1.999969482421875,1.00006103515625,1.999969482421875,,,953283,23,1,3,0
202,953401,6554,13107,1.00006103515625,1.999969482421875,1.00006103515625,1.999969482421875,,,953408,24,1,3,0
203,953526,6554,13107,1.00006103515625,1.999969482421875,1.00006103515625,1.999969482421875,,,953533,24,1,3,0
204,953652,6554,13107,1.00006103515625,1.999969482421875,1.00006103515625,1.999969482421875,,,953659,23,1,3,0
205,953777,6554,13107,1.00006103515625,1.999969482421875,1.00006103515625,1.999969482421875,,,953784,24,1,3,0
206,953902,6554,13107,1.00006103515625,1.999969482421875,1.00006103515625,1.999969482421875,,,953909,24,1,3,0
207,954027,6554,13107,1.00006103515625,1.999969482421875,1.00006103515625,1.999969482421875,,,954034,24,1,3,0
208,954153,6554,13107,1.00006103515625,1.999969482421875,1.00006103515625,1.999969482421875,,,954160,23,1,3,0
209,954278,6554,13107,1.00006103515625,1.999969482421875,1.00006103515625,1.999969482421875,,,954285,24,1,3,0
210,954403,6554,13107,1.00006103515625,1.999969482421875,1.00006103515625,1.999969482421875,,,954410,24,1,3,0
211,954529,6554,13107,1.00006103515625,1.999969482421875,1.00006103515625,1.999969482421875,,,954536,24,1,3,0
212,954654,6554,13107,1.00006103515625,1.999969482421875,1.00006103515625,1.999969482421875,,,954661,24,1,3,0
213,954779,6554,13107,1.00006103515625,1.999969482421875,1.00006103515625,1.999969482421875,,,954786,24,1,3,0
214,954905,6554,13107,1.00006103515625,1.999969482421875,1.00006103515625,1.999969482421875,,,954912,23,1,3,0
215,955030,6554,13107,1.00006103515625,1.999969482421875,1.00006103515625,1.999969482421875,,,955037,24,1,3,0
216,955155,6554,13107,1.00006103515625,1.999969482421875,1.00006103515625,1.999969482421875,,,955162,24,1,3,0
217,955280,6554,13107,1.00006103515625,1.999969482421875,1.00006103515625,1.999969482421875,,,955287,24,1,3,0
218,955406,6554,13107,1.00006103515625,1.999969482421875,1.00006103515625,1.999969482421875,,,955413,23,1,3,0
219,955531,6554,13107,1.00006103515625,1.999969482421875,1.00006103515625,1.999969482421875,,,955538,24,1,3,0
220,955656,6554,13107,1.00006103515625,1.999969482421875,1.00006103515625,1.999969482421875,,,955663,24,1,3,0
221,955781,6554,13107,1.00006103515625,1.999969482421875,1.00006103515625,1.999969482421875,,,955789,24,1,3,0
222,955907,6554,13107,1.00006103515625,1.999969482421875,1.00006103515625,1.999969482421875,,,955914,23,1,3,0
223,956032,6554,13107,1.00006103515625,1.999969482421875,1.00006103515625,1.999969482421875,,,956039,24,1,3,0
224,956157,6554,13107,1.00006103515625,1.999969482421875,1.00006103515625,1.999969482421875,,,956164,24,1,3,0
225,956282,6554,13107,1.00006103515625,1.999969482421875,1.00006103515625,1.999969482421875,,,956289,24,1,3,0
226,956408,6554,13107,1.00006103515625,1.999969482421875,1.00006103515625,1.999969482421875,,,956415,23,1,3,0
227,956533,6554,13107,1.00006103515625,1.999969482421875,1.00006103515625,1.999969482421875,,,956540,24,1,3,0
228,956658,6554,13107,1.00006103515625,1.999969482421875,1.00006103515625,1.999969482421875,,,956665,24,1,3,0
229,956783,6554,13107,1.00006103515625,1.999969482421875,1.00006103515625,1.999969482421875,,,956790,24,1,3,0
230,956909,6554,13107,1.00006103515625,1.999969482421875,1.00006103515625,1.999969482421875,,,956916,23,1,3,0
231,957034,6554,13107,1.00006103515625,1.999969482421875,1.00006103515625,1.999969482421875,,,957041,24,1,3,0
232,957159,6554,13107,1.00006103515625,1.999969482421875,1.00006103515625,1.999969482421875,,,957166,24,1,3,0
233,957284,6554,13107,1.00006103515625,1.999969482421875,1.00006103515625,1.999969482421875,,,957291,24,1,3,0
234,957410,6554,13107,1.00006103515625,1.999969482421875,1.00006103515625,1.999969482421875,,,957417,23,1,3,0
235,957535,6554,13107,1.00006103515625,1.999969482421875,1.00006103515625,1.999969482421875,,,957542,24,1,3,0
236,957660,6554,13107,1.00006103515625,1.999969482421875,1.00006103515625,1.999969482421875,,,957667,24,1,3,0
237,957785,6554,13107,1.00006103515625,1.999969482421875,1.00006103515625,1.999969482421875,,,957792,24,1,3,0
238,957911,6554,13107,1.00006103515625,1.999969482421875,1.00006103515625,1.999969482421875,,,957918,23,1,3,0
239,958036,6554,13107,1.00006103515625,1.999969482421875,1.00006103515625,1.999969482421875,,,958043,24,1,3,0
240,958161,6554,13107,1.00006103515625,1.999969482421875,1.00006103515625,1.999969482421875,,,958168,24,1,3,0
241,958286,6554,13107,1.00006103515625,1.999969482421875,1.00006103515625,1.999969482421875,,,958293,24,1,3,0
242,958412,6554,13107,1.00006103515625,1.999969482421875,1.00006103515625,1.999969482421875,,,958419,23,1,3,0
243,958537,6554,13107,1.00006103515625,1.999969482421875,1.00006103515625,1.999969482421875,,,958544,24,1,3,0
244,958662,6554,13107,1.00006103515625,1.999969482421875,1.00006103515625,1.999969482421875,,,958669,24,1,3,0
245,958787,6554,13107,1.00006103515625,1.999969482421875,1.00006103515625,1.999969482421875,,,958794,24,1,3,0
246,958913,6554,13107,1.00006103515625,1.999969482421875,1.00006103515625,1.999969482421875,,,958920,23,1,3,0
247,959038,6554,13107,1.00006103515625,1.999969482421875,1.00006103515625,1.999969482421875,,,959045,24,1,3,0
248,959163,6554,13107,1.00006103515625,1.999969482421875,1.00006103515625,1.999969482421875,,,959170,24,1,3,0
249,959288,6554,13107,1.00006103515625,1.999969482421875,1.00006103515625,1.999969482421875,,,959295,24,1,3,0
250,959414,6554,13107,1.00006103515625,1.999969482421875,1.00006103515625,1.999969482421875,,,959421,23,1,3,0
251,959539,6554,13107,1.00006103515625,1.999969482421875,1.00006103515625,1.999969482421875,,,959546,24,1,3,0
252,959664,6554,13107,1.00006103515625,1.999969482421875,1.00006103515625,1.999969482421875,,,959671,24,1,3,0
253,959789,6554,13107,1.00006103515625,1.999969482421875,1.00006103515625,1.999969482421875,,,959796,24,1,3,0
254,959915,6554,13107,1.00006103515625,1.999969482421875,1.00006103515625,1.999969482421875,,,959922,23,1,3,0
255,960040,6554,13107,1.00006103515625,1.999969482421875,1.00006103515625,1.999969482421875,,,960047,24,1,3,0
256,960165,6554,13107,1.00006103515625,1.999969482421875,1.00006103515625,1.999969482421875,,,960172,24,1,3,0
257,960290,6554,13107,1.00006103515625,1.999969482421875,1.00006103515625,1.999969482421875,,,960297,24,1,3,0
258,960416,6554,13107,1.00006103515625,1.999969482421875,1.00006103515625,1.999969482421875,,,960423,23,1,3,0
259,960541,6554,13107,1.00006103515625,1.999969482421875,1.00006103515625,1.999969482421875,,,960548,24,1,3,0
260,960666,6554,13107,1.00006103515625,1.999969482421875,1.00006103515625,1.999969482421875,,,960673,24,1,3,0
261,960791,6554,13107,1.00006103515625,1.999969482421875,1.00006103515625,1.999969482421875,,,960798,24,1,3,0
262,960917,6554,13107,1.00006103515625,1.999969482421875,1.00006103515625,1.999969482421875,,,960926,23,1,3,0
263,961042,6554,13107,1.00006103515625,1.999969482421875,1.00006103515625,1.999969482421875,,,961049,24,1,3,0
264,961167,6554,13107,1.00006103515625,1.999969482421875,1.00006103515625,1.999969482421875,,,961174,24,1,3,0
265,961293,6554,13107,1.00006103515625,1.999969482421875,1.00006103515625,1.999969482421875,,,961300,23,1,3,0
266,961418,6554,13107,1.00006103515625,1.999969482421875,1.00006103515625,1.999969482421875,,,961425,23,1,3,0
267,961543,6554,13107,1.00006103515625,1.999969482421875,1.00006103515625,1.999969482421875,,,961550,24,1,3,0
268,961668,6554,13107,1.00006103515625,1.999969482421875,1.00006103515625,1.999969482421875,,,961675,24,1,3,0
269,961794,6554,13107,1.00006103515625,1.999969482421875,1.00006103515625,1.999969482421875,,,961801,23,1,3,0
270,961919,6554,13107,1.00006103515625,1.999969482421875,1.00006103515625,1.999969482421875,,,961926,23,1,3,0
271,962044,6554,13107,1.00006103515625,1.999969482421875,1.00006103515625,1.999969482421875,,,962051,24,1,3,0
272,962169,6554,13107,1.00006103515625,1.999969482421875,1.00006103515625,1.999969482421875,,,962176,24,1,3,0
273,962295,6554,13107,1.00006103515625,1.999969482421875,1.00006103515625,1.999969482421875,,,962302,23,1,3,0
274,962420,6554,13107,1.00006103515625,1.999969482421875,1.00006103515625,1.999969482421875,,,962427,23,1,3,0
275,962545,6554,13107,1.00006103515625,1.999969482421875,1.00006103515625,1.999969482421875,,,962552,24,1,3,0
276,962670,6554,13107,1.00006103515625,1.999969482421875,1.00006103515625,1.999969482421875,,,962677,24,1,3,0
277,962796,6554,13107,1.00006103515625,1.999969482421875,1.00006103515625,1.999969482421875,,,962803,23,1,3,0
278,962921,6554,13107,1.00006103515625,1.999969482421875,1.00006103515625,1.999969482421875,,,962928,23,1,3,0
279,963046,6554,13107,1.00006103515625,1.999969482421875,1.00006103515625,1.999969482421875,,,963053,24,1,3,0
280,963171,6554,13107,1.00006103515625,1.999969482421875,1.00006103515625,1.999969482421875,,,963178,24,1,3,0
281,963297,6554,13107,1.00006103515625,1.999969482421875,1.00006103515625,1.999969482421875,,,963304,23,1,3,0
282,963422,6554,13107,1.00006103515625,1.999969482421875,1.00006103515625,1.999969482421875,,,963429,23,1,3,0
283,963547,6554,13107,1.00006103515625,1.999969482421875,1.00006103515625,1.999969482421875,,,963555,24,1,3,0
284,963672,6554,13107,1.00006103515625,1.999969482421875,1.00006103515625,1.999969482421875,,,963679,24,1,3,0
285,963798,6554,13107,1.00006103515625,1.999969482421875,1.00006103515625,1.999969482421875,,,963805,23,1,3,0
286,963923,6554,13107,1.00006103515625,1.999969482421875,1.00006103515625,1.999969482421875,,,963930,23,1,3,0
287,964048,6554,13107,1.00006103515625,1.999969482421875,1.00006103515625,1.999969482421875,,,964055,24,1,3,0
288,964173,6554,13107,1.00006103515625,1.999969482421875,1.00006103515625,1.999969482421875,,,964180,24,1,3,0
289,964299,6554,13107,1.00006103515625,1.999969482421875,1.00006103515625,1.999969482421875,,,964306,23,1,3,0
290,964424,6554,13107,1.00006103515625,1.999969482421875,1.00006103515625,1.999969482421875,,,964431,24,1,3,0
291,964549,6554,13107,1.00006103515625,1.999969482421875,1.00006103515625,1.999969482421875,,,964557,24,1,3,0
292,964674,6554,13107,1.00006103515625,1.999969482421875,1.00006103515625,1.999969482421875,,,964681,24,1,3,0
293,964800,6554,13107,1.00006103515625,1.999969482421875,1.00006103515625,1.999969482421875,,,964807,23,1,3,0
294,964925,6554,13107,1.00006103515625,1.999969482421875,1.00006103515625,1.999969482421875,,,964932,23,1,3,0
295,965050,6554,13107,1.00006103515625,1.999969482421875,1.00006103515625,1.999969482421875,,,965057,24,1,3,0
296,965175,6554,13107,1.00006103515625,1.999969482421875,1.00006103515625,1.999969482421875,,,965182,24,1,3,0
297,965301,6554,13107,1.00006103515625,1.999969482421875,1.00006103515625,1.999969482421875,,,965308,23,1,3,0
298,965426,6554,13107,1.00006103515625,1.999969482421875,1.00006103515625,1.999969482421875,,,965433,23,1,3,0
299,965551,6554,13107,1.00006103515625,1.999969482421875,1.00006103515625,1.999969482421875,,,965558,24,1,3,0
300,965676,6554,13107,1.00006103515625,1.999969482421875,1.00006103515625,1.999969482421875,,,965685,24,1,3,0
301,965802,6554,13107,1.00006103515625,1.999969482421875,1.00006103515625,1.999969482421875,,,965809,23,1,3,0
302,965927,6554,13107,1.00006103515625,1.999969482421875,1.00006103515625,1.999969482421875,,,965934,23,1,3,0
303,966052,6554,13107,1.00006103515625,1.999969482421875,1.00006103515625,1.999969482421875,,,966059,24,1,3,0
304,966177,6554,13107,1.00006103515625,1.999969482421875,1.00006103515625,1.999969482421875,,,966184,24,1,3,0
305,966303,6554,13107,1.00006103515625,1.999969482421875,1.00006103515625,1.999969482421875,,,966310,23,1,3,0
306,966428,6554,13107,1.00006103515625,1.999969482421875,1.00006103515625,1.999969482421875,,,966435,23,1,3,0
307,966553,6554,13107,1.00006103515625,1.999969482421875,1.00006103515625,1.999969482421875,,,966560,24,1,3,0
308,966678,6554,13107,1.00006103515625,1.999969482421875,1.00006103515625,1.999969482421875,,,966685,24,1,3,0
309,966804,6554,13107,1.00006103515625,1.999969482421875,1.00006103515625,1.999969482421875,,,966811,23,1,3,0
310,966929,6554,13107,1.00006103515625,1.999969482421875,1.00006103515625,1.999969482421875,,,966936,24,1,3,0
311,967054,6554,13107,1.00006103515625,1.999969482421875,1.00006103515625,1.999969482421875,,,967061,24,1,3,0
312,967179,6554,13107,1.00006103515625,1.999969482421875,1.00006103515625,1.999969482421875,,,967186,24,1,3,0
313,967305,6554,13107,1.00006103515625,1.999969482421875,1.00006103515625,1.999969482421875,,,967312,23,1,3,0
314,967430,6554,13107,1.00006103515625,1.999969482421875,1.00006103515625,1.999969482421875,,,967437,24,1,3,0
315,967555,6554,13107,1.00006103515625,1.999969482421875,1.00006103515625,1.999969482421875,,,967562,24,1,3,0
316,967680,6554,13107,1.00006103515625,1.999969482421875,1.00006103515625,1.999969482421875,,,967687,24,1,3,0
317,967806,6554,13107,1.00006103515625,1.999969482421875,1.00006103515625,1.999969482421875,,,967813,23,1,3,0
318,967931,6554,13107,1.00006103515625,1.999969482421875,1.00006103515625,1.999969482421875,,,967938,24,1,3,0
319,968056,6554,13107,1.00006103515625,1.999969482421875,1.00006103515625,1.999969482421875,,,968063,24,1,3,0
320,968181,6554,13107,1.00006103515625,1.999969482421875,1.00006103515625,1.999969482421875,,,968188,24,1,3,0
321,968307,6554,13107,1.00006103515625,1.999969482421875,1.00006103515625,1.999969482421875,,,968314,23,1,3,0
322,968432,6554,13107,1.00006103515625,1.999969482421875,1.00006103515625,1.999969482421875,,,968439,24,1,3,0
323,968557,6554,13107,1.00006103515625,1.999969482421875,1.00006103515625,1.999969482421875,,,968564,24,1,3,0
324,968682,6554,13107,1.00006103515625,1.999969482421875,1.00006103515625,1.999969482421875,,,968689,24,1,3,0
325,968808,6554,13107,1.00006103515625,1.999969482421875,1.00006103515625,1.999969482421875,,,968815,23,1,3,0
326,968933,6554,13107,1.00006103515625,1.999969482421875,1.00006103515625,1.999969482421875,,,968940,24,1,3,0
327,969058,6554,13107,1.00006103515625,1.999969482421875,1.00006103515625,1.999969482421875,,,969065,24,1,3,0
328,969183,6554,13107,1.00006103515625,1.999969482421875,1.00006103515625,1.999969482421875,,,969190,24,1,3,0
329,969309,6554,13107,1.00006103515625,1.999969482421875,1.00006103515625,1.999969482421875,,,969316,23,1,3,0
330,969434,6554,13107,1.00006103515625,1.999969482421875,1.00006103515625,1.999969482421875,,,969441,24,1,3,0
331,969559,6554,13107,1.00006103515625,1.999969482421875,1.00006103515625,1.999969482421875,,,969566,24,1,3,0
332,969684,6554,13107,1.00006103515625,1.999969482421875,1.00006103515625,1.999969482421875,,,969691,24,1,3,0
333,969810,6554,13107,1.00006103515625,1.999969482421875,1.00006103515625,1.999969482421875,,,969817,23,1,3,0
334,969935,6554,13107,1.00006103515625,1.999969482421875,1.00006103515625,1.999969482421875,,,969942,24,1,3,0
335,970060,6554,13107,1.00006103515625,1.999969482421875,1.00006103515625,1.999969482421875,,,970067,24,1,3,0
336,970185,6554,13107,1.00006103515625,1.999969482421875,1.00006103515625,1.999969482421875,,,970192,24,1,3,0
337,970311,6554,13107,1.00006103515625,1.999969482421875,1.00006103515625,1.999969482421875,,,970318,23,1,3,0
338,970436,6554,13107,1.00006103515625,1.999969482421875,1.00006103515625,1.999969482421875,,,970443,24,1,3,0
339,970561,6554,13107,1.00006103515625,1.999969482421875,1.00006103515625,1.999969482421875,,,970568,24,1,3,0
340,970686,6554,13107,1.00006103515625,1.999969482421875,1.00006103515625,1.999969482421875,,,970693,24,1,3,0
341,970812,6554,13107,1.00006103515625,1.999969482421875,1.00006103515625,1.999969482421875,,,970819,23,1,3,0
342,970937,6554,13107,1.00006103515625,1.999969482421875,1.00006103515625,1.999969482421875,,,970944,24,1,3,0
343,971062,6554,13107,1.00006103515625,1.999969482421875,1.00006103515625,1.999969482421875,,,971069,24,1,3,0
344,971187,6554,13107,1.00006103515625,1.999969482421875,1.00006103515625,1.999969482421875,,,971194,24,1,3,0
345,971313,6554,13107,1.00006103515625,1.999969482421875,1.00006103515625,1.999969482421875,,,971320,23,1,3,0
346,971438,6554,13107,1.00006103515625,1.999969482421875,1.00006103515625,1.999969482421875,,,971445,24,1,3,0
347,971563,6554,13107,1.00006103515625,1.999969482421875,1.00006103515625,1.999969482421875,,,971571,23,1,3,0
348,971688,6554,13107,1.00006103515625,1.999969482421875,1.00006103515625,1.999969482421875,,,971695,24,1,3,0
349,971814,6554,13107,1.00006103515625,1.999969482421875,1.00006103515625,1.999969482421875,,,971821,23,1,3,0
350,971939,6554,13107,1.00006103515625,1.999969482421875,1.00006103515625,1.999969482421875,,,971946,24,1,3,0
351,972064,6554,13107,1.00006103515625,1.999969482421875,1.00006103515625,1.999969482421875,,,972071,24,1,3,0
352,972189,6554,13107,1.00006103515625,1.999969482421875,1.00006103515625,1.999969482421875,,,972196,24,1,3,0
353,972315,6554,13107,1.00006103515625,1.999969482421875,1.00006103515625,1.999969482421875,,,972322,23,1,3,0
354,972440,6554,13107,1.00006103515625,1.999969482421875,1.00006103515625,1.999969482421875,,,972447,24,1,3,0
355,972565,6554,13107,1.00006103515625,1.999969482421875,1.00006103515625,1.999969482421875,,,972572,24,1,3,0
356,972690,6554,13107,1.00006103515625,1.999969482421875,1.00006103515625,1.999969482421875,,,972697,24,1,3,0
357,972816,6554,13107,1.00006103515625,1.999969482421875,1.00006103515625,1.999969482421875,,,972823,23,1,3,0
358,972941,6554,13107,1.00006103515625,1.999969482421875,1.00006103515625,1.999969482421875,,,972948,24,1,3,0
359,973066,6554,13107,1.00006103515625,1.999969482421875,1.00006103515625,1.999969482421875,,,973073,24,1,3,0
360,973191,6554,13107,1.00006103515625,1.999969482421875,1.00006103515625,1.999969482421875,,,973198,24,1,3,0
361,973317,6554,13107,1.00006103515625,1.999969482421875,1.00006103515625,1.999969482421875,,,973324,23,1,3,0
362,973442,6554,13107,1.00006103515625,1.999969482421875,1.00006103515625,1.999969482421875,,,973450,24,1,3,0
363,973567,6554,13107,1.00006103515625,1.999969482421875,1.00006103515625,1.999969482421875,,,973574,24,1,3,0
364,973692,6554,13107,1.00006103515625,1.999969482421875,1.00006103515625,1.999969482421875,,,973699,24,1,3,0
365,973818,6554,13107,1.00006103515625,1.999969482421875,1.00006103515625,1.999969482421875,,,973825,23,1,3,0
366,973943,6554,13107,1.00006103515625,1.999969482421875,1.00006103515625,1.999969482421875,,,973950,24,1,3,0
367,974068,6554,13107,1.00006103515625,1.999969482421875,1.00006103515625,1.999969482421875,,,974075,24,1,3,0
368,974193,6554,13107,1.00006103515625,1.999969482421875,1.00006103515625,1.999969482421875,,,974200,24,1,3,0
369,974319,6554,13107,1.00006103515625,1.999969482421875,1.00006103515625,1.999969482421875,,,974326,23,1,3,0
370,974444,6554,13107,1.00006103515625,1.999969482421875,1.00006103515625,1.999969482421875,,,974451,24,1,3,0
371,974569,6554,13107,1.00006103515625,1.999969482421875,1.00006103515625,1.999969482421875,,,974576,24,1,3,0
372,974694,6554,13107,1.00006103515625,1.999969482421875,1.00006103515625,1.999969482421875,,,974701,24,1,3,0
373,974820,6554,13107,1.00006103515625,1.999969482421875,1.00006103515625,1.999969482421875,,,974827,23,1,3,0
374,974945,6554,13107,1.00006103515625,1.999969482421875,1.00006103515625,1.999969482421875,,,974952,24,1,3,0
375,975070,6554,13107,1.00006103515625,1.999969482421875,1.00006103515625,1.999969482421875,,,975077,24,1,3,0
376,975195,6554,13107,1.00006103515625,1.999969482421875,1.00006103515625,1.999969482421875,,,975202,24,1,3,0
377,975321,6554,13107,1.00006103515625,1.999969482421875,1.00006103515625,1.999969482421875,,,975328,23,1,3,0
378,975446,6554,13107,1.00006103515625,1.999969482421875,1.00006103515625,1.999969482421875,,,975453,24,1,3,0
379,975571,6554,13107,1.00006103515625,1.999969482421875,1.00006103515625,1.999969482421875,,,975578,24,1,3,0
380,975696,6554,13107,1.00006103515625,1.999969482421875,1.00006103515625,1.999969482421875,,,975703,24,1,3,0
381,975822,6554,13107,1.00006103515625,1.999969482421875,1.00006103515625,1.999969482421875,,,975829,23,1,3,0
382,975947,6554,13107,1.00006103515625,1.999969482421875,1.00006103515625,1.999969482421875,,,975954,24,1,3,0
383,976072,6554,13107,1.00006103515625,1.999969482421875,1.00006103515625,1.999969482421875,,,976079,24,1,3,0
384,976197,6554,13107,1.00006103515625,1.999969482421875,1.00006103515625,1.999969482421875,,,976204,25,1,3,0
385,976323,6554,13107,1.00006103515625,1.999969482421875,1.00006103515625,1.999969482421875,,,976330,23,1,3,0
386,976448,6554,13107,1.00006103515625,1.999969482421875,1.00006103515625,1.999969482421875,,,976456,24,1,3,0
387,976573,6554,13107,1.00006103515625,1.999969482421875,1.00006103515625,1.999969482421875,,,976580,24,1,3,0
388,976698,6554,13107,1.00006103515625,1.999969482421875,1.00006103515625,1.999969482421875,,,976705,24,1,3,0
389,976824,6554,13107,1.00006103515625,1.999969482421875,1.00006103515625,1.999969482421875,,,976831,23,1,3,0
390,976949,6554,13107,1.00006103515625,1.999969482421875,1.00006103515625,1.999969482421875,,,976956,24,1,3,0
391,977074,6554,13107,1.00006103515625,1.999969482421875,1.00006103515625,1.999969482421875,,,977081,24,1,3,0
392,977199,6554,13107,1.00006103515625,1.999969482421875,1.00006103515625,1.999969482421875,,,977206,24,1,3,0
393,977325,6554,13107,1.00006103515625,1.999969482421875,1.00006103515625,1.999969482421875,,,977332,23,1,3,0
394,977450,6554,13107,1.00006103515625,1.999969482421875,1.00006103515625,1.999969482421875,,,977457,24,1,3,0
395,977575,6554,13107,1.00006103515625,1.999969482421875,1.00006103515625,1.999969482421875,,,977582,24,1,3,0
396,977700,6554,13107,1.00006103515625,1.999969482421875,1.00006103515625,1.999969482421875,,,977707,24,1,3,0
397,977826,6554,13107,1.00006103515625,1.999969482421875,1.00006103515625,1.999969482421875,,,977833,23,1,3,0
398,977951,6554,13107,1.00006103515625,1.999969482421875,1.00006103515625,1.999969482421875,,,977958,24,1,3,0
399,978076,6554,13107,1.00006103515625,1.999969482421875,1.00006103515625,1.999969482421875,,,978083,24,1,3,0
400,978201,6554,13107,1.00006103515625,1.999969482421875,1.00006103515625,1.999969482421875,,,978209,23,1,3,0
401,978327,6554,13107,1.00006103515625,1.999969482421875,1.00006103515625,1.999969482421875,,,978334,24,1,3,0
402,978452,6554,13107,1.00006103515625,1.999969482421875,1.00006103515625,1.999969482421875,,,978459,24,1,3,0
403,978577,6554,13107,1.00006103515625,1.999969482421875,1.00006103515625,1.999969482421875,,,978584,24,1,3,0
404,978702,6554,13107,1.00006103515625,1.999969482421875,1.00006103515625,1.999969482421875,,,978710,23,1,3,0
405,978828,6554,13107,1.00006103515625,1.999969482421875,1.00006103515625,1.999969482421875,,,978835,24,1,3,0
406,978953,6554,13107,1.00006103515625,1.999969482421875,1.00006103515625,1.999969482421875,,,978960,24,1,3,0
407,979078,6554,13107,1.00006103515625,1.999969482421875,1.00006103515625,1.999969482421875,,,979085,24,1,3,0
408,979204,6554,13107,1.00006103515625,1.999969482421875,1.00006103515625,1.999969482421875,,,979211,23,1,3,0
409,979329,6554,13107,1.00006103515625,1.999969482421875,1.00006103515625,1.999969482421875,,,979336,24,1,3,0
410,979454,6554,13107,1.00006103515625,1.999969482421875,1.00006103515625,1.999969482421875,,,979461,24,1,3,0
411,979579,6554,13107,1.00006103515625,1.999969482421875,1.00006103515625,1.999969482421875,,,979586,24,1,3,0
412,979705,6554,13107,1.00006103515625,1.999969482421875,1.00006103515625,1.999969482421875,,,979712,23,1,3,0
413,979830,6554,13107,1.00006103515625,1.999969482421875,1.00006103515625,1.999969482421875,,,979837,24,1,3,0
414,979955,6554,13107,1.00006103515625,1.999969482421875,1.00006103515625,1.999969482421875,,,979962,24,1,3,0
415,980080,6554,13107,1.00006103515625,1.999969482421875,1.00006103515625,1.999969482421875,,,980088,23,1,3,0
416,980206,6554,13107,1.00006103515625,1.999969482421875,1.00006103515625,1.999969482421875,,,980213,23,1,3,0
417,980331,6554,13107,1.00006103515625,1.999969482421875,1.00006103515625,1.999969482421875,,,980338,24,1,3,0
418,980456,6554,13107,1.00006103515625,1.999969482421875,1.00006103515625,1.999969482421875,,,980463,24,1,3,0
419,980581,6554,13107,1.00006103515625,1.999969482421875,1.00006103515625,1.999969482421875,,,980589,23,1,3,0
420,980707,6554,13107,1.00006103515625,1.999969482421875,1.00006103515625,1.999969482421875,,,980714,23,1,3,0
421,980832,6554,13107,1.00006103515625,1.999969482421875,1.00006103515625,1.999969482421875,,,980839,24,1,3,0
422,980957,6554,13107,1.00006103515625,1.999969482421875,1.00006103515625,1.999969482421875,,,980964,24,1,3,0
423,981082,6554,13107,1.00006103515625,1.999969482421875,1.00006103515625,1.999969482421875,,,981090,23,1,3,0
424,981208,6554,13107,1.00006103515625,1.999969482421875,1.00006103515625,1.999969482421875,,,981215,23,1,3,0
425,981333,6554,13107,1.00006103515625,1.999969482421875,1.00006103515625,1.999969482421875,,,981340,24,1,3,0
426,981458,6554,13107,1.00006103515625,1.999969482421875,1.00006103515625,1.999969482421875,,,981465,24,1,3,0
427,981583,6554,13107,1.00006103515625,1.999969482421875,1.00006103515625,1.999969482421875,,,981591,23,1,3,0
428,981709,6554,13107,1.00006103515625,1.999969482421875,1.00006103515625,1.999969482421875,,,981716,23,1,3,0
429,981834,6554,13107,1.00006103515625,1.999969482421875,1.00006103515625,1.999969482421875,,,981841,24,1,3,0
430,981959,6554,13107,1.00006103515625,1.999969482421875,1.00006103515625,1.999969482421875,,,981966,24,1,3,0
431,982084,6554,13107,1.00006103515625,1.999969482421875,1.00006103515625,1.999969482421875,,,982092,23,1,3,0
432,982210,6554,13107,1.00006103515625,1.999969482421875,1.00006103515625,1.999969482421875,,,982217,23,1,3,0
433,982335,6554,13107,1.00006103515625,1.999969482421875,1.00006103515625,1.999969482421875,,,982342,24,1,3,0
434,982460,6554,13107,1.00006103515625,1.999969482421875,1.00006103515625,1.999969482421875,,,982467,24,1,3,0
435,982585,6554,13107,1.00006103515625,1.999969482421875,1.00006103515625,1.999969482421875,,,982593,23,1,3,0
436,982711,6554,13107,1.00006103515625,1.999969482421875,1.00006103515625,1.999969482421875,,,982718,24,1,3,0
437,982836,6554,13107,1.00006103515625,1.999969482421875,1.00006103515625,1.999969482421875,,,982843,24,1,3,0
438,982961,6554,13107,1.00006103515625,1.999969482421875,1.00006103515625,1.999969482421875,,,982968,24,1,3,0
439,983086,6554,13107,1.00006103515625,1.999969482421875,1.00006103515625,1.999969482421875,,,983094,23,1,3,0
440,983212,6554,13107,1.00006103515625,1.999969482421875,1.00006103515625,1.999969482421875,,,983219,24,1,3,0
441,983337,6554,13107,1.00006103515625,1.999969482421875,1.00006103515625,1.999969482421875,,,983344,24,1,3,0
442,983462,6554,13107,1.00006103515625,1.999969482421875,1.00006103515625,1.999969482421875,,,983469,24,1,3,0
443,983587,6554,13107,1.00006103515625,1.999969482421875,1.00006103515625,1.999969482421875,,,983595,23,1,3,0
444,983713,6554,13107,1.00006103515625,1.999969482421875,1.00006103515625,1.999969482421875,,,983720,24,1,3,0
445,983838,6554,13107,1.00006103515625,1.999969482421875,1.00006103515625,1.999969482421875,,,983845,24,1,3,0
446,983963,6554,13107,1.00006103515625,1.999969482421875,1.00006103515625,1.999969482421875,,,983970,24,1,3,0
447,984088,6554,13107,1.00006103515625,1.999969482421875,1.00006103515625,1.999969482421875,,,984095,24,1,3,0
448,984214,6554,13107,1.00006103515625,1.999969482421875,1.00006103515625,1.999969482421875,,,984221,23,1,3,0
449,984339,6554,13107,1.00006103515625,1.999969482421875,1.00006103515625,1.999969482421875,,,984346,24,1,3,0
450,984464,6554,13107,1.00006103515625,1.999969482421875,1.00006103515625,1.999969482421875,,,984471,24,1,3,0
451,984589,6554,13107,1.00006103515625,1.999969482421875,1.00006103515625,1.999969482421875,,,984596,24,1,3,0
452,984715,6554,13107,1.00006103515625,1.999969482421875,1.00006103515625,1.999969482421875,,,984722,23,1,3,0
453,984840,6554,13107,1.00006103515625,1.999969482421875,1.00006103515625,1.999969482421875,,,984847,24,1,3,0
454,984965,6554,13107,1.00006103515625,1.999969482421875,1.00006103515625,1.999969482421875,,,984972,24,1,3,0
455,985090,6554,13107,1.00006103515625,1.999969482421875,1.00006103515625,1.999969482421875,,,985097,24,1,3,0
456,985216,6554,13107,1.00006103515625,1.999969482421875,1.00006103515625,1.999969482421875,,,985223,23,1,3,0
457,985341,6554,13107,1.00006103515625,1.999969482421875,1.00006103515625,1.999969482421875,,,985348,24,1,3,0
458,985466,6554,13107,1.00006103515625,1.999969482421875,1.00006103515625,1.999969482421875,,,985473,24,1,3,0
459,985591,6554,13107,1.00006103515625,1.999969482421875,1.00006103515625,1.999969482421875,,,985598,24,1,3,0
460,985717,6554,13107,1.00006103515625,1.999969482421875,1.00006103515625,1.999969482421875,,,985724,23,1,3,0
461,985842,6554,13107,1.00006103515625,1.999969482421875,1.00006103515625,1.999969482421875,,,985849,24,1,3,0
462,985967,6554,13107,1.00006103515625,1.999969482421875,1.00006103515625,1.999969482421875,,,985974,24,1,3,0
463,986092,6554,13107,1.00006103515625,1.999969482421875,1.00006103515625,1.999969482421875,,,986099,24,1,3,0
464,986218,6554,13107,1.00006103515625,1.999969482421875,1.00006103515625,1.999969482421875,,,986225,23,1,3,0
465,986343,6554,13107,1.00006103515625,1.999969482421875,1.00006103515625,1.999969482421875,,,986350,24,1,3,0
466,986468,6554,13107,1.00006103515625,1.999969482421875,1.00006103515625,1.999969482421875,,,986475,24,1,3,0
467,986593,6554,13107,1.00006103515625,1.999969482421875,1.00006103515625,1.999969482421875,,,986600,24,1,3,0
468,986719,6554,13107,1.00006103515625,1.999969482421875,1.00006103515625,1.999969482421875,,,986726,23,1,3,0
469,986844,6554,13107,1.00006103515625,1.999969482421875,1.00006103515625,1.999969482421875,,,986851,24,1,3,0
470,986969,6554,13107,1.00006103515625,1.999969482421875,1.00006103515625,1.999969482421875,,,986976,24,1,3,0
471,987094,6554,13107,1.00006103515625,1.999969482421875,1.00006103515625,1.999969482421875,,,987101,24,1,3,0
472,987220,6554,13107,1.00006103515625,1.999969482421875,1.00006103515625,1.999969482421875,,,987227,23,1,3,0
473,987345,6554,13107,1.00006103515625,1.999969482421875,1.00006103515625,1.999969482421875,,,987352,24,1,3,0
474,987470,6554,13107,1.00006103515625,1.999969482421875,1.00006103515625,1.999969482421875,,,987477,24,1,3,0
475,987596,6554,13107,1.00006103515625,1.999969482421875,1.00006103515625,1.999969482421875,,,987603,23,1,3,0
476,987721,6554,13107,1.00006103515625,1.999969482421875,1.00006103515625,1.999969482421875,,,987728,23,1,3,0
477,987846,6554,13107,1.00006103515625,1.999969482421875,1.00006103515625,1.999969482421875,,,987853,24,1,3,0
478,987971,6554,13107,1.00006103515625,1.999969482421875,1.00006103515625,1.999969482421875,,,987978,24,1,3,0
479,988096,6554,13107,1.00006103515625,1.999969482421875,1.00006103515625,1.999969482421875,,,988103,24,1,3,0
480,988222,6554,13107,1.00006103515625,1.999969482421875,1.00006103515625,1.999969482421875,,,988229,23,1,3,0
481,988347,6554,13107,1.00006103515625,1.999969482421875,1.00006103515625,1.999969482421875,,,988354,24,1,3,0
482,988472,6554,13107,1.00006103515625,1.999969482421875,1.00006103515625,1.999969482421875,,,988479,24,1,3,0
483,988597,6554,13107,1.00006103515625,1.999969482421875,1.00006103515625,1.999969482421875,,,988604,24,1,3,0
484,988723,6554,13107,1.00006103515625,1.999969482421875,1.00006103515625,1.999969482421875,,,988730,23,1,3,0
485,988848,6554,13107,1.00006103515625,1.999969482421875,1.00006103515625,1.999969482421875,,,988855,24,1,3,0
486,988973,6554,13107,1.00006103515625,1.999969482421875,1.00006103515625,1.999969482421875,,,988980,24,1,3,0
487,989098,6554,13107,1.00006103515625,1.999969482421875,1.00006103515625,1.999969482421875,,,989105,24,1,3,0
488,989224,6554,13107,1.00006103515625,1.999969482421875,1.00006103515625,1.999969482421875,,,989231,23,1,3,0
489,989349,6554,13107,1.00006103515625,1.999969482421875,1.00006103515625,1.999969482421875,,,989356,24,1,3,0
490,989474,6554,13107,1.00006103515625,1.999969482421875,1.00006103515625,1.999969482421875,,,989481,24,1,3,0
491,989599,6554,13107,1.00006103515625,1.999969482421875,1.00006103515625,1.999969482421875,,,989606,24,1,3,0
492,989725,6554,13107,1.00006103515625,1.999969482421875,1.00006103515625,1.999969482421875,,,989732,23,1,3,0
493,989850,6554,13107,1.00006103515625,1.999969482421875,1.00006103515625,1.999969482421875,,,989857,24,1,3,0
494,989975,6554,13107,1.00006103515625,1.999969482421875,1.00006103515625,1.999969482421875,,,989982,24,1,3,0
495,990100,6554,13107,1.00006103515625,1.999969482421875,1.00006103515625,1.999969482421875,,,990107,24,1,3,0
496,990226,6554,13107,1.00006103515625,1.999969482421875,1.00006103515625,1.999969482421875,,,990233,23,1,3,0
497,990351,6554,13107,1.00006103515625,1.999969482421875,1.00006103515625,1.999969482421875,,,990358,24,1,3,0
498,990476,6554,13107,1.00006103515625,1.999969482421875,1.00006103515625,1.999969482421875,,,990483,24,1,3,0
499,990602,6554,13107,1.00006103515625,1.999969482421875,1.00006103515625,1.999969482421875,,,990609,23,1,3,0
500,990727,6554,13107,1.00006103515625,1.999969482421875,1.00006103515625,1.999969482421875,,,990734,24,1,3,0
501,990852,6554,13107,1.00006103515625,1.999969482421875,1.00006103515625,1.999969482421875,,,990859,24,1,3,0
502,990977,6554,13107,1.00006103515625,1.999969482421875,1.00006103515625,1.999969482421875,,,990986,23,1,3,0
503,991103,6554,13107,1.00006103515625,1.999969482421875,1.00006103515625,1.999969482421875,,,991110,23,1,3,0
504,991228,6554,13107,1.00006103515625,1.999969482421875,1.00006103515625,1.999969482421875,,,991235,23,1,3,0
505,991353,6554,13107,1.00006103515625,1.999969482421875,1.00006103515625,1.999969482421875,,,991360,24,1,3,0
506,991478,6554,13107,1.00006103515625,1.999969482421875,1.00006103515625,1.999969482421875,,,991485,24,1,3,0
507,991604,6554,13107,1.00006103515625,1.999969482421875,1.00006103515625,1.999969482421875,,,991611,23,1,3,0
508,991729,6554,13107,1.00006103515625,1.999969482421875,1.00006103515625,1.999969482421875,,,991736,23,1,3,0
509,991854,6554,13107,1.00006103515625,1.999969482421875,1.00006103515625,1.999969482421875,,,991861,24,1,3,0
510,991979,6554,13107,1.00006103515625,1.999969482421875,1.00006103515625,1.999969482421875,,,991986,24,1,3,0
511,992105,6554,13107,1.00006103515625,1.999969482421875,1.00006103515625,1.999969482421875,,,992112,23,1,3,0
512,992230,6554,13107,1.00006103515625,1.999969482421875,1.00006103515625,1.999969482421875,,,992237,23,1,3,0
513,992355,6554,13107,1.00006103515625,1.999969482421875,1.00006103515625,1.999969482421875,,,992362,24,1,3,0
514,992480,6554,13107,1.00006103515625,1.999969482421875,1.00006103515625,1.999969482421875,,,992489,24,1,3,0
515,992606,6554,13107,1.00006103515625,1.999969482421875,1.00006103515625,1.999969482421875,,,992613,23,1,3,0
516,992731,6554,13107,1.00006103515625,1.999969482421875,1.00006103515625,1.999969482421875,,,992738,23,1,3,0
517,992856,6554,13107,1.00006103515625,1.999969482421875,1.00006103515625,1.999969482421875,,,992863,24,1,3,0
518,992981,6554,13107,1.00006103515625,1.999969482421875,1.00006103515625,1.999969482421875,,,992988,24,1,3,0
519,993107,6554,13107,1.00006103515625,1.999969482421875,1.00006103515625,1.999969482421875,,,993114,23,1,3,0
520,993232,6554,13107,1.00006103515625,1.999969482421875,1.00006103515625,1.999969482421875,,,993239,23,1,3,0
521,993357,6554,13107,1.00006103515625,1.999969482421875,1.00006103515625,1.999969482421875,,,993364,24,1,3,0
522,993482,6554,13107,1.00006103515625,1.999969482421875,1.00006103515625,1.999969482421875,,,993489,24,1,3,0
523,993608,6554,13107,1.00006103515625,1.999969482421875,1.00006103515625,1.999969482421875,,,993615,23,1,3,0
524,993733,6554,13107,1.00006103515625,1.999969482421875,1.00006103515625,1.999969482421875,,,993740,23,1,3,0
525,993858,6554,13107,1.00006103515625,1.999969482421875,1.00006103515625,1.999969482421875,,,993865,24,1,3,0
526,993983,6554,13107,1.00006103515625,1.999969482421875,1.00006103515625,1.999969482421875,,,993990,24,1,3,0
527,994109,6554,13107,1.00006103515625,1.999969482421875,1.00006103515625,1.999969482421875,,,994116,23,1,3,0
528,994234,6554,13107,1.00006103515625,1.999969482421875,1.00006103515625,1.999969482421875,,,994241,23,1,3,0
529,994359,6554,13107,1.00006103515625,1.999969482421875,1.00006103515625,1.999969482421875,,,994366,24,1,3,0
530,994484,6554,13107,1.00006103515625,1.999969482421875,1.00006103515625,1.999969482421875,,,994492,23,1,3,0
531,994610,6554,13107,1.00006103515625,1.999969482421875,1.00006103515625,1.999969482421875,,,994617,26,1,3,0
532,994735,6554,13107,1.00006103515625,1.999969482421875,1.00006103515625,1.999969482421875,,,994742,23,1,3,0
533,994860,6554,13107,1.00006103515625,1.999969482421875,1.00006103515625,1.999969482421875,,,994867,24,1,3,0
534,994985,6554,13107,1.00006103515625,1.999969482421875,1.00006103515625,1.999969482421875,,,994992,24,1,3,0
535,995111,6554,13107,1.00006103515625,1.999969482421875,1.00006103515625,1.999969482421875,,,995118,23,1,3,0
536,995236,6554,13107,1.00006103515625,1.999969482421875,1.00006103515625,1.999969482421875,,,995243,23,1,3,0
537,995361,6554,13107,1.00006103515625,1.999969482421875,1.00006103515625,1.999969482421875,,,995368,24,1,3,0
538,995486,6554,13107,1.00006103515625,1.999969482421875,1.00006103515625,1.999969482421875,,,995493,24,1,3,0
539,995612,6554,13107,1.00006103515625,1.999969482421875,1.00006103515625,1.999969482421875,,,995619,25,1,3,0
540,995737,6554,13107,1.00006103515625,1.999969482421875,1.00006103515625,1.999969482421875,,,995744,24,1,3,0
541,995862,6554,13107,1.00006103515625,1.999969482421875,1.00006103515625,1.999969482421875,,,995869,24,1,3,0
542,995987,6554,13107,1.00006103515625,1.999969482421875,1.00006103515625,1.999969482421875,,,995994,24,1,3,0
543,996113,6554,13107,1.00006103515625,1.999969482421875,1.00006103515625,1.999969482421875,,,996120,23,1,3,0
544,996238,6554,13107,1.00006103515625,1.999969482421875,1.00006103515625,1.999969482421875,,,996245,24,1,3,0
545,996363,6554,13107,1.00006103515625,1.999969482421875,1.00006103515625,1.999969482421875,,,996370,24,1,3,0
546,996488,6554,13107,1.00006103515625,1.999969482421875,1.00006103515625,1.999969482421875,,,996495,24,1,3,0
547,996614,6554,13107,1.00006103515625,1.999969482421875,1.00006103515625,1.999969482421875,,,996621,23,1,3,0
548,996739,6554,13107,1.00006103515625,1.999969482421875,1.00006103515625,1.999969482421875,,,996746,24,1,3,0
549,996864,6554,13107,1.00006103515625,1.999969482421875,1.00006103515625,1.999969482421875,,,996871,24,1,3,0
550,996989,6554,13107,1.00006103515625,1.999969482421875,1.00006103515625,1.999969482421875,,,996996,24,1,3,0
551,997115,6554,13107,1.00006103515625,1.999969482421875,1.00006103515625,1.999969482421875,,,997122,23,1,3,0
552,997240,6554,13107,1.00006103515625,1.999969482421875,1.00006103515625,1.999969482421875,,,997247,24,1,3,0
553,997365,6554,13107,1.00006103515625,1.999969482421875,1.00006103515625,1.999969482421875,,,997372,24,1,3,0
554,997490,6554,13107,1.00006103515625,1.999969482421875,1.00006103515625,1.999969482421875,,,997497,24,1,3,0
555,997616,6554,13107,1.00006103515625,1.999969482421875,1.00006103515625,1.999969482421875,,,997623,23,1,3,0
556,997741,6554,13107,1.00006103515625,1.999969482421875,1.00006103515625,1.999969482421875,,,997748,24,1,3,0
557,997866,6554,13107,1.00006103515625,1.999969482421875,1.00006103515625,1.999969482421875,,,997873,24,1,3,0
558,997991,6554,13107,1.00006103515625,1.999969482421875,1.00006103515625,1.999969482421875,,,997998,24,1,3,0
559,998117,6554,13107,1.00006103515625,1.999969482421875,1.00006103515625,1.999969482421875,,,998124,23,1,3,0
560,998242,6554,13107,1.00006103515625,1.999969482421875,1.00006103515625,1.999969482421875,,,998249,24,1,3,0
561,998367,6554,13107,1.00006103515625,1.999969482421875,1.00006103515625,1.999969482421875,,,998374,24,1,3,0
562,998492,6554,13107,1.00006103515625,1.999969482421875,1.00006103515625,1.999969482421875,,,998500,23,1,3,0
563,998618,6554,13107,1.00006103515625,1.999969482421875,1.00006103515625,1.999969482421875,,,998625,23,1,3,0
564,998743,6554,13107,1.00006103515625,1.999969482421875,1.00006103515625,1.999969482421875,,,998750,24,1,3,0
565,998868,6554,13107,1.00006103515625,1.999969482421875,1.00006103515625,1.999969482421875,,,998875,24,1,3,0
566,998993,6554,13107,1.00006103515625,1.999969482421875,1.00006103515625,1.999969482421875,,,999000,24,1,3,0
567,999119,6554,13107,1.00006103515625,1.999969482421875,1.00006103515625,1.999969482421875,,,999126,23,1,3,0
568,999244,6554,13107,1.00006103515625,1.999969482421875,1.00006103515625,1.999969482421875,,,999251,24,1,3,0
569,999369,6554,13107,1.00006103515625,1.999969482421875,1.00006103515625,1.999969482421875,,,999376,24,1,3,0
570,999494,6554,13107,1.00006103515625,1.999969482421875,1.00006103515625,1.999969482421875,,,999502,23,1,3,0
571,999620,6554,13107,1.00006103515625,1.999969482421875,1.00006103515625,1.999969482421875,,,999627,23,1,3,0
572,999745,6554,13107,1.00006103515625,1.999969482421875,1.00006103515625,1.999969482421875,,,999752,24,1,3,0
573,999870,6554,13107,1.00006103515625,1.999969482421875,1.00006103515625,1.999969482421875,,,999877,24,1,3,0
574,999995,6554,13107,1.00006103515625,1.999969482421875,1.00006103515625,1.999969482421875,,,1000002,24,1,3,0
575,1000121,6554,13107,1.00006103515625,1.999969482421875,1.00006103515625,1.999969482421875,,,1000128,23,1,3,0
576,1000246,6554,13107,1.00006103515625,1.999969482421875,1.00006103515625,1.999969482421875,,,1000253,24,1,3,0
577,1000371,6554,13107,1.00006103515625,1.999969482421875,1.00006103515625,1.999969482421875,,,1000378,24,1,3,0
578,1000496,6554,13107,1.00006103515625,1.999969482421875,1.00006103515625,1.999969482421875,,,1000503,24,1,3,0
579,1000622,6554,13107,1.00006103515625,1.999969482421875,1.00006103515625,1.999969482421875,,,1000629,23,1,3,0
580,1000747,6554,13107,1.00006103515625,1.999969482421875,1.00006103515625,1.999969482421875,,,1000754,24,1,3,0
581,1000872,6554,13107,1.00006103515625,1.999969482421875,1.00006103515625,1.999969482421875,,,1000879,24,1,3,0
582,1000997,6554,13107,1.00006103515625,1.999969482421875,1.00006103515625,1.999969482421875,,,1001004,24,1,3,0
583,1001123,6554,13107,1.00006103515625,1.999969482421875,1.00006103515625,1.999969482421875,,,1001130,23,1,3,0
584,1001248,6554,13107,1.00006103515625,1.999969482421875,1.00006103515625,1.999969482421875,,,1001255,24,1,3,0
585,1001373,6554,13107,1.00006103515625,1.999969482421875,1.00006103515625,1.999969482421875,,,1001380,24,1,3,0
586,1001498,6554,13107,1.00006103515625,1.999969482421875,1.00006103515625,1.999969482421875,,,1001506,23,1,3,0
587,1001624,6554,13107,1.00006103515625,1.999969482421875,1.00006103515625,1.999969482421875,,,1001631,23,1,3,0
588,1001749,6554,13107,1.00006103515625,1.999969482421875,1.00006103515625,1.999969482421875,,,1001756,24,1,3,0
589,1001874,6554,13107,1.00006103515625,1.999969482421875,1.00006103515625,1.999969482421875,,,1001881,24,1,3,0
590,1001999,6554,13107,1.00006103515625,1.999969482421875,1.00006103515625,1.999969482421875,,,1002006,24,1,3,0
591,1002125,6554,13107,1.00006103515625,1.999969482421875,1.00006103515625,1.999969482421875,,,1002132,23,1,3,0
592,1002250,6554,13107,1.00006103515625,1.999969482421875,1.00006103515625,1.999969482421875,,,1002257,24,1,3,0
593,1002375,6554,13107,1.00006103515625,1.999969482421875,1.00006103515625,1.999969482421875,,,1002382,24,1,3,0
594,1002500,6554,13107,1.00006103515625,1.999969482421875,1.00006103515625,1.999969482421875,,,1002508,23,1,3,0
595,1002626,6554,13107,1.00006103515625,1.999969482421875,1.00006103515625,1.999969482421875,,,1002633,23,1,3,0
596,1002751,6554,13107,1.00006103515625,1.999969482421875,1.00006103515625,1.999969482421875,,,1002758,24,1,3,0
597,1002876,6554,13107,1.00006103515625,1.999969482421875,1.00006103515625,1.999969482421875,,,1002883,24,1,3,0
598,1003001,6554,13107,1.00006103515625,1.999969482421875,1.00006103515625,1.999969482421875,,,1003008,24,1,3,0
599,1003127,6554,13107,1.00006103515625,1.999969482421875,1.00006103515625,1.999969482421875,,,1003134,23,1,3,0
600,1003252,6554,13107,1.00006103515625,1.999969482421875,1.00006103515625,1.999969482421875,,,1003259,24,1,3,0
601,1003377,6554,13107,1.00006103515625,1.999969482421875,1.00006103515625,1.999969482421875,,,1003384,24,1,3,0
602,1003502,6554,13107,1.00006103515625,1.999969482421875,1.00006103515625,1.999969482421875,,,1003509,24,1,3,0
603,1003628,6554,13107,1.00006103515625,1.999969482421875,1.00006103515625,1.999969482421875,,,1003635,26,1,3,0
604,1003753,6554,13107,1.00006103515625,1.999969482421875,1.00006103515625,1.999969482421875,,,1003760,24,1,3,0
605,1003878,6554,13107,1.00006103515625,1.999969482421875,1.00006103515625,1.999969482421875,,,1003885,24,1,3,0
606,1004003,6554,13107,1.00006103515625,1.999969482421875,1.00006103515625,1.999969482421875,,,1004010,24,1,3,0
607,1004129,6554,13107,1.00006103515625,1.999969482421875,1.00006103515625,1.999969482421875,,,1004136,23,1,3,0
608,1004254,6554,13107,1.00006103515625,1.999969482421875,1.00006103515625,1.999969482421875,,,1004261,24,1,3,0
609,1004379,6554,13107,1.00006103515625,1.999969482421875,1.00006103515625,1.999969482421875,,,1004386,24,1,3,0
610,1004504,6554,13107,1.00006103515625,1.999969482421875,1.00006103515625,1.999969482421875,,,1004511,24,1,3,0
611,1004630,6554,13107,1.00006103515625,1.999969482421875,1.00006103515625,1.999969482421875,,,1004637,26,1,3,0
612,1004755,6554,13107,1.00006103515625,1.999969482421875,1.00006103515625,1.999969482421875,,,1004762,24,1,3,0
613,1004880,6554,13107,1.00006103515625,1.999969482421875,1.00006103515625,1.999969482421875,,,1004887,24,1,3,0
614,1005005,6554,13107,1.00006103515625,1.999969482421875,1.00006103515625,1.999969482421875,,,1005012,24,1,3,0
615,1005131,6554,13107,1.00006103515625,1.999969482421875,1.00006103515625,1.999969482421875,,,1005138,23,1,3,0
616,1005256,6554,13107,1.00006103515625,1.999969482421875,1.00006103515625,1.999969482421875,,,1005263,24,1,3,0
617,1005381,6554,13107,1.00006103515625,1.999969482421875,1.00006103515625,1.999969482421875,,,1005388,24,1,3,0
618,1005506,6554,13107,1.00006103515625,1.999969482421875,1.00006103515625,1.999969482421875,,,1005513,24,1,3,0
619,1005632,6554,13107,1.00006103515625,1.999969482421875,1.00006103515625,1.999969482421875,,,1005639,26,1,3,0
620,1005757,6554,13107,1.00006103515625,1.999969482421875,1.00006103515625,1.999969482421875,,,1005764,24,1,3,0
621,1005882,6554,13107,1.00006103515625,1.999969482421875,1.00006103515625,1.999969482421875,,,1005889,24,1,3,0
622,1006008,6554,13107,1.00006103515625,1.999969482421875,1.00006103515625,1.999969482421875,,,1006015,23,1,3,0
623,1006133,6554,13107,1.00006103515625,1.999969482421875,1.00006103515625,1.999969482421875,,,1006140,23,1,3,0
624,1006258,6554,13107,1.00006103515625,1.999969482421875,1.00006103515625,1.999969482421875,,,1006265,24,1,3,0
625,1006383,6554,13107,1.00006103515625,1.999969482421875,1.00006103515625,1.999969482421875,,,1006390,24,1,3,0
626,1006509,6554,13107,1.00006103515625,1.999969482421875,1.00006103515625,1.999969482421875,,,1006517,23,1,3,0
627,1006634,6554,13107,1.00006103515625,1.999969482421875,1.00006103515625,1.999969482421875,,,1006643,24,1,3,0
628,1006759,6554,13107,1.00006103515625,1.999969482421875,1.00006103515625,1.999969482421875,,,1006766,24,1,3,0
629,1006884,6554,13107,1.00006103515625,1.999969482421875,1.00006103515625,1.999969482421875,,,1006891,24,1,3,0
630,1007010,6554,13107,1.00006103515625,1.999969482421875,1.00006103515625,1.999969482421875,,,1007017,23,1,3,0
631,1007135,6554,13107,1.00006103515625,1.999969482421875,1.00006103515625,1.999969482421875,,,1007143,23,1,3,0
632,1007260,6554,13107,1.00006103515625,1.999969482421875,1.00006103515625,1.999969482421875,,,1007267,24,1,3,0
633,1007385,6554,13107,1.00006103515625,1.999969482421875,1.00006103515625,1.999969482421875,,,1007392,24,1,3,0
634,1007511,6554,13107,1.00006103515625,1.999969482421875,1.00006103515625,1.999969482421875,,,1007518,23,1,3,0
635,1007636,6554,13107,1.00006103515625,1.999969482421875,1.00006103515625,1.999969482421875,,,1007644,24,1,3,0
636,1007761,6554,13107,1.00006103515625,1.999969482421875,1.00006103515625,1.999969482421875,,,1007768,24,1,3,0
637,1007886,6554,13107,1.00006103515625,1.999969482421875,1.00006103515625,1.999969482421875,,,1007893,24,1,3,0
638,1008012,6554,13107,1.00006103515625,1.999969482421875,1.00006103515625,1.999969482421875,,,1008019,23,1,3,0
639,1008137,6554,13107,1.00006103515625,1.999969482421875,1.00006103515625,1.999969482421875,,,1008145,24,1,3,0
640,1008262,6554,13107,1.00006103515625,1.999969482421875,1.00006103515625,1.999969482421875,,,1008269,24,1,3,0
641,1008387,6554,13107,1.00006103515625,1.999969482421875,1.00006103515625,1.999969482421875,,,1008396,23,1,3,0
642,1008513,6554,13107,1.00006103515625,1.999969482421875,1.00006103515625,1.999969482421875,,,1008520,24,1,3,0
643,1008638,6554,13107,1.00006103515625,1.999969482421875,1.00006103515625,1.999969482421875,,,1008646,24,1,3,0
644,1008763,6554,13107,1.00006103515625,1.999969482421875,1.00006103515625,1.999969482421875,,,1008770,24,1,3,0
645,1008888,6554,13107,1.00006103515625,1.999969482421875,1.00006103515625,1.999969482421875,,,1008895,24,1,3,0
646,1009014,6554,13107,1.00006103515625,1.999969482421875,1.00006103515625,1.999969482421875,,,1009021,23,1,3,0
647,1009139,6554,13107,1.00006103515625,1.999969482421875,1.00006103515625,1.999969482421875,,,1009146,24,1,3,0
648,1009264,6554,13107,1.00006103515625,1.999969482421875,1.00006103515625,1.999969482421875,,,1009271,24,1,3,0
649,1009389,6554,13107,1.00006103515625,1.999969482421875,1.00006103515625,1.999969482421875,,,1009397,24,1,3,0
650,1009515,6554,13107,1.00006103515625,1.999969482421875,1.00006103515625,1.999969482421875,,,1009522,23,1,3,0
651,1009640,6554,13107,1.00006103515625,1.999969482421875,1.00006103515625,1.999969482421875,,,1009648,24,1,3,0
652,1009765,6554,13107,1.00006103515625,1.999969482421875,1.00006103515625,1.999969482421875,,,1009772,24,1,3,0
653,1009890,6554,13107,1.00006103515625,1.999969482421875,1.00006103515625,1.999969482421875,,,1009897,24,1,3,0
654,1010016,6554,13107,1.00006103515625,1.999969482421875,1.00006103515625,1.999969482421875,,,1010023,23,1,3,0
655,1010141,6554,13107,1.00006103515625,1.999969482421875,1.00006103515625,1.999969482421875,,,1010148,23,1,3,0
656,1010266,6554,13107,1.00006103515625,1.999969482421875,1.00006103515625,1.999969482421875,,,1010273,24,1,3,0
657,1010391,6554,13107,1.00006103515625,1.999969482421875,1.00006103515625,1.999969482421875,,,1010398,24,1,3,0
658,1010517,6554,13107,1.00006103515625,1.999969482421875,1.00006103515625,1.999969482421875,,,1010524,23,1,3,0
659,1010643,6554,13107,1.00006103515625,1.999969482421875,1.00006103515625,1.999969482421875,,,1010650,23,1,3,0
660,1010768,6554,13107,1.00006103515625,1.999969482421875,1.00006103515625,1.999969482421875,,,1010775,23,1,3,0
661,1010893,6554,13107,1.00006103515625,1.999969482421875,1.00006103515625,1.999969482421875,,,1010900,24,1,3,0
662,1011018,6554,13107,1.00006103515625,1.999969482421875,1.00006103515625,1.999969482421875,,,1011025,24,1,3,0
663,1011144,6554,13107,1.00006103515625,1.999969482421875,1.00006103515625,1.999969482421875,,,1011151,23,1,3,0
664,1011269,6554,13107,1.00006103515625,1.999969482421875,1.00006103515625,1.999969482421875,,,1011276,23,1,3,0
665,1011394,6554,13107,1.00006103515625,1.999969482421875,1.00006103515625,1.999969482421875,,,1011401,24,1,3,0
666,1011519,6554,13107,1.00006103515625,1.999969482421875,1.00006103515625,1.999969482421875,,,1011527,23,1,3,0
667,1011645,6554,13107,1.00006103515625,1.999969482421875,1.00006103515625,1.999969482421875,,,1011652,23,1,3,0
668,1011770,6554,13107,1.00006103515625,1.999969482421875,1.00006103515625,1.999969482421875,,,1011777,24,1,3,0
669,1011895,6554,13107,1.00006103515625,1.999969482421875,1.00006103515625,1.999969482421875,,,1011902,24,1,3,0
670,1012021,6554,13107,1.00006103515625,1.999969482421875,1.00006103515625,1.999969482421875,,,1012028,23,1,3,0
671,1012146,6554,13107,1.00006103515625,1.999969482421875,1.00006103515625,1.999969482421875,,,1012153,23,1,3,0
672,1012271,6554,13107,1.00006103515625,1.999969482421875,1.00006103515625,1.999969482421875,,,1012278,24,1,3,0
673,1012396,6554,13107,1.00006103515625,1.999969482421875,1.00006103515625,1.999969482421875,,,1012403,24,1,3,0
674,1012522,6554,13107,1.00006103515625,1.999969482421875,1.00006103515625,1.999969482421875,,,1012529,23,1,3,0
675,1012647,6554,13107,1.00006103515625,1.999969482421875,1.00006103515625,1.999969482421875,,,1012654,24,1,3,0
676,1012772,6554,13107,1.00006103515625,1.999969482421875,1.00006103515625,1.999969482421875,,,1012779,24,1,3,0
677,1012897,6554,13107,1.00006103515625,1.999969482421875,1.00006103515625,1.999969482421875,,,1012904,24,1,3,0
678,1013023,6554,13107,1.00006103515625,1.999969482421875,1.00006103515625,1.999969482421875,,,1013030,23,1,3,0
679,1013148,6554,13107,1.00006103515625,1.999969482421875,1.00006103515625,1.999969482421875,,,1013155,24,1,3,0
680,1013273,6554,13107,1.00006103515625,1.999969482421875,1.00006103515625,1.999969482421875,,,1013280,24,1,3,0
681,1013398,6554,13107,1.00006103515625,1.999969482421875,1.00006103515625,1.999969482421875,,,1013405,24,1,3,0
682,1013524,6554,13107,1.00006103515625,1.999969482421875,1.00006103515625,1.999969482421875,,,1013531,23,1,3,0
683,1013649,6554,13107,1.00006103515625,1.999969482421875,1.00006103515625,1.999969482421875,,,1013656,24,1,3,0
684,1013774,6554,13107,1.00006103515625,1.999969482421875,1.00006103515625,1.999969482421875,,,1013781,24,1,3,0
685,1013899,6554,13107,1.00006103515625,1.999969482421875,1.00006103515625,1.999969482421875,,,1013906,24,1,3,0
686,1014025,6554,13107,1.00006103515625,1.999969482421875,1.00006103515625,1.999969482421875,,,1014032,23,1,3,0
687,1014150,6554,13107,1.00006103515625,1.999969482421875,1.00006103515625,1.999969482421875,,,1014157,24,1,3,0
688,1014275,6554,13107,1.00006103515625,1.999969482421875,1.00006103515625,1.999969482421875,,,1014282,24,1,3,0
689,1014400,6554,13107,1.00006103515625,1.999969482421875,1.00006103515625,1.999969482421875,,,1014407,24,1,3,0
690,1014526,6554,13107,1.00006103515625,1.999969482421875,1.00006103515625,1.999969482421875,,,1014533,23,1,3,0
691,1014651,6554,13107,1.00006103515625,1.999969482421875,1.00006103515625,1.999969482421875,,,1014658,24,1,3,0
692,1014776,6554,13107,1.00006103515625,1.999969482421875,1.00006103515625,1.999969482421875,,,1014783,24,1,3,0
693,1014902,6554,13107,1.00006103515625,1.999969482421875,1.00006103515625,1.999969482421875,,,1014909,23,1,3,0
694,1015027,6554,13107,1.00006103515625,1.999969482421875,1.00006103515625,1.999969482421875,,,1015034,23,1,3,0
695,1015152,6554,13107,1.00006103515625,1.999969482421875,1.00006103515625,1.999969482421875,,,1015159,24,1,3,0
696,1015277,6554,13107,1.00006103515625,1.999969482421875,1.00006103515625,1.999969482421875,,,1015284,24,1,3,0
697,1015403,6554,13107,1.00006103515625,1.999969482421875,1.00006103515625,1.999969482421875,,,1015410,23,1,3,0
698,1015528,6554,13107,1.00006103515625,1.999969482421875,1.00006103515625,1.999969482421875,,,1015535,23,1,3,0
699,1015653,6554,13107,1.00006103515625,1.999969482421875,1.00006103515625,1.999969482421875,,,1015660,24,1,3,0
700,1015778,6554,13107,1.00006103515625,1.999969482421875,1.00006103515625,1.999969482421875,,,1015786,23,1,3,0
701,1015904,6554,13107,1.00006103515625,1.999969482421875,1.00006103515625,1.999969482421875,,,1015911,23,1,3,0
702,1016029,6554,13107,1.00006103515625,1.999969482421875,1.00006103515625,1.999969482421875,,,1016036,24,1,3,0
703,1016154,6554,13107,1.00006103515625,1.999969482421875,1.00006103515625,1.999969482421875,,,1016161,24,1,3,0
704,1016279,6554,13107,1.00006103515625,1.999969482421875,1.00006103515625,1.999969482421875,,,1016286,24,1,3,0
705,1016405,6554,13107,1.00006103515625,1.999969482421875,1.00006103515625,1.999969482421875,,,1016412,23,1,3,0
706,1016530,6554,13107,1.00006103515625,1.999969482421875,1.00006103515625,1.999969482421875,,,1016537,24,1,3,0
707,1016655,6554,13107,1.00006103515625,1.999969482421875,1.00006103515625,1.999969482421875,,,1016662,24,1,3,0
708,1016780,6554,13107,1.00006103515625,1.999969482421875,1.00006103515625,1.999969482421875,,,1016787,24,1,3,0
709,1016906,6554,13107,1.00006103515625,1.999969482421875,1.00006103515625,1.999969482421875,,,1016913,23,1,3,0
710,1017031,6554,13107,1.00006103515625,1.999969482421875,1.00006103515625,1.999969482421875,,,1017038,24,1,3,0
711,1017156,6554,13107,1.00006103515625,1.999969482421875,1.00006103515625,1.999969482421875,,,1017163,24,1,3,0
712,1017281,6554,13107,1.00006103515625,1.999969482421875,1.00006103515625,1.999969482421875,,,1017288,24,1,3,0
713,1017407,6554,13107,1.00006103515625,1.999969482421875,1.00006103515625,1.999969482421875,,,1017414,23,1,3,0
714,1017532,6554,13107,1.00006103515625,1.999969482421875,1.00006103515625,1.999969482421875,,,1017539,24,1,3,0
715,1017657,6554,13107,1.00006103515625,1.999969482421875,1.00006103515625,1.999969482421875,,,1017664,24,1,3,0
716,1017782,6554,13107,1.00006103515625,1.999969482421875,1.00006103515625,1.999969482421875,,,1017789,24,1,3,0
717,1017908,6554,13107,1.00006103515625,1.999969482421875,1.00006103515625,1.999969482421875,,,1017915,23,1,3,0
718,1018033,6554,13107,1.00006103515625,1.999969482421875,1.00006103515625,1.999969482421875,,,1018040,24,1,3,0
719,1018158,6554,13107,1.00006103515625,1.999969482421875,1.00006103515625,1.999969482421875,,,1018165,24,1,3,0
720,1018283,6554,13107,1.00006103515625,1.999969482421875,1.00006103515625,1.999969482421875,,,1018290,24,1,3,0
721,1018409,6554,13107,1.00006103515625,1.999969482421875,1.00006103515625,1.999969482421875,,,1018416,23,1,3,0
722,1018534,6554,13107,1.00006103515625,1.999969482421875,1.00006103515625,1.999969482421875,,,1018541,24,1,3,0
723,1018659,6554,13107,1.00006103515625,1.999969482421875,1.00006103515625,1.999969482421875,,,1018666,24,1,3,0
724,1018784,6554,13107,1.00006103515625,1.999969482421875,1.00006103515625,1.999969482421875,,,1018791,24,1,3,0
725,1018910,6554,13107,1.00006103515625,1.999969482421875,1.00006103515625,1.999969482421875,,,1018917,23,1,3,0
726,1019035,6554,13107,1.00006103515625,1.999969482421875,1.00006103515625,1.999969482421875,,,1019042,24,1,3,0
727,1019160,6554,13107,1.00006103515625,1.999969482421875,1.00006103515625,1.999969482421875,,,1019167,24,1,3,0
728,1019285,6554,13107,1.00006103515625,1.999969482421875,1.00006103515625,1.999969482421875,,,1019292,24,1,3,0
729,1019411,6554,13107,1.00006103515625,1.999969482421875,1.00006103515625,1.999969482421875,,,1019418,23,1,3,0
730,1019536,6554,13107,1.00006103515625,1.999969482421875,1.00006103515625,1.999969482421875,,,1019543,24,1,3,0
731,1019661,6554,13107,1.00006103515625,1.999969482421875,1.00006103515625,1.999969482421875,,,1019668,24,1,3,0
732,1019786,6554,13107,1.00006103515625,1.999969482421875,1.00006103515625,1.999969482421875,,,1019793,24,1,3,0
733,1019912,6554,13107,1.00006103515625,1.999969482421875,1.00006103515625,1.999969482421875,,,1019919,23,1,3,0
734,1020037,6554,13107,1.00006103515625,1.999969482421875,1.00006103515625,1.999969482421875,,,1020044,24,1,3,0
735,1020162,6554,13107,1.00006103515625,1.999969482421875,1.00006103515625,1.999969482421875,,,1020169,24,1,3,0
736,1020287,6554,13107,1.00006103515625,1.999969482421875,1.00006103515625,1.999969482421875,,,1020294,24,1,3,0
737,1020413,6554,13107,1.00006103515625,1.999969482421875,1.00006103515625,1.999969482421875,,,1020420,23,1,3,0
738,1020538,6554,13107,1.00006103515625,1.999969482421875,1.00006103515625,1.999969482421875,,,1020545,24,1,3,0
739,1020663,6554,13107,1.00006103515625,1.999969482421875,1.00006103515625,1.999969482421875,,,1020670,24,1,3,0
740,1020788,6554,13107,1.00006103515625,1.999969482421875,1.00006103515625,1.999969482421875,,,1020795,24,1,3,0
741,1020914,6554,13107,1.00006103515625,1.999969482421875,1.00006103515625,1.999969482421875,,,1020921,24,1,3,0
742,1021039,6554,13107,1.00006103515625,1.999969482421875,1.00006103515625,1.999969482421875,,,1021046,24,1,3,0
743,1021164,6554,13107,1.00006103515625,1.999969482421875,1.00006103515625,1.999969482421875,,,1021171,24,1,3,0
744,1021289,6554,13107,1.00006103515625,1.999969482421875,1.00006103515625,1.999969482421875,,,1021296,24,1,3,0
745,1021415,6554,13107,1.00006103515625,1.999969482421875,1.00006103515625,1.999969482421875,,,1021422,23,1,3,0
746,1021540,6554,13107,1.00006103515625,1.999969482421875,1.00006103515625,1.999969482421875,,,1021547,24,1,3,0
747,1021665,6554,13107,1.00006103515625,1.999969482421875,1.00006103515625,1.999969482421875,,,1021672,24,1,3,0
748,1021790,6554,13107,1.00006103515625,1.999969482421875,1.00006103515625,1.999969482421875,,,1021797,24,1,3,0
749,1021916,6554,13107,1.00006103515625,1.999969482421875,1.00006103515625,1.999969482421875,,,1021923,23,1,3,0
750,1022041,6554,13107,1.00006103515625,1.999969482421875,1.00006103515625,1.999969482421875,,,1022048,24,1,3,0
751,1022166,6554,13107,1.00006103515625,1.999969482421875,1.00006103515625,1.999969482421875,,,1022173,24,1,3,0
752,1022291,6554,13107,1.00006103515625,1.999969482421875,1.00006103515625,1.999969482421875,,,1022298,24,1,3,0
753,1022417,6554,13107,1.00006103515625,1.999969482421875,1.00006103515625,1.999969482421875,,,1022424,23,1,3,0
754,1022542,6554,13107,1.00006103515625,1.999969482421875,1.00006103515625,1.999969482421875,,,1022549,24,1,3,0
755,1022667,6554,13107,1.00006103515625,1.999969482421875,1.00006103515625,1.999969482421875,,,1022674,24,1,3,0
756,1022792,6554,13107,1.00006103515625,1.999969482421875,1.00006103515625,1.999969482421875,,,1022799,24,1,3,0
757,1022918,6554,13107,1.00006103515625,1.999969482421875,1.00006103515625,1.999969482421875,,,1022925,23,1,3,0
758,1023043,6554,13107,1.00006103515625,1.999969482421875,1.00006103515625,1.999969482421875,,,1023050,24,1,3,0
759,1023168,6554,13107,1.00006103515625,1.999969482421875,1.00006103515625,1.999969482421875,,,1023175,24,1,3,0
760,1023293,6554,13107,1.00006103515625,1.999969482421875,1.00006103515625,1.999969482421875,,,1023300,24,1,3,0
761,1023419,6554,13107,1.00006103515625,1.999969482421875,1.00006103515625,1.999969482421875,,,1023426,23,1,3,0
762,1023544,6554,13107,1.00006103515625,1.999969482421875,1.00006103515625,1.999969482421875,,,1023552,23,1,3,0
763,1023669,6554,13107,1.00006103515625,1.999969482421875,1.00006103515625,1.999969482421875,,,1023676,24,1,3,0
764,1023794,6554,13107,1.00006103515625,1.999969482421875,1.00006103515625,1.999969482421875,,,1023801,24,1,3,0
765,1023920,6554,13107,1.00006103515625,1.999969482421875,1.00006103515625,1.999969482421875,,,1023927,23,1,3,0
766,1024045,6554,13107,1.00006103515625,1.999969482421875,1.00006103515625,1.999969482421875,,,1024052,24,1,3,0
767,1024170,6554,13107,1.00006103515625,1.999969482421875,1.00006103515625,1.999969482421875,,,1024177,24,1,3,0
768,1024295,6554,13107,1.00006103515625,1.999969482421875,1.00006103515625,1.999969482421875,,,1024302,24,1,3,0
769,1024421,6554,13107,1.00006103515625,1.999969482421875,1.00006103515625,1.999969482421875,,,1024428,23,1,3,0
770,1024546,6554,13107,1.00006103515625,1.999969482421875,1.00006103515625,1.999969482421875,,,1024553,24,1,3,0
771,1024671,6554,13107,1.00006103515625,1.999969482421875,1.00006103515625,1.999969482421875,,,1024678,24,1,3,0
772,1024796,6554,13107,1.00006103515625,1.999969482421875,1.00006103515625,1.999969482421875,,,1024803,24,1,3,0
773,1024922,6554,13107,1.00006103515625,1.999969482421875,1.00006103515625,1.999969482421875,,,1024929,23,1,3,0
774,1025047,6554,13107,1.00006103515625,1.999969482421875,1.00006103515625,1.999969482421875,,,1025054,24,1,3,0
775,1025172,6554,13107,1.00006103515625,1.999969482421875,1.00006103515625,1.999969482421875,,,1025179,24,1,3,0
776,1025297,6554,13107,1.00006103515625,1.999969482421875,1.00006103515625,1.999969482421875,,,1025304,24,1,3,0
777,1025423,6554,13107,1.00006103515625,1.999969482421875,1.00006103515625,1.999969482421875,,,1025430,23,1,3,0
778,1025548,6554,13107,1.00006103515625,1.999969482421875,1.00006103515625,1.999969482421875,,,1025555,24,1,3,0
779,1025673,6554,13107,1.00006103515625,1.999969482421875,1.00006103515625,1.999969482421875,,,1025681,23,1,3,0
780,1025798,6554,13107,1.00006103515625,1.999969482421875,1.00006103515625,1.999969482421875,,,1025806,23,1,3,0
781,1025924,6554,13107,1.00006103515625,1.999969482421875,1.00006103515625,1.999969482421875,,,1025931,23,1,3,0
782,1026049,6554,13107,1.00006103515625,1.999969482421875,1.00006103515625,1.999969482421875,,,1026056,24,1,3,0
783,1026174,6554,13107,1.00006103515625,1.999969482421875,1.00006103515625,1.999969482421875,,,1026181,24,1,3,0
784,1026299,6554,13107,1.00006103515625,1.999969482421875,1.00006103515625,1.999969482421875,,,1026306,24,1,3,0
785,1026425,6554,13107,1.00006103515625,1.999969482421875,1.00006103515625,1.999969482421875,,,1026432,23,1,3,0
786,1026550,6554,13107,1.00006103515625,1.999969482421875,1.00006103515625,1.999969482421875,,,1026557,24,1,3,0
787,1026675,6554,13107,1.00006103515625,1.999969482421875,1.00006103515625,1.999969482421875,,,1026682,24,1,3,0
788,1026800,6554,13107,1.00006103515625,1.999969482421875,1.00006103515625,1.999969482421875,,,1026807,24,1,3,0
789,1026926,6554,13107,1.00006103515625,1.999969482421875,1.00006103515625,1.999969482421875,,,1026933,23,1,3,0
790,1027051,6554,13107,1.00006103515625,1.999969482421875,1.00006103515625,1.999969482421875,,,1027058,24,1,3,0
791,1027176,6554,13107,1.00006103515625,1.999969482421875,1.00006103515625,1.999969482421875,,,1027183,24,1,3,0
792,1027301,6554,13107,1.00006103515625,1.999969482421875,1.00006103515625,1.999969482421875,,,1027308,24,1,3,0
793,1027427,6554,13107,1.00006103515625,1.999969482421875,1.00006103515625,1.999969482421875,,,1027434,23,1,3,0
794,1027552,6554,13107,1.00006103515625,1.999969482421875,1.00006103515625,1.999969482421875,,,1027559,24,1,3,0
795,1027677,6554,13107,1.00006103515625,1.999969482421875,1.00006103515625,1.999969482421875,,,1027684,24,1,3,0
796,1027803,6554,13107,1.00006103515625,1.999969482421875,1.00006103515625,1.999969482421875,,,1027810,23,1,3,0
797,1027928,6554,13107,1.00006103515625,1.999969482421875,1.00006103515625,1.999969482421875,,,1027935,23,1,3,0
798,1028053,6554,13107,1.00006103515625,1.999969482421875,1.00006103515625,1.999969482421875,,,1028060,24,1,3,0
799,1028178,6554,13107,1.00006103515625,1.999969482421875,1.00006103515625,1.999969482421875,,,1028185,24,1,3,0
800,1028304,6554,13107,1.00006103515625,1.999969482421875,1.00006103515625,1.999969482421875,,,1028311,23,1,3,0
801,1028429,6554,13107,1.00006103515625,1.999969482421875,1.00006103515625,1.999969482421875,,,1028436,23,1,3,0
802,1028554,6554,13107,1.00006103515625,1.999969482421875,1.00006103515625,1.999969482421875,,,1028561,24,1,3,0
803,1028679,6554,13107,1.00006103515625,1.999969482421875,1.00006103515625,1.999969482421875,,,1028686,24,1,3,0
804,1028805,6554,13107,1.00006103515625,1.999969482421875,1.00006103515625,1.999969482421875,,,1028812,23,1,3,0
805,1028930,6554,13107,1.00006103515625,1.999969482421875,1.00006103515625,1.999969482421875,,,1028937,23,1,3,0
806,1029055,6554,13107,1.00006103515625,1.999969482421875,1.00006103515625,1.999969482421875,,,1029062,24,1,3,0
807,1029180,6554,13107,1.00006103515625,1.999969482421875,1.00006103515625,1.999969482421875,,,1029187,24,1,3,0
808,1029306,6554,13107,1.00006103515625,1.999969482421875,1.00006103515625,1.999969482421875,,,1029313,23,1,3,0
809,1029431,6554,13107,1.00006103515625,1.999969482421875,1.00006103515625,1.999969482421875,,,1029438,23,1,3,0
810,1029556,6554,13107,1.00006103515625,1.999969482421875,1.00006103515625,1.999969482421875,,,1029563,24,1,3,0
811,1029681,6554,13107,1.00006103515625,1.999969482421875,1.00006103515625,1.999969482421875,,,1029688,24,1,3,0
812,1029807,6554,13107,1.00006103515625,1.999969482421875,1.00006103515625,1.999969482421875,,,1029814,23,1,3,0
813,1029932,6554,13107,1.00006103515625,1.999969482421875,1.00006103515625,1.999969482421875,,,1029939,23,1,3,0
814,1030057,6554,13107,1.00006103515625,1.999969482421875,1.00006103515625,1.999969482421875,,,1030064,24,1,3,0
815,1030182,6554,13107,1.00006103515625,1.999969482421875,1.00006103515625,1.999969482421875,,,1030189,24,1,3,0
816,1030308,6554,13107,1.00006103515625,1.999969482421875,1.00006103515625,1.999969482421875,,,1030315,23,1,3,0
817,1030433,6554,13107,1.00006103515625,1.999969482421875,1.00006103515625,1.999969482421875,,,1030440,23,1,3,0
818,1030558,6554,13107,1.00006103515625,1.999969482421875,1.00006103515625,1.999969482421875,,,1030565,24,1,3,0
819,1030683,6554,13107,1.00006103515625,1.999969482421875,1.00006103515625,1.999969482421875,,,1030690,24,1,3,0
820,1030809,6554,13107,1.00006103515625,1.999969482421875,1.00006103515625,1.999969482421875,,,1030816,23,1,3,0
821,1030934,6554,13107,1.00006103515625,1.999969482421875,1.00006103515625,1.999969482421875,,,1030941,23,1,3,0
822,1031059,6554,13107,1.00006103515625,1.999969482421875,1.00006103515625,1.999969482421875,,,1031066,24,1,3,0
823,1031184,6554,13107,1.00006103515625,1.999969482421875,1.00006103515625,1.999969482421875,,,1031191,24,1,3,0
824,1031310,6554,13107,1.00006103515625,1.999969482421875,1.00006103515625,1.999969482421875,,,1031317,23,1,3,0
825,1031435,6554,13107,1.00006103515625,1.999969482421875,1.00006103515625,1.999969482421875,,,1031442,23,1,3,0
826,1031560,6554,13107,1.00006103515625,1.999969482421875,1.00006103515625,1.999969482421875,,,1031569,24,1,3,0
827,1031685,6554,13107,1.00006103515625,1.999969482421875,1.00006103515625,1.999969482421875,,,1031692,24,1,3,0
828,1031811,6554,13107,1.00006103515625,1.999969482421875,1.00006103515625,1.999969482421875,,,1031818,23,1,3,0
829,1031936,6554,13107,1.00006103515625,1.999969482421875,1.00006103515625,1.999969482421875,,,1031943,23,1,3,0
830,1032061,6554,13107,1.00006103515625,1.999969482421875,1.00006103515625,1.999969482421875,,,1032068,24,1,3,0
831,1032186,6554,13107,1.00006103515625,1.999969482421875,1.00006103515625,1.999969482421875,,,1032193,24,1,3,0
832,1032312,6554,13107,1.00006103515625,1.999969482421875,1.00006103515625,1.999969482421875,,,1032319,23,1,3,0
833,1032437,6554,13107,1.00006103515625,1.999969482421875,1.00006103515625,1.999969482421875,,,1032444,24,1,3,0
834,1032562,6554,13107,1.00006103515625,1.999969482421875,1.00006103515625,1.999969482421875,,,1032569,24,1,3,0
835,1032687,6554,13107,1.00006103515625,1.999969482421875,1.00006103515625,1.999969482421875,,,1032694,24,1,3,0
836,1032813,6554,13107,1.00006103515625,1.999969482421875,1.00006103515625,1.999969482421875,,,1032820,23,1,3,0
837,1032938,6554,13107,1.00006103515625,1.999969482421875,1.00006103515625,1.999969482421875,,,1032945,23,1,3,0
838,1033063,6554,13107,1.00006103515625,1.999969482421875,1.00006103515625,1.999969482421875,,,1033070,24,1,3,0
839,1033188,6554,13107,1.00006103515625,1.999969482421875,1.00006103515625,1.999969482421875,,,1033195,24,1,3,0
840,1033314,6554,13107,1.00006103515625,1.999969482421875,1.00006103515625,1.999969482421875,,,1033321,23,1,3,0
841,1033439,6554,13107,1.00006103515625,1.999969482421875,1.00006103515625,1.999969482421875,,,1033446,24,1,3,0
842,1033564,6554,13107,1.00006103515625,1.999969482421875,1.00006103515625,1.999969482421875,,,1033571,24,1,3,0
843,1033689,6554,13107,1.00006103515625,1.999969482421875,1.00006103515625,1.999969482421875,,,1033696,24,1,3,0
844,1033815,6554,13107,1.00006103515625,1.999969482421875,1.00006103515625,1.999969482421875,,,1033822,23,1,3,0
845,1033940,6554,13107,1.00006103515625,1.999969482421875,1.00006103515625,1.999969482421875,,,1033947,23,1,3,0
846,1034065,6554,13107,1.00006103515625,1.999969482421875,1.00006103515625,1.999969482421875,,,1034072,24,1,3,0
847,1034190,6554,13107,1.00006103515625,1.999969482421875,1.00006103515625,1.999969482421875,,,1034197,24,1,3,0
848,1034316,6554,13107,1.00006103515625,1.999969482421875,1.00006103515625,1.999969482421875,,,1034323,23,1,3,0
849,1034441,6554,13107,1.00006103515625,1.999969482421875,1.00006103515625,1.999969482421875,,,1034448,24,1,3,0
850,1034566,6554,13107,1.00006103515625,1.999969482421875,1.00006103515625,1.999969482421875,,,1034573,24,1,3,0
851,1034691,6554,13107,1.00006103515625,1.999969482421875,1.00006103515625,1.999969482421875,,,1034698,24,1,3,0
852,1034817,6554,13107,1.00006103515625,1.999969482421875,1.00006103515625,1.999969482421875,,,1034824,23,1,3,0
853,1034942,6554,13107,1.00006103515625,1.999969482421875,1.00006103515625,1.999969482421875,,,1034949,24,1,3,0
854,1035067,6554,13107,1.00006103515625,1.999969482421875,1.00006103515625,1.999969482421875,,,1035074,24,1,3,0
855,1035192,6554,13107,1.00006103515625,1.999969482421875,1.00006103515625,1.999969482421875,,,1035199,24,1,3,0
856,1035318,6554,13107,1.00006103515625,1.999969482421875,1.00006103515625,1.999969482421875,,,1035325,23,1,3,0
857,1035443,6554,13107,1.00006103515625,1.999969482421875,1.00006103515625,1.999969482421875,,,1035450,24,1,3,0
858,1035568,6554,13107,1.00006103515625,1.999969482421875,1.00006103515625,1.999969482421875,,,1035575,24,1,3,0
859,1035693,6554,13107,1.00006103515625,1.999969482421875,1.00006103515625,1.999969482421875,,,1035700,24,1,3,0
860,1035819,6554,13107,1.00006103515625,1.999969482421875,1.00006103515625,1.999969482421875,,,1035826,24,1,3,0
861,1035944,6554,13107,1.00006103515625,1.999969482421875,1.00006103515625,1.999969482421875,,,1035951,24,1,3,0
862,1036069,6554,13107,1.00006103515625,1.999969482421875,1.00006103515625,1.999969482421875,,,1036076,24,1,3,0
863,1036194,6554,13107,1.00006103515625,1.999969482421875,1.00006103515625,1.999969482421875,,,1036201,24,1,3,0
864,1036320,6554,13107,1.00006103515625,1.999969482421875,1.00006103515625,1.999969482421875,,,1036327,23,1,3,0
865,1036445,6554,13107,1.00006103515625,1.999969482421875,1.00006103515625,1.999969482421875,,,1036452,24,1,3,0
866,1036570,6554,13107,1.00006103515625,1.999969482421875,1.00006103515625,1.999969482421875,,,1036577,24,1,3,0
867,1036695,6554,13107,1.00006103515625,1.999969482421875,1.00006103515625,1.999969482421875,,,1036702,24,1,3,0
868,1036821,6554,13107,1.00006103515625,1.999969482421875,1.00006103515625,1.999969482421875,,,1036828,23,1,3,0
869,1036946,6554,13107,1.00006103515625,1.999969482421875,1.00006103515625,1.999969482421875,,,1036953,24,1,3,0
870,1037071,6554,13107,1.00006103515625,1.999969482421875,1.00006103515625,1.999969482421875,,,1037078,24,1,3,0
871,1037196,6554,13107,1.00006103515625,1.999969482421875,1.00006103515625,1.999969482421875,,,1037203,24,1,3,0
872,1037322,6554,13107,1.00006103515625,1.999969482421875,1.00006103515625,1.999969482421875,,,1037329,23,1,3,0
873,1037447,6554,13107,1.00006103515625,1.999969482421875,1.00006103515625,1.999969482421875,,,1037454,24,1,3,0
874,1037572,6554,13107,1.00006103515625,1.999969482421875,1.00006103515625,1.999969482421875,,,1037579,24,1,3,0
875,1037697,6554,13107,1.00006103515625,1.999969482421875,1.00006103515625,1.999969482421875,,,1037704,24,1,3,0
876,1037823,6554,13107,1.00006103515625,1.999969482421875,1.00006103515625,1.999969482421875,,,1037830,23,1,3,0
877,1037948,6554,13107,1.00006103515625,1.999969482421875,1.00006103515625,1.999969482421875,,,1037955,24,1,3,0
878,1038073,6554,13107,1.00006103515625,1.999969482421875,1.00006103515625,1.999969482421875,,,1038080,24,1,3,0
879,1038198,6554,13107,1.00006103515625,1.999969482421875,1.00006103515625,1.999969482421875,,,1038205,24,1,3,0
880,1038324,6554,13107,1.00006103515625,1.999969482421875,1.00006103515625,1.999969482421875,,,1038331,23,1,3,0
881,1038449,6554,13107,1.00006103515625,1.999969482421875,1.00006103515625,1.999969482421875,,,1038456,24,1,3,0
882,1038574,6554,13107,1.00006103515625,1.999969482421875,1.00006103515625,1.999969482421875,,,1038581,24,1,3,0
883,1038699,6554,13107,1.00006103515625,1.999969482421875,1.00006103515625,1.999969482421875,,,1038706,24,1,3,0
884,1038825,6554,13107,1.00006103515625,1.999969482421875,1.00006103515625,1.999969482421875,,,1038832,23,1,3,0
885,1038950,6554,13107,1.00006103515625,1.999969482421875,1.00006103515625,1.999969482421875,,,1038957,24,1,3,0
886,1039075,6554,13107,1.00006103515625,1.999969482421875,1.00006103515625,1.999969482421875,,,1039082,24,1,3,0
887,1039200,6554,13107,1.00006103515625,1.999969482421875,1.00006103515625,1.999969482421875,,,1039207,24,1,3,0
888,1039326,6554,13107,1.00006103515625,1.999969482421875,1.00006103515625,1.999969482421875,,,1039333,23,1,3,0
889,1039451,6554,13107,1.00006103515625,1.999969482421875,1.00006103515625,1.999969482421875,,,1039458,24,1,3,0
890,1039576,6554,13107,1.00006103515625,1.999969482421875,1.00006103515625,1.999969482421875,,,1039583,24,1,3,0
891,1039701,6554,13107,1.00006103515625,1.999969482421875,1.00006103515625,1.999969482421875,,,1039708,24,1,3,0
892,1039827,6554,13107,1.00006103515625,1.999969482421875,1.00006103515625,1.999969482421875,,,1039834,23,1,3,0
893,1039952,6554,13107,1.00006103515625,1.999969482421875,1.00006103515625,1.999969482421875,,,1039959,24,1,3,0
894,1040077,6554,13107,1.00006103515625,1.999969482421875,1.00006103515625,1.999969482421875,,,1040084,24,1,3,0
895,1040202,6554,13107,1.00006103515625,1.999969482421875,1.00006103515625,1.999969482421875,,,1040209,24,1,3,0
896,1040328,6554,13107,1.00006103515625,1.999969482421875,1.00006103515625,1.999969482421875,,,1040335,23,1,3,0
897,1040453,6554,13107,1.00006103515625,1.999969482421875,1.00006103515625,1.999969482421875,,,1040460,24,1,3,0
898,1040578,6554,13107,1.00006103515625,1.999969482421875,1.00006103515625,1.999969482421875,,,1040585,24,1,3,0
899,1040703,6554,13107,1.00006103515625,1.999969482421875,1.00006103515625,1.999969482421875,,,1040710,24,1,3,0
900,1040829,6554,13107,1.00006103515625,1.999969482421875,1.00006103515625,1.999969482421875,,,1040836,24,1,3,0
901,1040954,6554,13107,1.00006103515625,1.999969482421875,1.00006103515625,1.999969482421875,,,1040961,24,1,3,0
902,1041079,6554,13107,1.00006103515625,1.999969482421875,1.00006103515625,1.999969482421875,,,1041086,24,1,3,0
903,1041204,6554,13107,1.00006103515625,1.999969482421875,1.00006103515625,1.999969482421875,,,1041211,24,1,3,0
904,1041330,6554,13107,1.00006103515625,1.999969482421875,1.00006103515625,1.999969482421875,,,1041337,23,1,3,0
905,1041455,6554,13107,1.00006103515625,1.999969482421875,1.00006103515625,1.999969482421875,,,1041462,24,1,3,0
906,1041580,6554,13107,1.00006103515625,1.999969482421875,1.00006103515625,1.999969482421875,,,1041587,24,1,3,0
907,1041705,6554,13107,1.00006103515625,1.999969482421875,1.00006103515625,1.999969482421875,,,1041712,24,1,3,0
908,1041831,6554,13107,1.00006103515625,1.999969482421875,1.00006103515625,1.999969482421875,,,1041838,23,1,3,0
909,1041956,6554,13107,1.00006103515625,1.999969482421875,1.00006103515625,1.999969482421875,,,1041963,24,1,3,0
910,1042081,6554,13107,1.00006103515625,1.999969482421875,1.00006103515625,1.999969482421875,,,1042088,24,1,3,0
911,1042206,6554,13107,1.00006103515625,1.999969482421875,1.00006103515625,1.999969482421875,,,1042213,24,1,3,0
912,1042332,6554,13107,1.00006103515625,1.999969482421875,1.00006103515625,1.999969482421875,,,1042339,23,1,3,0
913,1042457,6554,13107,1.00006103515625,1.999969482421875,1.00006103515625,1.999969482421875,,,1042464,24,1,3,0
914,1042582,6554,13107,1.00006103515625,1.999969482421875,1.00006103515625,1.999969482421875,,,1042589,24,1,3,0
915,1042707,6554,13107,1.00006103515625,1.999969482421875,1.00006103515625,1.999969482421875,,,1042714,24,1,3,0
916,1042833,6554,13107,1.00006103515625,1.999969482421875,1.00006103515625,1.999969482421875,,,1042840,23,1,3,0
917,1042958,6554,13107,1.00006103515625,1.999969482421875,1.00006103515625,1.999969482421875,,,1042965,24,1,3,0
918,1043083,6554,13107,1.00006103515625,1.999969482421875,1.00006103515625,1.999969482421875,,,1043090,24,1,3,0
919,1043208,6554,13107,1.00006103515625,1.999969482421875,1.00006103515625,1.999969482421875,,,1043215,24,1,3,0
920,1043334,6554,13107,1.00006103515625,1.999969482421875,1.00006103515625,1.999969482421875,,,1043341,23,1,3,0
921,1043459,6554,13107,1.00006103515625,1.999969482421875,1.00006103515625,1.999969482421875,,,1043466,24,1,3,0
922,1043584,6554,13107,1.00006103515625,1.999969482421875,1.00006103515625,1.999969482421875,,,1043591,24,1,3,0
923,1043709,6554,13107,1.00006103515625,1.999969482421875,1.00006103515625,1.999969482421875,,,1043716,24,1,3,0
924,1043835,6554,13107,1.00006103515625,1.999969482421875,1.00006103515625,1.999969482421875,,,1043842,23,1,3,0
925,1043960,6554,13107,1.00006103515625,1.999969482421875,1.00006103515625,1.999969482421875,,,1043967,24,1,3,0
926,1044085,6554,13107,1.00006103515625,1.999969482421875,1.00006103515625,1.999969482421875,,,1044092,24,1,3,0
927,1044210,6554,13107,1.00006103515625,1.999969482421875,1.00006103515625,1.999969482421875,,,1044217,24,1,3,0
928,1044336,6554,13107,1.00006103515625,1.999969482421875,1.00006103515625,1.999969482421875,,,1044344,24,1,3,0
929,1044461,6554,13107,1.00006103515625,1.999969482421875,1.00006103515625,1.999969482421875,,,1044468,24,1,3,0
930,1044586,6554,13107,1.00006103515625,1.999969482421875,1.00006103515625,1.999969482421875,,,1044593,24,1,3,0
931,1044711,6554,13107,1.00006103515625,1.999969482421875,1.00006103515625,1.999969482421875,,,1044718,24,1,3,0
932,1044837,6554,13107,1.00006103515625,1.999969482421875,1.00006103515625,1.999969482421875,,,1044844,23,1,3,0
933,1044962,6554,13107,1.00006103515625,1.999969482421875,1.00006103515625,1.999969482421875,,,1044969,24,1,3,0
934,1045087,6554,13107,1.00006103515625,1.999969482421875,1.00006103515625,1.999969482421875,,,1045094,24,1,3,0
935,1045212,6554,13107,1.00006103515625,1.999969482421875,1.00006103515625,1.999969482421875,,,1045219,24,1,3,0
936,1045338,6554,13107,1.00006103515625,1.999969482421875,1.00006103515625,1.999969482421875,,,1045345,23,1,3,0
937,1045463,6554,13107,1.00006103515625,1.999969482421875,1.00006103515625,1.999969482421875,,,1045470,24,1,3,0
938,1045588,6554,13107,1.00006103515625,1.999969482421875,1.00006103515625,1.999969482421875,,,1045595,24,1,3,0
939,1045713,6554,13107,1.00006103515625,1.999969482421875,1.00006103515625,1.999969482421875,,,1045720,24,1,3,0
940,1045839,6554,13107,1.00006103515625,1.999969482421875,1.00006103515625,1.999969482421875,,,1045846,24,1,3,0
941,1045964,6554,13107,1.00006103515625,1.999969482421875,1.00006103515625,1.999969482421875,,,1045971,24,1,3,0
942,1046089,6554,13107,1.00006103515625,1.999969482421875,1.00006103515625,1.999969482421875,,,1046096,24,1,3,0
943,1046214,6554,13107,1.00006103515625,1.999969482421875,1.00006103515625,1.999969482421875,,,1046221,24,1,3,0
944,1046340,6554,13107,1.00006103515625,1.999969482421875,1.00006103515625,1.999969482421875,,,1046347,23,1,3,0
945,1046465,6554,13107,1.00006103515625,1.999969482421875,1.00006103515625,1.999969482421875,,,1046472,24,1,3,0
946,1046590,6554,13107,1.00006103515625,1.999969482421875,1.00006103515625,1.999969482421875,,,1046597,24,1,3,0
947,1046715,6554,13107,1.00006103515625,1.999969482421875,1.00006103515625,1.999969482421875,,,1046722,24,1,3,0
948,1046841,6554,13107,1.00006103515625,1.999969482421875,1.00006103515625,1.999969482421875,,,1046848,23,1,3,0
949,1046966,6554,13107,1.00006103515625,1.999969482421875,1.00006103515625,1.999969482421875,,,1046973,24,1,3,0
950,1047091,6554,13107,1.00006103515625,1.999969482421875,1.00006103515625,1.999969482421875,,,1047098,24,1,3,0
951,1047217,6554,13107,1.00006103515625,1.999969482421875,1.00006103515625,1.999969482421875,,,1047224,23,1,3,0
952,1047342,6554,13107,1.00006103515625,1.999969482421875,1.00006103515625,1.999969482421875,,,1047349,23,1,3,0
953,1047467,6554,13107,1.00006103515625,1.999969482421875,1.00006103515625,1.999969482421875,,,1047474,24,1,3,0
954,1047592,6554,13107,1.00006103515625,1.999969482421875,1.00006103515625,1.999969482421875,,,1047599,24,1,3,0
955,1047718,6554,13107,1.00006103515625,1.999969482421875,1.00006103515625,1.999969482421875,,,1047725,23,1,3,0
956,1047843,6554,13107,1.00006103515625,1.999969482421875,1.00006103515625,1.999969482421875,,,1047850,23,1,3,0
957,1047968,6554,13107,1.00006103515625,1.999969482421875,1.00006103515625,1.999969482421875,,,1047975,24,1,3,0
958,1048093,6554,13107,1.00006103515625,1.999969482421875,1.00006103515625,1.999969482421875,,,1048100,24,1,3,0
959,1048219,6554,13107,1.00006103515625,1.999969482421875,1.00006103515625,1.999969482421875,,,1048226,23,1,3,0
960,1048344,6554,13107,1.00006103515625,1.999969482421875,1.00006103515625,1.999969482421875,,,1048351,23,1,3,0
961,1048469,6554,13107,1.00006103515625,1.999969482421875,1.00006103515625,1.999969482421875,,,1048476,24,1,3,0
962,1048594,6554,13107,1.00006103515625,1.999969482421875,1.00006103515625,1.999969482421875,,,1048601,24,1,3,0
963,1048720,6554,13107,1.00006103515625,1.999969482421875,1.00006103515625,1.999969482421875,,,1048727,23,1,3,0
964,1048845,6554,13107,1.00006103515625,1.999969482421875,1.00006103515625,1.999969482421875,,,1048852,23,1,3,0
965,1048970,6554,13107,1.00006103515625,1.999969482421875,1.00006103515625,1.999969482421875,,,1048977,24,1,3,0
966,1049095,6554,13107,1.00006103515625,1.999969482421875,1.00006103515625,1.999969482421875,,,1049102,24,1,3,0
967,1049221,6554,13107,1.00006103515625,1.999969482421875,1.00006103515625,1.999969482421875,,,1049228,23,1,3,0
968,1049346,6554,13107,1.00006103515625,1.999969482421875,1.00006103515625,1.999969482421875,,,1049353,23,1,3,0
969,1049471,6554,13107,1.00006103515625,1.999969482421875,1.00006103515625,1.999969482421875,,,1049479,24,1,3,0
970,1049596,6554,13107,1.00006103515625,1.999969482421875,1.00006103515625,1.999969482421875,,,1049603,24,1,3,0
971,1049721,6554,13107,1.00006103515625,1.999969482421875,1.00006103515625,1.999969482421875,,,1049728,24,1,3,0
972,1049847,6554,13107,1.00006103515625,1.999969482421875,1.00006103515625,1.999969482421875,,,1049854,23,1,3,0
973,1049972,6554,13107,1.00006103515625,1.999969482421875,1.00006103515625,1.999969482421875,,,1049979,24,1,3,0
974,1050097,6554,13107,1.00006103515625,1.999969482421875,1.00006103515625,1.999969482421875,,,1050104,24,1,3,0
975,1050222,6554,13107,1.00006103515625,1.999969482421875,1.00006103515625,1.999969482421875,,,1050229,24,1,3,0
976,1050348,6554,13107,1.00006103515625,1.999969482421875,1.00006103515625,1.999969482421875,,,1050355,23,1,3,0
977,1050473,6554,13107,1.00006103515625,1.999969482421875,1.00006103515625,1.999969482421875,,,1050480,24,1,3,0
978,1050598,6554,13107,1.00006103515625,1.999969482421875,1.00006103515625,1.999969482421875,,,1050605,24,1,3,0
979,1050724,6554,13107,1.00006103515625,1.999969482421875,1.00006103515625,1.999969482421875,,,1050731,23,1,3,0
980,1050849,6554,13107,1.00006103515625,1.999969482421875,1.00006103515625,1.999969482421875,,,1050856,23,1,3,0
981,1050974,6554,13107,1.00006103515625,1.999969482421875,1.00006103515625,1.999969482421875,,,1050981,24,1,3,0
982,1051099,6554,13107,1.00006103515625,1.999969482421875,1.00006103515625,1.999969482421875,,,1051106,24,1,3,0
983,1051225,6554,13107,1.00006103515625,1.999969482421875,1.00006103515625,1.999969482421875,,,1051232,23,1,3,0
984,1051350,6554,13107,1.00006103515625,1.999969482421875,1.00006103515625,1.999969482421875,,,1051357,23,1,3,0
985,1051475,6554,13107,1.00006103515625,1.999969482421875,1.00006103515625,1.999969482421875,,,1051482,24,1,3,0
986,1051600,6554,13107,1.00006103515625,1.999969482421875,1.00006103515625,1.999969482421875,,,1051607,24,1,3,0
987,1051726,6554,13107,1.00006103515625,1.999969482421875,1.00006103515625,1.999969482421875,,,1051733,23,1,3,0
988,1051851,6554,13107,1.00006103515625,1.999969482421875,1.00006103515625,1.999969482421875,,,1051858,23,1,3,0
989,1051976,6554,13107,1.00006103515625,1.999969482421875,1.00006103515625,1.999969482421875,,,1051983,24,1,3,0
990,1052101,6554,13107,1.00006103515625,1.999969482421875,1.00006103515625,1.999969482421875,,,1052108,24,1,3,0
991,1052227,6554,13107,1.00006103515625,1.999969482421875,1.00006103515625,1.999969482421875,,,1052234,23,1,3,0
992,1052352,6554,13107,1.00006103515625,1.999969482421875,1.00006103515625,1.999969482421875,,,1052359,23,1,3,0
993,1052477,6554,13107,1.00006103515625,1.999969482421875,1.00006103515625,1.999969482421875,,,1052484,24,1,3,0
994,1052602,6554,13107,1.00006103515625,1.999969482421875,1.00006103515625,1.999969482421875,,,1052609,24,1,3,0
995,1052728,6554,13107,1.00006103515625,1.999969482421875,1.00006103515625,1.999969482421875,,,1052735,23,1,3,0
996,1052853,6554,13107,1.00006103515625,1.999969482421875,1.00006103515625,1.999969482421875,,,1052860,23,1,3,0
997,1052978,6554,13107,1.00006103515625,1.999969482421875,1.00006103515625,1.999969482421875,,,1052985,24,1,3,0
998,1053103,6554,13107,1.00006103515625,1.999969482421875,1.00006103515625,1.999969482421875,,,1053110,24,1,3,0
999,1053229,6554,13107,1.00006103515625,1.999969482421875,1.00006103515625,1.999969482421875,,,1053236,23,1,3,0
1000,1053354,6554,13107,1.00006103515625,1.999969482421875,1.00006103515625,1.999969482421875,,,1053361,23,1,3,0
1001,1053479,6554,13107,1.00006103515625,1.999969482421875,1.00006103515625,1.999969482421875,,,1053487,24,1,3,0
1002,1053604,6554,13107,1.00006103515625,1.999969482421875,1.00006103515625,1.999969482421875,,,1053611,24,1,3,0
1003,1053730,6554,13107,1.00006103515625,1.999969482421875,1.00006103515625,1.999969482421875,,,1053737,23,1,3,0
1004,1053855,6554,13107,1.00006103515625,1.999969482421875,1.00006103515625,1.999969482421875,,,1053862,23,1,3,0
1005,1053980,6554,13107,1.00006103515625,1.999969482421875,1.00006103515625,1.999969482421875,,,1053987,24,1,3,0
1006,1054105,6554,13107,1.00006103515625,1.999969482421875,1.00006103515625,1.999969482421875,,,1054113,23,1,3,0
1007,1054231,6554,13107,1.00006103515625,1.999969482421875,1.00006103515625,1.999969482421875,,,1054238,23,1,3,0
1008,1054356,6554,13107,1.00006103515625,1.999969482421875,1.00006103515625,1.999969482421875,,,1054363,24,1,3,0
1009,1054481,6554,13107,1.00006103515625,1.999969482421875,1.00006103515625,1.999969482421875,,,1054488,24,1,3,0
1010,1054606,6554,13107,1.00006103515625,1.999969482421875,1.00006103515625,1.999969482421875,,,1054614,23,1,3,0
1011,1054732,6554,13107,1.00006103515625,1.999969482421875,1.00006103515625,1.999969482421875,,,1054739,23,1,3,0
1012,1054857,6554,13107,1.00006103515625,1.999969482421875,1.00006103515625,1.999969482421875,,,1054864,24,1,3,0
1013,1054982,6554,13107,1.00006103515625,1.999969482421875,1.00006103515625,1.999969482421875,,,1054989,24,1,3,0
1014,1055107,6554,13107,1.00006103515625,1.999969482421875,1.00006103515625,1.999969482421875,,,1055115,23,1,3,0
1015,1055233,6554,13107,1.00006103515625,1.999969482421875,1.00006103515625,1.999969482421875,,,1055240,23,1,3,0
1016,1055358,6554,13107,1.00006103515625,1.999969482421875,1.00006103515625,1.999969482421875,,,1055365,24,1,3,0
1017,1055483,6554,13107,1.00006103515625,1.999969482421875,1.00006103515625,1.999969482421875,,,1055490,24,1,3,0
1018,1055608,6554,13107,1.00006103515625,1.999969482421875,1.00006103515625,1.999969482421875,,,1055616,27,1,3,0
1019,1055734,6554,13107,1.00006103515625,1.999969482421875,1.00006103515625,1.999969482421875,,,1055741,24,1,3,0
1020,1055859,6554,13107,1.00006103515625,1.999969482421875,1.00006103515625,1.999969482421875,,,1055866,24,1,3,0
1021,1055984,6554,13107,1.00006103515625,1.999969482421875,1.00006103515625,1.999969482421875,,,1055991,24,1,3,0
1022,1056109,6554,13107,1.00006103515625,1.999969482421875,1.00006103515625,1.999969482421875,,,1056117,23,1,3,0
1023,1056235,6554,13107,1.00006103515625,1.999969482421875,1.00006103515625,1.999969482421875,,,1056242,24,1,3,0
1024,1056360,6554,13107,1.00006103515625,1.999969482421875,1.00006103515625,1.999969482421875,,,1056367,24,1,3,0
1025,1056485,6554,13107,1.00006103515625,1.999969482421875,1.00006103515625,1.999969482421875,,,1056492,24,1,3,0
1026,1056610,6554,13107,1.00006103515625,1.999969482421875,1.00006103515625,1.999969482421875,,,1056618,28,1,3,0
1027,1056736,6554,13107,1.00006103515625,1.999969482421875,1.00006103515625,1.999969482421875,,,1056743,24,1,3,0
1028,1056861,6554,13107,1.00006103515625,1.999969482421875,1.00006103515625,1.999969482421875,,,1056868,24,1,3,0
1029,1056986,6554,13107,1.00006103515625,1.999969482421875,1.00006103515625,1.999969482421875,,,1056993,24,1,3,0
1030,1057111,6554,13107,1.00006103515625,1.999969482421875,1.00006103515625,1.999969482421875,,,1057119,23,1,3,0
1031,1057237,6554,13107,1.00006103515625,1.999969482421875,1.00006103515625,1.999969482421875,,,1057244,24,1,3,0
1032,1057362,6554,13107,1.00006103515625,1.999969482421875,1.00006103515625,1.999969482421875,,,1057369,24,1,3,0
1033,1057487,6554,13107,1.00006103515625,1.999969482421875,1.00006103515625,1.999969482421875,,,1057494,24,1,3,0
1034,1057612,6554,13107,1.00006103515625,1.999969482421875,1.00006103515625,1.999969482421875,,,1057620,26,1,3,0
1035,1057738,6554,13107,1.00006103515625,1.999969482421875,1.00006103515625,1.999969482421875,,,1057745,24,1,3,0
1036,1057863,6554,13107,1.00006103515625,1.999969482421875,1.00006103515625,1.999969482421875,,,1057870,24,1,3,0
1037,1057988,6554,13107,1.00006103515625,1.999969482421875,1.00006103515625,1.999969482421875,,,1057995,24,1,3,0
1038,1058113,6554,13107,1.00006103515625,1.999969482421875,1.00006103515625,1.999969482421875,,,1058121,23,1,3,0
1039,1058239,6554,13107,1.00006103515625,1.999969482421875,1.00006103515625,1.999969482421875,,,1058246,24,1,3,0
1040,1058364,6554,13107,1.00006103515625,1.999969482421875,1.00006103515625,1.999969482421875,,,1058371,24,1,3,0
1041,1058489,6554,13107,1.00006103515625,1.999969482421875,1.00006103515625,1.999969482421875,,,1058496,24,1,3,0
1042,1058614,6554,13107,1.00006103515625,1.999969482421875,1.00006103515625,1.999969482421875,,,1058622,24,1,3,0
1043,1058740,6554,13107,1.00006103515625,1.999969482421875,1.00006103515625,1.999969482421875,,,1058747,24,1,3,0
1044,1058865,6554,13107,1.00006103515625,1.999969482421875,1.00006103515625,1.999969482421875,,,1058872,24,1,3,0
1045,1058990,6554,13107,1.00006103515625,1.999969482421875,1.00006103515625,1.999969482421875,,,1058997,24,1,3,0
1046,1059115,6554,13107,1.00006103515625,1.999969482421875,1.00006103515625,1.999969482421875,,,1059123,23,1,3,0
1047,1059241,6554,13107,1.00006103515625,1.999969482421875,1.00006103515625,1.999969482421875,,,1059248,24,1,3,0
1048,1059366,6554,13107,1.00006103515625,1.999969482421875,1.00006103515625,1.999969482421875,,,1059373,24,1,3,0
1049,1059491,6554,13107,1.00006103515625,1.999969482421875,1.00006103515625,1.999969482421875,,,1059498,24,1,3,0
1050,1059616,6554,13107,1.00006103515625,1.999969482421875,1.00006103515625,1.999969482421875,,,1059624,24,1,3,0
1051,1059742,6554,13107,1.00006103515625,1.999969482421875,1.00006103515625,1.999969482421875,,,1059749,24,1,3,0
1052,1059867,6554,13107,1.00006103515625,1.999969482421875,1.00006103515625,1.999969482421875,,,1059874,24,1,3,0
1053,1059992,6554,13107,1.00006103515625,1.999969482421875,1.00006103515625,1.999969482421875,,,1059999,24,1,3,0
1054,1060118,6554,13107,1.00006103515625,1.999969482421875,1.00006103515625,1.999969482421875,,,1060125,23,1,3,0
1055,1060243,6554,13107,1.00006103515625,1.999969482421875,1.00006103515625,1.999969482421875,,,1060250,23,1,3,0
1056,1060368,6554,13107,1.00006103515625,1.999969482421875,1.00006103515625,1.999969482421875,,,1060375,24,1,3,0
1057,1060493,6554,13107,1.00006103515625,1.999969482421875,1.00006103515625,1.999969482421875,,,1060502,24,1,3,0
1058,1060619,6554,13107,1.00006103515625,1.999969482421875,1.00006103515625,1.999969482421875,,,1060626,23,1,3,0
1059,1060744,6554,13107,1.00006103515625,1.999969482421875,1.00006103515625,1.999969482421875,,,1060751,23,1,3,0
1060,1060869,6554,13107,1.00006103515625,1.999969482421875,1.00006103515625,1.999969482421875,,,1060876,24,1,3,0
1061,1060994,6554,13107,1.00006103515625,1.999969482421875,1.00006103515625,1.999969482421875,,,1061002,24,1,3,0
1062,1061120,6554,13107,1.00006103515625,1.999969482421875,1.00006103515625,1.999969482421875,,,1061127,23,1,3,0
1063,1061245,6554,13107,1.00006103515625,1.999969482421875,1.00006103515625,1.999969482421875,,,1061252,23,1,3,0
1064,1061370,6554,13107,1.00006103515625,1.999969482421875,1.00006103515625,1.999969482421875,,,1061377,24,1,3,0
1065,1061495,6554,13107,1.00006103515625,1.999969482421875,1.00006103515625,1.999969482421875,,,1061502,24,1,3,0
1066,1061621,6554,13107,1.00006103515625,1.999969482421875,1.00006103515625,1.999969482421875,,,1061628,23,1,3,0
1067,1061746,6554,13107,1.00006103515625,1.999969482421875,1.00006103515625,1.999969482421875,,,1061753,23,1,3,0
1068,1061871,6554,13107,1.00006103515625,1.999969482421875,1.00006103515625,1.999969482421875,,,1061878,24,1,3,0
1069,1061996,6554,13107,1.00006103515625,1.999969482421875,1.00006103515625,1.999969482421875,,,1062003,24,1,3,0
1070,1062122,6554,13107,1.00006103515625,1.999969482421875,1.00006103515625,1.999969482421875,,,1062129,23,1,3,0
1071,1062247,6554,13107,1.00006103515625,1.999969482421875,1.00006103515625,1.999969482421875,,,1062254,23,1,3,0
1072,1062372,6554,13107,1.00006103515625,1.999969482421875,1.00006103515625,1.999969482421875,,,1062379,24,1,3,0
1073,1062497,6554,13107,1.00006103515625,1.999969482421875,1.00006103515625,1.999969482421875,,,1062504,24,1,3,0
1074,1062623,6554,13107,1.00006103515625,1.999969482421875,1.00006103515625,1.999969482421875,,,1062630,23,1,3,0
1075,1062748,6554,13107,1.00006103515625,1.999969482421875,1.00006103515625,1.999969482421875,,,1062755,24,1,3,0
1076,1062873,6554,13107,1.00006103515625,1.999969482421875,1.00006103515625,1.999969482421875,,,1062880,24,1,3,0
1077,1062998,6554,13107,1.00006103515625,1.999969482421875,1.00006103515625,1.999969482421875,,,1063005,24,1,3,0
1078,1063124,6554,13107,1.00006103515625,1.999969482421875,1.00006103515625,1.999969482421875,,,1063131,23,1,3,0
1079,1063249,6554,13107,1.00006103515625,1.999969482421875,1.00006103515625,1.999969482421875,,,1063256,24,1,3,0
1080,1063374,6554,13107,1.00006103515625,1.999969482421875,1.00006103515625,1.999969482421875,,,1063381,24,1,3,0
1081,1063499,6554,13107,1.00006103515625,1.999969482421875,1.00006103515625,1.999969482421875,,,1063506,24,1,3,0
1082,1063625,6554,13107,1.00006103515625,1.999969482421875,1.00006103515625,1.999969482421875,,,1063632,23,1,3,0
1083,1063750,6554,13107,1.00006103515625,1.999969482421875,1.00006103515625,1.999969482421875,,,1063757,24,1,3,0
1084,1063875,6554,13107,1.00006103515625,1.999969482421875,1.00006103515625,1.999969482421875,,,1063882,24,1,3,0
1085,1064000,6554,13107,1.00006103515625,1.999969482421875,1.00006103515625,1.999969482421875,,,1064007,24,1,3,0
1086,1064126,6554,13107,1.00006103515625,1.999969482421875,1.00006103515625,1.999969482421875,,,1064133,23,1,3,0
1087,1064251,6554,13107,1.00006103515625,1.999969482421875,1.00006103515625,1.999969482421875,,,1064258,24,1,3,0
1088,1064376,6554,13107,1.00006103515625,1.999969482421875,1.00006103515625,1.999969482421875,,,1064383,24,1,3,0
1089,1064501,6554,13107,1.00006103515625,1.999969482421875,1.00006103515625,1.999969482421875,,,1064510,23,1,3,0
1090,1064627,6554,13107,1.00006103515625,1.999969482421875,1.00006103515625,1.999969482421875,,,1064634,23,1,3,0
1091,1064752,6554,13107,1.00006103515625,1.999969482421875,1.00006103515625,1.999969482421875,,,1064759,24,1,3,0
1092,1064877,6554,13107,1.00006103515625,1.999969482421875,1.00006103515625,1.999969482421875,,,1064884,24,1,3,0
1093,1065002,6554,13107,1.00006103515625,1.999969482421875,1.00006103515625,1.999969482421875,,,1065009,24,1,3,0
1094,1065128,6554,13107,1.00006103515625,1.999969482421875,1.00006103515625,1.999969482421875,,,1065135,23,1,3,0
1095,1065253,6554,13107,1.00006103515625,1.999969482421875,1.00006103515625,1.999969482421875,,,1065260,24,1,3,0
1096,1065378,6554,13107,1.00006103515625,1.999969482421875,1.00006103515625,1.999969482421875,,,1065385,24,1,3,0
1097,1065503,6554,13107,1.00006103515625,1.999969482421875,1.00006103515625,1.999969482421875,,,1065510,24,1,3,0
1098,1065629,6554,13107,1.00006103515625,1.999969482421875,1.00006103515625,1.999969482421875,,,1065636,26,1,3,0
1099,1065754,6554,13107,1.00006103515625,1.999969482421875,1.00006103515625,1.999969482421875,,,1065761,24,1,3,0
1100,1065879,6554,13107,1.00006103515625,1.999969482421875,1.00006103515625,1.999969482421875,,,1065886,24,1,3,0
1101,1066004,6554,13107,1.00006103515625,1.999969482421875,1.00006103515625,1.999969482421875,,,1066011,24,1,3,0
1102,1066130,6554,13107,1.00006103515625,1.999969482421875,1.00006103515625,1.999969482421875,,,1066137,23,1,3,0
1103,1066255,6554,13107,1.00006103515625,1.999969482421875,1.00006103515625,1.999969482421875,,,1066262,24,1,3,0
1104,1066380,6554,13107,1.00006103515625,1.999969482421875,1.00006103515625,1.999969482421875,,,1066387,24,1,3,0
1105,1066505,6554,13107,1.00006103515625,1.999969482421875,1.00006103515625,1.999969482421875,,,1066513,24,1,3,0
1106,1066631,6554,13107,1.00006103515625,1.999969482421875,1.00006103515625,1.999969482421875,,,1066638,26,1,3,0
1107,1066756,6554,13107,1.00006103515625,1.999969482421875,1.00006103515625,1.999969482421875,,,1066763,24,1,3,0
1108,1066881,6554,13107,1.00006103515625,1.999969482421875,1.00006103515625,1.999969482421875,,,1066888,24,1,3,0
1109,1067006,6554,13107,1.00006103515625,1.999969482421875,1.00006103515625,1.999969482421875,,,1067013,24,1,3,0
1110,1067132,6554,13107,1.00006103515625,1.999969482421875,1.00006103515625,1.999969482421875,,,1067139,23,1,3,0
1111,1067257,6554,13107,1.00006103515625,1.999969482421875,1.00006103515625,1.999969482421875,,,1067264,24,1,3,0
1112,1067382,6554,13107,1.00006103515625,1.999969482421875,1.00006103515625,1.999969482421875,,,1067389,24,1,3,0
1113,1067507,6554,13107,1.00006103515625,1.999969482421875,1.00006103515625,1.999969482421875,,,1067514,24,1,3,0
1114,1067633,6554,13107,1.00006103515625,1.999969482421875,1.00006103515625,1.999969482421875,,,1067642,24,1,3,0
1115,1067758,6554,13107,1.00006103515625,1.999969482421875,1.00006103515625,1.999969482421875,,,1067765,24,1,3,0
1116,1067883,6554,13107,1.00006103515625,1.999969482421875,1.00006103515625,1.999969482421875,,,1067890,24,1,3,0
1117,1068008,6554,13107,1.00006103515625,1.999969482421875,1.00006103515625,1.999969482421875,,,1068015,24,1,3,0
1118,1068134,6554,13107,1.00006103515625,1.999969482421875,1.00006103515625,1.999969482421875,,,1068141,23,1,3,0
1119,1068259,6554,13107,1.00006103515625,1.999969482421875,1.00006103515625,1.999969482421875,,,1068266,24,1,3,0
1120,1068384,6554,13107,1.00006103515625,1.999969482421875,1.00006103515625,1.999969482421875,,,1068391,24,1,3,0
1121,1068509,6554,13107,1.00006103515625,1.999969482421875,1.00006103515625,1.999969482421875,,,1068516,24,1,3,0
1122,1068635,6554,13107,1.00006103515625,1.999969482421875,1.00006103515625,1.999969482421875,,,1068644,24,1,3,0
1123,1068760,6554,13107,1.00006103515625,1.999969482421875,1.00006103515625,1.999969482421875,,,1068767,24,1,3,0
1124,1068885,6554,13107,1.00006103515625,1.999969482421875,1.00006103515625,1.999969482421875,,,1068892,24,1,3,0
1125,1069010,6554,13107,1.00006103515625,1.999969482421875,1.00006103515625,1.999969482421875,,,1069017,24,1,3,0
1126,1069136,6554,13107,1.00006103515625,1.999969482421875,1.00006103515625,1.999969482421875,,,1069145,23,1,3,0
1127,1069261,6554,13107,1.00006103515625,1.999969482421875,1.00006103515625,1.999969482421875,,,1069268,24,1,3,0
1128,1069386,6554,13107,1.00006103515625,1.999969482421875,1.00006103515625,1.999969482421875,,,1069395,23,1,3,0
1129,1069511,6554,13107,1.00006103515625,1.999969482421875,1.00006103515625,1.999969482421875,,,1069519,24,1,3,0
1130,1069637,6554,13107,1.00006103515625,1.999969482421875,1.00006103515625,1.999969482421875,,,1069645,24,1,3,0
1131,1069762,6554,13107,1.00006103515625,1.999969482421875,1.00006103515625,1.999969482421875,,,1069769,24,1,3,0
1132,1069887,6554,13107,1.00006103515625,1.999969482421875,1.00006103515625,1.999969482421875,,,1069894,24,1,3,0
1133,1070012,6554,13107,1.00006103515625,1.999969482421875,1.00006103515625,1.999969482421875,,,1070019,24,1,3,0
1134,1070138,6554,13107,1.00006103515625,1.999969482421875,1.00006103515625,1.999969482421875,,,1070146,24,1,3,0
1135,1070263,6554,13107,1.00006103515625,1.999969482421875,1.00006103515625,1.999969482421875,,,1070270,24,1,3,0
1136,1070388,6554,13107,1.00006103515625,1.999969482421875,1.00006103515625,1.999969482421875,,,1070395,24,1,3,0
1137,1070513,6554,13107,1.00006103515625,1.999969482421875,1.00006103515625,1.999969482421875,,,1070520,24,1,3,0
1138,1070639,6554,13107,1.00006103515625,1.999969482421875,1.00006103515625,1.999969482421875,,,1070647,24,1,3,0
1139,1070764,6554,13107,1.00006103515625,1.999969482421875,1.00006103515625,1.999969482421875,,,1070771,24,1,3,0
1140,1070889,6554,13107,1.00006103515625,1.999969482421875,1.00006103515625,1.999969482421875,,,1070896,24,1,3,0
1141,1071014,6554,13107,1.00006103515625,1.999969482421875,1.00006103515625,1.999969482421875,,,1071021,24,1,3,0
1142,1071140,6554,13107,1.00006103515625,1.999969482421875,1.00006103515625,1.999969482421875,,,1071147,24,1,3,0
1143,1071265,6554,13107,1.00006103515625,1.999969482421875,1.00006103515625,1.999969482421875,,,1071272,24,1,3,0
1144,1071390,6554,13107,1.00006103515625,1.999969482421875,1.00006103515625,1.999969482421875,,,1071397,24,1,3,0
1145,1071515,6554,13107,1.00006103515625,1.999969482421875,1.00006103515625,1.999969482421875,,,1071522,24,1,3,0
1146,1071641,6554,13107,1.00006103515625,1.999969482421875,1.00006103515625,1.999969482421875,,,1071649,24,1,3,0
1147,1071766,6554,13107,1.00006103515625,1.999969482421875,1.00006103515625,1.999969482421875,,,1071773,24,1,3,0
1148,1071891,6554,13107,1.00006103515625,1.999969482421875,1.00006103515625,1.999969482421875,,,1071898,24,1,3,0
1149,1072016,6554,13107,1.00006103515625,1.999969482421875,1.00006103515625,1.999969482421875,,,1072023,24,1,3,0
1150,1072142,6554,13107,1.00006103515625,1.999969482421875,1.00006103515625,1.999969482421875,,,1072149,23,1,3,0
1151,1072267,6554,13107,1.00006103515625,1.999969482421875,1.00006103515625,1.999969482421875,,,1072274,24,1,3,0
1152,1072392,6554,13107,1.00006103515625,1.999969482421875,1.00006103515625,1.999969482421875,,,1072399,24,1,3,0
1153,1072518,6554,13107,1.00006103515625,1.999969482421875,1.00006103515625,1.999969482421875,,,1072526,24,1,3,0
1154,1072643,6554,13107,1.00006103515625,1.999969482421875,1.00006103515625,1.999969482421875,,,1072650,23,1,3,0
1155,1072768,6554,13107,1.00006103515625,1.999969482421875,1.00006103515625,1.999969482421875,,,1072775,23,1,3,0
1156,1072893,6554,13107,1.00006103515625,1.999969482421875,1.00006103515625,1.999969482421875,,,1072900,24,1,3,0
1157,1073018,6554,13107,1.00006103515625,1.999969482421875,1.00006103515625,1.999969482421875,,,1073025,24,1,3,0
1158,1073144,6554,13107,1.00006103515625,1.999969482421875,1.00006103515625,1.999969482421875,,,1073151,23,1,3,0
1159,1073269,6554,13107,1.00006103515625,1.999969482421875,1.00006103515625,1.999969482421875,,,1073276,23,1,3,0
1160,1073394,6554,13107,1.00006103515625,1.999969482421875,1.00006103515625,1.999969482421875,,,1073401,24,1,3,0
1161,1073519,6554,13107,1.00006103515625,1.999969482421875,1.00006103515625,1.999969482421875,,,1073526,24,1,3,0
1162,1073645,6554,13107,1.00006103515625,1.999969482421875,1.00006103515625,1.999969482421875,,,1073652,23,1,3,0
1163,1073770,6554,13107,1.00006103515625,1.999969482421875,1.00006103515625,1.999969482421875,,,1073777,24,1,3,0
1164,1073895,6554,13107,1.00006103515625,1.999969482421875,1.00006103515625,1.999969482421875,,,1073902,24,1,3,0
1165,1074021,6554,13107,1.00006103515625,1.999969482421875,1.00006103515625,1.999969482421875,,,1074028,23,1,3,0
1166,1074146,6554,13107,1.00006103515625,1.999969482421875,1.00006103515625,1.999969482421875,,,1074153,23,1,3,0
1167,1074271,6554,13107,1.00006103515625,1.999969482421875,1.00006103515625,1.999969482421875,,,1074278,24,1,3,0
1168,1074396,6554,13107,1.00006103515625,1.999969482421875,1.00006103515625,1.999969482421875,,,1074403,24,1,3,0
1169,1074522,6554,13107,1.00006103515625,1.999969482421875,1.00006103515625,1.999969482421875,,,1074529,23,1,3,0
1170,1074647,6554,13107,1.00006103515625,1.999969482421875,1.00006103515625,1.999969482421875,,,1074654,23,1,3,0
1171,1074772,6554,13107,1.00006103515625,1.999969482421875,1.00006103515625,1.999969482421875,,,1074779,24,1,3,0
1172,1074897,6554,13107,1.00006103515625,1.999969482421875,1.00006103515625,1.999969482421875,,,1074904,24,1,3,0
1173,1075023,6554,13107,1.00006103515625,1.999969482421875,1.00006103515625,1.999969482421875,,,1075030,23,1,3,0
1174,1075148,6554,13107,1.00006103515625,1.999969482421875,1.00006103515625,1.999969482421875,,,1075155,24,1,3,0
1175,1075273,6554,13107,1.00006103515625,1.999969482421875,1.00006103515625,1.999969482421875,,,1075280,24,1,3,0
1176,1075398,6554,13107,1.00006103515625,1.999969482421875,1.00006103515625,1.999969482421875,,,1075405,24,1,3,0
1177,1075524,6554,13107,1.00006103515625,1.999969482421875,1.00006103515625,1.999969482421875,,,1075531,23,1,3,0
1178,1075649,6554,13107,1.00006103515625,1.999969482421875,1.00006103515625,1.999969482421875,,,1075656,24,1,3,0
1179,1075774,6554,13107,1.00006103515625,1.999969482421875,1.00006103515625,1.999969482421875,,,1075781,24,1,3,0
1180,1075899,6554,13107,1.00006103515625,1.999969482421875,1.00006103515625,1.999969482421875,,,1075906,24,1,3,0
1181,1076025,6554,13107,1.00006103515625,1.999969482421875,1.00006103515625,1.999969482421875,,,1076032,23,1,3,0
1182,1076150,6554,13107,1.00006103515625,1.999969482421875,1.00006103515625,1.999969482421875,,,1076157,24,1,3,0
1183,1076275,6554,13107,1.00006103515625,1.999969482421875,1.00006103515625,1.999969482421875,,,1076282,24,1,3,0
1184,1076400,6554,13107,1.00006103515625,1.999969482421875,1.00006103515625,1.999969482421875,,,1076407,24,1,3,0
1185,1076526,6554,13107,1.00006103515625,1.999969482421875,1.00006103515625,1.999969482421875,,,1076534,24,1,3,0
1186,1076651,6554,13107,1.00006103515625,1.999969482421875,1.00006103515625,1.999969482421875,,,1076658,24,1,3,0
1187,1076776,6554,13107,1.00006103515625,1.999969482421875,1.00006103515625,1.999969482421875,,,1076783,24,1,3,0
1188,1076901,6554,13107,1.00006103515625,1.999969482421875,1.00006103515625,1.999969482421875,,,1076908,24,1,3,0
1189,1077027,6554,13107,1.00006103515625,1.999969482421875,1.00006103515625,1.999969482421875,,,1077034,23,1,3,0
1190,1077152,6554,13107,1.00006103515625,1.999969482421875,1.00006103515625,1.999969482421875,,,1077159,24,1,3,0
1191,1077277,6554,13107,1.00006103515625,1.999969482421875,1.00006103515625,1.999969482421875,,,1077284,24,1,3,0
1192,1077402,6554,13107,1.00006103515625,1.999969482421875,1.00006103515625,1.999969482421875,,,1077409,24,1,3,0
1193,1077528,6554,13107,1.00006103515625,1.999969482421875,1.00006103515625,1.999969482421875,,,1077535,24,1,3,0
1194,1077653,6554,13107,1.00006103515625,1.999969482421875,1.00006103515625,1.999969482421875,,,1077660,24,1,3,0
1195,1077778,6554,13107,1.00006103515625,1.999969482421875,1.00006103515625,1.999969482421875,,,1077785,24,1,3,0
1196,1077904,6554,13107,1.00006103515625,1.999969482421875,1.00006103515625,1.999969482421875,,,1077911,23,1,3,0
1197,1078029,6554,13107,1.00006103515625,1.999969482421875,1.00006103515625,1.999969482421875,,,1078036,24,1,3,0
1198,1078154,6554,13107,1.00006103515625,1.999969482421875,1.00006103515625,1.999969482421875,,,1078161,24,1,3,0
1199,1078279,6554,13107,1.00006103515625,1.999969482421875,1.00006103515625,1.999969482421875,,,1078286,24,1,3,0
1200,1078405,6554,13107,1.00006103515625,1.999969482421875,1.00006103515625,1.999969482421875,,,1078412,23,1,3,0
1201,1078530,6554,13107,1.00006103515625,1.999969482421875,1.00006103515625,1.999969482421875,,,1078537,24,1,3,0
1202,1078655,6554,13107,1.00006103515625,1.999969482421875,1.00006103515625,1.999969482421875,,,1078662,24,1,3,0
1203,1078780,6554,13107,1.00006103515625,1.999969482421875,1.00006103515625,1.999969482421875,,,1078787,24,1,3,0
1204,1078906,6554,13107,1.00006103515625,1.999969482421875,1.00006103515625,1.999969482421875,,,1078913,23,1,3,0
1205,1079031,6554,13107,1.00006103515625,1.999969482421875,1.00006103515625,1.999969482421875,,,1079038,24,1,3,0
1206,1079156,6554,13107,1.00006103515625,1.999969482421875,1.00006103515625,1.999969482421875,,,1079163,24,1,3,0
1207,1079281,6554,13107,1.00006103515625,1.999969482421875,1.00006103515625,1.999969482421875,,,1079288,24,1,3,0
1208,1079407,6554,13107,1.00006103515625,1.999969482421875,1.00006103515625,1.999969482421875,,,1079414,23,1,3,0
1209,1079532,6554,13107,1.00006103515625,1.999969482421875,1.00006103515625,1.999969482421875,,,1079539,24,1,3,0
1210,1079657,6554,13107,1.00006103515625,1.999969482421875,1.00006103515625,1.999969482421875,,,1079664,24,1,3,0
1211,1079782,6554,13107,1.00006103515625,1.999969482421875,1.00006103515625,1.999969482421875,,,1079789,24,1,3,0
1212,1079908,6554,13107,1.00006103515625,1.999969482421875,1.00006103515625,1.999969482421875,,,1079915,23,1,3,0
1213,1080033,6554,13107,1.00006103515625,1.999969482421875,1.00006103515625,1.999969482421875,,,1080040,24,1,3,0
1214,1080158,6554,13107,1.00006103515625,1.999969482421875,1.00006103515625,1.999969482421875,,,1080165,24,1,3,0
1215,1080283,6554,13107,1.00006103515625,1.999969482421875,1.00006103515625,1.999969482421875,,,1080290,24,1,3,0
1216,1080409,6554,13107,1.00006103515625,1.999969482421875,1.00006103515625,1.999969482421875,,,1080416,23,1,3,0
1217,1080534,6554,13107,1.00006103515625,1.999969482421875,1.00006103515625,1.999969482421875,,,1080541,24,1,3,0
1218,1080659,6554,13107,1.00006103515625,1.999969482421875,1.00006103515625,1.999969482421875,,,1080666,24,1,3,0
1219,1080784,6554,13107,1.00006103515625,1.999969482421875,1.00006103515625,1.999969482421875,,,1080791,24,1,3,0
1220,1080910,6554,13107,1.00006103515625,1.999969482421875,1.00006103515625,1.999969482421875,,,1080917,23,1,3,0
1221,1081035,6554,13107,1.00006103515625,1.999969482421875,1.00006103515625,1.999969482421875,,,1081042,24,1,3,0
1222,1081160,6554,13107,1.00006103515625,1.999969482421875,1.00006103515625,1.999969482421875,,,1081167,24,1,3,0
1223,1081285,6554,13107,1.00006103515625,1.999969482421875,1.00006103515625,1.999969482421875,,,1081292,24,1,3,0
1224,1081411,6554,13107,1.00006103515625,1.999969482421875,1.00006103515625,1.999969482421875,,,1081418,23,1,3,0
1225,1081536,6554,13107,1.00006103515625,1.999969482421875,1.00006103515625,1.999969482421875,,,1081543,24,1,3,0
1226,1081662,6554,13107,1.00006103515625,1.999969482421875,1.00006103515625,1.999969482421875,,,1081669,23,1,3,0
1227,1081787,6554,13107,1.00006103515625,1.999969482421875,1.00006103515625,1.999969482421875,,,1081794,24,1,3,0
1228,1081912,6554,13107,1.00006103515625,1.999969482421875,1.00006103515625,1.999969482421875,,,1081919,24,1,3,0
1229,1082037,6554,13107,1.00006103515625,1.999969482421875,1.00006103515625,1.999969482421875,,,1082044,24,1,3,0
1230,1082163,6554,13107,1.00006103515625,1.999969482421875,1.00006103515625,1.999969482421875,,,1082170,23,1,3,0
1231,1082288,6554,13107,1.00006103515625,1.999969482421875,1.00006103515625,1.999969482421875,,,1082295,24,1,3,0
1232,1082413,6554,13107,1.00006103515625,1.999969482421875,1.00006103515625,1.999969482421875,,,1082420,24,1,3,0
1233,1082538,6554,13107,1.00006103515625,1.999969482421875,1.00006103515625,1.999969482421875,,,1082545,24,1,3,0
1234,1082664,6554,13107,1.00006103515625,1.999969482421875,1.00006103515625,1.999969482421875,,,1082671,23,1,3,0
1235,1082789,6554,13107,1.00006103515625,1.999969482421875,1.00006103515625,1.999969482421875,,,1082796,24,1,3,0
1236,1082914,6554,13107,1.00006103515625,1.999969482421875,1.00006103515625,1.999969482421875,,,1082921,24,1,3,0
1237,1083039,6554,13107,1.00006103515625,1.999969482421875,1.00006103515625,1.999969482421875,,,1083046,24,1,3,0
1238,1083165,6554,13107,1.00006103515625,1.999969482421875,1.00006103515625,1.999969482421875,,,1083172,23,1,3,0
1239,1083290,6554,13107,1.00006103515625,1.999969482421875,1.00006103515625,1.999969482421875,,,1083297,24,1,3,0
1240,1083415,6554,13107,1.00006103515625,1.999969482421875,1.00006103515625,1.999969482421875,,,1083422,24,1,3,0
1241,1083540,6554,13107,1.00006103515625,1.999969482421875,1.00006103515625,1.999969482421875,,,1083547,24,1,3,0
1242,1083666,6554,13107,1.00006103515625,1.999969482421875,1.00006103515625,1.999969482421875,,,1083673,23,1,3,0
1243,1083791,6554,13107,1.00006103515625,1.999969482421875,1.00006103515625,1.999969482421875,,,1083798,24,1,3,0
1244,1083916,6554,13107,1.00006103515625,1.999969482421875,1.00006103515625,1.999969482421875,,,1083923,24,1,3,0
1245,1084041,6554,13107,1.00006103515625,1.999969482421875,1.00006103515625,1.999969482421875,,,1084048,24,1,3,0
1246,1084167,6554,13107,1.00006103515625,1.999969482421875,1.00006103515625,1.999969482421875,,,1084174,23,1,3,0
1247,1084292,6554,13107,1.00006103515625,1.999969482421875,1.00006103515625,1.999969482421875,,,1084299,24,1,3,0
1248,1084417,6554,13107,1.00006103515625,1.999969482421875,1.00006103515625,1.999969482421875,,,1084424,24,1,3,0
1249,1084542,6554,13107,1.00006103515625,1.999969482421875,1.00006103515625,1.999969482421875,,,1084549,24,1,3,0
1250,1084668,6554,13107,1.00006103515625,1.999969482421875,1.00006103515625,1.999969482421875,,,1084675,23,1,3,0
1251,1084793,6554,13107,1.00006103515625,1.999969482421875,1.00006103515625,1.999969482421875,,,1084800,24,1,3,0
1252,1084918,6554,13107,1.00006103515625,1.999969482421875,1.00006103515625,1.999969482421875,,,1084925,24,1,3,0
1253,1085043,6554,13107,1.00006103515625,1.999969482421875,1.00006103515625,1.999969482421875,,,1085050,24,1,3,0
1254,1085169,6554,13107,1.00006103515625,1.999969482421875,1.00006103515625,1.999969482421875,,,1085176,23,1,3,0
1255,1085294,6554,13107,1.00006103515625,1.999969482421875,1.00006103515625,1.999969482421875,,,1085301,24,1,3,0
1256,1085419,6554,13107,1.00006103515625,1.999969482421875,1.00006103515625,1.999969482421875,,,1085426,24,1,3,0
1257,1085544,6554,13107,1.00006103515625,1.999969482421875,1.00006103515625,1.999969482421875,,,1085551,24,1,3,0
1258,1085670,6554,13107,1.00006103515625,1.999969482421875,1.00006103515625,1.999969482421875,,,1085677,23,1,3,0
1259,1085795,6554,13107,1.00006103515625,1.999969482421875,1.00006103515625,1.999969482421875,,,1085802,24,1,3,0
1260,1085920,6554,13107,1.00006103515625,1.999969482421875,1.00006103515625,1.999969482421875,,,1085927,24,1,3,0
1261,1086045,6554,13107,1.00006103515625,1.999969482421875,1.00006103515625,1.999969482421875,,,1086052,24,1,3,0
1262,1086171,6554,13107,1.00006103515625,1.999969482421875,1.00006103515625,1.999969482421875,,,1086178,23,1,3,0
1263,1086296,6554,13107,1.00006103515625,1.999969482421875,1.00006103515625,1.999969482421875,,,1086303,24,1,3,0
1264,1086421,6554,13107,1.00006103515625,1.999969482421875,1.00006103515625,1.999969482421875,,,1086428,24,1,3,0
1265,1086546,6554,13107,1.00006103515625,1.999969482421875,1.00006103515625,1.999969482421875,,,1086553,24,1,3,0
1266,1086672,6554,13107,1.00006103515625,1.999969482421875,1.00006103515625,1.999969482421875,,,1086679,23,1,3,0
1267,1086797,6554,13107,1.00006103515625,1.999969482421875,1.00006103515625,1.999969482421875,,,1086804,24,1,3,0
1268,1086922,6554,13107,1.00006103515625,1.999969482421875,1.00006103515625,1.999969482421875,,,1086929,24,1,3,0
1269,1087047,6554,13107,1.00006103515625,1.999969482421875,1.00006103515625,1.999969482421875,,,1087054,24,1,3,0
1270,1087173,6554,13107,1.00006103515625,1.999969482421875,1.00006103515625,1.999969482421875,,,1087180,23,1,3,0
1271,1087298,6554,13107,1.00006103515625,1.999969482421875,1.00006103515625,1.999969482421875,,,1087305,24,1,3,0
1272,1087423,6554,13107,1.00006103515625,1.999969482421875,1.00006103515625,1.999969482421875,,,1087430,24,1,3,0
1273,1087548,6554,13107,1.00006103515625,1.999969482421875,1.00006103515625,1.999969482421875,,,1087557,23,1,3,0
1274,1087674,6554,13107,1.00006103515625,1.999969482421875,1.00006103515625,1.999969482421875,,,1087681,23,1,3,0
1275,1087799,6554,13107,1.00006103515625,1.999969482421875,1.00006103515625,1.999969482421875,,,1087806,24,1,3,0
1276,1087924,6554,13107,1.00006103515625,1.999969482421875,1.00006103515625,1.999969482421875,,,1087931,24,1,3,0
1277,1088049,6554,13107,1.00006103515625,1.999969482421875,1.00006103515625,1.999969482421875,,,1088056,24,1,3,0
1278,1088175,6554,13107,1.00006103515625,1.999969482421875,1.00006103515625,1.999969482421875,,,1088182,23,1,3,0
1279,1088300,6554,13107,1.00006103515625,1.999969482421875,1.00006103515625,1.999969482421875,,,1088307,24,1,3,0
1280,1088425,6554,13107,1.00006103515625,1.999969482421875,1.00006103515625,1.999969482421875,,,1088432,24,1,3,0
1281,1088550,6554,13107,1.00006103515625,1.999969482421875,1.00006103515625,1.999969482421875,,,1088559,24,1,3,0
1282,1088676,6554,13107,1.00006103515625,1.999969482421875,1.00006103515625,1.999969482421875,,,1088683,23,1,3,0
1283,1088801,6554,13107,1.00006103515625,1.999969482421875,1.00006103515625,1.999969482421875,,,1088808,24,1,3,0
1284,1088926,6554,13107,1.00006103515625,1.999969482421875,1.00006103515625,1.999969482421875,,,1088933,24,1,3,0
1285,1089051,6554,13107,1.00006103515625,1.999969482421875,1.00006103515625,1.999969482421875,,,1089058,24,1,3,0
1286,1089177,6554,13107,1.00006103515625,1.999969482421875,1.00006103515625,1.999969482421875,,,1089184,23,1,3,0
1287,1089302,6554,13107,1.00006103515625,1.999969482421875,1.00006103515625,1.999969482421875,,,1089309,24,1,3,0
1288,1089427,6554,13107,1.00006103515625,1.999969482421875,1.00006103515625,1.999969482421875,,,1089434,24,1,3,0
1289,1089552,6554,13107,1.00006103515625,1.999969482421875,1.00006103515625,1.999969482421875,,,1089559,24,1,3,0
1290,1089678,6554,13107,1.00006103515625,1.999969482421875,1.00006103515625,1.999969482421875,,,1089685,23,1,3,0
1291,1089803,6554,13107,1.00006103515625,1.999969482421875,1.00006103515625,1.999969482421875,,,1089810,24,1,3,0
1292,1089928,6554,13107,1.00006103515625,1.999969482421875,1.00006103515625,1.999969482421875,,,1089935,24,1,3,0
1293,1090053,6554,13107,1.00006103515625,1.999969482421875,1.00006103515625,1.999969482421875,,,1090060,24,1,3,0
1294,1090179,6554,13107,1.00006103515625,1.999969482421875,1.00006103515625,1.999969482421875,,,1090186,23,1,3,0
1295,1090304,6554,13107,1.00006103515625,1.999969482421875,1.00006103515625,1.999969482421875,,,1090311,24,1,3,0
1296,1090429,6554,13107,1.00006103515625,1.999969482421875,1.00006103515625,1.999969482421875,,,1090436,24,1,3,0
1297,1090554,6554,13107,1.00006103515625,1.999969482421875,1.00006103515625,1.999969482421875,,,1090561,24,1,3,0
1298,1090680,6554,13107,1.00006103515625,1.999969482421875,1.00006103515625,1.999969482421875,,,1090687,23,1,3,0
1299,1090805,6554,13107,1.00006103515625,1.999969482421875,1.00006103515625,1.999969482421875,,,1090812,24,1,3,0
1300,1090930,6554,13107,1.00006103515625,1.999969482421875,1.00006103515625,1.999969482421875,,,1090937,24,1,3,0
1301,1091055,6554,13107,1.00006103515625,1.999969482421875,1.00006103515625,1.999969482421875,,,1091062,24,1,3,0
1302,1091181,6554,13107,1.00006103515625,1.999969482421875,1.00006103515625,1.999969482421875,,,1091188,23,1,3,0
1303,1091306,6554,13107,1.00006103515625,1.999969482421875,1.00006103515625,1.999969482421875,,,1091313,24,1,3,0
1304,1091431,6554,13107,1.00006103515625,1.999969482421875,1.00006103515625,1.999969482421875,,,1091438,24,1,3,0
1305,1091556,6554,13107,1.00006103515625,1.999969482421875,1.00006103515625,1.999969482421875,,,1091564,24,1,3,0
1306,1091682,6554,13107,1.00006103515625,1.999969482421875,1.00006103515625,1.999969482421875,,,1091689,23,1,3,0
1307,1091807,6554,13107,1.00006103515625,1.999969482421875,1.00006103515625,1.999969482421875,,,1091814,24,1,3,0
1308,1091932,6554,13107,1.00006103515625,1.999969482421875,1.00006103515625,1.999969482421875,,,1091939,24,1,3,0
1309,1092057,6554,13107,1.00006103515625,1.999969482421875,1.00006103515625,1.999969482421875,,,1092064,24,1,3,0
1310,1092183,6554,13107,1.00006103515625,1.999969482421875,1.00006103515625,1.999969482421875,,,1092190,23,1,3,0
1311,1092308,6554,13107,1.00006103515625,1.999969482421875,1.00006103515625,1.999969482421875,,,1092315,24,1,3,0
1312,1092433,6554,13107,1.00006103515625,1.999969482421875,1.00006103515625,1.999969482421875,,,1092440,24,1,3,0
1313,1092558,6554,13107,1.00006103515625,1.999969482421875,1.00006103515625,1.999969482421875,,,1092565,24,1,3,0
1314,1092684,6554,13107,1.00006103515625,1.999969482421875,1.00006103515625,1.999969482421875,,,1092691,23,1,3,0
1315,1092809,6554,13107,1.00006103515625,1.999969482421875,1.00006103515625,1.999969482421875,,,1092816,24,1,3,0
1316,1092934,6554,13107,1.00006103515625,1.999969482421875,1.00006103515625,1.999969482421875,,,1092941,24,1,3,0
1317,1093059,6554,13107,1.00006103515625,1.999969482421875,1.00006103515625,1.999969482421875,,,1093066,24,1,3,0
1318,1093185,6554,13107,1.00006103515625,1.999969482421875,1.00006103515625,1.999969482421875,,,1093192,23,1,3,0
1319,1093310,6554,13107,1.00006103515625,1.999969482421875,1.00006103515625,1.999969482421875,,,1093317,24,1,3,0
1320,1093435,6554,13107,1.00006103515625,1.999969482421875,1.00006103515625,1.999969482421875,,,1093442,24,1,3,0
1321,1093560,6554,13107,1.00006103515625,1.999969482421875,1.00006103515625,1.999969482421875,,,1093567,24,1,3,0
1322,1093686,6554,13107,1.00006103515625,1.999969482421875,1.00006103515625,1.999969482421875,,,1093693,23,1,3,0
1323,1093811,6554,13107,1.00006103515625,1.999969482421875,1.00006103515625,1.999969482421875,,,1093818,24,1,3,0
1324,1093936,6554,13107,1.00006103515625,1.999969482421875,1.00006103515625,1.999969482421875,,,1093943,24,1,3,0
1325,1094061,6554,13107,1.00006103515625,1.999969482421875,1.00006103515625,1.999969482421875,,,1094068,24,1,3,0
1326,1094187,6554,13107,1.00006103515625,1.999969482421875,1.00006103515625,1.999969482421875,,,1094194,23,1,3,0
1327,1094312,6554,13107,1.00006103515625,1.999969482421875,1.00006103515625,1.999969482421875,,,1094319,24,1,3,0
1328,1094437,6554,13107,1.00006103515625,1.999969482421875,1.00006103515625,1.999969482421875,,,1094444,24,1,3,0
1329,1094562,6554,13107,1.00006103515625,1.999969482421875,1.00006103515625,1.999969482421875,,,1094569,24,1,3,0
1330,1094688,6554,13107,1.00006103515625,1.999969482421875,1.00006103515625,1.999969482421875,,,1094695,23,1,3,0
1331,1094813,6554,13107,1.00006103515625,1.999969482421875,1.00006103515625,1.999969482421875,,,1094820,24,1,3,0
1332,1094938,6554,13107,1.00006103515625,1.999969482421875,1.00006103515625,1.999969482421875,,,1094945,24,1,3,0
1333,1095063,6554,13107,1.00006103515625,1.999969482421875,1.00006103515625,1.999969482421875,,,1095070,24,1,3,0
1334,1095189,6554,13107,1.00006103515625,1.999969482421875,1.00006103515625,1.999969482421875,,,1095196,23,1,3,0
1335,1095314,6554,13107,1.00006103515625,1.999969482421875,1.00006103515625,1.999969482421875,,,1095321,24,1,3,0
1336,1095439,6554,13107,1.00006103515625,1.999969482421875,1.00006103515625,1.999969482421875,,,1095446,24,1,3,0
1337,1095564,6554,13107,1.00006103515625,1.999969482421875,1.00006103515625,1.999969482421875,,,1095571,24,1,3,0
1338,1095690,6554,13107,1.00006103515625,1.999969482421875,1.00006103515625,1.999969482421875,,,1095697,23,1,3,0
1339,1095815,6554,13107,1.00006103515625,1.999969482421875,1.00006103515625,1.999969482421875,,,1095822,24,1,3,0
1340,1095940,6554,13107,1.00006103515625,1.999969482421875,1.00006103515625,1.999969482421875,,,1095947,24,1,3,0
1341,1096065,6554,13107,1.00006103515625,1.999969482421875,1.00006103515625,1.999969482421875,,,1096072,24,1,3,0
1342,1096191,6554,13107,1.00006103515625,1.999969482421875,1.00006103515625,1.999969482421875,,,1096198,23,1,3,0
1343,1096316,6554,13107,1.00006103515625,1.999969482421875,1.00006103515625,1.999969482421875,,,1096323,24,1,3,0
1344,1096441,6554,13107,1.00006103515625,1.999969482421875,1.00006103515625,1.999969482421875,,,1096448,24,1,3,0
1345,1096566,6554,13107,1.00006103515625,1.999969482421875,1.00006103515625,1.999969482421875,,,1096573,24,1,3,0
1346,1096692,6554,13107,1.00006103515625,1.999969482421875,1.00006103515625,1.999969482421875,,,1096699,23,1,3,0
1347,1096817,6554,13107,1.00006103515625,1.999969482421875,1.00006103515625,1.999969482421875,,,1096824,24,1,3,0
1348,1096942,6554,13107,1.00006103515625,1.999969482421875,1.00006103515625,1.999969482421875,,,1096949,24,1,3,0
1349,1097067,6554,13107,1.00006103515625,1.999969482421875,1.00006103515625,1.999969482421875,,,1097074,24,1,3,0
1350,1097193,6554,13107,1.00006103515625,1.999969482421875,1.00006103515625,1.999969482421875,,,1097200,23,1,3,0
1351,1097318,6554,13107,1.00006103515625,1.999969482421875,1.00006103515625,1.999969482421875,,,1097325,24,1,3,0
1352,1097443,6554,13107,1.00006103515625,1.999969482421875,1.00006103515625,1.999969482421875,,,1097451,24,1,3,0
1353,1097568,6554,13107,1.00006103515625,1.999969482421875,1.00006103515625,1.999969482421875,,,1097575,24,1,3,0
1354,1097694,6554,13107,1.00006103515625,1.999969482421875,1.00006103515625,1.999969482421875,,,1097701,23,1,3,0
1355,1097819,6554,13107,1.00006103515625,1.999969482421875,1.00006103515625,1.999969482421875,,,1097826,24,1,3,0
1356,1097944,6554,13107,1.00006103515625,1.999969482421875,1.00006103515625,1.999969482421875,,,1097951,24,1,3,0
1357,1098069,6554,13107,1.00006103515625,1.999969482421875,1.00006103515625,1.999969482421875,,,1098076,24,1,3,0
1358,1098195,6554,13107,1.00006103515625,1.999969482421875,1.00006103515625,1.999969482421875,,,1098202,23,1,3,0
1359,1098320,6554,13107,1.00006103515625,1.999969482421875,1.00006103515625,1.999969482421875,,,1098327,24,1,3,0
1360,1098445,6554,13107,1.00006103515625,1.999969482421875,1.00006103515625,1.999969482421875,,,1098452,24,1,3,0
1361,1098570,6554,13107,1.00006103515625,1.999969482421875,1.00006103515625,1.999969482421875,,,1098577,24,1,3,0
1362,1098696,6554,13107,1.00006103515625,1.999969482421875,1.00006103515625,1.999969482421875,,,1098703,23,1,3,0
1363,1098821,6554,13107,1.00006103515625,1.999969482421875,1.00006103515625,1.999969482421875,,,1098828,24,1,3,0
1364,1098946,6554,13107,1.00006103515625,1.999969482421875,1.00006103515625,1.999969482421875,,,1098953,24,1,3,0
1365,1099071,6554,13107,1.00006103515625,1.999969482421875,1.00006103515625,1.999969482421875,,,1099078,24,1,3,0
1366,1099197,6554,13107,1.00006103515625,1.999969482421875,1.00006103515625,1.999969482421875,,,1099204,23,1,3,0
1367,1099322,6554,13107,1.00006103515625,1.999969482421875,1.00006103515625,1.999969482421875,,,1099329,24,1,3,0
1368,1099447,6554,13107,1.00006103515625,1.999969482421875,1.00006103515625,1.999969482421875,,,1099454,24,1,3,0
1369,1099572,6554,13107,1.00006103515625,1.999969482421875,1.00006103515625,1.999969482421875,,,1099579,24,1,3,0
1370,1099698,6554,13107,1.00006103515625,1.999969482421875,1.00006103515625,1.999969482421875,,,1099705,23,1,3,0
1371,1099823,6554,13107,1.00006103515625,1.999969482421875,1.00006103515625,1.999969482421875,,,1099830,24,1,3,0
1372,1099948,6554,13107,1.00006103515625,1.999969482421875,1.00006103515625,1.999969482421875,,,1099955,24,1,3,0
1373,1100073,6554,13107,1.00006103515625,1.999969482421875,1.00006103515625,1.999969482421875,,,1100080,24,1,3,0
1374,1100199,6554,13107,1.00006103515625,1.999969482421875,1.00006103515625,1.999969482421875,,,1100206,23,1,3,0
1375,1100324,6554,13107,1.00006103515625,1.999969482421875,1.00006103515625,1.999969482421875,,,1100331,24,1,3,0
1376,1100449,6554,13107,1.00006103515625,1.999969482421875,1.00006103515625,1.999969482421875,,,1100456,24,1,3,0
1377,1100574,6554,13107,1.00006103515625,1.999969482421875,1.00006103515625,1.999969482421875,,,1100581,24,1,3,0
1378,1100700,6554,13107,1.00006103515625,1.999969482421875,1.00006103515625,1.999969482421875,,,1100707,23,1,3,0
1379,1100825,6554,13107,1.00006103515625,1.999969482421875,1.00006103515625,1.999969482421875,,,1100832,24,1,3,0
1380,1100950,6554,13107,1.00006103515625,1.999969482421875,1.00006103515625,1.999969482421875,,,1100957,24,1,3,0
1381,1101075,6554,13107,1.00006103515625,1.999969482421875,1.00006103515625,1.999969482421875,,,1101082,24,1,3,0
1382,1101201,6554,13107,1.00006103515625,1.999969482421875,1.00006103515625,1.999969482421875,,,1101208,23,1,3,0
1383,1101326,6554,13107,1.00006103515625,1.999969482421875,1.00006103515625,1.999969482421875,,,1101333,24,1,3,0
1384,1101451,6554,13107,1.00006103515625,1.999969482421875,1.00006103515625,1.999969482421875,,,1101458,24,1,3,0
1385,1101576,6554,13107,1.00006103515625,1.999969482421875,1.00006103515625,1.999969482421875,,,1101583,24,1,3,0
1386,1101702,6554,13107,1.00006103515625,1.999969482421875,1.00006103515625,1.999969482421875,,,1101709,23,1,3,0
1387,1101827,6554,13107,1.00006103515625,1.999969482421875,1.00006103515625,1.999969482421875,,,1101834,24,1,3,0
1388,1101952,6554,13107,1.00006103515625,1.999969482421875,1.00006103515625,1.999969482421875,,,1101959,24,1,3,0
1389,1102077,6554,13107,1.00006103515625,1.999969482421875,1.00006103515625,1.999969482421875,,,1102084,24,1,3,0
1390,1102203,6554,13107,1.00006103515625,1.999969482421875,1.00006103515625,1.999969482421875,,,1102210,23,1,3,0
1391,1102328,6554,13107,1.00006103515625,1.999969482421875,1.00006103515625,1.999969482421875,,,1102335,24,1,3,0
1392,1102453,6554,13107,1.00006103515625,1.999969482421875,1.00006103515625,1.999969482421875,,,1102460,24,1,3,0
1393,1102578,6554,13107,1.00006103515625,1.999969482421875,1.00006103515625,1.999969482421875,,,1102585,24,1,3,0
1394,1102704,6554,13107,1.00006103515625,1.999969482421875,1.00006103515625,1.999969482421875,,,1102711,23,1,3,0
1395,1102829,6554,13107,1.00006103515625,1.999969482421875,1.00006103515625,1.999969482421875,,,1102836,24,1,3,0
1396,1102954,6554,13107,1.00006103515625,1.999969482421875,1.00006103515625,1.999969482421875,,,1102961,24,1,3,0
1397,1103079,6554,13107,1.00006103515625,1.999969482421875,1.00006103515625,1.999969482421875,,,1103086,24,1,3,0
1398,1103205,6554,13107,1.00006103515625,1.999969482421875,1.00006103515625,1.999969482421875,,,1103212,23,1,3,0
1399,1103330,6554,13107,1.00006103515625,1.999969482421875,1.00006103515625,1.999969482421875,,,1103337,24,1,3,0
1400,1103455,6554,13107,1.00006103515625,1.999969482421875,1.00006103515625,1.999969482421875,,,1103462,24,1,3,0
1401,1103580,6554,13107,1.00006103515625,1.999969482421875,1.00006103515625,1.999969482421875,,,1103587,24,1,3,0
1402,1103706,6554,13107,1.00006103515625,1.999969482421875,1.00006103515625,1.999969482421875,,,1103713,23,1,3,0
1403,1103831,6554,13107,1.00006103515625,1.999969482421875,1.00006103515625,1.999969482421875,,,1103838,24,1,3,0
1404,1103956,6554,13107,1.00006103515625,1.999969482421875,1.00006103515625,1.999969482421875,,,1103963,24,1,3,0
1405,1104081,6554,13107,1.00006103515625,1.999969482421875,1.00006103515625,1.999969482421875,,,1104088,24,1,3,0
1406,1104207,6554,13107,1.00006103515625,1.999969482421875,1.00006103515625,1.999969482421875,,,1104214,23,1,3,0
1407,1104332,6554,13107,1.00006103515625,1.999969482421875,1.00006103515625,1.999969482421875,,,1104339,24,1,3,0
1408,1104457,6554,13107,1.00006103515625,1.999969482421875,1.00006103515625,1.999969482421875,,,1104464,24,1,3,0
1409,1104582,6554,13107,1.00006103515625,1.999969482421875,1.00006103515625,1.999969482421875,,,1104589,24,1,3,0
1410,1104708,6554,13107,1.00006103515625,1.999969482421875,1.00006103515625,1.999969482421875,,,1104715,23,1,3,0
1411,1104833,6554,13107,1.00006103515625,1.999969482421875,1.00006103515625,1.999969482421875,,,1104840,24,1,3,0
1412,1104958,6554,13107,1.00006103515625,1.999969482421875,1.00006103515625,1.999969482421875,,,1104965,24,1,3,0
1413,1105083,6554,13107,1.00006103515625,1.999969482421875,1.00006103515625,1.999969482421875,,,1105090,24,1,3,0
1414,1105209,6554,13107,1.00006103515625,1.999969482421875,1.00006103515625,1.999969482421875,,,1105216,23,1,3,0
1415,1105334,6554,13107,1.00006103515625,1.999969482421875,1.00006103515625,1.999969482421875,,,1105341,24,1,3,0
1416,1105459,6554,13107,1.00006103515625,1.999969482421875,1.00006103515625,1.999969482421875,,,1105466,24,1,3,0
1417,1105584,6554,13107,1.00006103515625,1.999969482421875,1.00006103515625,1.999969482421875,,,1105591,24,1,3,0
1418,1105710,6554,13107,1.00006103515625,1.999969482421875,1.00006103515625,1.999969482421875,,,1105717,23,1,3,0
1419,1105835,6554,13107,1.00006103515625,1.999969482421875,1.00006103515625,1.999969482421875,,,1105842,24,1,3,0
1420,1105960,6554,13107,1.00006103515625,1.999969482421875,1.00006103515625,1.999969482421875,,,1105967,24,1,3,0
1421,1106085,6554,13107,1.00006103515625,1.999969482421875,1.00006103515625,1.999969482421875,,,1106092,24,1,3,0
1422,1106211,6554,13107,1.00006103515625,1.999969482421875,1.00006103515625,1.999969482421875,,,1106218,23,1,3,0
1423,1106336,6554,13107,1.00006103515625,1.999969482421875,1.00006103515625,1.999969482421875,,,1106344,24,1,3,0
1424,1106461,6554,13107,1.00006103515625,1.999969482421875,1.00006103515625,1.999969482421875,,,1106468,24,1,3,0
1425,1106586,6554,13107,1.00006103515625,1.999969482421875,1.00006103515625,1.999969482421875,,,1106593,24,1,3,0
1426,1106712,6554,13107,1.00006103515625,1.999969482421875,1.00006103515625,1.999969482421875,,,1106719,23,1,3,0
1427,1106837,6554,13107,1.00006103515625,1.999969482421875,1.00006103515625,1.999969482421875,,,1106844,24,1,3,0
1428,1106962,6554,13107,1.00006103515625,1.999969482421875,1.00006103515625,1.999969482421875,,,1106969,24,1,3,0
1429,1107087,6554,13107,1.00006103515625,1.999969482421875,1.00006103515625,1.999969482421875,,,1107094,24,1,3,0
1430,1107213,6554,13107,1.00006103515625,1.999969482421875,1.00006103515625,1.999969482421875,,,1107220,23,1,3,0
1431,1107338,6554,13107,1.00006103515625,1.999969482421875,1.00006103515625,1.999969482421875,,,1107346,24,1,3,0
1432,1107463,6554,13107,1.00006103515625,1.999969482421875,1.00006103515625,1.999969482421875,,,1107470,24,1,3,0
1433,1107588,6554,13107,1.00006103515625,1.999969482421875,1.00006103515625,1.999969482421875,,,1107595,24,1,3,0
1434,1107714,6554,13107,1.00006103515625,1.999969482421875,1.00006103515625,1.999969482421875,,,1107721,23,1,3,0
1435,1107839,6554,13107,1.00006103515625,1.999969482421875,1.00006103515625,1.999969482421875,,,1107846,24,1,3,0
1436,1107964,6554,13107,1.00006103515625,1.999969482421875,1.00006103515625,1.999969482421875,,,1107971,24,1,3,0
1437,1108089,6554,13107,1.00006103515625,1.999969482421875,1.00006103515625,1.999969482421875,,,1108096,24,1,3,0
1438,1108215,6554,13107,1.00006103515625,1.999969482421875,1.00006103515625,1.999969482421875,,,1108222,23,1,3,0
1439,1108340,6554,13107,1.00006103515625,1.999969482421875,1.00006103515625,1.999969482421875,,,1108347,24,1,3,0
1440,1108465,6554,13107,1.00006103515625,1.999969482421875,1.00006103515625,1.999969482421875,,,1108472,24,1,3,0
1441,1108590,6554,13107,1.00006103515625,1.999969482421875,1.00006103515625,1.999969482421875,,,1108597,24,1,3,0
1442,1108716,6554,13107,1.00006103515625,1.999969482421875,1.00006103515625,1.999969482421875,,,1108723,23,1,3,0
1443,1108841,6554,13107,1.00006103515625,1.999969482421875,1.00006103515625,1.999969482421875,,,1108848,24,1,3,0
1444,1108966,6554,13107,1.00006103515625,1.999969482421875,1.00006103515625,1.999969482421875,,,1108973,24,1,3,0
1445,1109091,6554,13107,1.00006103515625,1.999969482421875,1.00006103515625,1.999969482421875,,,1109098,24,1,3,0
1446,1109217,6554,13107,1.00006103515625,1.999969482421875,1.00006103515625,1.999969482421875,,,1109224,23,1,3,0
1447,1109342,6554,13107,1.00006103515625,1.999969482421875,1.00006103515625,1.999969482421875,,,1109349,24,1,3,0
1448,1109467,6554,13107,1.00006103515625,1.999969482421875,1.00006103515625,1.999969482421875,,,1109474,24,1,3,0
1449,1109592,6554,13107,1.00006103515625,1.999969482421875,1.00006103515625,1.999969482421875,,,1109599,24,1,3,0
1450,1109718,6554,13107,1.00006103515625,1.999969482421875,1.00006103515625,1.999969482421875,,,1109725,23,1,3,0
1451,1109843,6554,13107,1.00006103515625,1.999969482421875,1.00006103515625,1.999969482421875,,,1109850,24,1,3,0
1452,1109968,6554,13107,1.00006103515625,1.999969482421875,1.00006103515625,1.999969482421875,,,1109975,24,1,3,0
1453,1110093,6554,13107,1.00006103515625,1.999969482421875,1.00006103515625,1.999969482421875,,,1110100,24,1,3,0
1454,1110219,6554,13107,1.00006103515625,1.999969482421875,1.00006103515625,1.999969482421875,,,1110226,23,1,3,0
1455,1110344,6554,13107,1.00006103515625,1.999969482421875,1.00006103515625,1.999969482421875,,,1110351,24,1,3,0
1456,1110469,6554,13107,1.00006103515625,1.999969482421875,1.00006103515625,1.999969482421875,,,1110476,24,1,3,0
1457,1110594,6554,13107,1.00006103515625,1.999969482421875,1.00006103515625,1.999969482421875,,,1110601,24,1,3,0
1458,1110720,6554,13107,1.00006103515625,1.999969482421875,1.00006103515625,1.999969482421875,,,1110727,23,1,3,0
1459,1110845,6554,13107,1.00006103515625,1.999969482421875,1.00006103515625,1.999969482421875,,,1110852,24,1,3,0
1460,1110970,6554,13107,1.00006103515625,1.999969482421875,1.00006103515625,1.999969482421875,,,1110978,24,1,3,0
1461,1111095,6554,13107,1.00006103515625,1.999969482421875,1.00006103515625,1.999969482421875,,,1111102,24,1,3,0
1462,1111221,6554,13107,1.00006103515625,1.999969482421875,1.00006103515625,1.999969482421875,,,1111228,23,1,3,0
1463,1111346,6554,13107,1.00006103515625,1.999969482421875,1.00006103515625,1.999969482421875,,,1111353,24,1,3,0
1464,1111471,6554,13107,1.00006103515625,1.999969482421875,1.00006103515625,1.999969482421875,,,1111478,24,1,3,0
1465,1111596,6554,13107,1.00006103515625,1.999969482421875,1.00006103515625,1.999969482421875,,,1111603,24,1,3,0
1466,1111722,6554,13107,1.00006103515625,1.999969482421875,1.00006103515625,1.999969482421875,,,1111729,23,1,3,0
1467,1111847,6554,13107,1.00006103515625,1.999969482421875,1.00006103515625,1.999969482421875,,,1111854,24,1,3,0
1468,1111972,6554,13107,1.00006103515625,1.999969482421875,1.00006103515625,1.999969482421875,,,1111979,24,1,3,0
1469,1112097,6554,13107,1.00006103515625,1.999969482421875,1.00006103515625,1.999969482421875,,,1112104,24,1,3,0
1470,1112223,6554,13107,1.00006103515625,1.999969482421875,1.00006103515625,1.999969482421875,,,1112230,23,1,3,0
1471,1112348,6554,13107,1.00006103515625,1.999969482421875,1.00006103515625,1.999969482421875,,,1112355,24,1,3,0
1472,1112473,6554,13107,1.00006103515625,1.999969482421875,1.00006103515625,1.999969482421875,,,1112480,24,1,3,0
1473,1112598,6554,13107,1.00006103515625,1.999969482421875,1.00006103515625,1.999969482421875,,,1112605,24,1,3,0
1474,1112724,6554,13107,1.00006103515625,1.999969482421875,1.00006103515625,1.999969482421875,,,1112731,23,1,3,0
1475,1112849,6554,13107,1.00006103515625,1.999969482421875,1.00006103515625,1.999969482421875,,,1112856,24,1,3,0
1476,1112974,6554,13107,1.00006103515625,1.999969482421875,1.00006103515625,1.999969482421875,,,1112981,24,1,3,0
1477,1113099,6554,13107,1.00006103515625,1.999969482421875,1.00006103515625,1.999969482421875,,,1113106,24,1,3,0
1478,1113225,6554,13107,1.00006103515625,1.999969482421875,1.00006103515625,1.999969482421875,,,1113232,23,1,3,0
1479,1113350,6554,13107,1.00006103515625,1.999969482421875,1.00006103515625,1.999969482421875,,,1113357,24,1,3,0
1480,1113475,6554,13107,1.00006103515625,1.999969482421875,1.00006103515625,1.999969482421875,,,1113482,24,1,3,0
1481,1113600,6554,13107,1.00006103515625,1.999969482421875,1.00006103515625,1.999969482421875,,,1113607,24,1,3,0
1482,1113726,6554,13107,1.00006103515625,1.999969482421875,1.00006103515625,1.999969482421875,,,1113733,23,1,3,0
1483,1113851,6554,13107,1.00006103515625,1.999969482421875,1.00006103515625,1.999969482421875,,,1113858,24,1,3,0
1484,1113976,6554,13107,1.00006103515625,1.999969482421875,1.00006103515625,1.999969482421875,,,1113983,24,1,3,0
1485,1114101,6554,13107,1.00006103515625,1.999969482421875,1.00006103515625,1.999969482421875,,,1114108,24,1,3,0
1486,1114227,6554,13107,1.00006103515625,1.999969482421875,1.00006103515625,1.999969482421875,,,1114234,23,1,3,0
1487,1114352,6554,13107,1.00006103515625,1.999969482421875,1.00006103515625,1.999969482421875,,,1114359,24,1,3,0
1488,1114477,6554,13107,1.00006103515625,1.999969482421875,1.00006103515625,1.999969482421875,,,1114484,24,1,3,0
1489,1114602,6554,13107,1.00006103515625,1.999969482421875,1.00006103515625,1.999969482421875,,,1114609,24,1,3,0
1490,1114728,6554,13107,1.00006103515625,1.999969482421875,1.00006103515625,1.999969482421875,,,1114735,23,1,3,0
1491,1114853,6554,13107,1.00006103515625,1.999969482421875,1.00006103515625,1.999969482421875,,,1114860,24,1,3,0
1492,1114978,6554,13107,1.00006103515625,1.999969482421875,1.00006103515625,1.999969482421875,,,1114985,24,1,3,0
1493,1115103,6554,13107,1.00006103515625,1.999969482421875,1.00006103515625,1.999969482421875,,,1115110,24,1,3,0
1494,1115229,6554,13107,1.00006103515625,1.999969482421875,1.00006103515625,1.999969482421875,,,1115236,23,1,3,0
1495,1115354,6554,13107,1.00006103515625,1.999969482421875,1.00006103515625,1.999969482421875,,,1115361,24,1,3,0
1496,1115479,6554,13107,1.00006103515625,1.999969482421875,1.00006103515625,1.999969482421875,,,1115486,24,1,3,0
1497,1115604,6554,13107,1.00006103515625,1.999969482421875,1.00006103515625,1.999969482421875,,,1115611,24,1,3,0
1498,1115730,6554,13107,1.00006103515625,1.999969482421875,1.00006103515625,1.999969482421875,,,1115737,24,1,3,0
1499,1115855,6554,13107,1.00006103515625,1.999969482421875,1.00006103515625,1.999969482421875,,,1115864,24,1,3,0
1500,1115980,6554,13107,1.00006103515625,1.999969482421875,1.00006103515625,1.999969482421875,,,1115987,24,1,3,0
1501,1116105,6554,13107,1.00006103515625,1.999969482421875,1.00006103515625,1.999969482421875,,,1116112,24,1,3,0
1502,1116231,6554,13107,1.00006103515625,1.999969482421875,1.00006103515625,1.999969482421875,,,1116238,23,1,3,0
1503,1116356,6554,13107,1.00006103515625,1.999969482421875,1.00006103515625,1.999969482421875,,,1116363,24,1,3,0
1504,1116481,6554,13107,1.00006103515625,1.999969482421875,1.00006103515625,1.999969482421875,,,1116489,24,1,3,0
1505,1116606,6554,13107,1.00006103515625,1.999969482421875,1.00006103515625,1.999969482421875,,,1116613,24,1,3,0
1506,1116732,6554,13107,1.00006103515625,1.999969482421875,1.00006103515625,1.999969482421875,,,1116739,23,1,3,0
1507,1116857,6554,13107,1.00006103515625,1.999969482421875,1.00006103515625,1.999969482421875,,,1116864,24,1,3,0
1508,1116982,6554,13107,1.00006103515625,1.999969482421875,1.00006103515625,1.999969482421875,,,1116989,24,1,3,0
1509,1117107,6554,13107,1.00006103515625,1.999969482421875,1.00006103515625,1.999969482421875,,,1117114,24,1,3,0
1510,1117233,6554,13107,1.00006103515625,1.999969482421875,1.00006103515625,1.999969482421875,,,1117240,23,1,3,0
1511,1117358,6554,13107,1.00006103515625,1.999969482421875,1.00006103515625,1.999969482421875,,,1117365,24,1,3,0
1512,1117483,6554,13107,1.00006103515625,1.999969482421875,1.00006103515625,1.999969482421875,,,1117490,24,1,3,0
1513,1117608,6554,13107,1.00006103515625,1.999969482421875,1.00006103515625,1.999969482421875,,,1117615,24,1,3,0
1514,1117734,6554,13107,1.00006103515625,1.999969482421875,1.00006103515625,1.999969482421875,,,1117741,23,1,3,0
1515,1117859,6554,13107,1.00006103515625,1.999969482421875,1.00006103515625,1.999969482421875,,,1117866,24,1,3,0
1516,1117984,6554,13107,1.00006103515625,1.999969482421875,1.00006103515625,1.999969482421875,,,1117991,24,1,3,0
1517,1118109,6554,13107,1.00006103515625,1.999969482421875,1.00006103515625,1.999969482421875,,,1118116,24,1,3,0
1518,1118235,6554,13107,1.00006103515625,1.999969482421875,1.00006103515625,1.999969482421875,,,1118242,23,1,3,0
1519,1118360,6554,13107,1.00006103515625,1.999969482421875,1.00006103515625,1.999969482421875,,,1118367,24,1,3,0
1520,1118485,6554,13107,1.00006103515625,1.999969482421875,1.00006103515625,1.999969482421875,,,1118492,24,1,3,0
1521,1118610,6554,13107,1.00006103515625,1.999969482421875,1.00006103515625,1.999969482421875,,,1118617,27,1,3,0
1522,1118736,6554,13107,1.00006103515625,1.999969482421875,1.00006103515625,1.999969482421875,,,1118743,23,1,3,0
1523,1118861,6554,13107,1.00006103515625,1.999969482421875,1.00006103515625,1.999969482421875,,,1118868,24,1,3,0
1524,1118986,6554,13107,1.00006103515625,1.999969482421875,1.00006103515625,1.999969482421875,,,1118993,24,1,3,0
1525,1119111,6554,13107,1.00006103515625,1.999969482421875,1.00006103515625,1.999969482421875,,,1119118,24,1,3,0
1526,1119237,6554,13107,1.00006103515625,1.999969482421875,1.00006103515625,1.999969482421875,,,1119244,23,1,3,0
1527,1119362,6554,13107,1.00006103515625,1.999969482421875,1.00006103515625,1.999969482421875,,,1119369,24,1,3,0
1528,1119487,6554,13107,1.00006103515625,1.999969482421875,1.00006103515625,1.999969482421875,,,1119494,24,1,3,0
1529,1119612,6554,13107,1.00006103515625,1.999969482421875,1.00006103515625,1.999969482421875,,,1119619,25,1,3,0
1530,1119738,6554,13107,1.00006103515625,1.999969482421875,1.00006103515625,1.999969482421875,,,1119745,23,1,3,0
1531,1119863,6554,13107,1.00006103515625,1.999969482421875,1.00006103515625,1.999969482421875,,,1119870,24,1,3,0
1532,1119988,6554,13107,1.00006103515625,1.999969482421875,1.00006103515625,1.999969482421875,,,1119995,24,1,3,0
1533,1120113,6554,13107,1.00006103515625,1.999969482421875,1.00006103515625,1.999969482421875,,,1120120,24,1,3,0
1534,1120239,6554,13107,1.00006103515625,1.999969482421875,1.00006103515625,1.999969482421875,,,1120246,23,1,3,0
1535,1120364,6554,13107,1.00006103515625,1.999969482421875,1.00006103515625,1.999969482421875,,,1120371,24,1,3,0
1536,1120489,6554,13107,1.00006103515625,1.999969482421875,1.00006103515625,1.999969482421875,,,1120496,24,1,3,0
1537,1120614,6554,13107,1.00006103515625,1.999969482421875,1.00006103515625,1.999969482421875,,,1120621,24,1,3,0
1538,1120740,6554,13107,1.00006103515625,1.999969482421875,1.00006103515625,1.999969482421875,,,1120747,23,1,3,0
1539,1120865,6554,13107,1.00006103515625,1.999969482421875,1.00006103515625,1.999969482421875,,,1120872,24,1,3,0
1540,1120990,6554,13107,1.00006103515625,1.999969482421875,1.00006103515625,1.999969482421875,,,1120997,24,1,3,0
1541,1121115,6554,13107,1.00006103515625,1.999969482421875,1.00006103515625,1.999969482421875,,,1121122,24,1,3,0
1542,1121241,6554,13107,1.00006103515625,1.999969482421875,1.00006103515625,1.999969482421875,,,1121248,23,1,3,0
1543,1121366,6554,13107,1.00006103515625,1.999969482421875,1.00006103515625,1.999969482421875,,,1121373,24,1,3,0
1544,1121491,6554,13107,1.00006103515625,1.999969482421875,1.00006103515625,1.999969482421875,,,1121498,24,1,3,0
1545,1121616,6554,13107,1.00006103515625,1.999969482421875,1.00006103515625,1.999969482421875,,,1121623,24,1,3,0
1546,1121742,6554,13107,1.00006103515625,1.999969482421875,1.00006103515625,1.999969482421875,,,1121749,23,1,3,0
1547,1121867,6554,13107,1.00006103515625,1.999969482421875,1.00006103515625,1.999969482421875,,,1121874,24,1,3,0
1548,1121992,6554,13107,1.00006103515625,1.999969482421875,1.00006103515625,1.999969482421875,,,1121999,24,1,3,0
1549,1122117,6554,13107,1.00006103515625,1.999969482421875,1.00006103515625,1.999969482421875,,,1122124,24,1,3,0
1550,1122243,6554,13107,1.00006103515625,1.999969482421875,1.00006103515625,1.999969482421875,,,1122250,23,1,3,0
1551,1122368,6554,13107,1.00006103515625,1.999969482421875,1.00006103515625,1.999969482421875,,,1122375,24,1,3,0
1552,1122493,6554,13107,1.00006103515625,1.999969482421875,1.00006103515625,1.999969482421875,,,1122500,24,1,3,0
1553,1122618,6554,13107,1.00006103515625,1.999969482421875,1.00006103515625,1.999969482421875,,,1122625,24,1,3,0
1554,1122744,6554,13107,1.00006103515625,1.999969482421875,1.00006103515625,1.999969482421875,,,1122751,23,1,3,0
1555,1122869,6554,13107,1.00006103515625,1.999969482421875,1.00006103515625,1.999969482421875,,,1122876,24,1,3,0
1556,1122994,6554,13107,1.00006103515625,1.999969482421875,1.00006103515625,1.999969482421875,,,1123001,24,1,3,0
1557,1123119,6554,13107,1.00006103515625,1.999969482421875,1.00006103515625,1.999969482421875,,,1123126,24,1,3,0
1558,1123245,6554,13107,1.00006103515625,1.999969482421875,1.00006103515625,1.999969482421875,,,1123252,23,1,3,0
1559,1123370,6554,13107,1.00006103515625,1.999969482421875,1.00006103515625,1.999969482421875,,,1123377,24,1,3,0
1560,1123495,6554,13107,1.00006103515625,1.999969482421875,1.00006103515625,1.999969482421875,,,1123503,24,1,3,0
1561,1123620,6554,13107,1.00006103515625,1.999969482421875,1.00006103515625,1.999969482421875,,,1123627,24,1,3,0
1562,1123746,6554,13107,1.00006103515625,1.999969482421875,1.00006103515625,1.999969482421875,,,1123753,23,1,3,0
1563,1123871,6554,13107,1.00006103515625,1.999969482421875,1.00006103515625,1.999969482421875,,,1123878,24,1,3,0
1564,1123996,6554,13107,1.00006103515625,1.999969482421875,1.00006103515625,1.999969482421875,,,1124003,24,1,3,0
1565,1124121,6554,13107,1.00006103515625,1.999969482421875,1.00006103515625,1.999969482421875,,,1124128,24,1,3,0
1566,1124247,6554,13107,1.00006103515625,1.999969482421875,1.00006103515625,1.999969482421875,,,1124254,23,1,3,0
1567,1124372,6554,13107,1.00006103515625,1.999969482421875,1.00006103515625,1.999969482421875,,,1124379,24,1,3,0
1568,1124497,6554,13107,1.00006103515625,1.999969482421875,1.00006103515625,1.999969482421875,,,1124506,24,1,3,0
1569,1124622,6554,13107,1.00006103515625,1.999969482421875,1.00006103515625,1.999969482421875,,,1124629,24,1,3,0
1570,1124748,6554,13107,1.00006103515625,1.999969482421875,1.00006103515625,1.999969482421875,,,1124755,23,1,3,0
1571,1124873,6554,13107,1.00006103515625,1.999969482421875,1.00006103515625,1.999969482421875,,,1124880,24,1,3,0
1572,1124998,6554,13107,1.00006103515625,1.999969482421875,1.00006103515625,1.999969482421875,,,1125005,24,1,3,0
1573,1125123,6554,13107,1.00006103515625,1.999969482421875,1.00006103515625,1.999969482421875,,,1125130,24,1,3,0
1574,1125249,6554,13107,1.00006103515625,1.999969482421875,1.00006103515625,1.999969482421875,,,1125256,23,1,3,0
1575,1125374,6554,13107,1.00006103515625,1.999969482421875,1.00006103515625,1.999969482421875,,,1125381,24,1,3,0
1576,1125499,6554,13107,1.00006103515625,1.999969482421875,1.00006103515625,1.999969482421875,,,1125506,24,1,3,0
1577,1125624,6554,13107,1.00006103515625,1.999969482421875,1.00006103515625,1.999969482421875,,,1125631,24,1,3,0
1578,1125750,6554,13107,1.00006103515625,1.999969482421875,1.00006103515625,1.999969482421875,,,1125757,23,1,3,0
1579,1125875,6554,13107,1.00006103515625,1.999969482421875,1.00006103515625,1.999969482421875,,,1125882,24,1,3,0
1580,1126000,6554,13107,1.00006103515625,1.999969482421875,1.00006103515625,1.999969482421875,,,1126007,24,1,3,0
1581,1126125,6554,13107,1.00006103515625,1.999969482421875,1.00006103515625,1.999969482421875,,,1126133,23,1,3,0
1582,1126251,6554,13107,1.00006103515625,1.999969482421875,1.00006103515625,1.999969482421875,,,1126258,24,1,3,0
1583,1126376,6554,13107,1.00006103515625,1.999969482421875,1.00006103515625,1.999969482421875,,,1126383,24,1,3,0
1584,1126501,6554,13107,1.00006103515625,1.999969482421875,1.00006103515625,1.999969482421875,,,1126508,24,1,3,0
1585,1126626,6554,13107,1.00006103515625,1.999969482421875,1.00006103515625,1.999969482421875,,,1126634,23,1,3,0
1586,1126752,6554,13107,1.00006103515625,1.999969482421875,1.00006103515625,1.999969482421875,,,1126759,24,1,3,0
1587,1126877,6554,13107,1.00006103515625,1.999969482421875,1.00006103515625,1.999969482421875,,,1126884,24,1,3,0
1588,1127002,6554,13107,1.00006103515625,1.999969482421875,1.00006103515625,1.999969482421875,,,1127009,24,1,3,0
1589,1127127,6554,13107,1.00006103515625,1.999969482421875,1.00006103515625,1.999969482421875,,,1127135,23,1,3,0
1590,1127253,6554,13107,1.00006103515625,1.999969482421875,1.00006103515625,1.999969482421875,,,1127260,24,1,3,0
1591,1127378,6554,13107,1.00006103515625,1.999969482421875,1.00006103515625,1.999969482421875,,,1127385,24,1,3,0
1592,1127503,6554,13107,1.00006103515625,1.999969482421875,1.00006103515625,1.999969482421875,,,1127510,24,1,3,0
1593,1127628,6554,13107,1.00006103515625,1.999969482421875,1.00006103515625,1.999969482421875,,,1127636,28,1,3,0
1594,1127754,6554,13107,1.00006103515625,1.999969482421875,1.00006103515625,1.999969482421875,,,1127761,24,1,3,0
1595,1127879,6554,13107,1.00006103515625,1.999969482421875,1.00006103515625,1.999969482421875,,,1127886,24,1,3,0
1596,1128004,6554,13107,1.00006103515625,1.999969482421875,1.00006103515625,1.999969482421875,,,1128011,24,1,3,0
1597,1128129,6554,13107,1.00006103515625,1.999969482421875,1.00006103515625,1.999969482421875,,,1128137,23,1,3,0
1598,1128255,6554,13107,1.00006103515625,1.999969482421875,1.00006103515625,1.999969482421875,,,1128262,24,1,3,0
1599,1128380,6554,13107,1.00006103515625,1.999969482421875,1.00006103515625,1.999969482421875,,,1128387,24,1,3,0
1600,1128505,6554,13107,1.00006103515625,1.999969482421875,1.00006103515625,1.999969482421875,,,1128512,24,1,3,0
1601,1128630,6554,13107,1.00006103515625,1.999969482421875,1.00006103515625,1.999969482421875,,,1128638,28,1,3,0
1602,1128756,6554,13107,1.00006103515625,1.999969482421875,1.00006103515625,1.999969482421875,,,1128763,24,1,3,0
1603,1128881,6554,13107,1.00006103515625,1.999969482421875,1.00006103515625,1.999969482421875,,,1128888,24,1,3,0
1604,1129006,6554,13107,1.00006103515625,1.999969482421875,1.00006103515625,1.999969482421875,,,1129013,24,1,3,0
1605,1129131,6554,13107,1.00006103515625,1.999969482421875,1.00006103515625,1.999969482421875,,,1129139,23,1,3,0
1606,1129257,6554,13107,1.00006103515625,1.999969482421875,1.00006103515625,1.999969482421875,,,1129264,24,1,3,0
1607,1129382,6554,13107,1.00006103515625,1.999969482421875,1.00006103515625,1.999969482421875,,,1129389,24,1,3,0
1608,1129507,6554,13107,1.00006103515625,1.999969482421875,1.00006103515625,1.999969482421875,,,1129514,24,1,3,0
1609,1129632,6554,13107,1.00006103515625,1.999969482421875,1.00006103515625,1.999969482421875,,,1129644,24,1,3,0
1610,1129758,6554,13107,1.00006103515625,1.999969482421875,1.00006103515625,1.999969482421875,,,1129765,24,1,3,0
1611,1129883,6554,13107,1.00006103515625,1.999969482421875,1.00006103515625,1.999969482421875,,,1129890,24,1,3,0
1612,1130008,6554,13107,1.00006103515625,1.999969482421875,1.00006103515625,1.999969482421875,,,1130015,24,1,3,0
1613,1130133,6554,13107,1.00006103515625,1.999969482421875,1.00006103515625,1.999969482421875,,,1130141,23,1,3,0
1614,1130259,6554,13107,1.00006103515625,1.999969482421875,1.00006103515625,1.999969482421875,,,1130266,24,1,3,0
1615,1130384,6554,13107,1.00006103515625,1.999969482421875,1.00006103515625,1.999969482421875,,,1130391,24,1,3,0
1616,1130509,6554,13107,1.00006103515625,1.999969482421875,1.00006103515625,1.999969482421875,,,1130516,24,1,3,0
1617,1130634,6554,13107,1.00006103515625,1.999969482421875,1.00006103515625,1.999969482421875,,,1130646,23,1,3,0
1618,1130760,6554,13107,1.00006103515625,1.999969482421875,1.00006103515625,1.999969482421875,,,1130767,24,1,3,0
1619,1130885,6554,13107,1.00006103515625,1.999969482421875,1.00006103515625,1.999969482421875,,,1130892,24,1,3,0
1620,1131010,6554,13107,1.00006103515625,1.999969482421875,1.00006103515625,1.999969482421875,,,1131017,24,1,3,0
1621,1131135,6554,13107,1.00006103515625,1.999969482421875,1.00006103515625,1.999969482421875,,,1131143,23,1,3,0
1622,1131261,6554,13107,1.00006103515625,1.999969482421875,1.00006103515625,1.999969482421875,,,1131268,24,1,3,0
1623,1131386,6554,13107,1.00006103515625,1.999969482421875,1.00006103515625,1.999969482421875,,,1131393,24,1,3,0
1624,1131511,6554,13107,1.00006103515625,1.999969482421875,1.00006103515625,1.999969482421875,,,1131518,24,1,3,0
1625,1131636,6554,13107,1.00006103515625,1.999969482421875,1.00006103515625,1.999969482421875,,,1131646,24,1,3,0
1626,1131762,6554,13107,1.00006103515625,1.999969482421875,1.00006103515625,1.999969482421875,,,1131769,23,1,3,0
1627,1131887,6554,13107,1.00006103515625,1.999969482421875,1.00006103515625,1.999969482421875,,,1131894,24,1,3,0
1628,1132012,6554,13107,1.00006103515625,1.999969482421875,1.00006103515625,1.999969482421875,,,1132019,24,1,3,0
1629,1132137,6554,13107,1.00006103515625,1.999969482421875,1.00006103515625,1.999969482421875,,,1132144,24,1,3,0
1630,1132263,6554,13107,1.00006103515625,1.999969482421875,1.00006103515625,1.999969482421875,,,1132270,23,1,3,0
1631,1132388,6554,13107,1.00006103515625,1.999969482421875,1.00006103515625,1.999969482421875,,,1132395,24,1,3,0
1632,1132513,6554,13107,1.00006103515625,1.999969482421875,1.00006103515625,1.999969482421875,,,1132520,24,1,3,0
1633,1132638,6554,13107,1.00006103515625,1.999969482421875,1.00006103515625,1.999969482421875,,,1132647,24,1,3,0
1634,1132764,6554,13107,1.00006103515625,1.999969482421875,1.00006103515625,1.999969482421875,,,1132771,23,1,3,0
1635,1132889,6554,13107,1.00006103515625,1.999969482421875,1.00006103515625,1.999969482421875,,,1132896,24,1,3,0
1636,1133014,6554,13107,1.00006103515625,1.999969482421875,1.00006103515625,1.999969482421875,,,1133021,24,1,3,0
1637,1133139,6554,13107,1.00006103515625,1.999969482421875,1.00006103515625,1.999969482421875,,,1133147,23,1,3,0
1638,1133265,6554,13107,1.00006103515625,1.999969482421875,1.00006103515625,1.999969482421875,,,1133272,23,1,3,0
1639,1133390,6554,13107,1.00006103515625,1.999969482421875,1.00006103515625,1.999969482421875,,,1133397,24,1,3,0
1640,1133515,6554,13107,1.00006103515625,1.999969482421875,1.00006103515625,1.999969482421875,,,1133522,24,1,3,0
1641,1133640,6554,13107,1.00006103515625,1.999969482421875,1.00006103515625,1.999969482421875,,,1133649,24,1,3,0
1642,1133766,6554,13107,1.00006103515625,1.999969482421875,1.00006103515625,1.999969482421875,,,1133773,23,1,3,0
1643,1133891,6554,13107,1.00006103515625,1.999969482421875,1.00006103515625,1.999969482421875,,,1133898,24,1,3,0
1644,1134016,6554,13107,1.00006103515625,1.999969482421875,1.00006103515625,1.999969482421875,,,1134023,24,1,3,0
1645,1134141,6554,13107,1.00006103515625,1.999969482421875,1.00006103515625,1.999969482421875,,,1134148,24,1,3,0
1646,1134267,6554,13107,1.00006103515625,1.999969482421875,1.00006103515625,1.999969482421875,,,1134274,23,1,3,0
1647,1134392,6554,13107,1.00006103515625,1.999969482421875,1.00006103515625,1.999969482421875,,,1134399,24,1,3,0
1648,1134517,6554,13107,1.00006103515625,1.999969482421875,1.00006103515625,1.999969482421875,,,1134525,24,1,3,0
1649,1134643,6554,13107,1.00006103515625,1.999969482421875,1.00006103515625,1.999969482421875,,,1134650,23,1,3,0
1650,1134768,6554,13107,1.00006103515625,1.999969482421875,1.00006103515625,1.999969482421875,,,1134775,23,1,3,0
1651,1134893,6554,13107,1.00006103515625,1.999969482421875,1.00006103515625,1.999969482421875,,,1134900,24,1,3,0
1652,1135018,6554,13107,1.00006103515625,1.999969482421875,1.00006103515625,1.999969482421875,,,1135025,24,1,3,0
1653,1135144,6554,13107,1.00006103515625,1.999969482421875,1.00006103515625,1.999969482421875,,,1135151,23,1,3,0
1654,1135269,6554,13107,1.00006103515625,1.999969482421875,1.00006103515625,1.999969482421875,,,1135276,23,1,3,0
1655,1135394,6554,13107,1.00006103515625,1.999969482421875,1.00006103515625,1.999969482421875,,,1135401,24,1,3,0
1656,1135519,6554,13107,1.00006103515625,1.999969482421875,1.00006103515625,1.999969482421875,,,1135526,24,1,3,0
1657,1135646,6554,13107,1.00006103515625,1.999969482421875,1.00006103515625,1.999969482421875,,,1135653,24,1,3,0
1658,1135770,6554,13107,1.00006103515625,1.999969482421875,1.00006103515625,1.999969482421875,,,1135777,23,1,3,0
1659,1135895,6554,13107,1.00006103515625,1.999969482421875,1.00006103515625,1.999969482421875,,,1135902,24,1,3,0
1660,1136020,6554,13107,1.00006103515625,1.999969482421875,1.00006103515625,1.999969482421875,,,1136027,24,1,3,0
1661,1136145,6554,13107,1.00006103515625,1.999969482421875,1.00006103515625,1.999969482421875,,,1136152,24,1,3,0
1662,1136271,6554,13107,1.00006103515625,1.999969482421875,1.00006103515625,1.999969482421875,,,1136278,23,1,3,0
1663,1136396,6554,13107,1.00006103515625,1.999969482421875,1.00006103515625,1.999969482421875,,,1136403,24,1,3,0
1664,1136521,6554,13107,1.00006103515625,1.999969482421875,1.00006103515625,1.999969482421875,,,1136529,24,1,3,0
1665,1136646,6554,13107,1.00006103515625,1.999969482421875,1.00006103515625,1.999969482421875,,,1136653,24,1,3,0
1666,1136772,6554,13107,1.00006103515625,1.999969482421875,1.00006103515625,1.999969482421875,,,1136779,23,1,3,0
1667,1136897,6554,13107,1.00006103515625,1.999969482421875,1.00006103515625,1.999969482421875,,,1136904,24,1,3,0
1668,1137022,6554,13107,1.00006103515625,1.999969482421875,1.00006103515625,1.999969482421875,,,1137029,24,1,3,0
1669,1137147,6554,13107,1.00006103515625,1.999969482421875,1.00006103515625,1.999969482421875,,,1137154,24,1,3,0
1670,1137273,6554,13107,1.00006103515625,1.999969482421875,1.00006103515625,1.999969482421875,,,1137280,23,1,3,0
1671,1137398,6554,13107,1.00006103515625,1.999969482421875,1.00006103515625,1.999969482421875,,,1137405,24,1,3,0
1672,1137523,6554,13107,1.00006103515625,1.999969482421875,1.00006103515625,1.999969482421875,,,1137530,24,1,3,0
1673,1137648,6554,13107,1.00006103515625,1.999969482421875,1.00006103515625,1.999969482421875,,,1137655,24,1,3,0
1674,1137774,6554,13107,1.00006103515625,1.999969482421875,1.00006103515625,1.999969482421875,,,1137781,23,1,3,0
1675,1137899,6554,13107,1.00006103515625,1.999969482421875,1.00006103515625,1.999969482421875,,,1137906,24,1,3,0
1676,1138024,6554,13107,1.00006103515625,1.999969482421875,1.00006103515625,1.999969482421875,,,1138031,24,1,3,0
1677,1138149,6554,13107,1.00006103515625,1.999969482421875,1.00006103515625,1.999969482421875,,,1138156,24,1,3,0
1678,1138275,6554,13107,1.00006103515625,1.999969482421875,1.00006103515625,1.999969482421875,,,1138282,23,1,3,0
1679,1138400,6554,13107,1.00006103515625,1.999969482421875,1.00006103515625,1.999969482421875,,,1138407,24,1,3,0
1680,1138525,6554,13107,1.00006103515625,1.999969482421875,1.00006103515625,1.999969482421875,,,1138532,24,1,3,0
1681,1138650,6554,13107,1.00006103515625,1.999969482421875,1.00006103515625,1.999969482421875,,,1138657,24,1,3,0
1682,1138776,6554,13107,1.00006103515625,1.999969482421875,1.00006103515625,1.999969482421875,,,1138783,23,1,3,0
1683,1138901,6554,13107,1.00006103515625,1.999969482421875,1.00006103515625,1.999969482421875,,,1138908,24,1,3,0
1684,1139026,6554,13107,1.00006103515625,1.999969482421875,1.00006103515625,1.999969482421875,,,1139033,24,1,3,0
1685,1139151,6554,13107,1.00006103515625,1.999969482421875,1.00006103515625,1.999969482421875,,,1139158,24,1,3,0
1686,1139277,6554,13107,1.00006103515625,1.999969482421875,1.00006103515625,1.999969482421875,,,1139284,23,1,3,0
1687,1139402,6554,13107,1.00006103515625,1.999969482421875,1.00006103515625,1.999969482421875,,,1139409,24,1,3,0
1688,1139528,6554,13107,1.00006103515625,1.999969482421875,1.00006103515625,1.999969482421875,,,1139535,24,1,3,0
1689,1139653,6554,13107,1.00006103515625,1.999969482421875,1.00006103515625,1.999969482421875,,,1139660,24,1,3,0
1690,1139778,6554,13107,1.00006103515625,1.999969482421875,1.00006103515625,1.999969482421875,,,1139785,24,1,3,0
1691,1139904,6554,13107,1.00006103515625,1.999969482421875,1.00006103515625,1.999969482421875,,,1139911,23,1,3,0
1692,1140029,6554,13107,1.00006103515625,1.999969482421875,1.00006103515625,1.999969482421875,,,1140036,24,1,3,0
1693,1140154,6554,13107,1.00006103515625,1.999969482421875,1.00006103515625,1.999969482421875,,,1140161,24,1,3,0
1694,1140279,6554,13107,1.00006103515625,1.999969482421875,1.00006103515625,1.999969482421875,,,1140286,24,1,3,0
1695,1140405,6554,13107,1.00006103515625,1.999969482421875,1.00006103515625,1.999969482421875,,,1140412,23,1,3,0
1696,1140530,6554,13107,1.00006103515625,1.999969482421875,1.00006103515625,1.999969482421875,,,1140537,24,1,3,0
1697,1140655,6554,13107,1.00006103515625,1.999969482421875,1.00006103515625,1.999969482421875,,,1140662,24,1,3,0
1698,1140780,6554,13107,1.00006103515625,1.999969482421875,1.00006103515625,1.999969482421875,,,1140788,24,1,3,0
1699,1140906,6554,13107,1.00006103515625,1.999969482421875,1.00006103515625,1.999969482421875,,,1140914,24,1,3,0
1700,1141031,6554,13107,1.00006103515625,1.999969482421875,1.00006103515625,1.999969482421875,,,1141038,24,1,3,0
1701,1141156,6554,13107,1.00006103515625,1.999969482421875,1.00006103515625,1.999969482421875,,,1141163,24,1,3,0
1702,1141281,6554,13107,1.00006103515625,1.999969482421875,1.00006103515625,1.999969482421875,,,1141288,24,1,3,0
1703,1141407,6554,13107,1.00006103515625,1.999969482421875,1.00006103515625,1.999969482421875,,,1141414,23,1,3,0
1704,1141532,6554,13107,1.00006103515625,1.999969482421875,1.00006103515625,1.999969482421875,,,1141539,24,1,3,0
1705,1141657,6554,13107,1.00006103515625,1.999969482421875,1.00006103515625,1.999969482421875,,,1141664,24,1,3,0
1706,1141782,6554,13107,1.00006103515625,1.999969482421875,1.00006103515625,1.999969482421875,,,1141789,24,1,3,0
1707,1141908,6554,13107,1.00006103515625,1.999969482421875,1.00006103515625,1.999969482421875,,,1141915,23,1,3,0
1708,1142033,6554,13107,1.00006103515625,1.999969482421875,1.00006103515625,1.999969482421875,,,1142040,24,1,3,0
1709,1142158,6554,13107,1.00006103515625,1.999969482421875,1.00006103515625,1.999969482421875,,,1142165,24,1,3,0
1710,1142283,6554,13107,1.00006103515625,1.999969482421875,1.00006103515625,1.999969482421875,,,1142290,24,1,3,0
1711,1142409,6554,13107,1.00006103515625,1.999969482421875,1.00006103515625,1.999969482421875,,,1142416,23,1,3,0
1712,1142534,6554,13107,1.00006103515625,1.999969482421875,1.00006103515625,1.999969482421875,,,1142541,24,1,3,0
1713,1142659,6554,13107,1.00006103515625,1.999969482421875,1.00006103515625,1.999969482421875,,,1142666,24,1,3,0
1714,1142784,6554,13107,1.00006103515625,1.999969482421875,1.00006103515625,1.999969482421875,,,1142791,24,1,3,0
1715,1142910,6554,13107,1.00006103515625,1.999969482421875,1.00006103515625,1.999969482421875,,,1142917,23,1,3,0
1716,1143035,6554,13107,1.00006103515625,1.999969482421875,1.00006103515625,1.999969482421875,,,1143042,24,1,3,0
1717,1143160,6554,13107,1.00006103515625,1.999969482421875,1.00006103515625,1.999969482421875,,,1143167,24,1,3,0
1718,1143285,6554,13107,1.00006103515625,1.999969482421875,1.00006103515625,1.999969482421875,,,1143292,24,1,3,0
1719,1143411,6554,13107,1.00006103515625,1.999969482421875,1.00006103515625,1.999969482421875,,,1143418,23,1,3,0
1720,1143536,6554,13107,1.00006103515625,1.999969482421875,1.00006103515625,1.999969482421875,,,1143543,24,1,3,0
1721,1143661,6554,13107,1.00006103515625,1.999969482421875,1.00006103515625,1.999969482421875,,,1143668,24,1,3,0
1722,1143786,6554,13107,1.00006103515625,1.999969482421875,1.00006103515625,1.999969482421875,,,1143793,24,1,3,0
1723,1143912,6554,13107,1.00006103515625,1.999969482421875,1.00006103515625,1.999969482421875,,,1143919,23,1,3,0
1724,1144037,6554,13107,1.00006103515625,1.999969482421875,1.00006103515625,1.999969482421875,,,1144044,24,1,3,0
1725,1144162,6554,13107,1.00006103515625,1.999969482421875,1.00006103515625,1.999969482421875,,,1144169,24,1,3,0
1726,1144287,6554,13107,1.00006103515625,1.999969482421875,1.00006103515625,1.999969482421875,,,1144294,24,1,3,0
1727,1144413,6554,13107,1.00006103515625,1.999969482421875,1.00006103515625,1.999969482421875,,,1144420,23,1,3,0
1728,1144538,6554,13107,1.00006103515625,1.999969482421875,1.00006103515625,1.999969482421875,,,1144545,24,1,3,0
1729,1144663,6554,13107,1.00006103515625,1.999969482421875,1.00006103515625,1.999969482421875,,,1144670,24,1,3,0
1730,1144788,6554,13107,1.00006103515625,1.999969482421875,1.00006103515625,1.999969482421875,,,1144795,24,1,3,0
1731,1144914,6554,13107,1.00006103515625,1.999969482421875,1.00006103515625,1.999969482421875,,,1144921,23,1,3,0
1732,1145039,6554,13107,1.00006103515625,1.999969482421875,1.00006103515625,1.999969482421875,,,1145046,24,1,3,0
1733,1145164,6554,13107,1.00006103515625,1.999969482421875,1.00006103515625,1.999969482421875,,,1145171,24,1,3,0
1734,1145289,6554,13107,1.00006103515625,1.999969482421875,1.00006103515625,1.999969482421875,,,1145296,24,1,3,0
1735,1145415,6554,13107,1.00006103515625,1.999969482421875,1.00006103515625,1.999969482421875,,,1145422,23,1,3,0
1736,1145540,6554,13107,1.00006103515625,1.999969482421875,1.00006103515625,1.999969482421875,,,1145547,24,1,3,0
1737,1145665,6554,13107,1.00006103515625,1.999969482421875,1.00006103515625,1.999969482421875,,,1145672,24,1,3,0
1738,1145790,6554,13107,1.00006103515625,1.999969482421875,1.00006103515625,1.999969482421875,,,1145797,24,1,3,0
1739,1145916,6554,13107,1.00006103515625,1.999969482421875,1.00006103515625,1.999969482421875,,,1145924,24,1,3,0
1740,1146041,6554,13107,1.00006103515625,1.999969482421875,1.00006103515625,1.999969482421875,,,1146048,24,1,3,0
1741,1146166,6554,13107,1.00006103515625,1.999969482421875,1.00006103515625,1.999969482421875,,,1146173,24,1,3,0
1742,1146291,6554,13107,1.00006103515625,1.999969482421875,1.00006103515625,1.999969482421875,,,1146298,24,1,3,0
1743,1146417,6554,13107,1.00006103515625,1.999969482421875,1.00006103515625,1.999969482421875,,,1146424,23,1,3,0
1744,1146542,6554,13107,1.00006103515625,1.999969482421875,1.00006103515625,1.999969482421875,,,1146549,24,1,3,0
1745,1146667,6554,13107,1.00006103515625,1.999969482421875,1.00006103515625,1.999969482421875,,,1146674,24,1,3,0
1746,1146792,6554,13107,1.00006103515625,1.999969482421875,1.00006103515625,1.999969482421875,,,1146799,24,1,3,0
1747,1146918,6554,13107,1.00006103515625,1.999969482421875,1.00006103515625,1.999969482421875,,,1146925,23,1,3,0
1748,1147043,6554,13107,1.00006103515625,1.999969482421875,1.00006103515625,1.999969482421875,,,1147050,24,1,3,0
1749,1147168,6554,13107,1.00006103515625,1.999969482421875,1.00006103515625,1.999969482421875,,,1147175,24,1,3,0
1750,1147293,6554,13107,1.00006103515625,1.999969482421875,1.00006103515625,1.999969482421875,,,1147300,24,1,3,0
1751,1147419,6554,13107,1.00006103515625,1.999969482421875,1.00006103515625,1.999969482421875,,,1147426,23,1,3,0
1752,1147544,6554,13107,1.00006103515625,1.999969482421875,1.00006103515625,1.999969482421875,,,1147551,24,1,3,0
1753,1147669,6554,13107,1.00006103515625,1.999969482421875,1.00006103515625,1.999969482421875,,,1147676,24,1,3,0
1754,1147794,6554,13107,1.00006103515625,1.999969482421875,1.00006103515625,1.999969482421875,,,1147801,24,1,3,0
1755,1147920,6554,13107,1.00006103515625,1.999969482421875,1.00006103515625,1.999969482421875,,,1147927,23,1,3,0
1756,1148045,6554,13107,1.00006103515625,1.999969482421875,1.00006103515625,1.999969482421875,,,1148052,24,1,3,0
1757,1148170,6554,13107,1.00006103515625,1.999969482421875,1.00006103515625,1.999969482421875,,,1148177,24,1,3,0
1758,1148295,6554,13107,1.00006103515625,1.999969482421875,1.00006103515625,1.999969482421875,,,1148302,24,1,3,0
1759,1148421,6554,13107,1.00006103515625,1.999969482421875,1.00006103515625,1.999969482421875,,,1148428,23,1,3,0
1760,1148546,6554,13107,1.00006103515625,1.999969482421875,1.00006103515625,1.999969482421875,,,1148554,23,1,3,0
1761,1148671,6554,13107,1.00006103515625,1.999969482421875,1.00006103515625,1.999969482421875,,,1148678,24,1,3,0
1762,1148796,6554,13107,1.00006103515625,1.999969482421875,1.00006103515625,1.999969482421875,,,1148803,24,1,3,0
1763,1148922,6554,13107,1.00006103515625,1.999969482421875,1.00006103515625,1.999969482421875,,,1148929,23,1,3,0
1764,1149047,6554,13107,1.00006103515625,1.999969482421875,1.00006103515625,1.999969482421875,,,1149054,24,1,3,0
1765,1149172,6554,13107,1.00006103515625,1.999969482421875,1.00006103515625,1.999969482421875,,,1149179,24,1,3,0
1766,1149297,6554,13107,1.00006103515625,1.999969482421875,1.00006103515625,1.999969482421875,,,1149304,24,1,3,0
1767,1149423,6554,13107,1.00006103515625,1.999969482421875,1.00006103515625,1.999969482421875,,,1149430,23,1,3,0
1768,1149548,6554,13107,1.00006103515625,1.999969482421875,1.00006103515625,1.999969482421875,,,1149557,23,1,3,0
1769,1149673,6554,13107,1.00006103515625,1.999969482421875,1.00006103515625,1.999969482421875,,,1149680,24,1,3,0
1770,1149798,6554,13107,1.00006103515625,1.999969482421875,1.00006103515625,1.999969482421875,,,1149805,24,1,3,0
1771,1149924,6554,13107,1.00006103515625,1.999969482421875,1.00006103515625,1.999969482421875,,,1149931,23,1,3,0
1772,1150049,6554,13107,1.00006103515625,1.999969482421875,1.00006103515625,1.999969482421875,,,1150056,24,1,3,0
1773,1150174,6554,13107,1.00006103515625,1.999969482421875,1.00006103515625,1.999969482421875,,,1150181,24,1,3,0
1774,1150300,6554,13107,1.00006103515625,1.999969482421875,1.00006103515625,1.999969482421875,,,1150306,24,1,3,0
1775,1150425,6554,13107,1.00006103515625,1.999969482421875,1.00006103515625,1.999969482421875,,,1150432,24,1,3,0
1776,1150550,6554,13107,1.00006103515625,1.999969482421875,1.00006103515625,1.999969482421875,,,1150557,24,1,3,0
1777,1150675,6554,13107,1.00006103515625,1.999969482421875,1.00006103515625,1.999969482421875,,,1150683,24,1,3,0
1778,1150801,6554,13107,1.00006103515625,1.999969482421875,1.00006103515625,1.999969482421875,,,1150808,23,1,3,0
1779,1150926,6554,13107,1.00006103515625,1.999969482421875,1.00006103515625,1.999969482421875,,,1150933,23,1,3,0
1780,1151051,6554,13107,1.00006103515625,1.999969482421875,1.00006103515625,1.999969482421875,,,1151058,24,1,3,0
1781,1151176,6554,13107,1.00006103515625,1.999969482421875,1.00006103515625,1.999969482421875,,,1151183,24,1,3,0
1782,1151302,6554,13107,1.00006103515625,1.999969482421875,1.00006103515625,1.999969482421875,,,1151309,23,1,3,0
1783,1151427,6554,13107,1.00006103515625,1.999969482421875,1.00006103515625,1.999969482421875,,,1151434,23,1,3,0
1784,1151552,6554,13107,1.00006103515625,1.999969482421875,1.00006103515625,1.999969482421875,,,1151559,24,1,3,0
1785,1151677,6554,13107,1.00006103515625,1.999969482421875,1.00006103515625,1.999969482421875,,,1151684,24,1,3,0
1786,1151803,6554,13107,1.00006103515625,1.999969482421875,1.00006103515625,1.999969482421875,,,1151810,23,1,3,0
1787,1151928,6554,13107,1.00006103515625,1.999969482421875,1.00006103515625,1.999969482421875,,,1151935,23,1,3,0
1788,1152053,6554,13107,1.00006103515625,1.999969482421875,1.00006103515625,1.999969482421875,,,1152060,24,1,3,0
1789,1152178,6554,13107,1.00006103515625,1.999969482421875,1.00006103515625,1.999969482421875,,,1152185,24,1,3,0
1790,1152304,6554,13107,1.00006103515625,1.999969482421875,1.00006103515625,1.999969482421875,,,1152311,23,1,3,0
1791,1152429,6554,13107,1.00006103515625,1.999969482421875,1.00006103515625,1.999969482421875,,,1152436,23,1,3,0
1792,1152554,6554,13107,1.00006103515625,1.999969482421875,1.00006103515625,1.999969482421875,,,1152561,24,1,3,0
1793,1152679,6554,13107,1.00006103515625,1.999969482421875,1.00006103515625,1.999969482421875,,,1152686,24,1,3,0
1794,1152805,6554,13107,1.00006103515625,1.999969482421875,1.00006103515625,1.999969482421875,,,1152812,23,1,3,0
1795,1152930,6554,13107,1.00006103515625,1.999969482421875,1.00006103515625,1.999969482421875,,,1152937,23,1,3,0
1796,1153055,6554,13107,1.00006103515625,1.999969482421875,1.00006103515625,1.999969482421875,,,1153062,24,1,3,0
1797,1153180,6554,13107,1.00006103515625,1.999969482421875,1.00006103515625,1.999969482421875,,,1153187,24,1,3,0
1798,1153306,6554,13107,1.00006103515625,1.999969482421875,1.00006103515625,1.999969482421875,,,1153313,23,1,3,0
1799,1153431,6554,13107,1.00006103515625,1.999969482421875,1.00006103515625,1.999969482421875,,,1153438,23,1,3,0
1800,1153556,6554,13107,1.00006103515625,1.999969482421875,1.00006103515625,1.999969482421875,,,1153563,24,1,3,0
1801,1153681,6554,13107,1.00006103515625,1.999969482421875,1.00006103515625,1.999969482421875,,,1153688,24,1,3,0
1802,1153807,6554,13107,1.00006103515625,1.999969482421875,1.00006103515625,1.999969482421875,,,1153814,23,1,3,0
1803,1153932,6554,13107,1.00006103515625,1.999969482421875,1.00006103515625,1.999969482421875,,,1153939,23,1,3,0
1804,1154057,6554,13107,1.00006103515625,1.999969482421875,1.00006103515625,1.999969482421875,,,1154064,24,1,3,0
1805,1154182,6554,13107,1.00006103515625,1.999969482421875,1.00006103515625,1.999969482421875,,,1154189,24,1,3,0
1806,1154308,6554,13107,1.00006103515625,1.999969482421875,1.00006103515625,1.999969482421875,,,1154315,23,1,3,0
1807,1154433,6554,13107,1.00006103515625,1.999969482421875,1.00006103515625,1.999969482421875,,,1154440,23,1,3,0
1808,1154558,6554,13107,1.00006103515625,1.999969482421875,1.00006103515625,1.999969482421875,,,1154565,24,1,3,0
1809,1154683,6554,13107,1.00006103515625,1.999969482421875,1.00006103515625,1.999969482421875,,,1154690,24,1,3,0
1810,1154809,6554,13107,1.00006103515625,1.999969482421875,1.00006103515625,1.999969482421875,,,1154816,23,1,3,0
1811,1154934,6554,13107,1.00006103515625,1.999969482421875,1.00006103515625,1.999969482421875,,,1154941,23,1,3,0
1812,1155059,6554,13107,1.00006103515625,1.999969482421875,1.00006103515625,1.999969482421875,,,1155066,24,1,3,0
1813,1155184,6554,13107,1.00006103515625,1.999969482421875,1.00006103515625,1.999969482421875,,,1155191,24,1,3,0
1814,1155310,6554,13107,1.00006103515625,1.999969482421875,1.00006103515625,1.999969482421875,,,1155317,23,1,3,0
1815,1155435,6554,13107,1.00006103515625,1.999969482421875,1.00006103515625,1.999969482421875,,,1155442,23,1,3,0
1816,1155560,6554,13107,1.00006103515625,1.999969482421875,1.00006103515625,1.999969482421875,,,1155567,24,1,3,0
1817,1155685,6554,13107,1.00006103515625,1.999969482421875,1.00006103515625,1.999969482421875,,,1155692,24,1,3,0
1818,1155811,6554,13107,1.00006103515625,1.999969482421875,1.00006103515625,1.999969482421875,,,1155818,23,1,3,0
1819,1155936,6554,13107,1.00006103515625,1.999969482421875,1.00006103515625,1.999969482421875,,,1155943,23,1,3,0
1820,1156061,6554,13107,1.00006103515625,1.999969482421875,1.00006103515625,1.999969482421875,,,1156068,24,1,3,0
1821,1156186,6554,13107,1.00006103515625,1.999969482421875,1.00006103515625,1.999969482421875,,,1156193,24,1,3,0
1822,1156312,6554,13107,1.00006103515625,1.999969482421875,1.00006103515625,1.999969482421875,,,1156319,23,1,3,0
1823,1156437,6554,13107,1.00006103515625,1.999969482421875,1.00006103515625,1.999969482421875,,,1156444,23,1,3,0
1824,1156562,6554,13107,1.00006103515625,1.999969482421875,1.00006103515625,1.999969482421875,,,1156569,24,1,3,0
1825,1156687,6554,13107,1.00006103515625,1.999969482421875,1.00006103515625,1.999969482421875,,,1156694,24,1,3,0
1826,1156813,6554,13107,1.00006103515625,1.999969482421875,1.00006103515625,1.999969482421875,,,1156820,23,1,3,0
1827,1156938,6554,13107,1.00006103515625,1.999969482421875,1.00006103515625,1.999969482421875,,,1156945,23,1,3,0
1828,1157063,6554,13107,1.00006103515625,1.999969482421875,1.00006103515625,1.999969482421875,,,1157070,24,1,3,0
1829,1157188,6554,13107,1.00006103515625,1.999969482421875,1.00006103515625,1.999969482421875,,,1157195,24,1,3,0
1830,1157314,6554,13107,1.00006103515625,1.999969482421875,1.00006103515625,1.999969482421875,,,1157321,23,1,3,0
1831,1157439,6554,13107,1.00006103515625,1.999969482421875,1.00006103515625,1.999969482421875,,,1157447,23,1,3,0
1832,1157564,6554,13107,1.00006103515625,1.999969482421875,1.00006103515625,1.999969482421875,,,1157571,24,1,3,0
1833,1157689,6554,13107,1.00006103515625,1.999969482421875,1.00006103515625,1.999969482421875,,,1157696,24,1,3,0
1834,1157815,6554,13107,1.00006103515625,1.999969482421875,1.00006103515625,1.999969482421875,,,1157822,23,1,3,0
1835,1157940,6554,13107,1.00006103515625,1.999969482421875,1.00006103515625,1.999969482421875,,,1157947,23,1,3,0
1836,1158065,6554,13107,1.00006103515625,1.999969482421875,1.00006103515625,1.999969482421875,,,1158072,24,1,3,0
1837,1158190,6554,13107,1.00006103515625,1.999969482421875,1.00006103515625,1.999969482421875,,,1158197,24,1,3,0
1838,1158316,6554,13107,1.00006103515625,1.999969482421875,1.00006103515625,1.999969482421875,,,1158323,23,1,3,0
1839,1158441,6554,13107,1.00006103515625,1.999969482421875,1.00006103515625,1.999969482421875,,,1158448,24,1,3,0
1840,1158566,6554,13107,1.00006103515625,1.999969482421875,1.00006103515625,1.999969482421875,,,1158573,24,1,3,0
1841,1158691,6554,13107,1.00006103515625,1.999969482421875,1.00006103515625,1.999969482421875,,,1158698,24,1,3,0
1842,1158817,6554,13107,1.00006103515625,1.999969482421875,1.00006103515625,1.999969482421875,,,1158824,23,1,3,0
1843,1158942,6554,13107,1.00006103515625,1.999969482421875,1.00006103515625,1.999969482421875,,,1158949,23,1,3,0
1844,1159067,6554,13107,1.00006103515625,1.999969482421875,1.00006103515625,1.999969482421875,,,1159074,24,1,3,0
1845,1159192,6554,13107,1.00006103515625,1.999969482421875,1.00006103515625,1.999969482421875,,,1159199,24,1,3,0
1846,1159318,6554,13107,1.00006103515625,1.999969482421875,1.00006103515625,1.999969482421875,,,1159325,23,1,3,0
1847,1159443,6554,13107,1.00006103515625,1.999969482421875,1.00006103515625,1.999969482421875,,,1159451,23,1,3,0
1848,1159568,6554,13107,1.00006103515625,1.999969482421875,1.00006103515625,1.999969482421875,,,1159575,24,1,3,0
1849,1159693,6554,13107,1.00006103515625,1.999969482421875,1.00006103515625,1.999969482421875,,,1159700,24,1,3,0
1850,1159819,6554,13107,1.00006103515625,1.999969482421875,1.00006103515625,1.999969482421875,,,1159826,23,1,3,0
1851,1159944,6554,13107,1.00006103515625,1.999969482421875,1.00006103515625,1.999969482421875,,,1159951,23,1,3,0
1852,1160069,6554,13107,1.00006103515625,1.999969482421875,1.00006103515625,1.999969482421875,,,1160076,24,1,3,0
1853,1160194,6554,13107,1.00006103515625,1.999969482421875,1.00006103515625,1.999969482421875,,,1160201,24,1,3,0
1854,1160320,6554,13107,1.00006103515625,1.999969482421875,1.00006103515625,1.999969482421875,,,1160327,23,1,3,0
1855,1160445,6554,13107,1.00006103515625,1.999969482421875,1.00006103515625,1.999969482421875,,,1160452,24,1,3,0
1856,1160570,6554,13107,1.00006103515625,1.999969482421875,1.00006103515625,1.999969482421875,,,1160577,24,1,3,0
1857,1160695,6554,13107,1.00006103515625,1.999969482421875,1.00006103515625,1.999969482421875,,,1160702,24,1,3,0
1858,1160821,6554,13107,1.00006103515625,1.999969482421875,1.00006103515625,1.999969482421875,,,1160828,23,1,3,0
1859,1160946,6554,13107,1.00006103515625,1.999969482421875,1.00006103515625,1.999969482421875,,,1160953,23,1,3,0
1860,1161071,6554,13107,1.00006103515625,1.999969482421875,1.00006103515625,1.999969482421875,,,1161078,24,1,3,0
1861,1161196,6554,13107,1.00006103515625,1.999969482421875,1.00006103515625,1.999969482421875,,,1161203,24,1,3,0
1862,1161322,6554,13107,1.00006103515625,1.999969482421875,1.00006103515625,1.999969482421875,,,1161329,23,1,3,0
1863,1161447,6554,13107,1.00006103515625,1.999969482421875,1.00006103515625,1.999969482421875,,,1161454,24,1,3,0
1864,1161572,6554,13107,1.00006103515625,1.999969482421875,1.00006103515625,1.999969482421875,,,1161579,24,1,3,0
1865,1161697,6554,13107,1.00006103515625,1.999969482421875,1.00006103515625,1.999969482421875,,,1161704,24,1,3,0
1866,1161823,6554,13107,1.00006103515625,1.999969482421875,1.00006103515625,1.999969482421875,,,1161830,23,1,3,0
1867,1161948,6554,13107,1.00006103515625,1.999969482421875,1.00006103515625,1.999969482421875,,,1161955,23,1,3,0
1868,1162073,6554,13107,1.00006103515625,1.999969482421875,1.00006103515625,1.999969482421875,,,1162080,24,1,3,0
1869,1162198,6554,13107,1.00006103515625,1.999969482421875,1.00006103515625,1.999969482421875,,,1162205,24,1,3,0
1870,1162324,6554,13107,1.00006103515625,1.999969482421875,1.00006103515625,1.999969482421875,,,1162331,23,1,3,0
1871,1162449,6554,13107,1.00006103515625,1.999969482421875,1.00006103515625,1.999969482421875,,,1162456,23,1,3,0
1872,1162574,6554,13107,1.00006103515625,1.999969482421875,1.00006103515625,1.999969482421875,,,1162581,24,1,3,0
1873,1162699,6554,13107,1.00006103515625,1.999969482421875,1.00006103515625,1.999969482421875,,,1162706,24,1,3,0
1874,1162825,6554,13107,1.00006103515625,1.999969482421875,1.00006103515625,1.999969482421875,,,1162832,23,1,3,0
1875,1162950,6554,13107,1.00006103515625,1.999969482421875,1.00006103515625,1.999969482421875,,,1162957,23,1,3,0
1876,1163075,6554,13107,1.00006103515625,1.999969482421875,1.00006103515625,1.999969482421875,,,1163082,24,1,3,0
1877,1163200,6554,13107,1.00006103515625,1.999969482421875,1.00006103515625,1.999969482421875,,,1163207,24,1,3,0
1878,1163326,6554,13107,1.00006103515625,1.999969482421875,1.00006103515625,1.999969482421875,,,1163333,23,1,3,0
1879,1163451,6554,13107,1.00006103515625,1.999969482421875,1.00006103515625,1.999969482421875,,,1163458,23,1,3,0
1880,1163576,6554,13107,1.00006103515625,1.999969482421875,1.00006103515625,1.999969482421875,,,1163583,24,1,3,0
1881,1163701,6554,13107,1.00006103515625,1.999969482421875,1.00006103515625,1.999969482421875,,,1163708,24,1,3,0
1882,1163827,6554,13107,1.00006103515625,1.999969482421875,1.00006103515625,1.999969482421875,,,1163834,23,1,3,0
1883,1163952,6554,13107,1.00006103515625,1.999969482421875,1.00006103515625,1.999969482421875,,,1163959,23,1,3,0
1884,1164077,6554,13107,1.00006103515625,1.999969482421875,1.00006103515625,1.999969482421875,,,1164084,24,1,3,0
1885,1164202,6554,13107,1.00006103515625,1.999969482421875,1.00006103515625,1.999969482421875,,,1164209,24,1,3,0
1886,1164328,6554,13107,1.00006103515625,1.999969482421875,1.00006103515625,1.999969482421875,,,1164335,23,1,3,0
1887,1164453,6554,13107,1.00006103515625,1.999969482421875,1.00006103515625,1.999969482421875,,,1164460,23,1,3,0
1888,1164578,6554,13107,1.00006103515625,1.999969482421875,1.00006103515625,1.999969482421875,,,1164585,24,1,3,0
1889,1164703,6554,13107,1.00006103515625,1.999969482421875,1.00006103515625,1.999969482421875,,,1164710,24,1,3,0
1890,1164829,6554,13107,1.00006103515625,1.999969482421875,1.00006103515625,1.999969482421875,,,1164836,23,1,3,0
1891,1164954,6554,13107,1.00006103515625,1.999969482421875,1.00006103515625,1.999969482421875,,,1164961,23,1,3,0
1892,1165079,6554,13107,1.00006103515625,1.999969482421875,1.00006103515625,1.999969482421875,,,1165086,24,1,3,0
1893,1165204,6554,13107,1.00006103515625,1.999969482421875,1.00006103515625,1.999969482421875,,,1165211,24,1,3,0
1894,1165330,6554,13107,1.00006103515625,1.999969482421875,1.00006103515625,1.999969482421875,,,1165337,23,1,3,0
1895,1165455,6554,13107,1.00006103515625,1.999969482421875,1.00006103515625,1.999969482421875,,,1165462,23,1,3,0
1896,1165580,6554,13107,1.00006103515625,1.999969482421875,1.00006103515625,1.999969482421875,,,1165587,24,1,3,0
1897,1165705,6554,13107,1.00006103515625,1.999969482421875,1.00006103515625,1.999969482421875,,,1165712,24,1,3,0
1898,1165831,6554,13107,1.00006103515625,1.999969482421875,1.00006103515625,1.999969482421875,,,1165838,23,1,3,0
1899,1165956,6554,13107,1.00006103515625,1.999969482421875,1.00006103515625,1.999969482421875,,,1165963,23,1,3,0
1900,1166081,6554,13107,1.00006103515625,1.999969482421875,1.00006103515625,1.999969482421875,,,1166088,24,1,3,0
1901,1166206,6554,13107,1.00006103515625,1.999969482421875,1.00006103515625,1.999969482421875,,,1166213,24,1,3,0
1902,1166332,6554,13107,1.00006103515625,1.999969482421875,1.00006103515625,1.999969482421875,,,1166339,23,1,3,0
1903,1166457,6554,13107,1.00006103515625,1.999969482421875,1.00006103515625,1.999969482421875,,,1166464,23,1,3,0
1904,1166582,6554,13107,1.00006103515625,1.999969482421875,1.00006103515625,1.999969482421875,,,1166589,24,1,3,0
1905,1166707,6554,13107,1.00006103515625,1.999969482421875,1.00006103515625,1.999969482421875,,,1166714,24,1,3,0
1906,1166833,6554,13107,1.00006103515625,1.999969482421875,1.00006103515625,1.999969482421875,,,1166840,23,1,3,0
1907,1166958,6554,13107,1.00006103515625,1.999969482421875,1.00006103515625,1.999969482421875,,,1166965,23,1,3,0
1908,1167083,6554,13107,1.00006103515625,1.999969482421875,1.00006103515625,1.999969482421875,,,1167090,24,1,3,0
1909,1167208,6554,13107,1.00006103515625,1.999969482421875,1.00006103515625,1.999969482421875,,,1167215,24,1,3,0
1910,1167334,6554,13107,1.00006103515625,1.999969482421875,1.00006103515625,1.999969482421875,,,1167341,23,1,3,0
1911,1167459,6554,13107,1.00006103515625,1.999969482421875,1.00006103515625,1.999969482421875,,,1167466,23,1,3,0
1912,1167584,6554,13107,1.00006103515625,1.999969482421875,1.00006103515625,1.999969482421875,,,1167591,24,1,3,0
1913,1167709,6554,13107,1.00006103515625,1.999969482421875,1.00006103515625,1.999969482421875,,,1167716,24,1,3,0
1914,1167835,6554,13107,1.00006103515625,1.999969482421875,1.00006103515625,1.999969482421875,,,1167842,23,1,3,0
1915,1167960,6554,13107,1.00006103515625,1.999969482421875,1.00006103515625,1.999969482421875,,,1167967,23,1,3,0
1916,1168085,6554,13107,1.00006103515625,1.999969482421875,1.00006103515625,1.999969482421875,,,1168092,24,1,3,0
1917,1168210,6554,13107,1.00006103515625,1.999969482421875,1.00006103515625,1.999969482421875,,,1168217,24,1,3,0
1918,1168336,6554,13107,1.00006103515625,1.999969482421875,1.00006103515625,1.999969482421875,,,1168344,24,1,3,0
1919,1168461,6554,13107,1.00006103515625,1.999969482421875,1.00006103515625,1.999969482421875,,,1168468,23,1,3,0
1920,1168586,6554,13107,1.00006103515625,1.999969482421875,1.00006103515625,1.999969482421875,,,1168593,24,1,3,0
1921,1168711,6554,13107,1.00006103515625,1.999969482421875,1.00006103515625,1.999969482421875,,,1168718,24,1,3,0
1922,1168837,6554,13107,1.00006103515625,1.999969482421875,1.00006103515625,1.999969482421875,,,1168844,23,1,3,0
1923,1168962,6554,13107,1.00006103515625,1.999969482421875,1.00006103515625,1.999969482421875,,,1168969,23,1,3,0
1924,1169087,6554,13107,1.00006103515625,1.999969482421875,1.00006103515625,1.999969482421875,,,1169094,24,1,3,0
1925,1169212,6554,13107,1.00006103515625,1.999969482421875,1.00006103515625,1.999969482421875,,,1169219,24,1,3,0
1926,1169338,6554,13107,1.00006103515625,1.999969482421875,1.00006103515625,1.999969482421875,,,1169346,23,1,3,0
1927,1169463,6554,13107,1.00006103515625,1.999969482421875,1.00006103515625,1.999969482421875,,,1169470,23,1,3,0
1928,1169588,6554,13107,1.00006103515625,1.999969482421875,1.00006103515625,1.999969482421875,,,1169595,24,1,3,0
1929,1169713,6554,13107,1.00006103515625,1.999969482421875,1.00006103515625,1.999969482421875,,,1169720,24,1,3,0
1930,1169839,6554,13107,1.00006103515625,1.999969482421875,1.00006103515625,1.999969482421875,,,1169846,23,1,3,0
1931,1169964,6554,13107,1.00006103515625,1.999969482421875,1.00006103515625,1.999969482421875,,,1169971,23,1,3,0
1932,1170089,6554,13107,1.00006103515625,1.999969482421875,1.00006103515625,1.999969482421875,,,1170096,24,1,3,0
1933,1170214,6554,13107,1.00006103515625,1.999969482421875,1.00006103515625,1.999969482421875,,,1170221,24,1,3,0
1934,1170340,6554,13107,1.00006103515625,1.999969482421875,1.00006103515625,1.999969482421875,,,1170347,23,1,3,0
1935,1170465,6554,13107,1.00006103515625,1.999969482421875,1.00006103515625,1.999969482421875,,,1170472,23,1,3,0
1936,1170590,6554,13107,1.00006103515625,1.999969482421875,1.00006103515625,1.999969482421875,,,1170597,24,1,3,0
1937,1170715,6554,13107,1.00006103515625,1.999969482421875,1.00006103515625,1.999969482421875,,,1170722,24,1,3,0
1938,1170841,6554,13107,1.00006103515625,1.999969482421875,1.00006103515625,1.999969482421875,,,1170848,23,1,3,0
1939,1170966,6554,13107,1.00006103515625,1.999969482421875,1.00006103515625,1.999969482421875,,,1170973,23,1,3,0
1940,1171091,6554,13107,1.00006103515625,1.999969482421875,1.00006103515625,1.999969482421875,,,1171098,24,1,3,0
1941,1171216,6554,13107,1.00006103515625,1.999969482421875,1.00006103515625,1.999969482421875,,,1171223,24,1,3,0
1942,1171342,6554,13107,1.00006103515625,1.999969482421875,1.00006103515625,1.999969482421875,,,1171349,23,1,3,0
1943,1171467,6554,13107,1.00006103515625,1.999969482421875,1.00006103515625,1.999969482421875,,,1171475,24,1,3,0
1944,1171592,6554,13107,1.00006103515625,1.999969482421875,1.00006103515625,1.999969482421875,,,1171599,24,1,3,0
1945,1171717,6554,13107,1.00006103515625,1.999969482421875,1.00006103515625,1.999969482421875,,,1171724,24,1,3,0
1946,1171843,6554,13107,1.00006103515625,1.999969482421875,1.00006103515625,1.999969482421875,,,1171850,23,1,3,0
1947,1171968,6554,13107,1.00006103515625,1.999969482421875,1.00006103515625,1.999969482421875,,,1171975,23,1,3,0
1948,1172093,6554,13107,1.00006103515625,1.999969482421875,1.00006103515625,1.999969482421875,,,1172100,24,1,3,0
1949,1172218,6554,13107,1.00006103515625,1.999969482421875,1.00006103515625,1.999969482421875,,,1172225,24,1,3,0
1950,1172344,6554,13107,1.00006103515625,1.999969482421875,1.00006103515625,1.999969482421875,,,1172351,23,1,3,0
1951,1172469,6554,13107,1.00006103515625,1.999969482421875,1.00006103515625,1.999969482421875,,,1172476,23,1,3,0
1952,1172594,6554,13107,1.00006103515625,1.999969482421875,1.00006103515625,1.999969482421875,,,1172601,24,1,3,0
1953,1172719,6554,13107,1.00006103515625,1.999969482421875,1.00006103515625,1.999969482421875,,,1172726,24,1,3,0
1954,1172845,6554,13107,1.00006103515625,1.999969482421875,1.00006103515625,1.999969482421875,,,1172852,23,1,3,0
1955,1172970,6554,13107,1.00006103515625,1.999969482421875,1.00006103515625,1.999969482421875,,,1172977,23,1,3,0
1956,1173095,6554,13107,1.00006103515625,1.999969482421875,1.00006103515625,1.999969482421875,,,1173102,24,1,3,0
1957,1173220,6554,13107,1.00006103515625,1.999969482421875,1.00006103515625,1.999969482421875,,,1173227,24,1,3,0
1958,1173346,6554,13107,1.00006103515625,1.999969482421875,1.00006103515625,1.999969482421875,,,1173353,23,1,3,0
1959,1173471,6554,13107,1.00006103515625,1.999969482421875,1.00006103515625,1.999969482421875,,,1173478,23,1,3,0
1960,1173596,6554,13107,1.00006103515625,1.999969482421875,1.00006103515625,1.999969482421875,,,1173603,24,1,3,0
1961,1173721,6554,13107,1.00006103515625,1.999969482421875,1.00006103515625,1.999969482421875,,,1173728,24,1,3,0
1962,1173847,6554,13107,1.00006103515625,1.999969482421875,1.00006103515625,1.999969482421875,,,1173854,23,1,3,0
1963,1173972,6554,13107,1.00006103515625,1.999969482421875,1.00006103515625,1.999969482421875,,,1173979,23,1,3,0
1964,1174097,6554,13107,1.00006103515625,1.999969482421875,1.00006103515625,1.999969482421875,,,1174104,24,1,3,0
1965,1174222,6554,13107,1.00006103515625,1.999969482421875,1.00006103515625,1.999969482421875,,,1174229,24,1,3,0
1966,1174348,6554,13107,1.00006103515625,1.999969482421875,1.00006103515625,1.999969482421875,,,1174355,23,1,3,0
1967,1174473,6554,13107,1.00006103515625,1.999969482421875,1.00006103515625,1.999969482421875,,,1174480,23,1,3,0
1968,1174598,6554,13107,1.00006103515625,1.999969482421875,1.00006103515625,1.999969482421875,,,1174605,24,1,3,0
1969,1174723,6554,13107,1.00006103515625,1.999969482421875,1.00006103515625,1.999969482421875,,,1174730,24,1,3,0
1970,1174849,6554,13107,1.00006103515625,1.999969482421875,1.00006103515625,1.999969482421875,,,1174856,23,1,3,0
1971,1174974,6554,13107,1.00006103515625,1.999969482421875,1.00006103515625,1.999969482421875,,,1174981,23,1,3,0
1972,1175099,6554,13107,1.00006103515625,1.999969482421875,1.00006103515625,1.999969482421875,,,1175106,24,1,3,0
1973,1175224,6554,13107,1.00006103515625,1.999969482421875,1.00006103515625,1.999969482421875,,,1175231,24,1,3,0
1974,1175350,6554,13107,1.00006103515625,1.999969482421875,1.00006103515625,1.999969482421875,,,1175357,23,1,3,0
1975,1175475,6554,13107,1.00006103515625,1.999969482421875,1.00006103515625,1.999969482421875,,,1175482,23,1,3,0
1976,1175600,6554,13107,1.00006103515625,1.999969482421875,1.00006103515625,1.999969482421875,,,1175607,24,1,3,0
1977,1175725,6554,13107,1.00006103515625,1.999969482421875,1.00006103515625,1.999969482421875,,,1175732,24,1,3,0
1978,1175851,6554,13107,1.00006103515625,1.999969482421875,1.00006103515625,1.999969482421875,,,1175858,23,1,3,0
1979,1175976,6554,13107,1.00006103515625,1.999969482421875,1.00006103515625,1.999969482421875,,,1175983,23,1,3,0
1980,1176101,6554,13107,1.00006103515625,1.999969482421875,1.00006103515625,1.999969482421875,,,1176108,24,1,3,0
1981,1176226,6554,13107,1.00006103515625,1.999969482421875,1.00006103515625,1.999969482421875,,,1176233,24,1,3,0
1982,1176352,6554,13107,1.00006103515625,1.999969482421875,1.00006103515625,1.999969482421875,,,1176359,23,1,3,0
1983,1176477,6554,13107,1.00006103515625,1.999969482421875,1.00006103515625,1.999969482421875,,,1176484,23,1,3,0
1984,1176602,6554,13107,1.00006103515625,1.999969482421875,1.00006103515625,1.999969482421875,,,1176609,24,1,3,0
1985,1176727,6554,13107,1.00006103515625,1.999969482421875,1.00006103515625,1.999969482421875,,,1176734,24,1,3,0
1986,1176853,6554,13107,1.00006103515625,1.999969482421875,1.00006103515625,1.999969482421875,,,1176860,23,1,3,0
1987,1176978,6554,13107,1.00006103515625,1.999969482421875,1.00006103515625,1.999969482421875,,,1176985,23,1,3,0
1988,1177103,6554,13107,1.00006103515625,1.999969482421875,1.00006103515625,1.999969482421875,,,1177110,24,1,3,0
1989,1177228,6554,13107,1.00006103515625,1.999969482421875,1.00006103515625,1.999969482421875,,,1177235,24,1,3,0
1990,1177354,6554,13107,1.00006103515625,1.999969482421875,1.00006103515625,1.999969482421875,,,1177361,23,1,3,0
1991,1177479,6554,13107,1.00006103515625,1.999969482421875,1.00006103515625,1.999969482421875,,,1177486,23,1,3,0
1992,1177604,6554,13107,1.00006103515625,1.999969482421875,1.00006103515625,1.999969482421875,,,1177611,24,1,3,0
1993,1177729,6554,13107,1.00006103515625,1.999969482421875,1.00006103515625,1.999969482421875,,,1177736,24,1,3,0
1994,1177855,6554,13107,1.00006103515625,1.999969482421875,1.00006103515625,1.999969482421875,,,1177862,23,1,3,0
1995,1177980,6554,13107,1.00006103515625,1.999969482421875,1.00006103515625,1.999969482421875,,,1177987,23,1,3,0
1996,1178105,6554,13107,1.00006103515625,1.999969482421875,1.00006103515625,1.999969482421875,,,1178112,24,1,3,0
1997,1178230,6554,13107,1.00006103515625,1.999969482421875,1.00006103515625,1.999969482421875,,,1178237,24,1,3,0
1998,1178356,6554,13107,1.00006103515625,1.999969482421875,1.00006103515625,1.999969482421875,,,1178363,23,1,3,0
1999,1178481,6554,13107,1.00006103515625,1.999969482421875,1.00006103515625,1.999969482421875,,,1178489,24,1,3,0
2000,1178606,6554,13107,1.00006103515625,1.999969482421875,1.00006103515625,1.999969482421875,,,1178613,24,1,3,0
2001,1178731,6554,13107,1.00006103515625,1.999969482421875,1.00006103515625,1.999969482421875,,,1178738,24,1,3,0
2002,1178857,6554,13107,1.00006103515625,1.999969482421875,1.00006103515625,1.999969482421875,,,1178864,23,1,3,0
2003,1178982,6554,13107,1.00006103515625,1.999969482421875,1.00006103515625,1.999969482421875,,,1178989,23,1,3,0
2004,1179107,6554,13107,1.00006103515625,1.999969482421875,1.00006103515625,1.999969482421875,,,1179114,24,1,3,0
2005,1179232,6554,13107,1.00006103515625,1.999969482421875,1.00006103515625,1.999969482421875,,,1179239,24,1,3,0
2006,1179358,6554,13107,1.00006103515625,1.999969482421875,1.00006103515625,1.999969482421875,,,1179365,23,1,3,0
2007,1179483,6554,13107,1.00006103515625,1.999969482421875,1.00006103515625,1.999969482421875,,,1179490,23,1,3,0
2008,1179608,6554,13107,1.00006103515625,1.999969482421875,1.00006103515625,1.999969482421875,,,1179615,24,1,3,0
2009,1179733,6554,13107,1.00006103515625,1.999969482421875,1.00006103515625,1.999969482421875,,,1179740,24,1,3,0
2010,1179859,6554,13107,1.00006103515625,1.999969482421875,1.00006103515625,1.999969482421875,,,1179866,23,1,3,0
2011,1179984,6554,13107,1.00006103515625,1.999969482421875,1.00006103515625,1.999969482421875,,,1179991,23,1,3,0
2012,1180109,6554,13107,1.00006103515625,1.999969482421875,1.00006103515625,1.999969482421875,,,1180116,24,1,3,0
2013,1180234,6554,13107,1.00006103515625,1.999969482421875,1.00006103515625,1.999969482421875,,,1180241,24,1,3,0
2014,1180360,6554,13107,1.00006103515625,1.999969482421875,1.00006103515625,1.999969482421875,,,1180367,23,1,3,0
2015,1180485,6554,13107,1.00006103515625,1.999969482421875,1.00006103515625,1.999969482421875,,,1180492,23,1,3,0
2016,1180610,6554,13107,1.00006103515625,1.999969482421875,1.00006103515625,1.999969482421875,,,1180617,26,1,3,0
2017,1180735,6554,13107,1.00006103515625,1.999969482421875,1.00006103515625,1.999969482421875,,,1180742,24,1,3,0
2018,1180861,6554,13107,1.00006103515625,1.999969482421875,1.00006103515625,1.999969482421875,,,1180868,23,1,3,0
2019,1180986,6554,13107,1.00006103515625,1.999969482421875,1.00006103515625,1.999969482421875,,,1180993,23,1,3,0
2020,1181111,6554,13107,1.00006103515625,1.999969482421875,1.00006103515625,1.999969482421875,,,1181118,24,1,3,0
2021,1181236,6554,13107,1.00006103515625,1.999969482421875,1.00006103515625,1.999969482421875,,,1181243,24,1,3,0
2022,1181362,6554,13107,1.00006103515625,1.999969482421875,1.00006103515625,1.999969482421875,,,1181369,23,1,3,0
2023,1181487,6554,13107,1.00006103515625,1.999969482421875,1.00006103515625,1.999969482421875,,,1181494,23,1,3,0
2024,1181612,6554,13107,1.00006103515625,1.999969482421875,1.00006103515625,1.999969482421875,,,1181619,25,1,3,0
2025,1181737,6554,13107,1.00006103515625,1.999969482421875,1.00006103515625,1.999969482421875,,,1181744,24,1,3,0
2026,1181863,6554,13107,1.00006103515625,1.999969482421875,1.00006103515625,1.999969482421875,,,1181870,23,1,3,0
2027,1181988,6554,13107,1.00006103515625,1.999969482421875,1.00006103515625,1.999969482421875,,,1181995,23,1,3,0
2028,1182113,6554,13107,1.00006103515625,1.999969482421875,1.00006103515625,1.999969482421875,,,1182120,24,1,3,0
2029,1182238,6554,13107,1.00006103515625,1.999969482421875,1.00006103515625,1.999969482421875,,,1182245,24,1,3,0
2030,1182364,6554,13107,1.00006103515625,1.999969482421875,1.00006103515625,1.999969482421875,,,1182371,23,1,3,0
2031,1182489,6554,13107,1.00006103515625,1.999969482421875,1.00006103515625,1.999969482421875,,,1182496,24,1,3,0
2032,1182614,6554,13107,1.00006103515625,1.999969482421875,1.00006103515625,1.999969482421875,,,1182621,24,1,3,0
2033,1182739,6554,13107,1.00006103515625,1.999969482421875,1.00006103515625,1.999969482421875,,,1182746,24,1,3,0
2034,1182865,6554,13107,1.00006103515625,1.999969482421875,1.00006103515625,1.999969482421875,,,1182872,23,1,3,0
2035,1182990,6554,13107,1.00006103515625,1.999969482421875,1.00006103515625,1.999969482421875,,,1182997,23,1,3,0
2036,1183115,6554,13107,1.00006103515625,1.999969482421875,1.00006103515625,1.999969482421875,,,1183122,24,1,3,0
2037,1183240,6554,13107,1.00006103515625,1.999969482421875,1.00006103515625,1.999969482421875,,,1183247,24,1,3,0
2038,1183366,6554,13107,1.00006103515625,1.999969482421875,1.00006103515625,1.999969482421875,,,1183373,23,1,3,0
2039,1183491,6554,13107,1.00006103515625,1.999969482421875,1.00006103515625,1.999969482421875,,,1183498,23,1,3,0
2040,1183616,6554,13107,1.00006103515625,1.999969482421875,1.00006103515625,1.999969482421875,,,1183623,24,1,3,0
2041,1183741,6554,13107,1.00006103515625,1.999969482421875,1.00006103515625,1.999969482421875,,,1183748,24,1,3,0
2042,1183867,6554,13107,1.00006103515625,1.999969482421875,1.00006103515625,1.999969482421875,,,1183874,23,1,3,0
2043,1183992,6554,13107,1.00006103515625,1.999969482421875,1.00006103515625,1.999969482421875,,,1183999,23,1,3,0
2044,1184117,6554,13107,1.00006103515625,1.999969482421875,1.00006103515625,1.999969482421875,,,1184124,24,1,3,0
2045,1184242,6554,13107,1.00006103515625,1.999969482421875,1.00006103515625,1.999969482421875,,,1184249,24,1,3,0
2046,1184368,6554,13107,1.00006103515625,1.999969482421875,1.00006103515625,1.999969482421875,,,1184375,23,1,3,0
2047,1184493,6554,13107,1.00006103515625,1.999969482421875,1.00006103515625,1.999969482421875,,,1184500,23,1,3,0
2048,1184618,6554,13107,1.00006103515625,1.999969482421875,1.00006103515625,1.999969482421875,,,1184625,24,1,3,0
2049,1184743,6554,13107,1.00006103515625,1.999969482421875,1.00006103515625,1.999969482421875,,,1184750,24,1,3,0
2050,1184869,6554,13107,1.00006103515625,1.999969482421875,1.00006103515625,1.999969482421875,,,1184876,23,1,3,0
2051,1184994,6554,13107,1.00006103515625,1.999969482421875,1.00006103515625,1.999969482421875,,,1185001,23,1,3,0
2052,1185119,6554,13107,1.00006103515625,1.999969482421875,1.00006103515625,1.999969482421875,,,1185126,24,1,3,0
2053,1185244,6554,13107,1.00006103515625,1.999969482421875,1.00006103515625,1.999969482421875,,,1185251,24,1,3,0
2054,1185370,6554,13107,1.00006103515625,1.999969482421875,1.00006103515625,1.999969482421875,,,1185377,23,1,3,0
2055,1185495,6554,13107,1.00006103515625,1.999969482421875,1.00006103515625,1.999969482421875,,,1185502,23,1,3,0
2056,1185620,6554,13107,1.00006103515625,1.999969482421875,1.00006103515625,1.999969482421875,,,1185627,24,1,3,0
2057,1185745,6554,13107,1.00006103515625,1.999969482421875,1.00006103515625,1.999969482421875,,,1185752,24,1,3,0
2058,1185871,6554,13107,1.00006103515625,1.999969482421875,1.00006103515625,1.999969482421875,,,1185878,24,1,3,0
2059,1185996,6554,13107,1.00006103515625,1.999969482421875,1.00006103515625,1.999969482421875,,,1186003,23,1,3,0
2060,1186121,6554,13107,1.00006103515625,1.999969482421875,1.00006103515625,1.999969482421875,,,1186128,24,1,3,0
2061,1186246,6554,13107,1.00006103515625,1.999969482421875,1.00006103515625,1.999969482421875,,,1186253,24,1,3,0
2062,1186372,6554,13107,1.00006103515625,1.999969482421875,1.00006103515625,1.999969482421875,,,1186379,23,1,3,0
2063,1186497,6554,13107,1.00006103515625,1.999969482421875,1.00006103515625,1.999969482421875,,,1186504,23,1,3,0
2064,1186622,6554,13107,1.00006103515625,1.999969482421875,1.00006103515625,1.999969482421875,,,1186629,24,1,3,0
2065,1186747,6554,13107,1.00006103515625,1.999969482421875,1.00006103515625,1.999969482421875,,,1186754,24,1,3,0
2066,1186873,6554,13107,1.00006103515625,1.999969482421875,1.00006103515625,1.999969482421875,,,1186880,23,1,3,0
2067,1186998,6554,13107,1.00006103515625,1.999969482421875,1.00006103515625,1.999969482421875,,,1187005,23,1,3,0
2068,1187123,6554,13107,1.00006103515625,1.999969482421875,1.00006103515625,1.999969482421875,,,1187130,24,1,3,0
2069,1187248,6554,13107,1.00006103515625,1.999969482421875,1.00006103515625,1.999969482421875,,,1187255,24,1,3,0
2070,1187374,6554,13107,1.00006103515625,1.999969482421875,1.00006103515625,1.999969482421875,,,1187381,23,1,3,0
2071,1187499,6554,13107,1.00006103515625,1.999969482421875,1.00006103515625,1.999969482421875,,,1187507,24,1,3,0
2072,1187624,6554,13107,1.00006103515625,1.999969482421875,1.00006103515625,1.999969482421875,,,1187631,24,1,3,0
2073,1187749,6554,13107,1.00006103515625,1.999969482421875,1.00006103515625,1.999969482421875,,,1187756,24,1,3,0
2074,1187875,6554,13107,1.00006103515625,1.999969482421875,1.00006103515625,1.999969482421875,,,1187882,23,1,3,0
2075,1188000,6554,13107,1.00006103515625,1.999969482421875,1.00006103515625,1.999969482421875,,,1188007,23,1,3,0
2076,1188125,6554,13107,1.00006103515625,1.999969482421875,1.00006103515625,1.999969482421875,,,1188132,24,1,3,0
2077,1188250,6554,13107,1.00006103515625,1.999969482421875,1.00006103515625,1.999969482421875,,,1188257,24,1,3,0
2078,1188376,6554,13107,1.00006103515625,1.999969482421875,1.00006103515625,1.999969482421875,,,1188383,23,1,3,0
2079,1188501,6554,13107,1.00006103515625,1.999969482421875,1.00006103515625,1.999969482421875,,,1188509,24,1,3,0
2080,1188626,6554,13107,1.00006103515625,1.999969482421875,1.00006103515625,1.999969482421875,,,1188633,24,1,3,0
2081,1188751,6554,13107,1.00006103515625,1.999969482421875,1.00006103515625,1.999969482421875,,,1188758,24,1,3,0
2082,1188877,6554,13107,1.00006103515625,1.999969482421875,1.00006103515625,1.999969482421875,,,1188884,23,1,3,0
2083,1189002,6554,13107,1.00006103515625,1.999969482421875,1.00006103515625,1.999969482421875,,,1189009,23,1,3,0
2084,1189127,6554,13107,1.00006103515625,1.999969482421875,1.00006103515625,1.999969482421875,,,1189134,24,1,3,0
2085,1189252,6554,13107,1.00006103515625,1.999969482421875,1.00006103515625,1.999969482421875,,,1189259,24,1,3,0
2086,1189378,6554,13107,1.00006103515625,1.999969482421875,1.00006103515625,1.999969482421875,,,1189385,23,1,3,0
2087,1189503,6554,13107,1.00006103515625,1.999969482421875,1.00006103515625,1.999969482421875,,,1189510,23,1,3,0
2088,1189628,6554,13107,1.00006103515625,1.999969482421875,1.00006103515625,1.999969482421875,,,1189635,26,1,3,0
2089,1189753,6554,13107,1.00006103515625,1.999969482421875,1.00006103515625,1.999969482421875,,,1189760,24,1,3,0
2090,1189879,6554,13107,1.00006103515625,1.999969482421875,1.00006103515625,1.999969482421875,,,1189886,23,1,3,0
2091,1190004,6554,13107,1.00006103515625,1.999969482421875,1.00006103515625,1.999969482421875,,,1190011,23,1,3,0
2092,1190129,6554,13107,1.00006103515625,1.999969482421875,1.00006103515625,1.999969482421875,,,1190136,24,1,3,0
2093,1190254,6554,13107,1.00006103515625,1.999969482421875,1.00006103515625,1.999969482421875,,,1190261,24,1,3,0
2094,1190380,6554,13107,1.00006103515625,1.999969482421875,1.00006103515625,1.999969482421875,,,1190387,23,1,3,0
2095,1190505,6554,13107,1.00006103515625,1.999969482421875,1.00006103515625,1.999969482421875,,,1190512,23,1,3,0
2096,1190630,6554,13107,1.00006103515625,1.999969482421875,1.00006103515625,1.999969482421875,,,1190637,27,1,3,0
2097,1190755,6554,13107,1.00006103515625,1.999969482421875,1.00006103515625,1.999969482421875,,,1190762,24,1,3,0
2098,1190881,6554,13107,1.00006103515625,1.999969482421875,1.00006103515625,1.999969482421875,,,1190888,23,1,3,0
2099,1191006,6554,13107,1.00006103515625,1.999969482421875,1.00006103515625,1.999969482421875,,,1191013,23,1,3,0
2100,1191131,6554,13107,1.00006103515625,1.999969482421875,1.00006103515625,1.999969482421875,,,1191138,24,1,3,0
2101,1191256,6554,13107,1.00006103515625,1.999969482421875,1.00006103515625,1.999969482421875,,,1191263,24,1,3,0
2102,1191382,6554,13107,1.00006103515625,1.999969482421875,1.00006103515625,1.999969482421875,,,1191389,23,1,3,0
2103,1191507,6554,13107,1.00006103515625,1.999969482421875,1.00006103515625,1.999969482421875,,,1191515,23,1,3,0
2104,1191632,6554,13107,1.00006103515625,1.999969482421875,1.00006103515625,1.999969482421875,,,1191639,26,1,3,0
2105,1191757,6554,13107,1.00006103515625,1.999969482421875,1.00006103515625,1.999969482421875,,,1191764,24,1,3,0
2106,1191883,6554,13107,1.00006103515625,1.999969482421875,1.00006103515625,1.999969482421875,,,1191890,23,1,3,0
2107,1192008,6554,13107,1.00006103515625,1.999969482421875,1.00006103515625,1.999969482421875,,,1192015,23,1,3,0
2108,1192133,6554,13107,1.00006103515625,1.999969482421875,1.00006103515625,1.999969482421875,,,1192140,24,1,3,0
2109,1192258,6554,13107,1.00006103515625,1.999969482421875,1.00006103515625,1.999969482421875,,,1192265,24,1,3,0
2110,1192384,6554,13107,1.00006103515625,1.999969482421875,1.00006103515625,1.999969482421875,,,1192391,23,1,3,0
2111,1192509,6554,13107,1.00006103515625,1.999969482421875,1.00006103515625,1.999969482421875,,,1192516,23,1,3,0
2112,1192634,6554,13107,1.00006103515625,1.999969482421875,1.00006103515625,1.999969482421875,,,1192643,24,1,3,0
2113,1192759,6554,13107,1.00006103515625,1.999969482421875,1.00006103515625,1.999969482421875,,,1192766,24,1,3,0
2114,1192885,6554,13107,1.00006103515625,1.999969482421875,1.00006103515625,1.999969482421875,,,1192892,23,1,3,0
2115,1193010,6554,13107,1.00006103515625,1.999969482421875,1.00006103515625,1.999969482421875,,,1193017,23,1,3,0
2116,1193135,6554,13107,1.00006103515625,1.999969482421875,1.00006103515625,1.999969482421875,,,1193143,24,1,3,0
2117,1193260,6554,13107,1.00006103515625,1.999969482421875,1.00006103515625,1.999969482421875,,,1193267,24,1,3,0
2118,1193386,6554,13107,1.00006103515625,1.999969482421875,1.00006103515625,1.999969482421875,,,1193394,24,1,3,0
2119,1193511,6554,13107,1.00006103515625,1.999969482421875,1.00006103515625,1.999969482421875,,,1193518,24,1,3,0
2120,1193636,6554,13107,1.00006103515625,1.999969482421875,1.00006103515625,1.999969482421875,,,1193645,24,1,3,0
2121,1193761,6554,13107,1.00006103515625,1.999969482421875,1.00006103515625,1.999969482421875,,,1193768,24,1,3,0
2122,1193887,6554,13107,1.00006103515625,1.999969482421875,1.00006103515625,1.999969482421875,,,1193894,23,1,3,0
2123,1194012,6554,13107,1.00006103515625,1.999969482421875,1.00006103515625,1.999969482421875,,,1194019,24,1,3,0
2124,1194137,6554,13107,1.00006103515625,1.999969482421875,1.00006103515625,1.999969482421875,,,1194146,23,1,3,0
2125,1194262,6554,13107,1.00006103515625,1.999969482421875,1.00006103515625,1.999969482421875,,,1194269,24,1,3,0
2126,1194388,6554,13107,1.00006103515625,1.999969482421875,1.00006103515625,1.999969482421875,,,1194395,23,1,3,0
2127,1194513,6554,13107,1.00006103515625,1.999969482421875,1.00006103515625,1.999969482421875,,,1194520,24,1,3,0
2128,1194638,6554,13107,1.00006103515625,1.999969482421875,1.00006103515625,1.999969482421875,,,1194647,23,1,3,0
2129,1194763,6554,13107,1.00006103515625,1.999969482421875,1.00006103515625,1.999969482421875,,,1194770,24,1,3,0
2130,1194889,6554,13107,1.00006103515625,1.999969482421875,1.00006103515625,1.999969482421875,,,1194896,23,1,3,0
2131,1195014,6554,13107,1.00006103515625,1.999969482421875,1.00006103515625,1.999969482421875,,,1195021,24,1,3,0
2132,1195139,6554,13107,1.00006103515625,1.999969482421875,1.00006103515625,1.999969482421875,,,1195146,24,1,3,0
2133,1195264,6554,13107,1.00006103515625,1.999969482421875,1.00006103515625,1.999969482421875,,,1195271,24,1,3,0
2134,1195390,6554,13107,1.00006103515625,1.999969482421875,1.00006103515625,1.999969482421875,,,1195397,23,1,3,0
2135,1195515,6554,13107,1.00006103515625,1.999969482421875,1.00006103515625,1.999969482421875,,,1195522,24,1,3,0
2136,1195640,6554,13107,1.00006103515625,1.999969482421875,1.00006103515625,1.999969482421875,,,1195649,23,1,3,0
2137,1195765,6554,13107,1.00006103515625,1.999969482421875,1.00006103515625,1.999969482421875,,,1195772,24,1,3,0
2138,1195891,6554,13107,1.00006103515625,1.999969482421875,1.00006103515625,1.999969482421875,,,1195898,23,1,3,0
2139,1196016,6554,13107,1.00006103515625,1.999969482421875,1.00006103515625,1.999969482421875,,,1196023,24,1,3,0
2140,1196141,6554,13107,1.00006103515625,1.999969482421875,1.00006103515625,1.999969482421875,,,1196148,24,1,3,0
2141,1196266,6554,13107,1.00006103515625,1.999969482421875,1.00006103515625,1.999969482421875,,,1196273,24,1,3,0
2142,1196392,6554,13107,1.00006103515625,1.999969482421875,1.00006103515625,1.999969482421875,,,1196399,23,1,3,0
2143,1196517,6554,13107,1.00006103515625,1.999969482421875,1.00006103515625,1.999969482421875,,,1196524,24,1,3,0
2144,1196643,6554,13107,1.00006103515625,1.999969482421875,1.00006103515625,1.999969482421875,,,1196650,23,1,3,0
2145,1196768,6554,13107,1.00006103515625,1.999969482421875,1.00006103515625,1.999969482421875,,,1196775,24,1,3,0
2146,1196893,6554,13107,1.00006103515625,1.999969482421875,1.00006103515625,1.999969482421875,,,1196900,24,1,3,0
2147,1197018,6554,13107,1.00006103515625,1.999969482421875,1.00006103515625,1.999969482421875,,,1197025,24,1,3,0
2148,1197144,6554,13107,1.00006103515625,1.999969482421875,1.00006103515625,1.999969482421875,,,1197151,23,1,3,0
2149,1197269,6554,13107,1.00006103515625,1.999969482421875,1.00006103515625,1.999969482421875,,,1197276,24,1,3,0
2150,1197394,6554,13107,1.00006103515625,1.999969482421875,1.00006103515625,1.999969482421875,,,1197401,24,1,3,0
2151,1197519,6554,13107,1.00006103515625,1.999969482421875,1.00006103515625,1.999969482421875,,,1197526,24,1,3,0
2152,1197647,6554,13107,1.00006103515625,1.999969482421875,1.00006103515625,1.999969482421875,,,1197654,24,1,3,0
2153,1197770,6554,13107,1.00006103515625,1.999969482421875,1.00006103515625,1.999969482421875,,,1197778,23,1,3,0
2154,1197896,6554,13107,1.00006103515625,1.999969482421875,1.00006103515625,1.999969482421875,,,1197903,23,1,3,0
2155,1198021,6554,13107,1.00006103515625,1.999969482421875,1.00006103515625,1.999969482421875,,,1198028,24,1,3,0
2156,1198146,6554,13107,1.00006103515625,1.999969482421875,1.00006103515625,1.999969482421875,,,1198153,24,1,3,0
2157,1198271,6554,13107,1.00006103515625,1.999969482421875,1.00006103515625,1.999969482421875,,,1198279,23,1,3,0
2158,1198397,6554,13107,1.00006103515625,1.999969482421875,1.00006103515625,1.999969482421875,,,1198404,23,1,3,0
2159,1198522,6554,13107,1.00006103515625,1.999969482421875,1.00006103515625,1.999969482421875,,,1198529,24,1,3,0
2160,1198647,6554,13107,1.00006103515625,1.999969482421875,1.00006103515625,1.999969482421875,,,1198654,24,1,3,0
2161,1198772,6554,13107,1.00006103515625,1.999969482421875,1.00006103515625,1.999969482421875,,,1198780,23,1,3,0
2162,1198898,6554,13107,1.00006103515625,1.999969482421875,1.00006103515625,1.999969482421875,,,1198905,23,1,3,0
2163,1199023,6554,13107,1.00006103515625,1.999969482421875,1.00006103515625,1.999969482421875,,,1199030,24,1,3,0
2164,1199148,6554,13107,1.00006103515625,1.999969482421875,1.00006103515625,1.999969482421875,,,1199155,24,1,3,0
2165,1199273,6554,13107,1.00006103515625,1.999969482421875,1.00006103515625,1.999969482421875,,,1199281,23,1,3,0
2166,1199399,6554,13107,1.00006103515625,1.999969482421875,1.00006103515625,1.999969482421875,,,1199406,23,1,3,0
2167,1199524,6554,13107,1.00006103515625,1.999969482421875,1.00006103515625,1.999969482421875,,,1199531,24,1,3,0
2168,1199649,6554,13107,1.00006103515625,1.999969482421875,1.00006103515625,1.999969482421875,,,1199656,24,1,3,0
2169,1199774,6554,13107,1.00006103515625,1.999969482421875,1.00006103515625,1.999969482421875,,,1199781,24,1,3,0
2170,1199900,6554,13107,1.00006103515625,1.999969482421875,1.00006103515625,1.999969482421875,,,1199907,23,1,3,0
2171,1200025,6554,13107,1.00006103515625,1.999969482421875,1.00006103515625,1.999969482421875,,,1200032,24,1,3,0
2172,1200150,6554,13107,1.00006103515625,1.999969482421875,1.00006103515625,1.999969482421875,,,1200157,24,1,3,0
2173,1200275,6554,13107,1.00006103515625,1.999969482421875,1.00006103515625,1.999969482421875,,,1200282,24,1,3,0
2174,1200401,6554,13107,1.00006103515625,1.999969482421875,1.00006103515625,1.999969482421875,,,1200408,23,1,3,0
2175,1200526,6554,13107,1.00006103515625,1.999969482421875,1.00006103515625,1.999969482421875,,,1200533,24,1,3,0
2176,1200651,6554,13107,1.00006103515625,1.999969482421875,1.00006103515625,1.999969482421875,,,1200658,24,1,3,0
2177,1200776,6554,13107,1.00006103515625,1.999969482421875,1.00006103515625,1.999969482421875,,,1200783,24,1,3,0
2178,1200902,6554,13107,1.00006103515625,1.999969482421875,1.00006103515625,1.999969482421875,,,1200909,23,1,3,0
2179,1201027,6554,13107,1.00006103515625,1.999969482421875,1.00006103515625,1.999969482421875,,,1201034,24,1,3,0
2180,1201152,6554,13107,1.00006103515625,1.999969482421875,1.00006103515625,1.999969482421875,,,1201159,24,1,3,0
2181,1201277,6554,13107,1.00006103515625,1.999969482421875,1.00006103515625,1.999969482421875,,,1201284,24,1,3,0
2182,1201403,6554,13107,1.00006103515625,1.999969482421875,1.00006103515625,1.999969482421875,,,1201410,23,1,3,0
2183,1201528,6554,13107,1.00006103515625,1.999969482421875,1.00006103515625,1.999969482421875,,,1201535,24,1,3,0
2184,1201653,6554,13107,1.00006103515625,1.999969482421875,1.00006103515625,1.999969482421875,,,1201661,24,1,3,0
2185,1201778,6554,13107,1.00006103515625,1.999969482421875,1.00006103515625,1.999969482421875,,,1201785,24,1,3,0
2186,1201904,6554,13107,1.00006103515625,1.999969482421875,1.00006103515625,1.999969482421875,,,1201911,23,1,3,0
2187,1202029,6554,13107,1.00006103515625,1.999969482421875,1.00006103515625,1.999969482421875,,,1202036,24,1,3,0
2188,1202154,6554,13107,1.00006103515625,1.999969482421875,1.00006103515625,1.999969482421875,,,1202161,24,1,3,0
2189,1202279,6554,13107,1.00006103515625,1.999969482421875,1.00006103515625,1.999969482421875,,,1202286,24,1,3,0
2190,1202405,6554,13107,1.00006103515625,1.999969482421875,1.00006103515625,1.999969482421875,,,1202412,23,1,3,0
2191,1202530,6554,13107,1.00006103515625,1.999969482421875,1.00006103515625,1.999969482421875,,,1202537,24,1,3,0
2192,1202655,6554,13107,1.00006103515625,1.999969482421875,1.00006103515625,1.999969482421875,,,1202662,24,1,3,0
2193,1202780,6554,13107,1.00006103515625,1.999969482421875,1.00006103515625,1.999969482421875,,,1202787,24,1,3,0
2194,1202906,6554,13107,1.00006103515625,1.999969482421875,1.00006103515625,1.999969482421875,,,1202913,23,1,3,0
2195,1203031,6554,13107,1.00006103515625,1.999969482421875,1.00006103515625,1.999969482421875,,,1203038,24,1,3,0
2196,1203156,6554,13107,1.00006103515625,1.999969482421875,1.00006103515625,1.999969482421875,,,1203163,24,1,3,0
2197,1203281,6554,13107,1.00006103515625,1.999969482421875,1.00006103515625,1.999969482421875,,,1203288,24,1,3,0
2198,1203407,6554,13107,1.00006103515625,1.999969482421875,1.00006103515625,1.999969482421875,,,1203414,23,1,3,0
2199,1203532,6554,13107,1.00006103515625,1.999969482421875,1.00006103515625,1.999969482421875,,,1203539,24,1,3,0
2200,1203657,6554,13107,1.00006103515625,1.999969482421875,1.00006103515625,1.999969482421875,,,1203664,24,1,3,0
2201,1203782,6554,13107,1.00006103515625,1.999969482421875,1.00006103515625,1.999969482421875,,,1203789,24,1,3,0
2202,1203908,6554,13107,1.00006103515625,1.999969482421875,1.00006103515625,1.999969482421875,,,1203915,23,1,3,0
2203,1204033,6554,13107,1.00006103515625,1.999969482421875,1.00006103515625,1.999969482421875,,,1204040,24,1,3,0
2204,1204158,6554,13107,1.00006103515625,1.999969482421875,1.00006103515625,1.999969482421875,,,1204165,24,1,3,0
2205,1204283,6554,13107,1.00006103515625,1.999969482421875,1.00006103515625,1.999969482421875,,,1204290,24,1,3,0
2206,1204409,6554,13107,1.00006103515625,1.999969482421875,1.00006103515625,1.999969482421875,,,1204416,23,1,3,0
2207,1204534,6554,13107,1.00006103515625,1.999969482421875,1.00006103515625,1.999969482421875,,,1204541,24,1,3,0
2208,1204659,6554,13107,1.00006103515625,1.999969482421875,1.00006103515625,1.999969482421875,,,1204666,24,1,3,0
2209,1204784,6554,13107,1.00006103515625,1.999969482421875,1.00006103515625,1.999969482421875,,,1204791,24,1,3,0
2210,1204910,6554,13107,1.00006103515625,1.999969482421875,1.00006103515625,1.999969482421875,,,1204917,23,1,3,0
2211,1205035,6554,13107,1.00006103515625,1.999969482421875,1.00006103515625,1.999969482421875,,,1205042,24,1,3,0
2212,1205160,6554,13107,1.00006103515625,1.999969482421875,1.00006103515625,1.999969482421875,,,1205167,24,1,3,0
2213,1205285,6554,13107,1.00006103515625,1.999969482421875,1.00006103515625,1.999969482421875,,,1205292,24,1,3,0
2214,1205411,6554,13107,1.00006103515625,1.999969482421875,1.00006103515625,1.999969482421875,,,1205418,23,1,3,0
2215,1205536,6554,13107,1.00006103515625,1.999969482421875,1.00006103515625,1.999969482421875,,,1205543,24,1,3,0
2216,1205661,6554,13107,1.00006103515625,1.999969482421875,1.00006103515625,1.999969482421875,,,1205668,24,1,3,0
2217,1205786,6554,13107,1.00006103515625,1.999969482421875,1.00006103515625,1.999969482421875,,,1205793,24,1,3,0
2218,1205912,6554,13107,1.00006103515625,1.999969482421875,1.00006103515625,1.999969482421875,,,1205919,24,1,3,0
2219,1206037,6554,13107,1.00006103515625,1.999969482421875,1.00006103515625,1.999969482421875,,,1206044,24,1,3,0
2220,1206162,6554,13107,1.00006103515625,1.999969482421875,1.00006103515625,1.999969482421875,,,1206169,24,1,3,0
2221,1206287,6554,13107,1.00006103515625,1.999969482421875,1.00006103515625,1.999969482421875,,,1206294,24,1,3,0
2222,1206413,6554,13107,1.00006103515625,1.999969482421875,1.00006103515625,1.999969482421875,,,1206420,23,1,3,0
2223,1206538,6554,13107,1.00006103515625,1.999969482421875,1.00006103515625,1.999969482421875,,,1206545,24,1,3,0
2224,1206663,6554,13107,1.00006103515625,1.999969482421875,1.00006103515625,1.999969482421875,,,1206670,24,1,3,0
2225,1206788,6554,13107,1.00006103515625,1.999969482421875,1.00006103515625,1.999969482421875,,,1206795,24,1,3,0
2226,1206914,6554,13107,1.00006103515625,1.999969482421875,1.00006103515625,1.999969482421875,,,1206921,23,1,3,0
2227,1207039,6554,13107,1.00006103515625,1.999969482421875,1.00006103515625,1.999969482421875,,,1207046,24,1,3,0
2228,1207164,6554,13107,1.00006103515625,1.999969482421875,1.00006103515625,1.999969482421875,,,1207171,24,1,3,0
2229,1207289,6554,13107,1.00006103515625,1.999969482421875,1.00006103515625,1.999969482421875,,,1207296,24,1,3,0
2230,1207415,6554,13107,1.00006103515625,1.999969482421875,1.00006103515625,1.999969482421875,,,1207422,23,1,3,0
2231,1207540,6554,13107,1.00006103515625,1.999969482421875,1.00006103515625,1.999969482421875,,,1207547,24,1,3,0
2232,1207665,6554,13107,1.00006103515625,1.999969482421875,1.00006103515625,1.999969482421875,,,1207672,24,1,3,0
2233,1207790,6554,13107,1.00006103515625,1.999969482421875,1.00006103515625,1.999969482421875,,,1207797,24,1,3,0
2234,1207916,6554,13107,1.00006103515625,1.999969482421875,1.00006103515625,1.999969482421875,,,1207923,23,1,3,0
2235,1208041,6554,13107,1.00006103515625,1.999969482421875,1.00006103515625,1.999969482421875,,,1208048,24,1,3,0
2236,1208166,6554,13107,1.00006103515625,1.999969482421875,1.00006103515625,1.999969482421875,,,1208173,24,1,3,0
2237,1208291,6554,13107,1.00006103515625,1.999969482421875,1.00006103515625,1.999969482421875,,,1208298,24,1,3,0
2238,1208417,6554,13107,1.00006103515625,1.999969482421875,1.00006103515625,1.999969482421875,,,1208424,23,1,3,0
2239,1208542,6554,13107,1.00006103515625,1.999969482421875,1.00006103515625,1.999969482421875,,,1208549,24,1,3,0
2240,1208667,6554,13107,1.00006103515625,1.999969482421875,1.00006103515625,1.999969482421875,,,1208674,24,1,3,0
2241,1208792,6554,13107,1.00006103515625,1.999969482421875,1.00006103515625,1.999969482421875,,,1208799,24,1,3,0
2242,1208918,6554,13107,1.00006103515625,1.999969482421875,1.00006103515625,1.999969482421875,,,1208925,23,1,3,0
2243,1209043,6554,13107,1.00006103515625,1.999969482421875,1.00006103515625,1.999969482421875,,,1209050,24,1,3,0
2244,1209168,6554,13107,1.00006103515625,1.999969482421875,1.00006103515625,1.999969482421875,,,1209175,24,1,3,0
2245,1209293,6554,13107,1.00006103515625,1.999969482421875,1.00006103515625,1.999969482421875,,,1209300,24,1,3,0
2246,1209419,6554,13107,1.00006103515625,1.999969482421875,1.00006103515625,1.999969482421875,,,1209426,23,1,3,0
2247,1209544,6554,13107,1.00006103515625,1.999969482421875,1.00006103515625,1.999969482421875,,,1209551,24,1,3,0
2248,1209669,6554,13107,1.00006103515625,1.999969482421875,1.00006103515625,1.999969482421875,,,1209676,24,1,3,0
2249,1209794,6554,13107,1.00006103515625,1.999969482421875,1.00006103515625,1.999969482421875,,,1209801,24,1,3,0
2250,1209920,6554,13107,1.00006103515625,1.999969482421875,1.00006103515625,1.999969482421875,,,1209927,23,1,3,0
2251,1210045,6554,13107,1.00006103515625,1.999969482421875,1.00006103515625,1.999969482421875,,,1210052,24,1,3,0
2252,1210170,6554,13107,1.00006103515625,1.999969482421875,1.00006103515625,1.999969482421875,,,1210177,24,1,3,0
2253,1210295,6554,13107,1.00006103515625,1.999969482421875,1.00006103515625,1.999969482421875,,,1210302,24,1,3,0
2254,1210421,6554,13107,1.00006103515625,1.999969482421875,1.00006103515625,1.999969482421875,,,1210428,24,1,3,0
2255,1210546,6554,13107,1.00006103515625,1.999969482421875,1.00006103515625,1.999969482421875,,,1210553,24,1,3,0
2256,1210671,6554,13107,1.00006103515625,1.999969482421875,1.00006103515625,1.999969482421875,,,1210678,24,1,3,0
2257,1210796,6554,13107,1.00006103515625,1.999969482421875,1.00006103515625,1.999969482421875,,,1210803,24,1,3,0
2258,1210922,6554,13107,1.00006103515625,1.999969482421875,1.00006103515625,1.999969482421875,,,1210929,23,1,3,0
2259,1211047,6554,13107,1.00006103515625,1.999969482421875,1.00006103515625,1.999969482421875,,,1211054,24,1,3,0
2260,1211172,6554,13107,1.00006103515625,1.999969482421875,1.00006103515625,1.999969482421875,,,1211179,24,1,3,0
2261,1211297,6554,13107,1.00006103515625,1.999969482421875,1.00006103515625,1.999969482421875,,,1211304,24,1,3,0
2262,1211423,6554,13107,1.00006103515625,1.999969482421875,1.00006103515625,1.999969482421875,,,1211430,23,1,3,0
2263,1211548,6554,13107,1.00006103515625,1.999969482421875,1.00006103515625,1.999969482421875,,,1211555,24,1,3,0
2264,1211673,6554,13107,1.00006103515625,1.999969482421875,1.00006103515625,1.999969482421875,,,1211680,24,1,3,0
2265,1211798,6554,13107,1.00006103515625,1.999969482421875,1.00006103515625,1.999969482421875,,,1211805,24,1,3,0
2266,1211924,6554,13107,1.00006103515625,1.999969482421875,1.00006103515625,1.999969482421875,,,1211931,23,1,3,0
2267,1212049,6554,13107,1.00006103515625,1.999969482421875,1.00006103515625,1.999969482421875,,,1212056,24,1,3,0
2268,1212174,6554,13107,1.00006103515625,1.999969482421875,1.00006103515625,1.999969482421875,,,1212181,24,1,3,0
2269,1212299,6554,13107,1.00006103515625,1.999969482421875,1.00006103515625,1.999969482421875,,,1212306,24,1,3,0
2270,1212425,6554,13107,1.00006103515625,1.999969482421875,1.00006103515625,1.999969482421875,,,1212432,23,1,3,0
2271,1212550,6554,13107,1.00006103515625,1.999969482421875,1.00006103515625,1.999969482421875,,,1212557,24,1,3,0
2272,1212675,6554,13107,1.00006103515625,1.999969482421875,1.00006103515625,1.999969482421875,,,1212682,24,1,3,0
2273,1212800,6554,13107,1.00006103515625,1.999969482421875,1.00006103515625,1.999969482421875,,,1212807,24,1,3,0
2274,1212926,6554,13107,1.00006103515625,1.999969482421875,1.00006103515625,1.999969482421875,,,1212933,23,1,3,0
2275,1213051,6554,13107,1.00006103515625,1.999969482421875,1.00006103515625,1.999969482421875,,,1213058,24,1,3,0
2276,1213176,6554,13107,1.00006103515625,1.999969482421875,1.00006103515625,1.999969482421875,,,1213183,24,1,3,0
2277,1213301,6554,13107,1.00006103515625,1.999969482421875,1.00006103515625,1.999969482421875,,,1213308,24,1,3,0
2278,1213427,6554,13107,1.00006103515625,1.999969482421875,1.00006103515625,1.999969482421875,,,1213434,23,1,3,0
2279,1213552,6554,13107,1.00006103515625,1.999969482421875,1.00006103515625,1.999969482421875,,,1213559,24,1,3,0
2280,1213677,6554,13107,1.00006103515625,1.999969482421875,1.00006103515625,1.999969482421875,,,1213684,24,1,3,0
2281,1213802,6554,13107,1.00006103515625,1.999969482421875,1.00006103515625,1.999969482421875,,,1213809,24,1,3,0
2282,1213928,6554,13107,1.00006103515625,1.999969482421875,1.00006103515625,1.999969482421875,,,1213935,23,1,3,0
2283,1214053,6554,13107,1.00006103515625,1.999969482421875,1.00006103515625,1.999969482421875,,,1214060,24,1,3,0
2284,1214178,6554,13107,1.00006103515625,1.999969482421875,1.00006103515625,1.999969482421875,,,1214185,24,1,3,0
2285,1214303,6554,13107,1.00006103515625,1.999969482421875,1.00006103515625,1.999969482421875,,,1214310,24,1,3,0
2286,1214429,6554,13107,1.00006103515625,1.999969482421875,1.00006103515625,1.999969482421875,,,1214436,23,1,3,0
2287,1214554,6554,13107,1.00006103515625,1.999969482421875,1.00006103515625,1.999969482421875,,,1214561,24,1,3,0
2288,1214679,6554,13107,1.00006103515625,1.999969482421875,1.00006103515625,1.999969482421875,,,1214686,24,1,3,0
2289,1214804,6554,13107,1.00006103515625,1.999969482421875,1.00006103515625,1.999969482421875,,,1214811,24,1,3,0
2290,1214930,6554,13107,1.00006103515625,1.999969482421875,1.00006103515625,1.999969482421875,,,1214937,23,1,3,0
2291,1215055,6554,13107,1.00006103515625,1.999969482421875,1.00006103515625,1.999969482421875,,,1215062,24,1,3,0
2292,1215180,6554,13107,1.00006103515625,1.999969482421875,1.00006103515625,1.999969482421875,,,1215187,24,1,3,0
2293,1215305,6554,13107,1.00006103515625,1.999969482421875,1.00006103515625,1.999969482421875,,,1215312,24,1,3,0
2294,1215431,6554,13107,1.00006103515625,1.999969482421875,1.00006103515625,1.999969482421875,,,1215438,23,1,3,0
2295,1215556,6554,13107,1.00006103515625,1.999969482421875,1.00006103515625,1.999969482421875,,,1215563,24,1,3,0
2296,1215681,6554,13107,1.00006103515625,1.999969482421875,1.00006103515625,1.999969482421875,,,1215688,24,1,3,0
2297,1215806,6554,13107,1.00006103515625,1.999969482421875,1.00006103515625,1.999969482421875,,,1215813,24,1,3,0
2298,1215932,6554,13107,1.00006103515625,1.999969482421875,1.00006103515625,1.999969482421875,,,1215939,23,1,3,0
2299,1216057,6554,13107,1.00006103515625,1.999969482421875,1.00006103515625,1.999969482421875,,,1216064,24,1,3,0
2300,1216182,6554,13107,1.00006103515625,1.999969482421875,1.00006103515625,1.999969482421875,,,1216189,24,1,3,0
2301,1216307,6554,13107,1.00006103515625,1.999969482421875,1.00006103515625,1.999969482421875,,,1216314,24,1,3,0
2302,1216433,6554,13107,1.00006103515625,1.999969482421875,1.00006103515625,1.999969482421875,,,1216440,23,1,3,0
2303,1216558,6554,13107,1.00006103515625,1.999969482421875,1.00006103515625,1.999969482421875,,,1216566,24,1,3,0
2304,1216683,6554,13107,1.00006103515625,1.999969482421875,1.00006103515625,1.999969482421875,,,1216690,24,1,3,0
2305,1216808,6554,13107,1.00006103515625,1.999969482421875,1.00006103515625,1.999969482421875,,,1216815,24,1,3,0
2306,1216934,6554,13107,1.00006103515625,1.999969482421875,1.00006103515625,1.999969482421875,,,1216941,23,1,3,0
2307,1217059,6554,13107,1.00006103515625,1.999969482421875,1.00006103515625,1.999969482421875,,,1217066,24,1,3,0
2308,1217184,6554,13107,1.00006103515625,1.999969482421875,1.00006103515625,1.999969482421875,,,1217191,24,1,3,0
2309,1217309,6554,13107,1.00006103515625,1.999969482421875,1.00006103515625,1.999969482421875,,,1217316,24,1,3,0
2310,1217435,6554,13107,1.00006103515625,1.999969482421875,1.00006103515625,1.999969482421875,,,1217442,23,1,3,0
2311,1217560,6554,13107,1.00006103515625,1.999969482421875,1.00006103515625,1.999969482421875,,,1217567,24,1,3,0
2312,1217685,6554,13107,1.00006103515625,1.999969482421875,1.00006103515625,1.999969482421875,,,1217692,24,1,3,0
2313,1217810,6554,13107,1.00006103515625,1.999969482421875,1.00006103515625,1.999969482421875,,,1217817,24,1,3,0
2314,1217936,6554,13107,1.00006103515625,1.999969482421875,1.00006103515625,1.999969482421875,,,1217943,23,1,3,0
2315,1218061,6554,13107,1.00006103515625,1.999969482421875,1.00006103515625,1.999969482421875,,,1218068,24,1,3,0
2316,1218186,6554,13107,1.00006103515625,1.999969482421875,1.00006103515625,1.999969482421875,,,1218193,24,1,3,0
2317,1218311,6554,13107,1.00006103515625,1.999969482421875,1.00006103515625,1.999969482421875,,,1218318,24,1,3,0
2318,1218437,6554,13107,1.00006103515625,1.999969482421875,1.00006103515625,1.999969482421875,,,1218444,24,1,3,0
2319,1218562,6554,13107,1.00006103515625,1.999969482421875,1.00006103515625,1.999969482421875,,,1218569,24,1,3,0
2320,1218687,6554,13107,1.00006103515625,1.999969482421875,1.00006103515625,1.999969482421875,,,1218694,24,1,3,0
2321,1218812,6554,13107,1.00006103515625,1.999969482421875,1.00006103515625,1.999969482421875,,,1218819,24,1,3,0
2322,1218938,6554,13107,1.00006103515625,1.999969482421875,1.00006103515625,1.999969482421875,,,1218945,23,1,3,0
2323,1219063,6554,13107,1.00006103515625,1.999969482421875,1.00006103515625,1.999969482421875,,,1219070,24,1,3,0
2324,1219188,6554,13107,1.00006103515625,1.999969482421875,1.00006103515625,1.999969482421875,,,1219195,24,1,3,0
2325,1219313,6554,13107,1.00006103515625,1.999969482421875,1.00006103515625,1.999969482421875,,,1219320,24,1,3,0
2326,1219439,6554,13107,1.00006103515625,1.999969482421875,1.00006103515625,1.999969482421875,,,1219446,24,1,3,0
2327,1219564,6554,13107,1.00006103515625,1.999969482421875,1.00006103515625,1.999969482421875,,,1219571,24,1,3,0
2328,1219689,6554,13107,1.00006103515625,1.999969482421875,1.00006103515625,1.999969482421875,,,1219696,24,1,3,0
2329,1219814,6554,13107,1.00006103515625,1.999969482421875,1.00006103515625,1.999969482421875,,,1219821,24,1,3,0
2330,1219940,6554,13107,1.00006103515625,1.999969482421875,1.00006103515625,1.999969482421875,,,1219947,23,1,3,0
2331,1220065,6554,13107,1.00006103515625,1.999969482421875,1.00006103515625,1.999969482421875,,,1220072,24,1,3,0
2332,1220190,6554,13107,1.00006103515625,1.999969482421875,1.00006103515625,1.999969482421875,,,1220197,24,1,3,0
2333,1220315,6554,13107,1.00006103515625,1.999969482421875,1.00006103515625,1.999969482421875,,,1220322,24,1,3,0
2334,1220441,6554,13107,1.00006103515625,1.999969482421875,1.00006103515625,1.999969482421875,,,1220448,23,1,3,0
2335,1220566,6554,13107,1.00006103515625,1.999969482421875,1.00006103515625,1.999969482421875,,,1220573,24,1,3,0
2336,1220691,6554,13107,1.00006103515625,1.999969482421875,1.00006103515625,1.999969482421875,,,1220698,24,1,3,0
2337,1220816,6554,13107,1.00006103515625,1.999969482421875,1.00006103515625,1.999969482421875,,,1220823,24,1,3,0
2338,1220942,6554,13107,1.00006103515625,1.999969482421875,1.00006103515625,1.999969482421875,,,1220949,23,1,3,0
2339,1221067,6554,13107,1.00006103515625,1.999969482421875,1.00006103515625,1.999969482421875,,,1221074,24,1,3,0
2340,1221192,6554,13107,1.00006103515625,1.999969482421875,1.00006103515625,1.999969482421875,,,1221199,24,1,3,0
2341,1221317,6554,13107,1.00006103515625,1.999969482421875,1.00006103515625,1.999969482421875,,,1221324,24,1,3,0
2342,1221443,6554,13107,1.00006103515625,1.999969482421875,1.00006103515625,1.999969482421875,,,1221450,23,1,3,0
2343,1221568,6554,13107,1.00006103515625,1.999969482421875,1.00006103515625,1.999969482421875,,,1221575,24,1,3,0
2344,1221693,6554,13107,1.00006103515625,1.999969482421875,1.00006103515625,1.999969482421875,,,1221700,24,1,3,0
2345,1221818,6554,13107,1.00006103515625,1.999969482421875,1.00006103515625,1.999969482421875,,,1221825,24,1,3,0
2346,1221944,6554,13107,1.00006103515625,1.999969482421875,1.00006103515625,1.999969482421875,,,1221951,23,1,3,0
2347,1222069,6554,13107,1.00006103515625,1.999969482421875,1.00006103515625,1.999969482421875,,,1222076,24,1,3,0
2348,1222194,6554,13107,1.00006103515625,1.999969482421875,1.00006103515625,1.999969482421875,,,1222201,24,1,3,0
2349,1222319,6554,13107,1.00006103515625,1.999969482421875,1.00006103515625,1.999969482421875,,,1222326,24,1,3,0
2350,1222445,6554,13107,1.00006103515625,1.999969482421875,1.00006103515625,1.999969482421875,,,1222452,23,1,3,0
2351,1222570,6554,13107,1.00006103515625,1.999969482421875,1.00006103515625,1.999969482421875,,,1222577,24,1,3,0
2352,1222695,6554,13107,1.00006103515625,1.999969482421875,1.00006103515625,1.999969482421875,,,1222702,24,1,3,0
2353,1222820,6554,13107,1.00006103515625,1.999969482421875,1.00006103515625,1.999969482421875,,,1222827,24,1,3,0
2354,1222946,6554,13107,1.00006103515625,1.999969482421875,1.00006103515625,1.999969482421875,,,1222953,23,1,3,0
2355,1223071,6554,13107,1.00006103515625,1.999969482421875,1.00006103515625,1.999969482421875,,,1223078,24,1,3,0
2356,1223196,6554,13107,1.00006103515625,1.999969482421875,1.00006103515625,1.999969482421875,,,1223203,24,1,3,0
2357,1223321,6554,13107,1.00006103515625,1.999969482421875,1.00006103515625,1.999969482421875,,,1223328,24,1,3,0
2358,1223447,6554,13107,1.00006103515625,1.999969482421875,1.00006103515625,1.999969482421875,,,1223454,23,1,3,0
2359,1223572,6554,13107,1.00006103515625,1.999969482421875,1.00006103515625,1.999969482421875,,,1223579,24,1,3,0
2360,1223697,6554,13107,1.00006103515625,1.999969482421875,1.00006103515625,1.999969482421875,,,1223704,24,1,3,0
2361,1223822,6554,13107,1.00006103515625,1.999969482421875,1.00006103515625,1.999969482421875,,,1223829,24,1,3,0
2362,1223948,6554,13107,1.00006103515625,1.999969482421875,1.00006103515625,1.999969482421875,,,1223955,23,1,3,0
2363,1224073,6554,13107,1.00006103515625,1.999969482421875,1.00006103515625,1.999969482421875,,,1224080,24,1,3,0
2364,1224198,6554,13107,1.00006103515625,1.999969482421875,1.00006103515625,1.999969482421875,,,1224205,24,1,3,0
2365,1224323,6554,13107,1.00006103515625,1.999969482421875,1.00006103515625,1.999969482421875,,,1224330,24,1,3,0
2366,1224449,6554,13107,1.00006103515625,1.999969482421875,1.00006103515625,1.999969482421875,,,1224456,23,1,3,0
2367,1224574,6554,13107,1.00006103515625,1.999969482421875,1.00006103515625,1.999969482421875,,,1224581,24,1,3,0
2368,1224699,6554,13107,1.00006103515625,1.999969482421875,1.00006103515625,1.999969482421875,,,1224706,24,1,3,0
2369,1224824,6554,13107,1.00006103515625,1.999969482421875,1.00006103515625,1.999969482421875,,,1224831,24,1,3,0
2370,1224950,6554,13107,1.00006103515625,1.999969482421875,1.00006103515625,1.999969482421875,,,1224957,23,1,3,0
2371,1225075,6554,13107,1.00006103515625,1.999969482421875,1.00006103515625,1.999969482421875,,,1225082,24,1,3,0
2372,1225200,6554,13107,1.00006103515625,1.999969482421875,1.00006103515625,1.999969482421875,,,1225207,24,1,3,0
2373,1225325,6554,13107,1.00006103515625,1.999969482421875,1.00006103515625,1.999969482421875,,,1225332,24,1,3,0
2374,1225451,6554,13107,1.00006103515625,1.999969482421875,1.00006103515625,1.999969482421875,,,1225458,23,1,3,0
2375,1225576,6554,13107,1.00006103515625,1.999969482421875,1.00006103515625,1.999969482421875,,,1225583,24,1,3,0
2376,1225701,6554,13107,1.00006103515625,1.999969482421875,1.00006103515625,1.999969482421875,,,1225708,24,1,3,0
2377,1225826,6554,13107,1.00006103515625,1.999969482421875,1.00006103515625,1.999969482421875,,,1225833,24,1,3,0
2378,1225952,6554,13107,1.00006103515625,1.999969482421875,1.00006103515625,1.999969482421875,,,1225959,23,1,3,0
2379,1226077,6554,13107,1.00006103515625,1.999969482421875,1.00006103515625,1.999969482421875,,,1226084,24,1,3,0
2380,1226202,6554,13107,1.00006103515625,1.999969482421875,1.00006103515625,1.999969482421875,,,1226209,24,1,3,0
2381,1226327,6554,13107,1.00006103515625,1.999969482421875,1.00006103515625,1.999969482421875,,,1226334,24,1,3,0
2382,1226453,6554,13107,1.00006103515625,1.999969482421875,1.00006103515625,1.999969482421875,,,1226460,23,1,3,0
2383,1226578,6554,13107,1.00006103515625,1.999969482421875,1.00006103515625,1.999969482421875,,,1226585,24,1,3,0
2384,1226703,6554,13107,1.00006103515625,1.999969482421875,1.00006103515625,1.999969482421875,,,1226710,24,1,3,0
2385,1226828,6554,13107,1.00006103515625,1.999969482421875,1.00006103515625,1.999969482421875,,,1226835,24,1,3,0
2386,1226954,6554,13107,1.00006103515625,1.999969482421875,1.00006103515625,1.999969482421875,,,1226961,23,1,3,0
2387,1227079,6554,13107,1.00006103515625,1.999969482421875,1.00006103515625,1.999969482421875,,,1227086,24,1,3,0
2388,1227204,6554,13107,1.00006103515625,1.999969482421875,1.00006103515625,1.999969482421875,,,1227211,24,1,3,0
2389,1227329,6554,13107,1.00006103515625,1.999969482421875,1.00006103515625,1.999969482421875,,,1227336,24,1,3,0
2390,1227455,6554,13107,1.00006103515625,1.999969482421875,1.00006103515625,1.999969482421875,,,1227462,23,1,3,0
2391,1227580,6554,13107,1.00006103515625,1.999969482421875,1.00006103515625,1.999969482421875,,,1227587,24,1,3,0
2392,1227705,6554,13107,1.00006103515625,1.999969482421875,1.00006103515625,1.999969482421875,,,1227712,24,1,3,0
2393,1227830,6554,13107,1.00006103515625,1.999969482421875,1.00006103515625,1.999969482421875,,,1227837,24,1,3,0
2394,1227956,6554,13107,1.00006103515625,1.999969482421875,1.00006103515625,1.999969482421875,,,1227963,23,1,3,0
2395,1228081,6554,13107,1.00006103515625,1.999969482421875,1.00006103515625,1.999969482421875,,,1228088,24,1,3,0
2396,1228206,6554,13107,1.00006103515625,1.999969482421875,1.00006103515625,1.999969482421875,,,1228213,24,1,3,0
2397,1228331,6554,13107,1.00006103515625,1.999969482421875,1.00006103515625,1.999969482421875,,,1228339,23,1,3,0
2398,1228457,6554,13107,1.00006103515625,1.999969482421875,1.00006103515625,1.999969482421875,,,1228464,23,1,3,0
2399,1228582,6554,13107,1.00006103515625,1.999969482421875,1.00006103515625,1.999969482421875,,,1228589,24,1,3,0
2400,1228707,6554,13107,1.00006103515625,1.999969482421875,1.00006103515625,1.999969482421875,,,1228714,24,1,3,0
2401,1228832,6554,13107,1.00006103515625,1.999969482421875,1.00006103515625,1.999969482421875,,,1228839,24,1,3,0
2402,1228958,6554,13107,1.00006103515625,1.999969482421875,1.00006103515625,1.999969482421875,,,1228965,23,1,3,0
2403,1229083,6554,13107,1.00006103515625,1.999969482421875,1.00006103515625,1.999969482421875,,,1229090,24,1,3,0
2404,1229208,6554,13107,1.00006103515625,1.999969482421875,1.00006103515625,1.999969482421875,,,1229215,24,1,3,0
2405,1229333,6554,13107,1.00006103515625,1.999969482421875,1.00006103515625,1.999969482421875,,,1229341,23,1,3,0
2406,1229459,6554,13107,1.00006103515625,1.999969482421875,1.00006103515625,1.999969482421875,,,1229466,23,1,3,0
2407,1229584,6554,13107,1.00006103515625,1.999969482421875,1.00006103515625,1.999969482421875,,,1229591,24,1,3,0
2408,1229709,6554,13107,1.00006103515625,1.999969482421875,1.00006103515625,1.999969482421875,,,1229716,24,1,3,0
2409,1229834,6554,13107,1.00006103515625,1.999969482421875,1.00006103515625,1.999969482421875,,,1229841,24,1,3,0
2410,1229960,6554,13107,1.00006103515625,1.999969482421875,1.00006103515625,1.999969482421875,,,1229967,23,1,3,0
2411,1230085,6554,13107,1.00006103515625,1.999969482421875,1.00006103515625,1.999969482421875,,,1230092,24,1,3,0
2412,1230210,6554,13107,1.00006103515625,1.999969482421875,1.00006103515625,1.999969482421875,,,1230217,24,1,3,0
2413,1230335,6554,13107,1.00006103515625,1.999969482421875,1.00006103515625,1.999969482421875,,,1230342,24,1,3,0
2414,1230461,6554,13107,1.00006103515625,1.999969482421875,1.00006103515625,1.999969482421875,,,1230468,23,1,3,0
2415,1230586,6554,13107,1.00006103515625,1.999969482421875,1.00006103515625,1.999969482421875,,,1230593,24,1,3,0
2416,1230711,6554,13107,1.00006103515625,1.999969482421875,1.00006103515625,1.999969482421875,,,1230718,24,1,3,0
2417,1230836,6554,13107,1.00006103515625,1.999969482421875,1.00006103515625,1.999969482421875,,,1230843,24,1,3,0
2418,1230962,6554,13107,1.00006103515625,1.999969482421875,1.00006103515625,1.999969482421875,,,1230969,23,1,3,0
2419,1231087,6554,13107,1.00006103515625,1.999969482421875,1.00006103515625,1.999969482421875,,,1231094,24,1,3,0
2420,1231212,6554,13107,1.00006103515625,1.999969482421875,1.00006103515625,1.999969482421875,,,1231219,24,1,3,0
2421,1231337,6554,13107,1.00006103515625,1.999969482421875,1.00006103515625,1.999969482421875,,,1231345,24,1,3,0
2422,1231463,6554,13107,1.00006103515625,1.999969482421875,1.00006103515625,1.999969482421875,,,1231470,23,1,3,0
2423,1231588,6554,13107,1.00006103515625,1.999969482421875,1.00006103515625,1.999969482421875,,,1231595,24,1,3,0
2424,1231713,6554,13107,1.00006103515625,1.999969482421875,1.00006103515625,1.999969482421875,,,1231720,24,1,3,0
2425,1231838,6554,13107,1.00006103515625,1.999969482421875,1.00006103515625,1.999969482421875,,,1231845,24,1,3,0
2426,1231964,6554,13107,1.00006103515625,1.999969482421875,1.00006103515625,1.999969482421875,,,1231971,23,1,3,0
2427,1232089,6554,13107,1.00006103515625,1.999969482421875,1.00006103515625,1.999969482421875,,,1232096,24,1,3,0
2428,1232214,6554,13107,1.00006103515625,1.999969482421875,1.00006103515625,1.999969482421875,,,1232221,24,1,3,0
2429,1232339,6554,13107,1.00006103515625,1.999969482421875,1.00006103515625,1.999969482421875,,,1232346,24,1,3,0
2430,1232465,6554,13107,1.00006103515625,1.999969482421875,1.00006103515625,1.999969482421875,,,1232472,23,1,3,0
2431,1232590,6554,13107,1.00006103515625,1.999969482421875,1.00006103515625,1.999969482421875,,,1232597,24,1,3,0
2432,1232715,6554,13107,1.00006103515625,1.999969482421875,1.00006103515625,1.999969482421875,,,1232722,24,1,3,0
2433,1232840,6554,13107,1.00006103515625,1.999969482421875,1.00006103515625,1.999969482421875,,,1232847,24,1,3,0
2434,1232966,6554,13107,1.00006103515625,1.999969482421875,1.00006103515625,1.999969482421875,,,1232973,23,1,3,0
2435,1233091,6554,13107,1.00006103515625,1.999969482421875,1.00006103515625,1.999969482421875,,,1233098,24,1,3,0
2436,1233216,6554,13107,1.00006103515625,1.999969482421875,1.00006103515625,1.999969482421875,,,1233223,24,1,3,0
2437,1233341,6554,13107,1.00006103515625,1.999969482421875,1.00006103515625,1.999969482421875,,,1233348,24,1,3,0
2438,1233467,6554,13107,1.00006103515625,1.999969482421875,1.00006103515625,1.999969482421875,,,1233474,23,1,3,0
2439,1233592,6554,13107,1.00006103515625,1.999969482421875,1.00006103515625,1.999969482421875,,,1233599,24,1,3,0
2440,1233717,6554,13107,1.00006103515625,1.999969482421875,1.00006103515625,1.999969482421875,,,1233724,24,1,3,0
2441,1233842,6554,13107,1.00006103515625,1.999969482421875,1.00006103515625,1.999969482421875,,,1233849,24,1,3,0
2442,1233968,6554,13107,1.00006103515625,1.999969482421875,1.00006103515625,1.999969482421875,,,1233975,23,1,3,0
2443,1234093,6554,13107,1.00006103515625,1.999969482421875,1.00006103515625,1.999969482421875,,,1234100,24,1,3,0
2444,1234218,6554,13107,1.00006103515625,1.999969482421875,1.00006103515625,1.999969482421875,,,1234225,24,1,3,0
2445,1234343,6554,13107,1.00006103515625,1.999969482421875,1.00006103515625,1.999969482421875,,,1234350,24,1,3,0
2446,1234469,6554,13107,1.00006103515625,1.999969482421875,1.00006103515625,1.999969482421875,,,1234476,23,1,3,0
2447,1234594,6554,13107,1.00006103515625,1.999969482421875,1.00006103515625,1.999969482421875,,,1234601,24,1,3,0
2448,1234719,6554,13107,1.00006103515625,1.999969482421875,1.00006103515625,1.999969482421875,,,1234726,24,1,3,0
2449,1234844,6554,13107,1.00006103515625,1.999969482421875,1.00006103515625,1.999969482421875,,,1234851,24,1,3,0
2450,1234970,6554,13107,1.00006103515625,1.999969482421875,1.00006103515625,1.999969482421875,,,1234977,23,1,3,0
2451,1235095,6554,13107,1.00006103515625,1.999969482421875,1.00006103515625,1.999969482421875,,,1235102,24,1,3,0
2452,1235220,6554,13107,1.00006103515625,1.999969482421875,1.00006103515625,1.999969482421875,,,1235227,24,1,3,0
2453,1235345,6554,13107,1.00006103515625,1.999969482421875,1.00006103515625,1.999969482421875,,,1235352,24,1,3,0
2454,1235471,6554,13107,1.00006103515625,1.999969482421875,1.00006103515625,1.999969482421875,,,1235478,23,1,3,0
2455,1235596,6554,13107,1.00006103515625,1.999969482421875,1.00006103515625,1.999969482421875,,,1235603,24,1,3,0
2456,1235721,6554,13107,1.00006103515625,1.999969482421875,1.00006103515625,1.999969482421875,,,1235728,24,1,3,0
2457,1235846,6554,13107,1.00006103515625,1.999969482421875,1.00006103515625,1.999969482421875,,,1235853,24,1,3,0
2458,1235972,6554,13107,1.00006103515625,1.999969482421875,1.00006103515625,1.999969482421875,,,1235979,23,1,3,0
2459,1236097,6554,13107,1.00006103515625,1.999969482421875,1.00006103515625,1.999969482421875,,,1236104,24,1,3,0
2460,1236222,6554,13107,1.00006103515625,1.999969482421875,1.00006103515625,1.999969482421875,,,1236229,24,1,3,0
2461,1236347,6554,13107,1.00006103515625,1.999969482421875,1.00006103515625,1.999969482421875,,,1236354,24,1,3,0
2462,1236473,6554,13107,1.00006103515625,1.999969482421875,1.00006103515625,1.999969482421875,,,1236480,23,1,3,0
2463,1236598,6554,13107,1.00006103515625,1.999969482421875,1.00006103515625,1.999969482421875,,,1236605,24,1,3,0
2464,1236723,6554,13107,1.00006103515625,1.999969482421875,1.00006103515625,1.999969482421875,,,1236730,24,1,3,0
2465,1236848,6554,13107,1.00006103515625,1.999969482421875,1.00006103515625,1.999969482421875,,,1236855,24,1,3,0
2466,1236974,6554,13107,1.00006103515625,1.999969482421875,1.00006103515625,1.999969482421875,,,1236981,23,1,3,0
2467,1237099,6554,13107,1.00006103515625,1.999969482421875,1.00006103515625,1.999969482421875,,,1237106,24,1,3,0
2468,1237224,6554,13107,1.00006103515625,1.999969482421875,1.00006103515625,1.999969482421875,,,1237231,24,1,3,0
2469,1237349,6554,13107,1.00006103515625,1.999969482421875,1.00006103515625,1.999969482421875,,,1237356,24,1,3,0
2470,1237475,6554,13107,1.00006103515625,1.999969482421875,1.00006103515625,1.999969482421875,,,1237482,23,1,3,0
2471,1237600,6554,13107,1.00006103515625,1.999969482421875,1.00006103515625,1.999969482421875,,,1237607,24,1,3,0
2472,1237725,6554,13107,1.00006103515625,1.999969482421875,1.00006103515625,1.999969482421875,,,1237732,24,1,3,0
2473,1237850,6554,13107,1.00006103515625,1.999969482421875,1.00006103515625,1.999969482421875,,,1237857,24,1,3,0
2474,1237976,6554,13107,1.00006103515625,1.999969482421875,1.00006103515625,1.999969482421875,,,1237983,23,1,3,0
2475,1238101,6554,13107,1.00006103515625,1.999969482421875,1.00006103515625,1.999969482421875,,,1238108,24,1,3,0
2476,1238226,6554,13107,1.00006103515625,1.999969482421875,1.00006103515625,1.999969482421875,,,1238233,24,1,3,0
2477,1238351,6554,13107,1.00006103515625,1.999969482421875,1.00006103515625,1.999969482421875,,,1238358,24,1,3,0
2478,1238477,6554,13107,1.00006103515625,1.999969482421875,1.00006103515625,1.999969482421875,,,1238484,23,1,3,0
2479,1238602,6554,13107,1.00006103515625,1.999969482421875,1.00006103515625,1.999969482421875,,,1238609,24,1,3,0
2480,1238727,6554,13107,1.00006103515625,1.999969482421875,1.00006103515625,1.999969482421875,,,1238734,24,1,3,0
2481,1238852,6554,13107,1.00006103515625,1.999969482421875,1.00006103515625,1.999969482421875,,,1238859,24,1,3,0
2482,1238978,6554,13107,1.00006103515625,1.999969482421875,1.00006103515625,1.999969482421875,,,1238985,23,1,3,0
2483,1239103,6554,13107,1.00006103515625,1.999969482421875,1.00006103515625,1.999969482421875,,,1239110,24,1,3,0
2484,1239228,6554,13107,1.00006103515625,1.999969482421875,1.00006103515625,1.999969482421875,,,1239235,24,1,3,0
2485,1239353,6554,13107,1.00006103515625,1.999969482421875,1.00006103515625,1.999969482421875,,,1239360,24,1,3,0
2486,1239479,6554,13107,1.00006103515625,1.999969482421875,1.00006103515625,1.999969482421875,,,1239486,24,1,3,0
2487,1239604,6554,13107,1.00006103515625,1.999969482421875,1.00006103515625,1.999969482421875,,,1239611,24,1,3,0
2488,1239729,6554,13107,1.00006103515625,1.999969482421875,1.00006103515625,1.999969482421875,,,1239736,24,1,3,0
2489,1239854,6554,13107,1.00006103515625,1.999969482421875,1.00006103515625,1.999969482421875,,,1239861,24,1,3,0
2490,1239980,6554,13107,1.00006103515625,1.999969482421875,1.00006103515625,1.999969482421875,,,1239987,23,1,3,0
2491,1240105,6554,13107,1.00006103515625,1.999969482421875,1.00006103515625,1.999969482421875,,,1240112,24,1,3,0
2492,1240230,6554,13107,1.00006103515625,1.999969482421875,1.00006103515625,1.999969482421875,,,1240237,24,1,3,0
2493,1240355,6554,13107,1.00006103515625,1.999969482421875,1.00006103515625,1.999969482421875,,,1240362,24,1,3,0
2494,1240481,6554,13107,1.00006103515625,1.999969482421875,1.00006103515625,1.999969482421875,,,1240488,23,1,3,0
2495,1240606,6554,13107,1.00006103515625,1.999969482421875,1.00006103515625,1.999969482421875,,,1240613,24,1,3,0
2496,1240731,6554,13107,1.00006103515625,1.999969482421875,1.00006103515625,1.999969482421875,,,1240738,24,1,3,0
2497,1240856,6554,13107,1.00006103515625,1.999969482421875,1.00006103515625,1.999969482421875,,,1240864,23,1,3,0
2498,1240982,6554,13107,1.00006103515625,1.999969482421875,1.00006103515625,1.999969482421875,,,1240989,23,1,3,0
2499,1241107,6554,13107,1.00006103515625,1.999969482421875,1.00006103515625,1.999969482421875,,,1241114,24,1,3,0
2500,1241232,6554,13107,1.00006103515625,1.999969482421875,1.00006103515625,1.999969482421875,,,1241239,24,1,3,0
2501,1241357,6554,13107,1.00006103515625,1.999969482421875,1.00006103515625,1.999969482421875,,,1241364,24,1,3,0
2502,1241483,6554,13107,1.00006103515625,1.999969482421875,1.00006103515625,1.999969482421875,,,1241490,23,1,3,0
2503,1241608,6554,13107,1.00006103515625,1.999969482421875,1.00006103515625,1.999969482421875,,,1241615,24,1,3,0
2504,1241733,6554,13107,1.00006103515625,1.999969482421875,1.00006103515625,1.999969482421875,,,1241740,24,1,3,0
2505,1241858,6554,13107,1.00006103515625,1.999969482421875,1.00006103515625,1.999969482421875,,,1241865,24,1,3,0
2506,1241984,6554,13107,1.00006103515625,1.999969482421875,1.00006103515625,1.999969482421875,,,1241991,23,1,3,0
2507,1242109,6554,13107,1.00006103515625,1.999969482421875,1.00006103515625,1.999969482421875,,,1242116,24,1,3,0
2508,1242234,6554,13107,1.00006103515625,1.999969482421875,1.00006103515625,1.999969482421875,,,1242241,24,1,3,0
2509,1242359,6554,13107,1.00006103515625,1.999969482421875,1.00006103515625,1.999969482421875,,,1242366,24,1,3,0
2510,1242485,6554,13107,1.00006103515625,1.999969482421875,1.00006103515625,1.999969482421875,,,1242492,24,1,3,0
2511,1242610,6554,13107,1.00006103515625,1.999969482421875,1.00006103515625,1.999969482421875,,,1242617,26,1,3,0
2512,1242735,6554,13107,1.00006103515625,1.999969482421875,1.00006103515625,1.999969482421875,,,1242742,24,1,3,0
2513,1242860,6554,13107,1.00006103515625,1.999969482421875,1.00006103515625,1.999969482421875,,,1242867,24,1,3,0
2514,1242986,6554,13107,1.00006103515625,1.999969482421875,1.00006103515625,1.999969482421875,,,1242993,23,1,3,0
2515,1243111,6554,13107,1.00006103515625,1.999969482421875,1.00006103515625,1.999969482421875,,,1243118,24,1,3,0
2516,1243236,6554,13107,1.00006103515625,1.999969482421875,1.00006103515625,1.999969482421875,,,1243243,24,1,3,0
2517,1243361,6554,13107,1.00006103515625,1.999969482421875,1.00006103515625,1.999969482421875,,,1243368,24,1,3,0
2518,1243487,6554,13107,1.00006103515625,1.999969482421875,1.00006103515625,1.999969482421875,,,1243494,23,1,3,0
2519,1243612,6554,13107,1.00006103515625,1.999969482421875,1.00006103515625,1.999969482421875,,,1243619,25,1,3,0
2520,1243737,6554,13107,1.00006103515625,1.999969482421875,1.00006103515625,1.999969482421875,,,1243744,24,1,3,0
2521,1243862,6554,13107,1.00006103515625,1.999969482421875,1.00006103515625,1.999969482421875,,,1243869,24,1,3,0
2522,1243988,6554,13107,1.00006103515625,1.999969482421875,1.00006103515625,1.999969482421875,,,1243995,23,1,3,0
2523,1244113,6554,13107,1.00006103515625,1.999969482421875,1.00006103515625,1.999969482421875,,,1244120,24,1,3,0
2524,1244238,6554,13107,1.00006103515625,1.999969482421875,1.00006103515625,1.999969482421875,,,1244245,24,1,3,0
2525,1244363,6554,13107,1.00006103515625,1.999969482421875,1.00006103515625,1.999969482421875,,,1244371,23,1,3,0
2526,1244489,6554,13107,1.00006103515625,1.999969482421875,1.00006103515625,1.999969482421875,,,1244496,23,1,3,0
2527,1244614,6554,13107,1.00006103515625,1.999969482421875,1.00006103515625,1.999969482421875,,,1244621,24,1,3,0
2528,1244739,6554,13107,1.00006103515625,1.999969482421875,1.00006103515625,1.999969482421875,,,1244746,24,1,3,0
2529,1244864,6554,13107,1.00006103515625,1.999969482421875,1.00006103515625,1.999969482421875,,,1244871,24,1,3,0
2530,1244990,6554,13107,1.00006103515625,1.999969482421875,1.00006103515625,1.999969482421875,,,1244997,23,1,3,0
2531,1245115,6554,13107,1.00006103515625,1.999969482421875,1.00006103515625,1.999969482421875,,,1245122,24,1,3,0
2532,1245240,6554,13107,1.00006103515625,1.999969482421875,1.00006103515625,1.999969482421875,,,1245247,24,1,3,0
2533,1245365,6554,13107,1.00006103515625,1.999969482421875,1.00006103515625,1.999969482421875,,,1245372,24,1,3,0
2534,1245491,6554,13107,1.00006103515625,1.999969482421875,1.00006103515625,1.999969482421875,,,1245498,23,1,3,0
2535,1245616,6554,13107,1.00006103515625,1.999969482421875,1.00006103515625,1.999969482421875,,,1245623,24,1,3,0
2536,1245741,6554,13107,1.00006103515625,1.999969482421875,1.00006103515625,1.999969482421875,,,1245748,24,1,3,0
2537,1245866,6554,13107,1.00006103515625,1.999969482421875,1.00006103515625,1.999969482421875,,,1245873,24,1,3,0
2538,1245992,6554,13107,1.00006103515625,1.999969482421875,1.00006103515625,1.999969482421875,,,1245999,23,1,3,0
2539,1246117,6554,13107,1.00006103515625,1.999969482421875,1.00006103515625,1.999969482421875,,,1246124,24,1,3,0
2540,1246242,6554,13107,1.00006103515625,1.999969482421875,1.00006103515625,1.999969482421875,,,1246249,24,1,3,0
2541,1246367,6554,13107,1.00006103515625,1.999969482421875,1.00006103515625,1.999969482421875,,,1246374,24,1,3,0
2542,1246493,6554,13107,1.00006103515625,1.999969482421875,1.00006103515625,1.999969482421875,,,1246500,23,1,3,0
2543,1246618,6554,13107,1.00006103515625,1.999969482421875,1.00006103515625,1.999969482421875,,,1246625,24,1,3,0
2544,1246743,6554,13107,1.00006103515625,1.999969482421875,1.00006103515625,1.999969482421875,,,1246750,24,1,3,0
2545,1246868,6554,13107,1.00006103515625,1.999969482421875,1.00006103515625,1.999969482421875,,,1246875,24,1,3,0
2546,1246994,6554,13107,1.00006103515625,1.999969482421875,1.00006103515625,1.999969482421875,,,1247001,23,1,3,0
2547,1247119,6554,13107,1.00006103515625,1.999969482421875,1.00006103515625,1.999969482421875,,,1247126,24,1,3,0
2548,1247244,6554,13107,1.00006103515625,1.999969482421875,1.00006103515625,1.999969482421875,,,1247251,24,1,3,0
2549,1247369,6554,13107,1.00006103515625,1.999969482421875,1.00006103515625,1.999969482421875,,,1247376,24,1,3,0
2550,1247495,6554,13107,1.00006103515625,1.999969482421875,1.00006103515625,1.999969482421875,,,1247502,24,1,3,0
2551,1247620,6554,13107,1.00006103515625,1.999969482421875,1.00006103515625,1.999969482421875,,,1247627,24,1,3,0
2552,1247745,6554,13107,1.00006103515625,1.999969482421875,1.00006103515625,1.999969482421875,,,1247752,24,1,3,0
2553,1247870,6554,13107,1.00006103515625,1.999969482421875,1.00006103515625,1.999969482421875,,,1247877,24,1,3,0
2554,1247996,6554,13107,1.00006103515625,1.999969482421875,1.00006103515625,1.999969482421875,,,1248003,23,1,3,0
2555,1248121,6554,13107,1.00006103515625,1.999969482421875,1.00006103515625,1.999969482421875,,,1248128,24,1,3,0
2556,1248246,6554,13107,1.00006103515625,1.999969482421875,1.00006103515625,1.999969482421875,,,1248253,24,1,3,0
2557,1248371,6554,13107,1.00006103515625,1.999969482421875,1.00006103515625,1.999969482421875,,,1248378,24,1,3,0
2558,1248497,6554,13107,1.00006103515625,1.999969482421875,1.00006103515625,1.999969482421875,,,1248506,23,1,3,0
2559,1248622,6554,13107,1.00006103515625,1.999969482421875,1.00006103515625,1.999969482421875,,,1248629,24,1,3,0
2560,1248747,6554,13107,1.00006103515625,1.999969482421875,1.00006103515625,1.999969482421875,,,1248754,24,1,3,0
2561,1248872,6554,13107,1.00006103515625,1.999969482421875,1.00006103515625,1.999969482421875,,,1248879,24,1,3,0
2562,1248998,6554,13107,1.00006103515625,1.999969482421875,1.00006103515625,1.999969482421875,,,1249005,23,1,3,0
2563,1249123,6554,13107,1.00006103515625,1.999969482421875,1.00006103515625,1.999969482421875,,,1249130,24,1,3,0
2564,1249248,6554,13107,1.00006103515625,1.999969482421875,1.00006103515625,1.999969482421875,,,1249255,24,1,3,0
2565,1249373,6554,13107,1.00006103515625,1.999969482421875,1.00006103515625,1.999969482421875,,,1249380,24,1,3,0
2566,1249499,6554,13107,1.00006103515625,1.999969482421875,1.00006103515625,1.999969482421875,,,1249507,24,1,3,0
2567,1249624,6554,13107,1.00006103515625,1.999969482421875,1.00006103515625,1.999969482421875,,,1249631,24,1,3,0
2568,1249749,6554,13107,1.00006103515625,1.999969482421875,1.00006103515625,1.999969482421875,,,1249756,24,1,3,0
2569,1249874,6554,13107,1.00006103515625,1.999969482421875,1.00006103515625,1.999969482421875,,,1249881,24,1,3,0
2570,1250000,6554,13107,1.00006103515625,1.999969482421875,1.00006103515625,1.999969482421875,,,1250007,23,1,3,0
2571,1250125,6554,13107,1.00006103515625,1.999969482421875,1.00006103515625,1.999969482421875,,,1250132,24,1,3,0
2572,1250250,6554,13107,1.00006103515625,1.999969482421875,1.00006103515625,1.999969482421875,,,1250257,24,1,3,0
2573,1250375,6554,13107,1.00006103515625,1.999969482421875,1.00006103515625,1.999969482421875,,,1250382,24,1,3,0
2574,1250501,6554,13107,1.00006103515625,1.999969482421875,1.00006103515625,1.999969482421875,,,1250508,23,1,3,0
2575,1250626,6554,13107,1.00006103515625,1.999969482421875,1.00006103515625,1.999969482421875,,,1250633,24,1,3,0
2576,1250751,6554,13107,1.00006103515625,1.999969482421875,1.00006103515625,1.999969482421875,,,1250758,24,1,3,0
2577,1250876,6554,13107,1.00006103515625,1.999969482421875,1.00006103515625,1.999969482421875,,,1250883,24,1,3,0
2578,1251002,6554,13107,1.00006103515625,1.999969482421875,1.00006103515625,1.999969482421875,,,1251009,23,1,3,0
2579,1251127,6554,13107,1.00006103515625,1.999969482421875,1.00006103515625,1.999969482421875,,,1251134,24,1,3,0
2580,1251252,6554,13107,1.00006103515625,1.999969482421875,1.00006103515625,1.999969482421875,,,1251259,24,1,3,0
2581,1251377,6554,13107,1.00006103515625,1.999969482421875,1.00006103515625,1.999969482421875,,,1251385,23,1,3,0
2582,1251503,6554,13107,1.00006103515625,1.999969482421875,1.00006103515625,1.999969482421875,,,1251510,24,1,3,0
2583,1251628,6554,13107,1.00006103515625,1.999969482421875,1.00006103515625,1.999969482421875,,,1251635,26,1,3,0
2584,1251753,6554,13107,1.00006103515625,1.999969482421875,1.00006103515625,1.999969482421875,,,1251760,24,1,3,0
2585,1251878,6554,13107,1.00006103515625,1.999969482421875,1.00006103515625,1.999969482421875,,,1251885,24,1,3,0
2586,1252004,6554,13107,1.00006103515625,1.999969482421875,1.00006103515625,1.999969482421875,,,1252011,23,1,3,0
2587,1252129,6554,13107,1.00006103515625,1.999969482421875,1.00006103515625,1.999969482421875,,,1252136,24,1,3,0
2588,1252254,6554,13107,1.00006103515625,1.999969482421875,1.00006103515625,1.999969482421875,,,1252261,24,1,3,0
2589,1252379,6554,13107,1.00006103515625,1.999969482421875,1.00006103515625,1.999969482421875,,,1252386,24,1,3,0
2590,1252505,6554,13107,1.00006103515625,1.999969482421875,1.00006103515625,1.999969482421875,,,1252512,23,1,3,0
2591,1252630,6554,13107,1.00006103515625,1.999969482421875,1.00006103515625,1.999969482421875,,,1252637,26,1,3,0
2592,1252755,6554,13107,1.00006103515625,1.999969482421875,1.00006103515625,1.999969482421875,,,1252762,24,1,3,0
2593,1252880,6554,13107,1.00006103515625,1.999969482421875,1.00006103515625,1.999969482421875,,,1252887,24,1,3,0
2594,1253006,6554,13107,1.00006103515625,1.999969482421875,1.00006103515625,1.999969482421875,,,1253013,23,1,3,0
2595,1253131,6554,13107,1.00006103515625,1.999969482421875,1.00006103515625,1.999969482421875,,,1253138,24,1,3,0
2596,1253256,6554,13107,1.00006103515625,1.999969482421875,1.00006103515625,1.999969482421875,,,1253263,24,1,3,0
2597,1253381,6554,13107,1.00006103515625,1.999969482421875,1.00006103515625,1.999969482421875,,,1253389,23,1,3,0
2598,1253507,6554,13107,1.00006103515625,1.999969482421875,1.00006103515625,1.999969482421875,,,1253514,23,1,3,0
2599,1253632,6554,13107,1.00006103515625,1.999969482421875,1.00006103515625,1.999969482421875,,,1253639,26,1,3,0
2600,1253757,6554,13107,1.00006103515625,1.999969482421875,1.00006103515625,1.999969482421875,,,1253764,24,1,3,0
2601,1253882,6554,13107,1.00006103515625,1.999969482421875,1.00006103515625,1.999969482421875,,,1253889,24,1,3,0
2602,1254008,6554,13107,1.00006103515625,1.999969482421875,1.00006103515625,1.999969482421875,,,1254015,23,1,3,0
2603,1254133,6554,13107,1.00006103515625,1.999969482421875,1.00006103515625,1.999969482421875,,,1254140,24,1,3,0
2604,1254258,6554,13107,1.00006103515625,1.999969482421875,1.00006103515625,1.999969482421875,,,1254265,24,1,3,0
2605,1254383,6554,13107,1.00006103515625,1.999969482421875,1.00006103515625,1.999969482421875,,,1254391,23,1,3,0
2606,1254509,6554,13107,1.00006103515625,1.999969482421875,1.00006103515625,1.999969482421875,,,1254516,23,1,3,0
2607,1254634,6554,13107,1.00006103515625,1.999969482421875,1.00006103515625,1.999969482421875,,,1254643,24,1,3,0
2608,1254759,6554,13107,1.00006103515625,1.999969482421875,1.00006103515625,1.999969482421875,,,1254766,24,1,3,0
2609,1254884,6554,13107,1.00006103515625,1.999969482421875,1.00006103515625,1.999969482421875,,,1254891,24,1,3,0
2610,1255010,6554,13107,1.00006103515625,1.999969482421875,1.00006103515625,1.999969482421875,,,1255017,23,1,3,0
2611,1255135,6554,13107,1.00006103515625,1.999969482421875,1.00006103515625,1.999969482421875,,,1255143,24,1,3,0
2612,1255260,6554,13107,1.00006103515625,1.999969482421875,1.00006103515625,1.999969482421875,,,1255267,24,1,3,0
2613,1255385,6554,13107,1.00006103515625,1.999969482421875,1.00006103515625,1.999969482421875,,,1255392,24,1,3,0
2614,1255511,6554,13107,1.00006103515625,1.999969482421875,1.00006103515625,1.999969482421875,,,1255518,23,1,3,0
2615,1255636,6554,13107,1.00006103515625,1.999969482421875,1.00006103515625,1.999969482421875,,,1255644,24,1,3,0
2616,1255761,6554,13107,1.00006103515625,1.999969482421875,1.00006103515625,1.999969482421875,,,1255768,24,1,3,0
2617,1255886,6554,13107,1.00006103515625,1.999969482421875,1.00006103515625,1.999969482421875,,,1255893,24,1,3,0
2618,1256012,6554,13107,1.00006103515625,1.999969482421875,1.00006103515625,1.999969482421875,,,1256019,23,1,3,0
2619,1256137,6554,13107,1.00006103515625,1.999969482421875,1.00006103515625,1.999969482421875,,,1256146,24,1,3,0
2620,1256262,6554,13107,1.00006103515625,1.999969482421875,1.00006103515625,1.999969482421875,,,1256269,24,1,3,0
2621,1256387,6554,13107,1.00006103515625,1.999969482421875,1.00006103515625,1.999969482421875,,,1256396,24,1,3,0
2622,1256513,6554,13107,1.00006103515625,1.999969482421875,1.00006103515625,1.999969482421875,,,1256520,23,1,3,0
2623,1256638,6554,13107,1.00006103515625,1.999969482421875,1.00006103515625,1.999969482421875,,,1256646,24,1,3,0
2624,1256763,6554,13107,1.00006103515625,1.999969482421875,1.00006103515625,1.999969482421875,,,1256770,24,1,3,0
2625,1256888,6554,13107,1.00006103515625,1.999969482421875,1.00006103515625,1.999969482421875,,,1256895,24,1,3,0
2626,1257014,6554,13107,1.00006103515625,1.999969482421875,1.00006103515625,1.999969482421875,,,1257021,23,1,3,0
2627,1257139,6554,13107,1.00006103515625,1.999969482421875,1.00006103515625,1.999969482421875,,,1257147,23,1,3,0
2628,1257264,6554,13107,1.00006103515625,1.999969482421875,1.00006103515625,1.999969482421875,,,1257271,24,1,3,0
2629,1257389,6554,13107,1.00006103515625,1.999969482421875,1.00006103515625,1.999969482421875,,,1257397,24,1,3,0
2630,1257515,6554,13107,1.00006103515625,1.999969482421875,1.00006103515625,1.999969482421875,,,1257522,24,1,3,0
2631,1257640,6554,13107,1.00006103515625,1.999969482421875,1.00006103515625,1.999969482421875,,,1257649,23,1,3,0
2632,1257765,6554,13107,1.00006103515625,1.999969482421875,1.00006103515625,1.999969482421875,,,1257772,24,1,3,0
2633,1257890,6554,13107,1.00006103515625,1.999969482421875,1.00006103515625,1.999969482421875,,,1257898,23,1,3,0
2634,1258016,6554,13107,1.00006103515625,1.999969482421875,1.00006103515625,1.999969482421875,,,1258023,24,1,3,0
2635,1258141,6554,13107,1.00006103515625,1.999969482421875,1.00006103515625,1.999969482421875,,,1258148,24,1,3,0
2636,1258266,6554,13107,1.00006103515625,1.999969482421875,1.00006103515625,1.999969482421875,,,1258273,24,1,3,0
2637,1258391,6554,13107,1.00006103515625,1.999969482421875,1.00006103515625,1.999969482421875,,,1258399,23,1,3,0
2638,1258517,6554,13107,1.00006103515625,1.999969482421875,1.00006103515625,1.999969482421875,,,1258524,24,1,3,0
2639,1258643,6554,13107,1.00006103515625,1.999969482421875,1.00006103515625,1.999969482421875,,,1258650,23,1,3,0
2640,1258768,6554,13107,1.00006103515625,1.999969482421875,1.00006103515625,1.999969482421875,,,1258775,24,1,3,0
2641,1258893,6554,13107,1.00006103515625,1.999969482421875,1.00006103515625,1.999969482421875,,,1258900,24,1,3,0
2642,1259018,6554,13107,1.00006103515625,1.999969482421875,1.00006103515625,1.999969482421875,,,1259025,24,1,3,0
2643,1259144,6554,13107,1.00006103515625,1.999969482421875,1.00006103515625,1.999969482421875,,,1259151,23,1,3,0
2644,1259269,6554,13107,1.00006103515625,1.999969482421875,1.00006103515625,1.999969482421875,,,1259276,24,1,3,0
2645,1259394,6554,13107,1.00006103515625,1.999969482421875,1.00006103515625,1.999969482421875,,,1259401,24,1,3,0
2646,1259519,6554,13107,1.00006103515625,1.999969482421875,1.00006103515625,1.999969482421875,,,1259526,24,1,3,0
2647,1259647,6554,13107,1.00006103515625,1.999969482421875,1.00006103515625,1.999969482421875,,,1259654,24,1,3,0
2648,1259770,6554,13107,1.00006103515625,1.999969482421875,1.00006103515625,1.999969482421875,,,1259778,23,1,3,0
2649,1259896,6554,13107,1.00006103515625,1.999969482421875,1.00006103515625,1.999969482421875,,,1259903,23,1,3,0
2650,1260021,6554,13107,1.00006103515625,1.999969482421875,1.00006103515625,1.999969482421875,,,1260028,24,1,3,0
2651,1260146,6554,13107,1.00006103515625,1.999969482421875,1.00006103515625,1.999969482421875,,,1260153,24,1,3,0
2652,1260271,6554,13107,1.00006103515625,1.999969482421875,1.00006103515625,1.999969482421875,,,1260279,23,1,3,0
2653,1260397,6554,13107,1.00006103515625,1.999969482421875,1.00006103515625,1.999969482421875,,,1260404,23,1,3,0
2654,1260522,6554,13107,1.00006103515625,1.999969482421875,1.00006103515625,1.999969482421875,,,1260529,24,1,3,0
2655,1260647,6554,13107,1.00006103515625,1.999969482421875,1.00006103515625,1.999969482421875,,,1260654,24,1,3,0
2656,1260772,6554,13107,1.00006103515625,1.999969482421875,1.00006103515625,1.999969482421875,,,1260780,23,1,3,0
2657,1260898,6554,13107,1.00006103515625,1.999969482421875,1.00006103515625,1.999969482421875,,,1260905,23,1,3,0
2658,1261023,6554,13107,1.00006103515625,1.999969482421875,1.00006103515625,1.999969482421875,,,1261030,24,1,3,0
2659,1261148,6554,13107,1.00006103515625,1.999969482421875,1.00006103515625,1.999969482421875,,,1261155,24,1,3,0
2660,1261273,6554,13107,1.00006103515625,1.999969482421875,1.00006103515625,1.999969482421875,,,1261281,23,1,3,0
2661,1261399,6554,13107,1.00006103515625,1.999969482421875,1.00006103515625,1.999969482421875,,,1261406,23,1,3,0
2662,1261524,6554,13107,1.00006103515625,1.999969482421875,1.00006103515625,1.999969482421875,,,1261531,24,1,3,0
2663,1261649,6554,13107,1.00006103515625,1.999969482421875,1.00006103515625,1.999969482421875,,,1261656,24,1,3,0
2664,1261774,6554,13107,1.00006103515625,1.999969482421875,1.00006103515625,1.999969482421875,,,1261782,23,1,3,0
2665,1261900,6554,13107,1.00006103515625,1.999969482421875,1.00006103515625,1.999969482421875,,,1261907,23,1,3,0
2666,1262025,6554,13107,1.00006103515625,1.999969482421875,1.00006103515625,1.999969482421875,,,1262032,24,1,3,0
2667,1262150,6554,13107,1.00006103515625,1.999969482421875,1.00006103515625,1.999969482421875,,,1262157,24,1,3,0
2668,1262275,6554,13107,1.00006103515625,1.999969482421875,1.00006103515625,1.999969482421875,,,1262283,23,1,3,0
2669,1262401,6554,13107,1.00006103515625,1.999969482421875,1.00006103515625,1.999969482421875,,,1262408,23,1,3,0
2670,1262526,6554,13107,1.00006103515625,1.999969482421875,1.00006103515625,1.999969482421875,,,1262533,24,1,3,0
2671,1262651,6554,13107,1.00006103515625,1.999969482421875,1.00006103515625,1.999969482421875,,,1262658,24,1,3,0
2672,1262776,6554,13107,1.00006103515625,1.999969482421875,1.00006103515625,1.999969482421875,,,1262784,23,1,3,0
2673,1262902,6554,13107,1.00006103515625,1.999969482421875,1.00006103515625,1.999969482421875,,,1262909,23,1,3,0
2674,1263027,6554,13107,1.00006103515625,1.999969482421875,1.00006103515625,1.999969482421875,,,1263034,24,1,3,0
2675,1263152,6554,13107,1.00006103515625,1.999969482421875,1.00006103515625,1.999969482421875,,,1263159,24,1,3,0
2676,1263277,6554,13107,1.00006103515625,1.999969482421875,1.00006103515625,1.999969482421875,,,1263285,23,1,3,0
2677,1263403,6554,13107,1.00006103515625,1.999969482421875,1.00006103515625,1.999969482421875,,,1263410,23,1,3,0
2678,1263528,6554,13107,1.00006103515625,1.999969482421875,1.00006103515625,1.999969482421875,,,1263535,24,1,3,0
2679,1263653,6554,13107,1.00006103515625,1.999969482421875,1.00006103515625,1.999969482421875,,,1263660,24,1,3,0
2680,1263778,6554,13107,1.00006103515625,1.999969482421875,1.00006103515625,1.999969482421875,,,1263785,24,1,3,0
2681,1263904,6554,13107,1.00006103515625,1.999969482421875,1.00006103515625,1.999969482421875,,,1263911,23,1,3,0
2682,1264029,6554,13107,1.00006103515625,1.999969482421875,1.00006103515625,1.999969482421875,,,1264036,24,1,3,0
2683,1264154,6554,13107,1.00006103515625,1.999969482421875,1.00006103515625,1.999969482421875,,,1264161,24,1,3,0
2684,1264279,6554,13107,1.00006103515625,1.999969482421875,1.00006103515625,1.999969482421875,,,1264286,24,1,3,0
2685,1264405,6554,13107,1.00006103515625,1.999969482421875,1.00006103515625,1.999969482421875,,,1264412,23,1,3,0
2686,1264530,6554,13107,1.00006103515625,1.999969482421875,1.00006103515625,1.999969482421875,,,1264537,24,1,3,0
2687,1264655,6554,13107,1.00006103515625,1.999969482421875,1.00006103515625,1.999969482421875,,,1264662,24,1,3,0
2688,1264780,6554,13107,1.00006103515625,1.999969482421875,1.00006103515625,1.999969482421875,,,1264789,24,1,3,0
2689,1264906,6554,13107,1.00006103515625,1.999969482421875,1.00006103515625,1.999969482421875,,,1264913,23,1,3,0
2690,1265031,6554,13107,1.00006103515625,1.999969482421875,1.00006103515625,1.999969482421875,,,1265038,24,1,3,0
2691,1265156,6554,13107,1.00006103515625,1.999969482421875,1.00006103515625,1.999969482421875,,,1265163,24,1,3,0
2692,1265281,6554,13107,1.00006103515625,1.999969482421875,1.00006103515625,1.999969482421875,,,1265288,24,1,3,0
2693,1265407,6554,13107,1.00006103515625,1.999969482421875,1.00006103515625,1.999969482421875,,,1265414,23,1,3,0
2694,1265532,6554,13107,1.00006103515625,1.999969482421875,1.00006103515625,1.999969482421875,,,1265539,24,1,3,0
2695,1265657,6554,13107,1.00006103515625,1.999969482421875,1.00006103515625,1.999969482421875,,,1265664,24,1,3,0
2696,1265782,6554,13107,1.00006103515625,1.999969482421875,1.00006103515625,1.999969482421875,,,1265789,24,1,3,0
2697,1265908,6554,13107,1.00006103515625,1.999969482421875,1.00006103515625,1.999969482421875,,,1265915,23,1,3,0
2698,1266033,6554,13107,1.00006103515625,1.999969482421875,1.00006103515625,1.999969482421875,,,1266040,24,1,3,0
2699,1266158,6554,13107,1.00006103515625,1.999969482421875,1.00006103515625,1.999969482421875,,,1266165,24,1,3,0
2700,1266283,6554,13107,1.00006103515625,1.999969482421875,1.00006103515625,1.999969482421875,,,1266290,24,1,3,0
2701,1266409,6554,13107,1.00006103515625,1.999969482421875,1.00006103515625,1.999969482421875,,,1266416,23,1,3,0
2702,1266534,6554,13107,1.00006103515625,1.999969482421875,1.00006103515625,1.999969482421875,,,1266542,23,1,3,0
2703,1266659,6554,13107,1.00006103515625,1.999969482421875,1.00006103515625,1.999969482421875,,,1266666,24,1,3,0
2704,1266784,6554,13107,1.00006103515625,1.999969482421875,1.00006103515625,1.999969482421875,,,1266791,24,1,3,0
2705,1266910,6554,13107,1.00006103515625,1.999969482421875,1.00006103515625,1.999969482421875,,,1266917,23,1,3,0
2706,1267035,6554,13107,1.00006103515625,1.999969482421875,1.00006103515625,1.999969482421875,,,1267042,24,1,3,0
2707,1267160,6554,13107,1.00006103515625,1.999969482421875,1.00006103515625,1.999969482421875,,,1267167,24,1,3,0
2708,1267285,6554,13107,1.00006103515625,1.999969482421875,1.00006103515625,1.999969482421875,,,1267292,24,1,3,0
2709,1267411,6554,13107,1.00006103515625,1.999969482421875,1.00006103515625,1.999969482421875,,,1267418,23,1,3,0
2710,1267536,6554,13107,1.00006103515625,1.999969482421875,1.00006103515625,1.999969482421875,,,1267543,24,1,3,0
2711,1267661,6554,13107,1.00006103515625,1.999969482421875,1.00006103515625,1.999969482421875,,,1267668,24,1,3,0
2712,1267786,6554,13107,1.00006103515625,1.999969482421875,1.00006103515625,1.999969482421875,,,1267793,24,1,3,0
2713,1267912,6554,13107,1.00006103515625,1.999969482421875,1.00006103515625,1.999969482421875,,,1267919,23,1,3,0
2714,1268037,6554,13107,1.00006103515625,1.999969482421875,1.00006103515625,1.999969482421875,,,1268044,24,1,3,0
2715,1268162,6554,13107,1.00006103515625,1.999969482421875,1.00006103515625,1.999969482421875,,,1268169,24,1,3,0
2716,1268287,6554,13107,1.00006103515625,1.999969482421875,1.00006103515625,1.999969482421875,,,1268294,24,1,3,0
2717,1268413,6554,13107,1.00006103515625,1.999969482421875,1.00006103515625,1.999969482421875,,,1268420,23,1,3,0
2718,1268538,6554,13107,1.00006103515625,1.999969482421875,1.00006103515625,1.999969482421875,,,1268545,24,1,3,0
2719,1268663,6554,13107,1.00006103515625,1.999969482421875,1.00006103515625,1.999969482421875,,,1268670,24,1,3,0
2720,1268788,6554,13107,1.00006103515625,1.999969482421875,1.00006103515625,1.999969482421875,,,1268795,24,1,3,0
2721,1268914,6554,13107,1.00006103515625,1.999969482421875,1.00006103515625,1.999969482421875,,,1268921,23,1,3,0
2722,1269039,6554,13107,1.00006103515625,1.999969482421875,1.00006103515625,1.999969482421875,,,1269046,24,1,3,0
2723,1269164,6554,13107,1.00006103515625,1.999969482421875,1.00006103515625,1.999969482421875,,,1269171,24,1,3,0
2724,1269289,6554,13107,1.00006103515625,1.999969482421875,1.00006103515625,1.999969482421875,,,1269296,24,1,3,0
2725,1269415,6554,13107,1.00006103515625,1.999969482421875,1.00006103515625,1.999969482421875,,,1269422,23,1,3,0
2726,1269540,6554,13107,1.00006103515625,1.999969482421875,1.00006103515625,1.999969482421875,,,1269547,24,1,3,0
2727,1269665,6554,13107,1.00006103515625,1.999969482421875,1.00006103515625,1.999969482421875,,,1269672,24,1,3,0
2728,1269790,6554,13107,1.00006103515625,1.999969482421875,1.00006103515625,1.999969482421875,,,1269797,24,1,3,0
2729,1269916,6554,13107,1.00006103515625,1.999969482421875,1.00006103515625,1.999969482421875,,,1269923,23,1,3,0
2730,1270041,6554,13107,1.00006103515625,1.999969482421875,1.00006103515625,1.999969482421875,,,1270048,24,1,3,0
2731,1270166,6554,13107,1.00006103515625,1.999969482421875,1.00006103515625,1.999969482421875,,,1270173,24,1,3,0
2732,1270291,6554,13107,1.00006103515625,1.999969482421875,1.00006103515625,1.999969482421875,,,1270298,24,1,3,0
2733,1270417,6554,13107,1.00006103515625,1.999969482421875,1.00006103515625,1.999969482421875,,,1270424,23,1,3,0
2734,1270542,6554,13107,1.00006103515625,1.999969482421875,1.00006103515625,1.999969482421875,,,1270549,24,1,3,0
2735,1270667,6554,13107,1.00006103515625,1.999969482421875,1.00006103515625,1.999969482421875,,,1270674,24,1,3,0
2736,1270792,6554,13107,1.00006103515625,1.999969482421875,1.00006103515625,1.999969482421875,,,1270799,24,1,3,0
2737,1270918,6554,13107,1.00006103515625,1.999969482421875,1.00006103515625,1.999969482421875,,,1270925,23,1,3,0
2738,1271043,6554,13107,1.00006103515625,1.999969482421875,1.00006103515625,1.999969482421875,,,1271050,24,1,3,0
2739,1271168,6554,13107,1.00006103515625,1.999969482421875,1.00006103515625,1.999969482421875,,,1271175,24,1,3,0
2740,1271293,6554,13107,1.00006103515625,1.999969482421875,1.00006103515625,1.999969482421875,,,1271300,24,1,3,0
2741,1271419,6554,13107,1.00006103515625,1.999969482421875,1.00006103515625,1.999969482421875,,,1271426,23,1,3,0
2742,1271544,6554,13107,1.00006103515625,1.999969482421875,1.00006103515625,1.999969482421875,,,1271551,24,1,3,0
2743,1271669,6554,13107,1.00006103515625,1.999969482421875,1.00006103515625,1.999969482421875,,,1271676,24,1,3,0
2744,1271794,6554,13107,1.00006103515625,1.999969482421875,1.00006103515625,1.999969482421875,,,1271801,24,1,3,0
2745,1271920,6554,13107,1.00006103515625,1.999969482421875,1.00006103515625,1.999969482421875,,,1271927,23,1,3,0
2746,1272045,6554,13107,1.00006103515625,1.999969482421875,1.00006103515625,1.999969482421875,,,1272052,24,1,3,0
2747,1272170,6554,13107,1.00006103515625,1.999969482421875,1.00006103515625,1.999969482421875,,,1272177,24,1,3,0
2748,1272295,6554,13107,1.00006103515625,1.999969482421875,1.00006103515625,1.999969482421875,,,1272302,24,1,3,0
2749,1272421,6554,13107,1.00006103515625,1.999969482421875,1.00006103515625,1.999969482421875,,,1272428,23,1,3,0
2750,1272546,6554,13107,1.00006103515625,1.999969482421875,1.00006103515625,1.999969482421875,,,1272555,24,1,3,0
2751,1272671,6554,13107,1.00006103515625,1.999969482421875,1.00006103515625,1.999969482421875,,,1272678,24,1,3,0
2752,1272796,6554,13107,1.00006103515625,1.999969482421875,1.00006103515625,1.999969482421875,,,1272803,24,1,3,0
2753,1272922,6554,13107,1.00006103515625,1.999969482421875,1.00006103515625,1.999969482421875,,,1272929,23,1,3,0
2754,1273047,6554,13107,1.00006103515625,1.999969482421875,1.00006103515625,1.999969482421875,,,1273054,24,1,3,0
2755,1273172,6554,13107,1.00006103515625,1.999969482421875,1.00006103515625,1.999969482421875,,,1273179,24,1,3,0
2756,1273297,6554,13107,1.00006103515625,1.999969482421875,1.00006103515625,1.999969482421875,,,1273304,24,1,3,0
2757,1273423,6554,13107,1.00006103515625,1.999969482421875,1.00006103515625,1.999969482421875,,,1273430,23,1,3,0
2758,1273548,6554,13107,1.00006103515625,1.999969482421875,1.00006103515625,1.999969482421875,,,1273556,24,1,3,0
2759,1273673,6554,13107,1.00006103515625,1.999969482421875,1.00006103515625,1.999969482421875,,,1273680,24,1,3,0
2760,1273798,6554,13107,1.00006103515625,1.999969482421875,1.00006103515625,1.999969482421875,,,1273805,24,1,3,0
2761,1273924,6554,13107,1.00006103515625,1.999969482421875,1.00006103515625,1.999969482421875,,,1273931,23,1,3,0
2762,1274049,6554,13107,1.00006103515625,1.999969482421875,1.00006103515625,1.999969482421875,,,1274056,24,1,3,0
2763,1274174,6554,13107,1.00006103515625,1.999969482421875,1.00006103515625,1.999969482421875,,,1274181,24,1,3,0
2764,1274299,6554,13107,1.00006103515625,1.999969482421875,1.00006103515625,1.999969482421875,,,1274306,24,1,3,0
2765,1274425,6554,13107,1.00006103515625,1.999969482421875,1.00006103515625,1.999969482421875,,,1274432,23,1,3,0
2766,1274550,6554,13107,1.00006103515625,1.999969482421875,1.00006103515625,1.999969482421875,,,1274557,24,1,3,0
2767,1274675,6554,13107,1.00006103515625,1.999969482421875,1.00006103515625,1.999969482421875,,,1274682,24,1,3,0
2768,1274800,6554,13107,1.00006103515625,1.999969482421875,1.00006103515625,1.999969482421875,,,1274807,24,1,3,0
2769,1274926,6554,13107,1.00006103515625,1.999969482421875,1.00006103515625,1.999969482421875,,,1274933,23,1,3,0
2770,1275051,6554,13107,1.00006103515625,1.999969482421875,1.00006103515625,1.999969482421875,,,1275058,24,1,3,0
2771,1275176,6554,13107,1.00006103515625,1.999969482421875,1.00006103515625,1.999969482421875,,,1275183,24,1,3,0
2772,1275301,6554,13107,1.00006103515625,1.999969482421875,1.00006103515625,1.999969482421875,,,1275308,24,1,3,0
2773,1275427,6554,13107,1.00006103515625,1.999969482421875,1.00006103515625,1.999969482421875,,,1275434,23,1,3,0
2774,1275552,6554,13107,1.00006103515625,1.999969482421875,1.00006103515625,1.999969482421875,,,1275559,24,1,3,0
2775,1275677,6554,13107,1.00006103515625,1.999969482421875,1.00006103515625,1.999969482421875,,,1275686,23,1,3,0
2776,1275802,6554,13107,1.00006103515625,1.999969482421875,1.00006103515625,1.999969482421875,,,1275810,23,1,3,0
2777,1275928,6554,13107,1.00006103515625,1.999969482421875,1.00006103515625,1.999969482421875,,,1275935,23,1,3,0
2778,1276053,6554,13107,1.00006103515625,1.999969482421875,1.00006103515625,1.999969482421875,,,1276060,24,1,3,0
2779,1276178,6554,13107,1.00006103515625,1.999969482421875,1.00006103515625,1.999969482421875,,,1276185,24,1,3,0
2780,1276303,6554,13107,1.00006103515625,1.999969482421875,1.00006103515625,1.999969482421875,,,1276310,24,1,3,0
2781,1276429,6554,13107,1.00006103515625,1.999969482421875,1.00006103515625,1.999969482421875,,,1276436,23,1,3,0
2782,1276554,6554,13107,1.00006103515625,1.999969482421875,1.00006103515625,1.999969482421875,,,1276561,24,1,3,0
2783,1276679,6554,13107,1.00006103515625,1.999969482421875,1.00006103515625,1.999969482421875,,,1276686,24,1,3,0
2784,1276804,6554,13107,1.00006103515625,1.999969482421875,1.00006103515625,1.999969482421875,,,1276811,24,1,3,0
2785,1276930,6554,13107,1.00006103515625,1.999969482421875,1.00006103515625,1.999969482421875,,,1276937,23,1,3,0
2786,1277055,6554,13107,1.00006103515625,1.999969482421875,1.00006103515625,1.999969482421875,,,1277062,24,1,3,0
2787,1277180,6554,13107,1.00006103515625,1.999969482421875,1.00006103515625,1.999969482421875,,,1277187,24,1,3,0
2788,1277305,6554,13107,1.00006103515625,1.999969482421875,1.00006103515625,1.999969482421875,,,1277312,24,1,3,0
2789,1277431,6554,13107,1.00006103515625,1.999969482421875,1.00006103515625,1.999969482421875,,,1277438,23,1,3,0
2790,1277556,6554,13107,1.00006103515625,1.999969482421875,1.00006103515625,1.999969482421875,,,1277563,24,1,3,0
2791,1277681,6554,13107,1.00006103515625,1.999969482421875,1.00006103515625,1.999969482421875,,,1277688,24,1,3,0
2792,1277806,6554,13107,1.00006103515625,1.999969482421875,1.00006103515625,1.999969482421875,,,1277813,24,1,3,0
2793,1277932,6554,13107,1.00006103515625,1.999969482421875,1.00006103515625,1.999969482421875,,,1277939,23,1,3,0
2794,1278057,6554,13107,1.00006103515625,1.999969482421875,1.00006103515625,1.999969482421875,,,1278064,24,1,3,0
2795,1278182,6554,13107,1.00006103515625,1.999969482421875,1.00006103515625,1.999969482421875,,,1278189,24,1,3,0
2796,1278307,6554,13107,1.00006103515625,1.999969482421875,1.00006103515625,1.999969482421875,,,1278314,24,1,3,0
2797,1278433,6554,13107,1.00006103515625,1.999969482421875,1.00006103515625,1.999969482421875,,,1278440,23,1,3,0
2798,1278558,6554,13107,1.00006103515625,1.999969482421875,1.00006103515625,1.999969482421875,,,1278565,24,1,3,0
2799,1278683,6554,13107,1.00006103515625,1.999969482421875,1.00006103515625,1.999969482421875,,,1278690,24,1,3,0
2800,1278808,6554,13107,1.00006103515625,1.999969482421875,1.00006103515625,1.999969482421875,,,1278815,24,1,3,0
2801,1278934,6554,13107,1.00006103515625,1.999969482421875,1.00006103515625,1.999969482421875,,,1278941,23,1,3,0
2802,1279059,6554,13107,1.00006103515625,1.999969482421875,1.00006103515625,1.999969482421875,,,1279066,24,1,3,0
2803,1279184,6554,13107,1.00006103515625,1.999969482421875,1.00006103515625,1.999969482421875,,,1279191,24,1,3,0
2804,1279309,6554,13107,1.00006103515625,1.999969482421875,1.00006103515625,1.999969482421875,,,1279316,24,1,3,0
2805,1279435,6554,13107,1.00006103515625,1.999969482421875,1.00006103515625,1.999969482421875,,,1279442,23,1,3,0
2806,1279560,6554,13107,1.00006103515625,1.999969482421875,1.00006103515625,1.999969482421875,,,1279567,24,1,3,0
2807,1279685,6554,13107,1.00006103515625,1.999969482421875,1.00006103515625,1.999969482421875,,,1279692,24,1,3,0
2808,1279810,6554,13107,1.00006103515625,1.999969482421875,1.00006103515625,1.999969482421875,,,1279817,24,1,3,0
2809,1279936,6554,13107,1.00006103515625,1.999969482421875,1.00006103515625,1.999969482421875,,,1279943,23,1,3,0
2810,1280061,6554,13107,1.00006103515625,1.999969482421875,1.00006103515625,1.999969482421875,,,1280068,24,1,3,0
2811,1280186,6554,13107,1.00006103515625,1.999969482421875,1.00006103515625,1.999969482421875,,,1280193,24,1,3,0
2812,1280311,6554,13107,1.00006103515625,1.999969482421875,1.00006103515625,1.999969482421875,,,1280318,24,1,3,0
2813,1280437,6554,13107,1.00006103515625,1.999969482421875,1.00006103515625,1.999969482421875,,,1280444,23,1,3,0
2814,1280562,6554,13107,1.00006103515625,1.999969482421875,1.00006103515625,1.999969482421875,,,1280569,24,1,3,0
2815,1280687,6554,13107,1.00006103515625,1.999969482421875,1.00006103515625,1.999969482421875,,,1280694,24,1,3,0
2816,1280812,6554,13107,1.00006103515625,1.999969482421875,1.00006103515625,1.999969482421875,,,1280819,24,1,3,0
2817,1280938,6554,13107,1.00006103515625,1.999969482421875,1.00006103515625,1.999969482421875,,,1280945,23,1,3,0
2818,1281063,6554,13107,1.00006103515625,1.999969482421875,1.00006103515625,1.999969482421875,,,1281070,24,1,3,0
2819,1281188,6554,13107,1.00006103515625,1.999969482421875,1.00006103515625,1.999969482421875,,,1281195,24,1,3,0
2820,1281313,6554,13107,1.00006103515625,1.999969482421875,1.00006103515625,1.999969482421875,,,1281320,24,1,3,0
2821,1281439,6554,13107,1.00006103515625,1.999969482421875,1.00006103515625,1.999969482421875,,,1281446,23,1,3,0
2822,1281564,6554,13107,1.00006103515625,1.999969482421875,1.00006103515625,1.999969482421875,,,1281571,24,1,3,0
2823,1281689,6554,13107,1.00006103515625,1.999969482421875,1.00006103515625,1.999969482421875,,,1281696,24,1,3,0
2824,1281814,6554,13107,1.00006103515625,1.999969482421875,1.00006103515625,1.999969482421875,,,1281821,24,1,3,0
2825,1281940,6554,13107,1.00006103515625,1.999969482421875,1.00006103515625,1.999969482421875,,,1281947,23,1,3,0
2826,1282065,6554,13107,1.00006103515625,1.999969482421875,1.00006103515625,1.999969482421875,,,1282072,24,1,3,0
2827,1282190,6554,13107,1.00006103515625,1.999969482421875,1.00006103515625,1.999969482421875,,,1282197,24,1,3,0
2828,1282315,6554,13107,1.00006103515625,1.999969482421875,1.00006103515625,1.999969482421875,,,1282322,24,1,3,0
2829,1282441,6554,13107,1.00006103515625,1.999969482421875,1.00006103515625,1.999969482421875,,,1282448,24,1,3,0
2830,1282566,6554,13107,1.00006103515625,1.999969482421875,1.00006103515625,1.999969482421875,,,1282573,24,1,3,0
2831,1282691,6554,13107,1.00006103515625,1.999969482421875,1.00006103515625,1.999969482421875,,,1282698,24,1,3,0
2832,1282816,6554,13107,1.00006103515625,1.999969482421875,1.00006103515625,1.999969482421875,,,1282823,24,1,3,0
2833,1282942,6554,13107,1.00006103515625,1.999969482421875,1.00006103515625,1.999969482421875,,,1282949,23,1,3,0
2834,1283067,6554,13107,1.00006103515625,1.999969482421875,1.00006103515625,1.999969482421875,,,1283074,24,1,3,0
2835,1283192,6554,13107,1.00006103515625,1.999969482421875,1.00006103515625,1.999969482421875,,,1283199,24,1,3,0
2836,1283317,6554,13107,1.00006103515625,1.999969482421875,1.00006103515625,1.999969482421875,,,1283324,24,1,3,0
2837,1283443,6554,13107,1.00006103515625,1.999969482421875,1.00006103515625,1.999969482421875,,,1283450,24,1,3,0
2838,1283568,6554,13107,1.00006103515625,1.999969482421875,1.00006103515625,1.999969482421875,,,1283575,24,1,3,0
2839,1283693,6554,13107,1.00006103515625,1.999969482421875,1.00006103515625,1.999969482421875,,,1283700,24,1,3,0
2840,1283818,6554,13107,1.00006103515625,1.999969482421875,1.00006103515625,1.999969482421875,,,1283825,24,1,3,0
2841,1283944,6554,13107,1.00006103515625,1.999969482421875,1.00006103515625,1.999969482421875,,,1283951,23,1,3,0
2842,1284069,6554,13107,1.00006103515625,1.999969482421875,1.00006103515625,1.999969482421875,,,1284076,24,1,3,0
2843,1284194,6554,13107,1.00006103515625,1.999969482421875,1.00006103515625,1.999969482421875,,,1284201,24,1,3,0
2844,1284319,6554,13107,1.00006103515625,1.999969482421875,1.00006103515625,1.999969482421875,,,1284326,24,1,3,0
2845,1284445,6554,13107,1.00006103515625,1.999969482421875,1.00006103515625,1.999969482421875,,,1284452,23,1,3,0
2846,1284570,6554,13107,1.00006103515625,1.999969482421875,1.00006103515625,1.999969482421875,,,1284577,24,1,3,0
2847,1284695,6554,13107,1.00006103515625,1.999969482421875,1.00006103515625,1.999969482421875,,,1284702,24,1,3,0
2848,1284820,6554,13107,1.00006103515625,1.999969482421875,1.00006103515625,1.999969482421875,,,1284827,24,1,3,0
2849,1284946,6554,13107,1.00006103515625,1.999969482421875,1.00006103515625,1.999969482421875,,,1284953,23,1,3,0
2850,1285071,6554,13107,1.00006103515625,1.999969482421875,1.00006103515625,1.999969482421875,,,1285078,24,1,3,0
2851,1285196,6554,13107,1.00006103515625,1.999969482421875,1.00006103515625,1.999969482421875,,,1285203,24,1,3,0
2852,1285321,6554,13107,1.00006103515625,1.999969482421875,1.00006103515625,1.999969482421875,,,1285328,24,1,3,0
2853,1285447,6554,13107,1.00006103515625,1.999969482421875,1.00006103515625,1.999969482421875,,,1285454,23,1,3,0
2854,1285572,6554,13107,1.00006103515625,1.999969482421875,1.00006103515625,1.999969482421875,,,1285579,24,1,3,0
2855,1285697,6554,13107,1.00006103515625,1.999969482421875,1.00006103515625,1.999969482421875,,,1285704,24,1,3,0
2856,1285822,6554,13107,1.00006103515625,1.999969482421875,1.00006103515625,1.999969482421875,,,1285829,24,1,3,0
2857,1285948,6554,13107,1.00006103515625,1.999969482421875,1.00006103515625,1.999969482421875,,,1285955,23,1,3,0
2858,1286073,6554,13107,1.00006103515625,1.999969482421875,1.00006103515625,1.999969482421875,,,1286080,24,1,3,0
2859,1286198,6554,13107,1.00006103515625,1.999969482421875,1.00006103515625,1.999969482421875,,,1286205,24,1,3,0
2860,1286323,6554,13107,1.00006103515625,1.999969482421875,1.00006103515625,1.999969482421875,,,1286330,24,1,3,0
2861,1286449,6554,13107,1.00006103515625,1.999969482421875,1.00006103515625,1.999969482421875,,,1286456,24,1,3,0
2862,1286574,6554,13107,1.00006103515625,1.999969482421875,1.00006103515625,1.999969482421875,,,1286581,24,1,3,0
2863,1286699,6554,13107,1.00006103515625,1.999969482421875,1.00006103515625,1.999969482421875,,,1286706,24,1,3,0
2864,1286824,6554,13107,1.00006103515625,1.999969482421875,1.00006103515625,1.999969482421875,,,1286831,24,1,3,0
2865,1286950,6554,13107,1.00006103515625,1.999969482421875,1.00006103515625,1.999969482421875,,,1286957,23,1,3,0
2866,1287075,6554,13107,1.00006103515625,1.999969482421875,1.00006103515625,1.999969482421875,,,1287082,24,1,3,0
2867,1287200,6554,13107,1.00006103515625,1.999969482421875,1.00006103515625,1.999969482421875,,,1287207,24,1,3,0
2868,1287325,6554,13107,1.00006103515625,1.999969482421875,1.00006103515625,1.999969482421875,,,1287332,24,1,3,0
2869,1287451,6554,13107,1.00006103515625,1.999969482421875,1.00006103515625,1.999969482421875,,,1287458,23,1,3,0
2870,1287576,6554,13107,1.00006103515625,1.999969482421875,1.00006103515625,1.999969482421875,,,1287583,24,1,3,0
2871,1287701,6554,13107,1.00006103515625,1.999969482421875,1.00006103515625,1.999969482421875,,,1287708,24,1,3,0
2872,1287826,6554,13107,1.00006103515625,1.999969482421875,1.00006103515625,1.999969482421875,,,1287833,24,1,3,0
2873,1287952,6554,13107,1.00006103515625,1.999969482421875,1.00006103515625,1.999969482421875,,,1287959,23,1,3,0
2874,1288077,6554,13107,1.00006103515625,1.999969482421875,1.00006103515625,1.999969482421875,,,1288084,24,1,3,0
2875,1288202,6554,13107,1.00006103515625,1.999969482421875,1.00006103515625,1.999969482421875,,,1288209,24,1,3,0
2876,1288327,6554,13107,1.00006103515625,1.999969482421875,1.00006103515625,1.999969482421875,,,1288334,24,1,3,0
2877,1288453,6554,13107,1.00006103515625,1.999969482421875,1.00006103515625,1.999969482421875,,,1288460,23,1,3,0
2878,1288578,6554,13107,1.00006103515625,1.999969482421875,1.00006103515625,1.999969482421875,,,1288585,24,1,3,0
2879,1288703,6554,13107,1.00006103515625,1.999969482421875,1.00006103515625,1.999969482421875,,,1288710,24,1,3,0
2880,1288828,6554,13107,1.00006103515625,1.999969482421875,1.00006103515625,1.999969482421875,,,1288835,24,1,3,0
2881,1288954,6554,13107,1.00006103515625,1.999969482421875,1.00006103515625,1.999969482421875,,,1288961,23,1,3,0
2882,1289079,6554,13107,1.00006103515625,1.999969482421875,1.00006103515625,1.999969482421875,,,1289086,24,1,3,0
2883,1289204,6554,13107,1.00006103515625,1.999969482421875,1.00006103515625,1.999969482421875,,,1289211,24,1,3,0
2884,1289329,6554,13107,1.00006103515625,1.999969482421875,1.00006103515625,1.999969482421875,,,1289337,23,1,3,0
2885,1289455,6554,13107,1.00006103515625,1.999969482421875,1.00006103515625,1.999969482421875,,,1289462,23,1,3,0
2886,1289580,6554,13107,1.00006103515625,1.999969482421875,1.00006103515625,1.999969482421875,,,1289587,24,1,3,0
2887,1289705,6554,13107,1.00006103515625,1.999969482421875,1.00006103515625,1.999969482421875,,,1289712,24,1,3,0
2888,1289830,6554,13107,1.00006103515625,1.999969482421875,1.00006103515625,1.999969482421875,,,1289837,24,1,3,0
2889,1289956,6554,13107,1.00006103515625,1.999969482421875,1.00006103515625,1.999969482421875,,,1289963,23,1,3,0
2890,1290081,6554,13107,1.00006103515625,1.999969482421875,1.00006103515625,1.999969482421875,,,1290088,24,1,3,0
2891,1290206,6554,13107,1.00006103515625,1.999969482421875,1.00006103515625,1.999969482421875,,,1290213,24,1,3,0
2892,1290331,6554,13107,1.00006103515625,1.999969482421875,1.00006103515625,1.999969482421875,,,1290338,24,1,3,0
2893,1290457,6554,13107,1.00006103515625,1.999969482421875,1.00006103515625,1.999969482421875,,,1290464,23,1,3,0
2894,1290582,6554,13107,1.00006103515625,1.999969482421875,1.00006103515625,1.999969482421875,,,1290589,24,1,3,0
2895,1290707,6554,13107,1.00006103515625,1.999969482421875,1.00006103515625,1.999969482421875,,,1290714,24,1,3,0
2896,1290832,6554,13107,1.00006103515625,1.999969482421875,1.00006103515625,1.999969482421875,,,1290840,24,1,3,0
2897,1290958,6554,13107,1.00006103515625,1.999969482421875,1.00006103515625,1.999969482421875,,,1290965,23,1,3,0
2898,1291083,6554,13107,1.00006103515625,1.999969482421875,1.00006103515625,1.999969482421875,,,1291090,24,1,3,0
2899,1291208,6554,13107,1.00006103515625,1.999969482421875,1.00006103515625,1.999969482421875,,,1291215,24,1,3,0
2900,1291333,6554,13107,1.00006103515625,1.999969482421875,1.00006103515625,1.999969482421875,,,1291341,23,1,3,0
2901,1291459,6554,13107,1.00006103515625,1.999969482421875,1.00006103515625,1.999969482421875,,,1291466,23,1,3,0
2902,1291584,6554,13107,1.00006103515625,1.999969482421875,1.00006103515625,1.999969482421875,,,1291591,24,1,3,0
2903,1291709,6554,13107,1.00006103515625,1.999969482421875,1.00006103515625,1.999969482421875,,,1291716,24,1,3,0
2904,1291834,6554,13107,1.00006103515625,1.999969482421875,1.00006103515625,1.999969482421875,,,1291841,24,1,3,0
2905,1291960,6554,13107,1.00006103515625,1.999969482421875,1.00006103515625,1.999969482421875,,,1291967,23,1,3,0
2906,1292085,6554,13107,1.00006103515625,1.999969482421875,1.00006103515625,1.999969482421875,,,1292092,24,1,3,0
2907,1292210,6554,13107,1.00006103515625,1.999969482421875,1.00006103515625,1.999969482421875,,,1292217,24,1,3,0
2908,1292335,6554,13107,1.00006103515625,1.999969482421875,1.00006103515625,1.999969482421875,,,1292344,23,1,3,0
2909,1292461,6554,13107,1.00006103515625,1.999969482421875,1.00006103515625,1.999969482421875,,,1292468,23,1,3,0
2910,1292586,6554,13107,1.00006103515625,1.999969482421875,1.00006103515625,1.999969482421875,,,1292593,24,1,3,0
2911,1292711,6554,13107,1.00006103515625,1.999969482421875,1.00006103515625,1.999969482421875,,,1292718,24,1,3,0
2912,1292836,6554,13107,1.00006103515625,1.999969482421875,1.00006103515625,1.999969482421875,,,1292843,24,1,3,0
2913,1292962,6554,13107,1.00006103515625,1.999969482421875,1.00006103515625,1.999969482421875,,,1292969,23,1,3,0
2914,1293087,6554,13107,1.00006103515625,1.999969482421875,1.00006103515625,1.999969482421875,,,1293094,24,1,3,0
2915,1293212,6554,13107,1.00006103515625,1.999969482421875,1.00006103515625,1.999969482421875,,,1293219,24,1,3,0
2916,1293337,6554,13107,1.00006103515625,1.999969482421875,1.00006103515625,1.999969482421875,,,1293345,24,1,3,0
2917,1293463,6554,13107,1.00006103515625,1.999969482421875,1.00006103515625,1.999969482421875,,,1293470,23,1,3,0
2918,1293588,6554,13107,1.00006103515625,1.999969482421875,1.00006103515625,1.999969482421875,,,1293596,24,1,3,0
2919,1293713,6554,13107,1.00006103515625,1.999969482421875,1.00006103515625,1.999969482421875,,,1293720,24,1,3,0
2920,1293838,6554,13107,1.00006103515625,1.999969482421875,1.00006103515625,1.999969482421875,,,1293845,24,1,3,0
2921,1293964,6554,13107,1.00006103515625,1.999969482421875,1.00006103515625,1.999969482421875,,,1293971,23,1,3,0
2922,1294089,6554,13107,1.00006103515625,1.999969482421875,1.00006103515625,1.999969482421875,,,1294096,24,1,3,0
2923,1294214,6554,13107,1.00006103515625,1.999969482421875,1.00006103515625,1.999969482421875,,,1294221,24,1,3,0
2924,1294339,6554,13107,1.00006103515625,1.999969482421875,1.00006103515625,1.999969482421875,,,1294346,24,1,3,0
2925,1294465,6554,13107,1.00006103515625,1.999969482421875,1.00006103515625,1.999969482421875,,,1294472,23,1,3,0
2926,1294590,6554,13107,1.00006103515625,1.999969482421875,1.00006103515625,1.999969482421875,,,1294597,24,1,3,0
2927,1294715,6554,13107,1.00006103515625,1.999969482421875,1.00006103515625,1.999969482421875,,,1294722,24,1,3,0
2928,1294840,6554,13107,1.00006103515625,1.999969482421875,1.00006103515625,1.999969482421875,,,1294847,24,1,3,0
2929,1294966,6554,13107,1.00006103515625,1.999969482421875,1.00006103515625,1.999969482421875,,,1294973,23,1,3,0
2930,1295091,6554,13107,1.00006103515625,1.999969482421875,1.00006103515625,1.999969482421875,,,1295098,24,1,3,0
2931,1295216,6554,13107,1.00006103515625,1.999969482421875,1.00006103515625,1.999969482421875,,,1295223,24,1,3,0
2932,1295341,6554,13107,1.00006103515625,1.999969482421875,1.00006103515625,1.999969482421875,,,1295348,24,1,3,0
2933,1295467,6554,13107,1.00006103515625,1.999969482421875,1.00006103515625,1.999969482421875,,,1295474,23,1,3,0
2934,1295592,6554,13107,1.00006103515625,1.999969482421875,1.00006103515625,1.999969482421875,,,1295599,24,1,3,0
2935,1295717,6554,13107,1.00006103515625,1.999969482421875,1.00006103515625,1.999969482421875,,,1295724,24,1,3,0
2936,1295842,6554,13107,1.00006103515625,1.999969482421875,1.00006103515625,1.999969482421875,,,1295849,24,1,3,0
2937,1295968,6554,13107,1.00006103515625,1.999969482421875,1.00006103515625,1.999969482421875,,,1295975,23,1,3,0
2938,1296093,6554,13107,1.00006103515625,1.999969482421875,1.00006103515625,1.999969482421875,,,1296100,24,1,3,0
2939,1296218,6554,13107,1.00006103515625,1.999969482421875,1.00006103515625,1.999969482421875,,,1296225,24,1,3,0
2940,1296343,6554,13107,1.00006103515625,1.999969482421875,1.00006103515625,1.999969482421875,,,1296351,23,1,3,0
2941,1296469,6554,13107,1.00006103515625,1.999969482421875,1.00006103515625,1.999969482421875,,,1296476,23,1,3,0
2942,1296594,6554,13107,1.00006103515625,1.999969482421875,1.00006103515625,1.999969482421875,,,1296601,24,1,3,0
2943,1296719,6554,13107,1.00006103515625,1.999969482421875,1.00006103515625,1.999969482421875,,,1296726,24,1,3,0
2944,1296844,6554,13107,1.00006103515625,1.999969482421875,1.00006103515625,1.999969482421875,,,1296851,24,1,3,0
2945,1296970,6554,13107,1.00006103515625,1.999969482421875,1.00006103515625,1.999969482421875,,,1296977,23,1,3,0
2946,1297095,6554,13107,1.00006103515625,1.999969482421875,1.00006103515625,1.999969482421875,,,1297102,24,1,3,0
2947,1297220,6554,13107,1.00006103515625,1.999969482421875,1.00006103515625,1.999969482421875,,,1297227,24,1,3,0
2948,1297345,6554,13107,1.00006103515625,1.999969482421875,1.00006103515625,1.999969482421875,,,1297352,24,1,3,0
2949,1297471,6554,13107,1.00006103515625,1.999969482421875,1.00006103515625,1.999969482421875,,,1297478,24,1,3,0
2950,1297596,6554,13107,1.00006103515625,1.999969482421875,1.00006103515625,1.999969482421875,,,1297603,24,1,3,0
2951,1297721,6554,13107,1.00006103515625,1.999969482421875,1.00006103515625,1.999969482421875,,,1297728,24,1,3,0
2952,1297846,6554,13107,1.00006103515625,1.999969482421875,1.00006103515625,1.999969482421875,,,1297853,24,1,3,0
2953,1297972,6554,13107,1.00006103515625,1.999969482421875,1.00006103515625,1.999969482421875,,,1297979,23,1,3,0
2954,1298097,6554,13107,1.00006103515625,1.999969482421875,1.00006103515625,1.999969482421875,,,1298104,24,1,3,0
2955,1298222,6554,13107,1.00006103515625,1.999969482421875,1.00006103515625,1.999969482421875,,,1298229,24,1,3,0
2956,1298347,6554,13107,1.00006103515625,1.999969482421875,1.00006103515625,1.999969482421875,,,1298354,24,1,3,0
2957,1298473,6554,13107,1.00006103515625,1.999969482421875,1.00006103515625,1.999969482421875,,,1298480,23,1,3,0
2958,1298598,6554,13107,1.00006103515625,1.999969482421875,1.00006103515625,1.999969482421875,,,1298605,24,1,3,0
2959,1298723,6554,13107,1.00006103515625,1.999969482421875,1.00006103515625,1.999969482421875,,,1298730,24,1,3,0
2960,1298848,6554,13107,1.00006103515625,1.999969482421875,1.00006103515625,1.999969482421875,,,1298855,24,1,3,0
2961,1298974,6554,13107,1.00006103515625,1.999969482421875,1.00006103515625,1.999969482421875,,,1298981,23,1,3,0
2962,1299099,6554,13107,1.00006103515625,1.999969482421875,1.00006103515625,1.999969482421875,,,1299106,24,1,3,0
2963,1299224,6554,13107,1.00006103515625,1.999969482421875,1.00006103515625,1.999969482421875,,,1299231,24,1,3,0
2964,1299349,6554,13107,1.00006103515625,1.999969482421875,1.00006103515625,1.999969482421875,,,1299356,24,1,3,0
2965,1299475,6554,13107,1.00006103515625,1.999969482421875,1.00006103515625,1.999969482421875,,,1299482,23,1,3,0
2966,1299600,6554,13107,1.00006103515625,1.999969482421875,1.00006103515625,1.999969482421875,,,1299607,24,1,3,0
2967,1299725,6554,13107,1.00006103515625,1.999969482421875,1.00006103515625,1.999969482421875,,,1299732,24,1,3,0
2968,1299850,6554,13107,1.00006103515625,1.999969482421875,1.00006103515625,1.999969482421875,,,1299857,24,1,3,0
2969,1299976,6554,13107,1.00006103515625,1.999969482421875,1.00006103515625,1.999969482421875,,,1299983,23,1,3,0
2970,1300101,6554,13107,1.00006103515625,1.999969482421875,1.00006103515625,1.999969482421875,,,1300108,24,1,3,0
2971,1300226,6554,13107,1.00006103515625,1.999969482421875,1.00006103515625,1.999969482421875,,,1300233,24,1,3,0
2972,1300351,6554,13107,1.00006103515625,1.999969482421875,1.00006103515625,1.999969482421875,,,1300358,24,1,3,0
2973,1300477,6554,13107,1.00006103515625,1.999969482421875,1.00006103515625,1.999969482421875,,,1300484,23,1,3,0
2974,1300602,6554,13107,1.00006103515625,1.999969482421875,1.00006103515625,1.999969482421875,,,1300609,24,1,3,0
2975,1300727,6554,13107,1.00006103515625,1.999969482421875,1.00006103515625,1.999969482421875,,,1300734,24,1,3,0
2976,1300852,6554,13107,1.00006103515625,1.999969482421875,1.00006103515625,1.999969482421875,,,1300859,24,1,3,0
2977,1300978,6554,13107,1.00006103515625,1.999969482421875,1.00006103515625,1.999969482421875,,,1300985,24,1,3,0
2978,1301103,6554,13107,1.00006103515625,1.999969482421875,1.00006103515625,1.999969482421875,,,1301110,24,1,3,0
2979,1301228,6554,13107,1.00006103515625,1.999969482421875,1.00006103515625,1.999969482421875,,,1301235,24,1,3,0
2980,1301353,6554,13107,1.00006103515625,1.999969482421875,1.00006103515625,1.999969482421875,,,1301360,24,1,3,0
2981,1301479,6554,13107,1.00006103515625,1.999969482421875,1.00006103515625,1.999969482421875,,,1301486,23,1,3,0
2982,1301604,6554,13107,1.00006103515625,1.999969482421875,1.00006103515625,1.999969482421875,,,1301611,24,1,3,0
2983,1301729,6554,13107,1.00006103515625,1.999969482421875,1.00006103515625,1.999969482421875,,,1301736,24,1,3,0
2984,1301854,6554,13107,1.00006103515625,1.999969482421875,1.00006103515625,1.999969482421875,,,1301861,24,1,3,0
2985,1301980,6554,13107,1.00006103515625,1.999969482421875,1.00006103515625,1.999969482421875,,,1301987,23,1,3,0
2986,1302105,6554,13107,1.00006103515625,1.999969482421875,1.00006103515625,1.999969482421875,,,1302112,24,1,3,0
2987,1302230,6554,13107,1.00006103515625,1.999969482421875,1.00006103515625,1.999969482421875,,,1302237,24,1,3,0
2988,1302355,6554,13107,1.00006103515625,1.999969482421875,1.00006103515625,1.999969482421875,,,1302363,23,1,3,0
2989,1302481,6554,13107,1.00006103515625,1.999969482421875,1.00006103515625,1.999969482421875,,,1302489,24,1,3,0
2990,1302606,6554,13107,1.00006103515625,1.999969482421875,1.00006103515625,1.999969482421875,,,1302613,24,1,3,0
2991,1302731,6554,13107,1.00006103515625,1.999969482421875,1.00006103515625,1.999969482421875,,,1302738,24,1,3,0
2992,1302856,6554,13107,1.00006103515625,1.999969482421875,1.00006103515625,1.999969482421875,,,1302863,24,1,3,0
2993,1302982,6554,13107,1.00006103515625,1.999969482421875,1.00006103515625,1.999969482421875,,,1302989,23,1,3,0
2994,1303107,6554,13107,1.00006103515625,1.999969482421875,1.00006103515625,1.999969482421875,,,1303114,24,1,3,0
2995,1303232,6554,13107,1.00006103515625,1.999969482421875,1.00006103515625,1.999969482421875,,,1303239,24,1,3,0
2996,1303357,6554,13107,1.00006103515625,1.999969482421875,1.00006103515625,1.999969482421875,,,1303364,24,1,3,0
2997,1303483,6554,13107,1.00006103515625,1.999969482421875,1.00006103515625,1.999969482421875,,,1303490,23,1,3,0
2998,1303608,6554,13107,1.00006103515625,1.999969482421875,1.00006103515625,1.999969482421875,,,1303615,24,1,3,0
2999,1303733,6554,13107,1.00006103515625,1.999969482421875,1.00006103515625,1.999969482421875,,,1303740,24,1,3,0
3000,1303858,6554,13107,1.00006103515625,1.999969482421875,1.00006103515625,1.999969482421875,,,1303865,24,1,3,0
3001,1303984,6554,13107,1.00006103515625,1.999969482421875,1.00006103515625,1.999969482421875,,,1303991,23,1,3,0
3002,1304109,6554,13107,1.00006103515625,1.999969482421875,1.00006103515625,1.999969482421875,,,1304116,24,1,3,0
3003,1304234,6554,13107,1.00006103515625,1.999969482421875,1.00006103515625,1.999969482421875,,,1304241,24,1,3,0
3004,1304359,6554,13107,1.00006103515625,1.999969482421875,1.00006103515625,1.999969482421875,,,1304366,24,1,3,0
3005,1304485,6554,13107,1.00006103515625,1.999969482421875,1.00006103515625,1.999969482421875,,,1304492,23,1,3,0
3006,1304610,6554,13107,1.00006103515625,1.999969482421875,1.00006103515625,1.999969482421875,,,1304617,26,1,3,0
3007,1304735,6554,13107,1.00006103515625,1.999969482421875,1.00006103515625,1.999969482421875,,,1304742,24,1,3,0
3008,1304860,6554,13107,1.00006103515625,1.999969482421875,1.00006103515625,1.999969482421875,,,1304867,24,1,3,0
3009,1304986,6554,13107,1.00006103515625,1.999969482421875,1.00006103515625,1.999969482421875,,,1304993,23,1,3,0
3010,1305111,6554,13107,1.00006103515625,1.999969482421875,1.00006103515625,1.999969482421875,,,1305118,24,1,3,0
3011,1305236,6554,13107,1.00006103515625,1.999969482421875,1.00006103515625,1.999969482421875,,,1305243,24,1,3,0
3012,1305361,6554,13107,1.00006103515625,1.999969482421875,1.00006103515625,1.999969482421875,,,1305368,24,1,3,0
3013,1305487,6554,13107,1.00006103515625,1.999969482421875,1.00006103515625,1.999969482421875,,,1305494,23,1,3,0
3014,1305612,6554,13107,1.00006103515625,1.999969482421875,1.00006103515625,1.999969482421875,,,1305619,25,1,3,0
3015,1305737,6554,13107,1.00006103515625,1.999969482421875,1.00006103515625,1.999969482421875,,,1305744,24,1,3,0
3016,1305862,6554,13107,1.00006103515625,1.999969482421875,1.00006103515625,1.999969482421875,,,1305869,24,1,3,0
3017,1305988,6554,13107,1.00006103515625,1.999969482421875,1.00006103515625,1.999969482421875,,,1305995,23,1,3,0
3018,1306113,6554,13107,1.00006103515625,1.999969482421875,1.00006103515625,1.999969482421875,,,1306120,24,1,3,0
3019,1306238,6554,13107,1.00006103515625,1.999969482421875,1.00006103515625,1.999969482421875,,,1306245,24,1,3,0
3020,1306363,6554,13107,1.00006103515625,1.999969482421875,1.00006103515625,1.999969482421875,,,1306370,24,1,3,0
3021,1306489,6554,13107,1.00006103515625,1.999969482421875,1.00006103515625,1.999969482421875,,,1306496,23,1,3,0
3022,1306614,6554,13107,1.00006103515625,1.999969482421875,1.00006103515625,1.999969482421875,,,1306621,24,1,3,0
3023,1306739,6554,13107,1.00006103515625,1.999969482421875,1.00006103515625,1.999969482421875,,,1306746,24,1,3,0
3024,1306864,6554,13107,1.00006103515625,1.999969482421875,1.00006103515625,1.999969482421875,,,1306871,24,1,3,0
3025,1306990,6554,13107,1.00006103515625,1.999969482421875,1.00006103515625,1.999969482421875,,,1306997,23,1,3,0
3026,1307115,6554,13107,1.00006103515625,1.999969482421875,1.00006103515625,1.999969482421875,,,1307122,24,1,3,0
3027,1307240,6554,13107,1.00006103515625,1.999969482421875,1.00006103515625,1.999969482421875,,,1307247,24,1,3,0
3028,1307365,6554,13107,1.00006103515625,1.999969482421875,1.00006103515625,1.999969482421875,,,1307372,24,1,3,0
3029,1307491,6554,13107,1.00006103515625,1.999969482421875,1.00006103515625,1.999969482421875,,,1307498,23,1,3,0
3030,1307616,6554,13107,1.00006103515625,1.999969482421875,1.00006103515625,1.999969482421875,,,1307623,24,1,3,0
3031,1307741,6554,13107,1.00006103515625,1.999969482421875,1.00006103515625,1.999969482421875,,,1307748,24,1,3,0
3032,1307866,6554,13107,1.00006103515625,1.999969482421875,1.00006103515625,1.999969482421875,,,1307873,24,1,3,0
3033,1307992,6554,13107,1.00006103515625,1.999969482421875,1.00006103515625,1.999969482421875,,,1307999,23,1,3,0
3034,1308117,6554,13107,1.00006103515625,1.999969482421875,1.00006103515625,1.999969482421875,,,1308124,24,1,3,0
3035,1308242,6554,13107,1.00006103515625,1.999969482421875,1.00006103515625,1.999969482421875,,,1308249,24,1,3,0
3036,1308367,6554,13107,1.00006103515625,1.999969482421875,1.00006103515625,1.999969482421875,,,1308374,24,1,3,0
3037,1308493,6554,13107,1.00006103515625,1.999969482421875,1.00006103515625,1.999969482421875,,,1308500,24,1,3,0
3038,1308618,6554,13107,1.00006103515625,1.999969482421875,1.00006103515625,1.999969482421875,,,1308625,24,1,3,0
3039,1308743,6554,13107,1.00006103515625,1.999969482421875,1.00006103515625,1.999969482421875,,,1308750,24,1,3,0
3040,1308868,6554,13107,1.00006103515625,1.999969482421875,1.00006103515625,1.999969482421875,,,1308875,24,1,3,0
3041,1308994,6554,13107,1.00006103515625,1.999969482421875,1.00006103515625,1.999969482421875,,,1309001,23,1,3,0
3042,1309119,6554,13107,1.00006103515625,1.999969482421875,1.00006103515625,1.999969482421875,,,1309126,24,1,3,0
3043,1309244,6554,13107,1.00006103515625,1.999969482421875,1.00006103515625,1.999969482421875,,,1309251,24,1,3,0
3044,1309369,6554,13107,1.00006103515625,1.999969482421875,1.00006103515625,1.999969482421875,,,1309376,24,1,3,0
3045,1309495,6554,13107,1.00006103515625,1.999969482421875,1.00006103515625,1.999969482421875,,,1309502,24,1,3,0
3046,1309620,6554,13107,1.00006103515625,1.999969482421875,1.00006103515625,1.999969482421875,,,1309627,24,1,3,0
3047,1309745,6554,13107,1.00006103515625,1.999969482421875,1.00006103515625,1.999969482421875,,,1309752,24,1,3,0
3048,1309870,6554,13107,1.00006103515625,1.999969482421875,1.00006103515625,1.999969482421875,,,1309877,24,1,3,0
3049,1309996,6554,13107,1.00006103515625,1.999969482421875,1.00006103515625,1.999969482421875,,,1310003,23,1,3,0
3050,1310121,6554,13107,1.00006103515625,1.999969482421875,1.00006103515625,1.999969482421875,,,1310128,24,1,3,0
3051,1310246,6554,13107,1.00006103515625,1.999969482421875,1.00006103515625,1.999969482421875,,,1310253,24,1,3,0
3052,1310371,6554,13107,1.00006103515625,1.999969482421875,1.00006103515625,1.999969482421875,,,1310378,24,1,3,0
3053,1310497,6554,13107,1.00006103515625,1.999969482421875,1.00006103515625,1.999969482421875,,,1310504,23,1,3,0
3054,1310622,6554,13107,1.00006103515625,1.999969482421875,1.00006103515625,1.999969482421875,,,1310629,24,1,3,0
3055,1310747,6554,13107,1.00006103515625,1.999969482421875,1.00006103515625,1.999969482421875,,,1310754,24,1,3,0
3056,1310872,6554,13107,1.00006103515625,1.999969482421875,1.00006103515625,1.999969482421875,,,1310881,23,1,3,0
3057,1310998,6554,13107,1.00006103515625,1.999969482421875,1.00006103515625,1.999969482421875,,,1311005,23,1,3,0
3058,1311123,6554,13107,1.00006103515625,1.999969482421875,1.00006103515625,1.999969482421875,,,1311130,24,1,3,0
3059,1311248,6554,13107,1.00006103515625,1.999969482421875,1.00006103515625,1.999969482421875,,,1311255,24,1,3,0
3060,1311373,6554,13107,1.00006103515625,1.999969482421875,1.00006103515625,1.999969482421875,,,1311380,24,1,3,0
3061,1311499,6554,13107,1.00006103515625,1.999969482421875,1.00006103515625,1.999969482421875,,,1311506,23,1,3,0
3062,1311624,6554,13107,1.00006103515625,1.999969482421875,1.00006103515625,1.999969482421875,,,1311631,24,1,3,0
3063,1311749,6554,13107,1.00006103515625,1.999969482421875,1.00006103515625,1.999969482421875,,,1311756,24,1,3,0
3064,1311874,6554,13107,1.00006103515625,1.999969482421875,1.00006103515625,1.999969482421875,,,1311881,24,1,3,0
3065,1312000,6554,13107,1.00006103515625,1.999969482421875,1.00006103515625,1.999969482421875,,,1312007,23,1,3,0
3066,1312125,6554,13107,1.00006103515625,1.999969482421875,1.00006103515625,1.999969482421875,,,1312132,24,1,3,0
3067,1312250,6554,13107,1.00006103515625,1.999969482421875,1.00006103515625,1.999969482421875,,,1312257,24,1,3,0
3068,1312375,6554,13107,1.00006103515625,1.999969482421875,1.00006103515625,1.999969482421875,,,1312382,24,1,3,0
3069,1312501,6554,13107,1.00006103515625,1.999969482421875,1.00006103515625,1.999969482421875,,,1312509,24,1,3,0
3070,1312626,6554,13107,1.00006103515625,1.999969482421875,1.00006103515625,1.999969482421875,,,1312633,24,1,3,0
3071,1312751,6554,13107,1.00006103515625,1.999969482421875,1.00006103515625,1.999969482421875,,,1312758,24,1,3,0
3072,1312876,6554,13107,1.00006103515625,1.999969482421875,1.00006103515625,1.999969482421875,,,1312883,24,1,3,0
3073,1313002,6554,13107,1.00006103515625,1.999969482421875,1.00006103515625,1.999969482421875,,,1313009,23,1,3,0
3074,1313127,6554,13107,1.00006103515625,1.999969482421875,1.00006103515625,1.999969482421875,,,1313134,24,1,3,0
3075,1313252,6554,13107,1.00006103515625,1.999969482421875,1.00006103515625,1.999969482421875,,,1313259,24,1,3,0
3076,1313377,6554,13107,1.00006103515625,1.999969482421875,1.00006103515625,1.999969482421875,,,1313385,23,1,3,0
3077,1313503,6554,13107,1.00006103515625,1.999969482421875,1.00006103515625,1.999969482421875,,,1313510,23,1,3,0
3078,1313628,6554,13107,1.00006103515625,1.999969482421875,1.00006103515625,1.999969482421875,,,1313635,26,1,3,0
3079,1313753,6554,13107,1.00006103515625,1.999969482421875,1.00006103515625,1.999969482421875,,,1313760,24,1,3,0
3080,1313878,6554,13107,1.00006103515625,1.999969482421875,1.00006103515625,1.999969482421875,,,1313885,24,1,3,0
3081,1314004,6554,13107,1.00006103515625,1.999969482421875,1.00006103515625,1.999969482421875,,,1314011,23,1,3,0
3082,1314129,6554,13107,1.00006103515625,1.999969482421875,1.00006103515625,1.999969482421875,,,1314136,24,1,3,0
3083,1314254,6554,13107,1.00006103515625,1.999969482421875,1.00006103515625,1.999969482421875,,,1314261,24,1,3,0
3084,1314379,6554,13107,1.00006103515625,1.999969482421875,1.00006103515625,1.999969482421875,,,1314386,24,1,3,0
3085,1314505,6554,13107,1.00006103515625,1.999969482421875,1.00006103515625,1.999969482421875,,,1314512,23,1,3,0
3086,1314630,6554,13107,1.00006103515625,1.999969482421875,1.00006103515625,1.999969482421875,,,1314637,26,1,3,0
3087,1314755,6554,13107,1.00006103515625,1.999969482421875,1.00006103515625,1.999969482421875,,,1314762,24,1,3,0
3088,1314880,6554,13107,1.00006103515625,1.999969482421875,1.00006103515625,1.999969482421875,,,1314887,24,1,3,0
3089,1315006,6554,13107,1.00006103515625,1.999969482421875,1.00006103515625,1.999969482421875,,,1315013,23,1,3,0
3090,1315131,6554,13107,1.00006103515625,1.999969482421875,1.00006103515625,1.999969482421875,,,1315138,24,1,3,0
3091,1315256,6554,13107,1.00006103515625,1.999969482421875,1.00006103515625,1.999969482421875,,,1315263,24,1,3,0
3092,1315381,6554,13107,1.00006103515625,1.999969482421875,1.00006103515625,1.999969482421875,,,1315388,24,1,3,0
3093,1315507,6554,13107,1.00006103515625,1.999969482421875,1.00006103515625,1.999969482421875,,,1315514,23,1,3,0
3094,1315632,6554,13107,1.00006103515625,1.999969482421875,1.00006103515625,1.999969482421875,,,1315639,26,1,3,0
3095,1315757,6554,13107,1.00006103515625,1.999969482421875,1.00006103515625,1.999969482421875,,,1315764,24,1,3,0
3096,1315882,6554,13107,1.00006103515625,1.999969482421875,1.00006103515625,1.999969482421875,,,1315889,24,1,3,0
3097,1316008,6554,13107,1.00006103515625,1.999969482421875,1.00006103515625,1.999969482421875,,,1316015,23,1,3,0
3098,1316133,6554,13107,1.00006103515625,1.999969482421875,1.00006103515625,1.999969482421875,,,1316140,24,1,3,0
3099,1316258,6554,13107,1.00006103515625,1.999969482421875,1.00006103515625,1.999969482421875,,,1316265,24,1,3,0
3100,1316383,6554,13107,1.00006103515625,1.999969482421875,1.00006103515625,1.999969482421875,,,1316391,23,1,3,0
3101,1316509,6554,13107,1.00006103515625,1.999969482421875,1.00006103515625,1.999969482421875,,,1316517,24,1,3,0
3102,1316634,6554,13107,1.00006103515625,1.999969482421875,1.00006103515625,1.999969482421875,,,1316643,24,1,3,0
3103,1316759,6554,13107,1.00006103515625,1.999969482421875,1.00006103515625,1.999969482421875,,,1316766,24,1,3,0
3104,1316884,6554,13107,1.00006103515625,1.999969482421875,1.00006103515625,1.999969482421875,,,1316891,24,1,3,0
3105,1317010,6554,13107,1.00006103515625,1.999969482421875,1.00006103515625,1.999969482421875,,,1317017,23,1,3,0
3106,1317135,6554,13107,1.00006103515625,1.999969482421875,1.00006103515625,1.999969482421875,,,1317143,24,1,3,0
3107,1317260,6554,13107,1.00006103515625,1.999969482421875,1.00006103515625,1.999969482421875,,,1317267,24,1,3,0
3108,1317385,6554,13107,1.00006103515625,1.999969482421875,1.00006103515625,1.999969482421875,,,1317393,23,1,3,0
3109,1317511,6554,13107,1.00006103515625,1.999969482421875,1.00006103515625,1.999969482421875,,,1317518,24,1,3,0
3110,1317636,6554,13107,1.00006103515625,1.999969482421875,1.00006103515625,1.999969482421875,,,1317645,23,1,3,0
3111,1317761,6554,13107,1.00006103515625,1.999969482421875,1.00006103515625,1.999969482421875,,,1317768,24,1,3,0
3112,1317886,6554,13107,1.00006103515625,1.999969482421875,1.00006103515625,1.999969482421875,,,1317894,23,1,3,0
3113,1318012,6554,13107,1.00006103515625,1.999969482421875,1.00006103515625,1.999969482421875,,,1318019,24,1,3,0
3114,1318137,6554,13107,1.00006103515625,1.999969482421875,1.00006103515625,1.999969482421875,,,1318145,23,1,3,0
3115,1318262,6554,13107,1.00006103515625,1.999969482421875,1.00006103515625,1.999969482421875,,,1318269,24,1,3,0
3116,1318387,6554,13107,1.00006103515625,1.999969482421875,1.00006103515625,1.999969482421875,,,1318395,23,1,3,0
3117,1318513,6554,13107,1.00006103515625,1.999969482421875,1.00006103515625,1.999969482421875,,,1318520,24,1,3,0
3118,1318638,6554,13107,1.00006103515625,1.999969482421875,1.00006103515625,1.999969482421875,,,1318647,23,1,3,0
3119,1318763,6554,13107,1.00006103515625,1.999969482421875,1.00006103515625,1.999969482421875,,,1318770,24,1,3,0
3120,1318888,6554,13107,1.00006103515625,1.999969482421875,1.00006103515625,1.999969482421875,,,1318896,23,1,3,0
3121,1319014,6554,13107,1.00006103515625,1.999969482421875,1.00006103515625,1.999969482421875,,,1319021,24,1,3,0
3122,1319139,6554,13107,1.00006103515625,1.999969482421875,1.00006103515625,1.999969482421875,,,1319146,24,1,3,0
3123,1319264,6554,13107,1.00006103515625,1.999969482421875,1.00006103515625,1.999969482421875,,,1319271,24,1,3,0
3124,1319389,6554,13107,1.00006103515625,1.999969482421875,1.00006103515625,1.999969482421875,,,1319397,23,1,3,0
3125,1319515,6554,13107,1.00006103515625,1.999969482421875,1.00006103515625,1.999969482421875,,,1319522,24,1,3,0
3126,1319640,6554,13107,1.00006103515625,1.999969482421875,1.00006103515625,1.999969482421875,,,1319649,23,1,3,0
3127,1319765,6554,13107,1.00006103515625,1.999969482421875,1.00006103515625,1.999969482421875,,,1319772,24,1,3,0
3128,1319890,6554,13107,1.00006103515625,1.999969482421875,1.00006103515625,1.999969482421875,,,1319898,23,1,3,0
3129,1320016,6554,13107,1.00006103515625,1.999969482421875,1.00006103515625,1.999969482421875,,,1320023,24,1,3,0
3130,1320141,6554,13107,1.00006103515625,1.999969482421875,1.00006103515625,1.999969482421875,,,1320148,24,1,3,0
3131,1320266,6554,13107,1.00006103515625,1.999969482421875,1.00006103515625,1.999969482421875,,,1320273,24,1,3,0
3132,1320391,6554,13107,1.00006103515625,1.999969482421875,1.00006103515625,1.999969482421875,,,1320399,23,1,3,0
3133,1320517,6554,13107,1.00006103515625,1.999969482421875,1.00006103515625,1.999969482421875,,,1320524,24,1,3,0
3134,1320643,6554,13107,1.00006103515625,1.999969482421875,1.00006103515625,1.999969482421875,,,1320650,23,1,3,0
3135,1320768,6554,13107,1.00006103515625,1.999969482421875,1.00006103515625,1.999969482421875,,,1320775,24,1,3,0
3136,1320893,6554,13107,1.00006103515625,1.999969482421875,1.00006103515625,1.999969482421875,,,1320900,24,1,3,0
3137,1321018,6554,13107,1.00006103515625,1.999969482421875,1.00006103515625,1.999969482421875,,,1321025,24,1,3,0
3138,1321144,6554,13107,1.00006103515625,1.999969482421875,1.00006103515625,1.999969482421875,,,1321151,23,1,3,0
3139,1321269,6554,13107,1.00006103515625,1.999969482421875,1.00006103515625,1.999969482421875,,,1321276,24,1,3,0
3140,1321394,6554,13107,1.00006103515625,1.999969482421875,1.00006103515625,1.999969482421875,,,1321401,24,1,3,0
3141,1321519,6554,13107,1.00006103515625,1.999969482421875,1.00006103515625,1.999969482421875,,,1321526,24,1,3,0
3142,1321647,6554,13107,1.00006103515625,1.999969482421875,1.00006103515625,1.999969482421875,,,1321654,24,1,3,0
3143,1321770,6554,13107,1.00006103515625,1.999969482421875,1.00006103515625,1.999969482421875,,,1321778,23,1,3,0
3144,1321896,6554,13107,1.00006103515625,1.999969482421875,1.00006103515625,1.999969482421875,,,1321903,23,1,3,0
3145,1322021,6554,13107,1.00006103515625,1.999969482421875,1.00006103515625,1.999969482421875,,,1322028,24,1,3,0
3146,1322146,6554,13107,1.00006103515625,1.999969482421875,1.00006103515625,1.999969482421875,,,1322153,24,1,3,0
3147,1322271,6554,13107,1.00006103515625,1.999969482421875,1.00006103515625,1.999969482421875,,,1322279,23,1,3,0
3148,1322397,6554,13107,1.00006103515625,1.999969482421875,1.00006103515625,1.999969482421875,,,1322404,23,1,3,0
3149,1322522,6554,13107,1.00006103515625,1.999969482421875,1.00006103515625,1.999969482421875,,,1322529,24,1,3,0
3150,1322647,6554,13107,1.00006103515625,1.999969482421875,1.00006103515625,1.999969482421875,,,1322654,24,1,3,0
3151,1322772,6554,13107,1.00006103515625,1.999969482421875,1.00006103515625,1.999969482421875,,,1322780,23,1,3,0
3152,1322898,6554,13107,1.00006103515625,1.999969482421875,1.00006103515625,1.999969482421875,,,1322905,23,1,3,0
3153,1323023,6554,13107,1.00006103515625,1.999969482421875,1.00006103515625,1.999969482421875,,,1323030,24,1,3,0
3154,1323148,6554,13107,1.00006103515625,1.999969482421875,1.00006103515625,1.999969482421875,,,1323155,24,1,3,0
3155,1323273,6554,13107,1.00006103515625,1.999969482421875,1.00006103515625,1.999969482421875,,,1323280,24,1,3,0
3156,1323399,6554,13107,1.00006103515625,1.999969482421875,1.00006103515625,1.999969482421875,,,1323406,23,1,3,0
3157,1323524,6554,13107,1.00006103515625,1.999969482421875,1.00006103515625,1.999969482421875,,,1323531,24,1,3,0
3158,1323649,6554,13107,1.00006103515625,1.999969482421875,1.00006103515625,1.999969482421875,,,1323657,23,1,3,0
3159,1323774,6554,13107,1.00006103515625,1.999969482421875,1.00006103515625,1.999969482421875,,,1323781,24,1,3,0
3160,1323900,6554,13107,1.00006103515625,1.999969482421875,1.00006103515625,1.999969482421875,,,1323907,23,1,3,0
3161,1324025,6554,13107,1.00006103515625,1.999969482421875,1.00006103515625,1.999969482421875,,,1324032,24,1,3,0
3162,1324151,6554,13107,1.00006103515625,1.999969482421875,1.00006103515625,1.999969482421875,,,1324159,23,1,3,0
3163,1324275,6554,13107,1.00006103515625,1.999969482421875,1.00006103515625,1.999969482421875,,,1324282,24,1,3,0
3164,1324400,6554,13107,1.00006103515625,1.999969482421875,1.00006103515625,1.999969482421875,,,1324407,24,1,3,0
3165,1324526,6554,13107,1.00006103515625,1.999969482421875,1.00006103515625,1.999969482421875,,,1324533,23,1,3,0
3166,1324651,6554,13107,1.00006103515625,1.999969482421875,1.00006103515625,1.999969482421875,,,1324658,24,1,3,0
3167,1324776,6554,13107,1.00006103515625,1.999969482421875,1.00006103515625,1.999969482421875,,,1324783,24,1,3,0
3168,1324901,6554,13107,1.00006103515625,1.999969482421875,1.00006103515625,1.999969482421875,,,1324908,24,1,3,0
3169,1325027,6554,13107,1.00006103515625,1.999969482421875,1.00006103515625,1.999969482421875,,,1325034,23,1,3,0
3170,1325152,6554,13107,1.00006103515625,1.999969482421875,1.00006103515625,1.999969482421875,,,1325159,24,1,3,0
3171,1325277,6554,13107,1.00006103515625,1.999969482421875,1.00006103515625,1.999969482421875,,,1325284,24,1,3,0
3172,1325402,6554,13107,1.00006103515625,1.999969482421875,1.00006103515625,1.999969482421875,,,1325409,24,1,3,0
3173,1325528,6554,13107,1.00006103515625,1.999969482421875,1.00006103515625,1.999969482421875,,,1325535,23,1,3,0
3174,1325653,6554,13107,1.00006103515625,1.999969482421875,1.00006103515625,1.999969482421875,,,1325660,24,1,3,0
3175,1325778,6554,13107,1.00006103515625,1.999969482421875,1.00006103515625,1.999969482421875,,,1325785,24,1,3,0
3176,1325903,6554,13107,1.00006103515625,1.999969482421875,1.00006103515625,1.999969482421875,,,1325910,24,1,3,0
3177,1326029,6554,13107,1.00006103515625,1.999969482421875,1.00006103515625,1.999969482421875,,,1326036,23,1,3,0
3178,1326154,6554,13107,1.00006103515625,1.999969482421875,1.00006103515625,1.999969482421875,,,1326161,24,1,3,0
3179,1326279,6554,13107,1.00006103515625,1.999969482421875,1.00006103515625,1.999969482421875,,,1326286,24,1,3,0
3180,1326404,6554,13107,1.00006103515625,1.999969482421875,1.00006103515625,1.999969482421875,,,1326411,24,1,3,0
3181,1326530,6554,13107,1.00006103515625,1.999969482421875,1.00006103515625,1.999969482421875,,,1326537,24,1,3,0
3182,1326655,6554,13107,1.00006103515625,1.999969482421875,1.00006103515625,1.999969482421875,,,1326662,24,1,3,0
3183,1326780,6554,13107,1.00006103515625,1.999969482421875,1.00006103515625,1.999969482421875,,,1326787,24,1,3,0
3184,1326905,6554,13107,1.00006103515625,1.999969482421875,1.00006103515625,1.999969482421875,,,1326912,24,1,3,0
3185,1327031,6554,13107,1.00006103515625,1.999969482421875,1.00006103515625,1.999969482421875,,,1327038,23,1,3,0
3186,1327156,6554,13107,1.00006103515625,1.999969482421875,1.00006103515625,1.999969482421875,,,1327163,24,1,3,0
3187,1327281,6554,13107,1.00006103515625,1.999969482421875,1.00006103515625,1.999969482421875,,,1327288,24,1,3,0
3188,1327406,6554,13107,1.00006103515625,1.999969482421875,1.00006103515625,1.999969482421875,,,1327413,24,1,3,0
3189,1327532,6554,13107,1.00006103515625,1.999969482421875,1.00006103515625,1.999969482421875,,,1327539,23,1,3,0
3190,1327657,6554,13107,1.00006103515625,1.999969482421875,1.00006103515625,1.999969482421875,,,1327664,24,1,3,0
3191,1327782,6554,13107,1.00006103515625,1.999969482421875,1.00006103515625,1.999969482421875,,,1327789,24,1,3,0
3192,1327907,6554,13107,1.00006103515625,1.999969482421875,1.00006103515625,1.999969482421875,,,1327914,24,1,3,0
3193,1328033,6554,13107,1.00006103515625,1.999969482421875,1.00006103515625,1.999969482421875,,,1328040,23,1,3,0
3194,1328158,6554,13107,1.00006103515625,1.999969482421875,1.00006103515625,1.999969482421875,,,1328165,24,1,3,0
3195,1328283,6554,13107,1.00006103515625,1.999969482421875,1.00006103515625,1.999969482421875,,,1328290,24,1,3,0
3196,1328408,6554,13107,1.00006103515625,1.999969482421875,1.00006103515625,1.999969482421875,,,1328415,24,1,3,0
3197,1328534,6554,13107,1.00006103515625,1.999969482421875,1.00006103515625,1.999969482421875,,,1328541,23,1,3,0
3198,1328659,6554,13107,1.00006103515625,1.999969482421875,1.00006103515625,1.999969482421875,,,1328666,24,1,3,0
3199,1328784,6554,13107,1.00006103515625,1.999969482421875,1.00006103515625,1.999969482421875,,,1328791,24,1,3,0
3200,1328909,6554,13107,1.00006103515625,1.999969482421875,1.00006103515625,1.999969482421875,,,1328916,24,1,3,0
3201,1329035,6554,13107,1.00006103515625,1.999969482421875,1.00006103515625,1.999969482421875,,,1329042,23,1,3,0
3202,1329160,6554,13107,1.00006103515625,1.999969482421875,1.00006103515625,1.999969482421875,,,1329167,24,1,3,0
3203,1329285,6554,13107,1.00006103515625,1.999969482421875,1.00006103515625,1.999969482421875,,,1329292,24,1,3,0
3204,1329410,6554,13107,1.00006103515625,1.999969482421875,1.00006103515625,1.999969482421875,,,1329417,24,1,3,0
3205,1329536,6554,13107,1.00006103515625,1.999969482421875,1.00006103515625,1.999969482421875,,,1329543,23,1,3,0
3206,1329661,6554,13107,1.00006103515625,1.999969482421875,1.00006103515625,1.999969482421875,,,1329668,24,1,3,0
3207,1329786,6554,13107,1.00006103515625,1.999969482421875,1.00006103515625,1.999969482421875,,,1329793,24,1,3,0
3208,1329911,6554,13107,1.00006103515625,1.999969482421875,1.00006103515625,1.999969482421875,,,1329918,24,1,3,0
3209,1330037,6554,13107,1.00006103515625,1.999969482421875,1.00006103515625,1.999969482421875,,,1330044,23,1,3,0
3210,1330162,6554,13107,1.00006103515625,1.999969482421875,1.00006103515625,1.999969482421875,,,1330169,24,1,3,0
3211,1330287,6554,13107,1.00006103515625,1.999969482421875,1.00006103515625,1.999969482421875,,,1330294,24,1,3,0
3212,1330412,6554,13107,1.00006103515625,1.999969482421875,1.00006103515625,1.999969482421875,,,1330419,24,1,3,0
3213,1330538,6554,13107,1.00006103515625,1.999969482421875,1.00006103515625,1.999969482421875,,,1330545,23,1,3,0
3214,1330663,6554,13107,1.00006103515625,1.999969482421875,1.00006103515625,1.999969482421875,,,1330670,24,1,3,0
3215,1330788,6554,13107,1.00006103515625,1.999969482421875,1.00006103515625,1.999969482421875,,,1330795,24,1,3,0
3216,1330913,6554,13107,1.00006103515625,1.999969482421875,1.00006103515625,1.999969482421875,,,1330922,24,1,3,0
3217,1331039,6554,13107,1.00006103515625,1.999969482421875,1.00006103515625,1.999969482421875,,,1331046,23,1,3,0
3218,1331164,6554,13107,1.00006103515625,1.999969482421875,1.00006103515625,1.999969482421875,,,1331171,24,1,3,0
3219,1331289,6554,13107,1.00006103515625,1.999969482421875,1.00006103515625,1.999969482421875,,,1331296,24,1,3,0
3220,1331414,6554,13107,1.00006103515625,1.999969482421875,1.00006103515625,1.999969482421875,,,1331421,24,1,3,0
3221,1331540,6554,13107,1.00006103515625,1.999969482421875,1.00006103515625,1.999969482421875,,,1331547,23,1,3,0
3222,1331665,6554,13107,1.00006103515625,1.999969482421875,1.00006103515625,1.999969482421875,,,1331672,24,1,3,0
3223,1331790,6554,13107,1.00006103515625,1.999969482421875,1.00006103515625,1.999969482421875,,,1331797,24,1,3,0
3224,1331915,6554,13107,1.00006103515625,1.999969482421875,1.00006103515625,1.999969482421875,,,1331922,24,1,3,0
3225,1332041,6554,13107,1.00006103515625,1.999969482421875,1.00006103515625,1.999969482421875,,,1332048,23,1,3,0
3226,1332166,6554,13107,1.00006103515625,1.999969482421875,1.00006103515625,1.999969482421875,,,1332173,24,1,3,0
3227,1332291,6554,13107,1.00006103515625,1.999969482421875,1.00006103515625,1.999969482421875,,,1332298,24,1,3,0
3228,1332416,6554,13107,1.00006103515625,1.999969482421875,1.00006103515625,1.999969482421875,,,1332423,24,1,3,0
3229,1332542,6554,13107,1.00006103515625,1.999969482421875,1.00006103515625,1.999969482421875,,,1332549,23,1,3,0
3230,1332667,6554,13107,1.00006103515625,1.999969482421875,1.00006103515625,1.999969482421875,,,1332674,24,1,3,0
3231,1332792,6554,13107,1.00006103515625,1.999969482421875,1.00006103515625,1.999969482421875,,,1332799,24,1,3,0
3232,1332917,6554,13107,1.00006103515625,1.999969482421875,1.00006103515625,1.999969482421875,,,1332924,24,1,3,0
3233,1333043,6554,13107,1.00006103515625,1.999969482421875,1.00006103515625,1.999969482421875,,,1333050,23,1,3,0
3234,1333168,6554,13107,1.00006103515625,1.999969482421875,1.00006103515625,1.999969482421875,,,1333175,24,1,3,0
3235,1333293,6554,13107,1.00006103515625,1.999969482421875,1.00006103515625,1.999969482421875,,,1333300,24,1,3,0
3236,1333418,6554,13107,1.00006103515625,1.999969482421875,1.00006103515625,1.999969482421875,,,1333425,24,1,3,0
3237,1333544,6554,13107,1.00006103515625,1.999969482421875,1.00006103515625,1.999969482421875,,,1333553,24,1,3,0
3238,1333669,6554,13107,1.00006103515625,1.999969482421875,1.00006103515625,1.999969482421875,,,1333676,24,1,3,0
3239,1333794,6554,13107,1.00006103515625,1.999969482421875,1.00006103515625,1.999969482421875,,,1333801,24,1,3,0
3240,1333919,6554,13107,1.00006103515625,1.999969482421875,1.00006103515625,1.999969482421875,,,1333926,24,1,3,0
3241,1334045,6554,13107,1.00006103515625,1.999969482421875,1.00006103515625,1.999969482421875,,,1334052,23,1,3,0
3242,1334170,6554,13107,1.00006103515625,1.999969482421875,1.00006103515625,1.999969482421875,,,1334177,24,1,3,0
3243,1334295,6554,13107,1.00006103515625,1.999969482421875,1.00006103515625,1.999969482421875,,,1334302,24,1,3,0
3244,1334420,6554,13107,1.00006103515625,1.999969482421875,1.00006103515625,1.999969482421875,,,1334427,24,1,3,0
3245,1334546,6554,13107,1.00006103515625,1.999969482421875,1.00006103515625,1.999969482421875,,,1334554,24,1,3,0
3246,1334671,6554,13107,1.00006103515625,1.999969482421875,1.00006103515625,1.999969482421875,,,1334678,24,1,3,0
3247,1334796,6554,13107,1.00006103515625,1.999969482421875,1.00006103515625,1.999969482421875,,,1334803,24,1,3,0
3248,1334921,6554,13107,1.00006103515625,1.999969482421875,1.00006103515625,1.999969482421875,,,1334928,24,1,3,0
3249,1335047,6554,13107,1.00006103515625,1.999969482421875,1.00006103515625,1.999969482421875,,,1335054,23,1,3,0
3250,1335172,6554,13107,1.00006103515625,1.999969482421875,1.00006103515625,1.999969482421875,,,1335179,24,1,3,0
3251,1335297,6554,13107,1.00006103515625,1.999969482421875,1.00006103515625,1.999969482421875,,,1335304,24,1,3,0
3252,1335422,6554,13107,1.00006103515625,1.999969482421875,1.00006103515625,1.999969482421875,,,1335429,24,1,3,0
3253,1335548,6554,13107,1.00006103515625,1.999969482421875,1.00006103515625,1.999969482421875,,,1335555,23,1,3,0
3254,1335673,6554,13107,1.00006103515625,1.999969482421875,1.00006103515625,1.999969482421875,,,1335680,24,1,3,0
3255,1335798,6554,13107,1.00006103515625,1.999969482421875,1.00006103515625,1.999969482421875,,,1335805,24,1,3,0
3256,1335923,6554,13107,1.00006103515625,1.999969482421875,1.00006103515625,1.999969482421875,,,1335930,24,1,3,0
3257,1336049,6554,13107,1.00006103515625,1.999969482421875,1.00006103515625,1.999969482421875,,,1336056,23,1,3,0
3258,1336174,6554,13107,1.00006103515625,1.999969482421875,1.00006103515625,1.999969482421875,,,1336181,24,1,3,0
3259,1336299,6554,13107,1.00006103515625,1.999969482421875,1.00006103515625,1.999969482421875,,,1336306,24,1,3,0
3260,1336424,6554,13107,1.00006103515625,1.999969482421875,1.00006103515625,1.999969482421875,,,1336431,24,1,3,0
3261,1336550,6554,13107,1.00006103515625,1.999969482421875,1.00006103515625,1.999969482421875,,,1336557,23,1,3,0
3262,1336675,6554,13107,1.00006103515625,1.999969482421875,1.00006103515625,1.999969482421875,,,1336682,24,1,3,0
3263,1336800,6554,13107,1.00006103515625,1.999969482421875,1.00006103515625,1.999969482421875,,,1336807,24,1,3,0
3264,1336925,6554,13107,1.00006103515625,1.999969482421875,1.00006103515625,1.999969482421875,,,1336932,24,1,3,0
3265,1337051,6554,13107,1.00006103515625,1.999969482421875,1.00006103515625,1.999969482421875,,,1337058,23,1,3,0
3266,1337176,6554,13107,1.00006103515625,1.999969482421875,1.00006103515625,1.999969482421875,,,1337183,24,1,3,0
3267,1337301,6554,13107,1.00006103515625,1.999969482421875,1.00006103515625,1.999969482421875,,,1337308,24,1,3,0
3268,1337426,6554,13107,1.00006103515625,1.999969482421875,1.00006103515625,1.999969482421875,,,1337433,24,1,3,0
3269,1337552,6554,13107,1.00006103515625,1.999969482421875,1.00006103515625,1.999969482421875,,,1337559,23,1,3,0
3270,1337677,6554,13107,1.00006103515625,1.999969482421875,1.00006103515625,1.999969482421875,,,1337684,24,1,3,0
3271,1337802,6554,13107,1.00006103515625,1.999969482421875,1.00006103515625,1.999969482421875,,,1337809,24,1,3,0
3272,1337927,6554,13107,1.00006103515625,1.999969482421875,1.00006103515625,1.999969482421875,,,1337934,24,1,3,0
3273,1338053,6554,13107,1.00006103515625,1.999969482421875,1.00006103515625,1.999969482421875,,,1338060,23,1,3,0
3274,1338178,6554,13107,1.00006103515625,1.999969482421875,1.00006103515625,1.999969482421875,,,1338185,24,1,3,0
3275,1338303,6554,13107,1.00006103515625,1.999969482421875,1.00006103515625,1.999969482421875,,,1338310,24,1,3,0
3276,1338428,6554,13107,1.00006103515625,1.999969482421875,1.00006103515625,1.999969482421875,,,1338435,24,1,3,0
3277,1338554,6554,13107,1.00006103515625,1.999969482421875,1.00006103515625,1.999969482421875,,,1338561,23,1,3,0
3278,1338679,6554,13107,1.00006103515625,1.999969482421875,1.00006103515625,1.999969482421875,,,1338686,24,1,3,0
3279,1338804,6554,13107,1.00006103515625,1.999969482421875,1.00006103515625,1.999969482421875,,,1338811,24,1,3,0
3280,1338929,6554,13107,1.00006103515625,1.999969482421875,1.00006103515625,1.999969482421875,,,1338936,24,1,3,0
3281,1339055,6554,13107,1.00006103515625,1.999969482421875,1.00006103515625,1.999969482421875,,,1339062,23,1,3,0
3282,1339180,6554,13107,1.00006103515625,1.999969482421875,1.00006103515625,1.999969482421875,,,1339187,24,1,3,0
3283,1339305,6554,13107,1.00006103515625,1.999969482421875,1.00006103515625,1.999969482421875,,,1339312,24,1,3,0
3284,1339430,6554,13107,1.00006103515625,1.999969482421875,1.00006103515625,1.999969482421875,,,1339437,24,1,3,0
3285,1339556,6554,13107,1.00006103515625,1.999969482421875,1.00006103515625,1.999969482421875,,,1339563,23,1,3,0
3286,1339681,6554,13107,1.00006103515625,1.999969482421875,1.00006103515625,1.999969482421875,,,1339688,24,1,3,0
3287,1339806,6554,13107,1.00006103515625,1.999969482421875,1.00006103515625,1.999969482421875,,,1339813,24,1,3,0
3288,1339931,6554,13107,1.00006103515625,1.999969482421875,1.00006103515625,1.999969482421875,,,1339938,24,1,3,0
3289,1340057,6554,13107,1.00006103515625,1.999969482421875,1.00006103515625,1.999969482421875,,,1340064,23,1,3,0
3290,1340182,6554,13107,1.00006103515625,1.999969482421875,1.00006103515625,1.999969482421875,,,1340189,24,1,3,0
3291,1340307,6554,13107,1.00006103515625,1.999969482421875,1.00006103515625,1.999969482421875,,,1340314,24,1,3,0
3292,1340432,6554,13107,1.00006103515625,1.999969482421875,1.00006103515625,1.999969482421875,,,1340439,24,1,3,0
3293,1340558,6554,13107,1.00006103515625,1.999969482421875,1.00006103515625,1.999969482421875,,,1340565,23,1,3,0
3294,1340683,6554,13107,1.00006103515625,1.999969482421875,1.00006103515625,1.999969482421875,,,1340690,24,1,3,0
3295,1340808,6554,13107,1.00006103515625,1.999969482421875,1.00006103515625,1.999969482421875,,,1340815,24,1,3,0
3296,1340933,6554,13107,1.00006103515625,1.999969482421875,1.00006103515625,1.999969482421875,,,1340940,24,1,3,0
3297,1341059,6554,13107,1.00006103515625,1.999969482421875,1.00006103515625,1.999969482421875,,,1341066,23,1,3,0
3298,1341184,6554,13107,1.00006103515625,1.999969482421875,1.00006103515625,1.999969482421875,,,1341191,24,1,3,0
3299,1341309,6554,13107,1.00006103515625,1.999969482421875,1.00006103515625,1.999969482421875,,,1341316,24,1,3,0
3300,1341434,6554,13107,1.00006103515625,1.999969482421875,1.00006103515625,1.999969482421875,,,1341441,24,1,3,0
3301,1341560,6554,13107,1.00006103515625,1.999969482421875,1.00006103515625,1.999969482421875,,,1341569,23,1,3,0
3302,1341685,6554,13107,1.00006103515625,1.999969482421875,1.00006103515625,1.999969482421875,,,1341692,24,1,3,0
3303,1341810,6554,13107,1.00006103515625,1.999969482421875,1.00006103515625,1.999969482421875,,,1341817,24,1,3,0
3304,1341935,6554,13107,1.00006103515625,1.999969482421875,1.00006103515625,1.999969482421875,,,1341942,24,1,3,0
3305,1342061,6554,13107,1.00006103515625,1.999969482421875,1.00006103515625,1.999969482421875,,,1342068,23,1,3,0
3306,1342186,6554,13107,1.00006103515625,1.999969482421875,1.00006103515625,1.999969482421875,,,1342193,24,1,3,0
3307,1342311,6554,13107,1.00006103515625,1.999969482421875,1.00006103515625,1.999969482421875,,,1342318,24,1,3,0
3308,1342436,6554,13107,1.00006103515625,1.999969482421875,1.00006103515625,1.999969482421875,,,1342443,24,1,3,0
3309,1342562,6554,13107,1.00006103515625,1.999969482421875,1.00006103515625,1.999969482421875,,,1342569,23,1,3,0
3310,1342687,6554,13107,1.00006103515625,1.999969482421875,1.00006103515625,1.999969482421875,,,1342694,24,1,3,0
3311,1342812,6554,13107,1.00006103515625,1.999969482421875,1.00006103515625,1.999969482421875,,,1342819,24,1,3,0
3312,1342937,6554,13107,1.00006103515625,1.999969482421875,1.00006103515625,1.999969482421875,,,1342944,24,1,3,0
3313,1343063,6554,13107,1.00006103515625,1.999969482421875,1.00006103515625,1.999969482421875,,,1343070,23,1,3,0
3314,1343188,6554,13107,1.00006103515625,1.999969482421875,1.00006103515625,1.999969482421875,,,1343195,24,1,3,0
3315,1343313,6554,13107,1.00006103515625,1.999969482421875,1.00006103515625,1.999969482421875,,,1343320,24,1,3,0
3316,1343438,6554,13107,1.00006103515625,1.999969482421875,1.00006103515625,1.999969482421875,,,1343447,24,1,3,0
3317,1343564,6554,13107,1.00006103515625,1.999969482421875,1.00006103515625,1.999969482421875,,,1343571,23,1,3,0
3318,1343689,6554,13107,1.00006103515625,1.999969482421875,1.00006103515625,1.999969482421875,,,1343696,24,1,3,0
3319,1343814,6554,13107,1.00006103515625,1.999969482421875,1.00006103515625,1.999969482421875,,,1343821,24,1,3,0
3320,1343939,6554,13107,1.00006103515625,1.999969482421875,1.00006103515625,1.999969482421875,,,1343946,24,1,3,0
3321,1344065,6554,13107,1.00006103515625,1.999969482421875,1.00006103515625,1.999969482421875,,,1344072,23,1,3,0
3322,1344190,6554,13107,1.00006103515625,1.999969482421875,1.00006103515625,1.999969482421875,,,1344197,24,1,3,0
3323,1344315,6554,13107,1.00006103515625,1.999969482421875,1.00006103515625,1.999969482421875,,,1344322,24,1,3,0
3324,1344440,6554,13107,1.00006103515625,1.999969482421875,1.00006103515625,1.999969482421875,,,1344448,24,1,3,0
3325,1344566,6554,13107,1.00006103515625,1.999969482421875,1.00006103515625,1.999969482421875,,,1344573,23,1,3,0
3326,1344691,6554,13107,1.00006103515625,1.999969482421875,1.00006103515625,1.999969482421875,,,1344698,24,1,3,0
3327,1344816,6554,13107,1.00006103515625,1.999969482421875,1.00006103515625,1.999969482421875,,,1344823,24,1,3,0
3328,1344941,6554,13107,1.00006103515625,1.999969482421875,1.00006103515625,1.999969482421875,,,1344948,24,1,3,0
3329,1345067,6554,13107,1.00006103515625,1.999969482421875,1.00006103515625,1.999969482421875,,,1345074,23,1,3,0
3330,1345192,6554,13107,1.00006103515625,1.999969482421875,1.00006103515625,1.999969482421875,,,1345199,24,1,3,0
3331,1345317,6554,13107,1.00006103515625,1.999969482421875,1.00006103515625,1.999969482421875,,,1345324,24,1,3,0
3332,1345442,6554,13107,1.00006103515625,1.999969482421875,1.00006103515625,1.999969482421875,,,1345449,24,1,3,0
3333,1345568,6554,13107,1.00006103515625,1.999969482421875,1.00006103515625,1.999969482421875,,,1345575,23,1,3,0
3334,1345693,6554,13107,1.00006103515625,1.999969482421875,1.00006103515625,1.999969482421875,,,1345700,24,1,3,0
3335,1345818,6554,13107,1.00006103515625,1.999969482421875,1.00006103515625,1.999969482421875,,,1345825,24,1,3,0
3336,1345943,6554,13107,1.00006103515625,1.999969482421875,1.00006103515625,1.999969482421875,,,1345950,24,1,3,0
3337,1346069,6554,13107,1.00006103515625,1.999969482421875,1.00006103515625,1.999969482421875,,,1346076,23,1,3,0
3338,1346194,6554,13107,1.00006103515625,1.999969482421875,1.00006103515625,1.999969482421875,,,1346201,24,1,3,0
3339,1346319,6554,13107,1.00006103515625,1.999969482421875,1.00006103515625,1.999969482421875,,,1346326,24,1,3,0
3340,1346444,6554,13107,1.00006103515625,1.999969482421875,1.00006103515625,1.999969482421875,,,1346451,24,1,3,0
3341,1346570,6554,13107,1.00006103515625,1.999969482421875,1.00006103515625,1.999969482421875,,,1346577,23,1,3,0
3342,1346695,6554,13107,1.00006103515625,1.999969482421875,1.00006103515625,1.999969482421875,,,1346702,24,1,3,0
3343,1346820,6554,13107,1.00006103515625,1.999969482421875,1.00006103515625,1.999969482421875,,,1346827,24,1,3,0
3344,1346945,6554,13107,1.00006103515625,1.999969482421875,1.00006103515625,1.999969482421875,,,1346952,24,1,3,0
3345,1347071,6554,13107,1.00006103515625,1.999969482421875,1.00006103515625,1.999969482421875,,,1347078,23,1,3,0
3346,1347196,6554,13107,1.00006103515625,1.999969482421875,1.00006103515625,1.999969482421875,,,1347203,24,1,3,0
3347,1347321,6554,13107,1.00006103515625,1.999969482421875,1.00006103515625,1.999969482421875,,,1347328,24,1,3,0
3348,1347446,6554,13107,1.00006103515625,1.999969482421875,1.00006103515625,1.999969482421875,,,1347453,24,1,3,0
3349,1347572,6554,13107,1.00006103515625,1.999969482421875,1.00006103515625,1.999969482421875,,,1347579,23,1,3,0
3350,1347697,6554,13107,1.00006103515625,1.999969482421875,1.00006103515625,1.999969482421875,,,1347704,24,1,3,0
3351,1347822,6554,13107,1.00006103515625,1.999969482421875,1.00006103515625,1.999969482421875,,,1347829,24,1,3,0
3352,1347947,6554,13107,1.00006103515625,1.999969482421875,1.00006103515625,1.999969482421875,,,1347954,24,1,3,0
3353,1348073,6554,13107,1.00006103515625,1.999969482421875,1.00006103515625,1.999969482421875,,,1348080,23,1,3,0
3354,1348198,6554,13107,1.00006103515625,1.999969482421875,1.00006103515625,1.999969482421875,,,1348205,24,1,3,0
3355,1348323,6554,13107,1.00006103515625,1.999969482421875,1.00006103515625,1.999969482421875,,,1348330,24,1,3,0
3356,1348448,6554,13107,1.00006103515625,1.999969482421875,1.00006103515625,1.999969482421875,,,1348455,24,1,3,0
3357,1348574,6554,13107,1.00006103515625,1.999969482421875,1.00006103515625,1.999969482421875,,,1348581,23,1,3,0
3358,1348699,6554,13107,1.00006103515625,1.999969482421875,1.00006103515625,1.999969482421875,,,1348706,24,1,3,0
3359,1348824,6554,13107,1.00006103515625,1.999969482421875,1.00006103515625,1.999969482421875,,,1348831,24,1,3,0
3360,1348949,6554,13107,1.00006103515625,1.999969482421875,1.00006103515625,1.999969482421875,,,1348956,24,1,3,0
3361,1349075,6554,13107,1.00006103515625,1.999969482421875,1.00006103515625,1.999969482421875,,,1349082,23,1,3,0
3362,1349200,6554,13107,1.00006103515625,1.999969482421875,1.00006103515625,1.999969482421875,,,1349207,24,1,3,0
3363,1349325,6554,13107,1.00006103515625,1.999969482421875,1.00006103515625,1.999969482421875,,,1349332,24,1,3,0
3364,1349451,6554,13107,1.00006103515625,1.999969482421875,1.00006103515625,1.999969482421875,,,1349457,24,1,3,0
3365,1349576,6554,13107,1.00006103515625,1.999969482421875,1.00006103515625,1.999969482421875,,,1349583,23,1,3,0
3366,1349701,6554,13107,1.00006103515625,1.999969482421875,1.00006103515625,1.999969482421875,,,1349708,24,1,3,0
3367,1349826,6554,13107,1.00006103515625,1.999969482421875,1.00006103515625,1.999969482421875,,,1349833,24,1,3,0
3368,1349952,6554,13107,1.00006103515625,1.999969482421875,1.00006103515625,1.999969482421875,,,1349958,24,1,3,0
3369,1350077,6554,13107,1.00006103515625,1.999969482421875,1.00006103515625,1.999969482421875,,,1350084,23,1,3,0
3370,1350202,6554,13107,1.00006103515625,1.999969482421875,1.00006103515625,1.999969482421875,,,1350209,24,1,3,0
3371,1350327,6554,13107,1.00006103515625,1.999969482421875,1.00006103515625,1.999969482421875,,,1350334,24,1,3,0
3372,1350453,6554,13107,1.00006103515625,1.999969482421875,1.00006103515625,1.999969482421875,,,1350460,23,1,3,0
3373,1350578,6554,13107,1.00006103515625,1.999969482421875,1.00006103515625,1.999969482421875,,,1350585,23,1,3,0
3374,1350703,6554,13107,1.00006103515625,1.999969482421875,1.00006103515625,1.999969482421875,,,1350710,24,1,3,0
3375,1350828,6554,13107,1.00006103515625,1.999969482421875,1.00006103515625,1.999969482421875,,,1350835,24,1,3,0
3376,1350954,6554,13107,1.00006103515625,1.999969482421875,1.00006103515625,1.999969482421875,,,1350961,23,1,3,0
3377,1351079,6554,13107,1.00006103515625,1.999969482421875,1.00006103515625,1.999969482421875,,,1351086,23,1,3,0
3378,1351204,6554,13107,1.00006103515625,1.999969482421875,1.00006103515625,1.999969482421875,,,1351211,24,1,3,0
3379,1351329,6554,13107,1.00006103515625,1.999969482421875,1.00006103515625,1.999969482421875,,,1351336,24,1,3,0
3380,1351455,6554,13107,1.00006103515625,1.999969482421875,1.00006103515625,1.999969482421875,,,1351462,23,1,3,0
3381,1351580,6554,13107,1.00006103515625,1.999969482421875,1.00006103515625,1.999969482421875,,,1351587,23,1,3,0
3382,1351705,6554,13107,1.00006103515625,1.999969482421875,1.00006103515625,1.999969482421875,,,1351712,24,1,3,0
3383,1351830,6554,13107,1.00006103515625,1.999969482421875,1.00006103515625,1.999969482421875,,,1351837,24,1,3,0
3384,1351956,6554,13107,1.00006103515625,1.999969482421875,1.00006103515625,1.999969482421875,,,1351963,23,1,3,0
3385,1352081,6554,13107,1.00006103515625,1.999969482421875,1.00006103515625,1.999969482421875,,,1352088,23,1,3,0
3386,1352206,6554,13107,1.00006103515625,1.999969482421875,1.00006103515625,1.999969482421875,,,1352213,24,1,3,0
3387,1352331,6554,13107,1.00006103515625,1.999969482421875,1.00006103515625,1.999969482421875,,,1352338,24,1,3,0
3388,1352457,6554,13107,1.00006103515625,1.999969482421875,1.00006103515625,1.999969482421875,,,1352464,23,1,3,0
3389,1352582,6554,13107,1.00006103515625,1.999969482421875,1.00006103515625,1.999969482421875,,,1352589,23,1,3,0
3390,1352707,6554,13107,1.00006103515625,1.999969482421875,1.00006103515625,1.999969482421875,,,1352714,24,1,3,0
3391,1352832,6554,13107,1.00006103515625,1.999969482421875,1.00006103515625,1.999969482421875,,,1352839,24,1,3,0
3392,1352958,6554,13107,1.00006103515625,1.999969482421875,1.00006103515625,1.999969482421875,,,1352965,23,1,3,0
3393,1353083,6554,13107,1.00006103515625,1.999969482421875,1.00006103515625,1.999969482421875,,,1353090,23,1,3,0
3394,1353208,6554,13107,1.00006103515625,1.999969482421875,1.00006103515625,1.999969482421875,,,1353215,24,1,3,0
3395,1353333,6554,13107,1.00006103515625,1.999969482421875,1.00006103515625,1.999969482421875,,,1353340,24,1,3,0
3396,1353459,6554,13107,1.00006103515625,1.999969482421875,1.00006103515625,1.999969482421875,,,1353466,23,1,3,0
3397,1353584,6554,13107,1.00006103515625,1.999969482421875,1.00006103515625,1.999969482421875,,,1353591,23,1,3,0
3398,1353709,6554,13107,1.00006103515625,1.999969482421875,1.00006103515625,1.999969482421875,,,1353716,24,1,3,0
3399,1353834,6554,13107,1.00006103515625,1.999969482421875,1.00006103515625,1.999969482421875,,,1353841,24,1,3,0
3400,1353960,6554,13107,1.00006103515625,1.999969482421875,1.00006103515625,1.999969482421875,,,1353967,23,1,3,0
3401,1354085,6554,13107,1.00006103515625,1.999969482421875,1.00006103515625,1.999969482421875,,,1354092,23,1,3,0
3402,1354210,6554,13107,1.00006103515625,1.999969482421875,1.00006103515625,1.999969482421875,,,1354217,24,1,3,0
3403,1354335,6554,13107,1.00006103515625,1.999969482421875,1.00006103515625,1.999969482421875,,,1354344,23,1,3,0
3404,1354461,6554,13107,1.00006103515625,1.999969482421875,1.00006103515625,1.999969482421875,,,1354468,23,1,3,0
3405,1354586,6554,13107,1.00006103515625,1.999969482421875,1.00006103515625,1.999969482421875,,,1354593,23,1,3,0
3406,1354711,6554,13107,1.00006103515625,1.999969482421875,1.00006103515625,1.999969482421875,,,1354718,24,1,3,0
3407,1354836,6554,13107,1.00006103515625,1.999969482421875,1.00006103515625,1.999969482421875,,,1354843,24,1,3,0
3408,1354962,6554,13107,1.00006103515625,1.999969482421875,1.00006103515625,1.999969482421875,,,1354969,23,1,3,0
3409,1355087,6554,13107,1.00006103515625,1.999969482421875,1.00006103515625,1.999969482421875,,,1355094,23,1,3,0
3410,1355212,6554,13107,1.00006103515625,1.999969482421875,1.00006103515625,1.999969482421875,,,1355219,24,1,3,0
3411,1355337,6554,13107,1.00006103515625,1.999969482421875,1.00006103515625,1.999969482421875,,,1355344,24,1,3,0
3412,1355463,6554,13107,1.00006103515625,1.999969482421875,1.00006103515625,1.999969482421875,,,1355470,23,1,3,0
3413,1355588,6554,13107,1.00006103515625,1.999969482421875,1.00006103515625,1.999969482421875,,,1355595,23,1,3,0
3414,1355713,6554,13107,1.00006103515625,1.999969482421875,1.00006103515625,1.999969482421875,,,1355720,24,1,3,0
3415,1355838,6554,13107,1.00006103515625,1.999969482421875,1.00006103515625,1.999969482421875,,,1355845,24,1,3,0
3416,1355964,6554,13107,1.00006103515625,1.999969482421875,1.00006103515625,1.999969482421875,,,1355971,23,1,3,0
3417,1356089,6554,13107,1.00006103515625,1.999969482421875,1.00006103515625,1.999969482421875,,,1356096,23,1,3,0
3418,1356214,6554,13107,1.00006103515625,1.999969482421875,1.00006103515625,1.999969482421875,,,1356221,24,1,3,0
3419,1356339,6554,13107,1.00006103515625,1.999969482421875,1.00006103515625,1.999969482421875,,,1356346,24,1,3,0
3420,1356465,6554,13107,1.00006103515625,1.999969482421875,1.00006103515625,1.999969482421875,,,1356472,23,1,3,0
3421,1356590,6554,13107,1.00006103515625,1.999969482421875,1.00006103515625,1.999969482421875,,,1356597,23,1,3,0
3422,1356715,6554,13107,1.00006103515625,1.999969482421875,1.00006103515625,1.999969482421875,,,1356722,24,1,3,0
3423,1356840,6554,13107,1.00006103515625,1.999969482421875,1.00006103515625,1.999969482421875,,,1356847,24,1,3,0
3424,1356966,6554,13107,1.00006103515625,1.999969482421875,1.00006103515625,1.999969482421875,,,1356973,23,1,3,0
3425,1357091,6554,13107,1.00006103515625,1.999969482421875,1.00006103515625,1.999969482421875,,,1357098,23,1,3,0
3426,1357216,6554,13107,1.00006103515625,1.999969482421875,1.00006103515625,1.999969482421875,,,1357223,24,1,3,0
3427,1357341,6554,13107,1.00006103515625,1.999969482421875,1.00006103515625,1.999969482421875,,,1357348,24,1,3,0
3428,1357467,6554,13107,1.00006103515625,1.999969482421875,1.00006103515625,1.999969482421875,,,1357474,23,1,3,0
3429,1357592,6554,13107,1.00006103515625,1.999969482421875,1.00006103515625,1.999969482421875,,,1357599,23,1,3,0
3430,1357717,6554,13107,1.00006103515625,1.999969482421875,1.00006103515625,1.999969482421875,,,1357724,24,1,3,0
3431,1357842,6554,13107,1.00006103515625,1.999969482421875,1.00006103515625,1.999969482421875,,,1357849,24,1,3,0
3432,1357968,6554,13107,1.00006103515625,1.999969482421875,1.00006103515625,1.999969482421875,,,1357975,23,1,3,0
3433,1358093,6554,13107,1.00006103515625,1.999969482421875,1.00006103515625,1.999969482421875,,,1358100,23,1,3,0
3434,1358218,6554,13107,1.00006103515625,1.999969482421875,1.00006103515625,1.999969482421875,,,1358225,24,1,3,0
3435,1358343,6554,13107,1.00006103515625,1.999969482421875,1.00006103515625,1.999969482421875,,,1358350,24,1,3,0
3436,1358469,6554,13107,1.00006103515625,1.999969482421875,1.00006103515625,1.999969482421875,,,1358476,23,1,3,0
3437,1358594,6554,13107,1.00006103515625,1.999969482421875,1.00006103515625,1.999969482421875,,,1358601,23,1,3,0
3438,1358719,6554,13107,1.00006103515625,1.999969482421875,1.00006103515625,1.999969482421875,,,1358726,24,1,3,0
3439,1358844,6554,13107,1.00006103515625,1.999969482421875,1.00006103515625,1.999969482421875,,,1358851,24,1,3,0
3440,1358970,6554,13107,1.00006103515625,1.999969482421875,1.00006103515625,1.999969482421875,,,1358977,23,1,3,0
3441,1359095,6554,13107,1.00006103515625,1.999969482421875,1.00006103515625,1.999969482421875,,,1359102,23,1,3,0
3442,1359220,6554,13107,1.00006103515625,1.999969482421875,1.00006103515625,1.999969482421875,,,1359227,24,1,3,0
3443,1359345,6554,13107,1.00006103515625,1.999969482421875,1.00006103515625,1.999969482421875,,,1359352,24,1,3,0
3444,1359471,6554,13107,1.00006103515625,1.999969482421875,1.00006103515625,1.999969482421875,,,1359478,23,1,3,0
3445,1359596,6554,13107,1.00006103515625,1.999969482421875,1.00006103515625,1.999969482421875,,,1359603,23,1,3,0
3446,1359721,6554,13107,1.00006103515625,1.999969482421875,1.00006103515625,1.999969482421875,,,1359728,24,1,3,0
3447,1359846,6554,13107,1.00006103515625,1.999969482421875,1.00006103515625,1.999969482421875,,,1359853,24,1,3,0
3448,1359971,6554,13107,1.00006103515625,1.999969482421875,1.00006103515625,1.999969482421875,,,1359978,24,1,3,0
3449,1360097,6554,13107,1.00006103515625,1.999969482421875,1.00006103515625,1.999969482421875,,,1360104,23,1,3,0
3450,1360222,6554,13107,1.00006103515625,1.999969482421875,1.00006103515625,1.999969482421875,,,1360229,24,1,3,0
3451,1360347,6554,13107,1.00006103515625,1.999969482421875,1.00006103515625,1.999969482421875,,,1360354,24,1,3,0
3452,1360472,6554,13107,1.00006103515625,1.999969482421875,1.00006103515625,1.999969482421875,,,1360479,24,1,3,0
3453,1360598,6554,13107,1.00006103515625,1.999969482421875,1.00006103515625,1.999969482421875,,,1360605,23,1,3,0
3454,1360723,6554,13107,1.00006103515625,1.999969482421875,1.00006103515625,1.999969482421875,,,1360730,24,1,3,0
3455,1360848,6554,13107,1.00006103515625,1.999969482421875,1.00006103515625,1.999969482421875,,,1360855,24,1,3,0
3456,1360973,6554,13107,1.00006103515625,1.999969482421875,1.00006103515625,1.999969482421875,,,1360980,24,1,3,0
3457,1361099,6554,13107,1.00006103515625,1.999969482421875,1.00006103515625,1.999969482421875,,,1361106,23,1,3,0
3458,1361224,6554,13107,1.00006103515625,1.999969482421875,1.00006103515625,1.999969482421875,,,1361231,24,1,3,0
3459,1361349,6554,13107,1.00006103515625,1.999969482421875,1.00006103515625,1.999969482421875,,,1361356,24,1,3,0
3460,1361474,6554,13107,1.00006103515625,1.999969482421875,1.00006103515625,1.999969482421875,,,1361482,23,1,3,0
3461,1361600,6554,13107,1.00006103515625,1.999969482421875,1.00006103515625,1.999969482421875,,,1361607,23,1,3,0
3462,1361725,6554,13107,1.00006103515625,1.999969482421875,1.00006103515625,1.999969482421875,,,1361732,24,1,3,0
3463,1361850,6554,13107,1.00006103515625,1.999969482421875,1.00006103515625,1.999969482421875,,,1361857,24,1,3,0
3464,1361975,6554,13107,1.00006103515625,1.999969482421875,1.00006103515625,1.999969482421875,,,1361982,24,1,3,0
3465,1362101,6554,13107,1.00006103515625,1.999969482421875,1.00006103515625,1.999969482421875,,,1362108,23,1,3,0
3466,1362226,6554,13107,1.00006103515625,1.999969482421875,1.00006103515625,1.999969482421875,,,1362233,24,1,3,0
3467,1362351,6554,13107,1.00006103515625,1.999969482421875,1.00006103515625,1.999969482421875,,,1362358,24,1,3,0
3468,1362476,6554,13107,1.00006103515625,1.999969482421875,1.00006103515625,1.999969482421875,,,1362483,24,1,3,0
3469,1362602,6554,13107,1.00006103515625,1.999969482421875,1.00006103515625,1.999969482421875,,,1362609,23,1,3,0
3470,1362727,6554,13107,1.00006103515625,1.999969482421875,1.00006103515625,1.999969482421875,,,1362734,24,1,3,0
3471,1362852,6554,13107,1.00006103515625,1.999969482421875,1.00006103515625,1.999969482421875,,,1362859,24,1,3,0
3472,1362977,6554,13107,1.00006103515625,1.999969482421875,1.00006103515625,1.999969482421875,,,1362984,24,1,3,0
3473,1363103,6554,13107,1.00006103515625,1.999969482421875,1.00006103515625,1.999969482421875,,,1363110,23,1,3,0
3474,1363228,6554,13107,1.00006103515625,1.999969482421875,1.00006103515625,1.999969482421875,,,1363235,24,1,3,0
3475,1363353,6554,13107,1.00006103515625,1.999969482421875,1.00006103515625,1.999969482421875,,,1363360,24,1,3,0
3476,1363478,6554,13107,1.00006103515625,1.999969482421875,1.00006103515625,1.999969482421875,,,1363487,24,1,3,0
3477,1363604,6554,13107,1.00006103515625,1.999969482421875,1.00006103515625,1.999969482421875,,,1363611,23,1,3,0
3478,1363729,6554,13107,1.00006103515625,1.999969482421875,1.00006103515625,1.999969482421875,,,1363736,24,1,3,0
3479,1363854,6554,13107,1.00006103515625,1.999969482421875,1.00006103515625,1.999969482421875,,,1363861,24,1,3,0
3480,1363979,6554,13107,1.00006103515625,1.999969482421875,1.00006103515625,1.999969482421875,,,1363986,24,1,3,0
3481,1364105,6554,13107,1.00006103515625,1.999969482421875,1.00006103515625,1.999969482421875,,,1364112,23,1,3,0
3482,1364230,6554,13107,1.00006103515625,1.999969482421875,1.00006103515625,1.999969482421875,,,1364237,24,1,3,0
3483,1364355,6554,13107,1.00006103515625,1.999969482421875,1.00006103515625,1.999969482421875,,,1364362,24,1,3,0
3484,1364480,6554,13107,1.00006103515625,1.999969482421875,1.00006103515625,1.999969482421875,,,1364487,24,1,3,0
3485,1364606,6554,13107,1.00006103515625,1.999969482421875,1.00006103515625,1.999969482421875,,,1364613,23,1,3,0
3486,1364731,6554,13107,1.00006103515625,1.999969482421875,1.00006103515625,1.999969482421875,,,1364738,24,1,3,0
3487,1364856,6554,13107,1.00006103515625,1.999969482421875,1.00006103515625,1.999969482421875,,,1364863,24,1,3,0
3488,1364981,6554,13107,1.00006103515625,1.999969482421875,1.00006103515625,1.999969482421875,,,1364988,24,1,3,0
3489,1365107,6554,13107,1.00006103515625,1.999969482421875,1.00006103515625,1.999969482421875,,,1365114,23,1,3,0
3490,1365232,6554,13107,1.00006103515625,1.999969482421875,1.00006103515625,1.999969482421875,,,1365239,24,1,3,0
3491,1365357,6554,13107,1.00006103515625,1.999969482421875,1.00006103515625,1.999969482421875,,,1365364,24,1,3,0
3492,1365482,6554,13107,1.00006103515625,1.999969482421875,1.00006103515625,1.999969482421875,,,1365489,24,1,3,0
3493,1365608,6554,13107,1.00006103515625,1.999969482421875,1.00006103515625,1.999969482421875,,,1365615,23,1,3,0
3494,1365733,6554,13107,1.00006103515625,1.999969482421875,1.00006103515625,1.999969482421875,,,1365742,23,1,3,0
3495,1365858,6554,13107,1.00006103515625,1.999969482421875,1.00006103515625,1.999969482421875,,,1365865,24,1,3,0
3496,1365983,6554,13107,1.00006103515625,1.999969482421875,1.00006103515625,1.999969482421875,,,1365990,24,1,3,0
3497,1366109,6554,13107,1.00006103515625,1.999969482421875,1.00006103515625,1.999969482421875,,,1366116,23,1,3,0
3498,1366234,6554,13107,1.00006103515625,1.999969482421875,1.00006103515625,1.999969482421875,,,1366241,24,1,3,0
3499,1366359,6554,13107,1.00006103515625,1.999969482421875,1.00006103515625,1.999969482421875,,,1366366,24,1,3,0
3500,1366484,6554,13107,1.00006103515625,1.999969482421875,1.00006103515625,1.999969482421875,,,1366491,24,1,3,0
3501,1366610,6554,13107,1.00006103515625,1.999969482421875,1.00006103515625,1.999969482421875,,,1366617,26,1,3,0
3502,1366735,6554,13107,1.00006103515625,1.999969482421875,1.00006103515625,1.999969482421875,,,1366742,24,1,3,0
3503,1366860,6554,13107,1.00006103515625,1.999969482421875,1.00006103515625,1.999969482421875,,,1366867,24,1,3,0
3504,1366985,6554,13107,1.00006103515625,1.999969482421875,1.00006103515625,1.999969482421875,,,1366992,24,1,3,0
3505,1367111,6554,13107,1.00006103515625,1.999969482421875,1.00006103515625,1.999969482421875,,,1367118,23,1,3,0
3506,1367236,6554,13107,1.00006103515625,1.999969482421875,1.00006103515625,1.999969482421875,,,1367243,24,1,3,0
3507,1367361,6554,13107,1.00006103515625,1.999969482421875,1.00006103515625,1.999969482421875,,,1367368,24,1,3,0
3508,1367486,6554,13107,1.00006103515625,1.999969482421875,1.00006103515625,1.999969482421875,,,1367493,24,1,3,0
3509,1367612,6554,13107,1.00006103515625,1.999969482421875,1.00006103515625,1.999969482421875,,,1367619,25,1,3,0
3510,1367737,6554,13107,1.00006103515625,1.999969482421875,1.00006103515625,1.999969482421875,,,1367744,24,1,3,0
3511,1367862,6554,13107,1.00006103515625,1.999969482421875,1.00006103515625,1.999969482421875,,,1367869,24,1,3,0
3512,1367987,6554,13107,1.00006103515625,1.999969482421875,1.00006103515625,1.999969482421875,,,1367994,24,1,3,0
3513,1368113,6554,13107,1.00006103515625,1.999969482421875,1.00006103515625,1.999969482421875,,,1368120,23,1,3,0
3514,1368238,6554,13107,1.00006103515625,1.999969482421875,1.00006103515625,1.999969482421875,,,1368245,24,1,3,0
3515,1368363,6554,13107,1.00006103515625,1.999969482421875,1.00006103515625,1.999969482421875,,,1368370,24,1,3,0
3516,1368488,6554,13107,1.00006103515625,1.999969482421875,1.00006103515625,1.999969482421875,,,1368496,23,1,3,0
3517,1368614,6554,13107,1.00006103515625,1.999969482421875,1.00006103515625,1.999969482421875,,,1368621,23,1,3,0
3518,1368739,6554,13107,1.00006103515625,1.999969482421875,1.00006103515625,1.999969482421875,,,1368746,24,1,3,0
3519,1368864,6554,13107,1.00006103515625,1.999969482421875,1.00006103515625,1.999969482421875,,,1368871,24,1,3,0
3520,1368989,6554,13107,1.00006103515625,1.999969482421875,1.00006103515625,1.999969482421875,,,1368996,24,1,3,0
3521,1369115,6554,13107,1.00006103515625,1.999969482421875,1.00006103515625,1.999969482421875,,,1369122,23,1,3,0
3522,1369240,6554,13107,1.00006103515625,1.999969482421875,1.00006103515625,1.999969482421875,,,1369247,24,1,3,0
3523,1369365,6554,13107,1.00006103515625,1.999969482421875,1.00006103515625,1.999969482421875,,,1369372,24,1,3,0
3524,1369490,6554,13107,1.00006103515625,1.999969482421875,1.00006103515625,1.999969482421875,,,1369498,23,1,3,0
3525,1369616,6554,13107,1.00006103515625,1.999969482421875,1.00006103515625,1.999969482421875,,,1369623,24,1,3,0
3526,1369741,6554,13107,1.00006103515625,1.999969482421875,1.00006103515625,1.999969482421875,,,1369748,24,1,3,0
3527,1369866,6554,13107,1.00006103515625,1.999969482421875,1.00006103515625,1.999969482421875,,,1369873,24,1,3,0
3528,1369991,6554,13107,1.00006103515625,1.999969482421875,1.00006103515625,1.999969482421875,,,1369998,24,1,3,0
3529,1370117,6554,13107,1.00006103515625,1.999969482421875,1.00006103515625,1.999969482421875,,,1370124,23,1,3,0
3530,1370242,6554,13107,1.00006103515625,1.999969482421875,1.00006103515625,1.999969482421875,,,1370249,24,1,3,0
3531,1370367,6554,13107,1.00006103515625,1.999969482421875,1.00006103515625,1.999969482421875,,,1370374,24,1,3,0
3532,1370492,6554,13107,1.00006103515625,1.999969482421875,1.00006103515625,1.999969482421875,,,1370499,24,1,3,0
3533,1370618,6554,13107,1.00006103515625,1.999969482421875,1.00006103515625,1.999969482421875,,,1370625,23,1,3,0
3534,1370743,6554,13107,1.00006103515625,1.999969482421875,1.00006103515625,1.999969482421875,,,1370750,24,1,3,0
3535,1370868,6554,13107,1.00006103515625,1.999969482421875,1.00006103515625,1.999969482421875,,,1370875,24,1,3,0
3536,1370993,6554,13107,1.00006103515625,1.999969482421875,1.00006103515625,1.999969482421875,,,1371000,24,1,3,0
3537,1371119,6554,13107,1.00006103515625,1.999969482421875,1.00006103515625,1.999969482421875,,,1371126,23,1,3,0
3538,1371244,6554,13107,1.00006103515625,1.999969482421875,1.00006103515625,1.999969482421875,,,1371251,24,1,3,0
3539,1371369,6554,13107,1.00006103515625,1.999969482421875,1.00006103515625,1.999969482421875,,,1371376,24,1,3,0
3540,1371494,6554,13107,1.00006103515625,1.999969482421875,1.00006103515625,1.999969482421875,,,1371501,24,1,3,0
3541,1371620,6554,13107,1.00006103515625,1.999969482421875,1.00006103515625,1.999969482421875,,,1371627,24,1,3,0
3542,1371745,6554,13107,1.00006103515625,1.999969482421875,1.00006103515625,1.999969482421875,,,1371752,24,1,3,0
3543,1371870,6554,13107,1.00006103515625,1.999969482421875,1.00006103515625,1.999969482421875,,,1371877,24,1,3,0
3544,1371995,6554,13107,1.00006103515625,1.999969482421875,1.00006103515625,1.999969482421875,,,1372002,24,1,3,0
3545,1372121,6554,13107,1.00006103515625,1.999969482421875,1.00006103515625,1.999969482421875,,,1372128,23,1,3,0
3546,1372246,6554,13107,1.00006103515625,1.999969482421875,1.00006103515625,1.999969482421875,,,1372253,24,1,3,0
3547,1372371,6554,13107,1.00006103515625,1.999969482421875,1.00006103515625,1.999969482421875,,,1372378,24,1,3,0
3548,1372496,6554,13107,1.00006103515625,1.999969482421875,1.00006103515625,1.999969482421875,,,1372505,24,1,3,0
3549,1372622,6554,13107,1.00006103515625,1.999969482421875,1.00006103515625,1.999969482421875,,,1372629,23,1,3,0
3550,1372747,6554,13107,1.00006103515625,1.999969482421875,1.00006103515625,1.999969482421875,,,1372754,24,1,3,0
3551,1372872,6554,13107,1.00006103515625,1.999969482421875,1.00006103515625,1.999969482421875,,,1372879,24,1,3,0
3552,1372997,6554,13107,1.00006103515625,1.999969482421875,1.00006103515625,1.999969482421875,,,1373004,24,1,3,0
3553,1373123,6554,13107,1.00006103515625,1.999969482421875,1.00006103515625,1.999969482421875,,,1373130,23,1,3,0
3554,1373248,6554,13107,1.00006103515625,1.999969482421875,1.00006103515625,1.999969482421875,,,1373255,24,1,3,0
3555,1373373,6554,13107,1.00006103515625,1.999969482421875,1.00006103515625,1.999969482421875,,,1373380,24,1,3,0
3556,1373498,6554,13107,1.00006103515625,1.999969482421875,1.00006103515625,1.999969482421875,,,1373506,23,1,3,0
3557,1373624,6554,13107,1.00006103515625,1.999969482421875,1.00006103515625,1.999969482421875,,,1373631,24,1,3,0
3558,1373749,6554,13107,1.00006103515625,1.999969482421875,1.00006103515625,1.999969482421875,,,1373756,24,1,3,0
3559,1373874,6554,13107,1.00006103515625,1.999969482421875,1.00006103515625,1.999969482421875,,,1373881,24,1,3,0
3560,1373999,6554,13107,1.00006103515625,1.999969482421875,1.00006103515625,1.999969482421875,,,1374007,23,1,3,0
3561,1374125,6554,13107,1.00006103515625,1.999969482421875,1.00006103515625,1.999969482421875,,,1374132,24,1,3,0
3562,1374250,6554,13107,1.00006103515625,1.999969482421875,1.00006103515625,1.999969482421875,,,1374257,24,1,3,0
3563,1374375,6554,13107,1.00006103515625,1.999969482421875,1.00006103515625,1.999969482421875,,,1374382,24,1,3,0
3564,1374500,6554,13107,1.00006103515625,1.999969482421875,1.00006103515625,1.999969482421875,,,1374508,23,1,3,0
3565,1374626,6554,13107,1.00006103515625,1.999969482421875,1.00006103515625,1.999969482421875,,,1374633,24,1,3,0
3566,1374751,6554,13107,1.00006103515625,1.999969482421875,1.00006103515625,1.999969482421875,,,1374758,24,1,3,0
3567,1374876,6554,13107,1.00006103515625,1.999969482421875,1.00006103515625,1.999969482421875,,,1374883,24,1,3,0
3568,1375001,6554,13107,1.00006103515625,1.999969482421875,1.00006103515625,1.999969482421875,,,1375009,23,1,3,0
3569,1375127,6554,13107,1.00006103515625,1.999969482421875,1.00006103515625,1.999969482421875,,,1375134,24,1,3,0
3570,1375252,6554,13107,1.00006103515625,1.999969482421875,1.00006103515625,1.999969482421875,,,1375259,24,1,3,0
3571,1375377,6554,13107,1.00006103515625,1.999969482421875,1.00006103515625,1.999969482421875,,,1375384,24,1,3,0
3572,1375502,6554,13107,1.00006103515625,1.999969482421875,1.00006103515625,1.999969482421875,,,1375510,23,1,3,0
3573,1375628,6554,13107,1.00006103515625,1.999969482421875,1.00006103515625,1.999969482421875,,,1375635,28,1,3,0
3574,1375753,6554,13107,1.00006103515625,1.999969482421875,1.00006103515625,1.999969482421875,,,1375760,24,1,3,0
3575,1375878,6554,13107,1.00006103515625,1.999969482421875,1.00006103515625,1.999969482421875,,,1375885,24,1,3,0
3576,1376003,6554,13107,1.00006103515625,1.999969482421875,1.00006103515625,1.999969482421875,,,1376011,23,1,3,0
3577,1376129,6554,13107,1.00006103515625,1.999969482421875,1.00006103515625,1.999969482421875,,,1376136,24,1,3,0
3578,1376254,6554,13107,1.00006103515625,1.999969482421875,1.00006103515625,1.999969482421875,,,1376261,24,1,3,0
3579,1376379,6554,13107,1.00006103515625,1.999969482421875,1.00006103515625,1.999969482421875,,,1376386,24,1,3,0
3580,1376504,6554,13107,1.00006103515625,1.999969482421875,1.00006103515625,1.999969482421875,,,1376512,23,1,3,0
3581,1376630,6554,13107,1.00006103515625,1.999969482421875,1.00006103515625,1.999969482421875,,,1376637,28,1,3,0
3582,1376755,6554,13107,1.00006103515625,1.999969482421875,1.00006103515625,1.999969482421875,,,1376762,24,1,3,0
3583,1376880,6554,13107,1.00006103515625,1.999969482421875,1.00006103515625,1.999969482421875,,,1376887,24,1,3,0
3584,1377005,6554,13107,1.00006103515625,1.999969482421875,1.00006103515625,1.999969482421875,,,1377013,23,1,3,0
3585,1377131,6554,13107,1.00006103515625,1.999969482421875,1.00006103515625,1.999969482421875,,,1377138,24,1,3,0
3586,1377256,6554,13107,1.00006103515625,1.999969482421875,1.00006103515625,1.999969482421875,,,1377263,24,1,3,0
3587,1377381,6554,13107,1.00006103515625,1.999969482421875,1.00006103515625,1.999969482421875,,,1377388,24,1,3,0
3588,1377506,6554,13107,1.00006103515625,1.999969482421875,1.00006103515625,1.999969482421875,,,1377514,23,1,3,0
3589,1377632,6554,13107,1.00006103515625,1.999969482421875,1.00006103515625,1.999969482421875,,,1377639,28,1,3,0
3590,1377757,6554,13107,1.00006103515625,1.999969482421875,1.00006103515625,1.999969482421875,,,1377764,24,1,3,0
3591,1377882,6554,13107,1.00006103515625,1.999969482421875,1.00006103515625,1.999969482421875,,,1377889,24,1,3,0
3592,1378007,6554,13107,1.00006103515625,1.999969482421875,1.00006103515625,1.999969482421875,,,1378015,23,1,3,0
3593,1378133,6554,13107,1.00006103515625,1.999969482421875,1.00006103515625,1.999969482421875,,,1378140,24,1,3,0
3594,1378258,6554,13107,1.00006103515625,1.999969482421875,1.00006103515625,1.999969482421875,,,1378265,24,1,3,0
3595,1378383,6554,13107,1.00006103515625,1.999969482421875,1.00006103515625,1.999969482421875,,,1378390,24,1,3,0
3596,1378508,6554,13107,1.00006103515625,1.999969482421875,1.00006103515625,1.999969482421875,,,1378516,23,1,3,0
3597,1378634,6554,13107,1.00006103515625,1.999969482421875,1.00006103515625,1.999969482421875,,,1378645,24,1,3,0
3598,1378759,6554,13107,1.00006103515625,1.999969482421875,1.00006103515625,1.999969482421875,,,1378766,24,1,3,0
3599,1378884,6554,13107,1.00006103515625,1.999969482421875,1.00006103515625,1.999969482421875,,,1378891,24,1,3,0
3600,1379009,6554,13107,1.00006103515625,1.999969482421875,1.00006103515625,1.999969482421875,,,1379017,24,1,3,0
3601,1379135,6554,13107,1.00006103515625,1.999969482421875,1.00006103515625,1.999969482421875,,,1379142,23,1,3,0
3602,1379260,6554,13107,1.00006103515625,1.999969482421875,1.00006103515625,1.999969482421875,,,1379267,24,1,3,0
3603,1379385,6554,13107,1.00006103515625,1.999969482421875,1.00006103515625,1.999969482421875,,,1379392,24,1,3,0
3604,1379510,6554,13107,1.00006103515625,1.999969482421875,1.00006103515625,1.999969482421875,,,1379517,24,1,3,0
3605,1379636,6554,13107,1.00006103515625,1.999969482421875,1.00006103515625,1.999969482421875,,,1379644,24,1,3,0
3606,1379761,6554,13107,1.00006103515625,1.999969482421875,1.00006103515625,1.999969482421875,,,1379768,24,1,3,0
3607,1379886,6554,13107,1.00006103515625,1.999969482421875,1.00006103515625,1.999969482421875,,,1379893,24,1,3,0
3608,1380011,6554,13107,1.00006103515625,1.999969482421875,1.00006103515625,1.999969482421875,,,1380018,24,1,3,0
3609,1380137,6554,13107,1.00006103515625,1.999969482421875,1.00006103515625,1.999969482421875,,,1380145,24,1,3,0
3610,1380262,6554,13107,1.00006103515625,1.999969482421875,1.00006103515625,1.999969482421875,,,1380269,24,1,3,0
3611,1380387,6554,13107,1.00006103515625,1.999969482421875,1.00006103515625,1.999969482421875,,,1380394,24,1,3,0
3612,1380512,6554,13107,1.00006103515625,1.999969482421875,1.00006103515625,1.999969482421875,,,1380519,24,1,3,0
3613,1380638,6554,13107,1.00006103515625,1.999969482421875,1.00006103515625,1.999969482421875,,,1380646,24,1,3,0
3614,1380763,6554,13107,1.00006103515625,1.999969482421875,1.00006103515625,1.999969482421875,,,1380770,24,1,3,0
3615,1380888,6554,13107,1.00006103515625,1.999969482421875,1.00006103515625,1.999969482421875,,,1380895,24,1,3,0
3616,1381013,6554,13107,1.00006103515625,1.999969482421875,1.00006103515625,1.999969482421875,,,1381020,24,1,3,0
3617,1381139,6554,13107,1.00006103515625,1.999969482421875,1.00006103515625,1.999969482421875,,,1381146,24,1,3,0
3618,1381264,6554,13107,1.00006103515625,1.999969482421875,1.00006103515625,1.999969482421875,,,1381271,24,1,3,0
3619,1381389,6554,13107,1.00006103515625,1.999969482421875,1.00006103515625,1.999969482421875,,,1381396,24,1,3,0
3620,1381514,6554,13107,1.00006103515625,1.999969482421875,1.00006103515625,1.999969482421875,,,1381521,24,1,3,0
3621,1381640,6554,13107,1.00006103515625,1.999969482421875,1.00006103515625,1.999969482421875,,,1381648,24,1,3,0
3622,1381765,6554,13107,1.00006103515625,1.999969482421875,1.00006103515625,1.999969482421875,,,1381772,24,1,3,0
3623,1381890,6554,13107,1.00006103515625,1.999969482421875,1.00006103515625,1.999969482421875,,,1381897,24,1,3,0
3624,1382015,6554,13107,1.00006103515625,1.999969482421875,1.00006103515625,1.999969482421875,,,1382022,24,1,3,0
3625,1382141,6554,13107,1.00006103515625,1.999969482421875,1.00006103515625,1.999969482421875,,,1382148,23,1,3,0
3626,1382266,6554,13107,1.00006103515625,1.999969482421875,1.00006103515625,1.999969482421875,,,1382273,24,1,3,0
3627,1382391,6554,13107,1.00006103515625,1.999969482421875,1.00006103515625,1.999969482421875,,,1382398,24,1,3,0
3628,1382516,6554,13107,1.00006103515625,1.999969482421875,1.00006103515625,1.999969482421875,,,1382525,24,1,3,0
3629,1382643,6554,13107,1.00006103515625,1.999969482421875,1.00006103515625,1.999969482421875,,,1382650,23,1,3,0
3630,1382767,6554,13107,1.00006103515625,1.999969482421875,1.00006103515625,1.999969482421875,,,1382774,23,1,3,0
3631,1382892,6554,13107,1.00006103515625,1.999969482421875,1.00006103515625,1.999969482421875,,,1382899,24,1,3,0
3632,1383017,6554,13107,1.00006103515625,1.999969482421875,1.00006103515625,1.999969482421875,,,1383024,24,1,3,0
3633,1383143,6554,13107,1.00006103515625,1.999969482421875,1.00006103515625,1.999969482421875,,,1383150,23,1,3,0
3634,1383268,6554,13107,1.00006103515625,1.999969482421875,1.00006103515625,1.999969482421875,,,1383275,23,1,3,0
3635,1383393,6554,13107,1.00006103515625,1.999969482421875,1.00006103515625,1.999969482421875,,,1383400,24,1,3,0
3636,1383518,6554,13107,1.00006103515625,1.999969482421875,1.00006103515625,1.999969482421875,,,1383526,24,1,3,0
3637,1383645,6554,13107,1.00006103515625,1.999969482421875,1.00006103515625,1.999969482421875,,,1383652,23,1,3,0
3638,1383769,6554,13107,1.00006103515625,1.999969482421875,1.00006103515625,1.999969482421875,,,1383776,24,1,3,0
3639,1383894,6554,13107,1.00006103515625,1.999969482421875,1.00006103515625,1.999969482421875,,,1383901,24,1,3,0
3640,1384020,6554,13107,1.00006103515625,1.999969482421875,1.00006103515625,1.999969482421875,,,1384027,23,1,3,0
3641,1384145,6554,13107,1.00006103515625,1.999969482421875,1.00006103515625,1.999969482421875,,,1384152,24,1,3,0
3642,1384270,6554,13107,1.00006103515625,1.999969482421875,1.00006103515625,1.999969482421875,,,1384277,24,1,3,0
3643,1384395,6554,13107,1.00006103515625,1.999969482421875,1.00006103515625,1.999969482421875,,,1384402,24,1,3,0
3644,1384521,6554,13107,1.00006103515625,1.999969482421875,1.00006103515625,1.999969482421875,,,1384528,23,1,3,0
3645,1384646,6554,13107,1.00006103515625,1.999969482421875,1.00006103515625,1.999969482421875,,,1384653,23,1,3,0
3646,1384771,6554,13107,1.00006103515625,1.999969482421875,1.00006103515625,1.999969482421875,,,1384778,24,1,3,0
3647,1384896,6554,13107,1.00006103515625,1.999969482421875,1.00006103515625,1.999969482421875,,,1384903,24,1,3,0
3648,1385021,6554,13107,1.00006103515625,1.999969482421875,1.00006103515625,1.999969482421875,,,1385028,24,1,3,0
3649,1385147,6554,13107,1.00006103515625,1.999969482421875,1.00006103515625,1.999969482421875,,,1385154,23,1,3,0
3650,1385272,6554,13107,1.00006103515625,1.999969482421875,1.00006103515625,1.999969482421875,,,1385279,24,1,3,0
3651,1385397,6554,13107,1.00006103515625,1.999969482421875,1.00006103515625,1.999969482421875,,,1385404,24,1,3,0
3652,1385523,6554,13107,1.00006103515625,1.999969482421875,1.00006103515625,1.999969482421875,,,1385529,24,1,3,0
3653,1385648,6554,13107,1.00006103515625,1.999969482421875,1.00006103515625,1.999969482421875,,,1385655,23,1,3,0
3654,1385773,6554,13107,1.00006103515625,1.999969482421875,1.00006103515625,1.999969482421875,,,1385780,24,1,3,0
3655,1385898,6554,13107,1.00006103515625,1.999969482421875,1.00006103515625,1.999969482421875,,,1385905,24,1,3,0
3656,1386024,6554,13107,1.00006103515625,1.999969482421875,1.00006103515625,1.999969482421875,,,1386030,24,1,3,0
3657,1386149,6554,13107,1.00006103515625,1.999969482421875,1.00006103515625,1.999969482421875,,,1386156,23,1,3,0
3658,1386274,6554,13107,1.00006103515625,1.999969482421875,1.00006103515625,1.999969482421875,,,1386281,24,1,3,0
3659,1386399,6554,13107,1.00006103515625,1.999969482421875,1.00006103515625,1.999969482421875,,,1386406,24,1,3,0
3660,1386525,6554,13107,1.00006103515625,1.999969482421875,1.00006103515625,1.999969482421875,,,1386533,24,1,3,0
3661,1386650,6554,13107,1.00006103515625,1.999969482421875,1.00006103515625,1.999969482421875,,,1386657,23,1,3,0
3662,1386775,6554,13107,1.00006103515625,1.999969482421875,1.00006103515625,1.999969482421875,,,1386782,24,1,3,0
3663,1386900,6554,13107,1.00006103515625,1.999969482421875,1.00006103515625,1.999969482421875,,,1386907,24,1,3,0
3664,1387026,6554,13107,1.00006103515625,1.999969482421875,1.00006103515625,1.999969482421875,,,1387033,23,1,3,0
3665,1387151,6554,13107,1.00006103515625,1.999969482421875,1.00006103515625,1.999969482421875,,,1387158,23,1,3,0
3666,1387276,6554,13107,1.00006103515625,1.999969482421875,1.00006103515625,1.999969482421875,,,1387283,24,1,3,0
3667,1387401,6554,13107,1.00006103515625,1.999969482421875,1.00006103515625,1.999969482421875,,,1387408,24,1,3,0
3668,1387527,6554,13107,1.00006103515625,1.999969482421875,1.00006103515625,1.999969482421875,,,1387534,24,1,3,0
3669,1387652,6554,13107,1.00006103515625,1.999969482421875,1.00006103515625,1.999969482421875,,,1387659,23,1,3,0
3670,1387777,6554,13107,1.00006103515625,1.999969482421875,1.00006103515625,1.999969482421875,,,1387784,23,1,3,0
3671,1387902,6554,13107,1.00006103515625,1.999969482421875,1.00006103515625,1.999969482421875,,,1387909,24,1,3,0
3672,1388027,6554,13107,1.00006103515625,1.999969482421875,1.00006103515625,1.999969482421875,,,1388034,24,1,3,0
3673,1388153,6554,13107,1.00006103515625,1.999969482421875,1.00006103515625,1.999969482421875,,,1388160,23,1,3,0
3674,1388278,6554,13107,1.00006103515625,1.999969482421875,1.00006103515625,1.999969482421875,,,1388285,23,1,3,0
3675,1388403,6554,13107,1.00006103515625,1.999969482421875,1.00006103515625,1.999969482421875,,,1388410,24,1,3,0
3676,1388528,6554,13107,1.00006103515625,1.999969482421875,1.00006103515625,1.999969482421875,,,1388535,24,1,3,0
3677,1388654,6554,13107,1.00006103515625,1.999969482421875,1.00006103515625,1.999969482421875,,,1388661,23,1,3,0
3678,1388779,6554,13107,1.00006103515625,1.999969482421875,1.00006103515625,1.999969482421875,,,1388786,23,1,3,0
3679,1388904,6554,13107,1.00006103515625,1.999969482421875,1.00006103515625,1.999969482421875,,,1388911,24,1,3,0
3680,1389029,6554,13107,1.00006103515625,1.999969482421875,1.00006103515625,1.999969482421875,,,1389036,24,1,3,0
3681,1389155,6554,13107,1.00006103515625,1.999969482421875,1.00006103515625,1.999969482421875,,,1389162,23,1,3,0
3682,1389280,6554,13107,1.00006103515625,1.999969482421875,1.00006103515625,1.999969482421875,,,1389287,23,1,3,0
3683,1389405,6554,13107,1.00006103515625,1.999969482421875,1.00006103515625,1.999969482421875,,,1389412,24,1,3,0
3684,1389530,6554,13107,1.00006103515625,1.999969482421875,1.00006103515625,1.999969482421875,,,1389537,24,1,3,0
3685,1389656,6554,13107,1.00006103515625,1.999969482421875,1.00006103515625,1.999969482421875,,,1389663,23,1,3,0
3686,1389781,6554,13107,1.00006103515625,1.999969482421875,1.00006103515625,1.999969482421875,,,1389788,23,1,3,0
3687,1389906,6554,13107,1.00006103515625,1.999969482421875,1.00006103515625,1.999969482421875,,,1389913,24,1,3,0
3688,1390031,6554,13107,1.00006103515625,1.999969482421875,1.00006103515625,1.999969482421875,,,1390038,24,1,3,0
3689,1390157,6554,13107,1.00006103515625,1.999969482421875,1.00006103515625,1.999969482421875,,,1390164,23,1,3,0
3690,1390282,6554,13107,1.00006103515625,1.999969482421875,1.00006103515625,1.999969482421875,,,1390289,23,1,3,0
3691,1390407,6554,13107,1.00006103515625,1.999969482421875,1.00006103515625,1.999969482421875,,,1390414,24,1,3,0
3692,1390532,6554,13107,1.00006103515625,1.999969482421875,1.00006103515625,1.999969482421875,,,1390539,24,1,3,0
3693,1390658,6554,13107,1.00006103515625,1.999969482421875,1.00006103515625,1.999969482421875,,,1390665,23,1,3,0
3694,1390783,6554,13107,1.00006103515625,1.999969482421875,1.00006103515625,1.999969482421875,,,1390791,23,1,3,0
3695,1390908,6554,13107,1.00006103515625,1.999969482421875,1.00006103515625,1.999969482421875,,,1390915,24,1,3,0
3696,1391033,6554,13107,1.00006103515625,1.999969482421875,1.00006103515625,1.999969482421875,,,1391040,24,1,3,0
3697,1391159,6554,13107,1.00006103515625,1.999969482421875,1.00006103515625,1.999969482421875,,,1391166,23,1,3,0
3698,1391284,6554,13107,1.00006103515625,1.999969482421875,1.00006103515625,1.999969482421875,,,1391291,23,1,3,0
3699,1391409,6554,13107,1.00006103515625,1.999969482421875,1.00006103515625,1.999969482421875,,,1391416,24,1,3,0
3700,1391534,6554,13107,1.00006103515625,1.999969482421875,1.00006103515625,1.999969482421875,,,1391541,24,1,3,0
3701,1391660,6554,13107,1.00006103515625,1.999969482421875,1.00006103515625,1.999969482421875,,,1391667,23,1,3,0
3702,1391785,6554,13107,1.00006103515625,1.999969482421875,1.00006103515625,1.999969482421875,,,1391792,23,1,3,0
3703,1391910,6554,13107,1.00006103515625,1.999969482421875,1.00006103515625,1.999969482421875,,,1391917,24,1,3,0
3704,1392035,6554,13107,1.00006103515625,1.999969482421875,1.00006103515625,1.999969482421875,,,1392042,24,1,3,0
3705,1392161,6554,13107,1.00006103515625,1.999969482421875,1.00006103515625,1.999969482421875,,,1392168,23,1,3,0
3706,1392286,6554,13107,1.00006103515625,1.999969482421875,1.00006103515625,1.999969482421875,,,1392293,23,1,3,0
3707,1392411,6554,13107,1.00006103515625,1.999969482421875,1.00006103515625,1.999969482421875,,,1392418,24,1,3,0
3708,1392536,6554,13107,1.00006103515625,1.999969482421875,1.00006103515625,1.999969482421875,,,1392543,24,1,3,0
3709,1392662,6554,13107,1.00006103515625,1.999969482421875,1.00006103515625,1.999969482421875,,,1392669,23,1,3,0
3710,1392787,6554,13107,1.00006103515625,1.999969482421875,1.00006103515625,1.999969482421875,,,1392794,23,1,3,0
3711,1392912,6554,13107,1.00006103515625,1.999969482421875,1.00006103515625,1.999969482421875,,,1392919,24,1,3,0
3712,1393037,6554,13107,1.00006103515625,1.999969482421875,1.00006103515625,1.999969482421875,,,1393044,24,1,3,0
3713,1393163,6554,13107,1.00006103515625,1.999969482421875,1.00006103515625,1.999969482421875,,,1393170,23,1,3,0
3714,1393288,6554,13107,1.00006103515625,1.999969482421875,1.00006103515625,1.999969482421875,,,1393295,23,1,3,0
3715,1393413,6554,13107,1.00006103515625,1.999969482421875,1.00006103515625,1.999969482421875,,,1393420,24,1,3,0
3716,1393538,6554,13107,1.00006103515625,1.999969482421875,1.00006103515625,1.999969482421875,,,1393545,24,1,3,0
3717,1393664,6554,13107,1.00006103515625,1.999969482421875,1.00006103515625,1.999969482421875,,,1393671,23,1,3,0
3718,1393789,6554,13107,1.00006103515625,1.999969482421875,1.00006103515625,1.999969482421875,,,1393796,23,1,3,0
3719,1393914,6554,13107,1.00006103515625,1.999969482421875,1.00006103515625,1.999969482421875,,,1393921,24,1,3,0
3720,1394039,6554,13107,1.00006103515625,1.999969482421875,1.00006103515625,1.999969482421875,,,1394046,24,1,3,0
3721,1394165,6554,13107,1.00006103515625,1.999969482421875,1.00006103515625,1.999969482421875,,,1394172,23,1,3,0
3722,1394290,6554,13107,1.00006103515625,1.999969482421875,1.00006103515625,1.999969482421875,,,1394297,23,1,3,0
3723,1394415,6554,13107,1.00006103515625,1.999969482421875,1.00006103515625,1.999969482421875,,,1394422,24,1,3,0
3724,1394540,6554,13107,1.00006103515625,1.999969482421875,1.00006103515625,1.999969482421875,,,1394548,23,1,3,0
3725,1394666,6554,13107,1.00006103515625,1.999969482421875,1.00006103515625,1.999969482421875,,,1394673,23,1,3,0
3726,1394791,6554,13107,1.00006103515625,1.999969482421875,1.00006103515625,1.999969482421875,,,1394798,23,1,3,0
3727,1394916,6554,13107,1.00006103515625,1.999969482421875,1.00006103515625,1.999969482421875,,,1394923,24,1,3,0
3728,1395041,6554,13107,1.00006103515625,1.999969482421875,1.00006103515625,1.999969482421875,,,1395048,24,1,3,0
3729,1395167,6554,13107,1.00006103515625,1.999969482421875,1.00006103515625,1.999969482421875,,,1395174,23,1,3,0
3730,1395292,6554,13107,1.00006103515625,1.999969482421875,1.00006103515625,1.999969482421875,,,1395299,23,1,3,0
3731,1395417,6554,13107,1.00006103515625,1.999969482421875,1.00006103515625,1.999969482421875,,,1395424,24,1,3,0
3732,1395542,6554,13107,1.00006103515625,1.999969482421875,1.00006103515625,1.999969482421875,,,1395549,24,1,3,0
3733,1395668,6554,13107,1.00006103515625,1.999969482421875,1.00006103515625,1.999969482421875,,,1395675,23,1,3,0
3734,1395793,6554,13107,1.00006103515625,1.999969482421875,1.00006103515625,1.999969482421875,,,1395800,23,1,3,0
3735,1395918,6554,13107,1.00006103515625,1.999969482421875,1.00006103515625,1.999969482421875,,,1395925,24,1,3,0
3736,1396043,6554,13107,1.00006103515625,1.999969482421875,1.00006103515625,1.999969482421875,,,1396050,24,1,3,0
3737,1396169,6554,13107,1.00006103515625,1.999969482421875,1.00006103515625,1.999969482421875,,,1396176,23,1,3,0
3738,1396294,6554,13107,1.00006103515625,1.999969482421875,1.00006103515625,1.999969482421875,,,1396301,24,1,3,0
3739,1396419,6554,13107,1.00006103515625,1.999969482421875,1.00006103515625,1.999969482421875,,,1396426,24,1,3,0
3740,1396544,6554,13107,1.00006103515625,1.999969482421875,1.00006103515625,1.999969482421875,,,1396551,24,1,3,0
3741,1396670,6554,13107,1.00006103515625,1.999969482421875,1.00006103515625,1.999969482421875,,,1396677,23,1,3,0
3742,1396795,6554,13107,1.00006103515625,1.999969482421875,1.00006103515625,1.999969482421875,,,1396802,24,1,3,0
3743,1396920,6554,13107,1.00006103515625,1.999969482421875,1.00006103515625,1.999969482421875,,,1396927,24,1,3,0
3744,1397045,6554,13107,1.00006103515625,1.999969482421875,1.00006103515625,1.999969482421875,,,1397052,24,1,3,0
3745,1397171,6554,13107,1.00006103515625,1.999969482421875,1.00006103515625,1.999969482421875,,,1397178,23,1,3,0
3746,1397296,6554,13107,1.00006103515625,1.999969482421875,1.00006103515625,1.999969482421875,,,1397303,24,1,3,0
3747,1397421,6554,13107,1.00006103515625,1.999969482421875,1.00006103515625,1.999969482421875,,,1397428,24,1,3,0
3748,1397546,6554,13107,1.00006103515625,1.999969482421875,1.00006103515625,1.999969482421875,,,1397555,24,1,3,0
3749,1397672,6554,13107,1.00006103515625,1.999969482421875,1.00006103515625,1.999969482421875,,,1397679,23,1,3,0
3750,1397797,6554,13107,1.00006103515625,1.999969482421875,1.00006103515625,1.999969482421875,,,1397804,24,1,3,0
3751,1397922,6554,13107,1.00006103515625,1.999969482421875,1.00006103515625,1.999969482421875,,,1397929,24,1,3,0
3752,1398047,6554,13107,1.00006103515625,1.999969482421875,1.00006103515625,1.999969482421875,,,1398054,24,1,3,0
3753,1398173,6554,13107,1.00006103515625,1.999969482421875,1.00006103515625,1.999969482421875,,,1398180,23,1,3,0
3754,1398298,6554,13107,1.00006103515625,1.999969482421875,1.00006103515625,1.999969482421875,,,1398305,24,1,3,0
3755,1398423,6554,13107,1.00006103515625,1.999969482421875,1.00006103515625,1.999969482421875,,,1398430,24,1,3,0
3756,1398548,6554,13107,1.00006103515625,1.999969482421875,1.00006103515625,1.999969482421875,,,1398555,24,1,3,0
3757,1398674,6554,13107,1.00006103515625,1.999969482421875,1.00006103515625,1.999969482421875,,,1398681,23,1,3,0
3758,1398799,6554,13107,1.00006103515625,1.999969482421875,1.00006103515625,1.999969482421875,,,1398806,24,1,3,0
3759,1398924,6554,13107,1.00006103515625,1.999969482421875,1.00006103515625,1.999969482421875,,,1398931,24,1,3,0
3760,1399049,6554,13107,1.00006103515625,1.999969482421875,1.00006103515625,1.999969482421875,,,1399056,24,1,3,0
3761,1399175,6554,13107,1.00006103515625,1.999969482421875,1.00006103515625,1.999969482421875,,,1399182,23,1,3,0
3762,1399300,6554,13107,1.00006103515625,1.999969482421875,1.00006103515625,1.999969482421875,,,1399307,24,1,3,0
3763,1399425,6554,13107,1.00006103515625,1.999969482421875,1.00006103515625,1.999969482421875,,,1399432,24,1,3,0
3764,1399550,6554,13107,1.00006103515625,1.999969482421875,1.00006103515625,1.999969482421875,,,1399557,24,1,3,0
3765,1399676,6554,13107,1.00006103515625,1.999969482421875,1.00006103515625,1.999969482421875,,,1399683,23,1,3,0
3766,1399801,6554,13107,1.00006103515625,1.999969482421875,1.00006103515625,1.999969482421875,,,1399808,24,1,3,0
3767,1399926,6554,13107,1.00006103515625,1.999969482421875,1.00006103515625,1.999969482421875,,,1399933,24,1,3,0
3768,1400051,6554,13107,1.00006103515625,1.999969482421875,1.00006103515625,1.999969482421875,,,1400058,24,1,3,0
3769,1400177,6554,13107,1.00006103515625,1.999969482421875,1.00006103515625,1.999969482421875,,,1400184,23,1,3,0
3770,1400302,6554,13107,1.00006103515625,1.999969482421875,1.00006103515625,1.999969482421875,,,1400309,24,1,3,0
3771,1400427,6554,13107,1.00006103515625,1.999969482421875,1.00006103515625,1.999969482421875,,,1400434,24,1,3,0
3772,1400552,6554,13107,1.00006103515625,1.999969482421875,1.00006103515625,1.999969482421875,,,1400559,24,1,3,0
3773,1400678,6554,13107,1.00006103515625,1.999969482421875,1.00006103515625,1.999969482421875,,,1400686,24,1,3,0
3774,1400803,6554,13107,1.00006103515625,1.999969482421875,1.00006103515625,1.999969482421875,,,1400810,24,1,3,0
3775,1400928,6554,13107,1.00006103515625,1.999969482421875,1.00006103515625,1.999969482421875,,,1400935,24,1,3,0
3776,1401053,6554,13107,1.00006103515625,1.999969482421875,1.00006103515625,1.999969482421875,,,1401060,24,1,3,0
3777,1401179,6554,13107,1.00006103515625,1.999969482421875,1.00006103515625,1.999969482421875,,,1401186,23,1,3,0
3778,1401304,6554,13107,1.00006103515625,1.999969482421875,1.00006103515625,1.999969482421875,,,1401311,24,1,3,0
3779,1401429,6554,13107,1.00006103515625,1.999969482421875,1.00006103515625,1.999969482421875,,,1401436,24,1,3,0
3780,1401554,6554,13107,1.00006103515625,1.999969482421875,1.00006103515625,1.999969482421875,,,1401562,24,1,3,0
3781,1401680,6554,13107,1.00006103515625,1.999969482421875,1.00006103515625,1.999969482421875,,,1401687,23,1,3,0
3782,1401805,6554,13107,1.00006103515625,1.999969482421875,1.00006103515625,1.999969482421875,,,1401812,24,1,3,0
3783,1401930,6554,13107,1.00006103515625,1.999969482421875,1.00006103515625,1.999969482421875,,,1401937,24,1,3,0
3784,1402055,6554,13107,1.00006103515625,1.999969482421875,1.00006103515625,1.999969482421875,,,1402062,24,1,3,0
3785,1402181,6554,13107,1.00006103515625,1.999969482421875,1.00006103515625,1.999969482421875,,,1402188,23,1,3,0
3786,1402306,6554,13107,1.00006103515625,1.999969482421875,1.00006103515625,1.999969482421875,,,1402313,24,1,3,0
3787,1402431,6554,13107,1.00006103515625,1.999969482421875,1.00006103515625,1.999969482421875,,,1402438,24,1,3,0
3788,1402556,6554,13107,1.00006103515625,1.999969482421875,1.00006103515625,1.999969482421875,,,1402563,24,1,3,0
3789,1402682,6554,13107,1.00006103515625,1.999969482421875,1.00006103515625,1.999969482421875,,,1402689,23,1,3,0
3790,1402807,6554,13107,1.00006103515625,1.999969482421875,1.00006103515625,1.999969482421875,,,1402814,24,1,3,0
3791,1402932,6554,13107,1.00006103515625,1.999969482421875,1.00006103515625,1.999969482421875,,,1402939,24,1,3,0
3792,1403057,6554,13107,1.00006103515625,1.999969482421875,1.00006103515625,1.999969482421875,,,1403064,24,1,3,0
3793,1403183,6554,13107,1.00006103515625,1.999969482421875,1.00006103515625,1.999969482421875,,,1403190,23,1,3,0
3794,1403308,6554,13107,1.00006103515625,1.999969482421875,1.00006103515625,1.999969482421875,,,1403315,24,1,3,0
3795,1403433,6554,13107,1.00006103515625,1.999969482421875,1.00006103515625,1.999969482421875,,,1403440,24,1,3,0
3796,1403558,6554,13107,1.00006103515625,1.999969482421875,1.00006103515625,1.999969482421875,,,1403565,24,1,3,0
3797,1403684,6554,13107,1.00006103515625,1.999969482421875,1.00006103515625,1.999969482421875,,,1403691,23,1,3,0
3798,1403809,6554,13107,1.00006103515625,1.999969482421875,1.00006103515625,1.999969482421875,,,1403816,24,1,3,0
3799,1403934,6554,13107,1.00006103515625,1.999969482421875,1.00006103515625,1.999969482421875,,,1403941,24,1,3,0
3800,1404059,6554,13107,1.00006103515625,1.999969482421875,1.00006103515625,1.999969482421875,,,1404066,24,1,3,0
3801,1404185,6554,13107,1.00006103515625,1.999969482421875,1.00006103515625,1.999969482421875,,,1404192,23,1,3,0
3802,1404310,6554,13107,1.00006103515625,1.999969482421875,1.00006103515625,1.999969482421875,,,1404317,24,1,3,0
3803,1404435,6554,13107,1.00006103515625,1.999969482421875,1.00006103515625,1.999969482421875,,,1404442,24,1,3,0
3804,1404560,6554,13107,1.00006103515625,1.999969482421875,1.00006103515625,1.999969482421875,,,1404567,24,1,3,0
3805,1404686,6554,13107,1.00006103515625,1.999969482421875,1.00006103515625,1.999969482421875,,,1404693,23,1,3,0
3806,1404811,6554,13107,1.00006103515625,1.999969482421875,1.00006103515625,1.999969482421875,,,1404818,24,1,3,0
3807,1404936,6554,13107,1.00006103515625,1.999969482421875,1.00006103515625,1.999969482421875,,,1404943,24,1,3,0
3808,1405061,6554,13107,1.00006103515625,1.999969482421875,1.00006103515625,1.999969482421875,,,1405068,24,1,3,0
3809,1405187,6554,13107,1.00006103515625,1.999969482421875,1.00006103515625,1.999969482421875,,,1405194,23,1,3,0
3810,1405312,6554,13107,1.00006103515625,1.999969482421875,1.00006103515625,1.999969482421875,,,1405319,24,1,3,0
3811,1405437,6554,13107,1.00006103515625,1.999969482421875,1.00006103515625,1.999969482421875,,,1405444,24,1,3,0
3812,1405562,6554,13107,1.00006103515625,1.999969482421875,1.00006103515625,1.999969482421875,,,1405569,24,1,3,0
3813,1405688,6554,13107,1.00006103515625,1.999969482421875,1.00006103515625,1.999969482421875,,,1405695,23,1,3,0
3814,1405813,6554,13107,1.00006103515625,1.999969482421875,1.00006103515625,1.999969482421875,,,1405820,24,1,3,0
3815,1405938,6554,13107,1.00006103515625,1.999969482421875,1.00006103515625,1.999969482421875,,,1405945,24,1,3,0
3816,1406063,6554,13107,1.00006103515625,1.999969482421875,1.00006103515625,1.999969482421875,,,1406070,24,1,3,0
3817,1406189,6554,13107,1.00006103515625,1.999969482421875,1.00006103515625,1.999969482421875,,,1406196,23,1,3,0
3818,1406314,6554,13107,1.00006103515625,1.999969482421875,1.00006103515625,1.999969482421875,,,1406321,24,1,3,0
3819,1406439,6554,13107,1.00006103515625,1.999969482421875,1.00006103515625,1.999969482421875,,,1406446,24,1,3,0
3820,1406564,6554,13107,1.00006103515625,1.999969482421875,1.00006103515625,1.999969482421875,,,1406571,24,1,3,0
3821,1406690,6554,13107,1.00006103515625,1.999969482421875,1.00006103515625,1.999969482421875,,,1406697,23,1,3,0
3822,1406815,6554,13107,1.00006103515625,1.999969482421875,1.00006103515625,1.999969482421875,,,1406822,24,1,3,0
3823,1406940,6554,13107,1.00006103515625,1.999969482421875,1.00006103515625,1.999969482421875,,,1406947,24,1,3,0
3824,1407065,6554,13107,1.00006103515625,1.999969482421875,1.00006103515625,1.999969482421875,,,1407072,24,1,3,0
3825,1407191,6554,13107,1.00006103515625,1.999969482421875,1.00006103515625,1.999969482421875,,,1407198,23,1,3,0
3826,1407316,6554,13107,1.00006103515625,1.999969482421875,1.00006103515625,1.999969482421875,,,1407323,24,1,3,0
3827,1407441,6554,13107,1.00006103515625,1.999969482421875,1.00006103515625,1.999969482421875,,,1407449,23,1,3,0
3828,1407566,6554,13107,1.00006103515625,1.999969482421875,1.00006103515625,1.999969482421875,,,1407573,24,1,3,0
3829,1407692,6554,13107,1.00006103515625,1.999969482421875,1.00006103515625,1.999969482421875,,,1407699,23,1,3,0
3830,1407817,6554,13107,1.00006103515625,1.999969482421875,1.00006103515625,1.999969482421875,,,1407824,24,1,3,0
3831,1407942,6554,13107,1.00006103515625,1.999969482421875,1.00006103515625,1.999969482421875,,,1407949,24,1,3,0
3832,1408067,6554,13107,1.00006103515625,1.999969482421875,1.00006103515625,1.999969482421875,,,1408074,24,1,3,0
3833,1408193,6554,13107,1.00006103515625,1.999969482421875,1.00006103515625,1.999969482421875,,,1408200,23,1,3,0
3834,1408318,6554,13107,1.00006103515625,1.999969482421875,1.00006103515625,1.999969482421875,,,1408325,24,1,3,0
3835,1408443,6554,13107,1.00006103515625,1.999969482421875,1.00006103515625,1.999969482421875,,,1408450,24,1,3,0
3836,1408568,6554,13107,1.00006103515625,1.999969482421875,1.00006103515625,1.999969482421875,,,1408575,24,1,3,0
3837,1408694,6554,13107,1.00006103515625,1.999969482421875,1.00006103515625,1.999969482421875,,,1408701,23,1,3,0
3838,1408819,6554,13107,1.00006103515625,1.999969482421875,1.00006103515625,1.999969482421875,,,1408826,24,1,3,0
3839,1408944,6554,13107,1.00006103515625,1.999969482421875,1.00006103515625,1.999969482421875,,,1408951,24,1,3,0
3840,1409069,6554,13107,1.00006103515625,1.999969482421875,1.00006103515625,1.999969482421875,,,1409076,24,1,3,0
3841,1409195,6554,13107,1.00006103515625,1.999969482421875,1.00006103515625,1.999969482421875,,,1409202,23,1,3,0
3842,1409320,6554,13107,1.00006103515625,1.999969482421875,1.00006103515625,1.999969482421875,,,1409327,24,1,3,0
3843,1409445,6554,13107,1.00006103515625,1.999969482421875,1.00006103515625,1.999969482421875,,,1409452,24,1,3,0
3844,1409570,6554,13107,1.00006103515625,1.999969482421875,1.00006103515625,1.999969482421875,,,1409577,24,1,3,0
3845,1409696,6554,13107,1.00006103515625,1.999969482421875,1.00006103515625,1.999969482421875,,,1409703,23,1,3,0
3846,1409821,6554,13107,1.00006103515625,1.999969482421875,1.00006103515625,1.999969482421875,,,1409828,24,1,3,0
3847,1409946,6554,13107,1.00006103515625,1.999969482421875,1.00006103515625,1.999969482421875,,,1409953,24,1,3,0
3848,1410071,6554,13107,1.00006103515625,1.999969482421875,1.00006103515625,1.999969482421875,,,1410078,24,1,3,0
3849,1410197,6554,13107,1.00006103515625,1.999969482421875,1.00006103515625,1.999969482421875,,,1410204,23,1,3,0
3850,1410322,6554,13107,1.00006103515625,1.999969482421875,1.00006103515625,1.999969482421875,,,1410329,24,1,3,0
3851,1410447,6554,13107,1.00006103515625,1.999969482421875,1.00006103515625,1.999969482421875,,,1410454,24,1,3,0
3852,1410572,6554,13107,1.00006103515625,1.999969482421875,1.00006103515625,1.999969482421875,,,1410579,24,1,3,0
3853,1410698,6554,13107,1.00006103515625,1.999969482421875,1.00006103515625,1.999969482421875,,,1410705,23,1,3,0
3854,1410823,6554,13107,1.00006103515625,1.999969482421875,1.00006103515625,1.999969482421875,,,1410830,24,1,3,0
3855,1410948,6554,13107,1.00006103515625,1.999969482421875,1.00006103515625,1.999969482421875,,,1410955,24,1,3,0
3856,1411073,6554,13107,1.00006103515625,1.999969482421875,1.00006103515625,1.999969482421875,,,1411080,24,1,3,0
3857,1411199,6554,13107,1.00006103515625,1.999969482421875,1.00006103515625,1.999969482421875,,,1411206,23,1,3,0
3858,1411324,6554,13107,1.00006103515625,1.999969482421875,1.00006103515625,1.999969482421875,,,1411331,24,1,3,0
3859,1411449,6554,13107,1.00006103515625,1.999969482421875,1.00006103515625,1.999969482421875,,,1411457,24,1,3,0
3860,1411574,6554,13107,1.00006103515625,1.999969482421875,1.00006103515625,1.999969482421875,,,1411581,24,1,3,0
3861,1411700,6554,13107,1.00006103515625,1.999969482421875,1.00006103515625,1.999969482421875,,,1411707,23,1,3,0
3862,1411825,6554,13107,1.00006103515625,1.999969482421875,1.00006103515625,1.999969482421875,,,1411832,24,1,3,0
3863,1411950,6554,13107,1.00006103515625,1.999969482421875,1.00006103515625,1.999969482421875,,,1411957,24,1,3,0
3864,1412075,6554,13107,1.00006103515625,1.999969482421875,1.00006103515625,1.999969482421875,,,1412082,24,1,3,0
3865,1412201,6554,13107,1.00006103515625,1.999969482421875,1.00006103515625,1.999969482421875,,,1412208,23,1,3,0
3866,1412326,6554,13107,1.00006103515625,1.999969482421875,1.00006103515625,1.999969482421875,,,1412333,24,1,3,0
3867,1412451,6554,13107,1.00006103515625,1.999969482421875,1.00006103515625,1.999969482421875,,,1412458,24,1,3,0
3868,1412576,6554,13107,1.00006103515625,1.999969482421875,1.00006103515625,1.999969482421875,,,1412583,24,1,3,0
3869,1412702,6554,13107,1.00006103515625,1.999969482421875,1.00006103515625,1.999969482421875,,,1412709,23,1,3,0
3870,1412827,6554,13107,1.00006103515625,1.999969482421875,1.00006103515625,1.999969482421875,,,1412834,24,1,3,0
3871,1412952,6554,13107,1.00006103515625,1.999969482421875,1.00006103515625,1.999969482421875,,,1412959,24,1,3,0
3872,1413077,6554,13107,1.00006103515625,1.999969482421875,1.00006103515625,1.999969482421875,,,1413084,24,1,3,0
3873,1413203,6554,13107,1.00006103515625,1.999969482421875,1.00006103515625,1.999969482421875,,,1413210,23,1,3,0
3874,1413328,6554,13107,1.00006103515625,1.999969482421875,1.00006103515625,1.999969482421875,,,1413335,24,1,3,0
3875,1413453,6554,13107,1.00006103515625,1.999969482421875,1.00006103515625,1.999969482421875,,,1413460,24,1,3,0
3876,1413578,6554,13107,1.00006103515625,1.999969482421875,1.00006103515625,1.999969482421875,,,1413585,24,1,3,0
3877,1413704,6554,13107,1.00006103515625,1.999969482421875,1.00006103515625,1.999969482421875,,,1413711,23,1,3,0
3878,1413829,6554,13107,1.00006103515625,1.999969482421875,1.00006103515625,1.999969482421875,,,1413836,24,1,3,0
3879,1413954,6554,13107,1.00006103515625,1.999969482421875,1.00006103515625,1.999969482421875,,,1413961,24,1,3,0
3880,1414079,6554,13107,1.00006103515625,1.999969482421875,1.00006103515625,1.999969482421875,,,1414086,24,1,3,0
3881,1414205,6554,13107,1.00006103515625,1.999969482421875,1.00006103515625,1.999969482421875,,,1414212,23,1,3,0
3882,1414330,6554,13107,1.00006103515625,1.999969482421875,1.00006103515625,1.999969482421875,,,1414337,24,1,3,0
3883,1414455,6554,13107,1.00006103515625,1.999969482421875,1.00006103515625,1.999969482421875,,,1414462,24,1,3,0
3884,1414580,6554,13107,1.00006103515625,1.999969482421875,1.00006103515625,1.999969482421875,,,1414587,24,1,3,0
3885,1414706,6554,13107,1.00006103515625,1.999969482421875,1.00006103515625,1.999969482421875,,,1414713,23,1,3,0
3886,1414831,6554,13107,1.00006103515625,1.999969482421875,1.00006103515625,1.999969482421875,,,1414838,24,1,3,0
3887,1414956,6554,13107,1.00006103515625,1.999969482421875,1.00006103515625,1.999969482421875,,,1414963,24,1,3,0
3888,1415081,6554,13107,1.00006103515625,1.999969482421875,1.00006103515625,1.999969482421875,,,1415088,24,1,3,0
3889,1415207,6554,13107,1.00006103515625,1.999969482421875,1.00006103515625,1.999969482421875,,,1415214,23,1,3,0
3890,1415332,6554,13107,1.00006103515625,1.999969482421875,1.00006103515625,1.999969482421875,,,1415339,24,1,3,0
3891,1415457,6554,13107,1.00006103515625,1.999969482421875,1.00006103515625,1.999969482421875,,,1415464,24,1,3,0
3892,1415582,6554,13107,1.00006103515625,1.999969482421875,1.00006103515625,1.999969482421875,,,1415589,24,1,3,0
3893,1415708,6554,13107,1.00006103515625,1.999969482421875,1.00006103515625,1.999969482421875,,,1415715,23,1,3,0
3894,1415833,6554,13107,1.00006103515625,1.999969482421875,1.00006103515625,1.999969482421875,,,1415840,24,1,3,0
3895,1415958,6554,13107,1.00006103515625,1.999969482421875,1.00006103515625,1.999969482421875,,,1415965,24,1,3,0
3896,1416083,6554,13107,1.00006103515625,1.999969482421875,1.00006103515625,1.999969482421875,,,1416090,24,1,3,0
3897,1416209,6554,13107,1.00006103515625,1.999969482421875,1.00006103515625,1.999969482421875,,,1416216,23,1,3,0
3898,1416334,6554,13107,1.00006103515625,1.999969482421875,1.00006103515625,1.999969482421875,,,1416341,24,1,3,0
3899,1416459,6554,13107,1.00006103515625,1.999969482421875,1.00006103515625,1.999969482421875,,,1416466,24,1,3,0
3900,1416584,6554,13107,1.00006103515625,1.999969482421875,1.00006103515625,1.999969482421875,,,1416591,24,1,3,0
3901,1416710,6554,13107,1.00006103515625,1.999969482421875,1.00006103515625,1.999969482421875,,,1416717,23,1,3,0
3902,1416835,6554,13107,1.00006103515625,1.999969482421875,1.00006103515625,1.999969482421875,,,1416842,24,1,3,0
3903,1416960,6554,13107,1.00006103515625,1.999969482421875,1.00006103515625,1.999969482421875,,,1416967,24,1,3,0
3904,1417085,6554,13107,1.00006103515625,1.999969482421875,1.00006103515625,1.999969482421875,,,1417092,24,1,3,0
3905,1417211,6554,13107,1.00006103515625,1.999969482421875,1.00006103515625,1.999969482421875,,,1417218,23,1,3,0
3906,1417336,6554,13107,1.00006103515625,1.999969482421875,1.00006103515625,1.999969482421875,,,1417344,24,1,3,0
3907,1417461,6554,13107,1.00006103515625,1.999969482421875,1.00006103515625,1.999969482421875,,,1417468,24,1,3,0
3908,1417586,6554,13107,1.00006103515625,1.999969482421875,1.00006103515625,1.999969482421875,,,1417593,24,1,3,0
3909,1417712,6554,13107,1.00006103515625,1.999969482421875,1.00006103515625,1.999969482421875,,,1417719,23,1,3,0
3910,1417837,6554,13107,1.00006103515625,1.999969482421875,1.00006103515625,1.999969482421875,,,1417844,24,1,3,0
3911,1417962,6554,13107,1.00006103515625,1.999969482421875,1.00006103515625,1.999969482421875,,,1417969,24,1,3,0
3912,1418087,6554,13107,1.00006103515625,1.999969482421875,1.00006103515625,1.999969482421875,,,1418094,24,1,3,0
3913,1418213,6554,13107,1.00006103515625,1.999969482421875,1.00006103515625,1.999969482421875,,,1418220,23,1,3,0
3914,1418338,6554,13107,1.00006103515625,1.999969482421875,1.00006103515625,1.999969482421875,,,1418346,24,1,3,0
3915,1418463,6554,13107,1.00006103515625,1.999969482421875,1.00006103515625,1.999969482421875,,,1418470,24,1,3,0
3916,1418588,6554,13107,1.00006103515625,1.999969482421875,1.00006103515625,1.999969482421875,,,1418595,24,1,3,0
3917,1418714,6554,13107,1.00006103515625,1.999969482421875,1.00006103515625,1.999969482421875,,,1418721,23,1,3,0
3918,1418839,6554,13107,1.00006103515625,1.999969482421875,1.00006103515625,1.999969482421875,,,1418846,24,1,3,0
3919,1418964,6554,13107,1.00006103515625,1.999969482421875,1.00006103515625,1.999969482421875,,,1418971,24,1,3,0
3920,1419089,6554,13107,1.00006103515625,1.999969482421875,1.00006103515625,1.999969482421875,,,1419096,24,1,3,0
3921,1419215,6554,13107,1.00006103515625,1.999969482421875,1.00006103515625,1.999969482421875,,,1419222,23,1,3,0
3922,1419340,6554,13107,1.00006103515625,1.999969482421875,1.00006103515625,1.999969482421875,,,1419347,24,1,3,0
3923,1419465,6554,13107,1.00006103515625,1.999969482421875,1.00006103515625,1.999969482421875,,,1419472,24,1,3,0
3924,1419590,6554,13107,1.00006103515625,1.999969482421875,1.00006103515625,1.999969482421875,,,1419597,24,1,3,0
3925,1419716,6554,13107,1.00006103515625,1.999969482421875,1.00006103515625,1.999969482421875,,,1419723,23,1,3,0
3926,1419841,6554,13107,1.00006103515625,1.999969482421875,1.00006103515625,1.999969482421875,,,1419848,24,1,3,0
3927,1419966,6554,13107,1.00006103515625,1.999969482421875,1.00006103515625,1.999969482421875,,,1419973,24,1,3,0
3928,1420091,6554,13107,1.00006103515625,1.999969482421875,1.00006103515625,1.999969482421875,,,1420098,24,1,3,0
3929,1420217,6554,13107,1.00006103515625,1.999969482421875,1.00006103515625,1.999969482421875,,,1420224,23,1,3,0
3930,1420342,6554,13107,1.00006103515625,1.999969482421875,1.00006103515625,1.999969482421875,,,1420349,24,1,3,0
3931,1420467,6554,13107,1.00006103515625,1.999969482421875,1.00006103515625,1.999969482421875,,,1420474,24,1,3,0
3932,1420592,6554,13107,1.00006103515625,1.999969482421875,1.00006103515625,1.999969482421875,,,1420599,24,1,3,0
3933,1420718,6554,13107,1.00006103515625,1.999969482421875,1.00006103515625,1.999969482421875,,,1420725,23,1,3,0
3934,1420843,6554,13107,1.00006103515625,1.999969482421875,1.00006103515625,1.999969482421875,,,1420850,24,1,3,0
3935,1420968,6554,13107,1.00006103515625,1.999969482421875,1.00006103515625,1.999969482421875,,,1420975,24,1,3,0
3936,1421093,6554,13107,1.00006103515625,1.999969482421875,1.00006103515625,1.999969482421875,,,1421100,24,1,3,0
3937,1421219,6554,13107,1.00006103515625,1.999969482421875,1.00006103515625,1.999969482421875,,,1421226,23,1,3,0
3938,1421344,6554,13107,1.00006103515625,1.999969482421875,1.00006103515625,1.999969482421875,,,1421351,24,1,3,0
3939,1421469,6554,13107,1.00006103515625,1.999969482421875,1.00006103515625,1.999969482421875,,,1421476,24,1,3,0
3940,1421594,6554,13107,1.00006103515625,1.999969482421875,1.00006103515625,1.999969482421875,,,1421601,24,1,3,0
3941,1421720,6554,13107,1.00006103515625,1.999969482421875,1.00006103515625,1.999969482421875,,,1421727,23,1,3,0
3942,1421845,6554,13107,1.00006103515625,1.999969482421875,1.00006103515625,1.999969482421875,,,1421852,24,1,3,0
3943,1421970,6554,13107,1.00006103515625,1.999969482421875,1.00006103515625,1.999969482421875,,,1421977,24,1,3,0
3944,1422095,6554,13107,1.00006103515625,1.999969482421875,1.00006103515625,1.999969482421875,,,1422102,24,1,3,0
3945,1422221,6554,13107,1.00006103515625,1.999969482421875,1.00006103515625,1.999969482421875,,,1422228,23,1,3,0
3946,1422346,6554,13107,1.00006103515625,1.999969482421875,1.00006103515625,1.999969482421875,,,1422353,24,1,3,0
3947,1422471,6554,13107,1.00006103515625,1.999969482421875,1.00006103515625,1.999969482421875,,,1422478,24,1,3,0
3948,1422596,6554,13107,1.00006103515625,1.999969482421875,1.00006103515625,1.999969482421875,,,1422603,24,1,3,0
3949,1422722,6554,13107,1.00006103515625,1.999969482421875,1.00006103515625,1.999969482421875,,,1422729,23,1,3,0
3950,1422847,6554,13107,1.00006103515625,1.999969482421875,1.00006103515625,1.999969482421875,,,1422854,24,1,3,0
3951,1422972,6554,13107,1.00006103515625,1.999969482421875,1.00006103515625,1.999969482421875,,,1422979,24,1,3,0
3952,1423097,6554,13107,1.00006103515625,1.999969482421875,1.00006103515625,1.999969482421875,,,1423104,24,1,3,0
3953,1423223,6554,13107,1.00006103515625,1.999969482421875,1.00006103515625,1.999969482421875,,,1423230,23,1,3,0
3954,1423348,6554,13107,1.00006103515625,1.999969482421875,1.00006103515625,1.999969482421875,,,1423355,24,1,3,0
3955,1423473,6554,13107,1.00006103515625,1.999969482421875,1.00006103515625,1.999969482421875,,,1423480,24,1,3,0
3956,1423598,6554,13107,1.00006103515625,1.999969482421875,1.00006103515625,1.999969482421875,,,1423605,24,1,3,0
3957,1423724,6554,13107,1.00006103515625,1.999969482421875,1.00006103515625,1.999969482421875,,,1423731,23,1,3,0
3958,1423849,6554,13107,1.00006103515625,1.999969482421875,1.00006103515625,1.999969482421875,,,1423856,24,1,3,0
3959,1423974,6554,13107,1.00006103515625,1.999969482421875,1.00006103515625,1.999969482421875,,,1423981,24,1,3,0
3960,1424099,6554,13107,1.00006103515625,1.999969482421875,1.00006103515625,1.999969482421875,,,1424106,24,1,3,0
3961,1424225,6554,13107,1.00006103515625,1.999969482421875,1.00006103515625,1.999969482421875,,,1424232,23,1,3,0
3962,1424350,6554,13107,1.00006103515625,1.999969482421875,1.00006103515625,1.999969482421875,,,1424357,24,1,3,0
3963,1424475,6554,13107,1.00006103515625,1.999969482421875,1.00006103515625,1.999969482421875,,,1424482,24,1,3,0
3964,1424600,6554,13107,1.00006103515625,1.999969482421875,1.00006103515625,1.999969482421875,,,1424607,24,1,3,0
3965,1424726,6554,13107,1.00006103515625,1.999969482421875,1.00006103515625,1.999969482421875,,,1424733,23,1,3,0
3966,1424851,6554,13107,1.00006103515625,1.999969482421875,1.00006103515625,1.999969482421875,,,1424858,24,1,3,0
3967,1424976,6554,13107,1.00006103515625,1.999969482421875,1.00006103515625,1.999969482421875,,,1424983,24,1,3,0
3968,1425101,6554,13107,1.00006103515625,1.999969482421875,1.00006103515625,1.999969482421875,,,1425109,23,1,3,0
3969,1425227,6554,13107,1.00006103515625,1.999969482421875,1.00006103515625,1.999969482421875,,,1425234,24,1,3,0
3970,1425352,6554,13107,1.00006103515625,1.999969482421875,1.00006103515625,1.999969482421875,,,1425359,24,1,3,0
3971,1425477,6554,13107,1.00006103515625,1.999969482421875,1.00006103515625,1.999969482421875,,,1425484,24,1,3,0
3972,1425602,6554,13107,1.00006103515625,1.999969482421875,1.00006103515625,1.999969482421875,,,1425610,23,1,3,0
3973,1425728,6554,13107,1.00006103515625,1.999969482421875,1.00006103515625,1.999969482421875,,,1425735,24,1,3,0
3974,1425853,6554,13107,1.00006103515625,1.999969482421875,1.00006103515625,1.999969482421875,,,1425860,24,1,3,0
3975,1425978,6554,13107,1.00006103515625,1.999969482421875,1.00006103515625,1.999969482421875,,,1425985,24,1,3,0
3976,1426103,6554,13107,1.00006103515625,1.999969482421875,1.00006103515625,1.999969482421875,,,1426111,23,1,3,0
3977,1426229,6554,13107,1.00006103515625,1.999969482421875,1.00006103515625,1.999969482421875,,,1426236,24,1,3,0
3978,1426354,6554,13107,1.00006103515625,1.999969482421875,1.00006103515625,1.999969482421875,,,1426361,24,1,3,0
3979,1426479,6554,13107,1.00006103515625,1.999969482421875,1.00006103515625,1.999969482421875,,,1426486,24,1,3,0
3980,1426604,6554,13107,1.00006103515625,1.999969482421875,1.00006103515625,1.999969482421875,,,1426612,23,1,3,0
3981,1426730,6554,13107,1.00006103515625,1.999969482421875,1.00006103515625,1.999969482421875,,,1426737,24,1,3,0
3982,1426855,6554,13107,1.00006103515625,1.999969482421875,1.00006103515625,1.999969482421875,,,1426862,24,1,3,0
3983,1426980,6554,13107,1.00006103515625,1.999969482421875,1.00006103515625,1.999969482421875,,,1426987,24,1,3,0
3984,1427105,6554,13107,1.00006103515625,1.999969482421875,1.00006103515625,1.999969482421875,,,1427113,23,1,3,0
3985,1427231,6554,13107,1.00006103515625,1.999969482421875,1.00006103515625,1.999969482421875,,,1427238,24,1,3,0
3986,1427356,6554,13107,1.00006103515625,1.999969482421875,1.00006103515625,1.999969482421875,,,1427363,24,1,3,0
3987,1427481,6554,13107,1.00006103515625,1.999969482421875,1.00006103515625,1.999969482421875,,,1427488,24,1,3,0
3988,1427606,6554,13107,1.00006103515625,1.999969482421875,1.00006103515625,1.999969482421875,,,1427614,23,1,3,0
3989,1427732,6554,13107,1.00006103515625,1.999969482421875,1.00006103515625,1.999969482421875,,,1427739,24,1,3,0
3990,1427857,6554,13107,1.00006103515625,1.999969482421875,1.00006103515625,1.999969482421875,,,1427864,24,1,3,0
3991,1427982,6554,13107,1.00006103515625,1.999969482421875,1.00006103515625,1.999969482421875,,,1427989,24,1,3,0
3992,1428107,6554,13107,1.00006103515625,1.999969482421875,1.00006103515625,1.999969482421875,,,1428115,23,1,3,0
3993,1428233,6554,13107,1.00006103515625,1.999969482421875,1.00006103515625,1.999969482421875,,,1428240,24,1,3,0
3994,1428358,6554,13107,1.00006103515625,1.999969482421875,1.00006103515625,1.999969482421875,,,1428365,24,1,3,0
3995,1428483,6554,13107,1.00006103515625,1.999969482421875,1.00006103515625,1.999969482421875,,,1428490,24,1,3,0
3996,1428608,6554,13107,1.00006103515625,1.999969482421875,1.00006103515625,1.999969482421875,,,1428616,27,1,3,0
3997,1428734,6554,13107,1.00006103515625,1.999969482421875,1.00006103515625,1.999969482421875,,,1428741,24,1,3,0
3998,1428859,6554,13107,1.00006103515625,1.999969482421875,1.00006103515625,1.999969482421875,,,1428866,24,1,3,0
3999,1428984,6554,13107,1.00006103515625,1.999969482421875,1.00006103515625,1.999969482421875,,,1428991,24,1,3,0
4000,1429109,6554,13107,1.00006103515625,1.999969482421875,1.00006103515625,1.999969482421875,,,1429117,23,1,3,0
4001,1429235,6554,13107,1.00006103515625,1.999969482421875,1.00006103515625,1.999969482421875,,,1429242,24,1,3,0
4002,1429360,6554,13107,1.00006103515625,1.999969482421875,1.00006103515625,1.999969482421875,,,1429367,24,1,3,0
4003,1429485,6554,13107,1.00006103515625,1.999969482421875,1.00006103515625,1.999969482421875,,,1429492,24,1,3,0
4004,1429610,6554,13107,1.00006103515625,1.999969482421875,1.00006103515625,1.999969482421875,,,1429618,28,1,3,0
4005,1429736,6554,13107,1.00006103515625,1.999969482421875,1.00006103515625,1.999969482421875,,,1429743,24,1,3,0
4006,1429861,6554,13107,1.00006103515625,1.999969482421875,1.00006103515625,1.999969482421875,,,1429868,24,1,3,0
4007,1429986,6554,13107,1.00006103515625,1.999969482421875,1.00006103515625,1.999969482421875,,,1429993,24,1,3,0
4008,1430111,6554,13107,1.00006103515625,1.999969482421875,1.00006103515625,1.999969482421875,,,1430119,23,1,3,0
4009,1430237,6554,13107,1.00006103515625,1.999969482421875,1.00006103515625,1.999969482421875,,,1430244,24,1,3,0
4010,1430362,6554,13107,1.00006103515625,1.999969482421875,1.00006103515625,1.999969482421875,,,1430369,24,1,3,0
4011,1430487,6554,13107,1.00006103515625,1.999969482421875,1.00006103515625,1.999969482421875,,,1430494,24,1,3,0
4012,1430612,6554,13107,1.00006103515625,1.999969482421875,1.00006103515625,1.999969482421875,,,1430620,26,1,3,0
4013,1430738,6554,13107,1.00006103515625,1.999969482421875,1.00006103515625,1.999969482421875,,,1430745,24,1,3,0
4014,1430863,6554,13107,1.00006103515625,1.999969482421875,1.00006103515625,1.999969482421875,,,1430870,24,1,3,0
4015,1430988,6554,13107,1.00006103515625,1.999969482421875,1.00006103515625,1.999969482421875,,,1430995,24,1,3,0
4016,1431113,6554,13107,1.00006103515625,1.999969482421875,1.00006103515625,1.999969482421875,,,1431120,24,1,3,0
4017,1431239,6554,13107,1.00006103515625,1.999969482421875,1.00006103515625,1.999969482421875,,,1431246,23,1,3,0
4018,1431364,6554,13107,1.00006103515625,1.999969482421875,1.00006103515625,1.999969482421875,,,1431371,24,1,3,0
4019,1431489,6554,13107,1.00006103515625,1.999969482421875,1.00006103515625,1.999969482421875,,,1431496,24,1,3,0
4020,1431614,6554,13107,1.00006103515625,1.999969482421875,1.00006103515625,1.999969482421875,,,1431621,24,1,3,0
4021,1431740,6554,13107,1.00006103515625,1.999969482421875,1.00006103515625,1.999969482421875,,,1431747,23,1,3,0
4022,1431865,6554,13107,1.00006103515625,1.999969482421875,1.00006103515625,1.999969482421875,,,1431872,24,1,3,0
4023,1431990,6554,13107,1.00006103515625,1.999969482421875,1.00006103515625,1.999969482421875,,,1431997,24,1,3,0
4024,1432115,6554,13107,1.00006103515625,1.999969482421875,1.00006103515625,1.999969482421875,,,1432122,24,1,3,0
4025,1432241,6554,13107,1.00006103515625,1.999969482421875,1.00006103515625,1.999969482421875,,,1432248,23,1,3,0
4026,1432366,6554,13107,1.00006103515625,1.999969482421875,1.00006103515625,1.999969482421875,,,1432373,24,1,3,0
4027,1432491,6554,13107,1.00006103515625,1.999969482421875,1.00006103515625,1.999969482421875,,,1432498,24,1,3,0
4028,1432616,6554,13107,1.00006103515625,1.999969482421875,1.00006103515625,1.999969482421875,,,1432623,24,1,3,0
4029,1432742,6554,13107,1.00006103515625,1.999969482421875,1.00006103515625,1.999969482421875,,,1432749,23,1,3,0
4030,1432867,6554,13107,1.00006103515625,1.999969482421875,1.00006103515625,1.999969482421875,,,1432874,24,1,3,0
4031,1432992,6554,13107,1.00006103515625,1.999969482421875,1.00006103515625,1.999969482421875,,,1432999,24,1,3,0
4032,1433117,6554,13107,1.00006103515625,1.999969482421875,1.00006103515625,1.999969482421875,,,1433124,24,1,3,0
4033,1433243,6554,13107,1.00006103515625,1.999969482421875,1.00006103515625,1.999969482421875,,,1433250,23,1,3,0
4034,1433368,6554,13107,1.00006103515625,1.999969482421875,1.00006103515625,1.999969482421875,,,1433375,24,1,3,0
4035,1433493,6554,13107,1.00006103515625,1.999969482421875,1.00006103515625,1.999969482421875,,,1433500,24,1,3,0
4036,1433618,6554,13107,1.00006103515625,1.999969482421875,1.00006103515625,1.999969482421875,,,1433625,24,1,3,0
4037,1433744,6554,13107,1.00006103515625,1.999969482421875,1.00006103515625,1.999969482421875,,,1433751,23,1,3,0
4038,1433869,6554,13107,1.00006103515625,1.999969482421875,1.00006103515625,1.999969482421875,,,1433876,24,1,3,0
4039,1433994,6554,13107,1.00006103515625,1.999969482421875,1.00006103515625,1.999969482421875,,,1434001,24,1,3,0
4040,1434119,6554,13107,1.00006103515625,1.999969482421875,1.00006103515625,1.999969482421875,,,1434126,24,1,3,0
4041,1434245,6554,13107,1.00006103515625,1.999969482421875,1.00006103515625,1.999969482421875,,,1434252,23,1,3,0
4042,1434370,6554,13107,1.00006103515625,1.999969482421875,1.00006103515625,1.999969482421875,,,1434377,24,1,3,0
4043,1434495,6554,13107,1.00006103515625,1.999969482421875,1.00006103515625,1.999969482421875,,,1434502,24,1,3,0
4044,1434620,6554,13107,1.00006103515625,1.999969482421875,1.00006103515625,1.999969482421875,,,1434627,24,1,3,0
4045,1434746,6554,13107,1.00006103515625,1.999969482421875,1.00006103515625,1.999969482421875,,,1434753,23,1,3,0
4046,1434871,6554,13107,1.00006103515625,1.999969482421875,1.00006103515625,1.999969482421875,,,1434878,24,1,3,0
4047,1434996,6554,13107,1.00006103515625,1.999969482421875,1.00006103515625,1.999969482421875,,,1435003,24,1,3,0
4048,1435121,6554,13107,1.00006103515625,1.999969482421875,1.00006103515625,1.999969482421875,,,1435128,24,1,3,0
4049,1435247,6554,13107,1.00006103515625,1.999969482421875,1.00006103515625,1.999969482421875,,,1435254,23,1,3,0
4050,1435372,6554,13107,1.00006103515625,1.999969482421875,1.00006103515625,1.999969482421875,,,1435379,24,1,3,0
4051,1435497,6554,13107,1.00006103515625,1.999969482421875,1.00006103515625,1.999969482421875,,,1435504,24,1,3,0
4052,1435622,6554,13107,1.00006103515625,1.999969482421875,1.00006103515625,1.999969482421875,,,1435629,24,1,3,0
4053,1435748,6554,13107,1.00006103515625,1.999969482421875,1.00006103515625,1.999969482421875,,,1435755,23,1,3,0
4054,1435873,6554,13107,1.00006103515625,1.999969482421875,1.00006103515625,1.999969482421875,,,1435882,23,1,3,0
4055,1435998,6554,13107,1.00006103515625,1.999969482421875,1.00006103515625,1.999969482421875,,,1436005,24,1,3,0
4056,1436123,6554,13107,1.00006103515625,1.999969482421875,1.00006103515625,1.999969482421875,,,1436130,24,1,3,0
4057,1436249,6554,13107,1.00006103515625,1.999969482421875,1.00006103515625,1.999969482421875,,,1436256,23,1,3,0
4058,1436374,6554,13107,1.00006103515625,1.999969482421875,1.00006103515625,1.999969482421875,,,1436381,24,1,3,0
4059,1436499,6554,13107,1.00006103515625,1.999969482421875,1.00006103515625,1.999969482421875,,,1436506,24,1,3,0
4060,1436624,6554,13107,1.00006103515625,1.999969482421875,1.00006103515625,1.999969482421875,,,1436631,24,1,3,0
4061,1436750,6554,13107,1.00006103515625,1.999969482421875,1.00006103515625,1.999969482421875,,,1436757,23,1,3,0
4062,1436875,6554,13107,1.00006103515625,1.999969482421875,1.00006103515625,1.999969482421875,,,1436882,24,1,3,0
4063,1437000,6554,13107,1.00006103515625,1.999969482421875,1.00006103515625,1.999969482421875,,,1437007,24,1,3,0
4064,1437125,6554,13107,1.00006103515625,1.999969482421875,1.00006103515625,1.999969482421875,,,1437132,24,1,3,0
4065,1437251,6554,13107,1.00006103515625,1.999969482421875,1.00006103515625,1.999969482421875,,,1437258,23,1,3,0
4066,1437376,6554,13107,1.00006103515625,1.999969482421875,1.00006103515625,1.999969482421875,,,1437383,24,1,3,0
4067,1437501,6554,13107,1.00006103515625,1.999969482421875,1.00006103515625,1.999969482421875,,,1437510,23,1,3,0
4068,1437626,6554,13107,1.00006103515625,1.999969482421875,1.00006103515625,1.999969482421875,,,1437633,24,1,3,0
4069,1437752,6554,13107,1.00006103515625,1.999969482421875,1.00006103515625,1.999969482421875,,,1437759,23,1,3,0
4070,1437877,6554,13107,1.00006103515625,1.999969482421875,1.00006103515625,1.999969482421875,,,1437884,24,1,3,0
4071,1438002,6554,13107,1.00006103515625,1.999969482421875,1.00006103515625,1.999969482421875,,,1438009,24,1,3,0
4072,1438127,6554,13107,1.00006103515625,1.999969482421875,1.00006103515625,1.999969482421875,,,1438134,24,1,3,0
4073,1438253,6554,13107,1.00006103515625,1.999969482421875,1.00006103515625,1.999969482421875,,,1438260,23,1,3,0
4074,1438378,6554,13107,1.00006103515625,1.999969482421875,1.00006103515625,1.999969482421875,,,1438385,24,1,3,0
4075,1438503,6554,13107,1.00006103515625,1.999969482421875,1.00006103515625,1.999969482421875,,,1438510,24,1,3,0
4076,1438628,6554,13107,1.00006103515625,1.999969482421875,1.00006103515625,1.999969482421875,,,1438635,27,1,3,0
4077,1438754,6554,13107,1.00006103515625,1.999969482421875,1.00006103515625,1.999969482421875,,,1438761,23,1,3,0
4078,1438879,6554,13107,1.00006103515625,1.999969482421875,1.00006103515625,1.999969482421875,,,1438886,24,1,3,0
4079,1439004,6554,13107,1.00006103515625,1.999969482421875,1.00006103515625,1.999969482421875,,,1439011,24,1,3,0
4080,1439129,6554,13107,1.00006103515625,1.999969482421875,1.00006103515625,1.999969482421875,,,1439136,24,1,3,0
4081,1439255,6554,13107,1.00006103515625,1.999969482421875,1.00006103515625,1.999969482421875,,,1439262,24,1,3,0
4082,1439380,6554,13107,1.00006103515625,1.999969482421875,1.00006103515625,1.999969482421875,,,1439387,24,1,3,0
4083,1439505,6554,13107,1.00006103515625,1.999969482421875,1.00006103515625,1.999969482421875,,,1439512,24,1,3,0
4084,1439630,6554,13107,1.00006103515625,1.999969482421875,1.00006103515625,1.999969482421875,,,1439637,27,1,3,0
4085,1439756,6554,13107,1.00006103515625,1.999969482421875,1.00006103515625,1.999969482421875,,,1439763,23,1,3,0
4086,1439881,6554,13107,1.00006103515625,1.999969482421875,1.00006103515625,1.999969482421875,,,1439888,24,1,3,0
4087,1440006,6554,13107,1.00006103515625,1.999969482421875,1.00006103515625,1.999969482421875,,,1440013,24,1,3,0
4088,1440131,6554,13107,1.00006103515625,1.999969482421875,1.00006103515625,1.999969482421875,,,1440138,24,1,3,0
4089,1440257,6554,13107,1.00006103515625,1.999969482421875,1.00006103515625,1.999969482421875,,,1440264,23,1,3,0
4090,1440382,6554,13107,1.00006103515625,1.999969482421875,1.00006103515625,1.999969482421875,,,1440389,24,1,3,0
4091,1440507,6554,13107,1.00006103515625,1.999969482421875,1.00006103515625,1.999969482421875,,,1440514,24,1,3,0
4092,1440632,6554,13107,1.00006103515625,1.999969482421875,1.00006103515625,1.999969482421875,,,1440642,24,1,3,0
4093,1440758,6554,13107,1.00006103515625,1.999969482421875,1.00006103515625,1.999969482421875,,,1440765,23,1,3,0
4094,1440883,6554,13107,1.00006103515625,1.999969482421875,1.00006103515625,1.999969482421875,,,1440890,24,1,3,0
4095,1441008,6554,13107,1.00006103515625,1.999969482421875,1.00006103515625,1.999969482421875,,,1441015,24,1,3,0
4096,1441133,6554,13107,1.00006103515625,1.999969482421875,1.00006103515625,1.999969482421875,,,1441140,24,1,3,0
4097,1441259,6554,13107,1.00006103515625,1.999969482421875,1.00006103515625,1.999969482421875,,,1441266,23,1,3,0
4098,1441384,6554,13107,1.00006103515625,1.999969482421875,1.00006103515625,1.999969482421875,,,1441391,24,1,3,0
4099,1441509,6554,13107,1.00006103515625,1.999969482421875,1.00006103515625,1.999969482421875,,,1441517,24,1,3,0
4100,1441634,6554,13107,1.00006103515625,1.999969482421875,1.00006103515625,1.999969482421875,,,1441644,23,1,3,0
4101,1441760,6554,13107,1.00006103515625,1.999969482421875,1.00006103515625,1.999969482421875,,,1441767,23,1,3,0
4102,1441885,6554,13107,1.00006103515625,1.999969482421875,1.00006103515625,1.999969482421875,,,1441892,24,1,3,0
4103,1442010,6554,13107,1.00006103515625,1.999969482421875,1.00006103515625,1.999969482421875,,,1442017,24,1,3,0
4104,1442135,6554,13107,1.00006103515625,1.999969482421875,1.00006103515625,1.999969482421875,,,1442143,24,1,3,0
4105,1442261,6554,13107,1.00006103515625,1.999969482421875,1.00006103515625,1.999969482421875,,,1442268,23,1,3,0
4106,1442386,6554,13107,1.00006103515625,1.999969482421875,1.00006103515625,1.999969482421875,,,1442393,24,1,3,0
4107,1442511,6554,13107,1.00006103515625,1.999969482421875,1.00006103515625,1.999969482421875,,,1442519,24,1,3,0
4108,1442636,6554,13107,1.00006103515625,1.999969482421875,1.00006103515625,1.999969482421875,,,1442645,23,1,3,0
4109,1442762,6554,13107,1.00006103515625,1.999969482421875,1.00006103515625,1.999969482421875,,,1442769,23,1,3,0
4110,1442887,6554,13107,1.00006103515625,1.999969482421875,1.00006103515625,1.999969482421875,,,1442894,24,1,3,0
4111,1443012,6554,13107,1.00006103515625,1.999969482421875,1.00006103515625,1.999969482421875,,,1443019,24,1,3,0
4112,1443137,6554,13107,1.00006103515625,1.999969482421875,1.00006103515625,1.999969482421875,,,1443146,24,1,3,0
4113,1443263,6554,13107,1.00006103515625,1.999969482421875,1.00006103515625,1.999969482421875,,,1443270,23,1,3,0
4114,1443388,6554,13107,1.00006103515625,1.999969482421875,1.00006103515625,1.999969482421875,,,1443396,24,1,3,0
4115,1443513,6554,13107,1.00006103515625,1.999969482421875,1.00006103515625,1.999969482421875,,,1443522,24,1,3,0
4116,1443638,6554,13107,1.00006103515625,1.999969482421875,1.00006103515625,1.999969482421875,,,1443647,23,1,3,0
4117,1443764,6554,13107,1.00006103515625,1.999969482421875,1.00006103515625,1.999969482421875,,,1443771,23,1,3,0
4118,1443889,6554,13107,1.00006103515625,1.999969482421875,1.00006103515625,1.999969482421875,,,1443896,24,1,3,0
4119,1444014,6554,13107,1.00006103515625,1.999969482421875,1.00006103515625,1.999969482421875,,,1444021,24,1,3,0
4120,1444139,6554,13107,1.00006103515625,1.999969482421875,1.00006103515625,1.999969482421875,,,1444147,24,1,3,0
4121,1444265,6554,13107,1.00006103515625,1.999969482421875,1.00006103515625,1.999969482421875,,,1444272,23,1,3,0
4122,1444390,6554,13107,1.00006103515625,1.999969482421875,1.00006103515625,1.999969482421875,,,1444397,24,1,3,0
4123,1444515,6554,13107,1.00006103515625,1.999969482421875,1.00006103515625,1.999969482421875,,,1444523,24,1,3,0
4124,1444640,6554,13107,1.00006103515625,1.999969482421875,1.00006103515625,1.999969482421875,,,1444649,23,1,3,0
4125,1444766,6554,13107,1.00006103515625,1.999969482421875,1.00006103515625,1.999969482421875,,,1444773,23,1,3,0
4126,1444891,6554,13107,1.00006103515625,1.999969482421875,1.00006103515625,1.999969482421875,,,1444898,24,1,3,0
4127,1445016,6554,13107,1.00006103515625,1.999969482421875,1.00006103515625,1.999969482421875,,,1445023,24,1,3,0
4128,1445141,6554,13107,1.00006103515625,1.999969482421875,1.00006103515625,1.999969482421875,,,1445148,24,1,3,0
4129,1445267,6554,13107,1.00006103515625,1.999969482421875,1.00006103515625,1.999969482421875,,,1445274,23,1,3,0
4130,1445392,6554,13107,1.00006103515625,1.999969482421875,1.00006103515625,1.999969482421875,,,1445399,24,1,3,0
4131,1445517,6554,13107,1.00006103515625,1.999969482421875,1.00006103515625,1.999969482421875,,,1445524,24,1,3,0
4132,1445643,6554,13107,1.00006103515625,1.999969482421875,1.00006103515625,1.999969482421875,,,1445650,23,1,3,0
4133,1445768,6554,13107,1.00006103515625,1.999969482421875,1.00006103515625,1.999969482421875,,,1445775,23,1,3,0
4134,1445893,6554,13107,1.00006103515625,1.999969482421875,1.00006103515625,1.999969482421875,,,1445900,24,1,3,0
4135,1446018,6554,13107,1.00006103515625,1.999969482421875,1.00006103515625,1.999969482421875,,,1446025,24,1,3,0
4136,1446144,6554,13107,1.00006103515625,1.999969482421875,1.00006103515625,1.999969482421875,,,1446151,23,1,3,0
4137,1446269,6554,13107,1.00006103515625,1.999969482421875,1.00006103515625,1.999969482421875,,,1446276,23,1,3,0
4138,1446394,6554,13107,1.00006103515625,1.999969482421875,1.00006103515625,1.999969482421875,,,1446401,24,1,3,0
4139,1446519,6554,13107,1.00006103515625,1.999969482421875,1.00006103515625,1.999969482421875,,,1446527,24,1,3,0
4140,1446645,6554,13107,1.00006103515625,1.999969482421875,1.00006103515625,1.999969482421875,,,1446652,23,1,3,0
4141,1446770,6554,13107,1.00006103515625,1.999969482421875,1.00006103515625,1.999969482421875,,,1446777,24,1,3,0
4142,1446895,6554,13107,1.00006103515625,1.999969482421875,1.00006103515625,1.999969482421875,,,1446902,24,1,3,0
4143,1447021,6554,13107,1.00006103515625,1.999969482421875,1.00006103515625,1.999969482421875,,,1447028,23,1,3,0
4144,1447146,6554,13107,1.00006103515625,1.999969482421875,1.00006103515625,1.999969482421875,,,1447153,24,1,3,0
4145,1447271,6554,13107,1.00006103515625,1.999969482421875,1.00006103515625,1.999969482421875,,,1447278,24,1,3,0
4146,1447396,6554,13107,1.00006103515625,1.999969482421875,1.00006103515625,1.999969482421875,,,1447403,24,1,3,0
4147,1447522,6554,13107,1.00006103515625,1.999969482421875,1.00006103515625,1.999969482421875,,,1447529,23,1,3,0
4148,1447647,6554,13107,1.00006103515625,1.999969482421875,1.00006103515625,1.999969482421875,,,1447654,24,1,3,0
4149,1447772,6554,13107,1.00006103515625,1.999969482421875,1.00006103515625,1.999969482421875,,,1447779,24,1,3,0
4150,1447897,6554,13107,1.00006103515625,1.999969482421875,1.00006103515625,1.999969482421875,,,1447904,24,1,3,0
4151,1448023,6554,13107,1.00006103515625,1.999969482421875,1.00006103515625,1.999969482421875,,,1448030,23,1,3,0
4152,1448148,6554,13107,1.00006103515625,1.999969482421875,1.00006103515625,1.999969482421875,,,1448155,24,1,3,0
4153,1448273,6554,13107,1.00006103515625,1.999969482421875,1.00006103515625,1.999969482421875,,,1448280,24,1,3,0
4154,1448398,6554,13107,1.00006103515625,1.999969482421875,1.00006103515625,1.999969482421875,,,1448405,24,1,3,0
4155,1448524,6554,13107,1.00006103515625,1.999969482421875,1.00006103515625,1.999969482421875,,,1448531,23,1,3,0
4156,1448649,6554,13107,1.00006103515625,1.999969482421875,1.00006103515625,1.999969482421875,,,1448656,24,1,3,0
4157,1448774,6554,13107,1.00006103515625,1.999969482421875,1.00006103515625,1.999969482421875,,,1448781,24,1,3,0
4158,1448899,6554,13107,1.00006103515625,1.999969482421875,1.00006103515625,1.999969482421875,,,1448906,24,1,3,0
4159,1449025,6554,13107,1.00006103515625,1.999969482421875,1.00006103515625,1.999969482421875,,,1449032,23,1,3,0
4160,1449150,6554,13107,1.00006103515625,1.999969482421875,1.00006103515625,1.999969482421875,,,1449157,24,1,3,0
4161,1449275,6554,13107,1.00006103515625,1.999969482421875,1.00006103515625,1.999969482421875,,,1449282,24,1,3,0
4162,1449400,6554,13107,1.00006103515625,1.999969482421875,1.00006103515625,1.999969482421875,,,1449407,24,1,3,0
4163,1449526,6554,13107,1.00006103515625,1.999969482421875,1.00006103515625,1.999969482421875,,,1449533,23,1,3,0
4164,1449651,6554,13107,1.00006103515625,1.999969482421875,1.00006103515625,1.999969482421875,,,1449658,24,1,3,0
4165,1449776,6554,13107,1.00006103515625,1.999969482421875,1.00006103515625,1.999969482421875,,,1449783,24,1,3,0
4166,1449901,6554,13107,1.00006103515625,1.999969482421875,1.00006103515625,1.999969482421875,,,1449908,24,1,3,0
4167,1450027,6554,13107,1.00006103515625,1.999969482421875,1.00006103515625,1.999969482421875,,,1450034,23,1,3,0
4168,1450152,6554,13107,1.00006103515625,1.999969482421875,1.00006103515625,1.999969482421875,,,1450159,24,1,3,0
4169,1450277,6554,13107,1.00006103515625,1.999969482421875,1.00006103515625,1.999969482421875,,,1450284,24,1,3,0
4170,1450402,6554,13107,1.00006103515625,1.999969482421875,1.00006103515625,1.999969482421875,,,1450409,24,1,3,0
4171,1450528,6554,13107,1.00006103515625,1.999969482421875,1.00006103515625,1.999969482421875,,,1450535,23,1,3,0
4172,1450653,6554,13107,1.00006103515625,1.999969482421875,1.00006103515625,1.999969482421875,,,1450660,24,1,3,0
4173,1450778,6554,13107,1.00006103515625,1.999969482421875,1.00006103515625,1.999969482421875,,,1450785,24,1,3,0
4174,1450903,6554,13107,1.00006103515625,1.999969482421875,1.00006103515625,1.999969482421875,,,1450910,24,1,3,0
4175,1451029,6554,13107,1.00006103515625,1.999969482421875,1.00006103515625,1.999969482421875,,,1451036,23,1,3,0
4176,1451154,6554,13107,1.00006103515625,1.999969482421875,1.00006103515625,1.999969482421875,,,1451161,24,1,3,0
4177,1451279,6554,13107,1.00006103515625,1.999969482421875,1.00006103515625,1.999969482421875,,,1451286,24,1,3,0
4178,1451404,6554,13107,1.00006103515625,1.999969482421875,1.00006103515625,1.999969482421875,,,1451411,24,1,3,0
4179,1451530,6554,13107,1.00006103515625,1.999969482421875,1.00006103515625,1.999969482421875,,,1451537,23,1,3,0
4180,1451655,6554,13107,1.00006103515625,1.999969482421875,1.00006103515625,1.999969482421875,,,1451662,24,1,3,0
4181,1451780,6554,13107,1.00006103515625,1.999969482421875,1.00006103515625,1.999969482421875,,,1451787,24,1,3,0
4182,1451905,6554,13107,1.00006103515625,1.999969482421875,1.00006103515625,1.999969482421875,,,1451912,24,1,3,0
4183,1452031,6554,13107,1.00006103515625,1.999969482421875,1.00006103515625,1.999969482421875,,,1452038,23,1,3,0
4184,1452156,6554,13107,1.00006103515625,1.999969482421875,1.00006103515625,1.999969482421875,,,1452163,24,1,3,0
4185,1452281,6554,13107,1.00006103515625,1.999969482421875,1.00006103515625,1.999969482421875,,,1452288,24,1,3,0
4186,1452406,6554,13107,1.00006103515625,1.999969482421875,1.00006103515625,1.999969482421875,,,1452413,24,1,3,0
4187,1452532,6554,13107,1.00006103515625,1.999969482421875,1.00006103515625,1.999969482421875,,,1452539,23,1,3,0
4188,1452657,6554,13107,1.00006103515625,1.999969482421875,1.00006103515625,1.999969482421875,,,1452664,24,1,3,0
4189,1452782,6554,13107,1.00006103515625,1.999969482421875,1.00006103515625,1.999969482421875,,,1452789,24,1,3,0
4190,1452907,6554,13107,1.00006103515625,1.999969482421875,1.00006103515625,1.999969482421875,,,1452914,24,1,3,0
4191,1453033,6554,13107,1.00006103515625,1.999969482421875,1.00006103515625,1.999969482421875,,,1453040,23,1,3,0
4192,1453158,6554,13107,1.00006103515625,1.999969482421875,1.00006103515625,1.999969482421875,,,1453165,24,1,3,0
4193,1453283,6554,13107,1.00006103515625,1.999969482421875,1.00006103515625,1.999969482421875,,,1453290,24,1,3,0
4194,1453408,6554,13107,1.00006103515625,1.999969482421875,1.00006103515625,1.999969482421875,,,1453415,24,1,3,0
4195,1453534,6554,13107,1.00006103515625,1.999969482421875,1.00006103515625,1.999969482421875,,,1453541,23,1,3,0
4196,1453659,6554,13107,1.00006103515625,1.999969482421875,1.00006103515625,1.999969482421875,,,1453666,24,1,3,0
4197,1453784,6554,13107,1.00006103515625,1.999969482421875,1.00006103515625,1.999969482421875,,,1453791,24,1,3,0
4198,1453909,6554,13107,1.00006103515625,1.999969482421875,1.00006103515625,1.999969482421875,,,1453916,24,1,3,0
4199,1454035,6554,13107,1.00006103515625,1.999969482421875,1.00006103515625,1.999969482421875,,,1454042,23,1,3,0
4200,1454160,6554,13107,1.00006103515625,1.999969482421875,1.00006103515625,1.999969482421875,,,1454167,24,1,3,0
4201,1454285,6554,13107,1.00006103515625,1.999969482421875,1.00006103515625,1.999969482421875,,,1454292,24,1,3,0
4202,1454410,6554,13107,1.00006103515625,1.999969482421875,1.00006103515625,1.999969482421875,,,1454417,24,1,3,0
4203,1454536,6554,13107,1.00006103515625,1.999969482421875,1.00006103515625,1.999969482421875,,,1454543,23,1,3,0
4204,1454661,6554,13107,1.00006103515625,1.999969482421875,1.00006103515625,1.999969482421875,,,1454668,24,1,3,0
4205,1454786,6554,13107,1.00006103515625,1.999969482421875,1.00006103515625,1.999969482421875,,,1454793,24,1,3,0
4206,1454911,6554,13107,1.00006103515625,1.999969482421875,1.00006103515625,1.999969482421875,,,1454918,24,1,3,0
4207,1455037,6554,13107,1.00006103515625,1.999969482421875,1.00006103515625,1.999969482421875,,,1455044,23,1,3,0
4208,1455162,6554,13107,1.00006103515625,1.999969482421875,1.00006103515625,1.999969482421875,,,1455169,24,1,3,0
4209,1455287,6554,13107,1.00006103515625,1.999969482421875,1.00006103515625,1.999969482421875,,,1455294,24,1,3,0
4210,1455412,6554,13107,1.00006103515625,1.999969482421875,1.00006103515625,1.999969482421875,,,1455419,24,1,3,0
4211,1455538,6554,13107,1.00006103515625,1.999969482421875,1.00006103515625,1.999969482421875,,,1455545,23,1,3,0
4212,1455663,6554,13107,1.00006103515625,1.999969482421875,1.00006103515625,1.999969482421875,,,1455670,24,1,3,0
4213,1455788,6554,13107,1.00006103515625,1.999969482421875,1.00006103515625,1.999969482421875,,,1455795,24,1,3,0
4214,1455913,6554,13107,1.00006103515625,1.999969482421875,1.00006103515625,1.999969482421875,,,1455922,24,1,3,0
4215,1456039,6554,13107,1.00006103515625,1.999969482421875,1.00006103515625,1.999969482421875,,,1456046,23,1,3,0
4216,1456164,6554,13107,1.00006103515625,1.999969482421875,1.00006103515625,1.999969482421875,,,1456171,24,1,3,0
4217,1456289,6554,13107,1.00006103515625,1.999969482421875,1.00006103515625,1.999969482421875,,,1456296,24,1,3,0
4218,1456414,6554,13107,1.00006103515625,1.999969482421875,1.00006103515625,1.999969482421875,,,1456421,24,1,3,0
4219,1456540,6554,13107,1.00006103515625,1.999969482421875,1.00006103515625,1.999969482421875,,,1456547,23,1,3,0
4220,1456665,6554,13107,1.00006103515625,1.999969482421875,1.00006103515625,1.999969482421875,,,1456672,24,1,3,0
4221,1456790,6554,13107,1.00006103515625,1.999969482421875,1.00006103515625,1.999969482421875,,,1456797,24,1,3,0
4222,1456915,6554,13107,1.00006103515625,1.999969482421875,1.00006103515625,1.999969482421875,,,1456922,24,1,3,0
4223,1457041,6554,13107,1.00006103515625,1.999969482421875,1.00006103515625,1.999969482421875,,,1457048,23,1,3,0
4224,1457166,6554,13107,1.00006103515625,1.999969482421875,1.00006103515625,1.999969482421875,,,1457173,24,1,3,0
4225,1457291,6554,13107,1.00006103515625,1.999969482421875,1.00006103515625,1.999969482421875,,,1457298,24,1,3,0
4226,1457416,6554,13107,1.00006103515625,1.999969482421875,1.00006103515625,1.999969482421875,,,1457423,24,1,3,0
4227,1457542,6554,13107,1.00006103515625,1.999969482421875,1.00006103515625,1.999969482421875,,,1457549,23,1,3,0
4228,1457667,6554,13107,1.00006103515625,1.999969482421875,1.00006103515625,1.999969482421875,,,1457674,24,1,3,0
4229,1457792,6554,13107,1.00006103515625,1.999969482421875,1.00006103515625,1.999969482421875,,,1457799,24,1,3,0
4230,1457917,6554,13107,1.00006103515625,1.999969482421875,1.00006103515625,1.999969482421875,,,1457924,24,1,3,0
4231,1458043,6554,13107,1.00006103515625,1.999969482421875,1.00006103515625,1.999969482421875,,,1458050,23,1,3,0
4232,1458168,6554,13107,1.00006103515625,1.999969482421875,1.00006103515625,1.999969482421875,,,1458175,24,1,3,0
4233,1458293,6554,13107,1.00006103515625,1.999969482421875,1.00006103515625,1.999969482421875,,,1458300,24,1,3,0
4234,1458418,6554,13107,1.00006103515625,1.999969482421875,1.00006103515625,1.999969482421875,,,1458425,24,1,3,0
4235,1458544,6554,13107,1.00006103515625,1.999969482421875,1.00006103515625,1.999969482421875,,,1458553,24,1,3,0
4236,1458669,6554,13107,1.00006103515625,1.999969482421875,1.00006103515625,1.999969482421875,,,1458676,24,1,3,0
4237,1458794,6554,13107,1.00006103515625,1.999969482421875,1.00006103515625,1.999969482421875,,,1458801,24,1,3,0
4238,1458919,6554,13107,1.00006103515625,1.999969482421875,1.00006103515625,1.999969482421875,,,1458926,24,1,3,0
4239,1459045,6554,13107,1.00006103515625,1.999969482421875,1.00006103515625,1.999969482421875,,,1459052,23,1,3,0
4240,1459170,6554,13107,1.00006103515625,1.999969482421875,1.00006103515625,1.999969482421875,,,1459177,24,1,3,0
4241,1459295,6554,13107,1.00006103515625,1.999969482421875,1.00006103515625,1.999969482421875,,,1459302,24,1,3,0
4242,1459420,6554,13107,1.00006103515625,1.999969482421875,1.00006103515625,1.999969482421875,,,1459427,24,1,3,0
4243,1459546,6554,13107,1.00006103515625,1.999969482421875,1.00006103515625,1.999969482421875,,,1459554,24,1,3,0
4244,1459671,6554,13107,1.00006103515625,1.999969482421875,1.00006103515625,1.999969482421875,,,1459678,24,1,3,0
4245,1459796,6554,13107,1.00006103515625,1.999969482421875,1.00006103515625,1.999969482421875,,,1459803,24,1,3,0
4246,1459921,6554,13107,1.00006103515625,1.999969482421875,1.00006103515625,1.999969482421875,,,1459928,24,1,3,0
4247,1460047,6554,13107,1.00006103515625,1.999969482421875,1.00006103515625,1.999969482421875,,,1460054,23,1,3,0
4248,1460172,6554,13107,1.00006103515625,1.999969482421875,1.00006103515625,1.999969482421875,,,1460179,24,1,3,0
4249,1460297,6554,13107,1.00006103515625,1.999969482421875,1.00006103515625,1.999969482421875,,,1460304,24,1,3,0
4250,1460422,6554,13107,1.00006103515625,1.999969482421875,1.00006103515625,1.999969482421875,,,1460429,24,1,3,0
4251,1460548,6554,13107,1.00006103515625,1.999969482421875,1.00006103515625,1.999969482421875,,,1460555,23,1,3,0
4252,1460673,6554,13107,1.00006103515625,1.999969482421875,1.00006103515625,1.999969482421875,,,1460680,24,1,3,0
4253,1460798,6554,13107,1.00006103515625,1.999969482421875,1.00006103515625,1.999969482421875,,,1460805,24,1,3,0
4254,1460923,6554,13107,1.00006103515625,1.999969482421875,1.00006103515625,1.999969482421875,,,1460930,24,1,3,0
4255,1461049,6554,13107,1.00006103515625,1.999969482421875,1.00006103515625,1.999969482421875,,,1461056,23,1,3,0
4256,1461174,6554,13107,1.00006103515625,1.999969482421875,1.00006103515625,1.999969482421875,,,1461181,24,1,3,0
4257,1461299,6554,13107,1.00006103515625,1.999969482421875,1.00006103515625,1.999969482421875,,,1461306,24,1,3,0
4258,1461424,6554,13107,1.00006103515625,1.999969482421875,1.00006103515625,1.999969482421875,,,1461431,24,1,3,0
4259,1461550,6554,13107,1.00006103515625,1.999969482421875,1.00006103515625,1.999969482421875,,,1461557,24,1,3,0
4260,1461675,6554,13107,1.00006103515625,1.999969482421875,1.00006103515625,1.999969482421875,,,1461682,24,1,3,0
4261,1461800,6554,13107,1.00006103515625,1.999969482421875,1.00006103515625,1.999969482421875,,,1461807,24,1,3,0
4262,1461925,6554,13107,1.00006103515625,1.999969482421875,1.00006103515625,1.999969482421875,,,1461932,24,1,3,0
4263,1462051,6554,13107,1.00006103515625,1.999969482421875,1.00006103515625,1.999969482421875,,,1462058,23,1,3,0
4264,1462176,6554,13107,1.00006103515625,1.999969482421875,1.00006103515625,1.999969482421875,,,1462183,24,1,3,0
4265,1462301,6554,13107,1.00006103515625,1.999969482421875,1.00006103515625,1.999969482421875,,,1462308,24,1,3,0
4266,1462426,6554,13107,1.00006103515625,1.999969482421875,1.00006103515625,1.999969482421875,,,1462433,24,1,3,0
4267,1462552,6554,13107,1.00006103515625,1.999969482421875,1.00006103515625,1.999969482421875,,,1462559,23,1,3,0
4268,1462677,6554,13107,1.00006103515625,1.999969482421875,1.00006103515625,1.999969482421875,,,1462684,24,1,3,0
4269,1462802,6554,13107,1.00006103515625,1.999969482421875,1.00006103515625,1.999969482421875,,,1462809,24,1,3,0
4270,1462927,6554,13107,1.00006103515625,1.999969482421875,1.00006103515625,1.999969482421875,,,1462934,24,1,3,0
4271,1463053,6554,13107,1.00006103515625,1.999969482421875,1.00006103515625,1.999969482421875,,,1463060,23,1,3,0
4272,1463178,6554,13107,1.00006103515625,1.999969482421875,1.00006103515625,1.999969482421875,,,1463185,24,1,3,0
4273,1463303,6554,13107,1.00006103515625,1.999969482421875,1.00006103515625,1.999969482421875,,,1463310,24,1,3,0
4274,1463428,6554,13107,1.00006103515625,1.999969482421875,1.00006103515625,1.999969482421875,,,1463435,24,1,3,0
4275,1463554,6554,13107,1.00006103515625,1.999969482421875,1.00006103515625,1.999969482421875,,,1463561,23,1,3,0
4276,1463679,6554,13107,1.00006103515625,1.999969482421875,1.00006103515625,1.999969482421875,,,1463686,24,1,3,0
4277,1463804,6554,13107,1.00006103515625,1.999969482421875,1.00006103515625,1.999969482421875,,,1463811,24,1,3,0
4278,1463929,6554,13107,1.00006103515625,1.999969482421875,1.00006103515625,1.999969482421875,,,1463936,24,1,3,0
4279,1464055,6554,13107,1.00006103515625,1.999969482421875,1.00006103515625,1.999969482421875,,,1464062,23,1,3,0
4280,1464180,6554,13107,1.00006103515625,1.999969482421875,1.00006103515625,1.999969482421875,,,1464187,24,1,3,0
4281,1464305,6554,13107,1.00006103515625,1.999969482421875,1.00006103515625,1.999969482421875,,,1464312,24,1,3,0
4282,1464430,6554,13107,1.00006103515625,1.999969482421875,1.00006103515625,1.999969482421875,,,1464437,24,1,3,0
4283,1464556,6554,13107,1.00006103515625,1.999969482421875,1.00006103515625,1.999969482421875,,,1464563,23,1,3,0
4284,1464681,6554,13107,1.00006103515625,1.999969482421875,1.00006103515625,1.999969482421875,,,1464688,24,1,3,0
4285,1464806,6554,13107,1.00006103515625,1.999969482421875,1.00006103515625,1.999969482421875,,,1464813,24,1,3,0
4286,1464931,6554,13107,1.00006103515625,1.999969482421875,1.00006103515625,1.999969482421875,,,1464938,24,1,3,0
4287,1465057,6554,13107,1.00006103515625,1.999969482421875,1.00006103515625,1.999969482421875,,,1465064,23,1,3,0
4288,1465182,6554,13107,1.00006103515625,1.999969482421875,1.00006103515625,1.999969482421875,,,1465189,24,1,3,0
4289,1465307,6554,13107,1.00006103515625,1.999969482421875,1.00006103515625,1.999969482421875,,,1465314,24,1,3,0
4290,1465432,6554,13107,1.00006103515625,1.999969482421875,1.00006103515625,1.999969482421875,,,1465439,24,1,3,0
4291,1465558,6554,13107,1.00006103515625,1.999969482421875,1.00006103515625,1.999969482421875,,,1465565,23,1,3,0
4292,1465683,6554,13107,1.00006103515625,1.999969482421875,1.00006103515625,1.999969482421875,,,1465690,24,1,3,0
4293,1465808,6554,13107,1.00006103515625,1.999969482421875,1.00006103515625,1.999969482421875,,,1465815,24,1,3,0
4294,1465933,6554,13107,1.00006103515625,1.999969482421875,1.00006103515625,1.999969482421875,,,1465940,24,1,3,0
4295,1466059,6554,13107,1.00006103515625,1.999969482421875,1.00006103515625,1.999969482421875,,,1466066,23,1,3,0
4296,1466184,6554,13107,1.00006103515625,1.999969482421875,1.00006103515625,1.999969482421875,,,1466191,24,1,3,0
4297,1466309,6554,13107,1.00006103515625,1.999969482421875,1.00006103515625,1.999969482421875,,,1466316,24,1,3,0
4298,1466434,6554,13107,1.00006103515625,1.999969482421875,1.00006103515625,1.999969482421875,,,1466441,24,1,3,0
4299,1466560,6554,13107,1.00006103515625,1.999969482421875,1.00006103515625,1.999969482421875,,,1466568,24,1,3,0
4300,1466685,6554,13107,1.00006103515625,1.999969482421875,1.00006103515625,1.999969482421875,,,1466692,24,1,3,0
4301,1466810,6554,13107,1.00006103515625,1.999969482421875,1.00006103515625,1.999969482421875,,,1466817,24,1,3,0
4302,1466935,6554,13107,1.00006103515625,1.999969482421875,1.00006103515625,1.999969482421875,,,1466942,24,1,3,0
4303,1467061,6554,13107,1.00006103515625,1.999969482421875,1.00006103515625,1.999969482421875,,,1467068,23,1,3,0
4304,1467186,6554,13107,1.00006103515625,1.999969482421875,1.00006103515625,1.999969482421875,,,1467193,24,1,3,0
4305,1467311,6554,13107,1.00006103515625,1.999969482421875,1.00006103515625,1.999969482421875,,,1467318,24,1,3,0
4306,1467436,6554,13107,1.00006103515625,1.999969482421875,1.00006103515625,1.999969482421875,,,1467443,24,1,3,0
4307,1467562,6554,13107,1.00006103515625,1.999969482421875,1.00006103515625,1.999969482421875,,,1467569,23,1,3,0
4308,1467687,6554,13107,1.00006103515625,1.999969482421875,1.00006103515625,1.999969482421875,,,1467694,24,1,3,0
4309,1467812,6554,13107,1.00006103515625,1.999969482421875,1.00006103515625,1.999969482421875,,,1467819,24,1,3,0
4310,1467937,6554,13107,1.00006103515625,1.999969482421875,1.00006103515625,1.999969482421875,,,1467944,24,1,3,0
4311,1468063,6554,13107,1.00006103515625,1.999969482421875,1.00006103515625,1.999969482421875,,,1468070,23,1,3,0
4312,1468188,6554,13107,1.00006103515625,1.999969482421875,1.00006103515625,1.999969482421875,,,1468195,24,1,3,0
4313,1468313,6554,13107,1.00006103515625,1.999969482421875,1.00006103515625,1.999969482421875,,,1468320,24,1,3,0
4314,1468438,6554,13107,1.00006103515625,1.999969482421875,1.00006103515625,1.999969482421875,,,1468447,24,1,3,0
4315,1468564,6554,13107,1.00006103515625,1.999969482421875,1.00006103515625,1.999969482421875,,,1468571,23,1,3,0
4316,1468689,6554,13107,1.00006103515625,1.999969482421875,1.00006103515625,1.999969482421875,,,1468696,24,1,3,0
4317,1468814,6554,13107,1.00006103515625,1.999969482421875,1.00006103515625,1.999969482421875,,,1468821,24,1,3,0
4318,1468939,6554,13107,1.00006103515625,1.999969482421875,1.00006103515625,1.999969482421875,,,1468946,24,1,3,0
4319,1469065,6554,13107,1.00006103515625,1.999969482421875,1.00006103515625,1.999969482421875,,,1469072,23,1,3,0
4320,1469190,6554,13107,1.00006103515625,1.999969482421875,1.00006103515625,1.999969482421875,,,1469197,24,1,3,0
4321,1469315,6554,13107,1.00006103515625,1.999969482421875,1.00006103515625,1.999969482421875,,,1469322,24,1,3,0
4322,1469440,6554,13107,1.00006103515625,1.999969482421875,1.00006103515625,1.999969482421875,,,1469448,24,1,3,0
4323,1469566,6554,13107,1.00006103515625,1.999969482421875,1.00006103515625,1.999969482421875,,,1469573,23,1,3,0
4324,1469691,6554,13107,1.00006103515625,1.999969482421875,1.00006103515625,1.999969482421875,,,1469698,24,1,3,0
4325,1469816,6554,13107,1.00006103515625,1.999969482421875,1.00006103515625,1.999969482421875,,,1469823,24,1,3,0
4326,1469941,6554,13107,1.00006103515625,1.999969482421875,1.00006103515625,1.999969482421875,,,1469948,24,1,3,0
4327,1470067,6554,13107,1.00006103515625,1.999969482421875,1.00006103515625,1.999969482421875,,,1470074,23,1,3,0
4328,1470192,6554,13107,1.00006103515625,1.999969482421875,1.00006103515625,1.999969482421875,,,1470199,24,1,3,0
4329,1470317,6554,13107,1.00006103515625,1.999969482421875,1.00006103515625,1.999969482421875,,,1470324,24,1,3,0
4330,1470442,6554,13107,1.00006103515625,1.999969482421875,1.00006103515625,1.999969482421875,,,1470449,24,1,3,0
4331,1470568,6554,13107,1.00006103515625,1.999969482421875,1.00006103515625,1.999969482421875,,,1470575,23,1,3,0
4332,1470693,6554,13107,1.00006103515625,1.999969482421875,1.00006103515625,1.999969482421875,,,1470700,24,1,3,0
4333,1470818,6554,13107,1.00006103515625,1.999969482421875,1.00006103515625,1.999969482421875,,,1470825,24,1,3,0
4334,1470943,6554,13107,1.00006103515625,1.999969482421875,1.00006103515625,1.999969482421875,,,1470950,24,1,3,0
4335,1471069,6554,13107,1.00006103515625,1.999969482421875,1.00006103515625,1.999969482421875,,,1471076,23,1,3,0
4336,1471194,6554,13107,1.00006103515625,1.999969482421875,1.00006103515625,1.999969482421875,,,1471201,24,1,3,0
4337,1471319,6554,13107,1.00006103515625,1.999969482421875,1.00006103515625,1.999969482421875,,,1471326,24,1,3,0
4338,1471444,6554,13107,1.00006103515625,1.999969482421875,1.00006103515625,1.999969482421875,,,1471451,24,1,3,0
4339,1471570,6554,13107,1.00006103515625,1.999969482421875,1.00006103515625,1.999969482421875,,,1471577,23,1,3,0
4340,1471695,6554,13107,1.00006103515625,1.999969482421875,1.00006103515625,1.999969482421875,,,1471702,24,1,3,0
4341,1471820,6554,13107,1.00006103515625,1.999969482421875,1.00006103515625,1.999969482421875,,,1471827,24,1,3,0
4342,1471945,6554,13107,1.00006103515625,1.999969482421875,1.00006103515625,1.999969482421875,,,1471953,23,1,3,0
4343,1472071,6554,13107,1.00006103515625,1.999969482421875,1.00006103515625,1.999969482421875,,,1472078,24,1,3,0
4344,1472196,6554,13107,1.00006103515625,1.999969482421875,1.00006103515625,1.999969482421875,,,1472203,24,1,3,0
4345,1472321,6554,13107,1.00006103515625,1.999969482421875,1.00006103515625,1.999969482421875,,,1472328,24,1,3,0
4346,1472446,6554,13107,1.00006103515625,1.999969482421875,1.00006103515625,1.999969482421875,,,1472454,23,1,3,0
4347,1472572,6554,13107,1.00006103515625,1.999969482421875,1.00006103515625,1.999969482421875,,,1472579,24,1,3,0
4348,1472697,6554,13107,1.00006103515625,1.999969482421875,1.00006103515625,1.999969482421875,,,1472704,24,1,3,0
4349,1472822,6554,13107,1.00006103515625,1.999969482421875,1.00006103515625,1.999969482421875,,,1472829,24,1,3,0
4350,1472947,6554,13107,1.00006103515625,1.999969482421875,1.00006103515625,1.999969482421875,,,1472955,23,1,3,0
4351,1473073,6554,13107,1.00006103515625,1.999969482421875,1.00006103515625,1.999969482421875,,,1473080,24,1,3,0
4352,1473198,6554,13107,1.00006103515625,1.999969482421875,1.00006103515625,1.999969482421875,,,1473205,24,1,3,0
4353,1473323,6554,13107,1.00006103515625,1.999969482421875,1.00006103515625,1.999969482421875,,,1473330,24,1,3,0
4354,1473448,6554,13107,1.00006103515625,1.999969482421875,1.00006103515625,1.999969482421875,,,1473456,23,1,3,0
4355,1473574,6554,13107,1.00006103515625,1.999969482421875,1.00006103515625,1.999969482421875,,,1473581,24,1,3,0
4356,1473699,6554,13107,1.00006103515625,1.999969482421875,1.00006103515625,1.999969482421875,,,1473706,24,1,3,0
4357,1473824,6554,13107,1.00006103515625,1.999969482421875,1.00006103515625,1.999969482421875,,,1473831,24,1,3,0
4358,1473949,6554,13107,1.00006103515625,1.999969482421875,1.00006103515625,1.999969482421875,,,1473957,23,1,3,0
4359,1474075,6554,13107,1.00006103515625,1.999969482421875,1.00006103515625,1.999969482421875,,,1474082,24,1,3,0
4360,1474200,6554,13107,1.00006103515625,1.999969482421875,1.00006103515625,1.999969482421875,,,1474207,24,1,3,0
4361,1474325,6554,13107,1.00006103515625,1.999969482421875,1.00006103515625,1.999969482421875,,,1474332,24,1,3,0
4362,1474450,6554,13107,1.00006103515625,1.999969482421875,1.00006103515625,1.999969482421875,,,1474458,23,1,3,0
4363,1474576,6554,13107,1.00006103515625,1.999969482421875,1.00006103515625,1.999969482421875,,,1474583,24,1,3,0
4364,1474701,6554,13107,1.00006103515625,1.999969482421875,1.00006103515625,1.999969482421875,,,1474708,24,1,3,0
4365,1474826,6554,13107,1.00006103515625,1.999969482421875,1.00006103515625,1.999969482421875,,,1474833,24,1,3,0
4366,1474951,6554,13107,1.00006103515625,1.999969482421875,1.00006103515625,1.999969482421875,,,1474959,23,1,3,0
4367,1475077,6554,13107,1.00006103515625,1.999969482421875,1.00006103515625,1.999969482421875,,,1475084,24,1,3,0
4368,1475202,6554,13107,1.00006103515625,1.999969482421875,1.00006103515625,1.999969482421875,,,1475209,24,1,3,0
4369,1475327,6554,13107,1.00006103515625,1.999969482421875,1.00006103515625,1.999969482421875,,,1475334,24,1,3,0
4370,1475452,6554,13107,1.00006103515625,1.999969482421875,1.00006103515625,1.999969482421875,,,1475460,23,1,3,0
4371,1475578,6554,13107,1.00006103515625,1.999969482421875,1.00006103515625,1.999969482421875,,,1475585,24,1,3,0
4372,1475703,6554,13107,1.00006103515625,1.999969482421875,1.00006103515625,1.999969482421875,,,1475710,24,1,3,0
4373,1475828,6554,13107,1.00006103515625,1.999969482421875,1.00006103515625,1.999969482421875,,,1475835,24,1,3,0
4374,1475953,6554,13107,1.00006103515625,1.999969482421875,1.00006103515625,1.999969482421875,,,1475961,23,1,3,0
4375,1476079,6554,13107,1.00006103515625,1.999969482421875,1.00006103515625,1.999969482421875,,,1476086,24,1,3,0
4376,1476204,6554,13107,1.00006103515625,1.999969482421875,1.00006103515625,1.999969482421875,,,1476211,24,1,3,0
4377,1476329,6554,13107,1.00006103515625,1.999969482421875,1.00006103515625,1.999969482421875,,,1476336,24,1,3,0
4378,1476454,6554,13107,1.00006103515625,1.999969482421875,1.00006103515625,1.999969482421875,,,1476462,23,1,3,0
4379,1476580,6554,13107,1.00006103515625,1.999969482421875,1.00006103515625,1.999969482421875,,,1476587,24,1,3,0
4380,1476705,6554,13107,1.00006103515625,1.999969482421875,1.00006103515625,1.999969482421875,,,1476712,24,1,3,0
4381,1476830,6554,13107,1.00006103515625,1.999969482421875,1.00006103515625,1.999969482421875,,,1476837,24,1,3,0
4382,1476955,6554,13107,1.00006103515625,1.999969482421875,1.00006103515625,1.999969482421875,,,1476963,23,1,3,0
4383,1477081,6554,13107,1.00006103515625,1.999969482421875,1.00006103515625,1.999969482421875,,,1477088,24,1,3,0
4384,1477206,6554,13107,1.00006103515625,1.999969482421875,1.00006103515625,1.999969482421875,,,1477213,24,1,3,0
4385,1477331,6554,13107,1.00006103515625,1.999969482421875,1.00006103515625,1.999969482421875,,,1477338,24,1,3,0
4386,1477456,6554,13107,1.00006103515625,1.999969482421875,1.00006103515625,1.999969482421875,,,1477464,23,1,3,0
4387,1477582,6554,13107,1.00006103515625,1.999969482421875,1.00006103515625,1.999969482421875,,,1477589,24,1,3,0
4388,1477707,6554,13107,1.00006103515625,1.999969482421875,1.00006103515625,1.999969482421875,,,1477714,24,1,3,0
4389,1477832,6554,13107,1.00006103515625,1.999969482421875,1.00006103515625,1.999969482421875,,,1477839,24,1,3,0
4390,1477957,6554,13107,1.00006103515625,1.999969482421875,1.00006103515625,1.999969482421875,,,1477964,24,1,3,0
4391,1478083,6554,13107,1.00006103515625,1.999969482421875,1.00006103515625,1.999969482421875,,,1478090,23,1,3,0
4392,1478208,6554,13107,1.00006103515625,1.999969482421875,1.00006103515625,1.999969482421875,,,1478215,24,1,3,0
4393,1478333,6554,13107,1.00006103515625,1.999969482421875,1.00006103515625,1.999969482421875,,,1478340,24,1,3,0
4394,1478458,6554,13107,1.00006103515625,1.999969482421875,1.00006103515625,1.999969482421875,,,1478465,24,1,3,0
4395,1478584,6554,13107,1.00006103515625,1.999969482421875,1.00006103515625,1.999969482421875,,,1478591,23,1,3,0
4396,1478709,6554,13107,1.00006103515625,1.999969482421875,1.00006103515625,1.999969482421875,,,1478716,24,1,3,0
4397,1478834,6554,13107,1.00006103515625,1.999969482421875,1.00006103515625,1.999969482421875,,,1478843,23,1,3,0
4398,1478959,6554,13107,1.00006103515625,1.999969482421875,1.00006103515625,1.999969482421875,,,1478966,24,1,3,0
4399,1479085,6554,13107,1.00006103515625,1.999969482421875,1.00006103515625,1.999969482421875,,,1479092,23,1,3,0
4400,1479210,6554,13107,1.00006103515625,1.999969482421875,1.00006103515625,1.999969482421875,,,1479217,24,1,3,0
4401,1479335,6554,13107,1.00006103515625,1.999969482421875,1.00006103515625,1.999969482421875,,,1479344,24,1,3,0
4402,1479460,6554,13107,1.00006103515625,1.999969482421875,1.00006103515625,1.999969482421875,,,1479467,24,1,3,0
4403,1479586,6554,13107,1.00006103515625,1.999969482421875,1.00006103515625,1.999969482421875,,,1479593,24,1,3,0
4404,1479711,6554,13107,1.00006103515625,1.999969482421875,1.00006103515625,1.999969482421875,,,1479718,24,1,3,0
4405,1479836,6554,13107,1.00006103515625,1.999969482421875,1.00006103515625,1.999969482421875,,,1479843,24,1,3,0
4406,1479961,6554,13107,1.00006103515625,1.999969482421875,1.00006103515625,1.999969482421875,,,1479968,24,1,3,0
4407,1480087,6554,13107,1.00006103515625,1.999969482421875,1.00006103515625,1.999969482421875,,,1480094,23,1,3,0
4408,1480212,6554,13107,1.00006103515625,1.999969482421875,1.00006103515625,1.999969482421875,,,1480219,24,1,3,0
4409,1480337,6554,13107,1.00006103515625,1.999969482421875,1.00006103515625,1.999969482421875,,,1480344,24,1,3,0
4410,1480462,6554,13107,1.00006103515625,1.999969482421875,1.00006103515625,1.999969482421875,,,1480469,24,1,3,0
4411,1480588,6554,13107,1.00006103515625,1.999969482421875,1.00006103515625,1.999969482421875,,,1480595,23,1,3,0
4412,1480713,6554,13107,1.00006103515625,1.999969482421875,1.00006103515625,1.999969482421875,,,1480720,24,1,3,0
4413,1480838,6554,13107,1.00006103515625,1.999969482421875,1.00006103515625,1.999969482421875,,,1480845,24,1,3,0
4414,1480963,6554,13107,1.00006103515625,1.999969482421875,1.00006103515625,1.999969482421875,,,1480970,24,1,3,0
4415,1481089,6554,13107,1.00006103515625,1.999969482421875,1.00006103515625,1.999969482421875,,,1481096,23,1,3,0
4416,1481214,6554,13107,1.00006103515625,1.999969482421875,1.00006103515625,1.999969482421875,,,1481221,24,1,3,0
4417,1481339,6554,13107,1.00006103515625,1.999969482421875,1.00006103515625,1.999969482421875,,,1481346,24,1,3,0
4418,1481464,6554,13107,1.00006103515625,1.999969482421875,1.00006103515625,1.999969482421875,,,1481471,24,1,3,0
4419,1481590,6554,13107,1.00006103515625,1.999969482421875,1.00006103515625,1.999969482421875,,,1481597,23,1,3,0
4420,1481715,6554,13107,1.00006103515625,1.999969482421875,1.00006103515625,1.999969482421875,,,1481722,24,1,3,0
4421,1481840,6554,13107,1.00006103515625,1.999969482421875,1.00006103515625,1.999969482421875,,,1481847,24,1,3,0
4422,1481965,6554,13107,1.00006103515625,1.999969482421875,1.00006103515625,1.999969482421875,,,1481972,24,1,3,0
4423,1482091,6554,13107,1.00006103515625,1.999969482421875,1.00006103515625,1.999969482421875,,,1482098,23,1,3,0
4424,1482216,6554,13107,1.00006103515625,1.999969482421875,1.00006103515625,1.999969482421875,,,1482223,24,1,3,0
4425,1482341,6554,13107,1.00006103515625,1.999969482421875,1.00006103515625,1.999969482421875,,,1482348,24,1,3,0
4426,1482466,6554,13107,1.00006103515625,1.999969482421875,1.00006103515625,1.999969482421875,,,1482473,24,1,3,0
4427,1482592,6554,13107,1.00006103515625,1.999969482421875,1.00006103515625,1.999969482421875,,,1482599,23,1,3,0
4428,1482717,6554,13107,1.00006103515625,1.999969482421875,1.00006103515625,1.999969482421875,,,1482724,24,1,3,0
4429,1482842,6554,13107,1.00006103515625,1.999969482421875,1.00006103515625,1.999969482421875,,,1482849,24,1,3,0
4430,1482967,6554,13107,1.00006103515625,1.999969482421875,1.00006103515625,1.999969482421875,,,1482974,24,1,3,0
4431,1483093,6554,13107,1.00006103515625,1.999969482421875,1.00006103515625,1.999969482421875,,,1483100,23,1,3,0
4432,1483218,6554,13107,1.00006103515625,1.999969482421875,1.00006103515625,1.999969482421875,,,1483225,24,1,3,0
4433,1483343,6554,13107,1.00006103515625,1.999969482421875,1.00006103515625,1.999969482421875,,,1483350,24,1,3,0
4434,1483468,6554,13107,1.00006103515625,1.999969482421875,1.00006103515625,1.999969482421875,,,1483476,23,1,3,0
4435,1483594,6554,13107,1.00006103515625,1.999969482421875,1.00006103515625,1.999969482421875,,,1483601,23,1,3,0
4436,1483719,6554,13107,1.00006103515625,1.999969482421875,1.00006103515625,1.999969482421875,,,1483726,24,1,3,0
4437,1483844,6554,13107,1.00006103515625,1.999969482421875,1.00006103515625,1.999969482421875,,,1483851,24,1,3,0
4438,1483969,6554,13107,1.00006103515625,1.999969482421875,1.00006103515625,1.999969482421875,,,1483976,24,1,3,0
4439,1484095,6554,13107,1.00006103515625,1.999969482421875,1.00006103515625,1.999969482421875,,,1484102,23,1,3,0
4440,1484220,6554,13107,1.00006103515625,1.999969482421875,1.00006103515625,1.999969482421875,,,1484227,24,1,3,0
4441,1484345,6554,13107,1.00006103515625,1.999969482421875,1.00006103515625,1.999969482421875,,,1484352,24,1,3,0
4442,1484470,6554,13107,1.00006103515625,1.999969482421875,1.00006103515625,1.999969482421875,,,1484477,24,1,3,0
4443,1484596,6554,13107,1.00006103515625,1.999969482421875,1.00006103515625,1.999969482421875,,,1484603,23,1,3,0
4444,1484721,6554,13107,1.00006103515625,1.999969482421875,1.00006103515625,1.999969482421875,,,1484728,24,1,3,0
4445,1484846,6554,13107,1.00006103515625,1.999969482421875,1.00006103515625,1.999969482421875,,,1484853,24,1,3,0
4446,1484971,6554,13107,1.00006103515625,1.999969482421875,1.00006103515625,1.999969482421875,,,1484978,24,1,3,0
4447,1485097,6554,13107,1.00006103515625,1.999969482421875,1.00006103515625,1.999969482421875,,,1485104,23,1,3,0
4448,1485222,6554,13107,1.00006103515625,1.999969482421875,1.00006103515625,1.999969482421875,,,1485229,24,1,3,0
4449,1485347,6554,13107,1.00006103515625,1.999969482421875,1.00006103515625,1.999969482421875,,,1485354,24,1,3,0
4450,1485472,6554,13107,1.00006103515625,1.999969482421875,1.00006103515625,1.999969482421875,,,1485479,24,1,3,0
4451,1485598,6554,13107,1.00006103515625,1.999969482421875,1.00006103515625,1.999969482421875,,,1485605,23,1,3,0
4452,1485723,6554,13107,1.00006103515625,1.999969482421875,1.00006103515625,1.999969482421875,,,1485730,24,1,3,0
4453,1485848,6554,13107,1.00006103515625,1.999969482421875,1.00006103515625,1.999969482421875,,,1485855,24,1,3,0
4454,1485973,6554,13107,1.00006103515625,1.999969482421875,1.00006103515625,1.999969482421875,,,1485980,24,1,3,0
4455,1486099,6554,13107,1.00006103515625,1.999969482421875,1.00006103515625,1.999969482421875,,,1486106,23,1,3,0
4456,1486224,6554,13107,1.00006103515625,1.999969482421875,1.00006103515625,1.999969482421875,,,1486231,24,1,3,0
4457,1486349,6554,13107,1.00006103515625,1.999969482421875,1.00006103515625,1.999969482421875,,,1486356,24,1,3,0
4458,1486474,6554,13107,1.00006103515625,1.999969482421875,1.00006103515625,1.999969482421875,,,1486481,24,1,3,0
4459,1486600,6554,13107,1.00006103515625,1.999969482421875,1.00006103515625,1.999969482421875,,,1486607,23,1,3,0
4460,1486725,6554,13107,1.00006103515625,1.999969482421875,1.00006103515625,1.999969482421875,,,1486732,24,1,3,0
4461,1486850,6554,13107,1.00006103515625,1.999969482421875,1.00006103515625,1.999969482421875,,,1486857,24,1,3,0
4462,1486975,6554,13107,1.00006103515625,1.999969482421875,1.00006103515625,1.999969482421875,,,1486982,24,1,3,0
4463,1487101,6554,13107,1.00006103515625,1.999969482421875,1.00006103515625,1.999969482421875,,,1487108,23,1,3,0
4464,1487226,6554,13107,1.00006103515625,1.999969482421875,1.00006103515625,1.999969482421875,,,1487233,24,1,3,0
4465,1487351,6554,13107,1.00006103515625,1.999969482421875,1.00006103515625,1.999969482421875,,,1487358,24,1,3,0
4466,1487476,6554,13107,1.00006103515625,1.999969482421875,1.00006103515625,1.999969482421875,,,1487483,24,1,3,0
4467,1487602,6554,13107,1.00006103515625,1.999969482421875,1.00006103515625,1.999969482421875,,,1487609,23,1,3,0
4468,1487727,6554,13107,1.00006103515625,1.999969482421875,1.00006103515625,1.999969482421875,,,1487734,24,1,3,0
4469,1487852,6554,13107,1.00006103515625,1.999969482421875,1.00006103515625,1.999969482421875,,,1487859,24,1,3,0
4470,1487977,6554,13107,1.00006103515625,1.999969482421875,1.00006103515625,1.999969482421875,,,1487984,24,1,3,0
4471,1488103,6554,13107,1.00006103515625,1.999969482421875,1.00006103515625,1.999969482421875,,,1488110,23,1,3,0
4472,1488228,6554,13107,1.00006103515625,1.999969482421875,1.00006103515625,1.999969482421875,,,1488235,24,1,3,0
4473,1488353,6554,13107,1.00006103515625,1.999969482421875,1.00006103515625,1.999969482421875,,,1488360,24,1,3,0
4474,1488478,6554,13107,1.00006103515625,1.999969482421875,1.00006103515625,1.999969482421875,,,1488486,24,1,3,0
4475,1488604,6554,13107,1.00006103515625,1.999969482421875,1.00006103515625,1.999969482421875,,,1488611,23,1,3,0
4476,1488729,6554,13107,1.00006103515625,1.999969482421875,1.00006103515625,1.999969482421875,,,1488736,24,1,3,0
4477,1488854,6554,13107,1.00006103515625,1.999969482421875,1.00006103515625,1.999969482421875,,,1488861,24,1,3,0
4478,1488979,6554,13107,1.00006103515625,1.999969482421875,1.00006103515625,1.999969482421875,,,1488986,24,1,3,0
4479,1489105,6554,13107,1.00006103515625,1.999969482421875,1.00006103515625,1.999969482421875,,,1489112,23,1,3,0
4480,1489230,6554,13107,1.00006103515625,1.999969482421875,1.00006103515625,1.999969482421875,,,1489237,24,1,3,0
4481,1489355,6554,13107,1.00006103515625,1.999969482421875,1.00006103515625,1.999969482421875,,,1489362,24,1,3,0
4482,1489480,6554,13107,1.00006103515625,1.999969482421875,1.00006103515625,1.999969482421875,,,1489487,24,1,3,0
4483,1489606,6554,13107,1.00006103515625,1.999969482421875,1.00006103515625,1.999969482421875,,,1489613,23,1,3,0
4484,1489731,6554,13107,1.00006103515625,1.999969482421875,1.00006103515625,1.999969482421875,,,1489738,24,1,3,0
4485,1489856,6554,13107,1.00006103515625,1.999969482421875,1.00006103515625,1.999969482421875,,,1489863,24,1,3,0
4486,1489981,6554,13107,1.00006103515625,1.999969482421875,1.00006103515625,1.999969482421875,,,1489988,24,1,3,0
4487,1490107,6554,13107,1.00006103515625,1.999969482421875,1.00006103515625,1.999969482421875,,,1490114,23,1,3,0
4488,1490232,6554,13107,1.00006103515625,1.999969482421875,1.00006103515625,1.999969482421875,,,1490239,24,1,3,0
4489,1490357,6554,13107,1.00006103515625,1.999969482421875,1.00006103515625,1.999969482421875,,,1490364,24,1,3,0
4490,1490482,6554,13107,1.00006103515625,1.999969482421875,1.00006103515625,1.999969482421875,,,1490489,24,1,3,0
4491,1490608,6554,13107,1.00006103515625,1.999969482421875,1.00006103515625,1.999969482421875,,,1490615,23,1,3,0
4492,1490733,6554,13107,1.00006103515625,1.999969482421875,1.00006103515625,1.999969482421875,,,1490741,24,1,3,0
4493,1490858,6554,13107,1.00006103515625,1.999969482421875,1.00006103515625,1.999969482421875,,,1490865,24,1,3,0
4494,1490983,6554,13107,1.00006103515625,1.999969482421875,1.00006103515625,1.999969482421875,,,1490990,24,1,3,0
4495,1491109,6554,13107,1.00006103515625,1.999969482421875,1.00006103515625,1.999969482421875,,,1491116,23,1,3,0
4496,1491234,6554,13107,1.00006103515625,1.999969482421875,1.00006103515625,1.999969482421875,,,1491241,24,1,3,0
4497,1491359,6554,13107,1.00006103515625,1.999969482421875,1.00006103515625,1.999969482421875,,,1491366,24,1,3,0
4498,1491484,6554,13107,1.00006103515625,1.999969482421875,1.00006103515625,1.999969482421875,,,1491491,24,1,3,0
4499,1491610,6554,13107,1.00006103515625,1.999969482421875,1.00006103515625,1.999969482421875,,,1491617,26,1,3,0
4500,1491735,6554,13107,1.00006103515625,1.999969482421875,1.00006103515625,1.999969482421875,,,1491742,24,1,3,0
4501,1491860,6554,13107,1.00006103515625,1.999969482421875,1.00006103515625,1.999969482421875,,,1491867,24,1,3,0
4502,1491985,6554,13107,1.00006103515625,1.999969482421875,1.00006103515625,1.999969482421875,,,1491992,24,1,3,0
4503,1492111,6554,13107,1.00006103515625,1.999969482421875,1.00006103515625,1.999969482421875,,,1492118,23,1,3,0
4504,1492236,6554,13107,1.00006103515625,1.999969482421875,1.00006103515625,1.999969482421875,,,1492243,24,1,3,0
4505,1492361,6554,13107,1.00006103515625,1.999969482421875,1.00006103515625,1.999969482421875,,,1492368,24,1,3,0
4506,1492486,6554,13107,1.00006103515625,1.999969482421875,1.00006103515625,1.999969482421875,,,1492493,24,1,3,0
4507,1492612,6554,13107,1.00006103515625,1.999969482421875,1.00006103515625,1.999969482421875,,,1492619,25,1,3,0
4508,1492737,6554,13107,1.00006103515625,1.999969482421875,1.00006103515625,1.999969482421875,,,1492744,24,1,3,0
4509,1492862,6554,13107,1.00006103515625,1.999969482421875,1.00006103515625,1.999969482421875,,,1492869,24,1,3,0
4510,1492987,6554,13107,1.00006103515625,1.999969482421875,1.00006103515625,1.999969482421875,,,1492994,24,1,3,0
4511,1493113,6554,13107,1.00006103515625,1.999969482421875,1.00006103515625,1.999969482421875,,,1493120,23,1,3,0
4512,1493238,6554,13107,1.00006103515625,1.999969482421875,1.00006103515625,1.999969482421875,,,1493245,24,1,3,0
4513,1493363,6554,13107,1.00006103515625,1.999969482421875,1.00006103515625,1.999969482421875,,,1493370,24,1,3,0
4514,1493488,6554,13107,1.00006103515625,1.999969482421875,1.00006103515625,1.999969482421875,,,1493495,24,1,3,0
4515,1493614,6554,13107,1.00006103515625,1.999969482421875,1.00006103515625,1.999969482421875,,,1493621,23,1,3,0
4516,1493739,6554,13107,1.00006103515625,1.999969482421875,1.00006103515625,1.999969482421875,,,1493746,24,1,3,0
4517,1493864,6554,13107,1.00006103515625,1.999969482421875,1.00006103515625,1.999969482421875,,,1493871,24,1,3,0
4518,1493989,6554,13107,1.00006103515625,1.999969482421875,1.00006103515625,1.999969482421875,,,1493996,24,1,3,0
4519,1494115,6554,13107,1.00006103515625,1.999969482421875,1.00006103515625,1.999969482421875,,,1494122,23,1,3,0
4520,1494240,6554,13107,1.00006103515625,1.999969482421875,1.00006103515625,1.999969482421875,,,1494247,24,1,3,0
4521,1494365,6554,13107,1.00006103515625,1.999969482421875,1.00006103515625,1.999969482421875,,,1494372,24,1,3,0
4522,1494490,6554,13107,1.00006103515625,1.999969482421875,1.00006103515625,1.999969482421875,,,1494497,24,1,3,0
4523,1494616,6554,13107,1.00006103515625,1.999969482421875,1.00006103515625,1.999969482421875,,,1494623,23,1,3,0
4524,1494741,6554,13107,1.00006103515625,1.999969482421875,1.00006103515625,1.999969482421875,,,1494748,24,1,3,0
4525,1494866,6554,13107,1.00006103515625,1.999969482421875,1.00006103515625,1.999969482421875,,,1494873,24,1,3,0
4526,1494991,6554,13107,1.00006103515625,1.999969482421875,1.00006103515625,1.999969482421875,,,1494998,24,1,3,0
4527,1495117,6554,13107,1.00006103515625,1.999969482421875,1.00006103515625,1.999969482421875,,,1495124,23,1,3,0
4528,1495242,6554,13107,1.00006103515625,1.999969482421875,1.00006103515625,1.999969482421875,,,1495249,24,1,3,0
4529,1495367,6554,13107,1.00006103515625,1.999969482421875,1.00006103515625,1.999969482421875,,,1495374,24,1,3,0
4530,1495492,6554,13107,1.00006103515625,1.999969482421875,1.00006103515625,1.999969482421875,,,1495499,24,1,3,0
4531,1495618,6554,13107,1.00006103515625,1.999969482421875,1.00006103515625,1.999969482421875,,,1495625,23,1,3,0
4532,1495743,6554,13107,1.00006103515625,1.999969482421875,1.00006103515625,1.999969482421875,,,1495750,24,1,3,0
4533,1495868,6554,13107,1.00006103515625,1.999969482421875,1.00006103515625,1.999969482421875,,,1495875,24,1,3,0
4534,1495993,6554,13107,1.00006103515625,1.999969482421875,1.00006103515625,1.999969482421875,,,1496000,24,1,3,0
4535,1496119,6554,13107,1.00006103515625,1.999969482421875,1.00006103515625,1.999969482421875,,,1496126,23,1,3,0
4536,1496244,6554,13107,1.00006103515625,1.999969482421875,1.00006103515625,1.999969482421875,,,1496251,24,1,3,0
4537,1496369,6554,13107,1.00006103515625,1.999969482421875,1.00006103515625,1.999969482421875,,,1496376,24,1,3,0
4538,1496494,6554,13107,1.00006103515625,1.999969482421875,1.00006103515625,1.999969482421875,,,1496501,24,1,3,0
4539,1496620,6554,13107,1.00006103515625,1.999969482421875,1.00006103515625,1.999969482421875,,,1496627,23,1,3,0
4540,1496745,6554,13107,1.00006103515625,1.999969482421875,1.00006103515625,1.999969482421875,,,1496752,24,1,3,0
4541,1496870,6554,13107,1.00006103515625,1.999969482421875,1.00006103515625,1.999969482421875,,,1496877,24,1,3,0
4542,1496995,6554,13107,1.00006103515625,1.999969482421875,1.00006103515625,1.999969482421875,,,1497002,24,1,3,0
4543,1497121,6554,13107,1.00006103515625,1.999969482421875,1.00006103515625,1.999969482421875,,,1497128,23,1,3,0
4544,1497246,6554,13107,1.00006103515625,1.999969482421875,1.00006103515625,1.999969482421875,,,1497253,24,1,3,0
4545,1497371,6554,13107,1.00006103515625,1.999969482421875,1.00006103515625,1.999969482421875,,,1497378,24,1,3,0
4546,1497496,6554,13107,1.00006103515625,1.999969482421875,1.00006103515625,1.999969482421875,,,1497504,24,1,3,0
4547,1497622,6554,13107,1.00006103515625,1.999969482421875,1.00006103515625,1.999969482421875,,,1497629,23,1,3,0
4548,1497747,6554,13107,1.00006103515625,1.999969482421875,1.00006103515625,1.999969482421875,,,1497754,24,1,3,0
4549,1497872,6554,13107,1.00006103515625,1.999969482421875,1.00006103515625,1.999969482421875,,,1497879,24,1,3,0
4550,1497997,6554,13107,1.00006103515625,1.999969482421875,1.00006103515625,1.999969482421875,,,1498004,24,1,3,0
4551,1498123,6554,13107,1.00006103515625,1.999969482421875,1.00006103515625,1.999969482421875,,,1498130,23,1,3,0
4552,1498248,6554,13107,1.00006103515625,1.999969482421875,1.00006103515625,1.999969482421875,,,1498255,24,1,3,0
4553,1498373,6554,13107,1.00006103515625,1.999969482421875,1.00006103515625,1.999969482421875,,,1498380,24,1,3,0
4554,1498498,6554,13107,1.00006103515625,1.999969482421875,1.00006103515625,1.999969482421875,,,1498507,23,1,3,0
4555,1498624,6554,13107,1.00006103515625,1.999969482421875,1.00006103515625,1.999969482421875,,,1498631,23,1,3,0
4556,1498749,6554,13107,1.00006103515625,1.999969482421875,1.00006103515625,1.999969482421875,,,1498756,24,1,3,0
4557,1498874,6554,13107,1.00006103515625,1.999969482421875,1.00006103515625,1.999969482421875,,,1498881,24,1,3,0
4558,1498999,6554,13107,1.00006103515625,1.999969482421875,1.00006103515625,1.999969482421875,,,1499006,24,1,3,0
4559,1499125,6554,13107,1.00006103515625,1.999969482421875,1.00006103515625,1.999969482421875,,,1499132,23,1,3,0
4560,1499250,6554,13107,1.00006103515625,1.999969482421875,1.00006103515625,1.999969482421875,,,1499257,24,1,3,0
4561,1499375,6554,13107,1.00006103515625,1.999969482421875,1.00006103515625,1.999969482421875,,,1499382,24,1,3,0
4562,1499500,6554,13107,1.00006103515625,1.999969482421875,1.00006103515625,1.999969482421875,,,1499508,24,1,3,0
4563,1499626,6554,13107,1.00006103515625,1.999969482421875,1.00006103515625,1.999969482421875,,,1499633,23,1,3,0
4564,1499751,6554,13107,1.00006103515625,1.999969482421875,1.00006103515625,1.999969482421875,,,1499758,24,1,3,0
4565,1499876,6554,13107,1.00006103515625,1.999969482421875,1.00006103515625,1.999969482421875,,,1499883,24,1,3,0
4566,1500001,6554,13107,1.00006103515625,1.999969482421875,1.00006103515625,1.999969482421875,,,1500010,23,1,3,0
4567,1500127,6554,13107,1.00006103515625,1.999969482421875,1.00006103515625,1.999969482421875,,,1500134,23,1,3,0
4568,1500252,6554,13107,1.00006103515625,1.999969482421875,1.00006103515625,1.999969482421875,,,1500259,24,1,3,0
4569,1500377,6554,13107,1.00006103515625,1.999969482421875,1.00006103515625,1.999969482421875,,,1500384,24,1,3,0
4570,1500502,6554,13107,1.00006103515625,1.999969482421875,1.00006103515625,1.999969482421875,,,1500509,24,1,3,0
4571,1500628,6554,13107,1.00006103515625,1.999969482421875,1.00006103515625,1.999969482421875,,,1500635,26,1,3,0
4572,1500753,6554,13107,1.00006103515625,1.999969482421875,1.00006103515625,1.999969482421875,,,1500760,24,1,3,0
4573,1500878,6554,13107,1.00006103515625,1.999969482421875,1.00006103515625,1.999969482421875,,,1500885,24,1,3,0
4574,1501003,6554,13107,1.00006103515625,1.999969482421875,1.00006103515625,1.999969482421875,,,1501010,24,1,3,0
4575,1501129,6554,13107,1.00006103515625,1.999969482421875,1.00006103515625,1.999969482421875,,,1501136,23,1,3,0
4576,1501254,6554,13107,1.00006103515625,1.999969482421875,1.00006103515625,1.999969482421875,,,1501261,24,1,3,0
4577,1501379,6554,13107,1.00006103515625,1.999969482421875,1.00006103515625,1.999969482421875,,,1501386,24,1,3,0
4578,1501504,6554,13107,1.00006103515625,1.999969482421875,1.00006103515625,1.999969482421875,,,1501511,24,1,3,0
4579,1501630,6554,13107,1.00006103515625,1.999969482421875,1.00006103515625,1.999969482421875,,,1501637,26,1,3,0
4580,1501755,6554,13107,1.00006103515625,1.999969482421875,1.00006103515625,1.999969482421875,,,1501762,24,1,3,0
4581,1501880,6554,13107,1.00006103515625,1.999969482421875,1.00006103515625,1.999969482421875,,,1501887,24,1,3,0
4582,1502005,6554,13107,1.00006103515625,1.999969482421875,1.00006103515625,1.999969482421875,,,1502012,24,1,3,0
4583,1502131,6554,13107,1.00006103515625,1.999969482421875,1.00006103515625,1.999969482421875,,,1502138,23,1,3,0
4584,1502256,6554,13107,1.00006103515625,1.999969482421875,1.00006103515625,1.999969482421875,,,1502263,24,1,3,0
4585,1502381,6554,13107,1.00006103515625,1.999969482421875,1.00006103515625,1.999969482421875,,,1502388,24,1,3,0
4586,1502507,6554,13107,1.00006103515625,1.999969482421875,1.00006103515625,1.999969482421875,,,1502514,23,1,3,0
4587,1502632,6554,13107,1.00006103515625,1.999969482421875,1.00006103515625,1.999969482421875,,,1502639,26,1,3,0
4588,1502757,6554,13107,1.00006103515625,1.999969482421875,1.00006103515625,1.999969482421875,,,1502764,24,1,3,0
4589,1502882,6554,13107,1.00006103515625,1.999969482421875,1.00006103515625,1.999969482421875,,,1502889,24,1,3,0
4590,1503008,6554,13107,1.00006103515625,1.999969482421875,1.00006103515625,1.999969482421875,,,1503015,23,1,3,0
4591,1503133,6554,13107,1.00006103515625,1.999969482421875,1.00006103515625,1.999969482421875,,,1503140,24,1,3,0
4592,1503258,6554,13107,1.00006103515625,1.999969482421875,1.00006103515625,1.999969482421875,,,1503265,24,1,3,0
4593,1503383,6554,13107,1.00006103515625,1.999969482421875,1.00006103515625,1.999969482421875,,,1503392,24,1,3,0
4594,1503509,6554,13107,1.00006103515625,1.999969482421875,1.00006103515625,1.999969482421875,,,1503516,24,1,3,0
4595,1503634,6554,13107,1.00006103515625,1.999969482421875,1.00006103515625,1.999969482421875,,,1503643,24,1,3,0
4596,1503759,6554,13107,1.00006103515625,1.999969482421875,1.00006103515625,1.999969482421875,,,1503766,24,1,3,0
4597,1503884,6554,13107,1.00006103515625,1.999969482421875,1.00006103515625,1.999969482421875,,,1503891,24,1,3,0
4598,1504010,6554,13107,1.00006103515625,1.999969482421875,1.00006103515625,1.999969482421875,,,1504017,23,1,3,0
4599,1504135,6554,13107,1.00006103515625,1.999969482421875,1.00006103515625,1.999969482421875,,,1504143,24,1,3,0
4600,1504260,6554,13107,1.00006103515625,1.999969482421875,1.00006103515625,1.999969482421875,,,1504267,24,1,3,0
4601,1504385,6554,13107,1.00006103515625,1.999969482421875,1.00006103515625,1.999969482421875,,,1504392,24,1,3,0
4602,1504511,6554,13107,1.00006103515625,1.999969482421875,1.00006103515625,1.999969482421875,,,1504518,24,1,3,0
4603,1504636,6554,13107,1.00006103515625,1.999969482421875,1.00006103515625,1.999969482421875,,,1504644,24,1,3,0
4604,1504761,6554,13107,1.00006103515625,1.999969482421875,1.00006103515625,1.999969482421875,,,1504768,24,1,3,0
4605,1504886,6554,13107,1.00006103515625,1.999969482421875,1.00006103515625,1.999969482421875,,,1504893,24,1,3,0
4606,1505012,6554,13107,1.00006103515625,1.999969482421875,1.00006103515625,1.999969482421875,,,1505019,23,1,3,0
4607,1505137,6554,13107,1.00006103515625,1.999969482421875,1.00006103515625,1.999969482421875,,,1505146,24,1,3,0
4608,1505262,6554,13107,1.00006103515625,1.999969482421875,1.00006103515625,1.999969482421875,,,1505269,24,1,3,0
4609,1505387,6554,13107,1.00006103515625,1.999969482421875,1.00006103515625,1.999969482421875,,,1505394,24,1,3,0
4610,1505513,6554,13107,1.00006103515625,1.999969482421875,1.00006103515625,1.999969482421875,,,1505520,23,1,3,0
4611,1505638,6554,13107,1.00006103515625,1.999969482421875,1.00006103515625,1.999969482421875,,,1505646,24,1,3,0
4612,1505763,6554,13107,1.00006103515625,1.999969482421875,1.00006103515625,1.999969482421875,,,1505770,24,1,3,0
4613,1505888,6554,13107,1.00006103515625,1.999969482421875,1.00006103515625,1.999969482421875,,,1505895,24,1,3,0
4614,1506014,6554,13107,1.00006103515625,1.999969482421875,1.00006103515625,1.999969482421875,,,1506021,23,1,3,0
4615,1506139,6554,13107,1.00006103515625,1.999969482421875,1.00006103515625,1.999969482421875,,,1506147,23,1,3,0
4616,1506264,6554,13107,1.00006103515625,1.999969482421875,1.00006103515625,1.999969482421875,,,1506271,24,1,3,0
4617,1506389,6554,13107,1.00006103515625,1.999969482421875,1.00006103515625,1.999969482421875,,,1506397,24,1,3,0
4618,1506515,6554,13107,1.00006103515625,1.999969482421875,1.00006103515625,1.999969482421875,,,1506522,23,1,3,0
4619,1506640,6554,13107,1.00006103515625,1.999969482421875,1.00006103515625,1.999969482421875,,,1506648,24,1,3,0
4620,1506765,6554,13107,1.00006103515625,1.999969482421875,1.00006103515625,1.999969482421875,,,1506772,24,1,3,0
4621,1506890,6554,13107,1.00006103515625,1.999969482421875,1.00006103515625,1.999969482421875,,,1506897,24,1,3,0
4622,1507016,6554,13107,1.00006103515625,1.999969482421875,1.00006103515625,1.999969482421875,,,1507023,23,1,3,0
4623,1507141,6554,13107,1.00006103515625,1.999969482421875,1.00006103515625,1.999969482421875,,,1507148,24,1,3,0
4624,1507266,6554,13107,1.00006103515625,1.999969482421875,1.00006103515625,1.999969482421875,,,1507273,24,1,3,0
4625,1507391,6554,13107,1.00006103515625,1.999969482421875,1.00006103515625,1.999969482421875,,,1507398,24,1,3,0
4626,1507517,6554,13107,1.00006103515625,1.999969482421875,1.00006103515625,1.999969482421875,,,1507524,24,1,3,0
4627,1507643,6554,13107,1.00006103515625,1.999969482421875,1.00006103515625,1.999969482421875,,,1507650,23,1,3,0
4628,1507768,6554,13107,1.00006103515625,1.999969482421875,1.00006103515625,1.999969482421875,,,1507775,23,1,3,0
4629,1507893,6554,13107,1.00006103515625,1.999969482421875,1.00006103515625,1.999969482421875,,,1507900,24,1,3,0
4630,1508018,6554,13107,1.00006103515625,1.999969482421875,1.00006103515625,1.999969482421875,,,1508025,24,1,3,0
4631,1508144,6554,13107,1.00006103515625,1.999969482421875,1.00006103515625,1.999969482421875,,,1508151,23,1,3,0
4632,1508269,6554,13107,1.00006103515625,1.999969482421875,1.00006103515625,1.999969482421875,,,1508276,23,1,3,0
4633,1508394,6554,13107,1.00006103515625,1.999969482421875,1.00006103515625,1.999969482421875,,,1508401,24,1,3,0
4634,1508519,6554,13107,1.00006103515625,1.999969482421875,1.00006103515625,1.999969482421875,,,1508526,24,1,3,0
4635,1508645,6554,13107,1.00006103515625,1.999969482421875,1.00006103515625,1.999969482421875,,,1508652,23,1,3,0
4636,1508770,6554,13107,1.00006103515625,1.999969482421875,1.00006103515625,1.999969482421875,,,1508777,24,1,3,0
4637,1508895,6554,13107,1.00006103515625,1.999969482421875,1.00006103515625,1.999969482421875,,,1508902,24,1,3,0
4638,1509021,6554,13107,1.00006103515625,1.999969482421875,1.00006103515625,1.999969482421875,,,1509028,23,1,3,0
4639,1509146,6554,13107,1.00006103515625,1.999969482421875,1.00006103515625,1.999969482421875,,,1509153,24,1,3,0
4640,1509271,6554,13107,1.00006103515625,1.999969482421875,1.00006103515625,1.999969482421875,,,1509278,24,1,3,0
4641,1509396,6554,13107,1.00006103515625,1.999969482421875,1.00006103515625,1.999969482421875,,,1509403,24,1,3,0
4642,1509522,6554,13107,1.00006103515625,1.999969482421875,1.00006103515625,1.999969482421875,,,1509529,23,1,3,0
4643,1509647,6554,13107,1.00006103515625,1.999969482421875,1.00006103515625,1.999969482421875,,,1509654,24,1,3,0
4644,1509772,6554,13107,1.00006103515625,1.999969482421875,1.00006103515625,1.999969482421875,,,1509779,24,1,3,0
4645,1509897,6554,13107,1.00006103515625,1.999969482421875,1.00006103515625,1.999969482421875,,,1509904,24,1,3,0
4646,1510023,6554,13107,1.00006103515625,1.999969482421875,1.00006103515625,1.999969482421875,,,1510030,23,1,3,0
4647,1510148,6554,13107,1.00006103515625,1.999969482421875,1.00006103515625,1.999969482421875,,,1510155,24,1,3,0
4648,1510273,6554,13107,1.00006103515625,1.999969482421875,1.00006103515625,1.999969482421875,,,1510280,24,1,3,0
4649,1510398,6554,13107,1.00006103515625,1.999969482421875,1.00006103515625,1.999969482421875,,,1510405,24,1,3,0
4650,1510524,6554,13107,1.00006103515625,1.999969482421875,1.00006103515625,1.999969482421875,,,1510531,23,1,3,0
4651,1510649,6554,13107,1.00006103515625,1.999969482421875,1.00006103515625,1.999969482421875,,,1510656,24,1,3,0
4652,1510774,6554,13107,1.00006103515625,1.999969482421875,1.00006103515625,1.999969482421875,,,1510781,24,1,3,0
4653,1510899,6554,13107,1.00006103515625,1.999969482421875,1.00006103515625,1.999969482421875,,,1510906,24,1,3,0
4654,1511025,6554,13107,1.00006103515625,1.999969482421875,1.00006103515625,1.999969482421875,,,1511032,23,1,3,0
4655,1511150,6554,13107,1.00006103515625,1.999969482421875,1.00006103515625,1.999969482421875,,,1511157,24,1,3,0
4656,1511275,6554,13107,1.00006103515625,1.999969482421875,1.00006103515625,1.999969482421875,,,1511282,24,1,3,0
4657,1511400,6554,13107,1.00006103515625,1.999969482421875,1.00006103515625,1.999969482421875,,,1511407,24,1,3,0
4658,1511526,6554,13107,1.00006103515625,1.999969482421875,1.00006103515625,1.999969482421875,,,1511533,23,1,3,0
4659,1511651,6554,13107,1.00006103515625,1.999969482421875,1.00006103515625,1.999969482421875,,,1511658,24,1,3,0
4660,1511776,6554,13107,1.00006103515625,1.999969482421875,1.00006103515625,1.999969482421875,,,1511783,24,1,3,0
4661,1511901,6554,13107,1.00006103515625,1.999969482421875,1.00006103515625,1.999969482421875,,,1511908,24,1,3,0
4662,1512027,6554,13107,1.00006103515625,1.999969482421875,1.00006103515625,1.999969482421875,,,1512034,23,1,3,0
4663,1512152,6554,13107,1.00006103515625,1.999969482421875,1.00006103515625,1.999969482421875,,,1512159,24,1,3,0
4664,1512277,6554,13107,1.00006103515625,1.999969482421875,1.00006103515625,1.999969482421875,,,1512284,24,1,3,0
4665,1512402,6554,13107,1.00006103515625,1.999969482421875,1.00006103515625,1.999969482421875,,,1512409,24,1,3,0
4666,1512530,6554,13107,1.00006103515625,1.999969482421875,1.00006103515625,1.999969482421875,,,1512538,24,1,3,0
4667,1512654,6554,13107,1.00006103515625,1.999969482421875,1.00006103515625,1.999969482421875,,,1512661,23,1,3,0
4668,1512779,6554,13107,1.00006103515625,1.999969482421875,1.00006103515625,1.999969482421875,,,1512786,23,1,3,0
4669,1512904,6554,13107,1.00006103515625,1.999969482421875,1.00006103515625,1.999969482421875,,,1512911,24,1,3,0
4670,1513029,6554,13107,1.00006103515625,1.999969482421875,1.00006103515625,1.999969482421875,,,1513036,24,1,3,0
4671,1513155,6554,13107,1.00006103515625,1.999969482421875,1.00006103515625,1.999969482421875,,,1513162,23,1,3,0
4672,1513280,6554,13107,1.00006103515625,1.999969482421875,1.00006103515625,1.999969482421875,,,1513287,23,1,3,0
4673,1513405,6554,13107,1.00006103515625,1.999969482421875,1.00006103515625,1.999969482421875,,,1513412,24,1,3,0
4674,1513530,6554,13107,1.00006103515625,1.999969482421875,1.00006103515625,1.999969482421875,,,1513537,24,1,3,0
4675,1513656,6554,13107,1.00006103515625,1.999969482421875,1.00006103515625,1.999969482421875,,,1513663,23,1,3,0
4676,1513781,6554,13107,1.00006103515625,1.999969482421875,1.00006103515625,1.999969482421875,,,1513788,23,1,3,0
4677,1513906,6554,13107,1.00006103515625,1.999969482421875,1.00006103515625,1.999969482421875,,,1513913,24,1,3,0
4678,1514031,6554,13107,1.00006103515625,1.999969482421875,1.00006103515625,1.999969482421875,,,1514038,24,1,3,0
4679,1514157,6554,13107,1.00006103515625,1.999969482421875,1.00006103515625,1.999969482421875,,,1514164,23,1,3,0
4680,1514282,6554,13107,1.00006103515625,1.999969482421875,1.00006103515625,1.999969482421875,,,1514289,23,1,3,0
4681,1514407,6554,13107,1.00006103515625,1.999969482421875,1.00006103515625,1.999969482421875,,,1514414,24,1,3,0
4682,1514532,6554,13107,1.00006103515625,1.999969482421875,1.00006103515625,1.999969482421875,,,1514539,24,1,3,0
4683,1514658,6554,13107,1.00006103515625,1.999969482421875,1.00006103515625,1.999969482421875,,,1514665,23,1,3,0
4684,1514783,6554,13107,1.00006103515625,1.999969482421875,1.00006103515625,1.999969482421875,,,1514790,24,1,3,0
4685,1514908,6554,13107,1.00006103515625,1.999969482421875,1.00006103515625,1.999969482421875,,,1514915,24,1,3,0
4686,1515033,6554,13107,1.00006103515625,1.999969482421875,1.00006103515625,1.999969482421875,,,1515040,24,1,3,0
4687,1515159,6554,13107,1.00006103515625,1.999969482421875,1.00006103515625,1.999969482421875,,,1515166,23,1,3,0
4688,1515284,6554,13107,1.00006103515625,1.999969482421875,1.00006103515625,1.999969482421875,,,1515291,24,1,3,0
4689,1515409,6554,13107,1.00006103515625,1.999969482421875,1.00006103515625,1.999969482421875,,,1515416,24,1,3,0
4690,1515534,6554,13107,1.00006103515625,1.999969482421875,1.00006103515625,1.999969482421875,,,1515541,24,1,3,0
4691,1515660,6554,13107,1.00006103515625,1.999969482421875,1.00006103515625,1.999969482421875,,,1515667,23,1,3,0
4692,1515785,6554,13107,1.00006103515625,1.999969482421875,1.00006103515625,1.999969482421875,,,1515792,24,1,3,0
4693,1515910,6554,13107,1.00006103515625,1.999969482421875,1.00006103515625,1.999969482421875,,,1515917,24,1,3,0
4694,1516035,6554,13107,1.00006103515625,1.999969482421875,1.00006103515625,1.999969482421875,,,1516042,24,1,3,0
4695,1516161,6554,13107,1.00006103515625,1.999969482421875,1.00006103515625,1.999969482421875,,,1516168,23,1,3,0
4696,1516286,6554,13107,1.00006103515625,1.999969482421875,1.00006103515625,1.999969482421875,,,1516293,24,1,3,0
4697,1516411,6554,13107,1.00006103515625,1.999969482421875,1.00006103515625,1.999969482421875,,,1516418,24,1,3,0
4698,1516536,6554,13107,1.00006103515625,1.999969482421875,1.00006103515625,1.999969482421875,,,1516543,24,1,3,0
4699,1516662,6554,13107,1.00006103515625,1.999969482421875,1.00006103515625,1.999969482421875,,,1516669,23,1,3,0
4700,1516787,6554,13107,1.00006103515625,1.999969482421875,1.00006103515625,1.999969482421875,,,1516794,24,1,3,0
4701,1516912,6554,13107,1.00006103515625,1.999969482421875,1.00006103515625,1.999969482421875,,,1516919,24,1,3,0
4702,1517037,6554,13107,1.00006103515625,1.999969482421875,1.00006103515625,1.999969482421875,,,1517044,24,1,3,0
4703,1517163,6554,13107,1.00006103515625,1.999969482421875,1.00006103515625,1.999969482421875,,,1517170,23,1,3,0
4704,1517288,6554,13107,1.00006103515625,1.999969482421875,1.00006103515625,1.999969482421875,,,1517295,24,1,3,0
4705,1517413,6554,13107,1.00006103515625,1.999969482421875,1.00006103515625,1.999969482421875,,,1517420,24,1,3,0
4706,1517538,6554,13107,1.00006103515625,1.999969482421875,1.00006103515625,1.999969482421875,,,1517545,24,1,3,0
4707,1517664,6554,13107,1.00006103515625,1.999969482421875,1.00006103515625,1.999969482421875,,,1517671,23,1,3,0
4708,1517789,6554,13107,1.00006103515625,1.999969482421875,1.00006103515625,1.999969482421875,,,1517796,24,1,3,0
4709,1517914,6554,13107,1.00006103515625,1.999969482421875,1.00006103515625,1.999969482421875,,,1517921,24,1,3,0
4710,1518039,6554,13107,1.00006103515625,1.999969482421875,1.00006103515625,1.999969482421875,,,1518046,24,1,3,0
4711,1518165,6554,13107,1.00006103515625,1.999969482421875,1.00006103515625,1.999969482421875,,,1518172,23,1,3,0
4712,1518290,6554,13107,1.00006103515625,1.999969482421875,1.00006103515625,1.999969482421875,,,1518297,24,1,3,0
4713,1518415,6554,13107,1.00006103515625,1.999969482421875,1.00006103515625,1.999969482421875,,,1518422,24,1,3,0
4714,1518540,6554,13107,1.00006103515625,1.999969482421875,1.00006103515625,1.999969482421875,,,1518547,24,1,3,0
4715,1518666,6554,13107,1.00006103515625,1.999969482421875,1.00006103515625,1.999969482421875,,,1518673,23,1,3,0
4716,1518791,6554,13107,1.00006103515625,1.999969482421875,1.00006103515625,1.999969482421875,,,1518798,24,1,3,0
4717,1518916,6554,13107,1.00006103515625,1.999969482421875,1.00006103515625,1.999969482421875,,,1518923,24,1,3,0
4718,1519041,6554,13107,1.00006103515625,1.999969482421875,1.00006103515625,1.999969482421875,,,1519048,24,1,3,0
4719,1519167,6554,13107,1.00006103515625,1.999969482421875,1.00006103515625,1.999969482421875,,,1519174,23,1,3,0
4720,1519292,6554,13107,1.00006103515625,1.999969482421875,1.00006103515625,1.999969482421875,,,1519299,24,1,3,0
4721,1519417,6554,13107,1.00006103515625,1.999969482421875,1.00006103515625,1.999969482421875,,,1519424,24,1,3,0
4722,1519542,6554,13107,1.00006103515625,1.999969482421875,1.00006103515625,1.999969482421875,,,1519549,24,1,3,0
4723,1519668,6554,13107,1.00006103515625,1.999969482421875,1.00006103515625,1.999969482421875,,,1519675,23,1,3,0
4724,1519793,6554,13107,1.00006103515625,1.999969482421875,1.00006103515625,1.999969482421875,,,1519800,24,1,3,0
4725,1519918,6554,13107,1.00006103515625,1.999969482421875,1.00006103515625,1.999969482421875,,,1519925,24,1,3,0
4726,1520043,6554,13107,1.00006103515625,1.999969482421875,1.00006103515625,1.999969482421875,,,1520050,24,1,3,0
4727,1520169,6554,13107,1.00006103515625,1.999969482421875,1.00006103515625,1.999969482421875,,,1520176,23,1,3,0
4728,1520294,6554,13107,1.00006103515625,1.999969482421875,1.00006103515625,1.999969482421875,,,1520301,24,1,3,0
4729,1520419,6554,13107,1.00006103515625,1.999969482421875,1.00006103515625,1.999969482421875,,,1520426,24,1,3,0
4730,1520544,6554,13107,1.00006103515625,1.999969482421875,1.00006103515625,1.999969482421875,,,1520552,24,1,3,0
4731,1520670,6554,13107,1.00006103515625,1.999969482421875,1.00006103515625,1.999969482421875,,,1520677,23,1,3,0
4732,1520795,6554,13107,1.00006103515625,1.999969482421875,1.00006103515625,1.999969482421875,,,1520802,23,1,3,0
4733,1520920,6554,13107,1.00006103515625,1.999969482421875,1.00006103515625,1.999969482421875,,,1520927,24,1,3,0
4734,1521045,6554,13107,1.00006103515625,1.999969482421875,1.00006103515625,1.999969482421875,,,1521052,24,1,3,0
4735,1521171,6554,13107,1.00006103515625,1.999969482421875,1.00006103515625,1.999969482421875,,,1521178,23,1,3,0
4736,1521296,6554,13107,1.00006103515625,1.999969482421875,1.00006103515625,1.999969482421875,,,1521303,23,1,3,0
4737,1521421,6554,13107,1.00006103515625,1.999969482421875,1.00006103515625,1.999969482421875,,,1521428,24,1,3,0
4738,1521546,6554,13107,1.00006103515625,1.999969482421875,1.00006103515625,1.999969482421875,,,1521553,24,1,3,0
4739,1521672,6554,13107,1.00006103515625,1.999969482421875,1.00006103515625,1.999969482421875,,,1521679,23,1,3,0
4740,1521797,6554,13107,1.00006103515625,1.999969482421875,1.00006103515625,1.999969482421875,,,1521804,23,1,3,0
4741,1521922,6554,13107,1.00006103515625,1.999969482421875,1.00006103515625,1.999969482421875,,,1521929,24,1,3,0
4742,1522047,6554,13107,1.00006103515625,1.999969482421875,1.00006103515625,1.999969482421875,,,1522054,24,1,3,0
4743,1522173,6554,13107,1.00006103515625,1.999969482421875,1.00006103515625,1.999969482421875,,,1522180,23,1,3,0
4744,1522298,6554,13107,1.00006103515625,1.999969482421875,1.00006103515625,1.999969482421875,,,1522305,23,1,3,0
4745,1522423,6554,13107,1.00006103515625,1.999969482421875,1.00006103515625,1.999969482421875,,,1522430,24,1,3,0
4746,1522548,6554,13107,1.00006103515625,1.999969482421875,1.00006103515625,1.999969482421875,,,1522555,24,1,3,0
4747,1522674,6554,13107,1.00006103515625,1.999969482421875,1.00006103515625,1.999969482421875,,,1522681,23,1,3,0
4748,1522799,6554,13107,1.00006103515625,1.999969482421875,1.00006103515625,1.999969482421875,,,1522806,23,1,3,0
4749,1522924,6554,13107,1.00006103515625,1.999969482421875,1.00006103515625,1.999969482421875,,,1522931,24,1,3,0
4750,1523049,6554,13107,1.00006103515625,1.999969482421875,1.00006103515625,1.999969482421875,,,1523056,24,1,3,0
4751,1523175,6554,13107,1.00006103515625,1.999969482421875,1.00006103515625,1.999969482421875,,,1523182,23,1,3,0
4752,1523300,6554,13107,1.00006103515625,1.999969482421875,1.00006103515625,1.999969482421875,,,1523307,23,1,3,0
4753,1523425,6554,13107,1.00006103515625,1.999969482421875,1.00006103515625,1.999969482421875,,,1523434,23,1,3,0
4754,1523550,6554,13107,1.00006103515625,1.999969482421875,1.00006103515625,1.999969482421875,,,1523558,24,1,3,0
4755,1523676,6554,13107,1.00006103515625,1.999969482421875,1.00006103515625,1.999969482421875,,,1523683,23,1,3,0
4756,1523801,6554,13107,1.00006103515625,1.999969482421875,1.00006103515625,1.999969482421875,,,1523808,23,1,3,0
4757,1523926,6554,13107,1.00006103515625,1.999969482421875,1.00006103515625,1.999969482421875,,,1523933,24,1,3,0
4758,1524051,6554,13107,1.00006103515625,1.999969482421875,1.00006103515625,1.999969482421875,,,1524058,24,1,3,0
4759,1524177,6554,13107,1.00006103515625,1.999969482421875,1.00006103515625,1.999969482421875,,,1524184,23,1,3,0
4760,1524302,6554,13107,1.00006103515625,1.999969482421875,1.00006103515625,1.999969482421875,,,1524309,23,1,3,0
4761,1524427,6554,13107,1.00006103515625,1.999969482421875,1.00006103515625,1.999969482421875,,,1524434,24,1,3,0
4762,1524552,6554,13107,1.00006103515625,1.999969482421875,1.00006103515625,1.999969482421875,,,1524559,24,1,3,0
4763,1524678,6554,13107,1.00006103515625,1.999969482421875,1.00006103515625,1.999969482421875,,,1524685,23,1,3,0
4764,1524803,6554,13107,1.00006103515625,1.999969482421875,1.00006103515625,1.999969482421875,,,1524810,23,1,3,0
4765,1524928,6554,13107,1.00006103515625,1.999969482421875,1.00006103515625,1.999969482421875,,,1524935,24,1,3,0
4766,1525053,6554,13107,1.00006103515625,1.999969482421875,1.00006103515625,1.999969482421875,,,1525060,24,1,3,0
4767,1525179,6554,13107,1.00006103515625,1.999969482421875,1.00006103515625,1.999969482421875,,,1525186,23,1,3,0
4768,1525304,6554,13107,1.00006103515625,1.999969482421875,1.00006103515625,1.999969482421875,,,1525311,23,1,3,0
4769,1525429,6554,13107,1.00006103515625,1.999969482421875,1.00006103515625,1.999969482421875,,,1525436,24,1,3,0
4770,1525554,6554,13107,1.00006103515625,1.999969482421875,1.00006103515625,1.999969482421875,,,1525561,24,1,3,0
4771,1525680,6554,13107,1.00006103515625,1.999969482421875,1.00006103515625,1.999969482421875,,,1525687,23,1,3,0
4772,1525805,6554,13107,1.00006103515625,1.999969482421875,1.00006103515625,1.999969482421875,,,1525812,23,1,3,0
4773,1525930,6554,13107,1.00006103515625,1.999969482421875,1.00006103515625,1.999969482421875,,,1525937,24,1,3,0
4774,1526055,6554,13107,1.00006103515625,1.999969482421875,1.00006103515625,1.999969482421875,,,1526062,24,1,3,0
4775,1526181,6554,13107,1.00006103515625,1.999969482421875,1.00006103515625,1.999969482421875,,,1526188,23,1,3,0
4776,1526306,6554,13107,1.00006103515625,1.999969482421875,1.00006103515625,1.999969482421875,,,1526313,23,1,3,0
4777,1526431,6554,13107,1.00006103515625,1.999969482421875,1.00006103515625,1.999969482421875,,,1526438,24,1,3,0
4778,1526556,6554,13107,1.00006103515625,1.999969482421875,1.00006103515625,1.999969482421875,,,1526565,24,1,3,0
4779,1526682,6554,13107,1.00006103515625,1.999969482421875,1.00006103515625,1.999969482421875,,,1526689,23,1,3,0
4780,1526807,6554,13107,1.00006103515625,1.999969482421875,1.00006103515625,1.999969482421875,,,1526814,23,1,3,0
4781,1526932,6554,13107,1.00006103515625,1.999969482421875,1.00006103515625,1.999969482421875,,,1526939,24,1,3,0
4782,1527057,6554,13107,1.00006103515625,1.999969482421875,1.00006103515625,1.999969482421875,,,1527064,24,1,3,0
4783,1527183,6554,13107,1.00006103515625,1.999969482421875,1.00006103515625,1.999969482421875,,,1527190,23,1,3,0
4784,1527308,6554,13107,1.00006103515625,1.999969482421875,1.00006103515625,1.999969482421875,,,1527315,23,1,3,0
4785,1527433,6554,13107,1.00006103515625,1.999969482421875,1.00006103515625,1.999969482421875,,,1527440,24,1,3,0
4786,1527558,6554,13107,1.00006103515625,1.999969482421875,1.00006103515625,1.999969482421875,,,1527565,24,1,3,0
4787,1527684,6554,13107,1.00006103515625,1.999969482421875,1.00006103515625,1.999969482421875,,,1527691,23,1,3,0
4788,1527809,6554,13107,1.00006103515625,1.999969482421875,1.00006103515625,1.999969482421875,,,1527816,23,1,3,0
4789,1527934,6554,13107,1.00006103515625,1.999969482421875,1.00006103515625,1.999969482421875,,,1527941,24,1,3,0
4790,1528059,6554,13107,1.00006103515625,1.999969482421875,1.00006103515625,1.999969482421875,,,1528066,24,1,3,0
4791,1528185,6554,13107,1.00006103515625,1.999969482421875,1.00006103515625,1.999969482421875,,,1528192,23,1,3,0
4792,1528310,6554,13107,1.00006103515625,1.999969482421875,1.00006103515625,1.999969482421875,,,1528317,23,1,3,0
4793,1528435,6554,13107,1.00006103515625,1.999969482421875,1.00006103515625,1.999969482421875,,,1528442,24,1,3,0
4794,1528560,6554,13107,1.00006103515625,1.999969482421875,1.00006103515625,1.999969482421875,,,1528567,24,1,3,0
4795,1528686,6554,13107,1.00006103515625,1.999969482421875,1.00006103515625,1.999969482421875,,,1528693,23,1,3,0
4796,1528811,6554,13107,1.00006103515625,1.999969482421875,1.00006103515625,1.999969482421875,,,1528818,23,1,3,0
4797,1528936,6554,13107,1.00006103515625,1.999969482421875,1.00006103515625,1.999969482421875,,,1528943,24,1,3,0
4798,1529061,6554,13107,1.00006103515625,1.999969482421875,1.00006103515625,1.999969482421875,,,1529068,24,1,3,0
4799,1529187,6554,13107,1.00006103515625,1.999969482421875,1.00006103515625,1.999969482421875,,,1529194,23,1,3,0
4800,1529312,6554,13107,1.00006103515625,1.999969482421875,1.00006103515625,1.999969482421875,,,1529319,23,1,3,0
4801,1529437,6554,13107,1.00006103515625,1.999969482421875,1.00006103515625,1.999969482421875,,,1529444,24,1,3,0
4802,1529562,6554,13107,1.00006103515625,1.999969482421875,1.00006103515625,1.999969482421875,,,1529569,24,1,3,0
4803,1529688,6554,13107,1.00006103515625,1.999969482421875,1.00006103515625,1.999969482421875,,,1529695,23,1,3,0
4804,1529813,6554,13107,1.00006103515625,1.999969482421875,1.00006103515625,1.999969482421875,,,1529820,23,1,3,0
4805,1529938,6554,13107,1.00006103515625,1.999969482421875,1.00006103515625,1.999969482421875,,,1529945,24,1,3,0
4806,1530063,6554,13107,1.00006103515625,1.999969482421875,1.00006103515625,1.999969482421875,,,1530070,24,1,3,0
4807,1530189,6554,13107,1.00006103515625,1.999969482421875,1.00006103515625,1.999969482421875,,,1530196,23,1,3,0
4808,1530314,6554,13107,1.00006103515625,1.999969482421875,1.00006103515625,1.999969482421875,,,1530321,23,1,3,0
4809,1530439,6554,13107,1.00006103515625,1.999969482421875,1.00006103515625,1.999969482421875,,,1530446,24,1,3,0
4810,1530564,6554,13107,1.00006103515625,1.999969482421875,1.00006103515625,1.999969482421875,,,1530571,24,1,3,0
4811,1530690,6554,13107,1.00006103515625,1.999969482421875,1.00006103515625,1.999969482421875,,,1530697,23,1,3,0
4812,1530815,6554,13107,1.00006103515625,1.999969482421875,1.00006103515625,1.999969482421875,,,1530822,23,1,3,0
4813,1530940,6554,13107,1.00006103515625,1.999969482421875,1.00006103515625,1.999969482421875,,,1530947,24,1,3,0
4814,1531065,6554,13107,1.00006103515625,1.999969482421875,1.00006103515625,1.999969482421875,,,1531072,24,1,3,0
4815,1531191,6554,13107,1.00006103515625,1.999969482421875,1.00006103515625,1.999969482421875,,,1531198,23,1,3,0
4816,1531316,6554,13107,1.00006103515625,1.999969482421875,1.00006103515625,1.999969482421875,,,1531323,23,1,3,0
4817,1531441,6554,13107,1.00006103515625,1.999969482421875,1.00006103515625,1.999969482421875,,,1531448,24,1,3,0
4818,1531566,6554,13107,1.00006103515625,1.999969482421875,1.00006103515625,1.999969482421875,,,1531573,24,1,3,0
4819,1531692,6554,13107,1.00006103515625,1.999969482421875,1.00006103515625,1.999969482421875,,,1531699,23,1,3,0
4820,1531817,6554,13107,1.00006103515625,1.999969482421875,1.00006103515625,1.999969482421875,,,1531824,23,1,3,0
4821,1531942,6554,13107,1.00006103515625,1.999969482421875,1.00006103515625,1.999969482421875,,,1531949,24,1,3,0
4822,1532067,6554,13107,1.00006103515625,1.999969482421875,1.00006103515625,1.999969482421875,,,1532074,24,1,3,0
4823,1532193,6554,13107,1.00006103515625,1.999969482421875,1.00006103515625,1.999969482421875,,,1532200,23,1,3,0
4824,1532318,6554,13107,1.00006103515625,1.999969482421875,1.00006103515625,1.999969482421875,,,1532325,23,1,3,0
4825,1532443,6554,13107,1.00006103515625,1.999969482421875,1.00006103515625,1.999969482421875,,,1532451,23,1,3,0
4826,1532568,6554,13107,1.00006103515625,1.999969482421875,1.00006103515625,1.999969482421875,,,1532575,24,1,3,0
4827,1532694,6554,13107,1.00006103515625,1.999969482421875,1.00006103515625,1.999969482421875,,,1532701,23,1,3,0
4828,1532819,6554,13107,1.00006103515625,1.999969482421875,1.00006103515625,1.999969482421875,,,1532826,23,1,3,0
4829,1532944,6554,13107,1.00006103515625,1.999969482421875,1.00006103515625,1.999969482421875,,,1532951,24,1,3,0
4830,1533069,6554,13107,1.00006103515625,1.999969482421875,1.00006103515625,1.999969482421875,,,1533076,24,1,3,0
4831,1533195,6554,13107,1.00006103515625,1.999969482421875,1.00006103515625,1.999969482421875,,,1533202,23,1,3,0
4832,1533320,6554,13107,1.00006103515625,1.999969482421875,1.00006103515625,1.999969482421875,,,1533327,23,1,3,0
4833,1533445,6554,13107,1.00006103515625,1.999969482421875,1.00006103515625,1.999969482421875,,,1533452,24,1,3,0
4834,1533570,6554,13107,1.00006103515625,1.999969482421875,1.00006103515625,1.999969482421875,,,1533577,24,1,3,0
4835,1533696,6554,13107,1.00006103515625,1.999969482421875,1.00006103515625,1.999969482421875,,,1533703,23,1,3,0
4836,1533821,6554,13107,1.00006103515625,1.999969482421875,1.00006103515625,1.999969482421875,,,1533828,23,1,3,0
4837,1533946,6554,13107,1.00006103515625,1.999969482421875,1.00006103515625,1.999969482421875,,,1533953,24,1,3,0
4838,1534071,6554,13107,1.00006103515625,1.999969482421875,1.00006103515625,1.999969482421875,,,1534078,24,1,3,0
4839,1534197,6554,13107,1.00006103515625,1.999969482421875,1.00006103515625,1.999969482421875,,,1534204,23,1,3,0
4840,1534322,6554,13107,1.00006103515625,1.999969482421875,1.00006103515625,1.999969482421875,,,1534329,23,1,3,0
4841,1534447,6554,13107,1.00006103515625,1.999969482421875,1.00006103515625,1.999969482421875,,,1534454,24,1,3,0
4842,1534572,6554,13107,1.00006103515625,1.999969482421875,1.00006103515625,1.999969482421875,,,1534579,24,1,3,0
4843,1534698,6554,13107,1.00006103515625,1.999969482421875,1.00006103515625,1.999969482421875,,,1534705,23,1,3,0
4844,1534823,6554,13107,1.00006103515625,1.999969482421875,1.00006103515625,1.999969482421875,,,1534830,23,1,3,0
4845,1534948,6554,13107,1.00006103515625,1.999969482421875,1.00006103515625,1.999969482421875,,,1534955,24,1,3,0
4846,1535073,6554,13107,1.00006103515625,1.999969482421875,1.00006103515625,1.999969482421875,,,1535080,24,1,3,0
4847,1535199,6554,13107,1.00006103515625,1.999969482421875,1.00006103515625,1.999969482421875,,,1535206,23,1,3,0
4848,1535324,6554,13107,1.00006103515625,1.999969482421875,1.00006103515625,1.999969482421875,,,1535331,23,1,3,0
4849,1535449,6554,13107,1.00006103515625,1.999969482421875,1.00006103515625,1.999969482421875,,,1535456,24,1,3,0
4850,1535574,6554,13107,1.00006103515625,1.999969482421875,1.00006103515625,1.999969482421875,,,1535581,24,1,3,0
4851,1535700,6554,13107,1.00006103515625,1.999969482421875,1.00006103515625,1.999969482421875,,,1535707,23,1,3,0
4852,1535825,6554,13107,1.00006103515625,1.999969482421875,1.00006103515625,1.999969482421875,,,1535832,23,1,3,0
4853,1535950,6554,13107,1.00006103515625,1.999969482421875,1.00006103515625,1.999969482421875,,,1535957,24,1,3,0
4854,1536075,6554,13107,1.00006103515625,1.999969482421875,1.00006103515625,1.999969482421875,,,1536082,24,1,3,0
4855,1536201,6554,13107,1.00006103515625,1.999969482421875,1.00006103515625,1.999969482421875,,,1536208,23,1,3,0
4856,1536326,6554,13107,1.00006103515625,1.999969482421875,1.00006103515625,1.999969482421875,,,1536333,23,1,3,0
4857,1536451,6554,13107,1.00006103515625,1.999969482421875,1.00006103515625,1.999969482421875,,,1536458,24,1,3,0
4858,1536576,6554,13107,1.00006103515625,1.999969482421875,1.00006103515625,1.999969482421875,,,1536583,24,1,3,0
4859,1536702,6554,13107,1.00006103515625,1.999969482421875,1.00006103515625,1.999969482421875,,,1536709,23,1,3,0
4860,1536827,6554,13107,1.00006103515625,1.999969482421875,1.00006103515625,1.999969482421875,,,1536834,23,1,3,0
4861,1536952,6554,13107,1.00006103515625,1.999969482421875,1.00006103515625,1.999969482421875,,,1536959,24,1,3,0
4862,1537077,6554,13107,1.00006103515625,1.999969482421875,1.00006103515625,1.999969482421875,,,1537084,24,1,3,0
4863,1537203,6554,13107,1.00006103515625,1.999969482421875,1.00006103515625,1.999969482421875,,,1537210,23,1,3,0
4864,1537328,6554,13107,1.00006103515625,1.999969482421875,1.00006103515625,1.999969482421875,,,1537335,24,1,3,0
4865,1537453,6554,13107,1.00006103515625,1.999969482421875,1.00006103515625,1.999969482421875,,,1537460,24,1,3,0
4866,1537578,6554,13107,1.00006103515625,1.999969482421875,1.00006103515625,1.999969482421875,,,1537585,24,1,3,0
4867,1537704,6554,13107,1.00006103515625,1.999969482421875,1.00006103515625,1.999969482421875,,,1537711,23,1,3,0
4868,1537829,6554,13107,1.00006103515625,1.999969482421875,1.00006103515625,1.999969482421875,,,1537836,24,1,3,0
4869,1537954,6554,13107,1.00006103515625,1.999969482421875,1.00006103515625,1.999969482421875,,,1537961,24,1,3,0
4870,1538079,6554,13107,1.00006103515625,1.999969482421875,1.00006103515625,1.999969482421875,,,1538086,24,1,3,0
4871,1538205,6554,13107,1.00006103515625,1.999969482421875,1.00006103515625,1.999969482421875,,,1538212,23,1,3,0
4872,1538330,6554,13107,1.00006103515625,1.999969482421875,1.00006103515625,1.999969482421875,,,1538337,24,1,3,0
4873,1538455,6554,13107,1.00006103515625,1.999969482421875,1.00006103515625,1.999969482421875,,,1538462,24,1,3,0
4874,1538580,6554,13107,1.00006103515625,1.999969482421875,1.00006103515625,1.999969482421875,,,1538587,24,1,3,0
4875,1538706,6554,13107,1.00006103515625,1.999969482421875,1.00006103515625,1.999969482421875,,,1538713,23,1,3,0
4876,1538831,6554,13107,1.00006103515625,1.999969482421875,1.00006103515625,1.999969482421875,,,1538838,24,1,3,0
4877,1538956,6554,13107,1.00006103515625,1.999969482421875,1.00006103515625,1.999969482421875,,,1538963,24,1,3,0
4878,1539081,6554,13107,1.00006103515625,1.999969482421875,1.00006103515625,1.999969482421875,,,1539088,24,1,3,0
4879,1539207,6554,13107,1.00006103515625,1.999969482421875,1.00006103515625,1.999969482421875,,,1539214,23,1,3,0
4880,1539332,6554,13107,1.00006103515625,1.999969482421875,1.00006103515625,1.999969482421875,,,1539339,24,1,3,0
4881,1539457,6554,13107,1.00006103515625,1.999969482421875,1.00006103515625,1.999969482421875,,,1539464,24,1,3,0
4882,1539582,6554,13107,1.00006103515625,1.999969482421875,1.00006103515625,1.999969482421875,,,1539589,24,1,3,0
4883,1539708,6554,13107,1.00006103515625,1.999969482421875,1.00006103515625,1.999969482421875,,,1539715,23,1,3,0
4884,1539833,6554,13107,1.00006103515625,1.999969482421875,1.00006103515625,1.999969482421875,,,1539840,24,1,3,0
4885,1539958,6554,13107,1.00006103515625,1.999969482421875,1.00006103515625,1.999969482421875,,,1539965,24,1,3,0
4886,1540083,6554,13107,1.00006103515625,1.999969482421875,1.00006103515625,1.999969482421875,,,1540090,24,1,3,0
4887,1540209,6554,13107,1.00006103515625,1.999969482421875,1.00006103515625,1.999969482421875,,,1540216,23,1,3,0
4888,1540334,6554,13107,1.00006103515625,1.999969482421875,1.00006103515625,1.999969482421875,,,1540341,24,1,3,0
4889,1540459,6554,13107,1.00006103515625,1.999969482421875,1.00006103515625,1.999969482421875,,,1540466,24,1,3,0
4890,1540584,6554,13107,1.00006103515625,1.999969482421875,1.00006103515625,1.999969482421875,,,1540591,24,1,3,0
4891,1540710,6554,13107,1.00006103515625,1.999969482421875,1.00006103515625,1.999969482421875,,,1540717,23,1,3,0
4892,1540835,6554,13107,1.00006103515625,1.999969482421875,1.00006103515625,1.999969482421875,,,1540842,24,1,3,0
4893,1540960,6554,13107,1.00006103515625,1.999969482421875,1.00006103515625,1.999969482421875,,,1540967,24,1,3,0
4894,1541085,6554,13107,1.00006103515625,1.999969482421875,1.00006103515625,1.999969482421875,,,1541092,24,1,3,0
4895,1541211,6554,13107,1.00006103515625,1.999969482421875,1.00006103515625,1.999969482421875,,,1541218,23,1,3,0
4896,1541336,6554,13107,1.00006103515625,1.999969482421875,1.00006103515625,1.999969482421875,,,1541344,24,1,3,0
4897,1541461,6554,13107,1.00006103515625,1.999969482421875,1.00006103515625,1.999969482421875,,,1541468,24,1,3,0
4898,1541586,6554,13107,1.00006103515625,1.999969482421875,1.00006103515625,1.999969482421875,,,1541593,24,1,3,0
4899,1541712,6554,13107,1.00006103515625,1.999969482421875,1.00006103515625,1.999969482421875,,,1541719,23,1,3,0
4900,1541837,6554,13107,1.00006103515625,1.999969482421875,1.00006103515625,1.999969482421875,,,1541844,24,1,3,0
4901,1541962,6554,13107,1.00006103515625,1.999969482421875,1.00006103515625,1.999969482421875,,,1541969,24,1,3,0
4902,1542087,6554,13107,1.00006103515625,1.999969482421875,1.00006103515625,1.999969482421875,,,1542094,24,1,3,0
4903,1542213,6554,13107,1.00006103515625,1.999969482421875,1.00006103515625,1.999969482421875,,,1542220,23,1,3,0
4904,1542338,6554,13107,1.00006103515625,1.999969482421875,1.00006103515625,1.999969482421875,,,1542346,24,1,3,0
4905,1542463,6554,13107,1.00006103515625,1.999969482421875,1.00006103515625,1.999969482421875,,,1542470,24,1,3,0
4906,1542588,6554,13107,1.00006103515625,1.999969482421875,1.00006103515625,1.999969482421875,,,1542595,24,1,3,0
4907,1542714,6554,13107,1.00006103515625,1.999969482421875,1.00006103515625,1.999969482421875,,,1542721,23,1,3,0
4908,1542839,6554,13107,1.00006103515625,1.999969482421875,1.00006103515625,1.999969482421875,,,1542846,24,1,3,0
4909,1542964,6554,13107,1.00006103515625,1.999969482421875,1.00006103515625,1.999969482421875,,,1542971,24,1,3,0
4910,1543089,6554,13107,1.00006103515625,1.999969482421875,1.00006103515625,1.999969482421875,,,1543096,24,1,3,0
4911,1543215,6554,13107,1.00006103515625,1.999969482421875,1.00006103515625,1.999969482421875,,,1543222,23,1,3,0
4912,1543340,6554,13107,1.00006103515625,1.999969482421875,1.00006103515625,1.999969482421875,,,1543347,24,1,3,0
4913,1543465,6554,13107,1.00006103515625,1.999969482421875,1.00006103515625,1.999969482421875,,,1543472,24,1,3,0
4914,1543590,6554,13107,1.00006103515625,1.999969482421875,1.00006103515625,1.999969482421875,,,1543597,24,1,3,0
4915,1543716,6554,13107,1.00006103515625,1.999969482421875,1.00006103515625,1.999969482421875,,,1543723,23,1,3,0
4916,1543841,6554,13107,1.00006103515625,1.999969482421875,1.00006103515625,1.999969482421875,,,1543848,24,1,3,0
4917,1543966,6554,13107,1.00006103515625,1.999969482421875,1.00006103515625,1.999969482421875,,,1543973,24,1,3,0
4918,1544091,6554,13107,1.00006103515625,1.999969482421875,1.00006103515625,1.999969482421875,,,1544098,24,1,3,0
4919,1544217,6554,13107,1.00006103515625,1.999969482421875,1.00006103515625,1.999969482421875,,,1544224,23,1,3,0
4920,1544342,6554,13107,1.00006103515625,1.999969482421875,1.00006103515625,1.999969482421875,,,1544349,24,1,3,0
4921,1544467,6554,13107,1.00006103515625,1.999969482421875,1.00006103515625,1.999969482421875,,,1544474,24,1,3,0
4922,1544592,6554,13107,1.00006103515625,1.999969482421875,1.00006103515625,1.999969482421875,,,1544599,24,1,3,0
4923,1544718,6554,13107,1.00006103515625,1.999969482421875,1.00006103515625,1.999969482421875,,,1544725,23,1,3,0
4924,1544843,6554,13107,1.00006103515625,1.999969482421875,1.00006103515625,1.999969482421875,,,1544850,24,1,3,0
4925,1544968,6554,13107,1.00006103515625,1.999969482421875,1.00006103515625,1.999969482421875,,,1544975,24,1,3,0
4926,1545093,6554,13107,1.00006103515625,1.999969482421875,1.00006103515625,1.999969482421875,,,1545100,24,1,3,0
4927,1545219,6554,13107,1.00006103515625,1.999969482421875,1.00006103515625,1.999969482421875,,,1545226,23,1,3,0
4928,1545344,6554,13107,1.00006103515625,1.999969482421875,1.00006103515625,1.999969482421875,,,1545351,24,1,3,0
4929,1545469,6554,13107,1.00006103515625,1.999969482421875,1.00006103515625,1.999969482421875,,,1545476,24,1,3,0
4930,1545594,6554,13107,1.00006103515625,1.999969482421875,1.00006103515625,1.999969482421875,,,1545601,24,1,3,0
4931,1545720,6554,13107,1.00006103515625,1.999969482421875,1.00006103515625,1.999969482421875,,,1545727,23,1,3,0
4932,1545845,6554,13107,1.00006103515625,1.999969482421875,1.00006103515625,1.999969482421875,,,1545852,24,1,3,0
4933,1545970,6554,13107,1.00006103515625,1.999969482421875,1.00006103515625,1.999969482421875,,,1545977,24,1,3,0
4934,1546095,6554,13107,1.00006103515625,1.999969482421875,1.00006103515625,1.999969482421875,,,1546102,24,1,3,0
4935,1546221,6554,13107,1.00006103515625,1.999969482421875,1.00006103515625,1.999969482421875,,,1546228,23,1,3,0
4936,1546346,6554,13107,1.00006103515625,1.999969482421875,1.00006103515625,1.999969482421875,,,1546353,24,1,3,0
4937,1546471,6554,13107,1.00006103515625,1.999969482421875,1.00006103515625,1.999969482421875,,,1546478,24,1,3,0
4938,1546596,6554,13107,1.00006103515625,1.999969482421875,1.00006103515625,1.999969482421875,,,1546603,24,1,3,0
4939,1546722,6554,13107,1.00006103515625,1.999969482421875,1.00006103515625,1.999969482421875,,,1546729,23,1,3,0
4940,1546847,6554,13107,1.00006103515625,1.999969482421875,1.00006103515625,1.999969482421875,,,1546854,23,1,3,0
4941,1546972,6554,13107,1.00006103515625,1.999969482421875,1.00006103515625,1.999969482421875,,,1546979,24,1,3,0
4942,1547097,6554,13107,1.00006103515625,1.999969482421875,1.00006103515625,1.999969482421875,,,1547104,24,1,3,0
4943,1547223,6554,13107,1.00006103515625,1.999969482421875,1.00006103515625,1.999969482421875,,,1547230,23,1,3,0
4944,1547348,6554,13107,1.00006103515625,1.999969482421875,1.00006103515625,1.999969482421875,,,1547355,23,1,3,0
4945,1547473,6554,13107,1.00006103515625,1.999969482421875,1.00006103515625,1.999969482421875,,,1547480,24,1,3,0
4946,1547598,6554,13107,1.00006103515625,1.999969482421875,1.00006103515625,1.999969482421875,,,1547605,24,1,3,0
4947,1547724,6554,13107,1.00006103515625,1.999969482421875,1.00006103515625,1.999969482421875,,,1547731,23,1,3,0
4948,1547849,6554,13107,1.00006103515625,1.999969482421875,1.00006103515625,1.999969482421875,,,1547856,23,1,3,0
4949,1547974,6554,13107,1.00006103515625,1.999969482421875,1.00006103515625,1.999969482421875,,,1547981,24,1,3,0
4950,1548099,6554,13107,1.00006103515625,1.999969482421875,1.00006103515625,1.999969482421875,,,1548106,24,1,3,0
4951,1548225,6554,13107,1.00006103515625,1.999969482421875,1.00006103515625,1.999969482421875,,,1548232,23,1,3,0
4952,1548350,6554,13107,1.00006103515625,1.999969482421875,1.00006103515625,1.999969482421875,,,1548357,23,1,3,0
4953,1548475,6554,13107,1.00006103515625,1.999969482421875,1.00006103515625,1.999969482421875,,,1548482,24,1,3,0
4954,1548600,6554,13107,1.00006103515625,1.999969482421875,1.00006103515625,1.999969482421875,,,1548607,24,1,3,0
4955,1548726,6554,13107,1.00006103515625,1.999969482421875,1.00006103515625,1.999969482421875,,,1548733,23,1,3,0
4956,1548851,6554,13107,1.00006103515625,1.999969482421875,1.00006103515625,1.999969482421875,,,1548858,23,1,3,0
4957,1548976,6554,13107,1.00006103515625,1.999969482421875,1.00006103515625,1.999969482421875,,,1548983,24,1,3,0
4958,1549101,6554,13107,1.00006103515625,1.999969482421875,1.00006103515625,1.999969482421875,,,1549108,24,1,3,0
4959,1549227,6554,13107,1.00006103515625,1.999969482421875,1.00006103515625,1.999969482421875,,,1549234,23,1,3,0
4960,1549352,6554,13107,1.00006103515625,1.999969482421875,1.00006103515625,1.999969482421875,,,1549359,23,1,3,0
4961,1549477,6554,13107,1.00006103515625,1.999969482421875,1.00006103515625,1.999969482421875,,,1549484,24,1,3,0
4962,1549602,6554,13107,1.00006103515625,1.999969482421875,1.00006103515625,1.999969482421875,,,1549609,24,1,3,0
4963,1549728,6554,13107,1.00006103515625,1.999969482421875,1.00006103515625,1.999969482421875,,,1549735,23,1,3,0
4964,1549853,6554,13107,1.00006103515625,1.999969482421875,1.00006103515625,1.999969482421875,,,1549860,23,1,3,0
4965,1549978,6554,13107,1.00006103515625,1.999969482421875,1.00006103515625,1.999969482421875,,,1549985,24,1,3,0
4966,1550103,6554,13107,1.00006103515625,1.999969482421875,1.00006103515625,1.999969482421875,,,1550110,24,1,3,0
4967,1550229,6554,13107,1.00006103515625,1.999969482421875,1.00006103515625,1.999969482421875,,,1550236,23,1,3,0
4968,1550354,6554,13107,1.00006103515625,1.999969482421875,1.00006103515625,1.999969482421875,,,1550361,23,1,3,0
4969,1550479,6554,13107,1.00006103515625,1.999969482421875,1.00006103515625,1.999969482421875,,,1550486,24,1,3,0
4970,1550604,6554,13107,1.00006103515625,1.999969482421875,1.00006103515625,1.999969482421875,,,1550611,24,1,3,0
4971,1550730,6554,13107,1.00006103515625,1.999969482421875,1.00006103515625,1.999969482421875,,,1550737,23,1,3,0
4972,1550855,6554,13107,1.00006103515625,1.999969482421875,1.00006103515625,1.999969482421875,,,1550863,23,1,3,0
4973,1550980,6554,13107,1.00006103515625,1.999969482421875,1.00006103515625,1.999969482421875,,,1550987,24,1,3,0
4974,1551105,6554,13107,1.00006103515625,1.999969482421875,1.00006103515625,1.999969482421875,,,1551112,24,1,3,0
4975,1551231,6554,13107,1.00006103515625,1.999969482421875,1.00006103515625,1.999969482421875,,,1551238,23,1,3,0
4976,1551356,6554,13107,1.00006103515625,1.999969482421875,1.00006103515625,1.999969482421875,,,1551363,24,1,3,0
4977,1551481,6554,13107,1.00006103515625,1.999969482421875,1.00006103515625,1.999969482421875,,,1551489,24,1,3,0
4978,1551606,6554,13107,1.00006103515625,1.999969482421875,1.00006103515625,1.999969482421875,,,1551613,24,1,3,0
4979,1551732,6554,13107,1.00006103515625,1.999969482421875,1.00006103515625,1.999969482421875,,,1551739,23,1,3,0
4980,1551857,6554,13107,1.00006103515625,1.999969482421875,1.00006103515625,1.999969482421875,,,1551864,23,1,3,0
4981,1551982,6554,13107,1.00006103515625,1.999969482421875,1.00006103515625,1.999969482421875,,,1551989,24,1,3,0
4982,1552107,6554,13107,1.00006103515625,1.999969482421875,1.00006103515625,1.999969482421875,,,1552114,24,1,3,0
4983,1552233,6554,13107,1.00006103515625,1.999969482421875,1.00006103515625,1.999969482421875,,,1552240,23,1,3,0
4984,1552358,6554,13107,1.00006103515625,1.999969482421875,1.00006103515625,1.999969482421875,,,1552365,23,1,3,0
4985,1552483,6554,13107,1.00006103515625,1.999969482421875,1.00006103515625,1.999969482421875,,,1552490,24,1,3,0
4986,1552608,6554,13107,1.00006103515625,1.999969482421875,1.00006103515625,1.999969482421875,,,1552615,24,1,3,0
4987,1552734,6554,13107,1.00006103515625,1.999969482421875,1.00006103515625,1.999969482421875,,,1552741,23,1,3,0
4988,1552859,6554,13107,1.00006103515625,1.999969482421875,1.00006103515625,1.999969482421875,,,1552866,23,1,3,0
4989,1552984,6554,13107,1.00006103515625,1.999969482421875,1.00006103515625,1.999969482421875,,,1552991,24,1,3,0
4990,1553109,6554,13107,1.00006103515625,1.999969482421875,1.00006103515625,1.999969482421875,,,1553116,24,1,3,0
4991,1553235,6554,13107,1.00006103515625,1.999969482421875,1.00006103515625,1.999969482421875,,,1553242,23,1,3,0
4992,1553360,6554,13107,1.00006103515625,1.999969482421875,1.00006103515625,1.999969482421875,,,1553367,23,1,3,0
4993,1553485,6554,13107,1.00006103515625,1.999969482421875,1.00006103515625,1.999969482421875,,,1553492,24,1,3,0
4994,1553610,6554,13107,1.00006103515625,1.999969482421875,1.00006103515625,1.999969482421875,,,1553618,28,1,3,0
4995,1553736,6554,13107,1.00006103515625,1.999969482421875,1.00006103515625,1.999969482421875,,,1553743,23,1,3,0
4996,1553861,6554,13107,1.00006103515625,1.999969482421875,1.00006103515625,1.999969482421875,,,1553868,24,1,3,0
4997,1553986,6554,13107,1.00006103515625,1.999969482421875,1.00006103515625,1.999969482421875,,,1553993,24,1,3,0
4998,1554111,6554,13107,1.00006103515625,1.999969482421875,1.00006103515625,1.999969482421875,,,1554119,23,1,3,0
4999,1554237,6554,13107,1.00006103515625,1.999969482421875,1.00006103515625,1.999969482421875,,,1554244,23,1,3,0
5000,1554362,6554,13107,1.00006103515625,1.999969482421875,1.00006103515625,1.999969482421875,,,1554369,24,1,3,0
5001,1554487,6554,13107,1.00006103515625,1.999969482421875,1.00006103515625,1.999969482421875,,,1554494,24,1,3,0
5002,1554612,6554,13107,1.00006103515625,1.999969482421875,1.00006103515625,1.999969482421875,,,1554620,26,1,3,0
5003,1554738,6554,13107,1.00006103515625,1.999969482421875,1.00006103515625,1.999969482421875,,,1554745,23,1,3,0
5004,1554863,6554,13107,1.00006103515625,1.999969482421875,1.00006103515625,1.999969482421875,,,1554870,24,1,3,0
5005,1554988,6554,13107,1.00006103515625,1.999969482421875,1.00006103515625,1.999969482421875,,,1554995,24,1,3,0
5006,1555113,6554,13107,1.00006103515625,1.999969482421875,1.00006103515625,1.999969482421875,,,1555121,23,1,3,0
5007,1555239,6554,13107,1.00006103515625,1.999969482421875,1.00006103515625,1.999969482421875,,,1555246,23,1,3,0
5008,1555364,6554,13107,1.00006103515625,1.999969482421875,1.00006103515625,1.999969482421875,,,1555371,24,1,3,0
5009,1555489,6554,13107,1.00006103515625,1.999969482421875,1.00006103515625,1.999969482421875,,,1555496,24,1,3,0
5010,1555614,6554,13107,1.00006103515625,1.999969482421875,1.00006103515625,1.999969482421875,,,1555622,24,1,3,0
5011,1555740,6554,13107,1.00006103515625,1.999969482421875,1.00006103515625,1.999969482421875,,,1555747,23,1,3,0
5012,1555865,6554,13107,1.00006103515625,1.999969482421875,1.00006103515625,1.999969482421875,,,1555872,24,1,3,0
5013,1555990,6554,13107,1.00006103515625,1.999969482421875,1.00006103515625,1.999969482421875,,,1555997,24,1,3,0
5014,1556115,6554,13107,1.00006103515625,1.999969482421875,1.00006103515625,1.999969482421875,,,1556123,23,1,3,0
5015,1556241,6554,13107,1.00006103515625,1.999969482421875,1.00006103515625,1.999969482421875,,,1556248,23,1,3,0
5016,1556366,6554,13107,1.00006103515625,1.999969482421875,1.00006103515625,1.999969482421875,,,1556373,24,1,3,0
5017,1556491,6554,13107,1.00006103515625,1.999969482421875,1.00006103515625,1.999969482421875,,,1556498,24,1,3,0
5018,1556616,6554,13107,1.00006103515625,1.999969482421875,1.00006103515625,1.999969482421875,,,1556624,23,1,3,0
5019,1556742,6554,13107,1.00006103515625,1.999969482421875,1.00006103515625,1.999969482421875,,,1556749,23,1,3,0
5020,1556867,6554,13107,1.00006103515625,1.999969482421875,1.00006103515625,1.999969482421875,,,1556874,24,1,3,0
5021,1556992,6554,13107,1.00006103515625,1.999969482421875,1.00006103515625,1.999969482421875,,,1556999,24,1,3,0
5022,1557117,6554,13107,1.00006103515625,1.999969482421875,1.00006103515625,1.999969482421875,,,1557125,23,1,3,0
5023,1557243,6554,13107,1.00006103515625,1.999969482421875,1.00006103515625,1.999969482421875,,,1557250,23,1,3,0
5024,1557368,6554,13107,1.00006103515625,1.999969482421875,1.00006103515625,1.999969482421875,,,1557375,24,1,3,0
5025,1557493,6554,13107,1.00006103515625,1.999969482421875,1.00006103515625,1.999969482421875,,,1557500,24,1,3,0
5026,1557618,6554,13107,1.00006103515625,1.999969482421875,1.00006103515625,1.999969482421875,,,1557626,23,1,3,0
5027,1557744,6554,13107,1.00006103515625,1.999969482421875,1.00006103515625,1.999969482421875,,,1557751,23,1,3,0
5028,1557869,6554,13107,1.00006103515625,1.999969482421875,1.00006103515625,1.999969482421875,,,1557876,24,1,3,0
5029,1557994,6554,13107,1.00006103515625,1.999969482421875,1.00006103515625,1.999969482421875,,,1558001,24,1,3,0
5030,1558119,6554,13107,1.00006103515625,1.999969482421875,1.00006103515625,1.999969482421875,,,1558127,23,1,3,0
5031,1558245,6554,13107,1.00006103515625,1.999969482421875,1.00006103515625,1.999969482421875,,,1558252,23,1,3,0
5032,1558370,6554,13107,1.00006103515625,1.999969482421875,1.00006103515625,1.999969482421875,,,1558377,24,1,3,0
5033,1558495,6554,13107,1.00006103515625,1.999969482421875,1.00006103515625,1.999969482421875,,,1558502,24,1,3,0
5034,1558620,6554,13107,1.00006103515625,1.999969482421875,1.00006103515625,1.999969482421875,,,1558628,23,1,3,0
5035,1558746,6554,13107,1.00006103515625,1.999969482421875,1.00006103515625,1.999969482421875,,,1558753,23,1,3,0
5036,1558871,6554,13107,1.00006103515625,1.999969482421875,1.00006103515625,1.999969482421875,,,1558878,24,1,3,0
5037,1558996,6554,13107,1.00006103515625,1.999969482421875,1.00006103515625,1.999969482421875,,,1559003,24,1,3,0
5038,1559121,6554,13107,1.00006103515625,1.999969482421875,1.00006103515625,1.999969482421875,,,1559129,23,1,3,0
5039,1559247,6554,13107,1.00006103515625,1.999969482421875,1.00006103515625,1.999969482421875,,,1559254,23,1,3,0
5040,1559372,6554,13107,1.00006103515625,1.999969482421875,1.00006103515625,1.999969482421875,,,1559379,24,1,3,0
5041,1559497,6554,13107,1.00006103515625,1.999969482421875,1.00006103515625,1.999969482421875,,,1559504,24,1,3,0
5042,1559622,6554,13107,1.00006103515625,1.999969482421875,1.00006103515625,1.999969482421875,,,1559629,24,1,3,0
5043,1559748,6554,13107,1.00006103515625,1.999969482421875,1.00006103515625,1.999969482421875,,,1559755,23,1,3,0
5044,1559873,6554,13107,1.00006103515625,1.999969482421875,1.00006103515625,1.999969482421875,,,1559880,23,1,3,0
5045,1559998,6554,13107,1.00006103515625,1.999969482421875,1.00006103515625,1.999969482421875,,,1560005,24,1,3,0
5046,1560123,6554,13107,1.00006103515625,1.999969482421875,1.00006103515625,1.999969482421875,,,1560130,24,1,3,0
5047,1560249,6554,13107,1.00006103515625,1.999969482421875,1.00006103515625,1.999969482421875,,,1560256,24,1,3,0
5048,1560374,6554,13107,1.00006103515625,1.999969482421875,1.00006103515625,1.999969482421875,,,1560381,23,1,3,0
5049,1560499,6554,13107,1.00006103515625,1.999969482421875,1.00006103515625,1.999969482421875,,,1560506,24,1,3,0
5050,1560624,6554,13107,1.00006103515625,1.999969482421875,1.00006103515625,1.999969482421875,,,1560631,24,1,3,0
5051,1560750,6554,13107,1.00006103515625,1.999969482421875,1.00006103515625,1.999969482421875,,,1560757,23,1,3,0
5052,1560875,6554,13107,1.00006103515625,1.999969482421875,1.00006103515625,1.999969482421875,,,1560882,23,1,3,0
5053,1561000,6554,13107,1.00006103515625,1.999969482421875,1.00006103515625,1.999969482421875,,,1561007,24,1,3,0
5054,1561125,6554,13107,1.00006103515625,1.999969482421875,1.00006103515625,1.999969482421875,,,1561132,24,1,3,0
5055,1561251,6554,13107,1.00006103515625,1.999969482421875,1.00006103515625,1.999969482421875,,,1561258,23,1,3,0
5056,1561376,6554,13107,1.00006103515625,1.999969482421875,1.00006103515625,1.999969482421875,,,1561383,23,1,3,0
5057,1561501,6554,13107,1.00006103515625,1.999969482421875,1.00006103515625,1.999969482421875,,,1561508,24,1,3,0
5058,1561626,6554,13107,1.00006103515625,1.999969482421875,1.00006103515625,1.999969482421875,,,1561633,24,1,3,0
5059,1561752,6554,13107,1.00006103515625,1.999969482421875,1.00006103515625,1.999969482421875,,,1561759,23,1,3,0
5060,1561877,6554,13107,1.00006103515625,1.999969482421875,1.00006103515625,1.999969482421875,,,1561884,24,1,3,0
5061,1562002,6554,13107,1.00006103515625,1.999969482421875,1.00006103515625,1.999969482421875,,,1562009,24,1,3,0
5062,1562127,6554,13107,1.00006103515625,1.999969482421875,1.00006103515625,1.999969482421875,,,1562134,24,1,3,0
5063,1562253,6554,13107,1.00006103515625,1.999969482421875,1.00006103515625,1.999969482421875,,,1562260,23,1,3,0
5064,1562378,6554,13107,1.00006103515625,1.999969482421875,1.00006103515625,1.999969482421875,,,1562385,24,1,3,0
5065,1562503,6554,13107,1.00006103515625,1.999969482421875,1.00006103515625,1.999969482421875,,,1562510,24,1,3,0
5066,1562628,6554,13107,1.00006103515625,1.999969482421875,1.00006103515625,1.999969482421875,,,1562635,27,1,3,0
5067,1562754,6554,13107,1.00006103515625,1.999969482421875,1.00006103515625,1.999969482421875,,,1562761,23,1,3,0
5068,1562879,6554,13107,1.00006103515625,1.999969482421875,1.00006103515625,1.999969482421875,,,1562886,23,1,3,0
5069,1563004,6554,13107,1.00006103515625,1.999969482421875,1.00006103515625,1.999969482421875,,,1563011,24,1,3,0
5070,1563129,6554,13107,1.00006103515625,1.999969482421875,1.00006103515625,1.999969482421875,,,1563136,24,1,3,0
5071,1563255,6554,13107,1.00006103515625,1.999969482421875,1.00006103515625,1.999969482421875,,,1563262,24,1,3,0
5072,1563380,6554,13107,1.00006103515625,1.999969482421875,1.00006103515625,1.999969482421875,,,1563387,24,1,3,0
5073,1563505,6554,13107,1.00006103515625,1.999969482421875,1.00006103515625,1.999969482421875,,,1563512,24,1,3,0
5074,1563630,6554,13107,1.00006103515625,1.999969482421875,1.00006103515625,1.999969482421875,,,1563637,27,1,3,0
5075,1563756,6554,13107,1.00006103515625,1.999969482421875,1.00006103515625,1.999969482421875,,,1563763,23,1,3,0
5076,1563881,6554,13107,1.00006103515625,1.999969482421875,1.00006103515625,1.999969482421875,,,1563888,23,1,3,0
5077,1564006,6554,13107,1.00006103515625,1.999969482421875,1.00006103515625,1.999969482421875,,,1564013,24,1,3,0
5078,1564131,6554,13107,1.00006103515625,1.999969482421875,1.00006103515625,1.999969482421875,,,1564138,24,1,3,0
5079,1564257,6554,13107,1.00006103515625,1.999969482421875,1.00006103515625,1.999969482421875,,,1564264,23,1,3,0
5080,1564382,6554,13107,1.00006103515625,1.999969482421875,1.00006103515625,1.999969482421875,,,1564389,24,1,3,0
5081,1564507,6554,13107,1.00006103515625,1.999969482421875,1.00006103515625,1.999969482421875,,,1564514,24,1,3,0
5082,1564632,6554,13107,1.00006103515625,1.999969482421875,1.00006103515625,1.999969482421875,,,1564642,23,1,3,0
5083,1564758,6554,13107,1.00006103515625,1.999969482421875,1.00006103515625,1.999969482421875,,,1564765,23,1,3,0
5084,1564883,6554,13107,1.00006103515625,1.999969482421875,1.00006103515625,1.999969482421875,,,1564890,23,1,3,0
5085,1565008,6554,13107,1.00006103515625,1.999969482421875,1.00006103515625,1.999969482421875,,,1565015,24,1,3,0
5086,1565133,6554,13107,1.00006103515625,1.999969482421875,1.00006103515625,1.999969482421875,,,1565140,24,1,3,0
5087,1565259,6554,13107,1.00006103515625,1.999969482421875,1.00006103515625,1.999969482421875,,,1565266,23,1,3,0
5088,1565384,6554,13107,1.00006103515625,1.999969482421875,1.00006103515625,1.999969482421875,,,1565391,23,1,3,0
5089,1565509,6554,13107,1.00006103515625,1.999969482421875,1.00006103515625,1.999969482421875,,,1565516,24,1,3,0
5090,1565634,6554,13107,1.00006103515625,1.999969482421875,1.00006103515625,1.999969482421875,,,1565644,23,1,3,0
5091,1565760,6554,13107,1.00006103515625,1.999969482421875,1.00006103515625,1.999969482421875,,,1565767,23,1,3,0
5092,1565885,6554,13107,1.00006103515625,1.999969482421875,1.00006103515625,1.999969482421875,,,1565892,23,1,3,0
5093,1566010,6554,13107,1.00006103515625,1.999969482421875,1.00006103515625,1.999969482421875,,,1566017,24,1,3,0
5094,1566135,6554,13107,1.00006103515625,1.999969482421875,1.00006103515625,1.999969482421875,,,1566143,24,1,3,0
5095,1566261,6554,13107,1.00006103515625,1.999969482421875,1.00006103515625,1.999969482421875,,,1566268,23,1,3,0
5096,1566386,6554,13107,1.00006103515625,1.999969482421875,1.00006103515625,1.999969482421875,,,1566393,24,1,3,0
5097,1566511,6554,13107,1.00006103515625,1.999969482421875,1.00006103515625,1.999969482421875,,,1566519,23,1,3,0
5098,1566636,6554,13107,1.00006103515625,1.999969482421875,1.00006103515625,1.999969482421875,,,1566645,23,1,3,0
5099,1566762,6554,13107,1.00006103515625,1.999969482421875,1.00006103515625,1.999969482421875,,,1566769,23,1,3,0
5100,1566887,6554,13107,1.00006103515625,1.999969482421875,1.00006103515625,1.999969482421875,,,1566894,23,1,3,0
5101,1567012,6554,13107,1.00006103515625,1.999969482421875,1.00006103515625,1.999969482421875,,,1567019,24,1,3,0
5102,1567137,6554,13107,1.00006103515625,1.999969482421875,1.00006103515625,1.999969482421875,,,1567146,24,1,3,0
5103,1567263,6554,13107,1.00006103515625,1.999969482421875,1.00006103515625,1.999969482421875,,,1567270,23,1,3,0
5104,1567388,6554,13107,1.00006103515625,1.999969482421875,1.00006103515625,1.999969482421875,,,1567396,24,1,3,0
5105,1567513,6554,13107,1.00006103515625,1.999969482421875,1.00006103515625,1.999969482421875,,,1567521,24,1,3,0
5106,1567638,6554,13107,1.00006103515625,1.999969482421875,1.00006103515625,1.999969482421875,,,1567647,23,1,3,0
5107,1567764,6554,13107,1.00006103515625,1.999969482421875,1.00006103515625,1.999969482421875,,,1567771,23,1,3,0
5108,1567889,6554,13107,1.00006103515625,1.999969482421875,1.00006103515625,1.999969482421875,,,1567896,23,1,3,0
5109,1568014,6554,13107,1.00006103515625,1.999969482421875,1.00006103515625,1.999969482421875,,,1568021,24,1,3,0
5110,1568139,6554,13107,1.00006103515625,1.999969482421875,1.00006103515625,1.999969482421875,,,1568147,24,1,3,0
5111,1568265,6554,13107,1.00006103515625,1.999969482421875,1.00006103515625,1.999969482421875,,,1568272,23,1,3,0
5112,1568390,6554,13107,1.00006103515625,1.999969482421875,1.00006103515625,1.999969482421875,,,1568397,23,1,3,0
5113,1568515,6554,13107,1.00006103515625,1.999969482421875,1.00006103515625,1.999969482421875,,,1568522,24,1,3,0
5114,1568640,6554,13107,1.00006103515625,1.999969482421875,1.00006103515625,1.999969482421875,,,1568649,23,1,3,0
5115,1568766,6554,13107,1.00006103515625,1.999969482421875,1.00006103515625,1.999969482421875,,,1568773,23,1,3,0
5116,1568891,6554,13107,1.00006103515625,1.999969482421875,1.00006103515625,1.999969482421875,,,1568898,23,1,3,0
5117,1569016,6554,13107,1.00006103515625,1.999969482421875,1.00006103515625,1.999969482421875,,,1569023,24,1,3,0
5118,1569141,6554,13107,1.00006103515625,1.999969482421875,1.00006103515625,1.999969482421875,,,1569148,24,1,3,0
5119,1569267,6554,13107,1.00006103515625,1.999969482421875,1.00006103515625,1.999969482421875,,,1569274,23,1,3,0
5120,1569392,6554,13107,1.00006103515625,1.999969482421875,1.00006103515625,1.999969482421875,,,1569399,23,1,3,0
5121,1569517,6554,13107,1.00006103515625,1.999969482421875,1.00006103515625,1.999969482421875,,,1569524,24,1,3,0
5122,1569643,6554,13107,1.00006103515625,1.999969482421875,1.00006103515625,1.999969482421875,,,1569650,23,1,3,0
5123,1569768,6554,13107,1.00006103515625,1.999969482421875,1.00006103515625,1.999969482421875,,,1569775,23,1,3,0
5124,1569893,6554,13107,1.00006103515625,1.999969482421875,1.00006103515625,1.999969482421875,,,1569900,24,1,3,0
5125,1570018,6554,13107,1.00006103515625,1.999969482421875,1.00006103515625,1.999969482421875,,,1570025,24,1,3,0
5126,1570144,6554,13107,1.00006103515625,1.999969482421875,1.00006103515625,1.999969482421875,,,1570151,23,1,3,0
5127,1570269,6554,13107,1.00006103515625,1.999969482421875,1.00006103515625,1.999969482421875,,,1570276,23,1,3,0
5128,1570394,6554,13107,1.00006103515625,1.999969482421875,1.00006103515625,1.999969482421875,,,1570401,24,1,3,0
5129,1570519,6554,13107,1.00006103515625,1.999969482421875,1.00006103515625,1.999969482421875,,,1570526,24,1,3,0
5130,1570646,6554,13107,1.00006103515625,1.999969482421875,1.00006103515625,1.999969482421875,,,1570653,24,1,3,0
5131,1570770,6554,13107,1.00006103515625,1.999969482421875,1.00006103515625,1.999969482421875,,,1570777,23,1,3,0
5132,1570895,6554,13107,1.00006103515625,1.999969482421875,1.00006103515625,1.999969482421875,,,1570902,24,1,3,0
5133,1571020,6554,13107,1.00006103515625,1.999969482421875,1.00006103515625,1.999969482421875,,,1571027,24,1,3,0
5134,1571145,6554,13107,1.00006103515625,1.999969482421875,1.00006103515625,1.999969482421875,,,1571152,24,1,3,0
5135,1571271,6554,13107,1.00006103515625,1.999969482421875,1.00006103515625,1.999969482421875,,,1571278,23,1,3,0
5136,1571396,6554,13107,1.00006103515625,1.999969482421875,1.00006103515625,1.999969482421875,,,1571403,24,1,3,0
5137,1571521,6554,13107,1.00006103515625,1.999969482421875,1.00006103515625,1.999969482421875,,,1571530,24,1,3,0
5138,1571646,6554,13107,1.00006103515625,1.999969482421875,1.00006103515625,1.999969482421875,,,1571653,24,1,3,0
5139,1571772,6554,13107,1.00006103515625,1.999969482421875,1.00006103515625,1.999969482421875,,,1571779,23,1,3,0
5140,1571897,6554,13107,1.00006103515625,1.999969482421875,1.00006103515625,1.999969482421875,,,1571904,24,1,3,0
5141,1572022,6554,13107,1.00006103515625,1.999969482421875,1.00006103515625,1.999969482421875,,,1572029,24,1,3,0
5142,1572147,6554,13107,1.00006103515625,1.999969482421875,1.00006103515625,1.999969482421875,,,1572154,24,1,3,0
5143,1572273,6554,13107,1.00006103515625,1.999969482421875,1.00006103515625,1.999969482421875,,,1572280,23,1,3,0
5144,1572398,6554,13107,1.00006103515625,1.999969482421875,1.00006103515625,1.999969482421875,,,1572405,24,1,3,0
5145,1572523,6554,13107,1.00006103515625,1.999969482421875,1.00006103515625,1.999969482421875,,,1572530,24,1,3,0
5146,1572648,6554,13107,1.00006103515625,1.999969482421875,1.00006103515625,1.999969482421875,,,1572655,24,1,3,0
5147,1572774,6554,13107,1.00006103515625,1.999969482421875,1.00006103515625,1.999969482421875,,,1572781,23,1,3,0
5148,1572899,6554,13107,1.00006103515625,1.999969482421875,1.00006103515625,1.999969482421875,,,1572906,24,1,3,0
5149,1573024,6554,13107,1.00006103515625,1.999969482421875,1.00006103515625,1.999969482421875,,,1573031,24,1,3,0
5150,1573149,6554,13107,1.00006103515625,1.999969482421875,1.00006103515625,1.999969482421875,,,1573156,24,1,3,0
5151,1573275,6554,13107,1.00006103515625,1.999969482421875,1.00006103515625,1.999969482421875,,,1573282,23,1,3,0
5152,1573400,6554,13107,1.00006103515625,1.999969482421875,1.00006103515625,1.999969482421875,,,1573407,24,1,3,0
5153,1573525,6554,13107,1.00006103515625,1.999969482421875,1.00006103515625,1.999969482421875,,,1573532,24,1,3,0
5154,1573650,6554,13107,1.00006103515625,1.999969482421875,1.00006103515625,1.999969482421875,,,1573657,24,1,3,0
5155,1573776,6554,13107,1.00006103515625,1.999969482421875,1.00006103515625,1.999969482421875,,,1573783,23,1,3,0
5156,1573901,6554,13107,1.00006103515625,1.999969482421875,1.00006103515625,1.999969482421875,,,1573908,24,1,3,0
5157,1574026,6554,13107,1.00006103515625,1.999969482421875,1.00006103515625,1.999969482421875,,,1574033,24,1,3,0
5158,1574151,6554,13107,1.00006103515625,1.999969482421875,1.00006103515625,1.999969482421875,,,1574158,24,1,3,0
5159,1574277,6554,13107,1.00006103515625,1.999969482421875,1.00006103515625,1.999969482421875,,,1574284,23,1,3,0
5160,1574402,6554,13107,1.00006103515625,1.999969482421875,1.00006103515625,1.999969482421875,,,1574409,24,1,3,0
5161,1574530,6554,13107,1.00006103515625,1.999969482421875,1.00006103515625,1.999969482421875,,,1574537,24,1,3,0
5162,1574653,6554,13107,1.00006103515625,1.999969482421875,1.00006103515625,1.999969482421875,,,1574660,23,1,3,0
5163,1574778,6554,13107,1.00006103515625,1.999969482421875,1.00006103515625,1.999969482421875,,,1574785,24,1,3,0
5164,1574903,6554,13107,1.00006103515625,1.999969482421875,1.00006103515625,1.999969482421875,,,1574910,24,1,3,0
5165,1575029,6554,13107,1.00006103515625,1.999969482421875,1.00006103515625,1.999969482421875,,,1575036,23,1,3,0
5166,1575154,6554,13107,1.00006103515625,1.999969482421875,1.00006103515625,1.999969482421875,,,1575161,23,1,3,0
5167,1575279,6554,13107,1.00006103515625,1.999969482421875,1.00006103515625,1.999969482421875,,,1575286,24,1,3,0
5168,1575404,6554,13107,1.00006103515625,1.999969482421875,1.00006103515625,1.999969482421875,,,1575411,24,1,3,0
5169,1575530,6554,13107,1.00006103515625,1.999969482421875,1.00006103515625,1.999969482421875,,,1575537,23,1,3,0
5170,1575655,6554,13107,1.00006103515625,1.999969482421875,1.00006103515625,1.999969482421875,,,1575662,23,1,3,0
5171,1575780,6554,13107,1.00006103515625,1.999969482421875,1.00006103515625,1.999969482421875,,,1575787,24,1,3,0
5172,1575905,6554,13107,1.00006103515625,1.999969482421875,1.00006103515625,1.999969482421875,,,1575912,24,1,3,0
5173,1576031,6554,13107,1.00006103515625,1.999969482421875,1.00006103515625,1.999969482421875,,,1576038,23,1,3,0
5174,1576156,6554,13107,1.00006103515625,1.999969482421875,1.00006103515625,1.999969482421875,,,1576163,23,1,3,0
5175,1576281,6554,13107,1.00006103515625,1.999969482421875,1.00006103515625,1.999969482421875,,,1576288,24,1,3,0
5176,1576406,6554,13107,1.00006103515625,1.999969482421875,1.00006103515625,1.999969482421875,,,1576413,24,1,3,0
5177,1576532,6554,13107,1.00006103515625,1.999969482421875,1.00006103515625,1.999969482421875,,,1576539,23,1,3,0
5178,1576657,6554,13107,1.00006103515625,1.999969482421875,1.00006103515625,1.999969482421875,,,1576664,23,1,3,0
5179,1576782,6554,13107,1.00006103515625,1.999969482421875,1.00006103515625,1.999969482421875,,,1576789,24,1,3,0
5180,1576907,6554,13107,1.00006103515625,1.999969482421875,1.00006103515625,1.999969482421875,,,1576914,24,1,3,0
5181,1577033,6554,13107,1.00006103515625,1.999969482421875,1.00006103515625,1.999969482421875,,,1577040,23,1,3,0
5182,1577158,6554,13107,1.00006103515625,1.999969482421875,1.00006103515625,1.999969482421875,,,1577165,23,1,3,0
5183,1577283,6554,13107,1.00006103515625,1.999969482421875,1.00006103515625,1.999969482421875,,,1577290,24,1,3,0
5184,1577408,6554,13107,1.00006103515625,1.999969482421875,1.00006103515625,1.999969482421875,,,1577415,24,1,3,0
5185,1577534,6554,13107,1.00006103515625,1.999969482421875,1.00006103515625,1.999969482421875,,,1577541,23,1,3,0
5186,1577659,6554,13107,1.00006103515625,1.999969482421875,1.00006103515625,1.999969482421875,,,1577666,23,1,3,0
5187,1577784,6554,13107,1.00006103515625,1.999969482421875,1.00006103515625,1.999969482421875,,,1577791,24,1,3,0
5188,1577909,6554,13107,1.00006103515625,1.999969482421875,1.00006103515625,1.999969482421875,,,1577916,24,1,3,0
5189,1578035,6554,13107,1.00006103515625,1.999969482421875,1.00006103515625,1.999969482421875,,,1578042,23,1,3,0
5190,1578160,6554,13107,1.00006103515625,1.999969482421875,1.00006103515625,1.999969482421875,,,1578167,23,1,3,0
5191,1578285,6554,13107,1.00006103515625,1.999969482421875,1.00006103515625,1.999969482421875,,,1578292,24,1,3,0
5192,1578410,6554,13107,1.00006103515625,1.999969482421875,1.00006103515625,1.999969482421875,,,1578417,24,1,3,0
5193,1578536,6554,13107,1.00006103515625,1.999969482421875,1.00006103515625,1.999969482421875,,,1578543,23,1,3,0
5194,1578661,6554,13107,1.00006103515625,1.999969482421875,1.00006103515625,1.999969482421875,,,1578668,23,1,3,0
5195,1578786,6554,13107,1.00006103515625,1.999969482421875,1.00006103515625,1.999969482421875,,,1578793,24,1,3,0
5196,1578911,6554,13107,1.00006103515625,1.999969482421875,1.00006103515625,1.999969482421875,,,1578918,24,1,3,0
5197,1579037,6554,13107,1.00006103515625,1.999969482421875,1.00006103515625,1.999969482421875,,,1579044,23,1,3,0
5198,1579162,6554,13107,1.00006103515625,1.999969482421875,1.00006103515625,1.999969482421875,,,1579169,23,1,3,0
5199,1579287,6554,13107,1.00006103515625,1.999969482421875,1.00006103515625,1.999969482421875,,,1579294,24,1,3,0
5200,1579412,6554,13107,1.00006103515625,1.999969482421875,1.00006103515625,1.999969482421875,,,1579419,24,1,3,0
5201,1579538,6554,13107,1.00006103515625,1.999969482421875,1.00006103515625,1.999969482421875,,,1579545,23,1,3,0
5202,1579663,6554,13107,1.00006103515625,1.999969482421875,1.00006103515625,1.999969482421875,,,1579670,23,1,3,0
5203,1579788,6554,13107,1.00006103515625,1.999969482421875,1.00006103515625,1.999969482421875,,,1579795,24,1,3,0
5204,1579913,6554,13107,1.00006103515625,1.999969482421875,1.00006103515625,1.999969482421875,,,1579920,24,1,3,0
5205,1580039,6554,13107,1.00006103515625,1.999969482421875,1.00006103515625,1.999969482421875,,,1580046,23,1,3,0
5206,1580164,6554,13107,1.00006103515625,1.999969482421875,1.00006103515625,1.999969482421875,,,1580171,23,1,3,0
5207,1580289,6554,13107,1.00006103515625,1.999969482421875,1.00006103515625,1.999969482421875,,,1580296,24,1,3,0
5208,1580414,6554,13107,1.00006103515625,1.999969482421875,1.00006103515625,1.999969482421875,,,1580421,24,1,3,0
5209,1580540,6554,13107,1.00006103515625,1.999969482421875,1.00006103515625,1.999969482421875,,,1580547,23,1,3,0
5210,1580665,6554,13107,1.00006103515625,1.999969482421875,1.00006103515625,1.999969482421875,,,1580672,23,1,3,0
5211,1580790,6554,13107,1.00006103515625,1.999969482421875,1.00006103515625,1.999969482421875,,,1580797,24,1,3,0
5212,1580915,6554,13107,1.00006103515625,1.999969482421875,1.00006103515625,1.999969482421875,,,1580924,23,1,3,0
5213,1581041,6554,13107,1.00006103515625,1.999969482421875,1.00006103515625,1.999969482421875,,,1581048,23,1,3,0
5214,1581166,6554,13107,1.00006103515625,1.999969482421875,1.00006103515625,1.999969482421875,,,1581173,23,1,3,0
5215,1581291,6554,13107,1.00006103515625,1.999969482421875,1.00006103515625,1.999969482421875,,,1581298,24,1,3,0
5216,1581416,6554,13107,1.00006103515625,1.999969482421875,1.00006103515625,1.999969482421875,,,1581423,24,1,3,0
5217,1581542,6554,13107,1.00006103515625,1.999969482421875,1.00006103515625,1.999969482421875,,,1581549,23,1,3,0
5218,1581667,6554,13107,1.00006103515625,1.999969482421875,1.00006103515625,1.999969482421875,,,1581674,23,1,3,0
5219,1581792,6554,13107,1.00006103515625,1.999969482421875,1.00006103515625,1.999969482421875,,,1581799,24,1,3,0
5220,1581917,6554,13107,1.00006103515625,1.999969482421875,1.00006103515625,1.999969482421875,,,1581924,24,1,3,0
5221,1582043,6554,13107,1.00006103515625,1.999969482421875,1.00006103515625,1.999969482421875,,,1582050,23,1,3,0
5222,1582168,6554,13107,1.00006103515625,1.999969482421875,1.00006103515625,1.999969482421875,,,1582175,23,1,3,0
5223,1582293,6554,13107,1.00006103515625,1.999969482421875,1.00006103515625,1.999969482421875,,,1582300,24,1,3,0
5224,1582418,6554,13107,1.00006103515625,1.999969482421875,1.00006103515625,1.999969482421875,,,1582425,24,1,3,0
5225,1582544,6554,13107,1.00006103515625,1.999969482421875,1.00006103515625,1.999969482421875,,,1582551,24,1,3,0
5226,1582669,6554,13107,1.00006103515625,1.999969482421875,1.00006103515625,1.999969482421875,,,1582676,23,1,3,0
5227,1582794,6554,13107,1.00006103515625,1.999969482421875,1.00006103515625,1.999969482421875,,,1582801,24,1,3,0
5228,1582919,6554,13107,1.00006103515625,1.999969482421875,1.00006103515625,1.999969482421875,,,1582926,24,1,3,0
5229,1583045,6554,13107,1.00006103515625,1.999969482421875,1.00006103515625,1.999969482421875,,,1583052,23,1,3,0
5230,1583170,6554,13107,1.00006103515625,1.999969482421875,1.00006103515625,1.999969482421875,,,1583177,23,1,3,0
5231,1583295,6554,13107,1.00006103515625,1.999969482421875,1.00006103515625,1.999969482421875,,,1583302,24,1,3,0
5232,1583420,6554,13107,1.00006103515625,1.999969482421875,1.00006103515625,1.999969482421875,,,1583427,24,1,3,0
5233,1583546,6554,13107,1.00006103515625,1.999969482421875,1.00006103515625,1.999969482421875,,,1583553,24,1,3,0
5234,1583671,6554,13107,1.00006103515625,1.999969482421875,1.00006103515625,1.999969482421875,,,1583678,23,1,3,0
5235,1583796,6554,13107,1.00006103515625,1.999969482421875,1.00006103515625,1.999969482421875,,,1583803,24,1,3,0
5236,1583921,6554,13107,1.00006103515625,1.999969482421875,1.00006103515625,1.999969482421875,,,1583928,24,1,3,0
5237,1584047,6554,13107,1.00006103515625,1.999969482421875,1.00006103515625,1.999969482421875,,,1584054,23,1,3,0
5238,1584172,6554,13107,1.00006103515625,1.999969482421875,1.00006103515625,1.999969482421875,,,1584179,23,1,3,0
5239,1584297,6554,13107,1.00006103515625,1.999969482421875,1.00006103515625,1.999969482421875,,,1584304,24,1,3,0
5240,1584422,6554,13107,1.00006103515625,1.999969482421875,1.00006103515625,1.999969482421875,,,1584429,24,1,3,0
5241,1584548,6554,13107,1.00006103515625,1.999969482421875,1.00006103515625,1.999969482421875,,,1584556,24,1,3,0
5242,1584673,6554,13107,1.00006103515625,1.999969482421875,1.00006103515625,1.999969482421875,,,1584680,23,1,3,0
5243,1584798,6554,13107,1.00006103515625,1.999969482421875,1.00006103515625,1.999969482421875,,,1584805,24,1,3,0
5244,1584923,6554,13107,1.00006103515625,1.999969482421875,1.00006103515625,1.999969482421875,,,1584930,24,1,3,0
5245,1585049,6554,13107,1.00006103515625,1.999969482421875,1.00006103515625,1.999969482421875,,,1585056,23,1,3,0
5246,1585174,6554,13107,1.00006103515625,1.999969482421875,1.00006103515625,1.999969482421875,,,1585181,23,1,3,0
5247,1585299,6554,13107,1.00006103515625,1.999969482421875,1.00006103515625,1.999969482421875,,,1585306,24,1,3,0
5248,1585424,6554,13107,1.00006103515625,1.999969482421875,1.00006103515625,1.999969482421875,,,1585431,24,1,3,0
5249,1585550,6554,13107,1.00006103515625,1.999969482421875,1.00006103515625,1.999969482421875,,,1585557,23,1,3,0
5250,1585675,6554,13107,1.00006103515625,1.999969482421875,1.00006103515625,1.999969482421875,,,1585684,23,1,3,0
5251,1585800,6554,13107,1.00006103515625,1.999969482421875,1.00006103515625,1.999969482421875,,,1585807,24,1,3,0
5252,1585925,6554,13107,1.00006103515625,1.999969482421875,1.00006103515625,1.999969482421875,,,1585932,24,1,3,0
5253,1586051,6554,13107,1.00006103515625,1.999969482421875,1.00006103515625,1.999969482421875,,,1586058,23,1,3,0
5254,1586176,6554,13107,1.00006103515625,1.999969482421875,1.00006103515625,1.999969482421875,,,1586183,23,1,3,0
5255,1586301,6554,13107,1.00006103515625,1.999969482421875,1.00006103515625,1.999969482421875,,,1586308,24,1,3,0
5256,1586426,6554,13107,1.00006103515625,1.999969482421875,1.00006103515625,1.999969482421875,,,1586433,24,1,3,0
5257,1586552,6554,13107,1.00006103515625,1.999969482421875,1.00006103515625,1.999969482421875,,,1586559,24,1,3,0
5258,1586677,6554,13107,1.00006103515625,1.999969482421875,1.00006103515625,1.999969482421875,,,1586684,23,1,3,0
5259,1586802,6554,13107,1.00006103515625,1.999969482421875,1.00006103515625,1.999969482421875,,,1586809,24,1,3,0
5260,1586927,6554,13107,1.00006103515625,1.999969482421875,1.00006103515625,1.999969482421875,,,1586934,24,1,3,0
5261,1587053,6554,13107,1.00006103515625,1.999969482421875,1.00006103515625,1.999969482421875,,,1587060,23,1,3,0
5262,1587178,6554,13107,1.00006103515625,1.999969482421875,1.00006103515625,1.999969482421875,,,1587185,23,1,3,0
5263,1587303,6554,13107,1.00006103515625,1.999969482421875,1.00006103515625,1.999969482421875,,,1587310,24,1,3,0
5264,1587428,6554,13107,1.00006103515625,1.999969482421875,1.00006103515625,1.999969482421875,,,1587435,24,1,3,0
5265,1587554,6554,13107,1.00006103515625,1.999969482421875,1.00006103515625,1.999969482421875,,,1587561,23,1,3,0
5266,1587679,6554,13107,1.00006103515625,1.999969482421875,1.00006103515625,1.999969482421875,,,1587686,23,1,3,0
5267,1587804,6554,13107,1.00006103515625,1.999969482421875,1.00006103515625,1.999969482421875,,,1587811,24,1,3,0
5268,1587929,6554,13107,1.00006103515625,1.999969482421875,1.00006103515625,1.999969482421875,,,1587936,24,1,3,0
5269,1588055,6554,13107,1.00006103515625,1.999969482421875,1.00006103515625,1.999969482421875,,,1588062,23,1,3,0
5270,1588180,6554,13107,1.00006103515625,1.999969482421875,1.00006103515625,1.999969482421875,,,1588187,24,1,3,0
5271,1588305,6554,13107,1.00006103515625,1.999969482421875,1.00006103515625,1.999969482421875,,,1588312,24,1,3,0
5272,1588430,6554,13107,1.00006103515625,1.999969482421875,1.00006103515625,1.999969482421875,,,1588438,23,1,3,0
5273,1588556,6554,13107,1.00006103515625,1.999969482421875,1.00006103515625,1.999969482421875,,,1588563,23,1,3,0
5274,1588681,6554,13107,1.00006103515625,1.999969482421875,1.00006103515625,1.999969482421875,,,1588688,24,1,3,0
5275,1588806,6554,13107,1.00006103515625,1.999969482421875,1.00006103515625,1.999969482421875,,,1588813,24,1,3,0
5276,1588931,6554,13107,1.00006103515625,1.999969482421875,1.00006103515625,1.999969482421875,,,1588939,23,1,3,0
5277,1589057,6554,13107,1.00006103515625,1.999969482421875,1.00006103515625,1.999969482421875,,,1589064,23,1,3,0
5278,1589182,6554,13107,1.00006103515625,1.999969482421875,1.00006103515625,1.999969482421875,,,1589189,24,1,3,0
5279,1589307,6554,13107,1.00006103515625,1.999969482421875,1.00006103515625,1.999969482421875,,,1589314,24,1,3,0
5280,1589432,6554,13107,1.00006103515625,1.999969482421875,1.00006103515625,1.999969482421875,,,1589440,23,1,3,0
5281,1589558,6554,13107,1.00006103515625,1.999969482421875,1.00006103515625,1.999969482421875,,,1589565,23,1,3,0
5282,1589683,6554,13107,1.00006103515625,1.999969482421875,1.00006103515625,1.999969482421875,,,1589690,24,1,3,0
5283,1589808,6554,13107,1.00006103515625,1.999969482421875,1.00006103515625,1.999969482421875,,,1589815,24,1,3,0
5284,1589933,6554,13107,1.00006103515625,1.999969482421875,1.00006103515625,1.999969482421875,,,1589941,23,1,3,0
5285,1590059,6554,13107,1.00006103515625,1.999969482421875,1.00006103515625,1.999969482421875,,,1590066,23,1,3,0
5286,1590184,6554,13107,1.00006103515625,1.999969482421875,1.00006103515625,1.999969482421875,,,1590191,24,1,3,0
5287,1590309,6554,13107,1.00006103515625,1.999969482421875,1.00006103515625,1.999969482421875,,,1590316,24,1,3,0
5288,1590434,6554,13107,1.00006103515625,1.999969482421875,1.00006103515625,1.999969482421875,,,1590442,23,1,3,0
5289,1590560,6554,13107,1.00006103515625,1.999969482421875,1.00006103515625,1.999969482421875,,,1590567,23,1,3,0
5290,1590685,6554,13107,1.00006103515625,1.999969482421875,1.00006103515625,1.999969482421875,,,1590692,24,1,3,0
5291,1590810,6554,13107,1.00006103515625,1.999969482421875,1.00006103515625,1.999969482421875,,,1590817,24,1,3,0
5292,1590935,6554,13107,1.00006103515625,1.999969482421875,1.00006103515625,1.999969482421875,,,1590943,23,1,3,0
5293,1591061,6554,13107,1.00006103515625,1.999969482421875,1.00006103515625,1.999969482421875,,,1591068,23,1,3,0
5294,1591186,6554,13107,1.00006103515625,1.999969482421875,1.00006103515625,1.999969482421875,,,1591193,24,1,3,0
5295,1591311,6554,13107,1.00006103515625,1.999969482421875,1.00006103515625,1.999969482421875,,,1591318,24,1,3,0
5296,1591436,6554,13107,1.00006103515625,1.999969482421875,1.00006103515625,1.999969482421875,,,1591444,23,1,3,0
5297,1591562,6554,13107,1.00006103515625,1.999969482421875,1.00006103515625,1.999969482421875,,,1591569,23,1,3,0
5298,1591687,6554,13107,1.00006103515625,1.999969482421875,1.00006103515625,1.999969482421875,,,1591694,24,1,3,0
5299,1591812,6554,13107,1.00006103515625,1.999969482421875,1.00006103515625,1.999969482421875,,,1591819,24,1,3,0
5300,1591937,6554,13107,1.00006103515625,1.999969482421875,1.00006103515625,1.999969482421875,,,1591945,23,1,3,0
5301,1592063,6554,13107,1.00006103515625,1.999969482421875,1.00006103515625,1.999969482421875,,,1592070,23,1,3,0
5302,1592188,6554,13107,1.00006103515625,1.999969482421875,1.00006103515625,1.999969482421875,,,1592195,24,1,3,0
5303,1592313,6554,13107,1.00006103515625,1.999969482421875,1.00006103515625,1.999969482421875,,,1592320,24,1,3,0
5304,1592438,6554,13107,1.00006103515625,1.999969482421875,1.00006103515625,1.999969482421875,,,1592446,23,1,3,0
5305,1592564,6554,13107,1.00006103515625,1.999969482421875,1.00006103515625,1.999969482421875,,,1592571,23,1,3,0
5306,1592689,6554,13107,1.00006103515625,1.999969482421875,1.00006103515625,1.999969482421875,,,1592696,24,1,3,0
5307,1592814,6554,13107,1.00006103515625,1.999969482421875,1.00006103515625,1.999969482421875,,,1592821,24,1,3,0
5308,1592939,6554,13107,1.00006103515625,1.999969482421875,1.00006103515625,1.999969482421875,,,1592947,23,1,3,0
5309,1593065,6554,13107,1.00006103515625,1.999969482421875,1.00006103515625,1.999969482421875,,,1593072,23,1,3,0
5310,1593190,6554,13107,1.00006103515625,1.999969482421875,1.00006103515625,1.999969482421875,,,1593197,24,1,3,0
5311,1593315,6554,13107,1.00006103515625,1.999969482421875,1.00006103515625,1.999969482421875,,,1593322,24,1,3,0
5312,1593440,6554,13107,1.00006103515625,1.999969482421875,1.00006103515625,1.999969482421875,,,1593448,23,1,3,0
5313,1593566,6554,13107,1.00006103515625,1.999969482421875,1.00006103515625,1.999969482421875,,,1593573,23,1,3,0
5314,1593691,6554,13107,1.00006103515625,1.999969482421875,1.00006103515625,1.999969482421875,,,1593698,24,1,3,0
5315,1593816,6554,13107,1.00006103515625,1.999969482421875,1.00006103515625,1.999969482421875,,,1593823,24,1,3,0
5316,1593941,6554,13107,1.00006103515625,1.999969482421875,1.00006103515625,1.999969482421875,,,1593949,23,1,3,0
5317,1594067,6554,13107,1.00006103515625,1.999969482421875,1.00006103515625,1.999969482421875,,,1594074,23,1,3,0
5318,1594192,6554,13107,1.00006103515625,1.999969482421875,1.00006103515625,1.999969482421875,,,1594199,24,1,3,0
5319,1594317,6554,13107,1.00006103515625,1.999969482421875,1.00006103515625,1.999969482421875,,,1594324,24,1,3,0
5320,1594442,6554,13107,1.00006103515625,1.999969482421875,1.00006103515625,1.999969482421875,,,1594449,24,1,3,0
5321,1594568,6554,13107,1.00006103515625,1.999969482421875,1.00006103515625,1.999969482421875,,,1594575,23,1,3,0
5322,1594693,6554,13107,1.00006103515625,1.999969482421875,1.00006103515625,1.999969482421875,,,1594700,24,1,3,0
5323,1594818,6554,13107,1.00006103515625,1.999969482421875,1.00006103515625,1.999969482421875,,,1594825,24,1,3,0
5324,1594943,6554,13107,1.00006103515625,1.999969482421875,1.00006103515625,1.999969482421875,,,1594950,24,1,3,0
5325,1595069,6554,13107,1.00006103515625,1.999969482421875,1.00006103515625,1.999969482421875,,,1595076,23,1,3,0
5326,1595194,6554,13107,1.00006103515625,1.999969482421875,1.00006103515625,1.999969482421875,,,1595201,24,1,3,0
5327,1595319,6554,13107,1.00006103515625,1.999969482421875,1.00006103515625,1.999969482421875,,,1595326,24,1,3,0
5328,1595444,6554,13107,1.00006103515625,1.999969482421875,1.00006103515625,1.999969482421875,,,1595451,24,1,3,0
5329,1595570,6554,13107,1.00006103515625,1.999969482421875,1.00006103515625,1.999969482421875,,,1595577,23,1,3,0
5330,1595695,6554,13107,1.00006103515625,1.999969482421875,1.00006103515625,1.999969482421875,,,1595702,24,1,3,0
5331,1595820,6554,13107,1.00006103515625,1.999969482421875,1.00006103515625,1.999969482421875,,,1595827,24,1,3,0
5332,1595945,6554,13107,1.00006103515625,1.999969482421875,1.00006103515625,1.999969482421875,,,1595952,24,1,3,0
5333,1596071,6554,13107,1.00006103515625,1.999969482421875,1.00006103515625,1.999969482421875,,,1596078,23,1,3,0
5334,1596196,6554,13107,1.00006103515625,1.999969482421875,1.00006103515625,1.999969482421875,,,1596203,24,1,3,0
5335,1596321,6554,13107,1.00006103515625,1.999969482421875,1.00006103515625,1.999969482421875,,,1596328,24,1,3,0
5336,1596446,6554,13107,1.00006103515625,1.999969482421875,1.00006103515625,1.999969482421875,,,1596454,24,1,3,0
5337,1596572,6554,13107,1.00006103515625,1.999969482421875,1.00006103515625,1.999969482421875,,,1596579,24,1,3,0
5338,1596697,6554,13107,1.00006103515625,1.999969482421875,1.00006103515625,1.999969482421875,,,1596704,24,1,3,0
5339,1596822,6554,13107,1.00006103515625,1.999969482421875,1.00006103515625,1.999969482421875,,,1596829,24,1,3,0
5340,1596947,6554,13107,1.00006103515625,1.999969482421875,1.00006103515625,1.999969482421875,,,1596954,24,1,3,0
5341,1597073,6554,13107,1.00006103515625,1.999969482421875,1.00006103515625,1.999969482421875,,,1597080,23,1,3,0
5342,1597198,6554,13107,1.00006103515625,1.999969482421875,1.00006103515625,1.999969482421875,,,1597205,24,1,3,0
5343,1597323,6554,13107,1.00006103515625,1.999969482421875,1.00006103515625,1.999969482421875,,,1597330,24,1,3,0
5344,1597448,6554,13107,1.00006103515625,1.999969482421875,1.00006103515625,1.999969482421875,,,1597455,24,1,3,0
5345,1597574,6554,13107,1.00006103515625,1.999969482421875,1.00006103515625,1.999969482421875,,,1597582,24,1,3,0
5346,1597699,6554,13107,1.00006103515625,1.999969482421875,1.00006103515625,1.999969482421875,,,1597706,24,1,3,0
5347,1597824,6554,13107,1.00006103515625,1.999969482421875,1.00006103515625,1.999969482421875,,,1597831,24,1,3,0
5348,1597949,6554,13107,1.00006103515625,1.999969482421875,1.00006103515625,1.999969482421875,,,1597956,24,1,3,0
5349,1598075,6554,13107,1.00006103515625,1.999969482421875,1.00006103515625,1.999969482421875,,,1598082,23,1,3,0
5350,1598200,6554,13107,1.00006103515625,1.999969482421875,1.00006103515625,1.999969482421875,,,1598207,24,1,3,0
5351,1598325,6554,13107,1.00006103515625,1.999969482421875,1.00006103515625,1.999969482421875,,,1598332,24,1,3,0
5352,1598450,6554,13107,1.00006103515625,1.999969482421875,1.00006103515625,1.999969482421875,,,1598457,24,1,3,0
5353,1598576,6554,13107,1.00006103515625,1.999969482421875,1.00006103515625,1.999969482421875,,,1598583,23,1,3,0
5354,1598701,6554,13107,1.00006103515625,1.999969482421875,1.00006103515625,1.999969482421875,,,1598708,24,1,3,0
5355,1598826,6554,13107,1.00006103515625,1.999969482421875,1.00006103515625,1.999969482421875,,,1598833,24,1,3,0
5356,1598951,6554,13107,1.00006103515625,1.999969482421875,1.00006103515625,1.999969482421875,,,1598958,24,1,3,0
5357,1599077,6554,13107,1.00006103515625,1.999969482421875,1.00006103515625,1.999969482421875,,,1599084,23,1,3,0
5358,1599202,6554,13107,1.00006103515625,1.999969482421875,1.00006103515625,1.999969482421875,,,1599209,24,1,3,0
5359,1599327,6554,13107,1.00006103515625,1.999969482421875,1.00006103515625,1.999969482421875,,,1599334,24,1,3,0
5360,1599452,6554,13107,1.00006103515625,1.999969482421875,1.00006103515625,1.999969482421875,,,1599459,24,1,3,0
5361,1599578,6554,13107,1.00006103515625,1.999969482421875,1.00006103515625,1.999969482421875,,,1599585,23,1,3,0
5362,1599703,6554,13107,1.00006103515625,1.999969482421875,1.00006103515625,1.999969482421875,,,1599710,24,1,3,0
5363,1599828,6554,13107,1.00006103515625,1.999969482421875,1.00006103515625,1.999969482421875,,,1599835,24,1,3,0
5364,1599953,6554,13107,1.00006103515625,1.999969482421875,1.00006103515625,1.999969482421875,,,1599960,24,1,3,0
5365,1600079,6554,13107,1.00006103515625,1.999969482421875,1.00006103515625,1.999969482421875,,,1600086,23,1,3,0
5366,1600204,6554,13107,1.00006103515625,1.999969482421875,1.00006103515625,1.999969482421875,,,1600211,24,1,3,0
5367,1600329,6554,13107,1.00006103515625,1.999969482421875,1.00006103515625,1.999969482421875,,,1600336,24,1,3,0
5368,1600454,6554,13107,1.00006103515625,1.999969482421875,1.00006103515625,1.999969482421875,,,1600461,24,1,3,0
5369,1600580,6554,13107,1.00006103515625,1.999969482421875,1.00006103515625,1.999969482421875,,,1600587,23,1,3,0
5370,1600705,6554,13107,1.00006103515625,1.999969482421875,1.00006103515625,1.999969482421875,,,1600712,24,1,3,0
5371,1600830,6554,13107,1.00006103515625,1.999969482421875,1.00006103515625,1.999969482421875,,,1600837,24,1,3,0
5372,1600955,6554,13107,1.00006103515625,1.999969482421875,1.00006103515625,1.999969482421875,,,1600962,24,1,3,0
5373,1601081,6554,13107,1.00006103515625,1.999969482421875,1.00006103515625,1.999969482421875,,,1601088,23,1,3,0
5374,1601206,6554,13107,1.00006103515625,1.999969482421875,1.00006103515625,1.999969482421875,,,1601213,24,1,3,0
5375,1601331,6554,13107,1.00006103515625,1.999969482421875,1.00006103515625,1.999969482421875,,,1601338,24,1,3,0
5376,1601456,6554,13107,1.00006103515625,1.999969482421875,1.00006103515625,1.999969482421875,,,1601463,24,1,3,0
5377,1601582,6554,13107,1.00006103515625,1.999969482421875,1.00006103515625,1.999969482421875,,,1601589,23,1,3,0
5378,1601707,6554,13107,1.00006103515625,1.999969482421875,1.00006103515625,1.999969482421875,,,1601714,24,1,3,0
5379,1601832,6554,13107,1.00006103515625,1.999969482421875,1.00006103515625,1.999969482421875,,,1601839,24,1,3,0
5380,1601957,6554,13107,1.00006103515625,1.999969482421875,1.00006103515625,1.999969482421875,,,1601964,24,1,3,0
5381,1602083,6554,13107,1.00006103515625,1.999969482421875,1.00006103515625,1.999969482421875,,,1602090,23,1,3,0
5382,1602208,6554,13107,1.00006103515625,1.999969482421875,1.00006103515625,1.999969482421875,,,1602215,24,1,3,0
5383,1602333,6554,13107,1.00006103515625,1.999969482421875,1.00006103515625,1.999969482421875,,,1602340,24,1,3,0
5384,1602458,6554,13107,1.00006103515625,1.999969482421875,1.00006103515625,1.999969482421875,,,1602465,24,1,3,0
5385,1602584,6554,13107,1.00006103515625,1.999969482421875,1.00006103515625,1.999969482421875,,,1602591,23,1,3,0
5386,1602709,6554,13107,1.00006103515625,1.999969482421875,1.00006103515625,1.999969482421875,,,1602716,24,1,3,0
5387,1602834,6554,13107,1.00006103515625,1.999969482421875,1.00006103515625,1.999969482421875,,,1602841,24,1,3,0
5388,1602959,6554,13107,1.00006103515625,1.999969482421875,1.00006103515625,1.999969482421875,,,1602966,24,1,3,0
5389,1603085,6554,13107,1.00006103515625,1.999969482421875,1.00006103515625,1.999969482421875,,,1603092,23,1,3,0
5390,1603210,6554,13107,1.00006103515625,1.999969482421875,1.00006103515625,1.999969482421875,,,1603217,24,1,3,0
5391,1603335,6554,13107,1.00006103515625,1.999969482421875,1.00006103515625,1.999969482421875,,,1603344,24,1,3,0
5392,1603460,6554,13107,1.00006103515625,1.999969482421875,1.00006103515625,1.999969482421875,,,1603467,24,1,3,0
5393,1603586,6554,13107,1.00006103515625,1.999969482421875,1.00006103515625,1.999969482421875,,,1603593,23,1,3,0
5394,1603711,6554,13107,1.00006103515625,1.999969482421875,1.00006103515625,1.999969482421875,,,1603718,24,1,3,0
5395,1603836,6554,13107,1.00006103515625,1.999969482421875,1.00006103515625,1.999969482421875,,,1603843,24,1,3,0
5396,1603961,6554,13107,1.00006103515625,1.999969482421875,1.00006103515625,1.999969482421875,,,1603968,24,1,3,0
5397,1604087,6554,13107,1.00006103515625,1.999969482421875,1.00006103515625,1.999969482421875,,,1604094,23,1,3,0
5398,1604212,6554,13107,1.00006103515625,1.999969482421875,1.00006103515625,1.999969482421875,,,1604219,24,1,3,0
5399,1604337,6554,13107,1.00006103515625,1.999969482421875,1.00006103515625,1.999969482421875,,,1604345,24,1,3,0
5400,1604462,6554,13107,1.00006103515625,1.999969482421875,1.00006103515625,1.999969482421875,,,1604469,24,1,3,0
5401,1604588,6554,13107,1.00006103515625,1.999969482421875,1.00006103515625,1.999969482421875,,,1604595,23,1,3,0
5402,1604713,6554,13107,1.00006103515625,1.999969482421875,1.00006103515625,1.999969482421875,,,1604720,24,1,3,0
5403,1604838,6554,13107,1.00006103515625,1.999969482421875,1.00006103515625,1.999969482421875,,,1604845,24,1,3,0
5404,1604963,6554,13107,1.00006103515625,1.999969482421875,1.00006103515625,1.999969482421875,,,1604970,24,1,3,0
5405,1605089,6554,13107,1.00006103515625,1.999969482421875,1.00006103515625,1.999969482421875,,,1605096,23,1,3,0
5406,1605214,6554,13107,1.00006103515625,1.999969482421875,1.00006103515625,1.999969482421875,,,1605221,24,1,3,0
5407,1605339,6554,13107,1.00006103515625,1.999969482421875,1.00006103515625,1.999969482421875,,,1605346,24,1,3,0
5408,1605464,6554,13107,1.00006103515625,1.999969482421875,1.00006103515625,1.999969482421875,,,1605471,24,1,3,0
5409,1605590,6554,13107,1.00006103515625,1.999969482421875,1.00006103515625,1.999969482421875,,,1605597,23,1,3,0
5410,1605715,6554,13107,1.00006103515625,1.999969482421875,1.00006103515625,1.999969482421875,,,1605722,24,1,3,0
5411,1605840,6554,13107,1.00006103515625,1.999969482421875,1.00006103515625,1.999969482421875,,,1605847,24,1,3,0
5412,1605965,6554,13107,1.00006103515625,1.999969482421875,1.00006103515625,1.999969482421875,,,1605972,24,1,3,0
5413,1606091,6554,13107,1.00006103515625,1.999969482421875,1.00006103515625,1.999969482421875,,,1606098,23,1,3,0
5414,1606216,6554,13107,1.00006103515625,1.999969482421875,1.00006103515625,1.999969482421875,,,1606223,24,1,3,0
5415,1606341,6554,13107,1.00006103515625,1.999969482421875,1.00006103515625,1.999969482421875,,,1606348,24,1,3,0
5416,1606466,6554,13107,1.00006103515625,1.999969482421875,1.00006103515625,1.999969482421875,,,1606473,24,1,3,0
5417,1606592,6554,13107,1.00006103515625,1.999969482421875,1.00006103515625,1.999969482421875,,,1606599,23,1,3,0
5418,1606717,6554,13107,1.00006103515625,1.999969482421875,1.00006103515625,1.999969482421875,,,1606724,24,1,3,0
5419,1606842,6554,13107,1.00006103515625,1.999969482421875,1.00006103515625,1.999969482421875,,,1606849,24,1,3,0
5420,1606967,6554,13107,1.00006103515625,1.999969482421875,1.00006103515625,1.999969482421875,,,1606974,24,1,3,0
5421,1607093,6554,13107,1.00006103515625,1.999969482421875,1.00006103515625,1.999969482421875,,,1607100,23,1,3,0
5422,1607218,6554,13107,1.00006103515625,1.999969482421875,1.00006103515625,1.999969482421875,,,1607225,24,1,3,0
5423,1607343,6554,13107,1.00006103515625,1.999969482421875,1.00006103515625,1.999969482421875,,,1607350,24,1,3,0
5424,1607468,6554,13107,1.00006103515625,1.999969482421875,1.00006103515625,1.999969482421875,,,1607475,24,1,3,0
5425,1607594,6554,13107,1.00006103515625,1.999969482421875,1.00006103515625,1.999969482421875,,,1607601,23,1,3,0
5426,1607719,6554,13107,1.00006103515625,1.999969482421875,1.00006103515625,1.999969482421875,,,1607726,24,1,3,0
5427,1607844,6554,13107,1.00006103515625,1.999969482421875,1.00006103515625,1.999969482421875,,,1607851,24,1,3,0
5428,1607969,6554,13107,1.00006103515625,1.999969482421875,1.00006103515625,1.999969482421875,,,1607976,24,1,3,0
5429,1608095,6554,13107,1.00006103515625,1.999969482421875,1.00006103515625,1.999969482421875,,,1608102,23,1,3,0
5430,1608220,6554,13107,1.00006103515625,1.999969482421875,1.00006103515625,1.999969482421875,,,1608227,24,1,3,0
5431,1608345,6554,13107,1.00006103515625,1.999969482421875,1.00006103515625,1.999969482421875,,,1608352,24,1,3,0
5432,1608470,6554,13107,1.00006103515625,1.999969482421875,1.00006103515625,1.999969482421875,,,1608478,24,1,3,0
5433,1608596,6554,13107,1.00006103515625,1.999969482421875,1.00006103515625,1.999969482421875,,,1608603,23,1,3,0
5434,1608721,6554,13107,1.00006103515625,1.999969482421875,1.00006103515625,1.999969482421875,,,1608728,24,1,3,0
5435,1608846,6554,13107,1.00006103515625,1.999969482421875,1.00006103515625,1.999969482421875,,,1608853,24,1,3,0
5436,1608971,6554,13107,1.00006103515625,1.999969482421875,1.00006103515625,1.999969482421875,,,1608978,24,1,3,0
5437,1609097,6554,13107,1.00006103515625,1.999969482421875,1.00006103515625,1.999969482421875,,,1609104,23,1,3,0
5438,1609222,6554,13107,1.00006103515625,1.999969482421875,1.00006103515625,1.999969482421875,,,1609229,24,1,3,0
5439,1609347,6554,13107,1.00006103515625,1.999969482421875,1.00006103515625,1.999969482421875,,,1609354,24,1,3,0
5440,1609472,6554,13107,1.00006103515625,1.999969482421875,1.00006103515625,1.999969482421875,,,1609479,24,1,3,0
5441,1609598,6554,13107,1.00006103515625,1.999969482421875,1.00006103515625,1.999969482421875,,,1609605,23,1,3,0
5442,1609723,6554,13107,1.00006103515625,1.999969482421875,1.00006103515625,1.999969482421875,,,1609730,24,1,3,0
5443,1609848,6554,13107,1.00006103515625,1.999969482421875,1.00006103515625,1.999969482421875,,,1609855,24,1,3,0
5444,1609973,6554,13107,1.00006103515625,1.999969482421875,1.00006103515625,1.999969482421875,,,1609980,24,1,3,0
5445,1610099,6554,13107,1.00006103515625,1.999969482421875,1.00006103515625,1.999969482421875,,,1610106,23,1,3,0
5446,1610224,6554,13107,1.00006103515625,1.999969482421875,1.00006103515625,1.999969482421875,,,1610231,24,1,3,0
5447,1610349,6554,13107,1.00006103515625,1.999969482421875,1.00006103515625,1.999969482421875,,,1610356,24,1,3,0
5448,1610474,6554,13107,1.00006103515625,1.999969482421875,1.00006103515625,1.999969482421875,,,1610481,24,1,3,0
5449,1610600,6554,13107,1.00006103515625,1.999969482421875,1.00006103515625,1.999969482421875,,,1610607,23,1,3,0
5450,1610725,6554,13107,1.00006103515625,1.999969482421875,1.00006103515625,1.999969482421875,,,1610732,24,1,3,0
5451,1610850,6554,13107,1.00006103515625,1.999969482421875,1.00006103515625,1.999969482421875,,,1610857,24,1,3,0
5452,1610975,6554,13107,1.00006103515625,1.999969482421875,1.00006103515625,1.999969482421875,,,1610982,24,1,3,0
5453,1611101,6554,13107,1.00006103515625,1.999969482421875,1.00006103515625,1.999969482421875,,,1611108,23,1,3,0
5454,1611226,6554,13107,1.00006103515625,1.999969482421875,1.00006103515625,1.999969482421875,,,1611233,24,1,3,0
5455,1611351,6554,13107,1.00006103515625,1.999969482421875,1.00006103515625,1.999969482421875,,,1611358,24,1,3,0
5456,1611476,6554,13107,1.00006103515625,1.999969482421875,1.00006103515625,1.999969482421875,,,1611483,24,1,3,0
5457,1611602,6554,13107,1.00006103515625,1.999969482421875,1.00006103515625,1.999969482421875,,,1611609,23,1,3,0
5458,1611727,6554,13107,1.00006103515625,1.999969482421875,1.00006103515625,1.999969482421875,,,1611734,24,1,3,0
5459,1611852,6554,13107,1.00006103515625,1.999969482421875,1.00006103515625,1.999969482421875,,,1611859,24,1,3,0
5460,1611977,6554,13107,1.00006103515625,1.999969482421875,1.00006103515625,1.999969482421875,,,1611984,24,1,3,0
5461,1612103,6554,13107,1.00006103515625,1.999969482421875,1.00006103515625,1.999969482421875,,,1612110,23,1,3,0
5462,1612228,6554,13107,1.00006103515625,1.999969482421875,1.00006103515625,1.999969482421875,,,1612235,24,1,3,0
5463,1612353,6554,13107,1.00006103515625,1.999969482421875,1.00006103515625,1.999969482421875,,,1612360,24,1,3,0
5464,1612478,6554,13107,1.00006103515625,1.999969482421875,1.00006103515625,1.999969482421875,,,1612485,24,1,3,0
5465,1612604,6554,13107,1.00006103515625,1.999969482421875,1.00006103515625,1.999969482421875,,,1612611,23,1,3,0
5466,1612729,6554,13107,1.00006103515625,1.999969482421875,1.00006103515625,1.999969482421875,,,1612736,24,1,3,0
5467,1612854,6554,13107,1.00006103515625,1.999969482421875,1.00006103515625,1.999969482421875,,,1612861,24,1,3,0
5468,1612979,6554,13107,1.00006103515625,1.999969482421875,1.00006103515625,1.999969482421875,,,1612986,24,1,3,0
5469,1613105,6554,13107,1.00006103515625,1.999969482421875,1.00006103515625,1.999969482421875,,,1613112,23,1,3,0
5470,1613230,6554,13107,1.00006103515625,1.999969482421875,1.00006103515625,1.999969482421875,,,1613237,24,1,3,0
5471,1613355,6554,13107,1.00006103515625,1.999969482421875,1.00006103515625,1.999969482421875,,,1613362,24,1,3,0
5472,1613480,6554,13107,1.00006103515625,1.999969482421875,1.00006103515625,1.999969482421875,,,1613489,23,1,3,0
5473,1613606,6554,13107,1.00006103515625,1.999969482421875,1.00006103515625,1.999969482421875,,,1613613,23,1,3,0
5474,1613731,6554,13107,1.00006103515625,1.999969482421875,1.00006103515625,1.999969482421875,,,1613738,24,1,3,0
5475,1613856,6554,13107,1.00006103515625,1.999969482421875,1.00006103515625,1.999969482421875,,,1613863,24,1,3,0
5476,1613981,6554,13107,1.00006103515625,1.999969482421875,1.00006103515625,1.999969482421875,,,1613988,24,1,3,0
5477,1614107,6554,13107,1.00006103515625,1.999969482421875,1.00006103515625,1.999969482421875,,,1614114,23,1,3,0
5478,1614232,6554,13107,1.00006103515625,1.999969482421875,1.00006103515625,1.999969482421875,,,1614239,24,1,3,0
5479,1614357,6554,13107,1.00006103515625,1.999969482421875,1.00006103515625,1.999969482421875,,,1614364,24,1,3,0
5480,1614482,6554,13107,1.00006103515625,1.999969482421875,1.00006103515625,1.999969482421875,,,1614489,24,1,3,0
5481,1614608,6554,13107,1.00006103515625,1.999969482421875,1.00006103515625,1.999969482421875,,,1614615,23,1,3,0
5482,1614733,6554,13107,1.00006103515625,1.999969482421875,1.00006103515625,1.999969482421875,,,1614740,24,1,3,0
5483,1614858,6554,13107,1.00006103515625,1.999969482421875,1.00006103515625,1.999969482421875,,,1614865,24,1,3,0
5484,1614983,6554,13107,1.00006103515625,1.999969482421875,1.00006103515625,1.999969482421875,,,1614990,24,1,3,0
5485,1615109,6554,13107,1.00006103515625,1.999969482421875,1.00006103515625,1.999969482421875,,,1615116,23,1,3,0
5486,1615234,6554,13107,1.00006103515625,1.999969482421875,1.00006103515625,1.999969482421875,,,1615241,24,1,3,0
5487,1615359,6554,13107,1.00006103515625,1.999969482421875,1.00006103515625,1.999969482421875,,,1615366,24,1,3,0
5488,1615484,6554,13107,1.00006103515625,1.999969482421875,1.00006103515625,1.999969482421875,,,1615491,24,1,3,0
5489,1615610,6554,13107,1.00006103515625,1.999969482421875,1.00006103515625,1.999969482421875,,,1615617,26,1,3,0
5490,1615735,6554,13107,1.00006103515625,1.999969482421875,1.00006103515625,1.999969482421875,,,1615742,24,1,3,0
5491,1615860,6554,13107,1.00006103515625,1.999969482421875,1.00006103515625,1.999969482421875,,,1615867,24,1,3,0
5492,1615985,6554,13107,1.00006103515625,1.999969482421875,1.00006103515625,1.999969482421875,,,1615992,24,1,3,0
5493,1616111,6554,13107,1.00006103515625,1.999969482421875,1.00006103515625,1.999969482421875,,,1616118,23,1,3,0
5494,1616236,6554,13107,1.00006103515625,1.999969482421875,1.00006103515625,1.999969482421875,,,1616243,24,1,3,0
5495,1616361,6554,13107,1.00006103515625,1.999969482421875,1.00006103515625,1.999969482421875,,,1616368,24,1,3,0
5496,1616486,6554,13107,1.00006103515625,1.999969482421875,1.00006103515625,1.999969482421875,,,1616493,24,1,3,0
5497,1616612,6554,13107,1.00006103515625,1.999969482421875,1.00006103515625,1.999969482421875,,,1616619,25,1,3,0
5498,1616737,6554,13107,1.00006103515625,1.999969482421875,1.00006103515625,1.999969482421875,,,1616744,24,1,3,0
5499,1616862,6554,13107,1.00006103515625,1.999969482421875,1.00006103515625,1.999969482421875,,,1616869,24,1,3,0
5500,1616987,6554,13107,1.00006103515625,1.999969482421875,1.00006103515625,1.999969482421875,,,1616994,24,1,3,0
5501,1617113,6554,13107,1.00006103515625,1.999969482421875,1.00006103515625,1.999969482421875,,,1617120,23,1,3,0
5502,1617238,6554,13107,1.00006103515625,1.999969482421875,1.00006103515625,1.999969482421875,,,1617245,24,1,3,0
5503,1617363,6554,13107,1.00006103515625,1.999969482421875,1.00006103515625,1.999969482421875,,,1617370,24,1,3,0
5504,1617488,6554,13107,1.00006103515625,1.999969482421875,1.00006103515625,1.999969482421875,,,1617495,24,1,3,0
5505,1617614,6554,13107,1.00006103515625,1.999969482421875,1.00006103515625,1.999969482421875,,,1617621,23,1,3,0
5506,1617739,6554,13107,1.00006103515625,1.999969482421875,1.00006103515625,1.999969482421875,,,1617746,24,1,3,0
5507,1617864,6554,13107,1.00006103515625,1.999969482421875,1.00006103515625,1.999969482421875,,,1617871,24,1,3,0
5508,1617989,6554,13107,1.00006103515625,1.999969482421875,1.00006103515625,1.999969482421875,,,1617996,24,1,3,0
5509,1618115,6554,13107,1.00006103515625,1.999969482421875,1.00006103515625,1.999969482421875,,,1618122,23,1,3,0
5510,1618240,6554,13107,1.00006103515625,1.999969482421875,1.00006103515625,1.999969482421875,,,1618247,24,1,3,0
5511,1618365,6554,13107,1.00006103515625,1.999969482421875,1.00006103515625,1.999969482421875,,,1618372,24,1,3,0
5512,1618490,6554,13107,1.00006103515625,1.999969482421875,1.00006103515625,1.999969482421875,,,1618498,23,1,3,0
5513,1618616,6554,13107,1.00006103515625,1.999969482421875,1.00006103515625,1.999969482421875,,,1618623,23,1,3,0
5514,1618741,6554,13107,1.00006103515625,1.999969482421875,1.00006103515625,1.999969482421875,,,1618748,24,1,3,0
5515,1618866,6554,13107,1.00006103515625,1.999969482421875,1.00006103515625,1.999969482421875,,,1618873,24,1,3,0
5516,1618991,6554,13107,1.00006103515625,1.999969482421875,1.00006103515625,1.999969482421875,,,1618998,24,1,3,0
5517,1619117,6554,13107,1.00006103515625,1.999969482421875,1.00006103515625,1.999969482421875,,,1619124,23,1,3,0
5518,1619242,6554,13107,1.00006103515625,1.999969482421875,1.00006103515625,1.999969482421875,,,1619249,24,1,3,0
5519,1619367,6554,13107,1.00006103515625,1.999969482421875,1.00006103515625,1.999969482421875,,,1619374,24,1,3,0
5520,1619492,6554,13107,1.00006103515625,1.999969482421875,1.00006103515625,1.999969482421875,,,1619500,23,1,3,0
5521,1619618,6554,13107,1.00006103515625,1.999969482421875,1.00006103515625,1.999969482421875,,,1619625,24,1,3,0
5522,1619743,6554,13107,1.00006103515625,1.999969482421875,1.00006103515625,1.999969482421875,,,1619750,24,1,3,0
5523,1619868,6554,13107,1.00006103515625,1.999969482421875,1.00006103515625,1.999969482421875,,,1619875,24,1,3,0
5524,1619993,6554,13107,1.00006103515625,1.999969482421875,1.00006103515625,1.999969482421875,,,1620001,23,1,3,0
5525,1620119,6554,13107,1.00006103515625,1.999969482421875,1.00006103515625,1.999969482421875,,,1620126,23,1,3,0
5526,1620244,6554,13107,1.00006103515625,1.999969482421875,1.00006103515625,1.999969482421875,,,1620251,24,1,3,0
5527,1620369,6554,13107,1.00006103515625,1.999969482421875,1.00006103515625,1.999969482421875,,,1620376,24,1,3,0
5528,1620494,6554,13107,1.00006103515625,1.999969482421875,1.00006103515625,1.999969482421875,,,1620502,23,1,3,0
5529,1620620,6554,13107,1.00006103515625,1.999969482421875,1.00006103515625,1.999969482421875,,,1620627,24,1,3,0
5530,1620745,6554,13107,1.00006103515625,1.999969482421875,1.00006103515625,1.999969482421875,,,1620752,24,1,3,0
5531,1620870,6554,13107,1.00006103515625,1.999969482421875,1.00006103515625,1.999969482421875,,,1620877,24,1,3,0
5532,1620995,6554,13107,1.00006103515625,1.999969482421875,1.00006103515625,1.999969482421875,,,1621003,23,1,3,0
5533,1621121,6554,13107,1.00006103515625,1.999969482421875,1.00006103515625,1.999969482421875,,,1621128,23,1,3,0
5534,1621246,6554,13107,1.00006103515625,1.999969482421875,1.00006103515625,1.999969482421875,,,1621253,24,1,3,0
5535,1621371,6554,13107,1.00006103515625,1.999969482421875,1.00006103515625,1.999969482421875,,,1621378,24,1,3,0
5536,1621496,6554,13107,1.00006103515625,1.999969482421875,1.00006103515625,1.999969482421875,,,1621504,23,1,3,0
5537,1621622,6554,13107,1.00006103515625,1.999969482421875,1.00006103515625,1.999969482421875,,,1621629,24,1,3,0
5538,1621747,6554,13107,1.00006103515625,1.999969482421875,1.00006103515625,1.999969482421875,,,1621754,24,1,3,0
5539,1621872,6554,13107,1.00006103515625,1.999969482421875,1.00006103515625,1.999969482421875,,,1621879,24,1,3,0
5540,1621997,6554,13107,1.00006103515625,1.999969482421875,1.00006103515625,1.999969482421875,,,1622005,23,1,3,0
5541,1622123,6554,13107,1.00006103515625,1.999969482421875,1.00006103515625,1.999969482421875,,,1622130,23,1,3,0
5542,1622248,6554,13107,1.00006103515625,1.999969482421875,1.00006103515625,1.999969482421875,,,1622255,24,1,3,0
5543,1622373,6554,13107,1.00006103515625,1.999969482421875,1.00006103515625,1.999969482421875,,,1622380,24,1,3,0
5544,1622498,6554,13107,1.00006103515625,1.999969482421875,1.00006103515625,1.999969482421875,,,1622506,23,1,3,0
5545,1622624,6554,13107,1.00006103515625,1.999969482421875,1.00006103515625,1.999969482421875,,,1622631,24,1,3,0
5546,1622749,6554,13107,1.00006103515625,1.999969482421875,1.00006103515625,1.999969482421875,,,1622756,24,1,3,0
5547,1622874,6554,13107,1.00006103515625,1.999969482421875,1.00006103515625,1.999969482421875,,,1622881,24,1,3,0
5548,1622999,6554,13107,1.00006103515625,1.999969482421875,1.00006103515625,1.999969482421875,,,1623007,23,1,3,0
5549,1623125,6554,13107,1.00006103515625,1.999969482421875,1.00006103515625,1.999969482421875,,,1623132,23,1,3,0
5550,1623250,6554,13107,1.00006103515625,1.999969482421875,1.00006103515625,1.999969482421875,,,1623257,24,1,3,0
5551,1623375,6554,13107,1.00006103515625,1.999969482421875,1.00006103515625,1.999969482421875,,,1623382,24,1,3,0
5552,1623500,6554,13107,1.00006103515625,1.999969482421875,1.00006103515625,1.999969482421875,,,1623508,23,1,3,0
5553,1623626,6554,13107,1.00006103515625,1.999969482421875,1.00006103515625,1.999969482421875,,,1623633,24,1,3,0
5554,1623751,6554,13107,1.00006103515625,1.999969482421875,1.00006103515625,1.999969482421875,,,1623758,24,1,3,0
5555,1623876,6554,13107,1.00006103515625,1.999969482421875,1.00006103515625,1.999969482421875,,,1623883,24,1,3,0
5556,1624001,6554,13107,1.00006103515625,1.999969482421875,1.00006103515625,1.999969482421875,,,1624009,23,1,3,0
5557,1624127,6554,13107,1.00006103515625,1.999969482421875,1.00006103515625,1.999969482421875,,,1624134,23,1,3,0
5558,1624252,6554,13107,1.00006103515625,1.999969482421875,1.00006103515625,1.999969482421875,,,1624259,24,1,3,0
5559,1624377,6554,13107,1.00006103515625,1.999969482421875,1.00006103515625,1.999969482421875,,,1624384,24,1,3,0
5560,1624502,6554,13107,1.00006103515625,1.999969482421875,1.00006103515625,1.999969482421875,,,1624510,23,1,3,0
5561,1624628,6554,13107,1.00006103515625,1.999969482421875,1.00006103515625,1.999969482421875,,,1624635,28,1,3,0
5562,1624753,6554,13107,1.00006103515625,1.999969482421875,1.00006103515625,1.999969482421875,,,1624760,24,1,3,0
5563,1624878,6554,13107,1.00006103515625,1.999969482421875,1.00006103515625,1.999969482421875,,,1624885,24,1,3,0
5564,1625003,6554,13107,1.00006103515625,1.999969482421875,1.00006103515625,1.999969482421875,,,1625011,23,1,3,0
5565,1625129,6554,13107,1.00006103515625,1.999969482421875,1.00006103515625,1.999969482421875,,,1625136,23,1,3,0
5566,1625254,6554,13107,1.00006103515625,1.999969482421875,1.00006103515625,1.999969482421875,,,1625261,24,1,3,0
5567,1625379,6554,13107,1.00006103515625,1.999969482421875,1.00006103515625,1.999969482421875,,,1625386,24,1,3,0
5568,1625504,6554,13107,1.00006103515625,1.999969482421875,1.00006103515625,1.999969482421875,,,1625511,24,1,3,0
5569,1625630,6554,13107,1.00006103515625,1.999969482421875,1.00006103515625,1.999969482421875,,,1625637,26,1,3,0
5570,1625755,6554,13107,1.00006103515625,1.999969482421875,1.00006103515625,1.999969482421875,,,1625762,24,1,3,0
5571,1625880,6554,13107,1.00006103515625,1.999969482421875,1.00006103515625,1.999969482421875,,,1625887,24,1,3,0
5572,1626005,6554,13107,1.00006103515625,1.999969482421875,1.00006103515625,1.999969482421875,,,1626012,24,1,3,0
5573,1626131,6554,13107,1.00006103515625,1.999969482421875,1.00006103515625,1.999969482421875,,,1626138,23,1,3,0
5574,1626256,6554,13107,1.00006103515625,1.999969482421875,1.00006103515625,1.999969482421875,,,1626263,24,1,3,0
5575,1626381,6554,13107,1.00006103515625,1.999969482421875,1.00006103515625,1.999969482421875,,,1626388,24,1,3,0
5576,1626506,6554,13107,1.00006103515625,1.999969482421875,1.00006103515625,1.999969482421875,,,1626513,24,1,3,0
5577,1626632,6554,13107,1.00006103515625,1.999969482421875,1.00006103515625,1.999969482421875,,,1626639,26,1,3,0
5578,1626757,6554,13107,1.00006103515625,1.999969482421875,1.00006103515625,1.999969482421875,,,1626764,24,1,3,0
5579,1626882,6554,13107,1.00006103515625,1.999969482421875,1.00006103515625,1.999969482421875,,,1626889,24,1,3,0
5580,1627007,6554,13107,1.00006103515625,1.999969482421875,1.00006103515625,1.999969482421875,,,1627014,24,1,3,0
5581,1627133,6554,13107,1.00006103515625,1.999969482421875,1.00006103515625,1.999969482421875,,,1627140,23,1,3,0
5582,1627258,6554,13107,1.00006103515625,1.999969482421875,1.00006103515625,1.999969482421875,,,1627265,24,1,3,0
5583,1627383,6554,13107,1.00006103515625,1.999969482421875,1.00006103515625,1.999969482421875,,,1627390,24,1,3,0
5584,1627508,6554,13107,1.00006103515625,1.999969482421875,1.00006103515625,1.999969482421875,,,1627515,24,1,3,0
5585,1627634,6554,13107,1.00006103515625,1.999969482421875,1.00006103515625,1.999969482421875,,,1627643,24,1,3,0
5586,1627759,6554,13107,1.00006103515625,1.999969482421875,1.00006103515625,1.999969482421875,,,1627766,24,1,3,0
5587,1627884,6554,13107,1.00006103515625,1.999969482421875,1.00006103515625,1.999969482421875,,,1627891,24,1,3,0
5588,1628009,6554,13107,1.00006103515625,1.999969482421875,1.00006103515625,1.999969482421875,,,1628016,24,1,3,0
5589,1628135,6554,13107,1.00006103515625,1.999969482421875,1.00006103515625,1.999969482421875,,,1628143,23,1,3,0
5590,1628260,6554,13107,1.00006103515625,1.999969482421875,1.00006103515625,1.999969482421875,,,1628267,24,1,3,0
5591,1628385,6554,13107,1.00006103515625,1.999969482421875,1.00006103515625,1.999969482421875,,,1628392,24,1,3,0
5592,1628510,6554,13107,1.00006103515625,1.999969482421875,1.00006103515625,1.999969482421875,,,1628517,24,1,3,0
5593,1628636,6554,13107,1.00006103515625,1.999969482421875,1.00006103515625,1.999969482421875,,,1628644,24,1,3,0
5594,1628761,6554,13107,1.00006103515625,1.999969482421875,1.00006103515625,1.999969482421875,,,1628768,24,1,3,0
5595,1628886,6554,13107,1.00006103515625,1.999969482421875,1.00006103515625,1.999969482421875,,,1628893,24,1,3,0
5596,1629011,6554,13107,1.00006103515625,1.999969482421875,1.00006103515625,1.999969482421875,,,1629018,24,1,3,0
5597,1629137,6554,13107,1.00006103515625,1.999969482421875,1.00006103515625,1.999969482421875,,,1629145,24,1,3,0
5598,1629262,6554,13107,1.00006103515625,1.999969482421875,1.00006103515625,1.999969482421875,,,1629269,24,1,3,0
5599,1629387,6554,13107,1.00006103515625,1.999969482421875,1.00006103515625,1.999969482421875,,,1629394,24,1,3,0
5600,1629512,6554,13107,1.00006103515625,1.999969482421875,1.00006103515625,1.999969482421875,,,1629519,24,1,3,0
5601,1629638,6554,13107,1.00006103515625,1.999969482421875,1.00006103515625,1.999969482421875,,,1629646,24,1,3,0
5602,1629763,6554,13107,1.00006103515625,1.999969482421875,1.00006103515625,1.999969482421875,,,1629770,24,1,3,0
5603,1629888,6554,13107,1.00006103515625,1.999969482421875,1.00006103515625,1.999969482421875,,,1629895,24,1,3,0
5604,1630013,6554,13107,1.00006103515625,1.999969482421875,1.00006103515625,1.999969482421875,,,1630020,24,1,3,0
5605,1630139,6554,13107,1.00006103515625,1.999969482421875,1.00006103515625,1.999969482421875,,,1630146,24,1,3,0
5606,1630264,6554,13107,1.00006103515625,1.999969482421875,1.00006103515625,1.999969482421875,,,1630271,24,1,3,0
5607,1630389,6554,13107,1.00006103515625,1.999969482421875,1.00006103515625,1.999969482421875,,,1630396,24,1,3,0
5608,1630514,6554,13107,1.00006103515625,1.999969482421875,1.00006103515625,1.999969482421875,,,1630521,24,1,3,0
5609,1630640,6554,13107,1.00006103515625,1.999969482421875,1.00006103515625,1.999969482421875,,,1630648,24,1,3,0
5610,1630765,6554,13107,1.00006103515625,1.999969482421875,1.00006103515625,1.999969482421875,,,1630772,24,1,3,0
5611,1630890,6554,13107,1.00006103515625,1.999969482421875,1.00006103515625,1.999969482421875,,,1630897,24,1,3,0
5612,1631015,6554,13107,1.00006103515625,1.999969482421875,1.00006103515625,1.999969482421875,,,1631022,24,1,3,0
5613,1631141,6554,13107,1.00006103515625,1.999969482421875,1.00006103515625,1.999969482421875,,,1631148,23,1,3,0
5614,1631266,6554,13107,1.00006103515625,1.999969482421875,1.00006103515625,1.999969482421875,,,1631273,24,1,3,0
5615,1631391,6554,13107,1.00006103515625,1.999969482421875,1.00006103515625,1.999969482421875,,,1631398,24,1,3,0
5616,1631516,6554,13107,1.00006103515625,1.999969482421875,1.00006103515625,1.999969482421875,,,1631523,24,1,3,0
5617,1631641,6554,13107,1.00006103515625,1.999969482421875,1.00006103515625,1.999969482421875,,,1631650,23,1,3,0
5618,1631767,6554,13107,1.00006103515625,1.999969482421875,1.00006103515625,1.999969482421875,,,1631774,24,1,3,0
5619,1631893,6554,13107,1.00006103515625,1.999969482421875,1.00006103515625,1.999969482421875,,,1631900,23,1,3,0
5620,1632018,6554,13107,1.00006103515625,1.999969482421875,1.00006103515625,1.999969482421875,,,1632025,24,1,3,0
5621,1632143,6554,13107,1.00006103515625,1.999969482421875,1.00006103515625,1.999969482421875,,,1632150,24,1,3,0
5622,1632268,6554,13107,1.00006103515625,1.999969482421875,1.00006103515625,1.999969482421875,,,1632275,24,1,3,0
5623,1632394,6554,13107,1.00006103515625,1.999969482421875,1.00006103515625,1.999969482421875,,,1632401,23,1,3,0
5624,1632519,6554,13107,1.00006103515625,1.999969482421875,1.00006103515625,1.999969482421875,,,1632526,24,1,3,0
5625,1632645,6554,13107,1.00006103515625,1.999969482421875,1.00006103515625,1.999969482421875,,,1632652,23,1,3,0
5626,1632770,6554,13107,1.00006103515625,1.999969482421875,1.00006103515625,1.999969482421875,,,1632777,24,1,3,0
5627,1632895,6554,13107,1.00006103515625,1.999969482421875,1.00006103515625,1.999969482421875,,,1632902,24,1,3,0
5628,1633021,6554,13107,1.00006103515625,1.999969482421875,1.00006103515625,1.999969482421875,,,1633028,23,1,3,0
5629,1633146,6554,13107,1.00006103515625,1.999969482421875,1.00006103515625,1.999969482421875,,,1633153,24,1,3,0
5630,1633271,6554,13107,1.00006103515625,1.999969482421875,1.00006103515625,1.999969482421875,,,1633278,24,1,3,0
5631,1633396,6554,13107,1.00006103515625,1.999969482421875,1.00006103515625,1.999969482421875,,,1633403,24,1,3,0
5632,1633522,6554,13107,1.00006103515625,1.999969482421875,1.00006103515625,1.999969482421875,,,1633529,23,1,3,0
5633,1633647,6554,13107,1.00006103515625,1.999969482421875,1.00006103515625,1.999969482421875,,,1633654,24,1,3,0
5634,1633772,6554,13107,1.00006103515625,1.999969482421875,1.00006103515625,1.999969482421875,,,1633779,24,1,3,0
5635,1633897,6554,13107,1.00006103515625,1.999969482421875,1.00006103515625,1.999969482421875,,,1633904,24,1,3,0
5636,1634023,6554,13107,1.00006103515625,1.999969482421875,1.00006103515625,1.999969482421875,,,1634030,23,1,3,0
5637,1634148,6554,13107,1.00006103515625,1.999969482421875,1.00006103515625,1.999969482421875,,,1634155,24,1,3,0
5638,1634273,6554,13107,1.00006103515625,1.999969482421875,1.00006103515625,1.999969482421875,,,1634280,24,1,3,0
5639,1634398,6554,13107,1.00006103515625,1.999969482421875,1.00006103515625,1.999969482421875,,,1634405,24,1,3,0
5640,1634524,6554,13107,1.00006103515625,1.999969482421875,1.00006103515625,1.999969482421875,,,1634531,23,1,3,0
5641,1634649,6554,13107,1.00006103515625,1.999969482421875,1.00006103515625,1.999969482421875,,,1634656,24,1,3,0
5642,1634774,6554,13107,1.00006103515625,1.999969482421875,1.00006103515625,1.999969482421875,,,1634781,24,1,3,0
5643,1634899,6554,13107,1.00006103515625,1.999969482421875,1.00006103515625,1.999969482421875,,,1634906,24,1,3,0
5644,1635025,6554,13107,1.00006103515625,1.999969482421875,1.00006103515625,1.999969482421875,,,1635032,23,1,3,0
5645,1635150,6554,13107,1.00006103515625,1.999969482421875,1.00006103515625,1.999969482421875,,,1635157,24,1,3,0
5646,1635275,6554,13107,1.00006103515625,1.999969482421875,1.00006103515625,1.999969482421875,,,1635282,24,1,3,0
5647,1635400,6554,13107,1.00006103515625,1.999969482421875,1.00006103515625,1.999969482421875,,,1635407,24,1,3,0
5648,1635526,6554,13107,1.00006103515625,1.999969482421875,1.00006103515625,1.999969482421875,,,1635533,23,1,3,0
5649,1635651,6554,13107,1.00006103515625,1.999969482421875,1.00006103515625,1.999969482421875,,,1635658,24,1,3,0
5650,1635776,6554,13107,1.00006103515625,1.999969482421875,1.00006103515625,1.999969482421875,,,1635783,24,1,3,0
5651,1635901,6554,13107,1.00006103515625,1.999969482421875,1.00006103515625,1.999969482421875,,,1635908,24,1,3,0
5652,1636027,6554,13107,1.00006103515625,1.999969482421875,1.00006103515625,1.999969482421875,,,1636034,23,1,3,0
5653,1636152,6554,13107,1.00006103515625,1.999969482421875,1.00006103515625,1.999969482421875,,,1636159,24,1,3,0
5654,1636277,6554,13107,1.00006103515625,1.999969482421875,1.00006103515625,1.999969482421875,,,1636284,24,1,3,0
5655,1636402,6554,13107,1.00006103515625,1.999969482421875,1.00006103515625,1.999969482421875,,,1636409,24,1,3,0
5656,1636528,6554,13107,1.00006103515625,1.999969482421875,1.00006103515625,1.999969482421875,,,1636535,23,1,3,0
5657,1636653,6554,13107,1.00006103515625,1.999969482421875,1.00006103515625,1.999969482421875,,,1636660,24,1,3,0
5658,1636778,6554,13107,1.00006103515625,1.999969482421875,1.00006103515625,1.999969482421875,,,1636785,24,1,3,0
5659,1636903,6554,13107,1.00006103515625,1.999969482421875,1.00006103515625,1.999969482421875,,,1636910,24,1,3,0
5660,1637029,6554,13107,1.00006103515625,1.999969482421875,1.00006103515625,1.999969482421875,,,1637036,23,1,3,0
5661,1637154,6554,13107,1.00006103515625,1.999969482421875,1.00006103515625,1.999969482421875,,,1637161,24,1,3,0
5662,1637279,6554,13107,1.00006103515625,1.999969482421875,1.00006103515625,1.999969482421875,,,1637286,24,1,3,0
5663,1637404,6554,13107,1.00006103515625,1.999969482421875,1.00006103515625,1.999969482421875,,,1637411,24,1,3,0
5664,1637532,6554,13107,1.00006103515625,1.999969482421875,1.00006103515625,1.999969482421875,,,1637539,24,1,3,0
5665,1637655,6554,13107,1.00006103515625,1.999969482421875,1.00006103515625,1.999969482421875,,,1637662,24,1,3,0
5666,1637780,6554,13107,1.00006103515625,1.999969482421875,1.00006103515625,1.999969482421875,,,1637787,24,1,3,0
5667,1637905,6554,13107,1.00006103515625,1.999969482421875,1.00006103515625,1.999969482421875,,,1637912,24,1,3,0
5668,1638031,6554,13107,1.00006103515625,1.999969482421875,1.00006103515625,1.999969482421875,,,1638038,23,1,3,0
5669,1638156,6554,13107,1.00006103515625,1.999969482421875,1.00006103515625,1.999969482421875,,,1638163,24,1,3,0
5670,1638281,6554,13107,1.00006103515625,1.999969482421875,1.00006103515625,1.999969482421875,,,1638288,24,1,3,0
5671,1638406,6554,13107,1.00006103515625,1.999969482421875,1.00006103515625,1.999969482421875,,,1638413,24,1,3,0
5672,1638532,6554,13107,1.00006103515625,1.999969482421875,1.00006103515625,1.999969482421875,,,1638539,23,1,3,0
5673,1638657,6554,13107,1.00006103515625,1.999969482421875,1.00006103515625,1.999969482421875,,,1638664,24,1,3,0
5674,1638782,6554,13107,1.00006103515625,1.999969482421875,1.00006103515625,1.999969482421875,,,1638789,24,1,3,0
5675,1638907,6554,13107,1.00006103515625,1.999969482421875,1.00006103515625,1.999969482421875,,,1638914,24,1,3,0
5676,1639033,6554,13107,1.00006103515625,1.999969482421875,1.00006103515625,1.999969482421875,,,1639040,23,1,3,0
5677,1639158,6554,13107,1.00006103515625,1.999969482421875,1.00006103515625,1.999969482421875,,,1639165,24,1,3,0
5678,1639283,6554,13107,1.00006103515625,1.999969482421875,1.00006103515625,1.999969482421875,,,1639290,24,1,3,0
5679,1639408,6554,13107,1.00006103515625,1.999969482421875,1.00006103515625,1.999969482421875,,,1639415,24,1,3,0
5680,1639534,6554,13107,1.00006103515625,1.999969482421875,1.00006103515625,1.999969482421875,,,1639541,23,1,3,0
5681,1639659,6554,13107,1.00006103515625,1.999969482421875,1.00006103515625,1.999969482421875,,,1639666,24,1,3,0
5682,1639784,6554,13107,1.00006103515625,1.999969482421875,1.00006103515625,1.999969482421875,,,1639791,24,1,3,0
5683,1639909,6554,13107,1.00006103515625,1.999969482421875,1.00006103515625,1.999969482421875,,,1639916,24,1,3,0
5684,1640035,6554,13107,1.00006103515625,1.999969482421875,1.00006103515625,1.999969482421875,,,1640042,23,1,3,0
5685,1640160,6554,13107,1.00006103515625,1.999969482421875,1.00006103515625,1.999969482421875,,,1640167,24,1,3,0
5686,1640285,6554,13107,1.00006103515625,1.999969482421875,1.00006103515625,1.999969482421875,,,1640292,24,1,3,0
5687,1640410,6554,13107,1.00006103515625,1.999969482421875,1.00006103515625,1.999969482421875,,,1640417,24,1,3,0
5688,1640536,6554,13107,1.00006103515625,1.999969482421875,1.00006103515625,1.999969482421875,,,1640543,23,1,3,0
5689,1640661,6554,13107,1.00006103515625,1.999969482421875,1.00006103515625,1.999969482421875,,,1640668,24,1,3,0
5690,1640786,6554,13107,1.00006103515625,1.999969482421875,1.00006103515625,1.999969482421875,,,1640793,24,1,3,0
5691,1640911,6554,13107,1.00006103515625,1.999969482421875,1.00006103515625,1.999969482421875,,,1640919,24,1,3,0
5692,1641037,6554,13107,1.00006103515625,1.999969482421875,1.00006103515625,1.999969482421875,,,1641044,23,1,3,0
5693,1641162,6554,13107,1.00006103515625,1.999969482421875,1.00006103515625,1.999969482421875,,,1641169,24,1,3,0
5694,1641287,6554,13107,1.00006103515625,1.999969482421875,1.00006103515625,1.999969482421875,,,1641294,24,1,3,0
5695,1641412,6554,13107,1.00006103515625,1.999969482421875,1.00006103515625,1.999969482421875,,,1641419,24,1,3,0
5696,1641538,6554,13107,1.00006103515625,1.999969482421875,1.00006103515625,1.999969482421875,,,1641545,24,1,3,0
5697,1641663,6554,13107,1.00006103515625,1.999969482421875,1.00006103515625,1.999969482421875,,,1641670,24,1,3,0
5698,1641788,6554,13107,1.00006103515625,1.999969482421875,1.00006103515625,1.999969482421875,,,1641795,24,1,3,0
5699,1641913,6554,13107,1.00006103515625,1.999969482421875,1.00006103515625,1.999969482421875,,,1641920,24,1,3,0
5700,1642039,6554,13107,1.00006103515625,1.999969482421875,1.00006103515625,1.999969482421875,,,1642046,23,1,3,0
5701,1642164,6554,13107,1.00006103515625,1.999969482421875,1.00006103515625,1.999969482421875,,,1642171,24,1,3,0
5702,1642289,6554,13107,1.00006103515625,1.999969482421875,1.00006103515625,1.999969482421875,,,1642296,24,1,3,0
5703,1642414,6554,13107,1.00006103515625,1.999969482421875,1.00006103515625,1.999969482421875,,,1642421,24,1,3,0
5704,1642540,6554,13107,1.00006103515625,1.999969482421875,1.00006103515625,1.999969482421875,,,1642547,23,1,3,0
5705,1642665,6554,13107,1.00006103515625,1.999969482421875,1.00006103515625,1.999969482421875,,,1642672,24,1,3,0
5706,1642790,6554,13107,1.00006103515625,1.999969482421875,1.00006103515625,1.999969482421875,,,1642797,24,1,3,0
5707,1642915,6554,13107,1.00006103515625,1.999969482421875,1.00006103515625,1.999969482421875,,,1642922,24,1,3,0
5708,1643041,6554,13107,1.00006103515625,1.999969482421875,1.00006103515625,1.999969482421875,,,1643048,23,1,3,0
5709,1643166,6554,13107,1.00006103515625,1.999969482421875,1.00006103515625,1.999969482421875,,,1643173,24,1,3,0
5710,1643291,6554,13107,1.00006103515625,1.999969482421875,1.00006103515625,1.999969482421875,,,1643298,24,1,3,0
5711,1643416,6554,13107,1.00006103515625,1.999969482421875,1.00006103515625,1.999969482421875,,,1643423,24,1,3,0
5712,1643542,6554,13107,1.00006103515625,1.999969482421875,1.00006103515625,1.999969482421875,,,1643549,24,1,3,0
5713,1643667,6554,13107,1.00006103515625,1.999969482421875,1.00006103515625,1.999969482421875,,,1643674,24,1,3,0
5714,1643792,6554,13107,1.00006103515625,1.999969482421875,1.00006103515625,1.999969482421875,,,1643799,24,1,3,0
5715,1643917,6554,13107,1.00006103515625,1.999969482421875,1.00006103515625,1.999969482421875,,,1643924,24,1,3,0
5716,1644043,6554,13107,1.00006103515625,1.999969482421875,1.00006103515625,1.999969482421875,,,1644050,23,1,3,0
5717,1644168,6554,13107,1.00006103515625,1.999969482421875,1.00006103515625,1.999969482421875,,,1644175,24,1,3,0
5718,1644293,6554,13107,1.00006103515625,1.999969482421875,1.00006103515625,1.999969482421875,,,1644300,24,1,3,0
5719,1644418,6554,13107,1.00006103515625,1.999969482421875,1.00006103515625,1.999969482421875,,,1644425,24,1,3,0
5720,1644544,6554,13107,1.00006103515625,1.999969482421875,1.00006103515625,1.999969482421875,,,1644551,24,1,3,0
5721,1644669,6554,13107,1.00006103515625,1.999969482421875,1.00006103515625,1.999969482421875,,,1644676,24,1,3,0
5722,1644794,6554,13107,1.00006103515625,1.999969482421875,1.00006103515625,1.999969482421875,,,1644801,24,1,3,0
5723,1644919,6554,13107,1.00006103515625,1.999969482421875,1.00006103515625,1.999969482421875,,,1644926,24,1,3,0
5724,1645045,6554,13107,1.00006103515625,1.999969482421875,1.00006103515625,1.999969482421875,,,1645052,23,1,3,0
5725,1645170,6554,13107,1.00006103515625,1.999969482421875,1.00006103515625,1.999969482421875,,,1645177,24,1,3,0
5726,1645295,6554,13107,1.00006103515625,1.999969482421875,1.00006103515625,1.999969482421875,,,1645302,24,1,3,0
5727,1645420,6554,13107,1.00006103515625,1.999969482421875,1.00006103515625,1.999969482421875,,,1645427,24,1,3,0
5728,1645546,6554,13107,1.00006103515625,1.999969482421875,1.00006103515625,1.999969482421875,,,1645553,23,1,3,0
5729,1645671,6554,13107,1.00006103515625,1.999969482421875,1.00006103515625,1.999969482421875,,,1645678,24,1,3,0
5730,1645796,6554,13107,1.00006103515625,1.999969482421875,1.00006103515625,1.999969482421875,,,1645803,24,1,3,0
5731,1645921,6554,13107,1.00006103515625,1.999969482421875,1.00006103515625,1.999969482421875,,,1645928,24,1,3,0
5732,1646047,6554,13107,1.00006103515625,1.999969482421875,1.00006103515625,1.999969482421875,,,1646054,23,1,3,0
5733,1646172,6554,13107,1.00006103515625,1.999969482421875,1.00006103515625,1.999969482421875,,,1646179,24,1,3,0
5734,1646297,6554,13107,1.00006103515625,1.999969482421875,1.00006103515625,1.999969482421875,,,1646304,24,1,3,0
5735,1646422,6554,13107,1.00006103515625,1.999969482421875,1.00006103515625,1.999969482421875,,,1646430,23,1,3,0
5736,1646548,6554,13107,1.00006103515625,1.999969482421875,1.00006103515625,1.999969482421875,,,1646555,24,1,3,0
5737,1646673,6554,13107,1.00006103515625,1.999969482421875,1.00006103515625,1.999969482421875,,,1646680,24,1,3,0
5738,1646798,6554,13107,1.00006103515625,1.999969482421875,1.00006103515625,1.999969482421875,,,1646805,24,1,3,0
5739,1646923,6554,13107,1.00006103515625,1.999969482421875,1.00006103515625,1.999969482421875,,,1646931,23,1,3,0
5740,1647049,6554,13107,1.00006103515625,1.999969482421875,1.00006103515625,1.999969482421875,,,1647056,24,1,3,0
5741,1647174,6554,13107,1.00006103515625,1.999969482421875,1.00006103515625,1.999969482421875,,,1647181,24,1,3,0
5742,1647299,6554,13107,1.00006103515625,1.999969482421875,1.00006103515625,1.999969482421875,,,1647306,24,1,3,0
5743,1647424,6554,13107,1.00006103515625,1.999969482421875,1.00006103515625,1.999969482421875,,,1647432,23,1,3,0
5744,1647550,6554,13107,1.00006103515625,1.999969482421875,1.00006103515625,1.999969482421875,,,1647557,24,1,3,0
5745,1647675,6554,13107,1.00006103515625,1.999969482421875,1.00006103515625,1.999969482421875,,,1647682,24,1,3,0
5746,1647800,6554,13107,1.00006103515625,1.999969482421875,1.00006103515625,1.999969482421875,,,1647807,24,1,3,0
5747,1647925,6554,13107,1.00006103515625,1.999969482421875,1.00006103515625,1.999969482421875,,,1647933,23,1,3,0
5748,1648051,6554,13107,1.00006103515625,1.999969482421875,1.00006103515625,1.999969482421875,,,1648058,24,1,3,0
5749,1648176,6554,13107,1.00006103515625,1.999969482421875,1.00006103515625,1.999969482421875,,,1648183,24,1,3,0
5750,1648301,6554,13107,1.00006103515625,1.999969482421875,1.00006103515625,1.999969482421875,,,1648308,24,1,3,0
5751,1648426,6554,13107,1.00006103515625,1.999969482421875,1.00006103515625,1.999969482421875,,,1648434,23,1,3,0
5752,1648552,6554,13107,1.00006103515625,1.999969482421875,1.00006103515625,1.999969482421875,,,1648559,24,1,3,0
5753,1648677,6554,13107,1.00006103515625,1.999969482421875,1.00006103515625,1.999969482421875,,,1648684,24,1,3,0
5754,1648802,6554,13107,1.00006103515625,1.999969482421875,1.00006103515625,1.999969482421875,,,1648809,24,1,3,0
5755,1648927,6554,13107,1.00006103515625,1.999969482421875,1.00006103515625,1.999969482421875,,,1648935,23,1,3,0
5756,1649053,6554,13107,1.00006103515625,1.999969482421875,1.00006103515625,1.999969482421875,,,1649060,24,1,3,0
5757,1649178,6554,13107,1.00006103515625,1.999969482421875,1.00006103515625,1.999969482421875,,,1649185,24,1,3,0
5758,1649303,6554,13107,1.00006103515625,1.999969482421875,1.00006103515625,1.999969482421875,,,1649310,24,1,3,0
5759,1649428,6554,13107,1.00006103515625,1.999969482421875,1.00006103515625,1.999969482421875,,,1649436,23,1,3,0
5760,1649554,6554,13107,1.00006103515625,1.999969482421875,1.00006103515625,1.999969482421875,,,1649561,24,1,3,0
5761,1649679,6554,13107,1.00006103515625,1.999969482421875,1.00006103515625,1.999969482421875,,,1649686,24,1,3,0
5762,1649804,6554,13107,1.00006103515625,1.999969482421875,1.00006103515625,1.999969482421875,,,1649811,24,1,3,0
5763,1649929,6554,13107,1.00006103515625,1.999969482421875,1.00006103515625,1.999969482421875,,,1649937,23,1,3,0
5764,1650055,6554,13107,1.00006103515625,1.999969482421875,1.00006103515625,1.999969482421875,,,1650062,24,1,3,0
5765,1650180,6554,13107,1.00006103515625,1.999969482421875,1.00006103515625,1.999969482421875,,,1650187,24,1,3,0
5766,1650305,6554,13107,1.00006103515625,1.999969482421875,1.00006103515625,1.999969482421875,,,1650312,24,1,3,0
5767,1650430,6554,13107,1.00006103515625,1.999969482421875,1.00006103515625,1.999969482421875,,,1650438,23,1,3,0
5768,1650556,6554,13107,1.00006103515625,1.999969482421875,1.00006103515625,1.999969482421875,,,1650563,24,1,3,0
5769,1650681,6554,13107,1.00006103515625,1.999969482421875,1.00006103515625,1.999969482421875,,,1650688,24,1,3,0
5770,1650806,6554,13107,1.00006103515625,1.999969482421875,1.00006103515625,1.999969482421875,,,1650813,24,1,3,0
5771,1650931,6554,13107,1.00006103515625,1.999969482421875,1.00006103515625,1.999969482421875,,,1650939,23,1,3,0
5772,1651057,6554,13107,1.00006103515625,1.999969482421875,1.00006103515625,1.999969482421875,,,1651064,24,1,3,0
5773,1651182,6554,13107,1.00006103515625,1.999969482421875,1.00006103515625,1.999969482421875,,,1651189,24,1,3,0
5774,1651307,6554,13107,1.00006103515625,1.999969482421875,1.00006103515625,1.999969482421875,,,1651314,24,1,3,0
5775,1651432,6554,13107,1.00006103515625,1.999969482421875,1.00006103515625,1.999969482421875,,,1651440,23,1,3,0
5776,1651558,6554,13107,1.00006103515625,1.999969482421875,1.00006103515625,1.999969482421875,,,1651565,24,1,3,0
5777,1651683,6554,13107,1.00006103515625,1.999969482421875,1.00006103515625,1.999969482421875,,,1651690,24,1,3,0
5778,1651808,6554,13107,1.00006103515625,1.999969482421875,1.00006103515625,1.999969482421875,,,1651815,24,1,3,0
5779,1651933,6554,13107,1.00006103515625,1.999969482421875,1.00006103515625,1.999969482421875,,,1651940,24,1,3,0
5780,1652059,6554,13107,1.00006103515625,1.999969482421875,1.00006103515625,1.999969482421875,,,1652066,23,1,3,0
5781,1652184,6554,13107,1.00006103515625,1.999969482421875,1.00006103515625,1.999969482421875,,,1652191,24,1,3,0
5782,1652309,6554,13107,1.00006103515625,1.999969482421875,1.00006103515625,1.999969482421875,,,1652316,24,1,3,0
5783,1652434,6554,13107,1.00006103515625,1.999969482421875,1.00006103515625,1.999969482421875,,,1652441,24,1,3,0
5784,1652560,6554,13107,1.00006103515625,1.999969482421875,1.00006103515625,1.999969482421875,,,1652567,24,1,3,0
5785,1652685,6554,13107,1.00006103515625,1.999969482421875,1.00006103515625,1.999969482421875,,,1652692,24,1,3,0
5786,1652810,6554,13107,1.00006103515625,1.999969482421875,1.00006103515625,1.999969482421875,,,1652817,24,1,3,0
5787,1652935,6554,13107,1.00006103515625,1.999969482421875,1.00006103515625,1.999969482421875,,,1652942,24,1,3,0
5788,1653061,6554,13107,1.00006103515625,1.999969482421875,1.00006103515625,1.999969482421875,,,1653068,23,1,3,0
5789,1653186,6554,13107,1.00006103515625,1.999969482421875,1.00006103515625,1.999969482421875,,,1653193,24,1,3,0
5790,1653311,6554,13107,1.00006103515625,1.999969482421875,1.00006103515625,1.999969482421875,,,1653318,24,1,3,0
5791,1653436,6554,13107,1.00006103515625,1.999969482421875,1.00006103515625,1.999969482421875,,,1653443,24,1,3,0
5792,1653562,6554,13107,1.00006103515625,1.999969482421875,1.00006103515625,1.999969482421875,,,1653569,23,1,3,0
5793,1653687,6554,13107,1.00006103515625,1.999969482421875,1.00006103515625,1.999969482421875,,,1653694,24,1,3,0
5794,1653812,6554,13107,1.00006103515625,1.999969482421875,1.00006103515625,1.999969482421875,,,1653819,24,1,3,0
5795,1653937,6554,13107,1.00006103515625,1.999969482421875,1.00006103515625,1.999969482421875,,,1653944,24,1,3,0
5796,1654063,6554,13107,1.00006103515625,1.999969482421875,1.00006103515625,1.999969482421875,,,1654070,23,1,3,0
5797,1654188,6554,13107,1.00006103515625,1.999969482421875,1.00006103515625,1.999969482421875,,,1654195,24,1,3,0
5798,1654313,6554,13107,1.00006103515625,1.999969482421875,1.00006103515625,1.999969482421875,,,1654320,24,1,3,0
5799,1654439,6554,13107,1.00006103515625,1.999969482421875,1.00006103515625,1.999969482421875,,,1654445,24,1,3,0
5800,1654564,6554,13107,1.00006103515625,1.999969482421875,1.00006103515625,1.999969482421875,,,1654573,24,1,3,0
5801,1654689,6554,13107,1.00006103515625,1.999969482421875,1.00006103515625,1.999969482421875,,,1654696,24,1,3,0
5802,1654814,6554,13107,1.00006103515625,1.999969482421875,1.00006103515625,1.999969482421875,,,1654821,24,1,3,0
5803,1654940,6554,13107,1.00006103515625,1.999969482421875,1.00006103515625,1.999969482421875,,,1654946,24,1,3,0
5804,1655065,6554,13107,1.00006103515625,1.999969482421875,1.00006103515625,1.999969482421875,,,1655072,23,1,3,0
5805,1655190,6554,13107,1.00006103515625,1.999969482421875,1.00006103515625,1.999969482421875,,,1655197,24,1,3,0
5806,1655315,6554,13107,1.00006103515625,1.999969482421875,1.00006103515625,1.999969482421875,,,1655322,24,1,3,0
5807,1655441,6554,13107,1.00006103515625,1.999969482421875,1.00006103515625,1.999969482421875,,,1655448,23,1,3,0
5808,1655566,6554,13107,1.00006103515625,1.999969482421875,1.00006103515625,1.999969482421875,,,1655573,23,1,3,0
5809,1655691,6554,13107,1.00006103515625,1.999969482421875,1.00006103515625,1.999969482421875,,,1655698,24,1,3,0
5810,1655816,6554,13107,1.00006103515625,1.999969482421875,1.00006103515625,1.999969482421875,,,1655823,24,1,3,0
5811,1655942,6554,13107,1.00006103515625,1.999969482421875,1.00006103515625,1.999969482421875,,,1655949,23,1,3,0
5812,1656067,6554,13107,1.00006103515625,1.999969482421875,1.00006103515625,1.999969482421875,,,1656074,23,1,3,0
5813,1656192,6554,13107,1.00006103515625,1.999969482421875,1.00006103515625,1.999969482421875,,,1656199,24,1,3,0
5814,1656317,6554,13107,1.00006103515625,1.999969482421875,1.00006103515625,1.999969482421875,,,1656324,24,1,3,0
5815,1656443,6554,13107,1.00006103515625,1.999969482421875,1.00006103515625,1.999969482421875,,,1656450,23,1,3,0
5816,1656568,6554,13107,1.00006103515625,1.999969482421875,1.00006103515625,1.999969482421875,,,1656575,23,1,3,0
5817,1656693,6554,13107,1.00006103515625,1.999969482421875,1.00006103515625,1.999969482421875,,,1656700,24,1,3,0
5818,1656818,6554,13107,1.00006103515625,1.999969482421875,1.00006103515625,1.999969482421875,,,1656825,24,1,3,0
5819,1656944,6554,13107,1.00006103515625,1.999969482421875,1.00006103515625,1.999969482421875,,,1656951,23,1,3,0
5820,1657069,6554,13107,1.00006103515625,1.999969482421875,1.00006103515625,1.999969482421875,,,1657076,23,1,3,0
5821,1657194,6554,13107,1.00006103515625,1.999969482421875,1.00006103515625,1.999969482421875,,,1657201,24,1,3,0
5822,1657319,6554,13107,1.00006103515625,1.999969482421875,1.00006103515625,1.999969482421875,,,1657326,24,1,3,0
5823,1657445,6554,13107,1.00006103515625,1.999969482421875,1.00006103515625,1.999969482421875,,,1657452,24,1,3,0
5824,1657570,6554,13107,1.00006103515625,1.999969482421875,1.00006103515625,1.999969482421875,,,1657577,23,1,3,0
5825,1657695,6554,13107,1.00006103515625,1.999969482421875,1.00006103515625,1.999969482421875,,,1657702,24,1,3,0
5826,1657820,6554,13107,1.00006103515625,1.999969482421875,1.00006103515625,1.999969482421875,,,1657827,24,1,3,0
5827,1657946,6554,13107,1.00006103515625,1.999969482421875,1.00006103515625,1.999969482421875,,,1657953,23,1,3,0
5828,1658071,6554,13107,1.00006103515625,1.999969482421875,1.00006103515625,1.999969482421875,,,1658078,23,1,3,0
5829,1658196,6554,13107,1.00006103515625,1.999969482421875,1.00006103515625,1.999969482421875,,,1658203,24,1,3,0
5830,1658321,6554,13107,1.00006103515625,1.999969482421875,1.00006103515625,1.999969482421875,,,1658328,24,1,3,0
5831,1658447,6554,13107,1.00006103515625,1.999969482421875,1.00006103515625,1.999969482421875,,,1658454,23,1,3,0
5832,1658572,6554,13107,1.00006103515625,1.999969482421875,1.00006103515625,1.999969482421875,,,1658579,23,1,3,0
5833,1658697,6554,13107,1.00006103515625,1.999969482421875,1.00006103515625,1.999969482421875,,,1658704,24,1,3,0
5834,1658822,6554,13107,1.00006103515625,1.999969482421875,1.00006103515625,1.999969482421875,,,1658829,24,1,3,0
5835,1658948,6554,13107,1.00006103515625,1.999969482421875,1.00006103515625,1.999969482421875,,,1658955,23,1,3,0
5836,1659073,6554,13107,1.00006103515625,1.999969482421875,1.00006103515625,1.999969482421875,,,1659080,23,1,3,0
5837,1659198,6554,13107,1.00006103515625,1.999969482421875,1.00006103515625,1.999969482421875,,,1659205,24,1,3,0
5838,1659323,6554,13107,1.00006103515625,1.999969482421875,1.00006103515625,1.999969482421875,,,1659330,24,1,3,0
5839,1659449,6554,13107,1.00006103515625,1.999969482421875,1.00006103515625,1.999969482421875,,,1659456,23,1,3,0
5840,1659574,6554,13107,1.00006103515625,1.999969482421875,1.00006103515625,1.999969482421875,,,1659581,23,1,3,0
5841,1659699,6554,13107,1.00006103515625,1.999969482421875,1.00006103515625,1.999969482421875,,,1659706,24,1,3,0
5842,1659824,6554,13107,1.00006103515625,1.999969482421875,1.00006103515625,1.999969482421875,,,1659831,24,1,3,0
5843,1659950,6554,13107,1.00006103515625,1.999969482421875,1.00006103515625,1.999969482421875,,,1659957,23,1,3,0
5844,1660075,6554,13107,1.00006103515625,1.999969482421875,1.00006103515625,1.999969482421875,,,1660082,23,1,3,0
5845,1660200,6554,13107,1.00006103515625,1.999969482421875,1.00006103515625,1.999969482421875,,,1660207,24,1,3,0
5846,1660325,6554,13107,1.00006103515625,1.999969482421875,1.00006103515625,1.999969482421875,,,1660332,24,1,3,0
5847,1660451,6554,13107,1.00006103515625,1.999969482421875,1.00006103515625,1.999969482421875,,,1660458,23,1,3,0
5848,1660576,6554,13107,1.00006103515625,1.999969482421875,1.00006103515625,1.999969482421875,,,1660583,23,1,3,0
5849,1660701,6554,13107,1.00006103515625,1.999969482421875,1.00006103515625,1.999969482421875,,,1660708,24,1,3,0
5850,1660826,6554,13107,1.00006103515625,1.999969482421875,1.00006103515625,1.999969482421875,,,1660833,24,1,3,0
5851,1660952,6554,13107,1.00006103515625,1.999969482421875,1.00006103515625,1.999969482421875,,,1660959,23,1,3,0
5852,1661077,6554,13107,1.00006103515625,1.999969482421875,1.00006103515625,1.999969482421875,,,1661084,23,1,3,0
5853,1661202,6554,13107,1.00006103515625,1.999969482421875,1.00006103515625,1.999969482421875,,,1661209,24,1,3,0
5854,1661327,6554,13107,1.00006103515625,1.999969482421875,1.00006103515625,1.999969482421875,,,1661334,24,1,3,0
5855,1661453,6554,13107,1.00006103515625,1.999969482421875,1.00006103515625,1.999969482421875,,,1661460,23,1,3,0
5856,1661578,6554,13107,1.00006103515625,1.999969482421875,1.00006103515625,1.999969482421875,,,1661585,23,1,3,0
5857,1661703,6554,13107,1.00006103515625,1.999969482421875,1.00006103515625,1.999969482421875,,,1661710,24,1,3,0
5858,1661828,6554,13107,1.00006103515625,1.999969482421875,1.00006103515625,1.999969482421875,,,1661835,24,1,3,0
5859,1661954,6554,13107,1.00006103515625,1.999969482421875,1.00006103515625,1.999969482421875,,,1661961,23,1,3,0
5860,1662079,6554,13107,1.00006103515625,1.999969482421875,1.00006103515625,1.999969482421875,,,1662086,23,1,3,0
5861,1662204,6554,13107,1.00006103515625,1.999969482421875,1.00006103515625,1.999969482421875,,,1662211,24,1,3,0
5862,1662329,6554,13107,1.00006103515625,1.999969482421875,1.00006103515625,1.999969482421875,,,1662337,23,1,3,0
5863,1662455,6554,13107,1.00006103515625,1.999969482421875,1.00006103515625,1.999969482421875,,,1662462,23,1,3,0
5864,1662580,6554,13107,1.00006103515625,1.999969482421875,1.00006103515625,1.999969482421875,,,1662587,23,1,3,0
5865,1662705,6554,13107,1.00006103515625,1.999969482421875,1.00006103515625,1.999969482421875,,,1662712,24,1,3,0
5866,1662830,6554,13107,1.00006103515625,1.999969482421875,1.00006103515625,1.999969482421875,,,1662837,24,1,3,0
5867,1662956,6554,13107,1.00006103515625,1.999969482421875,1.00006103515625,1.999969482421875,,,1662963,23,1,3,0
5868,1663081,6554,13107,1.00006103515625,1.999969482421875,1.00006103515625,1.999969482421875,,,1663088,23,1,3,0
5869,1663206,6554,13107,1.00006103515625,1.999969482421875,1.00006103515625,1.999969482421875,,,1663213,24,1,3,0
5870,1663331,6554,13107,1.00006103515625,1.999969482421875,1.00006103515625,1.999969482421875,,,1663338,24,1,3,0
5871,1663457,6554,13107,1.00006103515625,1.999969482421875,1.00006103515625,1.999969482421875,,,1663464,23,1,3,0
5872,1663582,6554,13107,1.00006103515625,1.999969482421875,1.00006103515625,1.999969482421875,,,1663589,23,1,3,0
5873,1663707,6554,13107,1.00006103515625,1.999969482421875,1.00006103515625,1.999969482421875,,,1663714,24,1,3,0
5874,1663832,6554,13107,1.00006103515625,1.999969482421875,1.00006103515625,1.999969482421875,,,1663839,24,1,3,0
5875,1663958,6554,13107,1.00006103515625,1.999969482421875,1.00006103515625,1.999969482421875,,,1663965,23,1,3,0
5876,1664083,6554,13107,1.00006103515625,1.999969482421875,1.00006103515625,1.999969482421875,,,1664090,23,1,3,0
5877,1664208,6554,13107,1.00006103515625,1.999969482421875,1.00006103515625,1.999969482421875,,,1664215,24,1,3,0
5878,1664333,6554,13107,1.00006103515625,1.999969482421875,1.00006103515625,1.999969482421875,,,1664340,24,1,3,0
5879,1664459,6554,13107,1.00006103515625,1.999969482421875,1.00006103515625,1.999969482421875,,,1664466,23,1,3,0
5880,1664584,6554,13107,1.00006103515625,1.999969482421875,1.00006103515625,1.999969482421875,,,1664591,23,1,3,0
5881,1664709,6554,13107,1.00006103515625,1.999969482421875,1.00006103515625,1.999969482421875,,,1664716,24,1,3,0
5882,1664834,6554,13107,1.00006103515625,1.999969482421875,1.00006103515625,1.999969482421875,,,1664841,24,1,3,0
5883,1664960,6554,13107,1.00006103515625,1.999969482421875,1.00006103515625,1.999969482421875,,,1664967,23,1,3,0
5884,1665085,6554,13107,1.00006103515625,1.999969482421875,1.00006103515625,1.999969482421875,,,1665092,23,1,3,0
5885,1665210,6554,13107,1.00006103515625,1.999969482421875,1.00006103515625,1.999969482421875,,,1665217,24,1,3,0
5886,1665335,6554,13107,1.00006103515625,1.999969482421875,1.00006103515625,1.999969482421875,,,1665342,24,1,3,0
5887,1665461,6554,13107,1.00006103515625,1.999969482421875,1.00006103515625,1.999969482421875,,,1665468,23,1,3,0
5888,1665586,6554,13107,1.00006103515625,1.999969482421875,1.00006103515625,1.999969482421875,,,1665593,23,1,3,0
5889,1665711,6554,13107,1.00006103515625,1.999969482421875,1.00006103515625,1.999969482421875,,,1665718,24,1,3,0
5890,1665836,6554,13107,1.00006103515625,1.999969482421875,1.00006103515625,1.999969482421875,,,1665843,24,1,3,0
5891,1665962,6554,13107,1.00006103515625,1.999969482421875,1.00006103515625,1.999969482421875,,,1665969,23,1,3,0
5892,1666087,6554,13107,1.00006103515625,1.999969482421875,1.00006103515625,1.999969482421875,,,1666094,23,1,3,0
5893,1666212,6554,13107,1.00006103515625,1.999969482421875,1.00006103515625,1.999969482421875,,,1666219,24,1,3,0
5894,1666337,6554,13107,1.00006103515625,1.999969482421875,1.00006103515625,1.999969482421875,,,1666345,24,1,3,0
5895,1666463,6554,13107,1.00006103515625,1.999969482421875,1.00006103515625,1.999969482421875,,,1666470,23,1,3,0
5896,1666588,6554,13107,1.00006103515625,1.999969482421875,1.00006103515625,1.999969482421875,,,1666595,23,1,3,0
5897,1666713,6554,13107,1.00006103515625,1.999969482421875,1.00006103515625,1.999969482421875,,,1666720,24,1,3,0
5898,1666838,6554,13107,1.00006103515625,1.999969482421875,1.00006103515625,1.999969482421875,,,1666845,24,1,3,0
5899,1666964,6554,13107,1.00006103515625,1.999969482421875,1.00006103515625,1.999969482421875,,,1666971,23,1,3,0
5900,1667089,6554,13107,1.00006103515625,1.999969482421875,1.00006103515625,1.999969482421875,,,1667096,23,1,3,0
5901,1667214,6554,13107,1.00006103515625,1.999969482421875,1.00006103515625,1.999969482421875,,,1667221,24,1,3,0
5902,1667339,6554,13107,1.00006103515625,1.999969482421875,1.00006103515625,1.999969482421875,,,1667346,24,1,3,0
5903,1667465,6554,13107,1.00006103515625,1.999969482421875,1.00006103515625,1.999969482421875,,,1667472,23,1,3,0
5904,1667590,6554,13107,1.00006103515625,1.999969482421875,1.00006103515625,1.999969482421875,,,1667597,23,1,3,0
5905,1667715,6554,13107,1.00006103515625,1.999969482421875,1.00006103515625,1.999969482421875,,,1667722,24,1,3,0
5906,1667840,6554,13107,1.00006103515625,1.999969482421875,1.00006103515625,1.999969482421875,,,1667847,24,1,3,0
5907,1667966,6554,13107,1.00006103515625,1.999969482421875,1.00006103515625,1.999969482421875,,,1667973,23,1,3,0
5908,1668091,6554,13107,1.00006103515625,1.999969482421875,1.00006103515625,1.999969482421875,,,1668098,23,1,3,0
5909,1668216,6554,13107,1.00006103515625,1.999969482421875,1.00006103515625,1.999969482421875,,,1668223,24,1,3,0
5910,1668341,6554,13107,1.00006103515625,1.999969482421875,1.00006103515625,1.999969482421875,,,1668348,24,1,3,0
5911,1668467,6554,13107,1.00006103515625,1.999969482421875,1.00006103515625,1.999969482421875,,,1668474,23,1,3,0
5912,1668592,6554,13107,1.00006103515625,1.999969482421875,1.00006103515625,1.999969482421875,,,1668599,23,1,3,0
5913,1668717,6554,13107,1.00006103515625,1.999969482421875,1.00006103515625,1.999969482421875,,,1668724,24,1,3,0
5914,1668842,6554,13107,1.00006103515625,1.999969482421875,1.00006103515625,1.999969482421875,,,1668849,24,1,3,0
5915,1668968,6554,13107,1.00006103515625,1.999969482421875,1.00006103515625,1.999969482421875,,,1668975,24,1,3,0
5916,1669093,6554,13107,1.00006103515625,1.999969482421875,1.00006103515625,1.999969482421875,,,1669100,24,1,3,0
5917,1669218,6554,13107,1.00006103515625,1.999969482421875,1.00006103515625,1.999969482421875,,,1669225,24,1,3,0
5918,1669343,6554,13107,1.00006103515625,1.999969482421875,1.00006103515625,1.999969482421875,,,1669351,23,1,3,0
5919,1669469,6554,13107,1.00006103515625,1.999969482421875,1.00006103515625,1.999969482421875,,,1669476,23,1,3,0
5920,1669594,6554,13107,1.00006103515625,1.999969482421875,1.00006103515625,1.999969482421875,,,1669601,24,1,3,0
5921,1669719,6554,13107,1.00006103515625,1.999969482421875,1.00006103515625,1.999969482421875,,,1669726,24,1,3,0
5922,1669844,6554,13107,1.00006103515625,1.999969482421875,1.00006103515625,1.999969482421875,,,1669852,23,1,3,0
5923,1669970,6554,13107,1.00006103515625,1.999969482421875,1.00006103515625,1.999969482421875,,,1669977,23,1,3,0
5924,1670095,6554,13107,1.00006103515625,1.999969482421875,1.00006103515625,1.999969482421875,,,1670102,24,1,3,0
5925,1670220,6554,13107,1.00006103515625,1.999969482421875,1.00006103515625,1.999969482421875,,,1670227,24,1,3,0
5926,1670345,6554,13107,1.00006103515625,1.999969482421875,1.00006103515625,1.999969482421875,,,1670353,23,1,3,0
5927,1670471,6554,13107,1.00006103515625,1.999969482421875,1.00006103515625,1.999969482421875,,,1670478,23,1,3,0
5928,1670596,6554,13107,1.00006103515625,1.999969482421875,1.00006103515625,1.999969482421875,,,1670603,24,1,3,0
5929,1670721,6554,13107,1.00006103515625,1.999969482421875,1.00006103515625,1.999969482421875,,,1670728,24,1,3,0
5930,1670846,6554,13107,1.00006103515625,1.999969482421875,1.00006103515625,1.999969482421875,,,1670853,24,1,3,0
5931,1670971,6554,13107,1.00006103515625,1.999969482421875,1.00006103515625,1.999969482421875,,,1670979,23,1,3,0
5932,1671097,6554,13107,1.00006103515625,1.999969482421875,1.00006103515625,1.999969482421875,,,1671104,24,1,3,0
5933,1671222,6554,13107,1.00006103515625,1.999969482421875,1.00006103515625,1.999969482421875,,,1671229,24,1,3,0
5934,1671347,6554,13107,1.00006103515625,1.999969482421875,1.00006103515625,1.999969482421875,,,1671354,24,1,3,0
5935,1671472,6554,13107,1.00006103515625,1.999969482421875,1.00006103515625,1.999969482421875,,,1671480,23,1,3,0
5936,1671598,6554,13107,1.00006103515625,1.999969482421875,1.00006103515625,1.999969482421875,,,1671605,24,1,3,0
5937,1671723,6554,13107,1.00006103515625,1.999969482421875,1.00006103515625,1.999969482421875,,,1671730,24,1,3,0
5938,1671848,6554,13107,1.00006103515625,1.999969482421875,1.00006103515625,1.999969482421875,,,1671855,24,1,3,0
5939,1671973,6554,13107,1.00006103515625,1.999969482421875,1.00006103515625,1.999969482421875,,,1671981,23,1,3,0
5940,1672099,6554,13107,1.00006103515625,1.999969482421875,1.00006103515625,1.999969482421875,,,1672106,24,1,3,0
5941,1672224,6554,13107,1.00006103515625,1.999969482421875,1.00006103515625,1.999969482421875,,,1672231,24,1,3,0
5942,1672349,6554,13107,1.00006103515625,1.999969482421875,1.00006103515625,1.999969482421875,,,1672356,24,1,3,0
5943,1672474,6554,13107,1.00006103515625,1.999969482421875,1.00006103515625,1.999969482421875,,,1672482,23,1,3,0
5944,1672600,6554,13107,1.00006103515625,1.999969482421875,1.00006103515625,1.999969482421875,,,1672607,24,1,3,0
5945,1672725,6554,13107,1.00006103515625,1.999969482421875,1.00006103515625,1.999969482421875,,,1672732,24,1,3,0
5946,1672850,6554,13107,1.00006103515625,1.999969482421875,1.00006103515625,1.999969482421875,,,1672857,24,1,3,0
5947,1672975,6554,13107,1.00006103515625,1.999969482421875,1.00006103515625,1.999969482421875,,,1672983,23,1,3,0
5948,1673101,6554,13107,1.00006103515625,1.999969482421875,1.00006103515625,1.999969482421875,,,1673108,24,1,3,0
5949,1673226,6554,13107,1.00006103515625,1.999969482421875,1.00006103515625,1.999969482421875,,,1673233,24,1,3,0
5950,1673351,6554,13107,1.00006103515625,1.999969482421875,1.00006103515625,1.999969482421875,,,1673358,24,1,3,0
5951,1673476,6554,13107,1.00006103515625,1.999969482421875,1.00006103515625,1.999969482421875,,,1673484,23,1,3,0
5952,1673602,6554,13107,1.00006103515625,1.999969482421875,1.00006103515625,1.999969482421875,,,1673609,24,1,3,0
5953,1673727,6554,13107,1.00006103515625,1.999969482421875,1.00006103515625,1.999969482421875,,,1673734,24,1,3,0
5954,1673852,6554,13107,1.00006103515625,1.999969482421875,1.00006103515625,1.999969482421875,,,1673859,24,1,3,0
5955,1673977,6554,13107,1.00006103515625,1.999969482421875,1.00006103515625,1.999969482421875,,,1673985,23,1,3,0
5956,1674103,6554,13107,1.00006103515625,1.999969482421875,1.00006103515625,1.999969482421875,,,1674110,24,1,3,0
5957,1674228,6554,13107,1.00006103515625,1.999969482421875,1.00006103515625,1.999969482421875,,,1674235,24,1,3,0
5958,1674353,6554,13107,1.00006103515625,1.999969482421875,1.00006103515625,1.999969482421875,,,1674360,24,1,3,0
5959,1674478,6554,13107,1.00006103515625,1.999969482421875,1.00006103515625,1.999969482421875,,,1674486,23,1,3,0
5960,1674604,6554,13107,1.00006103515625,1.999969482421875,1.00006103515625,1.999969482421875,,,1674611,24,1,3,0
5961,1674729,6554,13107,1.00006103515625,1.999969482421875,1.00006103515625,1.999969482421875,,,1674736,24,1,3,0
5962,1674854,6554,13107,1.00006103515625,1.999969482421875,1.00006103515625,1.999969482421875,,,1674861,24,1,3,0
5963,1674979,6554,13107,1.00006103515625,1.999969482421875,1.00006103515625,1.999969482421875,,,1674986,24,1,3,0
5964,1675105,6554,13107,1.00006103515625,1.999969482421875,1.00006103515625,1.999969482421875,,,1675112,23,1,3,0
5965,1675230,6554,13107,1.00006103515625,1.999969482421875,1.00006103515625,1.999969482421875,,,1675237,24,1,3,0
5966,1675355,6554,13107,1.00006103515625,1.999969482421875,1.00006103515625,1.999969482421875,,,1675362,24,1,3,0
5967,1675480,6554,13107,1.00006103515625,1.999969482421875,1.00006103515625,1.999969482421875,,,1675487,24,1,3,0
5968,1675606,6554,13107,1.00006103515625,1.999969482421875,1.00006103515625,1.999969482421875,,,1675613,23,1,3,0
5969,1675731,6554,13107,1.00006103515625,1.999969482421875,1.00006103515625,1.999969482421875,,,1675738,24,1,3,0
5970,1675856,6554,13107,1.00006103515625,1.999969482421875,1.00006103515625,1.999969482421875,,,1675863,24,1,3,0
5971,1675981,6554,13107,1.00006103515625,1.999969482421875,1.00006103515625,1.999969482421875,,,1675988,24,1,3,0
5972,1676107,6554,13107,1.00006103515625,1.999969482421875,1.00006103515625,1.999969482421875,,,1676114,23,1,3,0
5973,1676232,6554,13107,1.00006103515625,1.999969482421875,1.00006103515625,1.999969482421875,,,1676239,24,1,3,0
5974,1676357,6554,13107,1.00006103515625,1.999969482421875,1.00006103515625,1.999969482421875,,,1676364,24,1,3,0
5975,1676482,6554,13107,1.00006103515625,1.999969482421875,1.00006103515625,1.999969482421875,,,1676489,24,1,3,0
5976,1676608,6554,13107,1.00006103515625,1.999969482421875,1.00006103515625,1.999969482421875,,,1676615,23,1,3,0
5977,1676733,6554,13107,1.00006103515625,1.999969482421875,1.00006103515625,1.999969482421875,,,1676740,24,1,3,0
5978,1676858,6554,13107,1.00006103515625,1.999969482421875,1.00006103515625,1.999969482421875,,,1676865,24,1,3,0
5979,1676983,6554,13107,1.00006103515625,1.999969482421875,1.00006103515625,1.999969482421875,,,1676990,24,1,3,0
5980,1677109,6554,13107,1.00006103515625,1.999969482421875,1.00006103515625,1.999969482421875,,,1677117,24,1,3,0
5981,1677234,6554,13107,1.00006103515625,1.999969482421875,1.00006103515625,1.999969482421875,,,1677241,24,1,3,0
5982,1677359,6554,13107,1.00006103515625,1.999969482421875,1.00006103515625,1.999969482421875,,,1677366,24,1,3,0
5983,1677484,6554,13107,1.00006103515625,1.999969482421875,1.00006103515625,1.999969482421875,,,1677492,24,1,3,0
5984,1677610,6554,13107,1.00006103515625,1.999969482421875,1.00006103515625,1.999969482421875,,,1677617,26,1,3,0
5985,1677735,6554,13107,1.00006103515625,1.999969482421875,1.00006103515625,1.999969482421875,,,1677742,24,1,3,0
5986,1677860,6554,13107,1.00006103515625,1.999969482421875,1.00006103515625,1.999969482421875,,,1677867,24,1,3,0
5987,1677985,6554,13107,1.00006103515625,1.999969482421875,1.00006103515625,1.999969482421875,,,1677992,24,1,3,0
5988,1678111,6554,13107,1.00006103515625,1.999969482421875,1.00006103515625,1.999969482421875,,,1678118,23,1,3,0
5989,1678236,6554,13107,1.00006103515625,1.999969482421875,1.00006103515625,1.999969482421875,,,1678243,24,1,3,0
5990,1678361,6554,13107,1.00006103515625,1.999969482421875,1.00006103515625,1.999969482421875,,,1678368,24,1,3,0
5991,1678486,6554,13107,1.00006103515625,1.999969482421875,1.00006103515625,1.999969482421875,,,1678494,24,1,3,0
5992,1678612,6554,13107,1.00006103515625,1.999969482421875,1.00006103515625,1.999969482421875,,,1678619,25,1,3,0
5993,1678737,6554,13107,1.00006103515625,1.999969482421875,1.00006103515625,1.999969482421875,,,1678744,24,1,3,0
5994,1678862,6554,13107,1.00006103515625,1.999969482421875,1.00006103515625,1.999969482421875,,,1678869,24,1,3,0
5995,1678987,6554,13107,1.00006103515625,1.999969482421875,1.00006103515625,1.999969482421875,,,1678994,24,1,3,0
5996,1679113,6554,13107,1.00006103515625,1.999969482421875,1.00006103515625,1.999969482421875,,,1679120,23,1,3,0
5997,1679238,6554,13107,1.00006103515625,1.999969482421875,1.00006103515625,1.999969482421875,,,1679245,24,1,3,0
5998,1679363,6554,13107,1.00006103515625,1.999969482421875,1.00006103515625,1.999969482421875,,,1679370,24,1,3,0
5999,1679488,6554,13107,1.00006103515625,1.999969482421875,1.00006103515625,1.999969482421875,,,1679495,24,1,3,0
6000,1679614,6554,13107,1.00006103515625,1.999969482421875,1.00006103515625,1.999969482421875,,,1679621,23,1,3,0
6001,1679739,6554,13107,1.00006103515625,1.999969482421875,1.00006103515625,1.999969482421875,,,1679746,24,1,3,0
6002,1679864,6554,13107,1.00006103515625,1.999969482421875,1.00006103515625,1.999969482421875,,,1679871,24,1,3,0
6003,1679989,6554,13107,1.00006103515625,1.999969482421875,1.00006103515625,1.999969482421875,,,1679996,24,1,3,0
6004,1680115,6554,13107,1.00006103515625,1.999969482421875,1.00006103515625,1.999969482421875,,,1680122,23,1,3,0
6005,1680240,6554,13107,1.00006103515625,1.999969482421875,1.00006103515625,1.999969482421875,,,1680247,24,1,3,0
6006,1680365,6554,13107,1.00006103515625,1.999969482421875,1.00006103515625,1.999969482421875,,,1680372,24,1,3,0
6007,1680490,6554,13107,1.00006103515625,1.999969482421875,1.00006103515625,1.999969482421875,,,1680497,24,1,3,0
6008,1680616,6554,13107,1.00006103515625,1.999969482421875,1.00006103515625,1.999969482421875,,,1680623,23,1,3,0
6009,1680741,6554,13107,1.00006103515625,1.999969482421875,1.00006103515625,1.999969482421875,,,1680748,24,1,3,0
6010,1680866,6554,13107,1.00006103515625,1.999969482421875,1.00006103515625,1.999969482421875,,,1680873,24,1,3,0
6011,1680991,6554,13107,1.00006103515625,1.999969482421875,1.00006103515625,1.999969482421875,,,1680998,24,1,3,0
6012,1681117,6554,13107,1.00006103515625,1.999969482421875,1.00006103515625,1.999969482421875,,,1681124,23,1,3,0
6013,1681242,6554,13107,1.00006103515625,1.999969482421875,1.00006103515625,1.999969482421875,,,1681249,24,1,3,0
6014,1681367,6554,13107,1.00006103515625,1.999969482421875,1.00006103515625,1.999969482421875,,,1681374,24,1,3,0
6015,1681492,6554,13107,1.00006103515625,1.999969482421875,1.00006103515625,1.999969482421875,,,1681499,24,1,3,0
6016,1681618,6554,13107,1.00006103515625,1.999969482421875,1.00006103515625,1.999969482421875,,,1681625,24,1,3,0
6017,1681743,6554,13107,1.00006103515625,1.999969482421875,1.00006103515625,1.999969482421875,,,1681750,24,1,3,0
6018,1681868,6554,13107,1.00006103515625,1.999969482421875,1.00006103515625,1.999969482421875,,,1681875,24,1,3,0
6019,1681993,6554,13107,1.00006103515625,1.999969482421875,1.00006103515625,1.999969482421875,,,1682000,24,1,3,0
6020,1682119,6554,13107,1.00006103515625,1.999969482421875,1.00006103515625,1.999969482421875,,,1682126,23,1,3,0
6021,1682244,6554,13107,1.00006103515625,1.999969482421875,1.00006103515625,1.999969482421875,,,1682251,24,1,3,0
6022,1682369,6554,13107,1.00006103515625,1.999969482421875,1.00006103515625,1.999969482421875,,,1682376,24,1,3,0
6023,1682494,6554,13107,1.00006103515625,1.999969482421875,1.00006103515625,1.999969482421875,,,1682502,24,1,3,0
6024,1682620,6554,13107,1.00006103515625,1.999969482421875,1.00006103515625,1.999969482421875,,,1682627,23,1,3,0
6025,1682745,6554,13107,1.00006103515625,1.999969482421875,1.00006103515625,1.999969482421875,,,1682752,24,1,3,0
6026,1682870,6554,13107,1.00006103515625,1.999969482421875,1.00006103515625,1.999969482421875,,,1682877,24,1,3,0
6027,1682995,6554,13107,1.00006103515625,1.999969482421875,1.00006103515625,1.999969482421875,,,1683002,24,1,3,0
6028,1683121,6554,13107,1.00006103515625,1.999969482421875,1.00006103515625,1.999969482421875,,,1683128,23,1,3,0
6029,1683246,6554,13107,1.00006103515625,1.999969482421875,1.00006103515625,1.999969482421875,,,1683253,24,1,3,0
6030,1683371,6554,13107,1.00006103515625,1.999969482421875,1.00006103515625,1.999969482421875,,,1683378,24,1,3,0
6031,1683496,6554,13107,1.00006103515625,1.999969482421875,1.00006103515625,1.999969482421875,,,1683505,24,1,3,0
6032,1683622,6554,13107,1.00006103515625,1.999969482421875,1.00006103515625,1.999969482421875,,,1683629,24,1,3,0
6033,1683747,6554,13107,1.00006103515625,1.999969482421875,1.00006103515625,1.999969482421875,,,1683754,24,1,3,0
6034,1683872,6554,13107,1.00006103515625,1.999969482421875,1.00006103515625,1.999969482421875,,,1683879,24,1,3,0
6035,1683997,6554,13107,1.00006103515625,1.999969482421875,1.00006103515625,1.999969482421875,,,1684004,24,1,3,0
6036,1684123,6554,13107,1.00006103515625,1.999969482421875,1.00006103515625,1.999969482421875,,,1684130,23,1,3,0
6037,1684248,6554,13107,1.00006103515625,1.999969482421875,1.00006103515625,1.999969482421875,,,1684255,24,1,3,0
6038,1684373,6554,13107,1.00006103515625,1.999969482421875,1.00006103515625,1.999969482421875,,,1684380,24,1,3,0
6039,1684498,6554,13107,1.00006103515625,1.999969482421875,1.00006103515625,1.999969482421875,,,1684507,24,1,3,0
6040,1684624,6554,13107,1.00006103515625,1.999969482421875,1.00006103515625,1.999969482421875,,,1684631,23,1,3,0
6041,1684749,6554,13107,1.00006103515625,1.999969482421875,1.00006103515625,1.999969482421875,,,1684756,24,1,3,0
6042,1684874,6554,13107,1.00006103515625,1.999969482421875,1.00006103515625,1.999969482421875,,,1684881,24,1,3,0
6043,1684999,6554,13107,1.00006103515625,1.999969482421875,1.00006103515625,1.999969482421875,,,1685007,23,1,3,0
6044,1685125,6554,13107,1.00006103515625,1.999969482421875,1.00006103515625,1.999969482421875,,,1685132,23,1,3,0
6045,1685250,6554,13107,1.00006103515625,1.999969482421875,1.00006103515625,1.999969482421875,,,1685257,24,1,3,0
6046,1685375,6554,13107,1.00006103515625,1.999969482421875,1.00006103515625,1.999969482421875,,,1685382,24,1,3,0
6047,1685500,6554,13107,1.00006103515625,1.999969482421875,1.00006103515625,1.999969482421875,,,1685507,24,1,3,0
6048,1685626,6554,13107,1.00006103515625,1.999969482421875,1.00006103515625,1.999969482421875,,,1685633,24,1,3,0
6049,1685751,6554,13107,1.00006103515625,1.999969482421875,1.00006103515625,1.999969482421875,,,1685758,24,1,3,0
6050,1685876,6554,13107,1.00006103515625,1.999969482421875,1.00006103515625,1.999969482421875,,,1685883,24,1,3,0
6051,1686001,6554,13107,1.00006103515625,1.999969482421875,1.00006103515625,1.999969482421875,,,1686008,24,1,3,0
6052,1686127,6554,13107,1.00006103515625,1.999969482421875,1.00006103515625,1.999969482421875,,,1686134,23,1,3,0
6053,1686252,6554,13107,1.00006103515625,1.999969482421875,1.00006103515625,1.999969482421875,,,1686259,24,1,3,0
6054,1686377,6554,13107,1.00006103515625,1.999969482421875,1.00006103515625,1.999969482421875,,,1686384,24,1,3,0
6055,1686502,6554,13107,1.00006103515625,1.999969482421875,1.00006103515625,1.999969482421875,,,1686509,24,1,3,0
6056,1686628,6554,13107,1.00006103515625,1.999969482421875,1.00006103515625,1.999969482421875,,,1686635,26,1,3,0
6057,1686753,6554,13107,1.00006103515625,1.999969482421875,1.00006103515625,1.999969482421875,,,1686760,24,1,3,0
6058,1686878,6554,13107,1.00006103515625,1.999969482421875,1.00006103515625,1.999969482421875,,,1686885,24,1,3,0
6059,1687003,6554,13107,1.00006103515625,1.999969482421875,1.00006103515625,1.999969482421875,,,1687010,24,1,3,0
6060,1687129,6554,13107,1.00006103515625,1.999969482421875,1.00006103515625,1.999969482421875,,,1687136,23,1,3,0
6061,1687254,6554,13107,1.00006103515625,1.999969482421875,1.00006103515625,1.999969482421875,,,1687261,24,1,3,0
6062,1687379,6554,13107,1.00006103515625,1.999969482421875,1.00006103515625,1.999969482421875,,,1687386,24,1,3,0
6063,1687504,6554,13107,1.00006103515625,1.999969482421875,1.00006103515625,1.999969482421875,,,1687511,24,1,3,0
6064,1687630,6554,13107,1.00006103515625,1.999969482421875,1.00006103515625,1.999969482421875,,,1687637,26,1,3,0
6065,1687755,6554,13107,1.00006103515625,1.999969482421875,1.00006103515625,1.999969482421875,,,1687762,24,1,3,0
6066,1687880,6554,13107,1.00006103515625,1.999969482421875,1.00006103515625,1.999969482421875,,,1687887,24,1,3,0
6067,1688005,6554,13107,1.00006103515625,1.999969482421875,1.00006103515625,1.999969482421875,,,1688013,23,1,3,0
6068,1688131,6554,13107,1.00006103515625,1.999969482421875,1.00006103515625,1.999969482421875,,,1688138,24,1,3,0
6069,1688256,6554,13107,1.00006103515625,1.999969482421875,1.00006103515625,1.999969482421875,,,1688263,24,1,3,0
6070,1688381,6554,13107,1.00006103515625,1.999969482421875,1.00006103515625,1.999969482421875,,,1688388,24,1,3,0
6071,1688506,6554,13107,1.00006103515625,1.999969482421875,1.00006103515625,1.999969482421875,,,1688514,23,1,3,0
6072,1688632,6554,13107,1.00006103515625,1.999969482421875,1.00006103515625,1.999969482421875,,,1688639,28,1,3,0
6073,1688757,6554,13107,1.00006103515625,1.999969482421875,1.00006103515625,1.999969482421875,,,1688764,24,1,3,0
6074,1688882,6554,13107,1.00006103515625,1.999969482421875,1.00006103515625,1.999969482421875,,,1688889,24,1,3,0
6075,1689007,6554,13107,1.00006103515625,1.999969482421875,1.00006103515625,1.999969482421875,,,1689015,23,1,3,0
6076,1689133,6554,13107,1.00006103515625,1.999969482421875,1.00006103515625,1.999969482421875,,,1689140,24,1,3,0
6077,1689258,6554,13107,1.00006103515625,1.999969482421875,1.00006103515625,1.999969482421875,,,1689265,24,1,3,0
6078,1689383,6554,13107,1.00006103515625,1.999969482421875,1.00006103515625,1.999969482421875,,,1689390,24,1,3,0
6079,1689508,6554,13107,1.00006103515625,1.999969482421875,1.00006103515625,1.999969482421875,,,1689516,23,1,3,0
6080,1689634,6554,13107,1.00006103515625,1.999969482421875,1.00006103515625,1.999969482421875,,,1689645,24,1,3,0
6081,1689759,6554,13107,1.00006103515625,1.999969482421875,1.00006103515625,1.999969482421875,,,1689766,24,1,3,0
6082,1689884,6554,13107,1.00006103515625,1.999969482421875,1.00006103515625,1.999969482421875,,,1689891,24,1,3,0
6083,1690009,6554,13107,1.00006103515625,1.999969482421875,1.00006103515625,1.999969482421875,,,1690017,23,1,3,0
6084,1690135,6554,13107,1.00006103515625,1.999969482421875,1.00006103515625,1.999969482421875,,,1690142,24,1,3,0
6085,1690260,6554,13107,1.00006103515625,1.999969482421875,1.00006103515625,1.999969482421875,,,1690267,24,1,3,0
6086,1690385,6554,13107,1.00006103515625,1.999969482421875,1.00006103515625,1.999969482421875,,,1690392,24,1,3,0
6087,1690510,6554,13107,1.00006103515625,1.999969482421875,1.00006103515625,1.999969482421875,,,1690518,23,1,3,0
6088,1690636,6554,13107,1.00006103515625,1.999969482421875,1.00006103515625,1.999969482421875,,,1690644,24,1,3,0
6089,1690761,6554,13107,1.00006103515625,1.999969482421875,1.00006103515625,1.999969482421875,,,1690768,24,1,3,0
6090,1690886,6554,13107,1.00006103515625,1.999969482421875,1.00006103515625,1.999969482421875,,,1690893,24,1,3,0
6091,1691011,6554,13107,1.00006103515625,1.999969482421875,1.00006103515625,1.999969482421875,,,1691019,23,1,3,0
6092,1691137,6554,13107,1.00006103515625,1.999969482421875,1.00006103515625,1.999969482421875,,,1691144,24,1,3,0
6093,1691262,6554,13107,1.00006103515625,1.999969482421875,1.00006103515625,1.999969482421875,,,1691269,24,1,3,0
6094,1691387,6554,13107,1.00006103515625,1.999969482421875,1.00006103515625,1.999969482421875,,,1691394,24,1,3,0
6095,1691512,6554,13107,1.00006103515625,1.999969482421875,1.00006103515625,1.999969482421875,,,1691520,23,1,3,0
6096,1691638,6554,13107,1.00006103515625,1.999969482421875,1.00006103515625,1.999969482421875,,,1691646,24,1,3,0
6097,1691763,6554,13107,1.00006103515625,1.999969482421875,1.00006103515625,1.999969482421875,,,1691770,24,1,3,0
6098,1691888,6554,13107,1.00006103515625,1.999969482421875,1.00006103515625,1.999969482421875,,,1691895,24,1,3,0
6099,1692013,6554,13107,1.00006103515625,1.999969482421875,1.00006103515625,1.999969482421875,,,1692021,23,1,3,0
6100,1692139,6554,13107,1.00006103515625,1.999969482421875,1.00006103515625,1.999969482421875,,,1692146,24,1,3,0
6101,1692264,6554,13107,1.00006103515625,1.999969482421875,1.00006103515625,1.999969482421875,,,1692271,24,1,3,0
6102,1692389,6554,13107,1.00006103515625,1.999969482421875,1.00006103515625,1.999969482421875,,,1692396,24,1,3,0
6103,1692514,6554,13107,1.00006103515625,1.999969482421875,1.00006103515625,1.999969482421875,,,1692522,23,1,3,0
6104,1692640,6554,13107,1.00006103515625,1.999969482421875,1.00006103515625,1.999969482421875,,,1692648,24,1,3,0
6105,1692765,6554,13107,1.00006103515625,1.999969482421875,1.00006103515625,1.999969482421875,,,1692772,24,1,3,0
6106,1692890,6554,13107,1.00006103515625,1.999969482421875,1.00006103515625,1.999969482421875,,,1692897,24,1,3,0
6107,1693015,6554,13107,1.00006103515625,1.999969482421875,1.00006103515625,1.999969482421875,,,1693023,23,1,3,0
6108,1693141,6554,13107,1.00006103515625,1.999969482421875,1.00006103515625,1.999969482421875,,,1693148,24,1,3,0
6109,1693266,6554,13107,1.00006103515625,1.999969482421875,1.00006103515625,1.999969482421875,,,1693273,24,1,3,0
6110,1693391,6554,13107,1.00006103515625,1.999969482421875,1.00006103515625,1.999969482421875,,,1693398,24,1,3,0
6111,1693516,6554,13107,1.00006103515625,1.999969482421875,1.00006103515625,1.999969482421875,,,1693524,23,1,3,0
6112,1693643,6554,13107,1.00006103515625,1.999969482421875,1.00006103515625,1.999969482421875,,,1693650,23,1,3,0
6113,1693767,6554,13107,1.00006103515625,1.999969482421875,1.00006103515625,1.999969482421875,,,1693774,23,1,3,0
6114,1693892,6554,13107,1.00006103515625,1.999969482421875,1.00006103515625,1.999969482421875,,,1693899,24,1,3,0
6115,1694017,6554,13107,1.00006103515625,1.999969482421875,1.00006103515625,1.999969482421875,,,1694024,24,1,3,0
6116,1694143,6554,13107,1.00006103515625,1.999969482421875,1.00006103515625,1.999969482421875,,,1694151,23,1,3,0
6117,1694268,6554,13107,1.00006103515625,1.999969482421875,1.00006103515625,1.999969482421875,,,1694275,23,1,3,0
6118,1694393,6554,13107,1.00006103515625,1.999969482421875,1.00006103515625,1.999969482421875,,,1694400,24,1,3,0
6119,1694518,6554,13107,1.00006103515625,1.999969482421875,1.00006103515625,1.999969482421875,,,1694526,24,1,3,0
6120,1694645,6554,13107,1.00006103515625,1.999969482421875,1.00006103515625,1.999969482421875,,,1694652,24,1,3,0
6121,1694769,6554,13107,1.00006103515625,1.999969482421875,1.00006103515625,1.999969482421875,,,1694776,23,1,3,0
6122,1694894,6554,13107,1.00006103515625,1.999969482421875,1.00006103515625,1.999969482421875,,,1694901,23,1,3,0
6123,1695019,6554,13107,1.00006103515625,1.999969482421875,1.00006103515625,1.999969482421875,,,1695026,24,1,3,0
6124,1695144,6554,13107,1.00006103515625,1.999969482421875,1.00006103515625,1.999969482421875,,,1695151,24,1,3,0
6125,1695270,6554,13107,1.00006103515625,1.999969482421875,1.00006103515625,1.999969482421875,,,1695277,23,1,3,0
6126,1695395,6554,13107,1.00006103515625,1.999969482421875,1.00006103515625,1.999969482421875,,,1695402,23,1,3,0
6127,1695520,6554,13107,1.00006103515625,1.999969482421875,1.00006103515625,1.999969482421875,,,1695527,24,1,3,0
6128,1695646,6554,13107,1.00006103515625,1.999969482421875,1.00006103515625,1.999969482421875,,,1695653,24,1,3,0
6129,1695771,6554,13107,1.00006103515625,1.999969482421875,1.00006103515625,1.999969482421875,,,1695778,23,1,3,0
6130,1695896,6554,13107,1.00006103515625,1.999969482421875,1.00006103515625,1.999969482421875,,,1695903,24,1,3,0
6131,1696021,6554,13107,1.00006103515625,1.999969482421875,1.00006103515625,1.999969482421875,,,1696028,24,1,3,0
6132,1696146,6554,13107,1.00006103515625,1.999969482421875,1.00006103515625,1.999969482421875,,,1696153,24,1,3,0
6133,1696272,6554,13107,1.00006103515625,1.999969482421875,1.00006103515625,1.999969482421875,,,1696279,23,1,3,0
6134,1696397,6554,13107,1.00006103515625,1.999969482421875,1.00006103515625,1.999969482421875,,,1696404,24,1,3,0
6135,1696522,6554,13107,1.00006103515625,1.999969482421875,1.00006103515625,1.999969482421875,,,1696529,24,1,3,0
6136,1696647,6554,13107,1.00006103515625,1.999969482421875,1.00006103515625,1.999969482421875,,,1696654,24,1,3,0
6137,1696773,6554,13107,1.00006103515625,1.999969482421875,1.00006103515625,1.999969482421875,,,1696780,23,1,3,0
6138,1696898,6554,13107,1.00006103515625,1.999969482421875,1.00006103515625,1.999969482421875,,,1696905,24,1,3,0
6139,1697023,6554,13107,1.00006103515625,1.999969482421875,1.00006103515625,1.999969482421875,,,1697030,24,1,3,0
6140,1697148,6554,13107,1.00006103515625,1.999969482421875,1.00006103515625,1.999969482421875,,,1697155,24,1,3,0
6141,1697274,6554,13107,1.00006103515625,1.999969482421875,1.00006103515625,1.999969482421875,,,1697281,23,1,3,0
6142,1697399,6554,13107,1.00006103515625,1.999969482421875,1.00006103515625,1.999969482421875,,,1697406,24,1,3,0
6143,1697524,6554,13107,1.00006103515625,1.999969482421875,1.00006103515625,1.999969482421875,,,1697531,24,1,3,0
6144,1697649,6554,13107,1.00006103515625,1.999969482421875,1.00006103515625,1.999969482421875,,,1697656,24,1,3,0
6145,1697775,6554,13107,1.00006103515625,1.999969482421875,1.00006103515625,1.999969482421875,,,1697782,23,1,3,0
6146,1697900,6554,13107,1.00006103515625,1.999969482421875,1.00006103515625,1.999969482421875,,,1697907,24,1,3,0
6147,1698025,6554,13107,1.00006103515625,1.999969482421875,1.00006103515625,1.999969482421875,,,1698032,24,1,3,0
6148,1698150,6554,13107,1.00006103515625,1.999969482421875,1.00006103515625,1.999969482421875,,,1698157,24,1,3,0
6149,1698276,6554,13107,1.00006103515625,1.999969482421875,1.00006103515625,1.999969482421875,,,1698283,23,1,3,0
6150,1698401,6554,13107,1.00006103515625,1.999969482421875,1.00006103515625,1.999969482421875,,,1698408,24,1,3,0
6151,1698527,6554,13107,1.00006103515625,1.999969482421875,1.00006103515625,1.999969482421875,,,1698534,23,1,3,0
6152,1698652,6554,13107,1.00006103515625,1.999969482421875,1.00006103515625,1.999969482421875,,,1698659,23,1,3,0
6153,1698777,6554,13107,1.00006103515625,1.999969482421875,1.00006103515625,1.999969482421875,,,1698784,24,1,3,0
6154,1698902,6554,13107,1.00006103515625,1.999969482421875,1.00006103515625,1.999969482421875,,,1698909,24,1,3,0
6155,1699028,6554,13107,1.00006103515625,1.999969482421875,1.00006103515625,1.999969482421875,,,1699035,23,1,3,0
6156,1699153,6554,13107,1.00006103515625,1.999969482421875,1.00006103515625,1.999969482421875,,,1699160,23,1,3,0
6157,1699278,6554,13107,1.00006103515625,1.999969482421875,1.00006103515625,1.999969482421875,,,1699285,24,1,3,0
6158,1699403,6554,13107,1.00006103515625,1.999969482421875,1.00006103515625,1.999969482421875,,,1699410,24,1,3,0
6159,1699531,6554,13107,1.00006103515625,1.999969482421875,1.00006103515625,1.999969482421875,,,1699538,24,1,3,0
6160,1699654,6554,13107,1.00006103515625,1.999969482421875,1.00006103515625,1.999969482421875,,,1699661,24,1,3,0
6161,1699779,6554,13107,1.00006103515625,1.999969482421875,1.00006103515625,1.999969482421875,,,1699786,24,1,3,0
6162,1699904,6554,13107,1.00006103515625,1.999969482421875,1.00006103515625,1.999969482421875,,,1699911,24,1,3,0
6163,1700030,6554,13107,1.00006103515625,1.999969482421875,1.00006103515625,1.999969482421875,,,1700037,23,1,3,0
6164,1700155,6554,13107,1.00006103515625,1.999969482421875,1.00006103515625,1.999969482421875,,,1700162,24,1,3,0
6165,1700280,6554,13107,1.00006103515625,1.999969482421875,1.00006103515625,1.999969482421875,,,1700287,24,1,3,0
6166,1700405,6554,13107,1.00006103515625,1.999969482421875,1.00006103515625,1.999969482421875,,,1700412,24,1,3,0
6167,1700531,6554,13107,1.00006103515625,1.999969482421875,1.00006103515625,1.999969482421875,,,1700538,23,1,3,0
6168,1700656,6554,13107,1.00006103515625,1.999969482421875,1.00006103515625,1.999969482421875,,,1700663,24,1,3,0
6169,1700781,6554,13107,1.00006103515625,1.999969482421875,1.00006103515625,1.999969482421875,,,1700789,24,1,3,0
6170,1700906,6554,13107,1.00006103515625,1.999969482421875,1.00006103515625,1.999969482421875,,,1700913,24,1,3,0
6171,1701032,6554,13107,1.00006103515625,1.999969482421875,1.00006103515625,1.999969482421875,,,1701039,23,1,3,0
6172,1701157,6554,13107,1.00006103515625,1.999969482421875,1.00006103515625,1.999969482421875,,,1701164,24,1,3,0
6173,1701282,6554,13107,1.00006103515625,1.999969482421875,1.00006103515625,1.999969482421875,,,1701289,24,1,3,0
6174,1701407,6554,13107,1.00006103515625,1.999969482421875,1.00006103515625,1.999969482421875,,,1701414,24,1,3,0
6175,1701533,6554,13107,1.00006103515625,1.999969482421875,1.00006103515625,1.999969482421875,,,1701540,23,1,3,0
6176,1701658,6554,13107,1.00006103515625,1.999969482421875,1.00006103515625,1.999969482421875,,,1701665,24,1,3,0
6177,1701783,6554,13107,1.00006103515625,1.999969482421875,1.00006103515625,1.999969482421875,,,1701790,24,1,3,0
6178,1701908,6554,13107,1.00006103515625,1.999969482421875,1.00006103515625,1.999969482421875,,,1701915,24,1,3,0
6179,1702034,6554,13107,1.00006103515625,1.999969482421875,1.00006103515625,1.999969482421875,,,1702041,23,1,3,0
6180,1702159,6554,13107,1.00006103515625,1.999969482421875,1.00006103515625,1.999969482421875,,,1702166,24,1,3,0
6181,1702284,6554,13107,1.00006103515625,1.999969482421875,1.00006103515625,1.999969482421875,,,1702291,24,1,3,0
6182,1702409,6554,13107,1.00006103515625,1.999969482421875,1.00006103515625,1.999969482421875,,,1702416,24,1,3,0
6183,1702535,6554,13107,1.00006103515625,1.999969482421875,1.00006103515625,1.999969482421875,,,1702542,23,1,3,0
6184,1702660,6554,13107,1.00006103515625,1.999969482421875,1.00006103515625,1.999969482421875,,,1702667,24,1,3,0
6185,1702785,6554,13107,1.00006103515625,1.999969482421875,1.00006103515625,1.999969482421875,,,1702792,24,1,3,0
6186,1702910,6554,13107,1.00006103515625,1.999969482421875,1.00006103515625,1.999969482421875,,,1702918,23,1,3,0
6187,1703036,6554,13107,1.00006103515625,1.999969482421875,1.00006103515625,1.999969482421875,,,1703043,24,1,3,0
6188,1703161,6554,13107,1.00006103515625,1.999969482421875,1.00006103515625,1.999969482421875,,,1703168,24,1,3,0
6189,1703286,6554,13107,1.00006103515625,1.999969482421875,1.00006103515625,1.999969482421875,,,1703293,24,1,3,0
6190,1703411,6554,13107,1.00006103515625,1.999969482421875,1.00006103515625,1.999969482421875,,,1703419,23,1,3,0
6191,1703537,6554,13107,1.00006103515625,1.999969482421875,1.00006103515625,1.999969482421875,,,1703544,24,1,3,0
6192,1703662,6554,13107,1.00006103515625,1.999969482421875,1.00006103515625,1.999969482421875,,,1703669,24,1,3,0
6193,1703787,6554,13107,1.00006103515625,1.999969482421875,1.00006103515625,1.999969482421875,,,1703794,24,1,3,0
6194,1703912,6554,13107,1.00006103515625,1.999969482421875,1.00006103515625,1.999969482421875,,,1703920,23,1,3,0
6195,1704038,6554,13107,1.00006103515625,1.999969482421875,1.00006103515625,1.999969482421875,,,1704045,24,1,3,0
6196,1704163,6554,13107,1.00006103515625,1.999969482421875,1.00006103515625,1.999969482421875,,,1704170,24,1,3,0
6197,1704288,6554,13107,1.00006103515625,1.999969482421875,1.00006103515625,1.999969482421875,,,1704295,24,1,3,0
6198,1704413,6554,13107,1.00006103515625,1.999969482421875,1.00006103515625,1.999969482421875,,,1704421,23,1,3,0
6199,1704539,6554,13107,1.00006103515625,1.999969482421875,1.00006103515625,1.999969482421875,,,1704546,24,1,3,0
6200,1704664,6554,13107,1.00006103515625,1.999969482421875,1.00006103515625,1.999969482421875,,,1704671,24,1,3,0
6201,1704789,6554,13107,1.00006103515625,1.999969482421875,1.00006103515625,1.999969482421875,,,1704796,24,1,3,0
6202,1704914,6554,13107,1.00006103515625,1.999969482421875,1.00006103515625,1.999969482421875,,,1704922,23,1,3,0
6203,1705040,6554,13107,1.00006103515625,1.999969482421875,1.00006103515625,1.999969482421875,,,1705047,24,1,3,0
6204,1705165,6554,13107,1.00006103515625,1.999969482421875,1.00006103515625,1.999969482421875,,,1705172,24,1,3,0
6205,1705290,6554,13107,1.00006103515625,1.999969482421875,1.00006103515625,1.999969482421875,,,1705297,24,1,3,0
6206,1705415,6554,13107,1.00006103515625,1.999969482421875,1.00006103515625,1.999969482421875,,,1705423,23,1,3,0
6207,1705541,6554,13107,1.00006103515625,1.999969482421875,1.00006103515625,1.999969482421875,,,1705548,24,1,3,0
6208,1705666,6554,13107,1.00006103515625,1.999969482421875,1.00006103515625,1.999969482421875,,,1705673,24,1,3,0
6209,1705791,6554,13107,1.00006103515625,1.999969482421875,1.00006103515625,1.999969482421875,,,1705798,24,1,3,0
6210,1705916,6554,13107,1.00006103515625,1.999969482421875,1.00006103515625,1.999969482421875,,,1705924,23,1,3,0
6211,1706042,6554,13107,1.00006103515625,1.999969482421875,1.00006103515625,1.999969482421875,,,1706049,24,1,3,0
6212,1706167,6554,13107,1.00006103515625,1.999969482421875,1.00006103515625,1.999969482421875,,,1706174,24,1,3,0
6213,1706292,6554,13107,1.00006103515625,1.999969482421875,1.00006103515625,1.999969482421875,,,1706299,24,1,3,0
6214,1706417,6554,13107,1.00006103515625,1.999969482421875,1.00006103515625,1.999969482421875,,,1706425,23,1,3,0
6215,1706543,6554,13107,1.00006103515625,1.999969482421875,1.00006103515625,1.999969482421875,,,1706550,24,1,3,0
6216,1706668,6554,13107,1.00006103515625,1.999969482421875,1.00006103515625,1.999969482421875,,,1706675,24,1,3,0
6217,1706793,6554,13107,1.00006103515625,1.999969482421875,1.00006103515625,1.999969482421875,,,1706800,24,1,3,0
6218,1706918,6554,13107,1.00006103515625,1.999969482421875,1.00006103515625,1.999969482421875,,,1706926,23,1,3,0
6219,1707044,6554,13107,1.00006103515625,1.999969482421875,1.00006103515625,1.999969482421875,,,1707051,24,1,3,0
6220,1707169,6554,13107,1.00006103515625,1.999969482421875,1.00006103515625,1.999969482421875,,,1707176,24,1,3,0
6221,1707294,6554,13107,1.00006103515625,1.999969482421875,1.00006103515625,1.999969482421875,,,1707301,24,1,3,0
6222,1707419,6554,13107,1.00006103515625,1.999969482421875,1.00006103515625,1.999969482421875,,,1707427,23,1,3,0
6223,1707545,6554,13107,1.00006103515625,1.999969482421875,1.00006103515625,1.999969482421875,,,1707552,24,1,3,0
6224,1707670,6554,13107,1.00006103515625,1.999969482421875,1.00006103515625,1.999969482421875,,,1707677,24,1,3,0
6225,1707795,6554,13107,1.00006103515625,1.999969482421875,1.00006103515625,1.999969482421875,,,1707802,24,1,3,0
6226,1707920,6554,13107,1.00006103515625,1.999969482421875,1.00006103515625,1.999969482421875,,,1707928,23,1,3,0
6227,1708046,6554,13107,1.00006103515625,1.999969482421875,1.00006103515625,1.999969482421875,,,1708053,24,1,3,0
6228,1708171,6554,13107,1.00006103515625,1.999969482421875,1.00006103515625,1.999969482421875,,,1708178,24,1,3,0
6229,1708296,6554,13107,1.00006103515625,1.999969482421875,1.00006103515625,1.999969482421875,,,1708303,24,1,3,0
6230,1708421,6554,13107,1.00006103515625,1.999969482421875,1.00006103515625,1.999969482421875,,,1708429,23,1,3,0
6231,1708547,6554,13107,1.00006103515625,1.999969482421875,1.00006103515625,1.999969482421875,,,1708554,23,1,3,0
6232,1708672,6554,13107,1.00006103515625,1.999969482421875,1.00006103515625,1.999969482421875,,,1708679,24,1,3,0
6233,1708797,6554,13107,1.00006103515625,1.999969482421875,1.00006103515625,1.999969482421875,,,1708804,24,1,3,0
6234,1708922,6554,13107,1.00006103515625,1.999969482421875,1.00006103515625,1.999969482421875,,,1708929,24,1,3,0
6235,1709048,6554,13107,1.00006103515625,1.999969482421875,1.00006103515625,1.999969482421875,,,1709055,23,1,3,0
6236,1709173,6554,13107,1.00006103515625,1.999969482421875,1.00006103515625,1.999969482421875,,,1709180,24,1,3,0
6237,1709298,6554,13107,1.00006103515625,1.999969482421875,1.00006103515625,1.999969482421875,,,1709305,24,1,3,0
6238,1709423,6554,13107,1.00006103515625,1.999969482421875,1.00006103515625,1.999969482421875,,,1709430,24,1,3,0
6239,1709549,6554,13107,1.00006103515625,1.999969482421875,1.00006103515625,1.999969482421875,,,1709556,23,1,3,0
6240,1709674,6554,13107,1.00006103515625,1.999969482421875,1.00006103515625,1.999969482421875,,,1709681,24,1,3,0
6241,1709800,6554,13107,1.00006103515625,1.999969482421875,1.00006103515625,1.999969482421875,,,1709807,24,1,3,0
6242,1709924,6554,13107,1.00006103515625,1.999969482421875,1.00006103515625,1.999969482421875,,,1709931,24,1,3,0
6243,1710050,6554,13107,1.00006103515625,1.999969482421875,1.00006103515625,1.999969482421875,,,1710057,23,1,3,0
6244,1710175,6554,13107,1.00006103515625,1.999969482421875,1.00006103515625,1.999969482421875,,,1710182,23,1,3,0
6245,1710300,6554,13107,1.00006103515625,1.999969482421875,1.00006103515625,1.999969482421875,,,1710307,24,1,3,0
6246,1710425,6554,13107,1.00006103515625,1.999969482421875,1.00006103515625,1.999969482421875,,,1710432,24,1,3,0
6247,1710551,6554,13107,1.00006103515625,1.999969482421875,1.00006103515625,1.999969482421875,,,1710558,23,1,3,0
6248,1710676,6554,13107,1.00006103515625,1.999969482421875,1.00006103515625,1.999969482421875,,,1710683,23,1,3,0
6249,1710801,6554,13107,1.00006103515625,1.999969482421875,1.00006103515625,1.999969482421875,,,1710808,24,1,3,0
6250,1710926,6554,13107,1.00006103515625,1.999969482421875,1.00006103515625,1.999969482421875,,,1710933,24,1,3,0
6251,1711052,6554,13107,1.00006103515625,1.999969482421875,1.00006103515625,1.999969482421875,,,1711059,24,1,3,0
6252,1711177,6554,13107,1.00006103515625,1.999969482421875,1.00006103515625,1.999969482421875,,,1711184,23,1,3,0
6253,1711302,6554,13107,1.00006103515625,1.999969482421875,1.00006103515625,1.999969482421875,,,1711309,24,1,3,0
6254,1711427,6554,13107,1.00006103515625,1.999969482421875,1.00006103515625,1.999969482421875,,,1711434,24,1,3,0
6255,1711553,6554,13107,1.00006103515625,1.999969482421875,1.00006103515625,1.999969482421875,,,1711560,23,1,3,0
6256,1711678,6554,13107,1.00006103515625,1.999969482421875,1.00006103515625,1.999969482421875,,,1711685,23,1,3,0
6257,1711803,6554,13107,1.00006103515625,1.999969482421875,1.00006103515625,1.999969482421875,,,1711810,24,1,3,0
6258,1711928,6554,13107,1.00006103515625,1.999969482421875,1.00006103515625,1.999969482421875,,,1711935,24,1,3,0
6259,1712054,6554,13107,1.00006103515625,1.999969482421875,1.00006103515625,1.999969482421875,,,1712061,23,1,3,0
6260,1712179,6554,13107,1.00006103515625,1.999969482421875,1.00006103515625,1.999969482421875,,,1712186,23,1,3,0
6261,1712304,6554,13107,1.00006103515625,1.999969482421875,1.00006103515625,1.999969482421875,,,1712311,24,1,3,0
6262,1712429,6554,13107,1.00006103515625,1.999969482421875,1.00006103515625,1.999969482421875,,,1712436,24,1,3,0
6263,1712555,6554,13107,1.00006103515625,1.999969482421875,1.00006103515625,1.999969482421875,,,1712562,23,1,3,0
6264,1712680,6554,13107,1.00006103515625,1.999969482421875,1.00006103515625,1.999969482421875,,,1712687,23,1,3,0
6265,1712805,6554,13107,1.00006103515625,1.999969482421875,1.00006103515625,1.999969482421875,,,1712812,24,1,3,0
6266,1712930,6554,13107,1.00006103515625,1.999969482421875,1.00006103515625,1.999969482421875,,,1712937,24,1,3,0
6267,1713056,6554,13107,1.00006103515625,1.999969482421875,1.00006103515625,1.999969482421875,,,1713063,23,1,3,0
6268,1713181,6554,13107,1.00006103515625,1.999969482421875,1.00006103515625,1.999969482421875,,,1713188,23,1,3,0
6269,1713306,6554,13107,1.00006103515625,1.999969482421875,1.00006103515625,1.999969482421875,,,1713313,24,1,3,0
6270,1713431,6554,13107,1.00006103515625,1.999969482421875,1.00006103515625,1.999969482421875,,,1713439,24,1,3,0
6271,1713557,6554,13107,1.00006103515625,1.999969482421875,1.00006103515625,1.999969482421875,,,1713564,24,1,3,0
6272,1713682,6554,13107,1.00006103515625,1.999969482421875,1.00006103515625,1.999969482421875,,,1713689,24,1,3,0
6273,1713807,6554,13107,1.00006103515625,1.999969482421875,1.00006103515625,1.999969482421875,,,1713814,24,1,3,0
6274,1713932,6554,13107,1.00006103515625,1.999969482421875,1.00006103515625,1.999969482421875,,,1713940,23,1,3,0
6275,1714058,6554,13107,1.00006103515625,1.999969482421875,1.00006103515625,1.999969482421875,,,1714065,23,1,3,0
6276,1714183,6554,13107,1.00006103515625,1.999969482421875,1.00006103515625,1.999969482421875,,,1714190,24,1,3,0
6277,1714308,6554,13107,1.00006103515625,1.999969482421875,1.00006103515625,1.999969482421875,,,1714315,24,1,3,0
6278,1714433,6554,13107,1.00006103515625,1.999969482421875,1.00006103515625,1.999969482421875,,,1714441,23,1,3,0
6279,1714559,6554,13107,1.00006103515625,1.999969482421875,1.00006103515625,1.999969482421875,,,1714566,23,1,3,0
6280,1714684,6554,13107,1.00006103515625,1.999969482421875,1.00006103515625,1.999969482421875,,,1714691,24,1,3,0
6281,1714809,6554,13107,1.00006103515625,1.999969482421875,1.00006103515625,1.999969482421875,,,1714816,24,1,3,0
6282,1714934,6554,13107,1.00006103515625,1.999969482421875,1.00006103515625,1.999969482421875,,,1714942,23,1,3,0
6283,1715060,6554,13107,1.00006103515625,1.999969482421875,1.00006103515625,1.999969482421875,,,1715067,23,1,3,0
6284,1715185,6554,13107,1.00006103515625,1.999969482421875,1.00006103515625,1.999969482421875,,,1715192,24,1,3,0
6285,1715310,6554,13107,1.00006103515625,1.999969482421875,1.00006103515625,1.999969482421875,,,1715317,24,1,3,0
6286,1715435,6554,13107,1.00006103515625,1.999969482421875,1.00006103515625,1.999969482421875,,,1715443,23,1,3,0
6287,1715561,6554,13107,1.00006103515625,1.999969482421875,1.00006103515625,1.999969482421875,,,1715568,23,1,3,0
6288,1715686,6554,13107,1.00006103515625,1.999969482421875,1.00006103515625,1.999969482421875,,,1715693,24,1,3,0
6289,1715811,6554,13107,1.00006103515625,1.999969482421875,1.00006103515625,1.999969482421875,,,1715818,24,1,3,0
6290,1715936,6554,13107,1.00006103515625,1.999969482421875,1.00006103515625,1.999969482421875,,,1715944,23,1,3,0
6291,1716062,6554,13107,1.00006103515625,1.999969482421875,1.00006103515625,1.999969482421875,,,1716069,23,1,3,0
6292,1716187,6554,13107,1.00006103515625,1.999969482421875,1.00006103515625,1.999969482421875,,,1716194,24,1,3,0
6293,1716312,6554,13107,1.00006103515625,1.999969482421875,1.00006103515625,1.999969482421875,,,1716319,24,1,3,0
6294,1716437,6554,13107,1.00006103515625,1.999969482421875,1.00006103515625,1.999969482421875,,,1716445,23,1,3,0
6295,1716563,6554,13107,1.00006103515625,1.999969482421875,1.00006103515625,1.999969482421875,,,1716570,23,1,3,0
6296,1716688,6554,13107,1.00006103515625,1.999969482421875,1.00006103515625,1.999969482421875,,,1716695,24,1,3,0
6297,1716813,6554,13107,1.00006103515625,1.999969482421875,1.00006103515625,1.999969482421875,,,1716820,24,1,3,0
6298,1716938,6554,13107,1.00006103515625,1.999969482421875,1.00006103515625,1.999969482421875,,,1716946,23,1,3,0
6299,1717064,6554,13107,1.00006103515625,1.999969482421875,1.00006103515625,1.999969482421875,,,1717071,23,1,3,0
6300,1717189,6554,13107,1.00006103515625,1.999969482421875,1.00006103515625,1.999969482421875,,,1717196,24,1,3,0
6301,1717314,6554,13107,1.00006103515625,1.999969482421875,1.00006103515625,1.999969482421875,,,1717321,24,1,3,0
6302,1717439,6554,13107,1.00006103515625,1.999969482421875,1.00006103515625,1.999969482421875,,,1717447,23,1,3,0
6303,1717565,6554,13107,1.00006103515625,1.999969482421875,1.00006103515625,1.999969482421875,,,1717572,23,1,3,0
6304,1717690,6554,13107,1.00006103515625,1.999969482421875,1.00006103515625,1.999969482421875,,,1717697,24,1,3,0
6305,1717815,6554,13107,1.00006103515625,1.999969482421875,1.00006103515625,1.999969482421875,,,1717822,24,1,3,0
6306,1717940,6554,13107,1.00006103515625,1.999969482421875,1.00006103515625,1.999969482421875,,,1717948,23,1,3,0
6307,1718066,6554,13107,1.00006103515625,1.999969482421875,1.00006103515625,1.999969482421875,,,1718073,23,1,3,0
6308,1718191,6554,13107,1.00006103515625,1.999969482421875,1.00006103515625,1.999969482421875,,,1718198,24,1,3,0
6309,1718316,6554,13107,1.00006103515625,1.999969482421875,1.00006103515625,1.999969482421875,,,1718323,24,1,3,0
6310,1718441,6554,13107,1.00006103515625,1.999969482421875,1.00006103515625,1.999969482421875,,,1718449,23,1,3,0
6311,1718567,6554,13107,1.00006103515625,1.999969482421875,1.00006103515625,1.999969482421875,,,1718574,23,1,3,0
6312,1718692,6554,13107,1.00006103515625,1.999969482421875,1.00006103515625,1.999969482421875,,,1718699,24,1,3,0
6313,1718817,6554,13107,1.00006103515625,1.999969482421875,1.00006103515625,1.999969482421875,,,1718824,24,1,3,0
6314,1718942,6554,13107,1.00006103515625,1.999969482421875,1.00006103515625,1.999969482421875,,,1718950,23,1,3,0
6315,1719068,6554,13107,1.00006103515625,1.999969482421875,1.00006103515625,1.999969482421875,,,1719075,23,1,3,0
6316,1719193,6554,13107,1.00006103515625,1.999969482421875,1.00006103515625,1.999969482421875,,,1719200,24,1,3,0
6317,1719318,6554,13107,1.00006103515625,1.999969482421875,1.00006103515625,1.999969482421875,,,1719325,24,1,3,0
6318,1719443,6554,13107,1.00006103515625,1.999969482421875,1.00006103515625,1.999969482421875,,,1719450,24,1,3,0
6319,1719569,6554,13107,1.00006103515625,1.999969482421875,1.00006103515625,1.999969482421875,,,1719576,23,1,3,0
6320,1719694,6554,13107,1.00006103515625,1.999969482421875,1.00006103515625,1.999969482421875,,,1719701,23,1,3,0
6321,1719819,6554,13107,1.00006103515625,1.999969482421875,1.00006103515625,1.999969482421875,,,1719826,24,1,3,0
6322,1719944,6554,13107,1.00006103515625,1.999969482421875,1.00006103515625,1.999969482421875,,,1719951,24,1,3,0
6323,1720070,6554,13107,1.00006103515625,1.999969482421875,1.00006103515625,1.999969482421875,,,1720077,24,1,3,0
6324,1720195,6554,13107,1.00006103515625,1.999969482421875,1.00006103515625,1.999969482421875,,,1720202,23,1,3,0
6325,1720320,6554,13107,1.00006103515625,1.999969482421875,1.00006103515625,1.999969482421875,,,1720328,23,1,3,0
6326,1720445,6554,13107,1.00006103515625,1.999969482421875,1.00006103515625,1.999969482421875,,,1720452,24,1,3,0
6327,1720571,6554,13107,1.00006103515625,1.999969482421875,1.00006103515625,1.999969482421875,,,1720578,23,1,3,0
6328,1720696,6554,13107,1.00006103515625,1.999969482421875,1.00006103515625,1.999969482421875,,,1720703,23,1,3,0
6329,1720821,6554,13107,1.00006103515625,1.999969482421875,1.00006103515625,1.999969482421875,,,1720828,24,1,3,0
6330,1720946,6554,13107,1.00006103515625,1.999969482421875,1.00006103515625,1.999969482421875,,,1720953,24,1,3,0
6331,1721072,6554,13107,1.00006103515625,1.999969482421875,1.00006103515625,1.999969482421875,,,1721079,23,1,3,0
6332,1721197,6554,13107,1.00006103515625,1.999969482421875,1.00006103515625,1.999969482421875,,,1721204,24,1,3,0
6333,1721322,6554,13107,1.00006103515625,1.999969482421875,1.00006103515625,1.999969482421875,,,1721329,24,1,3,0
6334,1721447,6554,13107,1.00006103515625,1.999969482421875,1.00006103515625,1.999969482421875,,,1721454,24,1,3,0
6335,1721573,6554,13107,1.00006103515625,1.999969482421875,1.00006103515625,1.999969482421875,,,1721580,23,1,3,0
6336,1721698,6554,13107,1.00006103515625,1.999969482421875,1.00006103515625,1.999969482421875,,,1721705,23,1,3,0
6337,1721823,6554,13107,1.00006103515625,1.999969482421875,1.00006103515625,1.999969482421875,,,1721830,24,1,3,0
6338,1721948,6554,13107,1.00006103515625,1.999969482421875,1.00006103515625,1.999969482421875,,,1721955,24,1,3,0
6339,1722074,6554,13107,1.00006103515625,1.999969482421875,1.00006103515625,1.999969482421875,,,1722081,23,1,3,0
6340,1722199,6554,13107,1.00006103515625,1.999969482421875,1.00006103515625,1.999969482421875,,,1722206,23,1,3,0
6341,1722324,6554,13107,1.00006103515625,1.999969482421875,1.00006103515625,1.999969482421875,,,1722331,24,1,3,0
6342,1722449,6554,13107,1.00006103515625,1.999969482421875,1.00006103515625,1.999969482421875,,,1722456,24,1,3,0
6343,1722575,6554,13107,1.00006103515625,1.999969482421875,1.00006103515625,1.999969482421875,,,1722582,23,1,3,0
6344,1722700,6554,13107,1.00006103515625,1.999969482421875,1.00006103515625,1.999969482421875,,,1722707,23,1,3,0
6345,1722825,6554,13107,1.00006103515625,1.999969482421875,1.00006103515625,1.999969482421875,,,1722832,24,1,3,0
6346,1722950,6554,13107,1.00006103515625,1.999969482421875,1.00006103515625,1.999969482421875,,,1722957,24,1,3,0
6347,1723076,6554,13107,1.00006103515625,1.999969482421875,1.00006103515625,1.999969482421875,,,1723083,23,1,3,0
6348,1723201,6554,13107,1.00006103515625,1.999969482421875,1.00006103515625,1.999969482421875,,,1723208,23,1,3,0
6349,1723326,6554,13107,1.00006103515625,1.999969482421875,1.00006103515625,1.999969482421875,,,1723333,24,1,3,0
6350,1723451,6554,13107,1.00006103515625,1.999969482421875,1.00006103515625,1.999969482421875,,,1723458,24,1,3,0
6351,1723577,6554,13107,1.00006103515625,1.999969482421875,1.00006103515625,1.999969482421875,,,1723584,23,1,3,0
6352,1723702,6554,13107,1.00006103515625,1.999969482421875,1.00006103515625,1.999969482421875,,,1723709,23,1,3,0
6353,1723827,6554,13107,1.00006103515625,1.999969482421875,1.00006103515625,1.999969482421875,,,1723834,24,1,3,0
6354,1723952,6554,13107,1.00006103515625,1.999969482421875,1.00006103515625,1.999969482421875,,,1723959,24,1,3,0
6355,1724078,6554,13107,1.00006103515625,1.999969482421875,1.00006103515625,1.999969482421875,,,1724085,23,1,3,0
6356,1724203,6554,13107,1.00006103515625,1.999969482421875,1.00006103515625,1.999969482421875,,,1724210,24,1,3,0
6357,1724328,6554,13107,1.00006103515625,1.999969482421875,1.00006103515625,1.999969482421875,,,1724335,24,1,3,0
6358,1724453,6554,13107,1.00006103515625,1.999969482421875,1.00006103515625,1.999969482421875,,,1724460,24,1,3,0
6359,1724579,6554,13107,1.00006103515625,1.999969482421875,1.00006103515625,1.999969482421875,,,1724586,23,1,3,0
6360,1724704,6554,13107,1.00006103515625,1.999969482421875,1.00006103515625,1.999969482421875,,,1724711,24,1,3,0
6361,1724829,6554,13107,1.00006103515625,1.999969482421875,1.00006103515625,1.999969482421875,,,1724836,24,1,3,0
6362,1724954,6554,13107,1.00006103515625,1.999969482421875,1.00006103515625,1.999969482421875,,,1724961,24,1,3,0
6363,1725080,6554,13107,1.00006103515625,1.999969482421875,1.00006103515625,1.999969482421875,,,1725087,23,1,3,0
6364,1725205,6554,13107,1.00006103515625,1.999969482421875,1.00006103515625,1.999969482421875,,,1725212,24,1,3,0
6365,1725330,6554,13107,1.00006103515625,1.999969482421875,1.00006103515625,1.999969482421875,,,1725337,24,1,3,0
6366,1725455,6554,13107,1.00006103515625,1.999969482421875,1.00006103515625,1.999969482421875,,,1725462,24,1,3,0
6367,1725581,6554,13107,1.00006103515625,1.999969482421875,1.00006103515625,1.999969482421875,,,1725588,23,1,3,0
6368,1725706,6554,13107,1.00006103515625,1.999969482421875,1.00006103515625,1.999969482421875,,,1725713,24,1,3,0
6369,1725831,6554,13107,1.00006103515625,1.999969482421875,1.00006103515625,1.999969482421875,,,1725838,24,1,3,0
6370,1725956,6554,13107,1.00006103515625,1.999969482421875,1.00006103515625,1.999969482421875,,,1725963,24,1,3,0
6371,1726082,6554,13107,1.00006103515625,1.999969482421875,1.00006103515625,1.999969482421875,,,1726089,23,1,3,0
6372,1726207,6554,13107,1.00006103515625,1.999969482421875,1.00006103515625,1.999969482421875,,,1726214,24,1,3,0
6373,1726332,6554,13107,1.00006103515625,1.999969482421875,1.00006103515625,1.999969482421875,,,1726339,24,1,3,0
6374,1726457,6554,13107,1.00006103515625,1.999969482421875,1.00006103515625,1.999969482421875,,,1726464,24,1,3,0
6375,1726583,6554,13107,1.00006103515625,1.999969482421875,1.00006103515625,1.999969482421875,,,1726590,23,1,3,0
6376,1726708,6554,13107,1.00006103515625,1.999969482421875,1.00006103515625,1.999969482421875,,,1726715,24,1,3,0
6377,1726833,6554,13107,1.00006103515625,1.999969482421875,1.00006103515625,1.999969482421875,,,1726840,24,1,3,0
6378,1726958,6554,13107,1.00006103515625,1.999969482421875,1.00006103515625,1.999969482421875,,,1726965,24,1,3,0
6379,1727084,6554,13107,1.00006103515625,1.999969482421875,1.00006103515625,1.999969482421875,,,1727091,23,1,3,0
6380,1727209,6554,13107,1.00006103515625,1.999969482421875,1.00006103515625,1.999969482421875,,,1727216,24,1,3,0
6381,1727334,6554,13107,1.00006103515625,1.999969482421875,1.00006103515625,1.999969482421875,,,1727341,24,1,3,0
6382,1727459,6554,13107,1.00006103515625,1.999969482421875,1.00006103515625,1.999969482421875,,,1727466,24,1,3,0
6383,1727585,6554,13107,1.00006103515625,1.999969482421875,1.00006103515625,1.999969482421875,,,1727592,23,1,3,0
6384,1727710,6554,13107,1.00006103515625,1.999969482421875,1.00006103515625,1.999969482421875,,,1727717,24,1,3,0
6385,1727835,6554,13107,1.00006103515625,1.999969482421875,1.00006103515625,1.999969482421875,,,1727842,24,1,3,0
6386,1727960,6554,13107,1.00006103515625,1.999969482421875,1.00006103515625,1.999969482421875,,,1727967,24,1,3,0
6387,1728086,6554,13107,1.00006103515625,1.999969482421875,1.00006103515625,1.999969482421875,,,1728093,23,1,3,0
6388,1728211,6554,13107,1.00006103515625,1.999969482421875,1.00006103515625,1.999969482421875,,,1728218,24,1,3,0
6389,1728336,6554,13107,1.00006103515625,1.999969482421875,1.00006103515625,1.999969482421875,,,1728344,24,1,3,0
6390,1728461,6554,13107,1.00006103515625,1.999969482421875,1.00006103515625,1.999969482421875,,,1728468,24,1,3,0
6391,1728587,6554,13107,1.00006103515625,1.999969482421875,1.00006103515625,1.999969482421875,,,1728594,23,1,3,0
6392,1728712,6554,13107,1.00006103515625,1.999969482421875,1.00006103515625,1.999969482421875,,,1728719,24,1,3,0
6393,1728837,6554,13107,1.00006103515625,1.999969482421875,1.00006103515625,1.999969482421875,,,1728844,24,1,3,0
6394,1728962,6554,13107,1.00006103515625,1.999969482421875,1.00006103515625,1.999969482421875,,,1728969,24,1,3,0
6395,1729088,6554,13107,1.00006103515625,1.999969482421875,1.00006103515625,1.999969482421875,,,1729095,23,1,3,0
6396,1729213,6554,13107,1.00006103515625,1.999969482421875,1.00006103515625,1.999969482421875,,,1729220,24,1,3,0
6397,1729338,6554,13107,1.00006103515625,1.999969482421875,1.00006103515625,1.999969482421875,,,1729346,24,1,3,0
6398,1729463,6554,13107,1.00006103515625,1.999969482421875,1.00006103515625,1.999969482421875,,,1729470,24,1,3,0
6399,1729589,6554,13107,1.00006103515625,1.999969482421875,1.00006103515625,1.999969482421875,,,1729596,23,1,3,0
6400,1729714,6554,13107,1.00006103515625,1.999969482421875,1.00006103515625,1.999969482421875,,,1729721,24,1,3,0
6401,1729839,6554,13107,1.00006103515625,1.999969482421875,1.00006103515625,1.999969482421875,,,1729846,24,1,3,0
6402,1729964,6554,13107,1.00006103515625,1.999969482421875,1.00006103515625,1.999969482421875,,,1729971,24,1,3,0
6403,1730090,6554,13107,1.00006103515625,1.999969482421875,1.00006103515625,1.999969482421875,,,1730097,23,1,3,0
6404,1730215,6554,13107,1.00006103515625,1.999969482421875,1.00006103515625,1.999969482421875,,,1730222,24,1,3,0
6405,1730340,6554,13107,1.00006103515625,1.999969482421875,1.00006103515625,1.999969482421875,,,1730347,24,1,3,0
6406,1730465,6554,13107,1.00006103515625,1.999969482421875,1.00006103515625,1.999969482421875,,,1730472,24,1,3,0
6407,1730591,6554,13107,1.00006103515625,1.999969482421875,1.00006103515625,1.999969482421875,,,1730598,23,1,3,0
6408,1730716,6554,13107,1.00006103515625,1.999969482421875,1.00006103515625,1.999969482421875,,,1730723,24,1,3,0
6409,1730841,6554,13107,1.00006103515625,1.999969482421875,1.00006103515625,1.999969482421875,,,1730848,24,1,3,0
6410,1730966,6554,13107,1.00006103515625,1.999969482421875,1.00006103515625,1.999969482421875,,,1730973,24,1,3,0
6411,1731092,6554,13107,1.00006103515625,1.999969482421875,1.00006103515625,1.999969482421875,,,1731099,23,1,3,0
6412,1731217,6554,13107,1.00006103515625,1.999969482421875,1.00006103515625,1.999969482421875,,,1731224,24,1,3,0
6413,1731342,6554,13107,1.00006103515625,1.999969482421875,1.00006103515625,1.999969482421875,,,1731349,24,1,3,0
6414,1731467,6554,13107,1.00006103515625,1.999969482421875,1.00006103515625,1.999969482421875,,,1731474,24,1,3,0
6415,1731593,6554,13107,1.00006103515625,1.999969482421875,1.00006103515625,1.999969482421875,,,1731600,23,1,3,0
6416,1731718,6554,13107,1.00006103515625,1.999969482421875,1.00006103515625,1.999969482421875,,,1731725,24,1,3,0
6417,1731843,6554,13107,1.00006103515625,1.999969482421875,1.00006103515625,1.999969482421875,,,1731850,24,1,3,0
6418,1731968,6554,13107,1.00006103515625,1.999969482421875,1.00006103515625,1.999969482421875,,,1731975,24,1,3,0
6419,1732094,6554,13107,1.00006103515625,1.999969482421875,1.00006103515625,1.999969482421875,,,1732101,23,1,3,0
6420,1732219,6554,13107,1.00006103515625,1.999969482421875,1.00006103515625,1.999969482421875,,,1732226,24,1,3,0
6421,1732344,6554,13107,1.00006103515625,1.999969482421875,1.00006103515625,1.999969482421875,,,1732351,24,1,3,0
6422,1732469,6554,13107,1.00006103515625,1.999969482421875,1.00006103515625,1.999969482421875,,,1732476,24,1,3,0
6423,1732595,6554,13107,1.00006103515625,1.999969482421875,1.00006103515625,1.999969482421875,,,1732602,23,1,3,0
6424,1732720,6554,13107,1.00006103515625,1.999969482421875,1.00006103515625,1.999969482421875,,,1732727,24,1,3,0
6425,1732845,6554,13107,1.00006103515625,1.999969482421875,1.00006103515625,1.999969482421875,,,1732852,24,1,3,0
6426,1732970,6554,13107,1.00006103515625,1.999969482421875,1.00006103515625,1.999969482421875,,,1732977,24,1,3,0
6427,1733096,6554,13107,1.00006103515625,1.999969482421875,1.00006103515625,1.999969482421875,,,1733103,23,1,3,0
6428,1733221,6554,13107,1.00006103515625,1.999969482421875,1.00006103515625,1.999969482421875,,,1733228,24,1,3,0
6429,1733346,6554,13107,1.00006103515625,1.999969482421875,1.00006103515625,1.999969482421875,,,1733353,24,1,3,0
6430,1733471,6554,13107,1.00006103515625,1.999969482421875,1.00006103515625,1.999969482421875,,,1733478,24,1,3,0
6431,1733597,6554,13107,1.00006103515625,1.999969482421875,1.00006103515625,1.999969482421875,,,1733604,23,1,3,0
6432,1733722,6554,13107,1.00006103515625,1.999969482421875,1.00006103515625,1.999969482421875,,,1733729,24,1,3,0
6433,1733847,6554,13107,1.00006103515625,1.999969482421875,1.00006103515625,1.999969482421875,,,1733854,24,1,3,0
6434,1733972,6554,13107,1.00006103515625,1.999969482421875,1.00006103515625,1.999969482421875,,,1733979,24,1,3,0
6435,1734098,6554,13107,1.00006103515625,1.999969482421875,1.00006103515625,1.999969482421875,,,1734105,23,1,3,0
6436,1734223,6554,13107,1.00006103515625,1.999969482421875,1.00006103515625,1.999969482421875,,,1734230,24,1,3,0
6437,1734348,6554,13107,1.00006103515625,1.999969482421875,1.00006103515625,1.999969482421875,,,1734355,24,1,3,0
6438,1734473,6554,13107,1.00006103515625,1.999969482421875,1.00006103515625,1.999969482421875,,,1734480,24,1,3,0
6439,1734599,6554,13107,1.00006103515625,1.999969482421875,1.00006103515625,1.999969482421875,,,1734606,23,1,3,0
6440,1734724,6554,13107,1.00006103515625,1.999969482421875,1.00006103515625,1.999969482421875,,,1734731,24,1,3,0
6441,1734849,6554,13107,1.00006103515625,1.999969482421875,1.00006103515625,1.999969482421875,,,1734856,24,1,3,0
6442,1734974,6554,13107,1.00006103515625,1.999969482421875,1.00006103515625,1.999969482421875,,,1734981,24,1,3,0
6443,1735100,6554,13107,1.00006103515625,1.999969482421875,1.00006103515625,1.999969482421875,,,1735107,23,1,3,0
6444,1735225,6554,13107,1.00006103515625,1.999969482421875,1.00006103515625,1.999969482421875,,,1735232,24,1,3,0
6445,1735350,6554,13107,1.00006103515625,1.999969482421875,1.00006103515625,1.999969482421875,,,1735357,24,1,3,0
6446,1735475,6554,13107,1.00006103515625,1.999969482421875,1.00006103515625,1.999969482421875,,,1735482,24,1,3,0
6447,1735601,6554,13107,1.00006103515625,1.999969482421875,1.00006103515625,1.999969482421875,,,1735608,23,1,3,0
6448,1735726,6554,13107,1.00006103515625,1.999969482421875,1.00006103515625,1.999969482421875,,,1735733,24,1,3,0
6449,1735851,6554,13107,1.00006103515625,1.999969482421875,1.00006103515625,1.999969482421875,,,1735858,24,1,3,0
6450,1735976,6554,13107,1.00006103515625,1.999969482421875,1.00006103515625,1.999969482421875,,,1735983,24,1,3,0
6451,1736102,6554,13107,1.00006103515625,1.999969482421875,1.00006103515625,1.999969482421875,,,1736109,23,1,3,0
6452,1736227,6554,13107,1.00006103515625,1.999969482421875,1.00006103515625,1.999969482421875,,,1736234,24,1,3,0
6453,1736352,6554,13107,1.00006103515625,1.999969482421875,1.00006103515625,1.999969482421875,,,1736359,24,1,3,0
6454,1736477,6554,13107,1.00006103515625,1.999969482421875,1.00006103515625,1.999969482421875,,,1736484,24,1,3,0
6455,1736603,6554,13107,1.00006103515625,1.999969482421875,1.00006103515625,1.999969482421875,,,1736610,23,1,3,0
6456,1736728,6554,13107,1.00006103515625,1.999969482421875,1.00006103515625,1.999969482421875,,,1736735,24,1,3,0
6457,1736853,6554,13107,1.00006103515625,1.999969482421875,1.00006103515625,1.999969482421875,,,1736860,24,1,3,0
6458,1736978,6554,13107,1.00006103515625,1.999969482421875,1.00006103515625,1.999969482421875,,,1736985,24,1,3,0
6459,1737104,6554,13107,1.00006103515625,1.999969482421875,1.00006103515625,1.999969482421875,,,1737111,23,1,3,0
6460,1737229,6554,13107,1.00006103515625,1.999969482421875,1.00006103515625,1.999969482421875,,,1737236,24,1,3,0
6461,1737354,6554,13107,1.00006103515625,1.999969482421875,1.00006103515625,1.999969482421875,,,1737361,24,1,3,0
6462,1737479,6554,13107,1.00006103515625,1.999969482421875,1.00006103515625,1.999969482421875,,,1737486,24,1,3,0
6463,1737605,6554,13107,1.00006103515625,1.999969482421875,1.00006103515625,1.999969482421875,,,1737612,23,1,3,0
6464,1737730,6554,13107,1.00006103515625,1.999969482421875,1.00006103515625,1.999969482421875,,,1737737,24,1,3,0
6465,1737855,6554,13107,1.00006103515625,1.999969482421875,1.00006103515625,1.999969482421875,,,1737862,24,1,3,0
6466,1737980,6554,13107,1.00006103515625,1.999969482421875,1.00006103515625,1.999969482421875,,,1737987,24,1,3,0
6467,1738106,6554,13107,1.00006103515625,1.999969482421875,1.00006103515625,1.999969482421875,,,1738113,23,1,3,0
6468,1738231,6554,13107,1.00006103515625,1.999969482421875,1.00006103515625,1.999969482421875,,,1738238,24,1,3,0
6469,1738356,6554,13107,1.00006103515625,1.999969482421875,1.00006103515625,1.999969482421875,,,1738363,24,1,3,0
6470,1738481,6554,13107,1.00006103515625,1.999969482421875,1.00006103515625,1.999969482421875,,,1738490,23,1,3,0
6471,1738607,6554,13107,1.00006103515625,1.999969482421875,1.00006103515625,1.999969482421875,,,1738614,23,1,3,0
6472,1738732,6554,13107,1.00006103515625,1.999969482421875,1.00006103515625,1.999969482421875,,,1738739,24,1,3,0
6473,1738857,6554,13107,1.00006103515625,1.999969482421875,1.00006103515625,1.999969482421875,,,1738864,24,1,3,0
6474,1738982,6554,13107,1.00006103515625,1.999969482421875,1.00006103515625,1.999969482421875,,,1738989,24,1,3,0
6475,1739108,6554,13107,1.00006103515625,1.999969482421875,1.00006103515625,1.999969482421875,,,1739115,23,1,3,0
6476,1739233,6554,13107,1.00006103515625,1.999969482421875,1.00006103515625,1.999969482421875,,,1739240,24,1,3,0
6477,1739358,6554,13107,1.00006103515625,1.999969482421875,1.00006103515625,1.999969482421875,,,1739365,24,1,3,0
6478,1739483,6554,13107,1.00006103515625,1.999969482421875,1.00006103515625,1.999969482421875,,,1739490,24,1,3,0
6479,1739609,6554,13107,1.00006103515625,1.999969482421875,1.00006103515625,1.999969482421875,,,1739616,26,1,3,0
6480,1739734,6554,13107,1.00006103515625,1.999969482421875,1.00006103515625,1.999969482421875,,,1739741,24,1,3,0
6481,1739859,6554,13107,1.00006103515625,1.999969482421875,1.00006103515625,1.999969482421875,,,1739866,24,1,3,0
6482,1739984,6554,13107,1.00006103515625,1.999969482421875,1.00006103515625,1.999969482421875,,,1739991,24,1,3,0
6483,1740110,6554,13107,1.00006103515625,1.999969482421875,1.00006103515625,1.999969482421875,,,1740117,23,1,3,0
6484,1740235,6554,13107,1.00006103515625,1.999969482421875,1.00006103515625,1.999969482421875,,,1740242,24,1,3,0
6485,1740360,6554,13107,1.00006103515625,1.999969482421875,1.00006103515625,1.999969482421875,,,1740367,24,1,3,0
6486,1740485,6554,13107,1.00006103515625,1.999969482421875,1.00006103515625,1.999969482421875,,,1740492,24,1,3,0
6487,1740611,6554,13107,1.00006103515625,1.999969482421875,1.00006103515625,1.999969482421875,,,1740618,26,1,3,0
6488,1740736,6554,13107,1.00006103515625,1.999969482421875,1.00006103515625,1.999969482421875,,,1740743,24,1,3,0
6489,1740861,6554,13107,1.00006103515625,1.999969482421875,1.00006103515625,1.999969482421875,,,1740868,24,1,3,0
6490,1740986,6554,13107,1.00006103515625,1.999969482421875,1.00006103515625,1.999969482421875,,,1740993,24,1,3,0
6491,1741112,6554,13107,1.00006103515625,1.999969482421875,1.00006103515625,1.999969482421875,,,1741119,23,1,3,0
6492,1741237,6554,13107,1.00006103515625,1.999969482421875,1.00006103515625,1.999969482421875,,,1741244,24,1,3,0
6493,1741362,6554,13107,1.00006103515625,1.999969482421875,1.00006103515625,1.999969482421875,,,1741369,24,1,3,0
6494,1741487,6554,13107,1.00006103515625,1.999969482421875,1.00006103515625,1.999969482421875,,,1741494,24,1,3,0
6495,1741613,6554,13107,1.00006103515625,1.999969482421875,1.00006103515625,1.999969482421875,,,1741620,24,1,3,0
6496,1741738,6554,13107,1.00006103515625,1.999969482421875,1.00006103515625,1.999969482421875,,,1741745,24,1,3,0
6497,1741863,6554,13107,1.00006103515625,1.999969482421875,1.00006103515625,1.999969482421875,,,1741870,24,1,3,0
6498,1741988,6554,13107,1.00006103515625,1.999969482421875,1.00006103515625,1.999969482421875,,,1741995,24,1,3,0
6499,1742114,6554,13107,1.00006103515625,1.999969482421875,1.00006103515625,1.999969482421875,,,1742121,23,1,3,0
6500,1742239,6554,13107,1.00006103515625,1.999969482421875,1.00006103515625,1.999969482421875,,,1742246,24,1,3,0
6501,1742364,6554,13107,1.00006103515625,1.999969482421875,1.00006103515625,1.999969482421875,,,1742371,24,1,3,0
6502,1742489,6554,13107,1.00006103515625,1.999969482421875,1.00006103515625,1.999969482421875,,,1742496,24,1,3,0
6503,1742615,6554,13107,1.00006103515625,1.999969482421875,1.00006103515625,1.999969482421875,,,1742622,23,1,3,0
6504,1742740,6554,13107,1.00006103515625,1.999969482421875,1.00006103515625,1.999969482421875,,,1742747,24,1,3,0
6505,1742865,6554,13107,1.00006103515625,1.999969482421875,1.00006103515625,1.999969482421875,,,1742872,24,1,3,0
6506,1742990,6554,13107,1.00006103515625,1.999969482421875,1.00006103515625,1.999969482421875,,,1742997,24,1,3,0
6507,1743116,6554,13107,1.00006103515625,1.999969482421875,1.00006103515625,1.999969482421875,,,1743123,23,1,3,0
6508,1743241,6554,13107,1.00006103515625,1.999969482421875,1.00006103515625,1.999969482421875,,,1743248,24,1,3,0
6509,1743366,6554,13107,1.00006103515625,1.999969482421875,1.00006103515625,1.999969482421875,,,1743373,24,1,3,0
6510,1743491,6554,13107,1.00006103515625,1.999969482421875,1.00006103515625,1.999969482421875,,,1743498,24,1,3,0
6511,1743617,6554,13107,1.00006103515625,1.999969482421875,1.00006103515625,1.999969482421875,,,1743624,23,1,3,0
6512,1743742,6554,13107,1.00006103515625,1.999969482421875,1.00006103515625,1.999969482421875,,,1743749,24,1,3,0
6513,1743867,6554,13107,1.00006103515625,1.999969482421875,1.00006103515625,1.999969482421875,,,1743874,24,1,3,0
6514,1743992,6554,13107,1.00006103515625,1.999969482421875,1.00006103515625,1.999969482421875,,,1743999,24,1,3,0
6515,1744118,6554,13107,1.00006103515625,1.999969482421875,1.00006103515625,1.999969482421875,,,1744125,23,1,3,0
6516,1744243,6554,13107,1.00006103515625,1.999969482421875,1.00006103515625,1.999969482421875,,,1744250,24,1,3,0
6517,1744368,6554,13107,1.00006103515625,1.999969482421875,1.00006103515625,1.999969482421875,,,1744375,24,1,3,0
6518,1744493,6554,13107,1.00006103515625,1.999969482421875,1.00006103515625,1.999969482421875,,,1744501,24,1,3,0
6519,1744619,6554,13107,1.00006103515625,1.999969482421875,1.00006103515625,1.999969482421875,,,1744626,23,1,3,0
6520,1744744,6554,13107,1.00006103515625,1.999969482421875,1.00006103515625,1.999969482421875,,,1744751,24,1,3,0
6521,1744869,6554,13107,1.00006103515625,1.999969482421875,1.00006103515625,1.999969482421875,,,1744876,24,1,3,0
6522,1744994,6554,13107,1.00006103515625,1.999969482421875,1.00006103515625,1.999969482421875,,,1745002,23,1,3,0
6523,1745120,6554,13107,1.00006103515625,1.999969482421875,1.00006103515625,1.999969482421875,,,1745127,23,1,3,0
6524,1745245,6554,13107,1.00006103515625,1.999969482421875,1.00006103515625,1.999969482421875,,,1745252,24,1,3,0
6525,1745370,6554,13107,1.00006103515625,1.999969482421875,1.00006103515625,1.999969482421875,,,1745377,24,1,3,0
6526,1745495,6554,13107,1.00006103515625,1.999969482421875,1.00006103515625,1.999969482421875,,,1745502,24,1,3,0
6527,1745621,6554,13107,1.00006103515625,1.999969482421875,1.00006103515625,1.999969482421875,,,1745628,23,1,3,0
6528,1745746,6554,13107,1.00006103515625,1.999969482421875,1.00006103515625,1.999969482421875,,,1745753,24,1,3,0
6529,1745871,6554,13107,1.00006103515625,1.999969482421875,1.00006103515625,1.999969482421875,,,1745880,23,1,3,0
6530,1745996,6554,13107,1.00006103515625,1.999969482421875,1.00006103515625,1.999969482421875,,,1746003,24,1,3,0
6531,1746122,6554,13107,1.00006103515625,1.999969482421875,1.00006103515625,1.999969482421875,,,1746129,23,1,3,0
6532,1746247,6554,13107,1.00006103515625,1.999969482421875,1.00006103515625,1.999969482421875,,,1746254,24,1,3,0
6533,1746372,6554,13107,1.00006103515625,1.999969482421875,1.00006103515625,1.999969482421875,,,1746379,24,1,3,0
6534,1746497,6554,13107,1.00006103515625,1.999969482421875,1.00006103515625,1.999969482421875,,,1746504,24,1,3,0
6535,1746623,6554,13107,1.00006103515625,1.999969482421875,1.00006103515625,1.999969482421875,,,1746630,23,1,3,0
6536,1746748,6554,13107,1.00006103515625,1.999969482421875,1.00006103515625,1.999969482421875,,,1746755,24,1,3,0
6537,1746873,6554,13107,1.00006103515625,1.999969482421875,1.00006103515625,1.999969482421875,,,1746880,24,1,3,0
6538,1746998,6554,13107,1.00006103515625,1.999969482421875,1.00006103515625,1.999969482421875,,,1747005,24,1,3,0
6539,1747124,6554,13107,1.00006103515625,1.999969482421875,1.00006103515625,1.999969482421875,,,1747131,23,1,3,0
6540,1747249,6554,13107,1.00006103515625,1.999969482421875,1.00006103515625,1.999969482421875,,,1747256,24,1,3,0
6541,1747374,6554,13107,1.00006103515625,1.999969482421875,1.00006103515625,1.999969482421875,,,1747381,24,1,3,0
6542,1747499,6554,13107,1.00006103515625,1.999969482421875,1.00006103515625,1.999969482421875,,,1747508,24,1,3,0
6543,1747625,6554,13107,1.00006103515625,1.999969482421875,1.00006103515625,1.999969482421875,,,1747632,23,1,3,0
6544,1747750,6554,13107,1.00006103515625,1.999969482421875,1.00006103515625,1.999969482421875,,,1747757,24,1,3,0
6545,1747875,6554,13107,1.00006103515625,1.999969482421875,1.00006103515625,1.999969482421875,,,1747882,24,1,3,0
6546,1748000,6554,13107,1.00006103515625,1.999969482421875,1.00006103515625,1.999969482421875,,,1748007,24,1,3,0
6547,1748126,6554,13107,1.00006103515625,1.999969482421875,1.00006103515625,1.999969482421875,,,1748133,23,1,3,0
6548,1748251,6554,13107,1.00006103515625,1.999969482421875,1.00006103515625,1.999969482421875,,,1748258,24,1,3,0
6549,1748376,6554,13107,1.00006103515625,1.999969482421875,1.00006103515625,1.999969482421875,,,1748383,24,1,3,0
6550,1748501,6554,13107,1.00006103515625,1.999969482421875,1.00006103515625,1.999969482421875,,,1748508,24,1,3,0
6551,1748627,6554,13107,1.00006103515625,1.999969482421875,1.00006103515625,1.999969482421875,,,1748634,23,1,3,0
6552,1748752,6554,13107,1.00006103515625,1.999969482421875,1.00006103515625,1.999969482421875,,,1748759,24,1,3,0
6553,1748877,6554,13107,1.00006103515625,1.999969482421875,1.00006103515625,1.999969482421875,,,1748884,24,1,3,0
6554,1749002,6554,13107,1.00006103515625,1.999969482421875,1.00006103515625,1.999969482421875,,,1749009,24,1,3,0
6555,1749128,6554,13107,1.00006103515625,1.999969482421875,1.00006103515625,1.999969482421875,,,1749135,23,1,3,0
6556,1749253,6554,13107,1.00006103515625,1.999969482421875,1.00006103515625,1.999969482421875,,,1749260,24,1,3,0
6557,1749378,6554,13107,1.00006103515625,1.999969482421875,1.00006103515625,1.999969482421875,,,1749385,24,1,3,0
6558,1749503,6554,13107,1.00006103515625,1.999969482421875,1.00006103515625,1.999969482421875,,,1749510,24,1,3,0
6559,1749629,6554,13107,1.00006103515625,1.999969482421875,1.00006103515625,1.999969482421875,,,1749636,26,1,3,0
6560,1749754,6554,13107,1.00006103515625,1.999969482421875,1.00006103515625,1.999969482421875,,,1749761,24,1,3,0
6561,1749879,6554,13107,1.00006103515625,1.999969482421875,1.00006103515625,1.999969482421875,,,1749886,24,1,3,0
6562,1750004,6554,13107,1.00006103515625,1.999969482421875,1.00006103515625,1.999969482421875,,,1750011,24,1,3,0
6563,1750130,6554,13107,1.00006103515625,1.999969482421875,1.00006103515625,1.999969482421875,,,1750137,23,1,3,0
6564,1750255,6554,13107,1.00006103515625,1.999969482421875,1.00006103515625,1.999969482421875,,,1750262,24,1,3,0
6565,1750380,6554,13107,1.00006103515625,1.999969482421875,1.00006103515625,1.999969482421875,,,1750387,24,1,3,0
6566,1750505,6554,13107,1.00006103515625,1.999969482421875,1.00006103515625,1.999969482421875,,,1750512,24,1,3,0
6567,1750631,6554,13107,1.00006103515625,1.999969482421875,1.00006103515625,1.999969482421875,,,1750638,26,1,3,0
6568,1750756,6554,13107,1.00006103515625,1.999969482421875,1.00006103515625,1.999969482421875,,,1750763,24,1,3,0
6569,1750881,6554,13107,1.00006103515625,1.999969482421875,1.00006103515625,1.999969482421875,,,1750888,24,1,3,0
6570,1751006,6554,13107,1.00006103515625,1.999969482421875,1.00006103515625,1.999969482421875,,,1751013,24,1,3,0
6571,1751132,6554,13107,1.00006103515625,1.999969482421875,1.00006103515625,1.999969482421875,,,1751139,23,1,3,0
6572,1751257,6554,13107,1.00006103515625,1.999969482421875,1.00006103515625,1.999969482421875,,,1751264,24,1,3,0
6573,1751382,6554,13107,1.00006103515625,1.999969482421875,1.00006103515625,1.999969482421875,,,1751389,24,1,3,0
6574,1751507,6554,13107,1.00006103515625,1.999969482421875,1.00006103515625,1.999969482421875,,,1751516,23,1,3,0
6575,1751633,6554,13107,1.00006103515625,1.999969482421875,1.00006103515625,1.999969482421875,,,1751642,24,1,3,0
6576,1751758,6554,13107,1.00006103515625,1.999969482421875,1.00006103515625,1.999969482421875,,,1751765,24,1,3,0
6577,1751883,6554,13107,1.00006103515625,1.999969482421875,1.00006103515625,1.999969482421875,,,1751890,24,1,3,0
6578,1752008,6554,13107,1.00006103515625,1.999969482421875,1.00006103515625,1.999969482421875,,,1752015,24,1,3,0
6579,1752134,6554,13107,1.00006103515625,1.999969482421875,1.00006103515625,1.999969482421875,,,1752141,23,1,3,0
6580,1752259,6554,13107,1.00006103515625,1.999969482421875,1.00006103515625,1.999969482421875,,,1752266,24,1,3,0
6581,1752384,6554,13107,1.00006103515625,1.999969482421875,1.00006103515625,1.999969482421875,,,1752391,24,1,3,0
6582,1752509,6554,13107,1.00006103515625,1.999969482421875,1.00006103515625,1.999969482421875,,,1752516,24,1,3,0
6583,1752635,6554,13107,1.00006103515625,1.999969482421875,1.00006103515625,1.999969482421875,,,1752644,24,1,3,0
6584,1752760,6554,13107,1.00006103515625,1.999969482421875,1.00006103515625,1.999969482421875,,,1752767,24,1,3,0
6585,1752885,6554,13107,1.00006103515625,1.999969482421875,1.00006103515625,1.999969482421875,,,1752892,24,1,3,0
6586,1753010,6554,13107,1.00006103515625,1.999969482421875,1.00006103515625,1.999969482421875,,,1753017,24,1,3,0
6587,1753136,6554,13107,1.00006103515625,1.999969482421875,1.00006103515625,1.999969482421875,,,1753145,23,1,3,0
6588,1753261,6554,13107,1.00006103515625,1.999969482421875,1.00006103515625,1.999969482421875,,,1753268,24,1,3,0
6589,1753386,6554,13107,1.00006103515625,1.999969482421875,1.00006103515625,1.999969482421875,,,1753395,24,1,3,0
6590,1753511,6554,13107,1.00006103515625,1.999969482421875,1.00006103515625,1.999969482421875,,,1753519,23,1,3,0
6591,1753637,6554,13107,1.00006103515625,1.999969482421875,1.00006103515625,1.999969482421875,,,1753645,24,1,3,0
6592,1753762,6554,13107,1.00006103515625,1.999969482421875,1.00006103515625,1.999969482421875,,,1753769,24,1,3,0
6593,1753887,6554,13107,1.00006103515625,1.999969482421875,1.00006103515625,1.999969482421875,,,1753894,24,1,3,0
6594,1754012,6554,13107,1.00006103515625,1.999969482421875,1.00006103515625,1.999969482421875,,,1754019,24,1,3,0
6595,1754138,6554,13107,1.00006103515625,1.999969482421875,1.00006103515625,1.999969482421875,,,1754146,24,1,3,0
6596,1754263,6554,13107,1.00006103515625,1.999969482421875,1.00006103515625,1.999969482421875,,,1754270,24,1,3,0
6597,1754388,6554,13107,1.00006103515625,1.999969482421875,1.00006103515625,1.999969482421875,,,1754397,23,1,3,0
6598,1754513,6554,13107,1.00006103515625,1.999969482421875,1.00006103515625,1.999969482421875,,,1754522,24,1,3,0
6599,1754639,6554,13107,1.00006103515625,1.999969482421875,1.00006103515625,1.999969482421875,,,1754647,24,1,3,0
6600,1754764,6554,13107,1.00006103515625,1.999969482421875,1.00006103515625,1.999969482421875,,,1754771,24,1,3,0
6601,1754889,6554,13107,1.00006103515625,1.999969482421875,1.00006103515625,1.999969482421875,,,1754896,24,1,3,0
6602,1755014,6554,13107,1.00006103515625,1.999969482421875,1.00006103515625,1.999969482421875,,,1755021,24,1,3,0
6603,1755140,6554,13107,1.00006103515625,1.999969482421875,1.00006103515625,1.999969482421875,,,1755147,24,1,3,0
6604,1755265,6554,13107,1.00006103515625,1.999969482421875,1.00006103515625,1.999969482421875,,,1755272,24,1,3,0
6605,1755390,6554,13107,1.00006103515625,1.999969482421875,1.00006103515625,1.999969482421875,,,1755397,24,1,3,0
6606,1755515,6554,13107,1.00006103515625,1.999969482421875,1.00006103515625,1.999969482421875,,,1755522,24,1,3,0
6607,1755641,6554,13107,1.00006103515625,1.999969482421875,1.00006103515625,1.999969482421875,,,1755649,24,1,3,0
6608,1755766,6554,13107,1.00006103515625,1.999969482421875,1.00006103515625,1.999969482421875,,,1755773,24,1,3,0
6609,1755891,6554,13107,1.00006103515625,1.999969482421875,1.00006103515625,1.999969482421875,,,1755898,24,1,3,0
6610,1756016,6554,13107,1.00006103515625,1.999969482421875,1.00006103515625,1.999969482421875,,,1756023,24,1,3,0
6611,1756142,6554,13107,1.00006103515625,1.999969482421875,1.00006103515625,1.999969482421875,,,1756149,23,1,3,0
6612,1756267,6554,13107,1.00006103515625,1.999969482421875,1.00006103515625,1.999969482421875,,,1756274,24,1,3,0
6613,1756392,6554,13107,1.00006103515625,1.999969482421875,1.00006103515625,1.999969482421875,,,1756399,24,1,3,0
6614,1756517,6554,13107,1.00006103515625,1.999969482421875,1.00006103515625,1.999969482421875,,,1756524,24,1,3,0
6615,1756643,6554,13107,1.00006103515625,1.999969482421875,1.00006103515625,1.999969482421875,,,1756650,23,1,3,0
6616,1756768,6554,13107,1.00006103515625,1.999969482421875,1.00006103515625,1.999969482421875,,,1756775,23,1,3,0
6617,1756893,6554,13107,1.00006103515625,1.999969482421875,1.00006103515625,1.999969482421875,,,1756900,24,1,3,0
6618,1757018,6554,13107,1.00006103515625,1.999969482421875,1.00006103515625,1.999969482421875,,,1757025,24,1,3,0
6619,1757144,6554,13107,1.00006103515625,1.999969482421875,1.00006103515625,1.999969482421875,,,1757151,23,1,3,0
6620,1757269,6554,13107,1.00006103515625,1.999969482421875,1.00006103515625,1.999969482421875,,,1757276,23,1,3,0
6621,1757394,6554,13107,1.00006103515625,1.999969482421875,1.00006103515625,1.999969482421875,,,1757401,24,1,3,0
6622,1757519,6554,13107,1.00006103515625,1.999969482421875,1.00006103515625,1.999969482421875,,,1757526,24,1,3,0
6623,1757645,6554,13107,1.00006103515625,1.999969482421875,1.00006103515625,1.999969482421875,,,1757652,23,1,3,0
6624,1757770,6554,13107,1.00006103515625,1.999969482421875,1.00006103515625,1.999969482421875,,,1757777,24,1,3,0
6625,1757895,6554,13107,1.00006103515625,1.999969482421875,1.00006103515625,1.999969482421875,,,1757902,24,1,3,0
6626,1758021,6554,13107,1.00006103515625,1.999969482421875,1.00006103515625,1.999969482421875,,,1758028,23,1,3,0
6627,1758146,6554,13107,1.00006103515625,1.999969482421875,1.00006103515625,1.999969482421875,,,1758153,24,1,3,0
6628,1758271,6554,13107,1.00006103515625,1.999969482421875,1.00006103515625,1.999969482421875,,,1758278,24,1,3,0
6629,1758396,6554,13107,1.00006103515625,1.999969482421875,1.00006103515625,1.999969482421875,,,1758403,24,1,3,0
6630,1758522,6554,13107,1.00006103515625,1.999969482421875,1.00006103515625,1.999969482421875,,,1758529,23,1,3,0
6631,1758647,6554,13107,1.00006103515625,1.999969482421875,1.00006103515625,1.999969482421875,,,1758654,24,1,3,0
6632,1758772,6554,13107,1.00006103515625,1.999969482421875,1.00006103515625,1.999969482421875,,,1758779,24,1,3,0
6633,1758897,6554,13107,1.00006103515625,1.999969482421875,1.00006103515625,1.999969482421875,,,1758904,24,1,3,0
6634,1759023,6554,13107,1.00006103515625,1.999969482421875,1.00006103515625,1.999969482421875,,,1759030,23,1,3,0
6635,1759148,6554,13107,1.00006103515625,1.999969482421875,1.00006103515625,1.999969482421875,,,1759155,24,1,3,0
6636,1759273,6554,13107,1.00006103515625,1.999969482421875,1.00006103515625,1.999969482421875,,,1759280,24,1,3,0
6637,1759398,6554,13107,1.00006103515625,1.999969482421875,1.00006103515625,1.999969482421875,,,1759405,24,1,3,0
6638,1759524,6554,13107,1.00006103515625,1.999969482421875,1.00006103515625,1.999969482421875,,,1759531,23,1,3,0
6639,1759649,6554,13107,1.00006103515625,1.999969482421875,1.00006103515625,1.999969482421875,,,1759656,24,1,3,0
6640,1759774,6554,13107,1.00006103515625,1.999969482421875,1.00006103515625,1.999969482421875,,,1759781,24,1,3,0
6641,1759899,6554,13107,1.00006103515625,1.999969482421875,1.00006103515625,1.999969482421875,,,1759906,24,1,3,0
6642,1760025,6554,13107,1.00006103515625,1.999969482421875,1.00006103515625,1.999969482421875,,,1760032,23,1,3,0
6643,1760150,6554,13107,1.00006103515625,1.999969482421875,1.00006103515625,1.999969482421875,,,1760157,24,1,3,0
6644,1760275,6554,13107,1.00006103515625,1.999969482421875,1.00006103515625,1.999969482421875,,,1760282,24,1,3,0
6645,1760400,6554,13107,1.00006103515625,1.999969482421875,1.00006103515625,1.999969482421875,,,1760407,24,1,3,0
6646,1760526,6554,13107,1.00006103515625,1.999969482421875,1.00006103515625,1.999969482421875,,,1760533,23,1,3,0
6647,1760651,6554,13107,1.00006103515625,1.999969482421875,1.00006103515625,1.999969482421875,,,1760658,24,1,3,0
6648,1760776,6554,13107,1.00006103515625,1.999969482421875,1.00006103515625,1.999969482421875,,,1760783,24,1,3,0
6649,1760901,6554,13107,1.00006103515625,1.999969482421875,1.00006103515625,1.999969482421875,,,1760908,24,1,3,0
6650,1761027,6554,13107,1.00006103515625,1.999969482421875,1.00006103515625,1.999969482421875,,,1761034,23,1,3,0
6651,1761152,6554,13107,1.00006103515625,1.999969482421875,1.00006103515625,1.999969482421875,,,1761159,24,1,3,0
6652,1761277,6554,13107,1.00006103515625,1.999969482421875,1.00006103515625,1.999969482421875,,,1761284,24,1,3,0
6653,1761402,6554,13107,1.00006103515625,1.999969482421875,1.00006103515625,1.999969482421875,,,1761409,24,1,3,0
6654,1761528,6554,13107,1.00006103515625,1.999969482421875,1.00006103515625,1.999969482421875,,,1761535,23,1,3,0
6655,1761653,6554,13107,1.00006103515625,1.999969482421875,1.00006103515625,1.999969482421875,,,1761660,24,1,3,0
6656,1761778,6554,13107,1.00006103515625,1.999969482421875,1.00006103515625,1.999969482421875,,,1761785,24,1,3,0
6657,1761903,6554,13107,1.00006103515625,1.999969482421875,1.00006103515625,1.999969482421875,,,1761910,24,1,3,0
6658,1762029,6554,13107,1.00006103515625,1.999969482421875,1.00006103515625,1.999969482421875,,,1762036,23,1,3,0
6659,1762154,6554,13107,1.00006103515625,1.999969482421875,1.00006103515625,1.999969482421875,,,1762161,24,1,3,0
6660,1762279,6554,13107,1.00006103515625,1.999969482421875,1.00006103515625,1.999969482421875,,,1762286,24,1,3,0
6661,1762404,6554,13107,1.00006103515625,1.999969482421875,1.00006103515625,1.999969482421875,,,1762411,24,1,3,0
6662,1762532,6554,13107,1.00006103515625,1.999969482421875,1.00006103515625,1.999969482421875,,,1762539,24,1,3,0
6663,1762655,6554,13107,1.00006103515625,1.999969482421875,1.00006103515625,1.999969482421875,,,1762662,24,1,3,0
6664,1762780,6554,13107,1.00006103515625,1.999969482421875,1.00006103515625,1.999969482421875,,,1762787,24,1,3,0
6665,1762905,6554,13107,1.00006103515625,1.999969482421875,1.00006103515625,1.999969482421875,,,1762912,24,1,3,0
6666,1763031,6554,13107,1.00006103515625,1.999969482421875,1.00006103515625,1.999969482421875,,,1763038,23,1,3,0
6667,1763156,6554,13107,1.00006103515625,1.999969482421875,1.00006103515625,1.999969482421875,,,1763163,24,1,3,0
6668,1763281,6554,13107,1.00006103515625,1.999969482421875,1.00006103515625,1.999969482421875,,,1763288,24,1,3,0
6669,1763406,6554,13107,1.00006103515625,1.999969482421875,1.00006103515625,1.999969482421875,,,1763413,24,1,3,0
6670,1763532,6554,13107,1.00006103515625,1.999969482421875,1.00006103515625,1.999969482421875,,,1763539,23,1,3,0
6671,1763657,6554,13107,1.00006103515625,1.999969482421875,1.00006103515625,1.999969482421875,,,1763664,24,1,3,0
6672,1763782,6554,13107,1.00006103515625,1.999969482421875,1.00006103515625,1.999969482421875,,,1763789,24,1,3,0
6673,1763907,6554,13107,1.00006103515625,1.999969482421875,1.00006103515625,1.999969482421875,,,1763914,24,1,3,0
6674,1764033,6554,13107,1.00006103515625,1.999969482421875,1.00006103515625,1.999969482421875,,,1764040,23,1,3,0
6675,1764158,6554,13107,1.00006103515625,1.999969482421875,1.00006103515625,1.999969482421875,,,1764165,24,1,3,0
6676,1764283,6554,13107,1.00006103515625,1.999969482421875,1.00006103515625,1.999969482421875,,,1764290,24,1,3,0
6677,1764408,6554,13107,1.00006103515625,1.999969482421875,1.00006103515625,1.999969482421875,,,1764415,24,1,3,0
6678,1764534,6554,13107,1.00006103515625,1.999969482421875,1.00006103515625,1.999969482421875,,,1764541,23,1,3,0
6679,1764659,6554,13107,1.00006103515625,1.999969482421875,1.00006103515625,1.999969482421875,,,1764666,24,1,3,0
6680,1764784,6554,13107,1.00006103515625,1.999969482421875,1.00006103515625,1.999969482421875,,,1764791,24,1,3,0
6681,1764909,6554,13107,1.00006103515625,1.999969482421875,1.00006103515625,1.999969482421875,,,1764916,24,1,3,0
6682,1765035,6554,13107,1.00006103515625,1.999969482421875,1.00006103515625,1.999969482421875,,,1765042,23,1,3,0
6683,1765160,6554,13107,1.00006103515625,1.999969482421875,1.00006103515625,1.999969482421875,,,1765167,24,1,3,0
6684,1765285,6554,13107,1.00006103515625,1.999969482421875,1.00006103515625,1.999969482421875,,,1765292,24,1,3,0
6685,1765410,6554,13107,1.00006103515625,1.999969482421875,1.00006103515625,1.999969482421875,,,1765417,24,1,3,0
6686,1765536,6554,13107,1.00006103515625,1.999969482421875,1.00006103515625,1.999969482421875,,,1765543,23,1,3,0
6687,1765661,6554,13107,1.00006103515625,1.999969482421875,1.00006103515625,1.999969482421875,,,1765668,24,1,3,0
6688,1765786,6554,13107,1.00006103515625,1.999969482421875,1.00006103515625,1.999969482421875,,,1765793,24,1,3,0
6689,1765911,6554,13107,1.00006103515625,1.999969482421875,1.00006103515625,1.999969482421875,,,1765919,24,1,3,0
6690,1766037,6554,13107,1.00006103515625,1.999969482421875,1.00006103515625,1.999969482421875,,,1766044,23,1,3,0
6691,1766162,6554,13107,1.00006103515625,1.999969482421875,1.00006103515625,1.999969482421875,,,1766169,24,1,3,0
6692,1766287,6554,13107,1.00006103515625,1.999969482421875,1.00006103515625,1.999969482421875,,,1766294,24,1,3,0
6693,1766412,6554,13107,1.00006103515625,1.999969482421875,1.00006103515625,1.999969482421875,,,1766419,24,1,3,0
6694,1766538,6554,13107,1.00006103515625,1.999969482421875,1.00006103515625,1.999969482421875,,,1766545,24,1,3,0
6695,1766663,6554,13107,1.00006103515625,1.999969482421875,1.00006103515625,1.999969482421875,,,1766670,24,1,3,0
6696,1766788,6554,13107,1.00006103515625,1.999969482421875,1.00006103515625,1.999969482421875,,,1766795,24,1,3,0
6697,1766913,6554,13107,1.00006103515625,1.999969482421875,1.00006103515625,1.999969482421875,,,1766920,24,1,3,0
6698,1767039,6554,13107,1.00006103515625,1.999969482421875,1.00006103515625,1.999969482421875,,,1767046,23,1,3,0
6699,1767164,6554,13107,1.00006103515625,1.999969482421875,1.00006103515625,1.999969482421875,,,1767171,24,1,3,0
6700,1767289,6554,13107,1.00006103515625,1.999969482421875,1.00006103515625,1.999969482421875,,,1767296,24,1,3,0
6701,1767414,6554,13107,1.00006103515625,1.999969482421875,1.00006103515625,1.999969482421875,,,1767421,24,1,3,0
6702,1767540,6554,13107,1.00006103515625,1.999969482421875,1.00006103515625,1.999969482421875,,,1767547,23,1,3,0
6703,1767665,6554,13107,1.00006103515625,1.999969482421875,1.00006103515625,1.999969482421875,,,1767672,24,1,3,0
6704,1767790,6554,13107,1.00006103515625,1.999969482421875,1.00006103515625,1.999969482421875,,,1767797,24,1,3,0
6705,1767915,6554,13107,1.00006103515625,1.999969482421875,1.00006103515625,1.999969482421875,,,1767922,24,1,3,0
6706,1768041,6554,13107,1.00006103515625,1.999969482421875,1.00006103515625,1.999969482421875,,,1768048,23,1,3,0
6707,1768166,6554,13107,1.00006103515625,1.999969482421875,1.00006103515625,1.999969482421875,,,1768173,24,1,3,0
6708,1768291,6554,13107,1.00006103515625,1.999969482421875,1.00006103515625,1.999969482421875,,,1768298,24,1,3,0
6709,1768416,6554,13107,1.00006103515625,1.999969482421875,1.00006103515625,1.999969482421875,,,1768423,24,1,3,0
6710,1768542,6554,13107,1.00006103515625,1.999969482421875,1.00006103515625,1.999969482421875,,,1768549,24,1,3,0
6711,1768667,6554,13107,1.00006103515625,1.999969482421875,1.00006103515625,1.999969482421875,,,1768674,24,1,3,0
6712,1768792,6554,13107,1.00006103515625,1.999969482421875,1.00006103515625,1.999969482421875,,,1768799,24,1,3,0
6713,1768917,6554,13107,1.00006103515625,1.999969482421875,1.00006103515625,1.999969482421875,,,1768924,24,1,3,0
6714,1769043,6554,13107,1.00006103515625,1.999969482421875,1.00006103515625,1.999969482421875,,,1769050,23,1,3,0
6715,1769168,6554,13107,1.00006103515625,1.999969482421875,1.00006103515625,1.999969482421875,,,1769175,24,1,3,0
6716,1769293,6554,13107,1.00006103515625,1.999969482421875,1.00006103515625,1.999969482421875,,,1769300,24,1,3,0
6717,1769418,6554,13107,1.00006103515625,1.999969482421875,1.00006103515625,1.999969482421875,,,1769425,24,1,3,0
6718,1769544,6554,13107,1.00006103515625,1.999969482421875,1.00006103515625,1.999969482421875,,,1769551,24,1,3,0
6719,1769669,6554,13107,1.00006103515625,1.999969482421875,1.00006103515625,1.999969482421875,,,1769676,24,1,3,0
6720,1769794,6554,13107,1.00006103515625,1.999969482421875,1.00006103515625,1.999969482421875,,,1769801,24,1,3,0
6721,1769919,6554,13107,1.00006103515625,1.999969482421875,1.00006103515625,1.999969482421875,,,1769926,24,1,3,0
6722,1770045,6554,13107,1.00006103515625,1.999969482421875,1.00006103515625,1.999969482421875,,,1770052,23,1,3,0
6723,1770170,6554,13107,1.00006103515625,1.999969482421875,1.00006103515625,1.999969482421875,,,1770177,24,1,3,0
6724,1770295,6554,13107,1.00006103515625,1.999969482421875,1.00006103515625,1.999969482421875,,,1770302,24,1,3,0
6725,1770420,6554,13107,1.00006103515625,1.999969482421875,1.00006103515625,1.999969482421875,,,1770427,24,1,3,0
6726,1770546,6554,13107,1.00006103515625,1.999969482421875,1.00006103515625,1.999969482421875,,,1770553,23,1,3,0
6727,1770671,6554,13107,1.00006103515625,1.999969482421875,1.00006103515625,1.999969482421875,,,1770678,24,1,3,0
6728,1770796,6554,13107,1.00006103515625,1.999969482421875,1.00006103515625,1.999969482421875,,,1770803,24,1,3,0
6729,1770921,6554,13107,1.00006103515625,1.999969482421875,1.00006103515625,1.999969482421875,,,1770928,24,1,3,0
6730,1771047,6554,13107,1.00006103515625,1.999969482421875,1.00006103515625,1.999969482421875,,,1771054,23,1,3,0
6731,1771172,6554,13107,1.00006103515625,1.999969482421875,1.00006103515625,1.999969482421875,,,1771179,24,1,3,0
6732,1771297,6554,13107,1.00006103515625,1.999969482421875,1.00006103515625,1.999969482421875,,,1771304,24,1,3,0
6733,1771422,6554,13107,1.00006103515625,1.999969482421875,1.00006103515625,1.999969482421875,,,1771429,24,1,3,0
6734,1771548,6554,13107,1.00006103515625,1.999969482421875,1.00006103515625,1.999969482421875,,,1771555,23,1,3,0
6735,1771673,6554,13107,1.00006103515625,1.999969482421875,1.00006103515625,1.999969482421875,,,1771680,24,1,3,0
6736,1771798,6554,13107,1.00006103515625,1.999969482421875,1.00006103515625,1.999969482421875,,,1771805,24,1,3,0
6737,1771923,6554,13107,1.00006103515625,1.999969482421875,1.00006103515625,1.999969482421875,,,1771930,24,1,3,0
6738,1772049,6554,13107,1.00006103515625,1.999969482421875,1.00006103515625,1.999969482421875,,,1772056,23,1,3,0
6739,1772174,6554,13107,1.00006103515625,1.999969482421875,1.00006103515625,1.999969482421875,,,1772181,24,1,3,0
6740,1772299,6554,13107,1.00006103515625,1.999969482421875,1.00006103515625,1.999969482421875,,,1772306,24,1,3,0
6741,1772424,6554,13107,1.00006103515625,1.999969482421875,1.00006103515625,1.999969482421875,,,1772431,24,1,3,0
6742,1772550,6554,13107,1.00006103515625,1.999969482421875,1.00006103515625,1.999969482421875,,,1772559,23,1,3,0
6743,1772675,6554,13107,1.00006103515625,1.999969482421875,1.00006103515625,1.999969482421875,,,1772682,24,1,3,0
6744,1772800,6554,13107,1.00006103515625,1.999969482421875,1.00006103515625,1.999969482421875,,,1772807,24,1,3,0
6745,1772925,6554,13107,1.00006103515625,1.999969482421875,1.00006103515625,1.999969482421875,,,1772932,24,1,3,0
6746,1773051,6554,13107,1.00006103515625,1.999969482421875,1.00006103515625,1.999969482421875,,,1773058,23,1,3,0
6747,1773176,6554,13107,1.00006103515625,1.999969482421875,1.00006103515625,1.999969482421875,,,1773183,24,1,3,0
6748,1773301,6554,13107,1.00006103515625,1.999969482421875,1.00006103515625,1.999969482421875,,,1773308,24,1,3,0
6749,1773426,6554,13107,1.00006103515625,1.999969482421875,1.00006103515625,1.999969482421875,,,1773433,24,1,3,0
6750,1773552,6554,13107,1.00006103515625,1.999969482421875,1.00006103515625,1.999969482421875,,,1773559,23,1,3,0
6751,1773677,6554,13107,1.00006103515625,1.999969482421875,1.00006103515625,1.999969482421875,,,1773684,24,1,3,0
6752,1773802,6554,13107,1.00006103515625,1.999969482421875,1.00006103515625,1.999969482421875,,,1773809,24,1,3,0
6753,1773927,6554,13107,1.00006103515625,1.999969482421875,1.00006103515625,1.999969482421875,,,1773934,24,1,3,0
6754,1774053,6554,13107,1.00006103515625,1.999969482421875,1.00006103515625,1.999969482421875,,,1774060,23,1,3,0
6755,1774178,6554,13107,1.00006103515625,1.999969482421875,1.00006103515625,1.999969482421875,,,1774185,24,1,3,0
6756,1774303,6554,13107,1.00006103515625,1.999969482421875,1.00006103515625,1.999969482421875,,,1774310,24,1,3,0
6757,1774429,6554,13107,1.00006103515625,1.999969482421875,1.00006103515625,1.999969482421875,,,1774435,24,1,3,0
6758,1774554,6554,13107,1.00006103515625,1.999969482421875,1.00006103515625,1.999969482421875,,,1774561,23,1,3,0
6759,1774679,6554,13107,1.00006103515625,1.999969482421875,1.00006103515625,1.999969482421875,,,1774686,24,1,3,0
6760,1774804,6554,13107,1.00006103515625,1.999969482421875,1.00006103515625,1.999969482421875,,,1774811,24,1,3,0
6761,1774930,6554,13107,1.00006103515625,1.999969482421875,1.00006103515625,1.999969482421875,,,1774936,24,1,3,0
6762,1775055,6554,13107,1.00006103515625,1.999969482421875,1.00006103515625,1.999969482421875,,,1775062,23,1,3,0
6763,1775180,6554,13107,1.00006103515625,1.999969482421875,1.00006103515625,1.999969482421875,,,1775187,24,1,3,0
6764,1775305,6554,13107,1.00006103515625,1.999969482421875,1.00006103515625,1.999969482421875,,,1775312,24,1,3,0
6765,1775431,6554,13107,1.00006103515625,1.999969482421875,1.00006103515625,1.999969482421875,,,1775438,23,1,3,0
6766,1775556,6554,13107,1.00006103515625,1.999969482421875,1.00006103515625,1.999969482421875,,,1775563,23,1,3,0
6767,1775681,6554,13107,1.00006103515625,1.999969482421875,1.00006103515625,1.999969482421875,,,1775688,24,1,3,0
6768,1775806,6554,13107,1.00006103515625,1.999969482421875,1.00006103515625,1.999969482421875,,,1775813,24,1,3,0
6769,1775932,6554,13107,1.00006103515625,1.999969482421875,1.00006103515625,1.999969482421875,,,1775939,23,1,3,0
6770,1776057,6554,13107,1.00006103515625,1.999969482421875,1.00006103515625,1.999969482421875,,,1776064,23,1,3,0
6771,1776182,6554,13107,1.00006103515625,1.999969482421875,1.00006103515625,1.999969482421875,,,1776189,24,1,3,0
6772,1776307,6554,13107,1.00006103515625,1.999969482421875,1.00006103515625,1.999969482421875,,,1776314,24,1,3,0
6773,1776433,6554,13107,1.00006103515625,1.999969482421875,1.00006103515625,1.999969482421875,,,1776440,23,1,3,0
6774,1776558,6554,13107,1.00006103515625,1.999969482421875,1.00006103515625,1.999969482421875,,,1776566,24,1,3,0
6775,1776683,6554,13107,1.00006103515625,1.999969482421875,1.00006103515625,1.999969482421875,,,1776690,24,1,3,0
6776,1776808,6554,13107,1.00006103515625,1.999969482421875,1.00006103515625,1.999969482421875,,,1776815,24,1,3,0
6777,1776934,6554,13107,1.00006103515625,1.999969482421875,1.00006103515625,1.999969482421875,,,1776941,23,1,3,0
6778,1777059,6554,13107,1.00006103515625,1.999969482421875,1.00006103515625,1.999969482421875,,,1777066,23,1,3,0
6779,1777184,6554,13107,1.00006103515625,1.999969482421875,1.00006103515625,1.999969482421875,,,1777191,24,1,3,0
6780,1777309,6554,13107,1.00006103515625,1.999969482421875,1.00006103515625,1.999969482421875,,,1777316,24,1,3,0
6781,1777435,6554,13107,1.00006103515625,1.999969482421875,1.00006103515625,1.999969482421875,,,1777442,23,1,3,0
6782,1777560,6554,13107,1.00006103515625,1.999969482421875,1.00006103515625,1.999969482421875,,,1777567,23,1,3,0
6783,1777685,6554,13107,1.00006103515625,1.999969482421875,1.00006103515625,1.999969482421875,,,1777692,24,1,3,0
6784,1777810,6554,13107,1.00006103515625,1.999969482421875,1.00006103515625,1.999969482421875,,,1777817,24,1,3,0
6785,1777936,6554,13107,1.00006103515625,1.999969482421875,1.00006103515625,1.999969482421875,,,1777943,23,1,3,0
6786,1778061,6554,13107,1.00006103515625,1.999969482421875,1.00006103515625,1.999969482421875,,,1778068,23,1,3,0
6787,1778186,6554,13107,1.00006103515625,1.999969482421875,1.00006103515625,1.999969482421875,,,1778193,24,1,3,0
6788,1778311,6554,13107,1.00006103515625,1.999969482421875,1.00006103515625,1.999969482421875,,,1778318,24,1,3,0
6789,1778437,6554,13107,1.00006103515625,1.999969482421875,1.00006103515625,1.999969482421875,,,1778444,23,1,3,0
6790,1778562,6554,13107,1.00006103515625,1.999969482421875,1.00006103515625,1.999969482421875,,,1778569,23,1,3,0
6791,1778687,6554,13107,1.00006103515625,1.999969482421875,1.00006103515625,1.999969482421875,,,1778694,24,1,3,0
6792,1778812,6554,13107,1.00006103515625,1.999969482421875,1.00006103515625,1.999969482421875,,,1778819,24,1,3,0
6793,1778938,6554,13107,1.00006103515625,1.999969482421875,1.00006103515625,1.999969482421875,,,1778945,23,1,3,0
6794,1779063,6554,13107,1.00006103515625,1.999969482421875,1.00006103515625,1.999969482421875,,,1779070,23,1,3,0
6795,1779188,6554,13107,1.00006103515625,1.999969482421875,1.00006103515625,1.999969482421875,,,1779195,24,1,3,0
6796,1779313,6554,13107,1.00006103515625,1.999969482421875,1.00006103515625,1.999969482421875,,,1779320,24,1,3,0
6797,1779439,6554,13107,1.00006103515625,1.999969482421875,1.00006103515625,1.999969482421875,,,1779446,23,1,3,0
6798,1779564,6554,13107,1.00006103515625,1.999969482421875,1.00006103515625,1.999969482421875,,,1779571,23,1,3,0
6799,1779689,6554,13107,1.00006103515625,1.999969482421875,1.00006103515625,1.999969482421875,,,1779696,24,1,3,0
6800,1779814,6554,13107,1.00006103515625,1.999969482421875,1.00006103515625,1.999969482421875,,,1779821,24,1,3,0
6801,1779940,6554,13107,1.00006103515625,1.999969482421875,1.00006103515625,1.999969482421875,,,1779947,23,1,3,0
6802,1780065,6554,13107,1.00006103515625,1.999969482421875,1.00006103515625,1.999969482421875,,,1780072,23,1,3,0
6803,1780190,6554,13107,1.00006103515625,1.999969482421875,1.00006103515625,1.999969482421875,,,1780197,24,1,3,0
6804,1780315,6554,13107,1.00006103515625,1.999969482421875,1.00006103515625,1.999969482421875,,,1780322,24,1,3,0
6805,1780441,6554,13107,1.00006103515625,1.999969482421875,1.00006103515625,1.999969482421875,,,1780448,23,1,3,0
6806,1780566,6554,13107,1.00006103515625,1.999969482421875,1.00006103515625,1.999969482421875,,,1780573,23,1,3,0
6807,1780691,6554,13107,1.00006103515625,1.999969482421875,1.00006103515625,1.999969482421875,,,1780698,24,1,3,0
6808,1780816,6554,13107,1.00006103515625,1.999969482421875,1.00006103515625,1.999969482421875,,,1780823,24,1,3,0
6809,1780942,6554,13107,1.00006103515625,1.999969482421875,1.00006103515625,1.999969482421875,,,1780949,23,1,3,0
6810,1781067,6554,13107,1.00006103515625,1.999969482421875,1.00006103515625,1.999969482421875,,,1781074,23,1,3,0
6811,1781192,6554,13107,1.00006103515625,1.999969482421875,1.00006103515625,1.999969482421875,,,1781199,24,1,3,0
6812,1781317,6554,13107,1.00006103515625,1.999969482421875,1.00006103515625,1.999969482421875,,,1781324,24,1,3,0
6813,1781443,6554,13107,1.00006103515625,1.999969482421875,1.00006103515625,1.999969482421875,,,1781450,23,1,3,0
6814,1781568,6554,13107,1.00006103515625,1.999969482421875,1.00006103515625,1.999969482421875,,,1781575,23,1,3,0
6815,1781693,6554,13107,1.00006103515625,1.999969482421875,1.00006103515625,1.999969482421875,,,1781700,24,1,3,0
6816,1781818,6554,13107,1.00006103515625,1.999969482421875,1.00006103515625,1.999969482421875,,,1781825,24,1,3,0
6817,1781944,6554,13107,1.00006103515625,1.999969482421875,1.00006103515625,1.999969482421875,,,1781951,23,1,3,0
6818,1782069,6554,13107,1.00006103515625,1.999969482421875,1.00006103515625,1.999969482421875,,,1782076,23,1,3,0
6819,1782194,6554,13107,1.00006103515625,1.999969482421875,1.00006103515625,1.999969482421875,,,1782201,24,1,3,0
6820,1782319,6554,13107,1.00006103515625,1.999969482421875,1.00006103515625,1.999969482421875,,,1782326,24,1,3,0
6821,1782445,6554,13107,1.00006103515625,1.999969482421875,1.00006103515625,1.999969482421875,,,1782452,24,1,3,0
6822,1782570,6554,13107,1.00006103515625,1.999969482421875,1.00006103515625,1.999969482421875,,,1782577,23,1,3,0
6823,1782695,6554,13107,1.00006103515625,1.999969482421875,1.00006103515625,1.999969482421875,,,1782702,24,1,3,0
6824,1782820,6554,13107,1.00006103515625,1.999969482421875,1.00006103515625,1.999969482421875,,,1782827,24,1,3,0
6825,1782946,6554,13107,1.00006103515625,1.999969482421875,1.00006103515625,1.999969482421875,,,1782953,23,1,3,0
6826,1783071,6554,13107,1.00006103515625,1.999969482421875,1.00006103515625,1.999969482421875,,,1783078,23,1,3,0
6827,1783196,6554,13107,1.00006103515625,1.999969482421875,1.00006103515625,1.999969482421875,,,1783203,24,1,3,0
6828,1783321,6554,13107,1.00006103515625,1.999969482421875,1.00006103515625,1.999969482421875,,,1783328,24,1,3,0
6829,1783447,6554,13107,1.00006103515625,1.999969482421875,1.00006103515625,1.999969482421875,,,1783454,23,1,3,0
6830,1783572,6554,13107,1.00006103515625,1.999969482421875,1.00006103515625,1.999969482421875,,,1783579,23,1,3,0
6831,1783697,6554,13107,1.00006103515625,1.999969482421875,1.00006103515625,1.999969482421875,,,1783704,24,1,3,0
6832,1783822,6554,13107,1.00006103515625,1.999969482421875,1.00006103515625,1.999969482421875,,,1783829,24,1,3,0
6833,1783948,6554,13107,1.00006103515625,1.999969482421875,1.00006103515625,1.999969482421875,,,1783955,23,1,3,0
6834,1784073,6554,13107,1.00006103515625,1.999969482421875,1.00006103515625,1.999969482421875,,,1784080,23,1,3,0
6835,1784198,6554,13107,1.00006103515625,1.999969482421875,1.00006103515625,1.999969482421875,,,1784205,24,1,3,0
6836,1784323,6554,13107,1.00006103515625,1.999969482421875,1.00006103515625,1.999969482421875,,,1784330,24,1,3,0
6837,1784449,6554,13107,1.00006103515625,1.999969482421875,1.00006103515625,1.999969482421875,,,1784456,23,1,3,0
6838,1784574,6554,13107,1.00006103515625,1.999969482421875,1.00006103515625,1.999969482421875,,,1784581,23,1,3,0
6839,1784699,6554,13107,1.00006103515625,1.999969482421875,1.00006103515625,1.999969482421875,,,1784706,24,1,3,0
6840,1784824,6554,13107,1.00006103515625,1.999969482421875,1.00006103515625,1.999969482421875,,,1784831,24,1,3,0
6841,1784950,6554,13107,1.00006103515625,1.999969482421875,1.00006103515625,1.999969482421875,,,1784957,23,1,3,0
6842,1785075,6554,13107,1.00006103515625,1.999969482421875,1.00006103515625,1.999969482421875,,,1785082,23,1,3,0
6843,1785200,6554,13107,1.00006103515625,1.999969482421875,1.00006103515625,1.999969482421875,,,1785207,24,1,3,0
6844,1785325,6554,13107,1.00006103515625,1.999969482421875,1.00006103515625,1.999969482421875,,,1785332,24,1,3,0
6845,1785451,6554,13107,1.00006103515625,1.999969482421875,1.00006103515625,1.999969482421875,,,1785458,23,1,3,0
6846,1785576,6554,13107,1.00006103515625,1.999969482421875,1.00006103515625,1.999969482421875,,,1785583,23,1,3,0
6847,1785701,6554,13107,1.00006103515625,1.999969482421875,1.00006103515625,1.999969482421875,,,1785708,24,1,3,0
6848,1785826,6554,13107,1.00006103515625,1.999969482421875,1.00006103515625,1.999969482421875,,,1785833,24,1,3,0
6849,1785952,6554,13107,1.00006103515625,1.999969482421875,1.00006103515625,1.999969482421875,,,1785959,23,1,3,0
6850,1786077,6554,13107,1.00006103515625,1.999969482421875,1.00006103515625,1.999969482421875,,,1786084,23,1,3,0
6851,1786202,6554,13107,1.00006103515625,1.999969482421875,1.00006103515625,1.999969482421875,,,1786209,24,1,3,0
6852,1786327,6554,13107,1.00006103515625,1.999969482421875,1.00006103515625,1.999969482421875,,,1786334,24,1,3,0
6853,1786453,6554,13107,1.00006103515625,1.999969482421875,1.00006103515625,1.999969482421875,,,1786460,23,1,3,0
6854,1786578,6554,13107,1.00006103515625,1.999969482421875,1.00006103515625,1.999969482421875,,,1786585,23,1,3,0
6855,1786703,6554,13107,1.00006103515625,1.999969482421875,1.00006103515625,1.999969482421875,,,1786710,24,1,3,0
6856,1786828,6554,13107,1.00006103515625,1.999969482421875,1.00006103515625,1.999969482421875,,,1786835,24,1,3,0
6857,1786954,6554,13107,1.00006103515625,1.999969482421875,1.00006103515625,1.999969482421875,,,1786961,23,1,3,0
6858,1787079,6554,13107,1.00006103515625,1.999969482421875,1.00006103515625,1.999969482421875,,,1787086,23,1,3,0
6859,1787204,6554,13107,1.00006103515625,1.999969482421875,1.00006103515625,1.999969482421875,,,1787211,24,1,3,0
6860,1787329,6554,13107,1.00006103515625,1.999969482421875,1.00006103515625,1.999969482421875,,,1787336,24,1,3,0
6861,1787455,6554,13107,1.00006103515625,1.999969482421875,1.00006103515625,1.999969482421875,,,1787462,23,1,3,0
6862,1787580,6554,13107,1.00006103515625,1.999969482421875,1.00006103515625,1.999969482421875,,,1787587,23,1,3,0
6863,1787705,6554,13107,1.00006103515625,1.999969482421875,1.00006103515625,1.999969482421875,,,1787712,24,1,3,0
6864,1787830,6554,13107,1.00006103515625,1.999969482421875,1.00006103515625,1.999969482421875,,,1787837,24,1,3,0
6865,1787956,6554,13107,1.00006103515625,1.999969482421875,1.00006103515625,1.999969482421875,,,1787963,23,1,3,0
6866,1788081,6554,13107,1.00006103515625,1.999969482421875,1.00006103515625,1.999969482421875,,,1788088,23,1,3,0
6867,1788206,6554,13107,1.00006103515625,1.999969482421875,1.00006103515625,1.999969482421875,,,1788213,24,1,3,0
6868,1788331,6554,13107,1.00006103515625,1.999969482421875,1.00006103515625,1.999969482421875,,,1788338,24,1,3,0
6869,1788457,6554,13107,1.00006103515625,1.999969482421875,1.00006103515625,1.999969482421875,,,1788464,23,1,3,0
6870,1788582,6554,13107,1.00006103515625,1.999969482421875,1.00006103515625,1.999969482421875,,,1788589,23,1,3,0
6871,1788707,6554,13107,1.00006103515625,1.999969482421875,1.00006103515625,1.999969482421875,,,1788714,24,1,3,0
6872,1788832,6554,13107,1.00006103515625,1.999969482421875,1.00006103515625,1.999969482421875,,,1788839,24,1,3,0
6873,1788958,6554,13107,1.00006103515625,1.999969482421875,1.00006103515625,1.999969482421875,,,1788965,23,1,3,0
6874,1789083,6554,13107,1.00006103515625,1.999969482421875,1.00006103515625,1.999969482421875,,,1789090,23,1,3,0
6875,1789208,6554,13107,1.00006103515625,1.999969482421875,1.00006103515625,1.999969482421875,,,1789215,24,1,3,0
6876,1789333,6554,13107,1.00006103515625,1.999969482421875,1.00006103515625,1.999969482421875,,,1789340,24,1,3,0
6877,1789459,6554,13107,1.00006103515625,1.999969482421875,1.00006103515625,1.999969482421875,,,1789466,23,1,3,0
6878,1789584,6554,13107,1.00006103515625,1.999969482421875,1.00006103515625,1.999969482421875,,,1789591,23,1,3,0
6879,1789709,6554,13107,1.00006103515625,1.999969482421875,1.00006103515625,1.999969482421875,,,1789716,24,1,3,0
6880,1789834,6554,13107,1.00006103515625,1.999969482421875,1.00006103515625,1.999969482421875,,,1789841,24,1,3,0
6881,1789960,6554,13107,1.00006103515625,1.999969482421875,1.00006103515625,1.999969482421875,,,1789967,23,1,3,0
6882,1790085,6554,13107,1.00006103515625,1.999969482421875,1.00006103515625,1.999969482421875,,,1790092,23,1,3,0
6883,1790210,6554,13107,1.00006103515625,1.999969482421875,1.00006103515625,1.999969482421875,,,1790217,24,1,3,0
6884,1790335,6554,13107,1.00006103515625,1.999969482421875,1.00006103515625,1.999969482421875,,,1790342,24,1,3,0
6885,1790461,6554,13107,1.00006103515625,1.999969482421875,1.00006103515625,1.999969482421875,,,1790468,23,1,3,0
6886,1790586,6554,13107,1.00006103515625,1.999969482421875,1.00006103515625,1.999969482421875,,,1790593,23,1,3,0
6887,1790711,6554,13107,1.00006103515625,1.999969482421875,1.00006103515625,1.999969482421875,,,1790718,24,1,3,0
6888,1790836,6554,13107,1.00006103515625,1.999969482421875,1.00006103515625,1.999969482421875,,,1790843,24,1,3,0
6889,1790962,6554,13107,1.00006103515625,1.999969482421875,1.00006103515625,1.999969482421875,,,1790969,23,1,3,0
6890,1791087,6554,13107,1.00006103515625,1.999969482421875,1.00006103515625,1.999969482421875,,,1791094,23,1,3,0
6891,1791212,6554,13107,1.00006103515625,1.999969482421875,1.00006103515625,1.999969482421875,,,1791219,24,1,3,0
6892,1791337,6554,13107,1.00006103515625,1.999969482421875,1.00006103515625,1.999969482421875,,,1791345,24,1,3,0
6893,1791463,6554,13107,1.00006103515625,1.999969482421875,1.00006103515625,1.999969482421875,,,1791470,23,1,3,0
6894,1791588,6554,13107,1.00006103515625,1.999969482421875,1.00006103515625,1.999969482421875,,,1791595,23,1,3,0
6895,1791713,6554,13107,1.00006103515625,1.999969482421875,1.00006103515625,1.999969482421875,,,1791720,24,1,3,0
6896,1791838,6554,13107,1.00006103515625,1.999969482421875,1.00006103515625,1.999969482421875,,,1791845,24,1,3,0
6897,1791964,6554,13107,1.00006103515625,1.999969482421875,1.00006103515625,1.999969482421875,,,1791971,23,1,3,0
6898,1792089,6554,13107,1.00006103515625,1.999969482421875,1.00006103515625,1.999969482421875,,,1792096,23,1,3,0
6899,1792214,6554,13107,1.00006103515625,1.999969482421875,1.00006103515625,1.999969482421875,,,1792221,24,1,3,0
6900,1792339,6554,13107,1.00006103515625,1.999969482421875,1.00006103515625,1.999969482421875,,,1792346,24,1,3,0
6901,1792465,6554,13107,1.00006103515625,1.999969482421875,1.00006103515625,1.999969482421875,,,1792472,23,1,3,0
6902,1792590,6554,13107,1.00006103515625,1.999969482421875,1.00006103515625,1.999969482421875,,,1792597,23,1,3,0
6903,1792715,6554,13107,1.00006103515625,1.999969482421875,1.00006103515625,1.999969482421875,,,1792722,24,1,3,0
6904,1792840,6554,13107,1.00006103515625,1.999969482421875,1.00006103515625,1.999969482421875,,,1792847,24,1,3,0
6905,1792966,6554,13107,1.00006103515625,1.999969482421875,1.00006103515625,1.999969482421875,,,1792973,23,1,3,0
6906,1793091,6554,13107,1.00006103515625,1.999969482421875,1.00006103515625,1.999969482421875,,,1793098,23,1,3,0
6907,1793216,6554,13107,1.00006103515625,1.999969482421875,1.00006103515625,1.999969482421875,,,1793223,24,1,3,0
6908,1793341,6554,13107,1.00006103515625,1.999969482421875,1.00006103515625,1.999969482421875,,,1793348,24,1,3,0
6909,1793467,6554,13107,1.00006103515625,1.999969482421875,1.00006103515625,1.999969482421875,,,1793474,23,1,3,0
6910,1793592,6554,13107,1.00006103515625,1.999969482421875,1.00006103515625,1.999969482421875,,,1793599,23,1,3,0
6911,1793717,6554,13107,1.00006103515625,1.999969482421875,1.00006103515625,1.999969482421875,,,1793724,24,1,3,0
6912,1793842,6554,13107,1.00006103515625,1.999969482421875,1.00006103515625,1.999969482421875,,,1793849,24,1,3,0
6913,1793968,6554,13107,1.00006103515625,1.999969482421875,1.00006103515625,1.999969482421875,,,1793975,23,1,3,0
6914,1794093,6554,13107,1.00006103515625,1.999969482421875,1.00006103515625,1.999969482421875,,,1794100,23,1,3,0
6915,1794218,6554,13107,1.00006103515625,1.999969482421875,1.00006103515625,1.999969482421875,,,1794225,24,1,3,0
6916,1794343,6554,13107,1.00006103515625,1.999969482421875,1.00006103515625,1.999969482421875,,,1794350,24,1,3,0
6917,1794469,6554,13107,1.00006103515625,1.999969482421875,1.00006103515625,1.999969482421875,,,1794476,23,1,3,0
6918,1794594,6554,13107,1.00006103515625,1.999969482421875,1.00006103515625,1.999969482421875,,,1794601,23,1,3,0
6919,1794719,6554,13107,1.00006103515625,1.999969482421875,1.00006103515625,1.999969482421875,,,1794726,24,1,3,0
6920,1794844,6554,13107,1.00006103515625,1.999969482421875,1.00006103515625,1.999969482421875,,,1794851,24,1,3,0
6921,1794970,6554,13107,1.00006103515625,1.999969482421875,1.00006103515625,1.999969482421875,,,1794977,23,1,3,0
6922,1795095,6554,13107,1.00006103515625,1.999969482421875,1.00006103515625,1.999969482421875,,,1795102,23,1,3,0
6923,1795220,6554,13107,1.00006103515625,1.999969482421875,1.00006103515625,1.999969482421875,,,1795227,24,1,3,0
6924,1795345,6554,13107,1.00006103515625,1.999969482421875,1.00006103515625,1.999969482421875,,,1795352,24,1,3,0
6925,1795471,6554,13107,1.00006103515625,1.999969482421875,1.00006103515625,1.999969482421875,,,1795478,23,1,3,0
6926,1795596,6554,13107,1.00006103515625,1.999969482421875,1.00006103515625,1.999969482421875,,,1795603,23,1,3,0
6927,1795721,6554,13107,1.00006103515625,1.999969482421875,1.00006103515625,1.999969482421875,,,1795728,24,1,3,0
6928,1795846,6554,13107,1.00006103515625,1.999969482421875,1.00006103515625,1.999969482421875,,,1795853,24,1,3,0
6929,1795972,6554,13107,1.00006103515625,1.999969482421875,1.00006103515625,1.999969482421875,,,1795979,23,1,3,0
6930,1796097,6554,13107,1.00006103515625,1.999969482421875,1.00006103515625,1.999969482421875,,,1796104,23,1,3,0
6931,1796222,6554,13107,1.00006103515625,1.999969482421875,1.00006103515625,1.999969482421875,,,1796229,24,1,3,0
6932,1796347,6554,13107,1.00006103515625,1.999969482421875,1.00006103515625,1.999969482421875,,,1796354,24,1,3,0
6933,1796473,6554,13107,1.00006103515625,1.999969482421875,1.00006103515625,1.999969482421875,,,1796480,23,1,3,0
6934,1796598,6554,13107,1.00006103515625,1.999969482421875,1.00006103515625,1.999969482421875,,,1796605,23,1,3,0
6935,1796723,6554,13107,1.00006103515625,1.999969482421875,1.00006103515625,1.999969482421875,,,1796730,24,1,3,0
6936,1796848,6554,13107,1.00006103515625,1.999969482421875,1.00006103515625,1.999969482421875,,,1796855,24,1,3,0
6937,1796974,6554,13107,1.00006103515625,1.999969482421875,1.00006103515625,1.999969482421875,,,1796981,23,1,3,0
6938,1797099,6554,13107,1.00006103515625,1.999969482421875,1.00006103515625,1.999969482421875,,,1797106,23,1,3,0
6939,1797224,6554,13107,1.00006103515625,1.999969482421875,1.00006103515625,1.999969482421875,,,1797231,24,1,3,0
6940,1797349,6554,13107,1.00006103515625,1.999969482421875,1.00006103515625,1.999969482421875,,,1797356,24,1,3,0
6941,1797475,6554,13107,1.00006103515625,1.999969482421875,1.00006103515625,1.999969482421875,,,1797482,23,1,3,0
6942,1797600,6554,13107,1.00006103515625,1.999969482421875,1.00006103515625,1.999969482421875,,,1797607,23,1,3,0
6943,1797725,6554,13107,1.00006103515625,1.999969482421875,1.00006103515625,1.999969482421875,,,1797732,24,1,3,0
6944,1797850,6554,13107,1.00006103515625,1.999969482421875,1.00006103515625,1.999969482421875,,,1797857,24,1,3,0
6945,1797976,6554,13107,1.00006103515625,1.999969482421875,1.00006103515625,1.999969482421875,,,1797983,23,1,3,0
6946,1798101,6554,13107,1.00006103515625,1.999969482421875,1.00006103515625,1.999969482421875,,,1798108,23,1,3,0
6947,1798226,6554,13107,1.00006103515625,1.999969482421875,1.00006103515625,1.999969482421875,,,1798233,24,1,3,0
6948,1798351,6554,13107,1.00006103515625,1.999969482421875,1.00006103515625,1.999969482421875,,,1798358,24,1,3,0
6949,1798477,6554,13107,1.00006103515625,1.999969482421875,1.00006103515625,1.999969482421875,,,1798484,23,1,3,0
6950,1798602,6554,13107,1.00006103515625,1.999969482421875,1.00006103515625,1.999969482421875,,,1798609,23,1,3,0
6951,1798727,6554,13107,1.00006103515625,1.999969482421875,1.00006103515625,1.999969482421875,,,1798734,24,1,3,0
6952,1798852,6554,13107,1.00006103515625,1.999969482421875,1.00006103515625,1.999969482421875,,,1798859,24,1,3,0
6953,1798978,6554,13107,1.00006103515625,1.999969482421875,1.00006103515625,1.999969482421875,,,1798985,23,1,3,0
6954,1799103,6554,13107,1.00006103515625,1.999969482421875,1.00006103515625,1.999969482421875,,,1799110,23,1,3,0
6955,1799228,6554,13107,1.00006103515625,1.999969482421875,1.00006103515625,1.999969482421875,,,1799235,24,1,3,0
6956,1799353,6554,13107,1.00006103515625,1.999969482421875,1.00006103515625,1.999969482421875,,,1799360,24,1,3,0
6957,1799479,6554,13107,1.00006103515625,1.999969482421875,1.00006103515625,1.999969482421875,,,1799486,24,1,3,0
6958,1799604,6554,13107,1.00006103515625,1.999969482421875,1.00006103515625,1.999969482421875,,,1799611,23,1,3,0
6959,1799729,6554,13107,1.00006103515625,1.999969482421875,1.00006103515625,1.999969482421875,,,1799736,24,1,3,0
6960,1799854,6554,13107,1.00006103515625,1.999969482421875,1.00006103515625,1.999969482421875,,,1799861,24,1,3,0
6961,1799980,6554,13107,1.00006103515625,1.999969482421875,1.00006103515625,1.999969482421875,,,1799987,23,1,3,0
6962,1800105,6554,13107,1.00006103515625,1.999969482421875,1.00006103515625,1.999969482421875,,,1800112,23,1,3,0
6963,1800230,6554,13107,1.00006103515625,1.999969482421875,1.00006103515625,1.999969482421875,,,1800237,24,1,3,0
6964,1800355,6554,13107,1.00006103515625,1.999969482421875,1.00006103515625,1.999969482421875,,,1800362,24,1,3,0
6965,1800481,6554,13107,1.00006103515625,1.999969482421875,1.00006103515625,1.999969482421875,,,1800488,23,1,3,0
6966,1800606,6554,13107,1.00006103515625,1.999969482421875,1.00006103515625,1.999969482421875,,,1800613,23,1,3,0
6967,1800731,6554,13107,1.00006103515625,1.999969482421875,1.00006103515625,1.999969482421875,,,1800738,24,1,3,0
6968,1800856,6554,13107,1.00006103515625,1.999969482421875,1.00006103515625,1.999969482421875,,,1800864,23,1,3,0
6969,1800982,6554,13107,1.00006103515625,1.999969482421875,1.00006103515625,1.999969482421875,,,1800989,23,1,3,0
6970,1801107,6554,13107,1.00006103515625,1.999969482421875,1.00006103515625,1.999969482421875,,,1801114,23,1,3,0
6971,1801232,6554,13107,1.00006103515625,1.999969482421875,1.00006103515625,1.999969482421875,,,1801239,24,1,3,0
6972,1801357,6554,13107,1.00006103515625,1.999969482421875,1.00006103515625,1.999969482421875,,,1801364,24,1,3,0
6973,1801483,6554,13107,1.00006103515625,1.999969482421875,1.00006103515625,1.999969482421875,,,1801490,23,1,3,0
6974,1801608,6554,13107,1.00006103515625,1.999969482421875,1.00006103515625,1.999969482421875,,,1801615,23,1,3,0
6975,1801733,6554,13107,1.00006103515625,1.999969482421875,1.00006103515625,1.999969482421875,,,1801740,24,1,3,0
6976,1801858,6554,13107,1.00006103515625,1.999969482421875,1.00006103515625,1.999969482421875,,,1801865,24,1,3,0
6977,1801984,6554,13107,1.00006103515625,1.999969482421875,1.00006103515625,1.999969482421875,,,1801991,23,1,3,0
6978,1802109,6554,13107,1.00006103515625,1.999969482421875,1.00006103515625,1.999969482421875,,,1802116,23,1,3,0
6979,1802234,6554,13107,1.00006103515625,1.999969482421875,1.00006103515625,1.999969482421875,,,1802241,24,1,3,0
6980,1802359,6554,13107,1.00006103515625,1.999969482421875,1.00006103515625,1.999969482421875,,,1802366,24,1,3,0
6981,1802485,6554,13107,1.00006103515625,1.999969482421875,1.00006103515625,1.999969482421875,,,1802492,23,1,3,0
6982,1802610,6554,13107,1.00006103515625,1.999969482421875,1.00006103515625,1.999969482421875,,,1802617,26,1,3,0
6983,1802735,6554,13107,1.00006103515625,1.999969482421875,1.00006103515625,1.999969482421875,,,1802742,24,1,3,0
6984,1802860,6554,13107,1.00006103515625,1.999969482421875,1.00006103515625,1.999969482421875,,,1802867,24,1,3,0
6985,1802986,6554,13107,1.00006103515625,1.999969482421875,1.00006103515625,1.999969482421875,,,1802993,23,1,3,0
6986,1803111,6554,13107,1.00006103515625,1.999969482421875,1.00006103515625,1.999969482421875,,,1803118,23,1,3,0
6987,1803236,6554,13107,1.00006103515625,1.999969482421875,1.00006103515625,1.999969482421875,,,1803243,24,1,3,0
6988,1803361,6554,13107,1.00006103515625,1.999969482421875,1.00006103515625,1.999969482421875,,,1803368,24,1,3,0
6989,1803487,6554,13107,1.00006103515625,1.999969482421875,1.00006103515625,1.999969482421875,,,1803494,23,1,3,0
6990,1803612,6554,13107,1.00006103515625,1.999969482421875,1.00006103515625,1.999969482421875,,,1803619,25,1,3,0
6991,1803737,6554,13107,1.00006103515625,1.999969482421875,1.00006103515625,1.999969482421875,,,1803744,24,1,3,0
6992,1803862,6554,13107,1.00006103515625,1.999969482421875,1.00006103515625,1.999969482421875,,,1803869,24,1,3,0
6993,1803988,6554,13107,1.00006103515625,1.999969482421875,1.00006103515625,1.999969482421875,,,1803995,23,1,3,0
6994,1804113,6554,13107,1.00006103515625,1.999969482421875,1.00006103515625,1.999969482421875,,,1804120,23,1,3,0
6995,1804238,6554,13107,1.00006103515625,1.999969482421875,1.00006103515625,1.999969482421875,,,1804245,24,1,3,0
6996,1804363,6554,13107,1.00006103515625,1.999969482421875,1.00006103515625,1.999969482421875,,,1804370,24,1,3,0
6997,1804489,6554,13107,1.00006103515625,1.999969482421875,1.00006103515625,1.999969482421875,,,1804496,23,1,3,0
6998,1804614,6554,13107,1.00006103515625,1.999969482421875,1.00006103515625,1.999969482421875,,,1804621,24,1,3,0
6999,1804739,6554,13107,1.00006103515625,1.999969482421875,1.00006103515625,1.999969482421875,,,1804746,24,1,3,0
7000,1804864,6554,13107,1.00006103515625,1.999969482421875,1.00006103515625,1.999969482421875,,,1804871,24,1,3,0
7001,1804990,6554,13107,1.00006103515625,1.999969482421875,1.00006103515625,1.999969482421875,,,1804997,23,1,3,0
7002,1805115,6554,13107,1.00006103515625,1.999969482421875,1.00006103515625,1.999969482421875,,,1805122,23,1,3,0
7003,1805240,6554,13107,1.00006103515625,1.999969482421875,1.00006103515625,1.999969482421875,,,1805247,24,1,3,0
7004,1805365,6554,13107,1.00006103515625,1.999969482421875,1.00006103515625,1.999969482421875,,,1805372,24,1,3,0
7005,1805491,6554,13107,1.00006103515625,1.999969482421875,1.00006103515625,1.999969482421875,,,1805498,23,1,3,0
7006,1805616,6554,13107,1.00006103515625,1.999969482421875,1.00006103515625,1.999969482421875,,,1805623,24,1,3,0
7007,1805741,6554,13107,1.00006103515625,1.999969482421875,1.00006103515625,1.999969482421875,,,1805748,24,1,3,0
7008,1805866,6554,13107,1.00006103515625,1.999969482421875,1.00006103515625,1.999969482421875,,,1805873,24,1,3,0
7009,1805992,6554,13107,1.00006103515625,1.999969482421875,1.00006103515625,1.999969482421875,,,1805999,23,1,3,0
7010,1806117,6554,13107,1.00006103515625,1.999969482421875,1.00006103515625,1.999969482421875,,,1806124,23,1,3,0
7011,1806242,6554,13107,1.00006103515625,1.999969482421875,1.00006103515625,1.999969482421875,,,1806249,24,1,3,0
7012,1806367,6554,13107,1.00006103515625,1.999969482421875,1.00006103515625,1.999969482421875,,,1806374,24,1,3,0
7013,1806493,6554,13107,1.00006103515625,1.999969482421875,1.00006103515625,1.999969482421875,,,1806500,23,1,3,0
7014,1806618,6554,13107,1.00006103515625,1.999969482421875,1.00006103515625,1.999969482421875,,,1806625,24,1,3,0
7015,1806743,6554,13107,1.00006103515625,1.999969482421875,1.00006103515625,1.999969482421875,,,1806750,24,1,3,0
7016,1806868,6554,13107,1.00006103515625,1.999969482421875,1.00006103515625,1.999969482421875,,,1806875,24,1,3,0
7017,1806994,6554,13107,1.00006103515625,1.999969482421875,1.00006103515625,1.999969482421875,,,1807001,23,1,3,0
7018,1807119,6554,13107,1.00006103515625,1.999969482421875,1.00006103515625,1.999969482421875,,,1807126,23,1,3,0
7019,1807244,6554,13107,1.00006103515625,1.999969482421875,1.00006103515625,1.999969482421875,,,1807251,24,1,3,0
7020,1807369,6554,13107,1.00006103515625,1.999969482421875,1.00006103515625,1.999969482421875,,,1807376,24,1,3,0
7021,1807495,6554,13107,1.00006103515625,1.999969482421875,1.00006103515625,1.999969482421875,,,1807502,24,1,3,0
7022,1807620,6554,13107,1.00006103515625,1.999969482421875,1.00006103515625,1.999969482421875,,,1807627,24,1,3,0
7023,1807745,6554,13107,1.00006103515625,1.999969482421875,1.00006103515625,1.999969482421875,,,1807752,24,1,3,0
7024,1807870,6554,13107,1.00006103515625,1.999969482421875,1.00006103515625,1.999969482421875,,,1807877,24,1,3,0
7025,1807996,6554,13107,1.00006103515625,1.999969482421875,1.00006103515625,1.999969482421875,,,1808003,23,1,3,0
7026,1808121,6554,13107,1.00006103515625,1.999969482421875,1.00006103515625,1.999969482421875,,,1808128,23,1,3,0
7027,1808246,6554,13107,1.00006103515625,1.999969482421875,1.00006103515625,1.999969482421875,,,1808253,24,1,3,0
7028,1808371,6554,13107,1.00006103515625,1.999969482421875,1.00006103515625,1.999969482421875,,,1808378,24,1,3,0
7029,1808497,6554,13107,1.00006103515625,1.999969482421875,1.00006103515625,1.999969482421875,,,1808505,24,1,3,0
7030,1808622,6554,13107,1.00006103515625,1.999969482421875,1.00006103515625,1.999969482421875,,,1808629,24,1,3,0
7031,1808747,6554,13107,1.00006103515625,1.999969482421875,1.00006103515625,1.999969482421875,,,1808754,24,1,3,0
7032,1808872,6554,13107,1.00006103515625,1.999969482421875,1.00006103515625,1.999969482421875,,,1808879,24,1,3,0
7033,1808998,6554,13107,1.00006103515625,1.999969482421875,1.00006103515625,1.999969482421875,,,1809005,23,1,3,0
7034,1809123,6554,13107,1.00006103515625,1.999969482421875,1.00006103515625,1.999969482421875,,,1809130,23,1,3,0
7035,1809248,6554,13107,1.00006103515625,1.999969482421875,1.00006103515625,1.999969482421875,,,1809255,24,1,3,0
7036,1809373,6554,13107,1.00006103515625,1.999969482421875,1.00006103515625,1.999969482421875,,,1809380,24,1,3,0
7037,1809499,6554,13107,1.00006103515625,1.999969482421875,1.00006103515625,1.999969482421875,,,1809507,24,1,3,0
7038,1809624,6554,13107,1.00006103515625,1.999969482421875,1.00006103515625,1.999969482421875,,,1809631,24,1,3,0
7039,1809749,6554,13107,1.00006103515625,1.999969482421875,1.00006103515625,1.999969482421875,,,1809756,24,1,3,0
7040,1809874,6554,13107,1.00006103515625,1.999969482421875,1.00006103515625,1.999969482421875,,,1809881,24,1,3,0
7041,1810000,6554,13107,1.00006103515625,1.999969482421875,1.00006103515625,1.999969482421875,,,1810007,23,1,3,0
7042,1810125,6554,13107,1.00006103515625,1.999969482421875,1.00006103515625,1.999969482421875,,,1810132,23,1,3,0
7043,1810250,6554,13107,1.00006103515625,1.999969482421875,1.00006103515625,1.999969482421875,,,1810257,24,1,3,0
7044,1810375,6554,13107,1.00006103515625,1.999969482421875,1.00006103515625,1.999969482421875,,,1810382,24,1,3,0
7045,1810501,6554,13107,1.00006103515625,1.999969482421875,1.00006103515625,1.999969482421875,,,1810508,23,1,3,0
7046,1810626,6554,13107,1.00006103515625,1.999969482421875,1.00006103515625,1.999969482421875,,,1810633,24,1,3,0
7047,1810751,6554,13107,1.00006103515625,1.999969482421875,1.00006103515625,1.999969482421875,,,1810758,24,1,3,0
7048,1810876,6554,13107,1.00006103515625,1.999969482421875,1.00006103515625,1.999969482421875,,,1810883,24,1,3,0
7049,1811002,6554,13107,1.00006103515625,1.999969482421875,1.00006103515625,1.999969482421875,,,1811009,23,1,3,0
7050,1811127,6554,13107,1.00006103515625,1.999969482421875,1.00006103515625,1.999969482421875,,,1811134,23,1,3,0
7051,1811252,6554,13107,1.00006103515625,1.999969482421875,1.00006103515625,1.999969482421875,,,1811259,24,1,3,0
7052,1811377,6554,13107,1.00006103515625,1.999969482421875,1.00006103515625,1.999969482421875,,,1811384,24,1,3,0
7053,1811503,6554,13107,1.00006103515625,1.999969482421875,1.00006103515625,1.999969482421875,,,1811510,23,1,3,0
7054,1811628,6554,13107,1.00006103515625,1.999969482421875,1.00006103515625,1.999969482421875,,,1811635,26,1,3,0
7055,1811753,6554,13107,1.00006103515625,1.999969482421875,1.00006103515625,1.999969482421875,,,1811760,24,1,3,0
7056,1811878,6554,13107,1.00006103515625,1.999969482421875,1.00006103515625,1.999969482421875,,,1811885,24,1,3,0
7057,1812004,6554,13107,1.00006103515625,1.999969482421875,1.00006103515625,1.999969482421875,,,1812011,23,1,3,0
7058,1812129,6554,13107,1.00006103515625,1.999969482421875,1.00006103515625,1.999969482421875,,,1812136,23,1,3,0
7059,1812254,6554,13107,1.00006103515625,1.999969482421875,1.00006103515625,1.999969482421875,,,1812261,24,1,3,0
7060,1812379,6554,13107,1.00006103515625,1.999969482421875,1.00006103515625,1.999969482421875,,,1812386,24,1,3,0
7061,1812505,6554,13107,1.00006103515625,1.999969482421875,1.00006103515625,1.999969482421875,,,1812512,23,1,3,0
7062,1812630,6554,13107,1.00006103515625,1.999969482421875,1.00006103515625,1.999969482421875,,,1812637,26,1,3,0
7063,1812755,6554,13107,1.00006103515625,1.999969482421875,1.00006103515625,1.999969482421875,,,1812762,24,1,3,0
7064,1812880,6554,13107,1.00006103515625,1.999969482421875,1.00006103515625,1.999969482421875,,,1812887,24,1,3,0
7065,1813006,6554,13107,1.00006103515625,1.999969482421875,1.00006103515625,1.999969482421875,,,1813013,23,1,3,0
7066,1813131,6554,13107,1.00006103515625,1.999969482421875,1.00006103515625,1.999969482421875,,,1813138,23,1,3,0
7067,1813256,6554,13107,1.00006103515625,1.999969482421875,1.00006103515625,1.999969482421875,,,1813263,24,1,3,0
7068,1813381,6554,13107,1.00006103515625,1.999969482421875,1.00006103515625,1.999969482421875,,,1813388,24,1,3,0
7069,1813507,6554,13107,1.00006103515625,1.999969482421875,1.00006103515625,1.999969482421875,,,1813514,23,1,3,0
7070,1813632,6554,13107,1.00006103515625,1.999969482421875,1.00006103515625,1.999969482421875,,,1813639,26,1,3,0
7071,1813757,6554,13107,1.00006103515625,1.999969482421875,1.00006103515625,1.999969482421875,,,1813764,24,1,3,0
7072,1813882,6554,13107,1.00006103515625,1.999969482421875,1.00006103515625,1.999969482421875,,,1813889,24,1,3,0
7073,1814008,6554,13107,1.00006103515625,1.999969482421875,1.00006103515625,1.999969482421875,,,1814015,23,1,3,0
7074,1814133,6554,13107,1.00006103515625,1.999969482421875,1.00006103515625,1.999969482421875,,,1814140,23,1,3,0
7075,1814258,6554,13107,1.00006103515625,1.999969482421875,1.00006103515625,1.999969482421875,,,1814265,24,1,3,0
7076,1814383,6554,13107,1.00006103515625,1.999969482421875,1.00006103515625,1.999969482421875,,,1814390,24,1,3,0
7077,1814509,6554,13107,1.00006103515625,1.999969482421875,1.00006103515625,1.999969482421875,,,1814516,23,1,3,0
7078,1814634,6554,13107,1.00006103515625,1.999969482421875,1.00006103515625,1.999969482421875,,,1814643,24,1,3,0
7079,1814759,6554,13107,1.00006103515625,1.999969482421875,1.00006103515625,1.999969482421875,,,1814766,24,1,3,0
7080,1814884,6554,13107,1.00006103515625,1.999969482421875,1.00006103515625,1.999969482421875,,,1814891,24,1,3,0
7081,1815010,6554,13107,1.00006103515625,1.999969482421875,1.00006103515625,1.999969482421875,,,1815017,23,1,3,0
7082,1815135,6554,13107,1.00006103515625,1.999969482421875,1.00006103515625,1.999969482421875,,,1815143,24,1,3,0
7083,1815260,6554,13107,1.00006103515625,1.999969482421875,1.00006103515625,1.999969482421875,,,1815267,24,1,3,0
7084,1815385,6554,13107,1.00006103515625,1.999969482421875,1.00006103515625,1.999969482421875,,,1815392,24,1,3,0
7085,1815511,6554,13107,1.00006103515625,1.999969482421875,1.00006103515625,1.999969482421875,,,1815518,23,1,3,0
7086,1815636,6554,13107,1.00006103515625,1.999969482421875,1.00006103515625,1.999969482421875,,,1815644,24,1,3,0
7087,1815761,6554,13107,1.00006103515625,1.999969482421875,1.00006103515625,1.999969482421875,,,1815768,24,1,3,0
7088,1815886,6554,13107,1.00006103515625,1.999969482421875,1.00006103515625,1.999969482421875,,,1815893,24,1,3,0
7089,1816012,6554,13107,1.00006103515625,1.999969482421875,1.00006103515625,1.999969482421875,,,1816019,23,1,3,0
7090,1816137,6554,13107,1.00006103515625,1.999969482421875,1.00006103515625,1.999969482421875,,,1816146,23,1,3,0
7091,1816262,6554,13107,1.00006103515625,1.999969482421875,1.00006103515625,1.999969482421875,,,1816269,24,1,3,0
7092,1816387,6554,13107,1.00006103515625,1.999969482421875,1.00006103515625,1.999969482421875,,,1816396,23,1,3,0
7093,1816513,6554,13107,1.00006103515625,1.999969482421875,1.00006103515625,1.999969482421875,,,1816520,23,1,3,0
7094,1816638,6554,13107,1.00006103515625,1.999969482421875,1.00006103515625,1.999969482421875,,,1816646,24,1,3,0
7095,1816763,6554,13107,1.00006103515625,1.999969482421875,1.00006103515625,1.999969482421875,,,1816770,24,1,3,0
7096,1816888,6554,13107,1.00006103515625,1.999969482421875,1.00006103515625,1.999969482421875,,,1816895,24,1,3,0
7097,1817014,6554,13107,1.00006103515625,1.999969482421875,1.00006103515625,1.999969482421875,,,1817021,23,1,3,0
7098,1817139,6554,13107,1.00006103515625,1.999969482421875,1.00006103515625,1.999969482421875,,,1817146,24,1,3,0
7099,1817264,6554,13107,1.00006103515625,1.999969482421875,1.00006103515625,1.999969482421875,,,1817271,24,1,3,0
7100,1817389,6554,13107,1.00006103515625,1.999969482421875,1.00006103515625,1.999969482421875,,,1817398,23,1,3,0
7101,1817515,6554,13107,1.00006103515625,1.999969482421875,1.00006103515625,1.999969482421875,,,1817523,24,1,3,0
7102,1817640,6554,13107,1.00006103515625,1.999969482421875,1.00006103515625,1.999969482421875,,,1817648,24,1,3,0
7103,1817765,6554,13107,1.00006103515625,1.999969482421875,1.00006103515625,1.999969482421875,,,1817772,24,1,3,0
7104,1817890,6554,13107,1.00006103515625,1.999969482421875,1.00006103515625,1.999969482421875,,,1817897,24,1,3,0
7105,1818016,6554,13107,1.00006103515625,1.999969482421875,1.00006103515625,1.999969482421875,,,1818023,23,1,3,0
7106,1818141,6554,13107,1.00006103515625,1.999969482421875,1.00006103515625,1.999969482421875,,,1818148,23,1,3,0
7107,1818266,6554,13107,1.00006103515625,1.999969482421875,1.00006103515625,1.999969482421875,,,1818273,24,1,3,0
7108,1818391,6554,13107,1.00006103515625,1.999969482421875,1.00006103515625,1.999969482421875,,,1818398,24,1,3,0
7109,1818517,6554,13107,1.00006103515625,1.999969482421875,1.00006103515625,1.999969482421875,,,1818524,24,1,3,0
7110,1818643,6554,13107,1.00006103515625,1.999969482421875,1.00006103515625,1.999969482421875,,,1818650,23,1,3,0
7111,1818768,6554,13107,1.00006103515625,1.999969482421875,1.00006103515625,1.999969482421875,,,1818775,23,1,3,0
7112,1818893,6554,13107,1.00006103515625,1.999969482421875,1.00006103515625,1.999969482421875,,,1818900,24,1,3,0
7113,1819018,6554,13107,1.00006103515625,1.999969482421875,1.00006103515625,1.999969482421875,,,1819025,24,1,3,0
7114,1819144,6554,13107,1.00006103515625,1.999969482421875,1.00006103515625,1.999969482421875,,,1819151,23,1,3,0
7115,1819269,6554,13107,1.00006103515625,1.999969482421875,1.00006103515625,1.999969482421875,,,1819276,23,1,3,0
7116,1819394,6554,13107,1.00006103515625,1.999969482421875,1.00006103515625,1.999969482421875,,,1819401,24,1,3,0
7117,1819519,6554,13107,1.00006103515625,1.999969482421875,1.00006103515625,1.999969482421875,,,1819526,24,1,3,0
7118,1819645,6554,13107,1.00006103515625,1.999969482421875,1.00006103515625,1.999969482421875,,,1819652,23,1,3,0
7119,1819770,6554,13107,1.00006103515625,1.999969482421875,1.00006103515625,1.999969482421875,,,1819777,24,1,3,0
7120,1819895,6554,13107,1.00006103515625,1.999969482421875,1.00006103515625,1.999969482421875,,,1819902,24,1,3,0
7121,1820021,6554,13107,1.00006103515625,1.999969482421875,1.00006103515625,1.999969482421875,,,1820028,23,1,3,0
7122,1820146,6554,13107,1.00006103515625,1.999969482421875,1.00006103515625,1.999969482421875,,,1820153,24,1,3,0
7123,1820271,6554,13107,1.00006103515625,1.999969482421875,1.00006103515625,1.999969482421875,,,1820278,24,1,3,0
7124,1820396,6554,13107,1.00006103515625,1.999969482421875,1.00006103515625,1.999969482421875,,,1820403,24,1,3,0
7125,1820522,6554,13107,1.00006103515625,1.999969482421875,1.00006103515625,1.999969482421875,,,1820529,23,1,3,0
7126,1820647,6554,13107,1.00006103515625,1.999969482421875,1.00006103515625,1.999969482421875,,,1820654,24,1,3,0
7127,1820772,6554,13107,1.00006103515625,1.999969482421875,1.00006103515625,1.999969482421875,,,1820779,24,1,3,0
7128,1820897,6554,13107,1.00006103515625,1.999969482421875,1.00006103515625,1.999969482421875,,,1820904,24,1,3,0
7129,1821023,6554,13107,1.00006103515625,1.999969482421875,1.00006103515625,1.999969482421875,,,1821030,23,1,3,0
7130,1821148,6554,13107,1.00006103515625,1.999969482421875,1.00006103515625,1.999969482421875,,,1821155,24,1,3,0
7131,1821273,6554,13107,1.00006103515625,1.999969482421875,1.00006103515625,1.999969482421875,,,1821280,24,1,3,0
7132,1821398,6554,13107,1.00006103515625,1.999969482421875,1.00006103515625,1.999969482421875,,,1821405,24,1,3,0
7133,1821524,6554,13107,1.00006103515625,1.999969482421875,1.00006103515625,1.999969482421875,,,1821532,24,1,3,0
7134,1821649,6554,13107,1.00006103515625,1.999969482421875,1.00006103515625,1.999969482421875,,,1821656,24,1,3,0
7135,1821774,6554,13107,1.00006103515625,1.999969482421875,1.00006103515625,1.999969482421875,,,1821781,24,1,3,0
7136,1821899,6554,13107,1.00006103515625,1.999969482421875,1.00006103515625,1.999969482421875,,,1821906,24,1,3,0
7137,1822025,6554,13107,1.00006103515625,1.999969482421875,1.00006103515625,1.999969482421875,,,1822032,23,1,3,0
7138,1822150,6554,13107,1.00006103515625,1.999969482421875,1.00006103515625,1.999969482421875,,,1822157,24,1,3,0
7139,1822275,6554,13107,1.00006103515625,1.999969482421875,1.00006103515625,1.999969482421875,,,1822282,24,1,3,0
7140,1822400,6554,13107,1.00006103515625,1.999969482421875,1.00006103515625,1.999969482421875,,,1822407,24,1,3,0
7141,1822526,6554,13107,1.00006103515625,1.999969482421875,1.00006103515625,1.999969482421875,,,1822533,23,1,3,0
7142,1822651,6554,13107,1.00006103515625,1.999969482421875,1.00006103515625,1.999969482421875,,,1822658,24,1,3,0
7143,1822776,6554,13107,1.00006103515625,1.999969482421875,1.00006103515625,1.999969482421875,,,1822783,24,1,3,0
7144,1822901,6554,13107,1.00006103515625,1.999969482421875,1.00006103515625,1.999969482421875,,,1822908,24,1,3,0
7145,1823027,6554,13107,1.00006103515625,1.999969482421875,1.00006103515625,1.999969482421875,,,1823034,23,1,3,0
7146,1823152,6554,13107,1.00006103515625,1.999969482421875,1.00006103515625,1.999969482421875,,,1823159,24,1,3,0
7147,1823277,6554,13107,1.00006103515625,1.999969482421875,1.00006103515625,1.999969482421875,,,1823284,24,1,3,0
7148,1823402,6554,13107,1.00006103515625,1.999969482421875,1.00006103515625,1.999969482421875,,,1823410,23,1,3,0
7149,1823528,6554,13107,1.00006103515625,1.999969482421875,1.00006103515625,1.999969482421875,,,1823535,24,1,3,0
7150,1823653,6554,13107,1.00006103515625,1.999969482421875,1.00006103515625,1.999969482421875,,,1823660,24,1,3,0
7151,1823778,6554,13107,1.00006103515625,1.999969482421875,1.00006103515625,1.999969482421875,,,1823785,24,1,3,0
7152,1823903,6554,13107,1.00006103515625,1.999969482421875,1.00006103515625,1.999969482421875,,,1823911,23,1,3,0
7153,1824029,6554,13107,1.00006103515625,1.999969482421875,1.00006103515625,1.999969482421875,,,1824036,24,1,3,0
7154,1824154,6554,13107,1.00006103515625,1.999969482421875,1.00006103515625,1.999969482421875,,,1824161,24,1,3,0
7155,1824279,6554,13107,1.00006103515625,1.999969482421875,1.00006103515625,1.999969482421875,,,1824286,24,1,3,0
7156,1824404,6554,13107,1.00006103515625,1.999969482421875,1.00006103515625,1.999969482421875,,,1824412,23,1,3,0
7157,1824530,6554,13107,1.00006103515625,1.999969482421875,1.00006103515625,1.999969482421875,,,1824537,24,1,3,0
7158,1824655,6554,13107,1.00006103515625,1.999969482421875,1.00006103515625,1.999969482421875,,,1824662,24,1,3,0
7159,1824780,6554,13107,1.00006103515625,1.999969482421875,1.00006103515625,1.999969482421875,,,1824787,24,1,3,0
7160,1824905,6554,13107,1.00006103515625,1.999969482421875,1.00006103515625,1.999969482421875,,,1824913,23,1,3,0
7161,1825031,6554,13107,1.00006103515625,1.999969482421875,1.00006103515625,1.999969482421875,,,1825038,24,1,3,0
7162,1825156,6554,13107,1.00006103515625,1.999969482421875,1.00006103515625,1.999969482421875,,,1825163,24,1,3,0
7163,1825281,6554,13107,1.00006103515625,1.999969482421875,1.00006103515625,1.999969482421875,,,1825288,24,1,3,0
7164,1825406,6554,13107,1.00006103515625,1.999969482421875,1.00006103515625,1.999969482421875,,,1825414,23,1,3,0
7165,1825532,6554,13107,1.00006103515625,1.999969482421875,1.00006103515625,1.999969482421875,,,1825539,24,1,3,0
7166,1825657,6554,13107,1.00006103515625,1.999969482421875,1.00006103515625,1.999969482421875,,,1825664,24,1,3,0
7167,1825782,6554,13107,1.00006103515625,1.999969482421875,1.00006103515625,1.999969482421875,,,1825789,24,1,3,0
7168,1825907,6554,13107,1.00006103515625,1.999969482421875,1.00006103515625,1.999969482421875,,,1825915,23,1,3,0
7169,1826033,6554,13107,1.00006103515625,1.999969482421875,1.00006103515625,1.999969482421875,,,1826040,24,1,3,0
7170,1826158,6554,13107,1.00006103515625,1.999969482421875,1.00006103515625,1.999969482421875,,,1826165,24,1,3,0
7171,1826283,6554,13107,1.00006103515625,1.999969482421875,1.00006103515625,1.999969482421875,,,1826290,24,1,3,0
7172,1826408,6554,13107,1.00006103515625,1.999969482421875,1.00006103515625,1.999969482421875,,,1826416,23,1,3,0
7173,1826534,6554,13107,1.00006103515625,1.999969482421875,1.00006103515625,1.999969482421875,,,1826541,24,1,3,0
7174,1826659,6554,13107,1.00006103515625,1.999969482421875,1.00006103515625,1.999969482421875,,,1826666,24,1,3,0
7175,1826784,6554,13107,1.00006103515625,1.999969482421875,1.00006103515625,1.999969482421875,,,1826791,24,1,3,0
7176,1826909,6554,13107,1.00006103515625,1.999969482421875,1.00006103515625,1.999969482421875,,,1826917,23,1,3,0
7177,1827035,6554,13107,1.00006103515625,1.999969482421875,1.00006103515625,1.999969482421875,,,1827042,24,1,3,0
7178,1827160,6554,13107,1.00006103515625,1.999969482421875,1.00006103515625,1.999969482421875,,,1827167,24,1,3,0
7179,1827285,6554,13107,1.00006103515625,1.999969482421875,1.00006103515625,1.999969482421875,,,1827292,24,1,3,0
7180,1827410,6554,13107,1.00006103515625,1.999969482421875,1.00006103515625,1.999969482421875,,,1827418,23,1,3,0
7181,1827536,6554,13107,1.00006103515625,1.999969482421875,1.00006103515625,1.999969482421875,,,1827543,24,1,3,0
7182,1827661,6554,13107,1.00006103515625,1.999969482421875,1.00006103515625,1.999969482421875,,,1827668,24,1,3,0
7183,1827786,6554,13107,1.00006103515625,1.999969482421875,1.00006103515625,1.999969482421875,,,1827793,24,1,3,0
7184,1827911,6554,13107,1.00006103515625,1.999969482421875,1.00006103515625,1.999969482421875,,,1827919,23,1,3,0
7185,1828037,6554,13107,1.00006103515625,1.999969482421875,1.00006103515625,1.999969482421875,,,1828044,24,1,3,0
7186,1828162,6554,13107,1.00006103515625,1.999969482421875,1.00006103515625,1.999969482421875,,,1828169,24,1,3,0
7187,1828287,6554,13107,1.00006103515625,1.999969482421875,1.00006103515625,1.999969482421875,,,1828294,24,1,3,0
7188,1828412,6554,13107,1.00006103515625,1.999969482421875,1.00006103515625,1.999969482421875,,,1828420,23,1,3,0
7189,1828538,6554,13107,1.00006103515625,1.999969482421875,1.00006103515625,1.999969482421875,,,1828545,24,1,3,0
7190,1828663,6554,13107,1.00006103515625,1.999969482421875,1.00006103515625,1.999969482421875,,,1828670,24,1,3,0
7191,1828788,6554,13107,1.00006103515625,1.999969482421875,1.00006103515625,1.999969482421875,,,1828795,24,1,3,0
7192,1828913,6554,13107,1.00006103515625,1.999969482421875,1.00006103515625,1.999969482421875,,,1828921,23,1,3,0
7193,1829039,6554,13107,1.00006103515625,1.999969482421875,1.00006103515625,1.999969482421875,,,1829046,24,1,3,0
7194,1829164,6554,13107,1.00006103515625,1.999969482421875,1.00006103515625,1.999969482421875,,,1829172,23,1,3,0
7195,1829289,6554,13107,1.00006103515625,1.999969482421875,1.00006103515625,1.999969482421875,,,1829297,24,1,3,0
7196,1829414,6554,13107,1.00006103515625,1.999969482421875,1.00006103515625,1.999969482421875,,,1829421,24,1,3,0
7197,1829540,6554,13107,1.00006103515625,1.999969482421875,1.00006103515625,1.999969482421875,,,1829547,23,1,3,0
7198,1829665,6554,13107,1.00006103515625,1.999969482421875,1.00006103515625,1.999969482421875,,,1829672,24,1,3,0
7199,1829790,6554,13107,1.00006103515625,1.999969482421875,1.00006103515625,1.999969482421875,,,1829797,24,1,3,0
7200,1829915,6554,13107,1.00006103515625,1.999969482421875,1.00006103515625,1.999969482421875,,,1829922,24,1,3,0
7201,1830041,6554,13107,1.00006103515625,1.999969482421875,1.00006103515625,1.999969482421875,,,1830048,23,1,3,0
7202,1830166,6554,13107,1.00006103515625,1.999969482421875,1.00006103515625,1.999969482421875,,,1830173,24,1,3,0
7203,1830291,6554,13107,1.00006103515625,1.999969482421875,1.00006103515625,1.999969482421875,,,1830298,24,1,3,0
7204,1830416,6554,13107,1.00006103515625,1.999969482421875,1.00006103515625,1.999969482421875,,,1830423,24,1,3,0
7205,1830542,6554,13107,1.00006103515625,1.999969482421875,1.00006103515625,1.999969482421875,,,1830549,23,1,3,0
7206,1830667,6554,13107,1.00006103515625,1.999969482421875,1.00006103515625,1.999969482421875,,,1830674,24,1,3,0
7207,1830792,6554,13107,1.00006103515625,1.999969482421875,1.00006103515625,1.999969482421875,,,1830799,24,1,3,0
7208,1830917,6554,13107,1.00006103515625,1.999969482421875,1.00006103515625,1.999969482421875,,,1830924,24,1,3,0
7209,1831043,6554,13107,1.00006103515625,1.999969482421875,1.00006103515625,1.999969482421875,,,1831050,23,1,3,0
7210,1831168,6554,13107,1.00006103515625,1.999969482421875,1.00006103515625,1.999969482421875,,,1831175,24,1,3,0
7211,1831293,6554,13107,1.00006103515625,1.999969482421875,1.00006103515625,1.999969482421875,,,1831300,24,1,3,0
7212,1831418,6554,13107,1.00006103515625,1.999969482421875,1.00006103515625,1.999969482421875,,,1831425,24,1,3,0
7213,1831544,6554,13107,1.00006103515625,1.999969482421875,1.00006103515625,1.999969482421875,,,1831551,24,1,3,0
7214,1831669,6554,13107,1.00006103515625,1.999969482421875,1.00006103515625,1.999969482421875,,,1831677,24,1,3,0
7215,1831794,6554,13107,1.00006103515625,1.999969482421875,1.00006103515625,1.999969482421875,,,1831801,24,1,3,0
7216,1831919,6554,13107,1.00006103515625,1.999969482421875,1.00006103515625,1.999969482421875,,,1831926,24,1,3,0
7217,1832045,6554,13107,1.00006103515625,1.999969482421875,1.00006103515625,1.999969482421875,,,1832052,23,1,3,0
7218,1832170,6554,13107,1.00006103515625,1.999969482421875,1.00006103515625,1.999969482421875,,,1832177,24,1,3,0
7219,1832295,6554,13107,1.00006103515625,1.999969482421875,1.00006103515625,1.999969482421875,,,1832302,24,1,3,0
7220,1832420,6554,13107,1.00006103515625,1.999969482421875,1.00006103515625,1.999969482421875,,,1832427,24,1,3,0
7221,1832546,6554,13107,1.00006103515625,1.999969482421875,1.00006103515625,1.999969482421875,,,1832553,23,1,3,0
7222,1832671,6554,13107,1.00006103515625,1.999969482421875,1.00006103515625,1.999969482421875,,,1832678,24,1,3,0
7223,1832796,6554,13107,1.00006103515625,1.999969482421875,1.00006103515625,1.999969482421875,,,1832803,24,1,3,0
7224,1832921,6554,13107,1.00006103515625,1.999969482421875,1.00006103515625,1.999969482421875,,,1832928,24,1,3,0
7225,1833047,6554,13107,1.00006103515625,1.999969482421875,1.00006103515625,1.999969482421875,,,1833054,23,1,3,0
7226,1833172,6554,13107,1.00006103515625,1.999969482421875,1.00006103515625,1.999969482421875,,,1833179,24,1,3,0
7227,1833297,6554,13107,1.00006103515625,1.999969482421875,1.00006103515625,1.999969482421875,,,1833304,24,1,3,0
7228,1833422,6554,13107,1.00006103515625,1.999969482421875,1.00006103515625,1.999969482421875,,,1833429,24,1,3,0
7229,1833548,6554,13107,1.00006103515625,1.999969482421875,1.00006103515625,1.999969482421875,,,1833555,24,1,3,0
7230,1833673,6554,13107,1.00006103515625,1.999969482421875,1.00006103515625,1.999969482421875,,,1833680,24,1,3,0
7231,1833798,6554,13107,1.00006103515625,1.999969482421875,1.00006103515625,1.999969482421875,,,1833805,24,1,3,0
7232,1833923,6554,13107,1.00006103515625,1.999969482421875,1.00006103515625,1.999969482421875,,,1833930,24,1,3,0
7233,1834049,6554,13107,1.00006103515625,1.999969482421875,1.00006103515625,1.999969482421875,,,1834056,23,1,3,0
7234,1834174,6554,13107,1.00006103515625,1.999969482421875,1.00006103515625,1.999969482421875,,,1834181,24,1,3,0
7235,1834299,6554,13107,1.00006103515625,1.999969482421875,1.00006103515625,1.999969482421875,,,1834306,24,1,3,0
7236,1834424,6554,13107,1.00006103515625,1.999969482421875,1.00006103515625,1.999969482421875,,,1834431,24,1,3,0
7237,1834550,6554,13107,1.00006103515625,1.999969482421875,1.00006103515625,1.999969482421875,,,1834557,23,1,3,0
7238,1834675,6554,13107,1.00006103515625,1.999969482421875,1.00006103515625,1.999969482421875,,,1834682,24,1,3,0
7239,1834800,6554,13107,1.00006103515625,1.999969482421875,1.00006103515625,1.999969482421875,,,1834807,24,1,3,0
7240,1834925,6554,13107,1.00006103515625,1.999969482421875,1.00006103515625,1.999969482421875,,,1834932,24,1,3,0
7241,1835051,6554,13107,1.00006103515625,1.999969482421875,1.00006103515625,1.999969482421875,,,1835058,23,1,3,0
7242,1835176,6554,13107,1.00006103515625,1.999969482421875,1.00006103515625,1.999969482421875,,,1835183,24,1,3,0
7243,1835301,6554,13107,1.00006103515625,1.999969482421875,1.00006103515625,1.999969482421875,,,1835308,24,1,3,0
7244,1835426,6554,13107,1.00006103515625,1.999969482421875,1.00006103515625,1.999969482421875,,,1835433,24,1,3,0
7245,1835552,6554,13107,1.00006103515625,1.999969482421875,1.00006103515625,1.999969482421875,,,1835559,23,1,3,0
7246,1835677,6554,13107,1.00006103515625,1.999969482421875,1.00006103515625,1.999969482421875,,,1835685,24,1,3,0
7247,1835802,6554,13107,1.00006103515625,1.999969482421875,1.00006103515625,1.999969482421875,,,1835809,24,1,3,0
7248,1835927,6554,13107,1.00006103515625,1.999969482421875,1.00006103515625,1.999969482421875,,,1835934,24,1,3,0
7249,1836053,6554,13107,1.00006103515625,1.999969482421875,1.00006103515625,1.999969482421875,,,1836060,23,1,3,0
7250,1836178,6554,13107,1.00006103515625,1.999969482421875,1.00006103515625,1.999969482421875,,,1836185,24,1,3,0
7251,1836303,6554,13107,1.00006103515625,1.999969482421875,1.00006103515625,1.999969482421875,,,1836310,24,1,3,0
7252,1836428,6554,13107,1.00006103515625,1.999969482421875,1.00006103515625,1.999969482421875,,,1836435,24,1,3,0
7253,1836554,6554,13107,1.00006103515625,1.999969482421875,1.00006103515625,1.999969482421875,,,1836561,24,1,3,0
7254,1836679,6554,13107,1.00006103515625,1.999969482421875,1.00006103515625,1.999969482421875,,,1836686,24,1,3,0
7255,1836804,6554,13107,1.00006103515625,1.999969482421875,1.00006103515625,1.999969482421875,,,1836811,24,1,3,0
7256,1836929,6554,13107,1.00006103515625,1.999969482421875,1.00006103515625,1.999969482421875,,,1836936,24,1,3,0
7257,1837055,6554,13107,1.00006103515625,1.999969482421875,1.00006103515625,1.999969482421875,,,1837062,23,1,3,0
7258,1837180,6554,13107,1.00006103515625,1.999969482421875,1.00006103515625,1.999969482421875,,,1837187,24,1,3,0
7259,1837305,6554,13107,1.00006103515625,1.999969482421875,1.00006103515625,1.999969482421875,,,1837312,24,1,3,0
7260,1837430,6554,13107,1.00006103515625,1.999969482421875,1.00006103515625,1.999969482421875,,,1837437,24,1,3,0
7261,1837556,6554,13107,1.00006103515625,1.999969482421875,1.00006103515625,1.999969482421875,,,1837563,23,1,3,0
7262,1837681,6554,13107,1.00006103515625,1.999969482421875,1.00006103515625,1.999969482421875,,,1837688,24,1,3,0
7263,1837806,6554,13107,1.00006103515625,1.999969482421875,1.00006103515625,1.999969482421875,,,1837813,24,1,3,0
7264,1837931,6554,13107,1.00006103515625,1.999969482421875,1.00006103515625,1.999969482421875,,,1837938,24,1,3,0
7265,1838057,6554,13107,1.00006103515625,1.999969482421875,1.00006103515625,1.999969482421875,,,1838064,23,1,3,0
7266,1838182,6554,13107,1.00006103515625,1.999969482421875,1.00006103515625,1.999969482421875,,,1838189,24,1,3,0
7267,1838307,6554,13107,1.00006103515625,1.999969482421875,1.00006103515625,1.999969482421875,,,1838314,24,1,3,0
7268,1838432,6554,13107,1.00006103515625,1.999969482421875,1.00006103515625,1.999969482421875,,,1838439,24,1,3,0
7269,1838558,6554,13107,1.00006103515625,1.999969482421875,1.00006103515625,1.999969482421875,,,1838565,23,1,3,0
7270,1838683,6554,13107,1.00006103515625,1.999969482421875,1.00006103515625,1.999969482421875,,,1838690,24,1,3,0
7271,1838808,6554,13107,1.00006103515625,1.999969482421875,1.00006103515625,1.999969482421875,,,1838815,24,1,3,0
7272,1838933,6554,13107,1.00006103515625,1.999969482421875,1.00006103515625,1.999969482421875,,,1838940,24,1,3,0
7273,1839059,6554,13107,1.00006103515625,1.999969482421875,1.00006103515625,1.999969482421875,,,1839066,23,1,3,0
7274,1839184,6554,13107,1.00006103515625,1.999969482421875,1.00006103515625,1.999969482421875,,,1839191,24,1,3,0
7275,1839309,6554,13107,1.00006103515625,1.999969482421875,1.00006103515625,1.999969482421875,,,1839316,24,1,3,0
7276,1839434,6554,13107,1.00006103515625,1.999969482421875,1.00006103515625,1.999969482421875,,,1839441,24,1,3,0
7277,1839560,6554,13107,1.00006103515625,1.999969482421875,1.00006103515625,1.999969482421875,,,1839567,23,1,3,0
7278,1839685,6554,13107,1.00006103515625,1.999969482421875,1.00006103515625,1.999969482421875,,,1839692,24,1,3,0
7279,1839810,6554,13107,1.00006103515625,1.999969482421875,1.00006103515625,1.999969482421875,,,1839817,24,1,3,0
7280,1839935,6554,13107,1.00006103515625,1.999969482421875,1.00006103515625,1.999969482421875,,,1839942,24,1,3,0
7281,1840061,6554,13107,1.00006103515625,1.999969482421875,1.00006103515625,1.999969482421875,,,1840068,23,1,3,0
7282,1840186,6554,13107,1.00006103515625,1.999969482421875,1.00006103515625,1.999969482421875,,,1840193,24,1,3,0
7283,1840311,6554,13107,1.00006103515625,1.999969482421875,1.00006103515625,1.999969482421875,,,1840318,24,1,3,0
7284,1840436,6554,13107,1.00006103515625,1.999969482421875,1.00006103515625,1.999969482421875,,,1840443,24,1,3,0
7285,1840562,6554,13107,1.00006103515625,1.999969482421875,1.00006103515625,1.999969482421875,,,1840569,23,1,3,0
7286,1840687,6554,13107,1.00006103515625,1.999969482421875,1.00006103515625,1.999969482421875,,,1840694,24,1,3,0
7287,1840812,6554,13107,1.00006103515625,1.999969482421875,1.00006103515625,1.999969482421875,,,1840819,24,1,3,0
7288,1840937,6554,13107,1.00006103515625,1.999969482421875,1.00006103515625,1.999969482421875,,,1840944,24,1,3,0
7289,1841063,6554,13107,1.00006103515625,1.999969482421875,1.00006103515625,1.999969482421875,,,1841070,23,1,3,0
7290,1841188,6554,13107,1.00006103515625,1.999969482421875,1.00006103515625,1.999969482421875,,,1841195,24,1,3,0
7291,1841313,6554,13107,1.00006103515625,1.999969482421875,1.00006103515625,1.999969482421875,,,1841320,24,1,3,0
7292,1841438,6554,13107,1.00006103515625,1.999969482421875,1.00006103515625,1.999969482421875,,,1841446,23,1,3,0
7293,1841564,6554,13107,1.00006103515625,1.999969482421875,1.00006103515625,1.999969482421875,,,1841571,23,1,3,0
7294,1841689,6554,13107,1.00006103515625,1.999969482421875,1.00006103515625,1.999969482421875,,,1841696,24,1,3,0
7295,1841814,6554,13107,1.00006103515625,1.999969482421875,1.00006103515625,1.999969482421875,,,1841821,24,1,3,0
7296,1841939,6554,13107,1.00006103515625,1.999969482421875,1.00006103515625,1.999969482421875,,,1841946,24,1,3,0
7297,1842065,6554,13107,1.00006103515625,1.999969482421875,1.00006103515625,1.999969482421875,,,1842072,23,1,3,0
7298,1842190,6554,13107,1.00006103515625,1.999969482421875,1.00006103515625,1.999969482421875,,,1842197,24,1,3,0
7299,1842315,6554,13107,1.00006103515625,1.999969482421875,1.00006103515625,1.999969482421875,,,1842322,24,1,3,0
7300,1842440,6554,13107,1.00006103515625,1.999969482421875,1.00006103515625,1.999969482421875,,,1842449,24,1,3,0
7301,1842566,6554,13107,1.00006103515625,1.999969482421875,1.00006103515625,1.999969482421875,,,1842573,23,1,3,0
7302,1842691,6554,13107,1.00006103515625,1.999969482421875,1.00006103515625,1.999969482421875,,,1842698,24,1,3,0
7303,1842816,6554,13107,1.00006103515625,1.999969482421875,1.00006103515625,1.999969482421875,,,1842823,24,1,3,0
7304,1842941,6554,13107,1.00006103515625,1.999969482421875,1.00006103515625,1.999969482421875,,,1842948,24,1,3,0
7305,1843067,6554,13107,1.00006103515625,1.999969482421875,1.00006103515625,1.999969482421875,,,1843074,23,1,3,0
7306,1843192,6554,13107,1.00006103515625,1.999969482421875,1.00006103515625,1.999969482421875,,,1843199,24,1,3,0
7307,1843317,6554,13107,1.00006103515625,1.999969482421875,1.00006103515625,1.999969482421875,,,1843324,24,1,3,0
7308,1843442,6554,13107,1.00006103515625,1.999969482421875,1.00006103515625,1.999969482421875,,,1843450,24,1,3,0
7309,1843568,6554,13107,1.00006103515625,1.999969482421875,1.00006103515625,1.999969482421875,,,1843575,23,1,3,0
7310,1843693,6554,13107,1.00006103515625,1.999969482421875,1.00006103515625,1.999969482421875,,,1843700,24,1,3,0
7311,1843818,6554,13107,1.00006103515625,1.999969482421875,1.00006103515625,1.999969482421875,,,1843825,24,1,3,0
7312,1843943,6554,13107,1.00006103515625,1.999969482421875,1.00006103515625,1.999969482421875,,,1843950,24,1,3,0
7313,1844069,6554,13107,1.00006103515625,1.999969482421875,1.00006103515625,1.999969482421875,,,1844076,23,1,3,0
7314,1844194,6554,13107,1.00006103515625,1.999969482421875,1.00006103515625,1.999969482421875,,,1844201,24,1,3,0
7315,1844319,6554,13107,1.00006103515625,1.999969482421875,1.00006103515625,1.999969482421875,,,1844326,24,1,3,0
7316,1844444,6554,13107,1.00006103515625,1.999969482421875,1.00006103515625,1.999969482421875,,,1844451,24,1,3,0
7317,1844570,6554,13107,1.00006103515625,1.999969482421875,1.00006103515625,1.999969482421875,,,1844577,23,1,3,0
7318,1844695,6554,13107,1.00006103515625,1.999969482421875,1.00006103515625,1.999969482421875,,,1844702,24,1,3,0
7319,1844820,6554,13107,1.00006103515625,1.999969482421875,1.00006103515625,1.999969482421875,,,1844827,24,1,3,0
7320,1844945,6554,13107,1.00006103515625,1.999969482421875,1.00006103515625,1.999969482421875,,,1844952,24,1,3,0
7321,1845071,6554,13107,1.00006103515625,1.999969482421875,1.00006103515625,1.999969482421875,,,1845078,23,1,3,0
7322,1845196,6554,13107,1.00006103515625,1.999969482421875,1.00006103515625,1.999969482421875,,,1845203,24,1,3,0
7323,1845321,6554,13107,1.00006103515625,1.999969482421875,1.00006103515625,1.999969482421875,,,1845328,24,1,3,0
7324,1845446,6554,13107,1.00006103515625,1.999969482421875,1.00006103515625,1.999969482421875,,,1845453,24,1,3,0
7325,1845572,6554,13107,1.00006103515625,1.999969482421875,1.00006103515625,1.999969482421875,,,1845579,23,1,3,0
7326,1845697,6554,13107,1.00006103515625,1.999969482421875,1.00006103515625,1.999969482421875,,,1845704,24,1,3,0
7327,1845822,6554,13107,1.00006103515625,1.999969482421875,1.00006103515625,1.999969482421875,,,1845829,24,1,3,0
7328,1845947,6554,13107,1.00006103515625,1.999969482421875,1.00006103515625,1.999969482421875,,,1845954,24,1,3,0
7329,1846073,6554,13107,1.00006103515625,1.999969482421875,1.00006103515625,1.999969482421875,,,1846080,23,1,3,0
7330,1846198,6554,13107,1.00006103515625,1.999969482421875,1.00006103515625,1.999969482421875,,,1846205,24,1,3,0
7331,1846323,6554,13107,1.00006103515625,1.999969482421875,1.00006103515625,1.999969482421875,,,1846330,24,1,3,0
7332,1846448,6554,13107,1.00006103515625,1.999969482421875,1.00006103515625,1.999969482421875,,,1846457,23,1,3,0
7333,1846574,6554,13107,1.00006103515625,1.999969482421875,1.00006103515625,1.999969482421875,,,1846581,23,1,3,0
7334,1846699,6554,13107,1.00006103515625,1.999969482421875,1.00006103515625,1.999969482421875,,,1846706,24,1,3,0
7335,1846824,6554,13107,1.00006103515625,1.999969482421875,1.00006103515625,1.999969482421875,,,1846831,24,1,3,0
7336,1846949,6554,13107,1.00006103515625,1.999969482421875,1.00006103515625,1.999969482421875,,,1846956,24,1,3,0
7337,1847075,6554,13107,1.00006103515625,1.999969482421875,1.00006103515625,1.999969482421875,,,1847082,23,1,3,0
7338,1847200,6554,13107,1.00006103515625,1.999969482421875,1.00006103515625,1.999969482421875,,,1847207,24,1,3,0
7339,1847325,6554,13107,1.00006103515625,1.999969482421875,1.00006103515625,1.999969482421875,,,1847332,24,1,3,0
7340,1847450,6554,13107,1.00006103515625,1.999969482421875,1.00006103515625,1.999969482421875,,,1847457,24,1,3,0
7341,1847576,6554,13107,1.00006103515625,1.999969482421875,1.00006103515625,1.999969482421875,,,1847583,23,1,3,0
7342,1847701,6554,13107,1.00006103515625,1.999969482421875,1.00006103515625,1.999969482421875,,,1847708,24,1,3,0
7343,1847826,6554,13107,1.00006103515625,1.999969482421875,1.00006103515625,1.999969482421875,,,1847833,24,1,3,0
7344,1847951,6554,13107,1.00006103515625,1.999969482421875,1.00006103515625,1.999969482421875,,,1847958,24,1,3,0
7345,1848077,6554,13107,1.00006103515625,1.999969482421875,1.00006103515625,1.999969482421875,,,1848084,23,1,3,0
7346,1848202,6554,13107,1.00006103515625,1.999969482421875,1.00006103515625,1.999969482421875,,,1848209,24,1,3,0
7347,1848327,6554,13107,1.00006103515625,1.999969482421875,1.00006103515625,1.999969482421875,,,1848334,24,1,3,0
7348,1848452,6554,13107,1.00006103515625,1.999969482421875,1.00006103515625,1.999969482421875,,,1848459,24,1,3,0
7349,1848578,6554,13107,1.00006103515625,1.999969482421875,1.00006103515625,1.999969482421875,,,1848585,23,1,3,0
7350,1848703,6554,13107,1.00006103515625,1.999969482421875,1.00006103515625,1.999969482421875,,,1848710,24,1,3,0
7351,1848828,6554,13107,1.00006103515625,1.999969482421875,1.00006103515625,1.999969482421875,,,1848835,24,1,3,0
7352,1848953,6554,13107,1.00006103515625,1.999969482421875,1.00006103515625,1.999969482421875,,,1848960,24,1,3,0
7353,1849079,6554,13107,1.00006103515625,1.999969482421875,1.00006103515625,1.999969482421875,,,1849086,23,1,3,0
7354,1849204,6554,13107,1.00006103515625,1.999969482421875,1.00006103515625,1.999969482421875,,,1849211,24,1,3,0
7355,1849329,6554,13107,1.00006103515625,1.999969482421875,1.00006103515625,1.999969482421875,,,1849336,24,1,3,0
7356,1849454,6554,13107,1.00006103515625,1.999969482421875,1.00006103515625,1.999969482421875,,,1849461,24,1,3,0
7357,1849580,6554,13107,1.00006103515625,1.999969482421875,1.00006103515625,1.999969482421875,,,1849587,23,1,3,0
7358,1849705,6554,13107,1.00006103515625,1.999969482421875,1.00006103515625,1.999969482421875,,,1849712,24,1,3,0
7359,1849830,6554,13107,1.00006103515625,1.999969482421875,1.00006103515625,1.999969482421875,,,1849837,24,1,3,0
7360,1849955,6554,13107,1.00006103515625,1.999969482421875,1.00006103515625,1.999969482421875,,,1849962,24,1,3,0
7361,1850081,6554,13107,1.00006103515625,1.999969482421875,1.00006103515625,1.999969482421875,,,1850088,23,1,3,0
7362,1850206,6554,13107,1.00006103515625,1.999969482421875,1.00006103515625,1.999969482421875,,,1850213,24,1,3,0
7363,1850331,6554,13107,1.00006103515625,1.999969482421875,1.00006103515625,1.999969482421875,,,1850338,24,1,3,0
7364,1850456,6554,13107,1.00006103515625,1.999969482421875,1.00006103515625,1.999969482421875,,,1850463,24,1,3,0
7365,1850582,6554,13107,1.00006103515625,1.999969482421875,1.00006103515625,1.999969482421875,,,1850589,23,1,3,0
7366,1850707,6554,13107,1.00006103515625,1.999969482421875,1.00006103515625,1.999969482421875,,,1850714,24,1,3,0
7367,1850832,6554,13107,1.00006103515625,1.999969482421875,1.00006103515625,1.999969482421875,,,1850839,24,1,3,0
7368,1850957,6554,13107,1.00006103515625,1.999969482421875,1.00006103515625,1.999969482421875,,,1850964,24,1,3,0
7369,1851083,6554,13107,1.00006103515625,1.999969482421875,1.00006103515625,1.999969482421875,,,1851090,23,1,3,0
7370,1851208,6554,13107,1.00006103515625,1.999969482421875,1.00006103515625,1.999969482421875,,,1851215,24,1,3,0
7371,1851333,6554,13107,1.00006103515625,1.999969482421875,1.00006103515625,1.999969482421875,,,1851340,24,1,3,0
7372,1851458,6554,13107,1.00006103515625,1.999969482421875,1.00006103515625,1.999969482421875,,,1851465,24,1,3,0
7373,1851584,6554,13107,1.00006103515625,1.999969482421875,1.00006103515625,1.999969482421875,,,1851591,23,1,3,0
7374,1851709,6554,13107,1.00006103515625,1.999969482421875,1.00006103515625,1.999969482421875,,,1851716,24,1,3,0
7375,1851834,6554,13107,1.00006103515625,1.999969482421875,1.00006103515625,1.999969482421875,,,1851841,24,1,3,0
7376,1851959,6554,13107,1.00006103515625,1.999969482421875,1.00006103515625,1.999969482421875,,,1851966,24,1,3,0
7377,1852085,6554,13107,1.00006103515625,1.999969482421875,1.00006103515625,1.999969482421875,,,1852092,23,1,3,0
7378,1852210,6554,13107,1.00006103515625,1.999969482421875,1.00006103515625,1.999969482421875,,,1852217,24,1,3,0
7379,1852335,6554,13107,1.00006103515625,1.999969482421875,1.00006103515625,1.999969482421875,,,1852344,24,1,3,0
7380,1852460,6554,13107,1.00006103515625,1.999969482421875,1.00006103515625,1.999969482421875,,,1852467,24,1,3,0
7381,1852586,6554,13107,1.00006103515625,1.999969482421875,1.00006103515625,1.999969482421875,,,1852593,23,1,3,0
7382,1852711,6554,13107,1.00006103515625,1.999969482421875,1.00006103515625,1.999969482421875,,,1852718,24,1,3,0
7383,1852836,6554,13107,1.00006103515625,1.999969482421875,1.00006103515625,1.999969482421875,,,1852843,24,1,3,0
7384,1852961,6554,13107,1.00006103515625,1.999969482421875,1.00006103515625,1.999969482421875,,,1852968,24,1,3,0
7385,1853087,6554,13107,1.00006103515625,1.999969482421875,1.00006103515625,1.999969482421875,,,1853094,23,1,3,0
7386,1853212,6554,13107,1.00006103515625,1.999969482421875,1.00006103515625,1.999969482421875,,,1853219,24,1,3,0
7387,1853337,6554,13107,1.00006103515625,1.999969482421875,1.00006103515625,1.999969482421875,,,1853345,24,1,3,0
7388,1853462,6554,13107,1.00006103515625,1.999969482421875,1.00006103515625,1.999969482421875,,,1853469,24,1,3,0
7389,1853588,6554,13107,1.00006103515625,1.999969482421875,1.00006103515625,1.999969482421875,,,1853595,23,1,3,0
7390,1853713,6554,13107,1.00006103515625,1.999969482421875,1.00006103515625,1.999969482421875,,,1853720,24,1,3,0
7391,1853838,6554,13107,1.00006103515625,1.999969482421875,1.00006103515625,1.999969482421875,,,1853845,24,1,3,0
7392,1853963,6554,13107,1.00006103515625,1.999969482421875,1.00006103515625,1.999969482421875,,,1853970,24,1,3,0
7393,1854089,6554,13107,1.00006103515625,1.999969482421875,1.00006103515625,1.999969482421875,,,1854096,23,1,3,0
7394,1854214,6554,13107,1.00006103515625,1.999969482421875,1.00006103515625,1.999969482421875,,,1854221,24,1,3,0
7395,1854339,6554,13107,1.00006103515625,1.999969482421875,1.00006103515625,1.999969482421875,,,1854346,24,1,3,0
7396,1854464,6554,13107,1.00006103515625,1.999969482421875,1.00006103515625,1.999969482421875,,,1854471,24,1,3,0
7397,1854590,6554,13107,1.00006103515625,1.999969482421875,1.00006103515625,1.999969482421875,,,1854597,23,1,3,0
7398,1854715,6554,13107,1.00006103515625,1.999969482421875,1.00006103515625,1.999969482421875,,,1854722,24,1,3,0
7399,1854840,6554,13107,1.00006103515625,1.999969482421875,1.00006103515625,1.999969482421875,,,1854847,24,1,3,0
7400,1854965,6554,13107,1.00006103515625,1.999969482421875,1.00006103515625,1.999969482421875,,,1854972,24,1,3,0
7401,1855091,6554,13107,1.00006103515625,1.999969482421875,1.00006103515625,1.999969482421875,,,1855098,23,1,3,0
7402,1855216,6554,13107,1.00006103515625,1.999969482421875,1.00006103515625,1.999969482421875,,,1855223,24,1,3,0
7403,1855341,6554,13107,1.00006103515625,1.999969482421875,1.00006103515625,1.999969482421875,,,1855348,24,1,3,0
7404,1855466,6554,13107,1.00006103515625,1.999969482421875,1.00006103515625,1.999969482421875,,,1855473,24,1,3,0
7405,1855592,6554,13107,1.00006103515625,1.999969482421875,1.00006103515625,1.999969482421875,,,1855599,23,1,3,0
7406,1855717,6554,13107,1.00006103515625,1.999969482421875,1.00006103515625,1.999969482421875,,,1855724,24,1,3,0
7407,1855842,6554,13107,1.00006103515625,1.999969482421875,1.00006103515625,1.999969482421875,,,1855849,24,1,3,0
7408,1855967,6554,13107,1.00006103515625,1.999969482421875,1.00006103515625,1.999969482421875,,,1855974,24,1,3,0
7409,1856093,6554,13107,1.00006103515625,1.999969482421875,1.00006103515625,1.999969482421875,,,1856100,23,1,3,0
7410,1856218,6554,13107,1.00006103515625,1.999969482421875,1.00006103515625,1.999969482421875,,,1856225,24,1,3,0
7411,1856343,6554,13107,1.00006103515625,1.999969482421875,1.00006103515625,1.999969482421875,,,1856350,24,1,3,0
7412,1856468,6554,13107,1.00006103515625,1.999969482421875,1.00006103515625,1.999969482421875,,,1856475,24,1,3,0
7413,1856594,6554,13107,1.00006103515625,1.999969482421875,1.00006103515625,1.999969482421875,,,1856601,23,1,3,0
7414,1856719,6554,13107,1.00006103515625,1.999969482421875,1.00006103515625,1.999969482421875,,,1856726,24,1,3,0
7415,1856844,6554,13107,1.00006103515625,1.999969482421875,1.00006103515625,1.999969482421875,,,1856851,24,1,3,0
7416,1856969,6554,13107,1.00006103515625,1.999969482421875,1.00006103515625,1.999969482421875,,,1856976,24,1,3,0
7417,1857095,6554,13107,1.00006103515625,1.999969482421875,1.00006103515625,1.999969482421875,,,1857102,23,1,3,0
7418,1857220,6554,13107,1.00006103515625,1.999969482421875,1.00006103515625,1.999969482421875,,,1857227,24,1,3,0
7419,1857345,6554,13107,1.00006103515625,1.999969482421875,1.00006103515625,1.999969482421875,,,1857352,24,1,3,0
7420,1857470,6554,13107,1.00006103515625,1.999969482421875,1.00006103515625,1.999969482421875,,,1857478,24,1,3,0
7421,1857596,6554,13107,1.00006103515625,1.999969482421875,1.00006103515625,1.999969482421875,,,1857603,23,1,3,0
7422,1857721,6554,13107,1.00006103515625,1.999969482421875,1.00006103515625,1.999969482421875,,,1857728,24,1,3,0
7423,1857846,6554,13107,1.00006103515625,1.999969482421875,1.00006103515625,1.999969482421875,,,1857853,24,1,3,0
7424,1857971,6554,13107,1.00006103515625,1.999969482421875,1.00006103515625,1.999969482421875,,,1857978,24,1,3,0
7425,1858097,6554,13107,1.00006103515625,1.999969482421875,1.00006103515625,1.999969482421875,,,1858104,23,1,3,0
7426,1858222,6554,13107,1.00006103515625,1.999969482421875,1.00006103515625,1.999969482421875,,,1858229,24,1,3,0
7427,1858347,6554,13107,1.00006103515625,1.999969482421875,1.00006103515625,1.999969482421875,,,1858354,24,1,3,0
7428,1858472,6554,13107,1.00006103515625,1.999969482421875,1.00006103515625,1.999969482421875,,,1858479,24,1,3,0
7429,1858598,6554,13107,1.00006103515625,1.999969482421875,1.00006103515625,1.999969482421875,,,1858605,23,1,3,0
7430,1858723,6554,13107,1.00006103515625,1.999969482421875,1.00006103515625,1.999969482421875,,,1858730,24,1,3,0
7431,1858848,6554,13107,1.00006103515625,1.999969482421875,1.00006103515625,1.999969482421875,,,1858855,24,1,3,0
7432,1858973,6554,13107,1.00006103515625,1.999969482421875,1.00006103515625,1.999969482421875,,,1858980,24,1,3,0
7433,1859099,6554,13107,1.00006103515625,1.999969482421875,1.00006103515625,1.999969482421875,,,1859106,23,1,3,0
7434,1859224,6554,13107,1.00006103515625,1.999969482421875,1.00006103515625,1.999969482421875,,,1859231,24,1,3,0
7435,1859349,6554,13107,1.00006103515625,1.999969482421875,1.00006103515625,1.999969482421875,,,1859356,24,1,3,0
7436,1859474,6554,13107,1.00006103515625,1.999969482421875,1.00006103515625,1.999969482421875,,,1859481,24,1,3,0
7437,1859600,6554,13107,1.00006103515625,1.999969482421875,1.00006103515625,1.999969482421875,,,1859607,23,1,3,0
7438,1859725,6554,13107,1.00006103515625,1.999969482421875,1.00006103515625,1.999969482421875,,,1859732,24,1,3,0
7439,1859850,6554,13107,1.00006103515625,1.999969482421875,1.00006103515625,1.999969482421875,,,1859857,24,1,3,0
7440,1859975,6554,13107,1.00006103515625,1.999969482421875,1.00006103515625,1.999969482421875,,,1859982,24,1,3,0
7441,1860101,6554,13107,1.00006103515625,1.999969482421875,1.00006103515625,1.999969482421875,,,1860108,23,1,3,0
7442,1860226,6554,13107,1.00006103515625,1.999969482421875,1.00006103515625,1.999969482421875,,,1860233,24,1,3,0
7443,1860351,6554,13107,1.00006103515625,1.999969482421875,1.00006103515625,1.999969482421875,,,1860358,24,1,3,0
7444,1860476,6554,13107,1.00006103515625,1.999969482421875,1.00006103515625,1.999969482421875,,,1860483,24,1,3,0
7445,1860602,6554,13107,1.00006103515625,1.999969482421875,1.00006103515625,1.999969482421875,,,1860609,23,1,3,0
7446,1860727,6554,13107,1.00006103515625,1.999969482421875,1.00006103515625,1.999969482421875,,,1860734,24,1,3,0
7447,1860852,6554,13107,1.00006103515625,1.999969482421875,1.00006103515625,1.999969482421875,,,1860859,24,1,3,0
7448,1860977,6554,13107,1.00006103515625,1.999969482421875,1.00006103515625,1.999969482421875,,,1860985,23,1,3,0
7449,1861103,6554,13107,1.00006103515625,1.999969482421875,1.00006103515625,1.999969482421875,,,1861110,23,1,3,0
7450,1861228,6554,13107,1.00006103515625,1.999969482421875,1.00006103515625,1.999969482421875,,,1861235,24,1,3,0
7451,1861353,6554,13107,1.00006103515625,1.999969482421875,1.00006103515625,1.999969482421875,,,1861360,24,1,3,0
7452,1861478,6554,13107,1.00006103515625,1.999969482421875,1.00006103515625,1.999969482421875,,,1861485,24,1,3,0
7453,1861604,6554,13107,1.00006103515625,1.999969482421875,1.00006103515625,1.999969482421875,,,1861611,23,1,3,0
7454,1861729,6554,13107,1.00006103515625,1.999969482421875,1.00006103515625,1.999969482421875,,,1861736,24,1,3,0
7455,1861854,6554,13107,1.00006103515625,1.999969482421875,1.00006103515625,1.999969482421875,,,1861861,24,1,3,0
7456,1861979,6554,13107,1.00006103515625,1.999969482421875,1.00006103515625,1.999969482421875,,,1861986,24,1,3,0
7457,1862105,6554,13107,1.00006103515625,1.999969482421875,1.00006103515625,1.999969482421875,,,1862112,23,1,3,0
7458,1862230,6554,13107,1.00006103515625,1.999969482421875,1.00006103515625,1.999969482421875,,,1862237,24,1,3,0
7459,1862355,6554,13107,1.00006103515625,1.999969482421875,1.00006103515625,1.999969482421875,,,1862362,24,1,3,0
7460,1862480,6554,13107,1.00006103515625,1.999969482421875,1.00006103515625,1.999969482421875,,,1862489,23,1,3,0
7461,1862606,6554,13107,1.00006103515625,1.999969482421875,1.00006103515625,1.999969482421875,,,1862613,23,1,3,0
7462,1862731,6554,13107,1.00006103515625,1.999969482421875,1.00006103515625,1.999969482421875,,,1862738,24,1,3,0
7463,1862856,6554,13107,1.00006103515625,1.999969482421875,1.00006103515625,1.999969482421875,,,1862863,24,1,3,0
7464,1862981,6554,13107,1.00006103515625,1.999969482421875,1.00006103515625,1.999969482421875,,,1862988,24,1,3,0
7465,1863107,6554,13107,1.00006103515625,1.999969482421875,1.00006103515625,1.999969482421875,,,1863114,23,1,3,0
7466,1863232,6554,13107,1.00006103515625,1.999969482421875,1.00006103515625,1.999969482421875,,,1863239,24,1,3,0
7467,1863357,6554,13107,1.00006103515625,1.999969482421875,1.00006103515625,1.999969482421875,,,1863364,24,1,3,0
7468,1863482,6554,13107,1.00006103515625,1.999969482421875,1.00006103515625,1.999969482421875,,,1863489,24,1,3,0
7469,1863608,6554,13107,1.00006103515625,1.999969482421875,1.00006103515625,1.999969482421875,,,1863615,23,1,3,0
7470,1863733,6554,13107,1.00006103515625,1.999969482421875,1.00006103515625,1.999969482421875,,,1863740,24,1,3,0
7471,1863858,6554,13107,1.00006103515625,1.999969482421875,1.00006103515625,1.999969482421875,,,1863865,24,1,3,0
7472,1863983,6554,13107,1.00006103515625,1.999969482421875,1.00006103515625,1.999969482421875,,,1863990,24,1,3,0
7473,1864109,6554,13107,1.00006103515625,1.999969482421875,1.00006103515625,1.999969482421875,,,1864116,23,1,3,0
7474,1864234,6554,13107,1.00006103515625,1.999969482421875,1.00006103515625,1.999969482421875,,,1864241,24,1,3,0
7475,1864359,6554,13107,1.00006103515625,1.999969482421875,1.00006103515625,1.999969482421875,,,1864366,24,1,3,0
7476,1864484,6554,13107,1.00006103515625,1.999969482421875,1.00006103515625,1.999969482421875,,,1864491,24,1,3,0
7477,1864610,6554,13107,1.00006103515625,1.999969482421875,1.00006103515625,1.999969482421875,,,1864617,26,1,3,0
7478,1864735,6554,13107,1.00006103515625,1.999969482421875,1.00006103515625,1.999969482421875,,,1864742,24,1,3,0
7479,1864860,6554,13107,1.00006103515625,1.999969482421875,1.00006103515625,1.999969482421875,,,1864867,24,1,3,0
7480,1864985,6554,13107,1.00006103515625,1.999969482421875,1.00006103515625,1.999969482421875,,,1864992,24,1,3,0
7481,1865111,6554,13107,1.00006103515625,1.999969482421875,1.00006103515625,1.999969482421875,,,1865118,23,1,3,0
7482,1865236,6554,13107,1.00006103515625,1.999969482421875,1.00006103515625,1.999969482421875,,,1865243,24,1,3,0
7483,1865361,6554,13107,1.00006103515625,1.999969482421875,1.00006103515625,1.999969482421875,,,1865368,24,1,3,0
7484,1865486,6554,13107,1.00006103515625,1.999969482421875,1.00006103515625,1.999969482421875,,,1865493,24,1,3,0
7485,1865612,6554,13107,1.00006103515625,1.999969482421875,1.00006103515625,1.999969482421875,,,1865619,25,1,3,0
7486,1865737,6554,13107,1.00006103515625,1.999969482421875,1.00006103515625,1.999969482421875,,,1865744,24,1,3,0
7487,1865862,6554,13107,1.00006103515625,1.999969482421875,1.00006103515625,1.999969482421875,,,1865869,24,1,3,0
7488,1865987,6554,13107,1.00006103515625,1.999969482421875,1.00006103515625,1.999969482421875,,,1865994,24,1,3,0
7489,1866113,6554,13107,1.00006103515625,1.999969482421875,1.00006103515625,1.999969482421875,,,1866120,23,1,3,0
7490,1866238,6554,13107,1.00006103515625,1.999969482421875,1.00006103515625,1.999969482421875,,,1866245,24,1,3,0
7491,1866363,6554,13107,1.00006103515625,1.999969482421875,1.00006103515625,1.999969482421875,,,1866370,24,1,3,0
7492,1866488,6554,13107,1.00006103515625,1.999969482421875,1.00006103515625,1.999969482421875,,,1866495,24,1,3,0
7493,1866614,6554,13107,1.00006103515625,1.999969482421875,1.00006103515625,1.999969482421875,,,1866621,23,1,3,0
7494,1866739,6554,13107,1.00006103515625,1.999969482421875,1.00006103515625,1.999969482421875,,,1866746,24,1,3,0
7495,1866864,6554,13107,1.00006103515625,1.999969482421875,1.00006103515625,1.999969482421875,,,1866871,24,1,3,0
7496,1866989,6554,13107,1.00006103515625,1.999969482421875,1.00006103515625,1.999969482421875,,,1866996,24,1,3,0
7497,1867115,6554,13107,1.00006103515625,1.999969482421875,1.00006103515625,1.999969482421875,,,1867122,23,1,3,0
7498,1867240,6554,13107,1.00006103515625,1.999969482421875,1.00006103515625,1.999969482421875,,,1867247,24,1,3,0
7499,1867365,6554,13107,1.00006103515625,1.999969482421875,1.00006103515625,1.999969482421875,,,1867372,24,1,3,0
7500,1867490,6554,13107,1.00006103515625,1.999969482421875,1.00006103515625,1.999969482421875,,,1867497,24,1,3,0
7501,1867616,6554,13107,1.00006103515625,1.999969482421875,1.00006103515625,1.999969482421875,,,1867623,23,1,3,0
7502,1867741,6554,13107,1.00006103515625,1.999969482421875,1.00006103515625,1.999969482421875,,,1867748,24,1,3,0
7503,1867866,6554,13107,1.00006103515625,1.999969482421875,1.00006103515625,1.999969482421875,,,1867873,24,1,3,0
7504,1867991,6554,13107,1.00006103515625,1.999969482421875,1.00006103515625,1.999969482421875,,,1867998,24,1,3,0
7505,1868117,6554,13107,1.00006103515625,1.999969482421875,1.00006103515625,1.999969482421875,,,1868124,23,1,3,0
7506,1868242,6554,13107,1.00006103515625,1.999969482421875,1.00006103515625,1.999969482421875,,,1868249,24,1,3,0
7507,1868367,6554,13107,1.00006103515625,1.999969482421875,1.00006103515625,1.999969482421875,,,1868374,24,1,3,0
7508,1868492,6554,13107,1.00006103515625,1.999969482421875,1.00006103515625,1.999969482421875,,,1868499,24,1,3,0
7509,1868618,6554,13107,1.00006103515625,1.999969482421875,1.00006103515625,1.999969482421875,,,1868625,23,1,3,0
7510,1868743,6554,13107,1.00006103515625,1.999969482421875,1.00006103515625,1.999969482421875,,,1868750,24,1,3,0
7511,1868868,6554,13107,1.00006103515625,1.999969482421875,1.00006103515625,1.999969482421875,,,1868875,24,1,3,0
7512,1868993,6554,13107,1.00006103515625,1.999969482421875,1.00006103515625,1.999969482421875,,,1869000,24,1,3,0
7513,1869119,6554,13107,1.00006103515625,1.999969482421875,1.00006103515625,1.999969482421875,,,1869126,23,1,3,0
7514,1869244,6554,13107,1.00006103515625,1.999969482421875,1.00006103515625,1.999969482421875,,,1869251,24,1,3,0
7515,1869369,6554,13107,1.00006103515625,1.999969482421875,1.00006103515625,1.999969482421875,,,1869376,24,1,3,0
7516,1869494,6554,13107,1.00006103515625,1.999969482421875,1.00006103515625,1.999969482421875,,,1869502,24,1,3,0
7517,1869620,6554,13107,1.00006103515625,1.999969482421875,1.00006103515625,1.999969482421875,,,1869627,23,1,3,0
7518,1869745,6554,13107,1.00006103515625,1.999969482421875,1.00006103515625,1.999969482421875,,,1869752,24,1,3,0
7519,1869870,6554,13107,1.00006103515625,1.999969482421875,1.00006103515625,1.999969482421875,,,1869877,24,1,3,0
7520,1869995,6554,13107,1.00006103515625,1.999969482421875,1.00006103515625,1.999969482421875,,,1870002,24,1,3,0
7521,1870121,6554,13107,1.00006103515625,1.999969482421875,1.00006103515625,1.999969482421875,,,1870128,23,1,3,0
7522,1870246,6554,13107,1.00006103515625,1.999969482421875,1.00006103515625,1.999969482421875,,,1870253,24,1,3,0
7523,1870371,6554,13107,1.00006103515625,1.999969482421875,1.00006103515625,1.999969482421875,,,1870378,24,1,3,0
7524,1870496,6554,13107,1.00006103515625,1.999969482421875,1.00006103515625,1.999969482421875,,,1870503,24,1,3,0
7525,1870622,6554,13107,1.00006103515625,1.999969482421875,1.00006103515625,1.999969482421875,,,1870629,23,1,3,0
7526,1870747,6554,13107,1.00006103515625,1.999969482421875,1.00006103515625,1.999969482421875,,,1870754,24,1,3,0
7527,1870872,6554,13107,1.00006103515625,1.999969482421875,1.00006103515625,1.999969482421875,,,1870880,24,1,3,0
7528,1870997,6554,13107,1.00006103515625,1.999969482421875,1.00006103515625,1.999969482421875,,,1871004,24,1,3,0
7529,1871123,6554,13107,1.00006103515625,1.999969482421875,1.00006103515625,1.999969482421875,,,1871130,23,1,3,0
7530,1871248,6554,13107,1.00006103515625,1.999969482421875,1.00006103515625,1.999969482421875,,,1871255,24,1,3,0
7531,1871373,6554,13107,1.00006103515625,1.999969482421875,1.00006103515625,1.999969482421875,,,1871380,24,1,3,0
7532,1871498,6554,13107,1.00006103515625,1.999969482421875,1.00006103515625,1.999969482421875,,,1871505,24,1,3,0
7533,1871624,6554,13107,1.00006103515625,1.999969482421875,1.00006103515625,1.999969482421875,,,1871631,23,1,3,0
7534,1871749,6554,13107,1.00006103515625,1.999969482421875,1.00006103515625,1.999969482421875,,,1871756,24,1,3,0
7535,1871874,6554,13107,1.00006103515625,1.999969482421875,1.00006103515625,1.999969482421875,,,1871881,24,1,3,0
7536,1871999,6554,13107,1.00006103515625,1.999969482421875,1.00006103515625,1.999969482421875,,,1872006,24,1,3,0
7537,1872125,6554,13107,1.00006103515625,1.999969482421875,1.00006103515625,1.999969482421875,,,1872132,23,1,3,0
7538,1872250,6554,13107,1.00006103515625,1.999969482421875,1.00006103515625,1.999969482421875,,,1872257,24,1,3,0
7539,1872375,6554,13107,1.00006103515625,1.999969482421875,1.00006103515625,1.999969482421875,,,1872382,24,1,3,0
7540,1872500,6554,13107,1.00006103515625,1.999969482421875,1.00006103515625,1.999969482421875,,,1872509,24,1,3,0
7541,1872626,6554,13107,1.00006103515625,1.999969482421875,1.00006103515625,1.999969482421875,,,1872633,23,1,3,0
7542,1872751,6554,13107,1.00006103515625,1.999969482421875,1.00006103515625,1.999969482421875,,,1872758,24,1,3,0
7543,1872876,6554,13107,1.00006103515625,1.999969482421875,1.00006103515625,1.999969482421875,,,1872883,24,1,3,0
7544,1873001,6554,13107,1.00006103515625,1.999969482421875,1.00006103515625,1.999969482421875,,,1873008,24,1,3,0
7545,1873127,6554,13107,1.00006103515625,1.999969482421875,1.00006103515625,1.999969482421875,,,1873134,23,1,3,0
7546,1873252,6554,13107,1.00006103515625,1.999969482421875,1.00006103515625,1.999969482421875,,,1873259,24,1,3,0
7547,1873377,6554,13107,1.00006103515625,1.999969482421875,1.00006103515625,1.999969482421875,,,1873384,24,1,3,0
7548,1873502,6554,13107,1.00006103515625,1.999969482421875,1.00006103515625,1.999969482421875,,,1873509,24,1,3,0
7549,1873628,6554,13107,1.00006103515625,1.999969482421875,1.00006103515625,1.999969482421875,,,1873635,26,1,3,0
7550,1873753,6554,13107,1.00006103515625,1.999969482421875,1.00006103515625,1.999969482421875,,,1873760,24,1,3,0
7551,1873878,6554,13107,1.00006103515625,1.999969482421875,1.00006103515625,1.999969482421875,,,1873885,24,1,3,0
7552,1874003,6554,13107,1.00006103515625,1.999969482421875,1.00006103515625,1.999969482421875,,,1874010,24,1,3,0
7553,1874129,6554,13107,1.00006103515625,1.999969482421875,1.00006103515625,1.999969482421875,,,1874136,23,1,3,0
7554,1874254,6554,13107,1.00006103515625,1.999969482421875,1.00006103515625,1.999969482421875,,,1874261,24,1,3,0
7555,1874379,6554,13107,1.00006103515625,1.999969482421875,1.00006103515625,1.999969482421875,,,1874386,24,1,3,0
7556,1874504,6554,13107,1.00006103515625,1.999969482421875,1.00006103515625,1.999969482421875,,,1874511,24,1,3,0
7557,1874630,6554,13107,1.00006103515625,1.999969482421875,1.00006103515625,1.999969482421875,,,1874637,26,1,3,0
7558,1874755,6554,13107,1.00006103515625,1.999969482421875,1.00006103515625,1.999969482421875,,,1874762,24,1,3,0
7559,1874880,6554,13107,1.00006103515625,1.999969482421875,1.00006103515625,1.999969482421875,,,1874887,24,1,3,0
7560,1875005,6554,13107,1.00006103515625,1.999969482421875,1.00006103515625,1.999969482421875,,,1875012,24,1,3,0
7561,1875131,6554,13107,1.00006103515625,1.999969482421875,1.00006103515625,1.999969482421875,,,1875138,23,1,3,0
7562,1875256,6554,13107,1.00006103515625,1.999969482421875,1.00006103515625,1.999969482421875,,,1875263,24,1,3,0
7563,1875381,6554,13107,1.00006103515625,1.999969482421875,1.00006103515625,1.999969482421875,,,1875388,24,1,3,0
7564,1875506,6554,13107,1.00006103515625,1.999969482421875,1.00006103515625,1.999969482421875,,,1875513,24,1,3,0
7565,1875632,6554,13107,1.00006103515625,1.999969482421875,1.00006103515625,1.999969482421875,,,1875639,26,1,3,0
7566,1875757,6554,13107,1.00006103515625,1.999969482421875,1.00006103515625,1.999969482421875,,,1875764,24,1,3,0
7567,1875882,6554,13107,1.00006103515625,1.999969482421875,1.00006103515625,1.999969482421875,,,1875889,24,1,3,0
7568,1876007,6554,13107,1.00006103515625,1.999969482421875,1.00006103515625,1.999969482421875,,,1876014,24,1,3,0
7569,1876133,6554,13107,1.00006103515625,1.999969482421875,1.00006103515625,1.999969482421875,,,1876140,23,1,3,0
7570,1876258,6554,13107,1.00006103515625,1.999969482421875,1.00006103515625,1.999969482421875,,,1876265,24,1,3,0
7571,1876383,6554,13107,1.00006103515625,1.999969482421875,1.00006103515625,1.999969482421875,,,1876390,24,1,3,0
7572,1876508,6554,13107,1.00006103515625,1.999969482421875,1.00006103515625,1.999969482421875,,,1876517,23,1,3,0
7573,1876634,6554,13107,1.00006103515625,1.999969482421875,1.00006103515625,1.999969482421875,,,1876643,24,1,3,0
7574,1876759,6554,13107,1.00006103515625,1.999969482421875,1.00006103515625,1.999969482421875,,,1876766,24,1,3,0
7575,1876884,6554,13107,1.00006103515625,1.999969482421875,1.00006103515625,1.999969482421875,,,1876891,24,1,3,0
7576,1877009,6554,13107,1.00006103515625,1.999969482421875,1.00006103515625,1.999969482421875,,,1877016,24,1,3,0
7577,1877135,6554,13107,1.00006103515625,1.999969482421875,1.00006103515625,1.999969482421875,,,1877143,23,1,3,0
7578,1877260,6554,13107,1.00006103515625,1.999969482421875,1.00006103515625,1.999969482421875,,,1877267,24,1,3,0
7579,1877385,6554,13107,1.00006103515625,1.999969482421875,1.00006103515625,1.999969482421875,,,1877392,24,1,3,0
7580,1877510,6554,13107,1.00006103515625,1.999969482421875,1.00006103515625,1.999969482421875,,,1877517,24,1,3,0
7581,1877636,6554,13107,1.00006103515625,1.999969482421875,1.00006103515625,1.999969482421875,,,1877644,24,1,3,0
7582,1877761,6554,13107,1.00006103515625,1.999969482421875,1.00006103515625,1.999969482421875,,,1877768,24,1,3,0
7583,1877886,6554,13107,1.00006103515625,1.999969482421875,1.00006103515625,1.999969482421875,,,1877893,24,1,3,0
7584,1878011,6554,13107,1.00006103515625,1.999969482421875,1.00006103515625,1.999969482421875,,,1878018,24,1,3,0
7585,1878137,6554,13107,1.00006103515625,1.999969482421875,1.00006103515625,1.999969482421875,,,1878145,24,1,3,0
7586,1878262,6554,13107,1.00006103515625,1.999969482421875,1.00006103515625,1.999969482421875,,,1878269,24,1,3,0
7587,1878387,6554,13107,1.00006103515625,1.999969482421875,1.00006103515625,1.999969482421875,,,1878396,23,1,3,0
7588,1878512,6554,13107,1.00006103515625,1.999969482421875,1.00006103515625,1.999969482421875,,,1878520,24,1,3,0
7589,1878638,6554,13107,1.00006103515625,1.999969482421875,1.00006103515625,1.999969482421875,,,1878646,24,1,3,0
7590,1878763,6554,13107,1.00006103515625,1.999969482421875,1.00006103515625,1.999969482421875,,,1878770,24,1,3,0
7591,1878888,6554,13107,1.00006103515625,1.999969482421875,1.00006103515625,1.999969482421875,,,1878895,24,1,3,0
7592,1879013,6554,13107,1.00006103515625,1.999969482421875,1.00006103515625,1.999969482421875,,,1879020,24,1,3,0
7593,1879139,6554,13107,1.00006103515625,1.999969482421875,1.00006103515625,1.999969482421875,,,1879146,24,1,3,0
7594,1879264,6554,13107,1.00006103515625,1.999969482421875,1.00006103515625,1.999969482421875,,,1879271,24,1,3,0
7595,1879389,6554,13107,1.00006103515625,1.999969482421875,1.00006103515625,1.999969482421875,,,1879397,23,1,3,0
7596,1879514,6554,13107,1.00006103515625,1.999969482421875,1.00006103515625,1.999969482421875,,,1879523,23,1,3,0
7597,1879640,6554,13107,1.00006103515625,1.999969482421875,1.00006103515625,1.999969482421875,,,1879648,24,1,3,0
7598,1879765,6554,13107,1.00006103515625,1.999969482421875,1.00006103515625,1.999969482421875,,,1879772,24,1,3,0
7599,1879890,6554,13107,1.00006103515625,1.999969482421875,1.00006103515625,1.999969482421875,,,1879897,24,1,3,0
7600,1880015,6554,13107,1.00006103515625,1.999969482421875,1.00006103515625,1.999969482421875,,,1880022,24,1,3,0
7601,1880141,6554,13107,1.00006103515625,1.999969482421875,1.00006103515625,1.999969482421875,,,1880148,23,1,3,0
7602,1880266,6554,13107,1.00006103515625,1.999969482421875,1.00006103515625,1.999969482421875,,,1880273,24,1,3,0
7603,1880391,6554,13107,1.00006103515625,1.999969482421875,1.00006103515625,1.999969482421875,,,1880398,24,1,3,0
7604,1880516,6554,13107,1.00006103515625,1.999969482421875,1.00006103515625,1.999969482421875,,,1880523,24,1,3,0
7605,1880641,6554,13107,1.00006103515625,1.999969482421875,1.00006103515625,1.999969482421875,,,1880650,23,1,3,0
7606,1880767,6554,13107,1.00006103515625,1.999969482421875,1.00006103515625,1.999969482421875,,,1880774,24,1,3,0
7607,1880893,6554,13107,1.00006103515625,1.999969482421875,1.00006103515625,1.999969482421875,,,1880900,23,1,3,0
7608,1881018,6554,13107,1.00006103515625,1.999969482421875,1.00006103515625,1.999969482421875,,,1881025,24,1,3,0
7609,1881143,6554,13107,1.00006103515625,1.999969482421875,1.00006103515625,1.999969482421875,,,1881150,24,1,3,0
7610,1881268,6554,13107,1.00006103515625,1.999969482421875,1.00006103515625,1.999969482421875,,,1881275,24,1,3,0
7611,1881394,6554,13107,1.00006103515625,1.999969482421875,1.00006103515625,1.999969482421875,,,1881401,23,1,3,0
7612,1881519,6554,13107,1.00006103515625,1.999969482421875,1.00006103515625,1.999969482421875,,,1881527,23,1,3,0
7613,1881645,6554,13107,1.00006103515625,1.999969482421875,1.00006103515625,1.999969482421875,,,1881652,23,1,3,0
7614,1881770,6554,13107,1.00006103515625,1.999969482421875,1.00006103515625,1.999969482421875,,,1881777,24,1,3,0
7615,1881895,6554,13107,1.00006103515625,1.999969482421875,1.00006103515625,1.999969482421875,,,1881902,24,1,3,0
7616,1882021,6554,13107,1.00006103515625,1.999969482421875,1.00006103515625,1.999969482421875,,,1882028,23,1,3,0
7617,1882146,6554,13107,1.00006103515625,1.999969482421875,1.00006103515625,1.999969482421875,,,1882153,24,1,3,0
7618,1882271,6554,13107,1.00006103515625,1.999969482421875,1.00006103515625,1.999969482421875,,,1882278,24,1,3,0
7619,1882396,6554,13107,1.00006103515625,1.999969482421875,1.00006103515625,1.999969482421875,,,1882403,24,1,3,0
7620,1882522,6554,13107,1.00006103515625,1.999969482421875,1.00006103515625,1.999969482421875,,,1882529,23,1,3,0
7621,1882647,6554,13107,1.00006103515625,1.999969482421875,1.00006103515625,1.999969482421875,,,1882654,24,1,3,0
7622,1882772,6554,13107,1.00006103515625,1.999969482421875,1.00006103515625,1.999969482421875,,,1882779,24,1,3,0
7623,1882897,6554,13107,1.00006103515625,1.999969482421875,1.00006103515625,1.999969482421875,,,1882904,24,1,3,0
7624,1883023,6554,13107,1.00006103515625,1.999969482421875,1.00006103515625,1.999969482421875,,,1883030,23,1,3,0
7625,1883148,6554,13107,1.00006103515625,1.999969482421875,1.00006103515625,1.999969482421875,,,1883155,24,1,3,0
7626,1883273,6554,13107,1.00006103515625,1.999969482421875,1.00006103515625,1.999969482421875,,,1883280,24,1,3,0
7627,1883398,6554,13107,1.00006103515625,1.999969482421875,1.00006103515625,1.999969482421875,,,1883405,24,1,3,0
7628,1883524,6554,13107,1.00006103515625,1.999969482421875,1.00006103515625,1.999969482421875,,,1883531,23,1,3,0
7629,1883649,6554,13107,1.00006103515625,1.999969482421875,1.00006103515625,1.999969482421875,,,1883656,24,1,3,0
7630,1883774,6554,13107,1.00006103515625,1.999969482421875,1.00006103515625,1.999969482421875,,,1883781,24,1,3,0
7631,1883899,6554,13107,1.00006103515625,1.999969482421875,1.00006103515625,1.999969482421875,,,1883906,24,1,3,0
7632,1884025,6554,13107,1.00006103515625,1.999969482421875,1.00006103515625,1.999969482421875,,,1884032,23,1,3,0
7633,1884150,6554,13107,1.00006103515625,1.999969482421875,1.00006103515625,1.999969482421875,,,1884157,24,1,3,0
7634,1884275,6554,13107,1.00006103515625,1.999969482421875,1.00006103515625,1.999969482421875,,,1884282,24,1,3,0
7635,1884400,6554,13107,1.00006103515625,1.999969482421875,1.00006103515625,1.999969482421875,,,1884407,24,1,3,0
7636,1884526,6554,13107,1.00006103515625,1.999969482421875,1.00006103515625,1.999969482421875,,,1884533,23,1,3,0
7637,1884651,6554,13107,1.00006103515625,1.999969482421875,1.00006103515625,1.999969482421875,,,1884658,24,1,3,0
7638,1884776,6554,13107,1.00006103515625,1.999969482421875,1.00006103515625,1.999969482421875,,,1884783,24,1,3,0
7639,1884901,6554,13107,1.00006103515625,1.999969482421875,1.00006103515625,1.999969482421875,,,1884908,24,1,3,0
7640,1885027,6554,13107,1.00006103515625,1.999969482421875,1.00006103515625,1.999969482421875,,,1885034,23,1,3,0
7641,1885152,6554,13107,1.00006103515625,1.999969482421875,1.00006103515625,1.999969482421875,,,1885159,24,1,3,0
7642,1885277,6554,13107,1.00006103515625,1.999969482421875,1.00006103515625,1.999969482421875,,,1885284,24,1,3,0
7643,1885402,6554,13107,1.00006103515625,1.999969482421875,1.00006103515625,1.999969482421875,,,1885409,24,1,3,0
7644,1885528,6554,13107,1.00006103515625,1.999969482421875,1.00006103515625,1.999969482421875,,,1885535,23,1,3,0
7645,1885653,6554,13107,1.00006103515625,1.999969482421875,1.00006103515625,1.999969482421875,,,1885660,24,1,3,0
7646,1885778,6554,13107,1.00006103515625,1.999969482421875,1.00006103515625,1.999969482421875,,,1885785,24,1,3,0
7647,1885903,6554,13107,1.00006103515625,1.999969482421875,1.00006103515625,1.999969482421875,,,1885910,24,1,3,0
7648,1886029,6554,13107,1.00006103515625,1.999969482421875,1.00006103515625,1.999969482421875,,,1886036,23,1,3,0
7649,1886154,6554,13107,1.00006103515625,1.999969482421875,1.00006103515625,1.999969482421875,,,1886161,24,1,3,0
7650,1886279,6554,13107,1.00006103515625,1.999969482421875,1.00006103515625,1.999969482421875,,,1886286,24,1,3,0
7651,1886404,6554,13107,1.00006103515625,1.999969482421875,1.00006103515625,1.999969482421875,,,1886411,24,1,3,0
7652,1886530,6554,13107,1.00006103515625,1.999969482421875,1.00006103515625,1.999969482421875,,,1886537,23,1,3,0
7653,1886655,6554,13107,1.00006103515625,1.999969482421875,1.00006103515625,1.999969482421875,,,1886662,24,1,3,0
7654,1886780,6554,13107,1.00006103515625,1.999969482421875,1.00006103515625,1.999969482421875,,,1886787,24,1,3,0
7655,1886905,6554,13107,1.00006103515625,1.999969482421875,1.00006103515625,1.999969482421875,,,1886912,24,1,3,0
7656,1887031,6554,13107,1.00006103515625,1.999969482421875,1.00006103515625,1.999969482421875,,,1887038,23,1,3,0
7657,1887156,6554,13107,1.00006103515625,1.999969482421875,1.00006103515625,1.999969482421875,,,1887163,24,1,3,0
7658,1887281,6554,13107,1.00006103515625,1.999969482421875,1.00006103515625,1.999969482421875,,,1887288,24,1,3,0
7659,1887406,6554,13107,1.00006103515625,1.999969482421875,1.00006103515625,1.999969482421875,,,1887413,24,1,3,0
7660,1887532,6554,13107,1.00006103515625,1.999969482421875,1.00006103515625,1.999969482421875,,,1887539,23,1,3,0
7661,1887657,6554,13107,1.00006103515625,1.999969482421875,1.00006103515625,1.999969482421875,,,1887664,24,1,3,0
7662,1887782,6554,13107,1.00006103515625,1.999969482421875,1.00006103515625,1.999969482421875,,,1887789,24,1,3,0
7663,1887907,6554,13107,1.00006103515625,1.999969482421875,1.00006103515625,1.999969482421875,,,1887914,24,1,3,0
7664,1888033,6554,13107,1.00006103515625,1.999969482421875,1.00006103515625,1.999969482421875,,,1888040,23,1,3,0
7665,1888158,6554,13107,1.00006103515625,1.999969482421875,1.00006103515625,1.999969482421875,,,1888165,24,1,3,0
7666,1888283,6554,13107,1.00006103515625,1.999969482421875,1.00006103515625,1.999969482421875,,,1888290,24,1,3,0
7667,1888408,6554,13107,1.00006103515625,1.999969482421875,1.00006103515625,1.999969482421875,,,1888415,24,1,3,0
7668,1888534,6554,13107,1.00006103515625,1.999969482421875,1.00006103515625,1.999969482421875,,,1888541,23,1,3,0
7669,1888659,6554,13107,1.00006103515625,1.999969482421875,1.00006103515625,1.999969482421875,,,1888666,24,1,3,0
7670,1888784,6554,13107,1.00006103515625,1.999969482421875,1.00006103515625,1.999969482421875,,,1888791,24,1,3,0
7671,1888909,6554,13107,1.00006103515625,1.999969482421875,1.00006103515625,1.999969482421875,,,1888916,24,1,3,0
7672,1889035,6554,13107,1.00006103515625,1.999969482421875,1.00006103515625,1.999969482421875,,,1889042,23,1,3,0
7673,1889160,6554,13107,1.00006103515625,1.999969482421875,1.00006103515625,1.999969482421875,,,1889167,24,1,3,0
7674,1889285,6554,13107,1.00006103515625,1.999969482421875,1.00006103515625,1.999969482421875,,,1889292,24,1,3,0
7675,1889410,6554,13107,1.00006103515625,1.999969482421875,1.00006103515625,1.999969482421875,,,1889417,24,1,3,0
7676,1889536,6554,13107,1.00006103515625,1.999969482421875,1.00006103515625,1.999969482421875,,,1889543,23,1,3,0
7677,1889661,6554,13107,1.00006103515625,1.999969482421875,1.00006103515625,1.999969482421875,,,1889668,24,1,3,0
7678,1889786,6554,13107,1.00006103515625,1.999969482421875,1.00006103515625,1.999969482421875,,,1889793,24,1,3,0
7679,1889911,6554,13107,1.00006103515625,1.999969482421875,1.00006103515625,1.999969482421875,,,1889918,24,1,3,0
7680,1890037,6554,13107,1.00006103515625,1.999969482421875,1.00006103515625,1.999969482421875,,,1890044,23,1,3,0
7681,1890162,6554,13107,1.00006103515625,1.999969482421875,1.00006103515625,1.999969482421875,,,1890169,24,1,3,0
7682,1890287,6554,13107,1.00006103515625,1.999969482421875,1.00006103515625,1.999969482421875,,,1890294,24,1,3,0
7683,1890412,6554,13107,1.00006103515625,1.999969482421875,1.00006103515625,1.999969482421875,,,1890419,24,1,3,0
7684,1890538,6554,13107,1.00006103515625,1.999969482421875,1.00006103515625,1.999969482421875,,,1890545,23,1,3,0
7685,1890663,6554,13107,1.00006103515625,1.999969482421875,1.00006103515625,1.999969482421875,,,1890670,24,1,3,0
7686,1890788,6554,13107,1.00006103515625,1.999969482421875,1.00006103515625,1.999969482421875,,,1890795,24,1,3,0
7687,1890913,6554,13107,1.00006103515625,1.999969482421875,1.00006103515625,1.999969482421875,,,1890922,24,1,3,0
7688,1891039,6554,13107,1.00006103515625,1.999969482421875,1.00006103515625,1.999969482421875,,,1891046,23,1,3,0
7689,1891164,6554,13107,1.00006103515625,1.999969482421875,1.00006103515625,1.999969482421875,,,1891171,24,1,3,0
7690,1891289,6554,13107,1.00006103515625,1.999969482421875,1.00006103515625,1.999969482421875,,,1891296,24,1,3,0
7691,1891414,6554,13107,1.00006103515625,1.999969482421875,1.00006103515625,1.999969482421875,,,1891421,24,1,3,0
7692,1891540,6554,13107,1.00006103515625,1.999969482421875,1.00006103515625,1.999969482421875,,,1891547,23,1,3,0
7693,1891665,6554,13107,1.00006103515625,1.999969482421875,1.00006103515625,1.999969482421875,,,1891672,24,1,3,0
7694,1891790,6554,13107,1.00006103515625,1.999969482421875,1.00006103515625,1.999969482421875,,,1891797,24,1,3,0
7695,1891915,6554,13107,1.00006103515625,1.999969482421875,1.00006103515625,1.999969482421875,,,1891922,24,1,3,0
7696,1892041,6554,13107,1.00006103515625,1.999969482421875,1.00006103515625,1.999969482421875,,,1892048,23,1,3,0
7697,1892166,6554,13107,1.00006103515625,1.999969482421875,1.00006103515625,1.999969482421875,,,1892173,24,1,3,0
7698,1892291,6554,13107,1.00006103515625,1.999969482421875,1.00006103515625,1.999969482421875,,,1892298,24,1,3,0
7699,1892416,6554,13107,1.00006103515625,1.999969482421875,1.00006103515625,1.999969482421875,,,1892423,24,1,3,0
7700,1892542,6554,13107,1.00006103515625,1.999969482421875,1.00006103515625,1.999969482421875,,,1892549,23,1,3,0
7701,1892667,6554,13107,1.00006103515625,1.999969482421875,1.00006103515625,1.999969482421875,,,1892674,24,1,3,0
7702,1892792,6554,13107,1.00006103515625,1.999969482421875,1.00006103515625,1.999969482421875,,,1892799,24,1,3,0
7703,1892917,6554,13107,1.00006103515625,1.999969482421875,1.00006103515625,1.999969482421875,,,1892924,24,1,3,0
7704,1893043,6554,13107,1.00006103515625,1.999969482421875,1.00006103515625,1.999969482421875,,,1893050,23,1,3,0
7705,1893168,6554,13107,1.00006103515625,1.999969482421875,1.00006103515625,1.999969482421875,,,1893175,24,1,3,0
7706,1893293,6554,13107,1.00006103515625,1.999969482421875,1.00006103515625,1.999969482421875,,,1893300,24,1,3,0
7707,1893418,6554,13107,1.00006103515625,1.999969482421875,1.00006103515625,1.999969482421875,,,1893425,24,1,3,0
7708,1893544,6554,13107,1.00006103515625,1.999969482421875,1.00006103515625,1.999969482421875,,,1893551,24,1,3,0
7709,1893669,6554,13107,1.00006103515625,1.999969482421875,1.00006103515625,1.999969482421875,,,1893676,24,1,3,0
7710,1893794,6554,13107,1.00006103515625,1.999969482421875,1.00006103515625,1.999969482421875,,,1893801,24,1,3,0
7711,1893919,6554,13107,1.00006103515625,1.999969482421875,1.00006103515625,1.999969482421875,,,1893926,24,1,3,0
7712,1894045,6554,13107,1.00006103515625,1.999969482421875,1.00006103515625,1.999969482421875,,,1894052,23,1,3,0
7713,1894170,6554,13107,1.00006103515625,1.999969482421875,1.00006103515625,1.999969482421875,,,1894177,24,1,3,0
7714,1894295,6554,13107,1.00006103515625,1.999969482421875,1.00006103515625,1.999969482421875,,,1894302,24,1,3,0
7715,1894420,6554,13107,1.00006103515625,1.999969482421875,1.00006103515625,1.999969482421875,,,1894427,24,1,3,0
7716,1894546,6554,13107,1.00006103515625,1.999969482421875,1.00006103515625,1.999969482421875,,,1894554,24,1,3,0
7717,1894671,6554,13107,1.00006103515625,1.999969482421875,1.00006103515625,1.999969482421875,,,1894678,24,1,3,0
7718,1894796,6554,13107,1.00006103515625,1.999969482421875,1.00006103515625,1.999969482421875,,,1894803,24,1,3,0
7719,1894921,6554,13107,1.00006103515625,1.999969482421875,1.00006103515625,1.999969482421875,,,1894928,24,1,3,0
7720,1895047,6554,13107,1.00006103515625,1.999969482421875,1.00006103515625,1.999969482421875,,,1895054,23,1,3,0
7721,1895172,6554,13107,1.00006103515625,1.999969482421875,1.00006103515625,1.999969482421875,,,1895179,24,1,3,0
7722,1895297,6554,13107,1.00006103515625,1.999969482421875,1.00006103515625,1.999969482421875,,,1895304,24,1,3,0
7723,1895422,6554,13107,1.00006103515625,1.999969482421875,1.00006103515625,1.999969482421875,,,1895429,24,1,3,0
7724,1895548,6554,13107,1.00006103515625,1.999969482421875,1.00006103515625,1.999969482421875,,,1895555,23,1,3,0
7725,1895673,6554,13107,1.00006103515625,1.999969482421875,1.00006103515625,1.999969482421875,,,1895680,24,1,3,0
7726,1895798,6554,13107,1.00006103515625,1.999969482421875,1.00006103515625,1.999969482421875,,,1895805,24,1,3,0
7727,1895923,6554,13107,1.00006103515625,1.999969482421875,1.00006103515625,1.999969482421875,,,1895930,24,1,3,0
7728,1896049,6554,13107,1.00006103515625,1.999969482421875,1.00006103515625,1.999969482421875,,,1896056,23,1,3,0
7729,1896174,6554,13107,1.00006103515625,1.999969482421875,1.00006103515625,1.999969482421875,,,1896181,24,1,3,0
7730,1896299,6554,13107,1.00006103515625,1.999969482421875,1.00006103515625,1.999969482421875,,,1896306,24,1,3,0
7731,1896424,6554,13107,1.00006103515625,1.999969482421875,1.00006103515625,1.999969482421875,,,1896431,24,1,3,0
7732,1896550,6554,13107,1.00006103515625,1.999969482421875,1.00006103515625,1.999969482421875,,,1896557,23,1,3,0
7733,1896675,6554,13107,1.00006103515625,1.999969482421875,1.00006103515625,1.999969482421875,,,1896682,24,1,3,0
7734,1896800,6554,13107,1.00006103515625,1.999969482421875,1.00006103515625,1.999969482421875,,,1896807,24,1,3,0
7735,1896925,6554,13107,1.00006103515625,1.999969482421875,1.00006103515625,1.999969482421875,,,1896932,24,1,3,0
7736,1897051,6554,13107,1.00006103515625,1.999969482421875,1.00006103515625,1.999969482421875,,,1897058,23,1,3,0
7737,1897176,6554,13107,1.00006103515625,1.999969482421875,1.00006103515625,1.999969482421875,,,1897183,24,1,3,0
7738,1897301,6554,13107,1.00006103515625,1.999969482421875,1.00006103515625,1.999969482421875,,,1897308,24,1,3,0
7739,1897426,6554,13107,1.00006103515625,1.999969482421875,1.00006103515625,1.999969482421875,,,1897433,24,1,3,0
7740,1897552,6554,13107,1.00006103515625,1.999969482421875,1.00006103515625,1.999969482421875,,,1897559,23,1,3,0
7741,1897677,6554,13107,1.00006103515625,1.999969482421875,1.00006103515625,1.999969482421875,,,1897684,24,1,3,0
7742,1897802,6554,13107,1.00006103515625,1.999969482421875,1.00006103515625,1.999969482421875,,,1897809,24,1,3,0
7743,1897927,6554,13107,1.00006103515625,1.999969482421875,1.00006103515625,1.999969482421875,,,1897934,24,1,3,0
7744,1898053,6554,13107,1.00006103515625,1.999969482421875,1.00006103515625,1.999969482421875,,,1898060,23,1,3,0
7745,1898178,6554,13107,1.00006103515625,1.999969482421875,1.00006103515625,1.999969482421875,,,1898185,24,1,3,0
7746,1898303,6554,13107,1.00006103515625,1.999969482421875,1.00006103515625,1.999969482421875,,,1898310,24,1,3,0
7747,1898428,6554,13107,1.00006103515625,1.999969482421875,1.00006103515625,1.999969482421875,,,1898435,24,1,3,0
7748,1898554,6554,13107,1.00006103515625,1.999969482421875,1.00006103515625,1.999969482421875,,,1898561,23,1,3,0
7749,1898679,6554,13107,1.00006103515625,1.999969482421875,1.00006103515625,1.999969482421875,,,1898686,24,1,3,0
7750,1898804,6554,13107,1.00006103515625,1.999969482421875,1.00006103515625,1.999969482421875,,,1898811,24,1,3,0
7751,1898929,6554,13107,1.00006103515625,1.999969482421875,1.00006103515625,1.999969482421875,,,1898936,24,1,3,0
7752,1899055,6554,13107,1.00006103515625,1.999969482421875,1.00006103515625,1.999969482421875,,,1899062,23,1,3,0
7753,1899180,6554,13107,1.00006103515625,1.999969482421875,1.00006103515625,1.999969482421875,,,1899187,24,1,3,0
7754,1899305,6554,13107,1.00006103515625,1.999969482421875,1.00006103515625,1.999969482421875,,,1899312,24,1,3,0
7755,1899430,6554,13107,1.00006103515625,1.999969482421875,1.00006103515625,1.999969482421875,,,1899437,24,1,3,0
7756,1899556,6554,13107,1.00006103515625,1.999969482421875,1.00006103515625,1.999969482421875,,,1899563,23,1,3,0
7757,1899681,6554,13107,1.00006103515625,1.999969482421875,1.00006103515625,1.999969482421875,,,1899688,24,1,3,0
7758,1899806,6554,13107,1.00006103515625,1.999969482421875,1.00006103515625,1.999969482421875,,,1899813,24,1,3,0
7759,1899931,6554,13107,1.00006103515625,1.999969482421875,1.00006103515625,1.999969482421875,,,1899938,24,1,3,0
7760,1900057,6554,13107,1.00006103515625,1.999969482421875,1.00006103515625,1.999969482421875,,,1900064,23,1,3,0
7761,1900182,6554,13107,1.00006103515625,1.999969482421875,1.00006103515625,1.999969482421875,,,1900189,24,1,3,0
7762,1900307,6554,13107,1.00006103515625,1.999969482421875,1.00006103515625,1.999969482421875,,,1900314,24,1,3,0
7763,1900432,6554,13107,1.00006103515625,1.999969482421875,1.00006103515625,1.999969482421875,,,1900439,24,1,3,0
7764,1900558,6554,13107,1.00006103515625,1.999969482421875,1.00006103515625,1.999969482421875,,,1900565,23,1,3,0
7765,1900683,6554,13107,1.00006103515625,1.999969482421875,1.00006103515625,1.999969482421875,,,1900690,24,1,3,0
7766,1900808,6554,13107,1.00006103515625,1.999969482421875,1.00006103515625,1.999969482421875,,,1900815,24,1,3,0
7767,1900933,6554,13107,1.00006103515625,1.999969482421875,1.00006103515625,1.999969482421875,,,1900940,24,1,3,0
7768,1901059,6554,13107,1.00006103515625,1.999969482421875,1.00006103515625,1.999969482421875,,,1901066,23,1,3,0
7769,1901184,6554,13107,1.00006103515625,1.999969482421875,1.00006103515625,1.999969482421875,,,1901191,24,1,3,0
7770,1901309,6554,13107,1.00006103515625,1.999969482421875,1.00006103515625,1.999969482421875,,,1901316,24,1,3,0
7771,1901434,6554,13107,1.00006103515625,1.999969482421875,1.00006103515625,1.999969482421875,,,1901441,24,1,3,0
7772,1901560,6554,13107,1.00006103515625,1.999969482421875,1.00006103515625,1.999969482421875,,,1901568,24,1,3,0
7773,1901685,6554,13107,1.00006103515625,1.999969482421875,1.00006103515625,1.999969482421875,,,1901692,24,1,3,0
7774,1901810,6554,13107,1.00006103515625,1.999969482421875,1.00006103515625,1.999969482421875,,,1901817,24,1,3,0
7775,1901935,6554,13107,1.00006103515625,1.999969482421875,1.00006103515625,1.999969482421875,,,1901942,24,1,3,0
7776,1902061,6554,13107,1.00006103515625,1.999969482421875,1.00006103515625,1.999969482421875,,,1902068,23,1,3,0
7777,1902186,6554,13107,1.00006103515625,1.999969482421875,1.00006103515625,1.999969482421875,,,1902193,24,1,3,0
7778,1902311,6554,13107,1.00006103515625,1.999969482421875,1.00006103515625,1.999969482421875,,,1902318,24,1,3,0
7779,1902436,6554,13107,1.00006103515625,1.999969482421875,1.00006103515625,1.999969482421875,,,1902444,24,1,3,0
7780,1902562,6554,13107,1.00006103515625,1.999969482421875,1.00006103515625,1.999969482421875,,,1902569,23,1,3,0
7781,1902687,6554,13107,1.00006103515625,1.999969482421875,1.00006103515625,1.999969482421875,,,1902694,24,1,3,0
7782,1902812,6554,13107,1.00006103515625,1.999969482421875,1.00006103515625,1.999969482421875,,,1902819,24,1,3,0
7783,1902937,6554,13107,1.00006103515625,1.999969482421875,1.00006103515625,1.999969482421875,,,1902944,24,1,3,0
7784,1903063,6554,13107,1.00006103515625,1.999969482421875,1.00006103515625,1.999969482421875,,,1903070,23,1,3,0
7785,1903188,6554,13107,1.00006103515625,1.999969482421875,1.00006103515625,1.999969482421875,,,1903195,24,1,3,0
7786,1903313,6554,13107,1.00006103515625,1.999969482421875,1.00006103515625,1.999969482421875,,,1903320,24,1,3,0
7787,1903438,6554,13107,1.00006103515625,1.999969482421875,1.00006103515625,1.999969482421875,,,1903446,23,1,3,0
7788,1903564,6554,13107,1.00006103515625,1.999969482421875,1.00006103515625,1.999969482421875,,,1903571,23,1,3,0
7789,1903689,6554,13107,1.00006103515625,1.999969482421875,1.00006103515625,1.999969482421875,,,1903696,24,1,3,0
7790,1903814,6554,13107,1.00006103515625,1.999969482421875,1.00006103515625,1.999969482421875,,,1903821,24,1,3,0
7791,1903939,6554,13107,1.00006103515625,1.999969482421875,1.00006103515625,1.999969482421875,,,1903946,24,1,3,0
7792,1904065,6554,13107,1.00006103515625,1.999969482421875,1.00006103515625,1.999969482421875,,,1904072,23,1,3,0
7793,1904190,6554,13107,1.00006103515625,1.999969482421875,1.00006103515625,1.999969482421875,,,1904197,24,1,3,0
7794,1904315,6554,13107,1.00006103515625,1.999969482421875,1.00006103515625,1.999969482421875,,,1904322,24,1,3,0
7795,1904440,6554,13107,1.00006103515625,1.999969482421875,1.00006103515625,1.999969482421875,,,1904447,24,1,3,0
7796,1904566,6554,13107,1.00006103515625,1.999969482421875,1.00006103515625,1.999969482421875,,,1904573,23,1,3,0
7797,1904691,6554,13107,1.00006103515625,1.999969482421875,1.00006103515625,1.999969482421875,,,1904698,24,1,3,0
7798,1904816,6554,13107,1.00006103515625,1.999969482421875,1.00006103515625,1.999969482421875,,,1904823,24,1,3,0
7799,1904941,6554,13107,1.00006103515625,1.999969482421875,1.00006103515625,1.999969482421875,,,1904948,24,1,3,0
7800,1905067,6554,13107,1.00006103515625,1.999969482421875,1.00006103515625,1.999969482421875,,,1905074,23,1,3,0
7801,1905192,6554,13107,1.00006103515625,1.999969482421875,1.00006103515625,1.999969482421875,,,1905199,24,1,3,0
7802,1905317,6554,13107,1.00006103515625,1.999969482421875,1.00006103515625,1.999969482421875,,,1905324,24,1,3,0
7803,1905442,6554,13107,1.00006103515625,1.999969482421875,1.00006103515625,1.999969482421875,,,1905449,24,1,3,0
7804,1905568,6554,13107,1.00006103515625,1.999969482421875,1.00006103515625,1.999969482421875,,,1905575,23,1,3,0
7805,1905693,6554,13107,1.00006103515625,1.999969482421875,1.00006103515625,1.999969482421875,,,1905700,24,1,3,0
7806,1905818,6554,13107,1.00006103515625,1.999969482421875,1.00006103515625,1.999969482421875,,,1905825,24,1,3,0
7807,1905943,6554,13107,1.00006103515625,1.999969482421875,1.00006103515625,1.999969482421875,,,1905950,24,1,3,0
7808,1906069,6554,13107,1.00006103515625,1.999969482421875,1.00006103515625,1.999969482421875,,,1906076,23,1,3,0
7809,1906194,6554,13107,1.00006103515625,1.999969482421875,1.00006103515625,1.999969482421875,,,1906201,24,1,3,0
7810,1906319,6554,13107,1.00006103515625,1.999969482421875,1.00006103515625,1.999969482421875,,,1906326,24,1,3,0
7811,1906444,6554,13107,1.00006103515625,1.999969482421875,1.00006103515625,1.999969482421875,,,1906451,24,1,3,0
7812,1906570,6554,13107,1.00006103515625,1.999969482421875,1.00006103515625,1.999969482421875,,,1906577,23,1,3,0
7813,1906695,6554,13107,1.00006103515625,1.999969482421875,1.00006103515625,1.999969482421875,,,1906702,24,1,3,0
7814,1906820,6554,13107,1.00006103515625,1.999969482421875,1.00006103515625,1.999969482421875,,,1906827,24,1,3,0
7815,1906945,6554,13107,1.00006103515625,1.999969482421875,1.00006103515625,1.999969482421875,,,1906952,24,1,3,0
7816,1907071,6554,13107,1.00006103515625,1.999969482421875,1.00006103515625,1.999969482421875,,,1907078,23,1,3,0
7817,1907196,6554,13107,1.00006103515625,1.999969482421875,1.00006103515625,1.999969482421875,,,1907203,24,1,3,0
7818,1907321,6554,13107,1.00006103515625,1.999969482421875,1.00006103515625,1.999969482421875,,,1907328,24,1,3,0
7819,1907446,6554,13107,1.00006103515625,1.999969482421875,1.00006103515625,1.999969482421875,,,1907453,24,1,3,0
7820,1907572,6554,13107,1.00006103515625,1.999969482421875,1.00006103515625,1.999969482421875,,,1907579,23,1,3,0
7821,1907697,6554,13107,1.00006103515625,1.999969482421875,1.00006103515625,1.999969482421875,,,1907704,24,1,3,0
7822,1907822,6554,13107,1.00006103515625,1.999969482421875,1.00006103515625,1.999969482421875,,,1907829,24,1,3,0
7823,1907947,6554,13107,1.00006103515625,1.999969482421875,1.00006103515625,1.999969482421875,,,1907954,24,1,3,0
7824,1908073,6554,13107,1.00006103515625,1.999969482421875,1.00006103515625,1.999969482421875,,,1908080,23,1,3,0
7825,1908198,6554,13107,1.00006103515625,1.999969482421875,1.00006103515625,1.999969482421875,,,1908205,24,1,3,0
7826,1908323,6554,13107,1.00006103515625,1.999969482421875,1.00006103515625,1.999969482421875,,,1908330,24,1,3,0
7827,1908448,6554,13107,1.00006103515625,1.999969482421875,1.00006103515625,1.999969482421875,,,1908455,24,1,3,0
7828,1908574,6554,13107,1.00006103515625,1.999969482421875,1.00006103515625,1.999969482421875,,,1908581,23,1,3,0
7829,1908699,6554,13107,1.00006103515625,1.999969482421875,1.00006103515625,1.999969482421875,,,1908706,24,1,3,0
7830,1908824,6554,13107,1.00006103515625,1.999969482421875,1.00006103515625,1.999969482421875,,,1908831,24,1,3,0
7831,1908949,6554,13107,1.00006103515625,1.999969482421875,1.00006103515625,1.999969482421875,,,1908956,24,1,3,0
7832,1909075,6554,13107,1.00006103515625,1.999969482421875,1.00006103515625,1.999969482421875,,,1909082,23,1,3,0
7833,1909200,6554,13107,1.00006103515625,1.999969482421875,1.00006103515625,1.999969482421875,,,1909207,24,1,3,0
7834,1909325,6554,13107,1.00006103515625,1.999969482421875,1.00006103515625,1.999969482421875,,,1909332,24,1,3,0
7835,1909450,6554,13107,1.00006103515625,1.999969482421875,1.00006103515625,1.999969482421875,,,1909457,24,1,3,0
7836,1909576,6554,13107,1.00006103515625,1.999969482421875,1.00006103515625,1.999969482421875,,,1909583,23,1,3,0
7837,1909701,6554,13107,1.00006103515625,1.999969482421875,1.00006103515625,1.999969482421875,,,1909708,24,1,3,0
7838,1909826,6554,13107,1.00006103515625,1.999969482421875,1.00006103515625,1.999969482421875,,,1909833,24,1,3,0
7839,1909951,6554,13107,1.00006103515625,1.999969482421875,1.00006103515625,1.999969482421875,,,1909958,24,1,3,0
7840,1910077,6554,13107,1.00006103515625,1.999969482421875,1.00006103515625,1.999969482421875,,,1910084,23,1,3,0
7841,1910202,6554,13107,1.00006103515625,1.999969482421875,1.00006103515625,1.999969482421875,,,1910209,24,1,3,0
7842,1910327,6554,13107,1.00006103515625,1.999969482421875,1.00006103515625,1.999969482421875,,,1910334,24,1,3,0
7843,1910452,6554,13107,1.00006103515625,1.999969482421875,1.00006103515625,1.999969482421875,,,1910459,24,1,3,0
7844,1910578,6554,13107,1.00006103515625,1.999969482421875,1.00006103515625,1.999969482421875,,,1910585,23,1,3,0
7845,1910703,6554,13107,1.00006103515625,1.999969482421875,1.00006103515625,1.999969482421875,,,1910710,24,1,3,0
7846,1910828,6554,13107,1.00006103515625,1.999969482421875,1.00006103515625,1.999969482421875,,,1910835,24,1,3,0
7847,1910953,6554,13107,1.00006103515625,1.999969482421875,1.00006103515625,1.999969482421875,,,1910960,24,1,3,0
7848,1911079,6554,13107,1.00006103515625,1.999969482421875,1.00006103515625,1.999969482421875,,,1911086,23,1,3,0
7849,1911204,6554,13107,1.00006103515625,1.999969482421875,1.00006103515625,1.999969482421875,,,1911211,24,1,3,0
7850,1911329,6554,13107,1.00006103515625,1.999969482421875,1.00006103515625,1.999969482421875,,,1911336,24,1,3,0
7851,1911454,6554,13107,1.00006103515625,1.999969482421875,1.00006103515625,1.999969482421875,,,1911461,24,1,3,0
7852,1911580,6554,13107,1.00006103515625,1.999969482421875,1.00006103515625,1.999969482421875,,,1911587,23,1,3,0
7853,1911705,6554,13107,1.00006103515625,1.999969482421875,1.00006103515625,1.999969482421875,,,1911712,24,1,3,0
7854,1911830,6554,13107,1.00006103515625,1.999969482421875,1.00006103515625,1.999969482421875,,,1911837,24,1,3,0
7855,1911955,6554,13107,1.00006103515625,1.999969482421875,1.00006103515625,1.999969482421875,,,1911962,24,1,3,0
7856,1912081,6554,13107,1.00006103515625,1.999969482421875,1.00006103515625,1.999969482421875,,,1912088,23,1,3,0
7857,1912206,6554,13107,1.00006103515625,1.999969482421875,1.00006103515625,1.999969482421875,,,1912213,24,1,3,0
7858,1912331,6554,13107,1.00006103515625,1.999969482421875,1.00006103515625,1.999969482421875,,,1912338,24,1,3,0
7859,1912456,6554,13107,1.00006103515625,1.999969482421875,1.00006103515625,1.999969482421875,,,1912463,24,1,3,0
7860,1912582,6554,13107,1.00006103515625,1.999969482421875,1.00006103515625,1.999969482421875,,,1912589,23,1,3,0
7861,1912707,6554,13107,1.00006103515625,1.999969482421875,1.00006103515625,1.999969482421875,,,1912714,24,1,3,0
7862,1912832,6554,13107,1.00006103515625,1.999969482421875,1.00006103515625,1.999969482421875,,,1912839,24,1,3,0
7863,1912957,6554,13107,1.00006103515625,1.999969482421875,1.00006103515625,1.999969482421875,,,1912964,24,1,3,0
7864,1913083,6554,13107,1.00006103515625,1.999969482421875,1.00006103515625,1.999969482421875,,,1913090,23,1,3,0
7865,1913208,6554,13107,1.00006103515625,1.999969482421875,1.00006103515625,1.999969482421875,,,1913215,24,1,3,0
7866,1913333,6554,13107,1.00006103515625,1.999969482421875,1.00006103515625,1.999969482421875,,,1913340,24,1,3,0
7867,1913458,6554,13107,1.00006103515625,1.999969482421875,1.00006103515625,1.999969482421875,,,1913465,24,1,3,0
7868,1913584,6554,13107,1.00006103515625,1.999969482421875,1.00006103515625,1.999969482421875,,,1913591,23,1,3,0
7869,1913709,6554,13107,1.00006103515625,1.999969482421875,1.00006103515625,1.999969482421875,,,1913716,24,1,3,0
7870,1913834,6554,13107,1.00006103515625,1.999969482421875,1.00006103515625,1.999969482421875,,,1913841,24,1,3,0
7871,1913959,6554,13107,1.00006103515625,1.999969482421875,1.00006103515625,1.999969482421875,,,1913966,24,1,3,0
7872,1914085,6554,13107,1.00006103515625,1.999969482421875,1.00006103515625,1.999969482421875,,,1914092,23,1,3,0
7873,1914210,6554,13107,1.00006103515625,1.999969482421875,1.00006103515625,1.999969482421875,,,1914217,24,1,3,0
7874,1914335,6554,13107,1.00006103515625,1.999969482421875,1.00006103515625,1.999969482421875,,,1914344,24,1,3,0
7875,1914460,6554,13107,1.00006103515625,1.999969482421875,1.00006103515625,1.999969482421875,,,1914467,24,1,3,0
7876,1914586,6554,13107,1.00006103515625,1.999969482421875,1.00006103515625,1.999969482421875,,,1914593,23,1,3,0
7877,1914711,6554,13107,1.00006103515625,1.999969482421875,1.00006103515625,1.999969482421875,,,1914718,24,1,3,0
7878,1914836,6554,13107,1.00006103515625,1.999969482421875,1.00006103515625,1.999969482421875,,,1914843,24,1,3,0
7879,1914961,6554,13107,1.00006103515625,1.999969482421875,1.00006103515625,1.999969482421875,,,1914968,24,1,3,0
7880,1915087,6554,13107,1.00006103515625,1.999969482421875,1.00006103515625,1.999969482421875,,,1915094,23,1,3,0
7881,1915212,6554,13107,1.00006103515625,1.999969482421875,1.00006103515625,1.999969482421875,,,1915219,24,1,3,0
7882,1915337,6554,13107,1.00006103515625,1.999969482421875,1.00006103515625,1.999969482421875,,,1915344,24,1,3,0
7883,1915462,6554,13107,1.00006103515625,1.999969482421875,1.00006103515625,1.999969482421875,,,1915469,24,1,3,0
7884,1915588,6554,13107,1.00006103515625,1.999969482421875,1.00006103515625,1.999969482421875,,,1915595,23,1,3,0
7885,1915713,6554,13107,1.00006103515625,1.999969482421875,1.00006103515625,1.999969482421875,,,1915720,24,1,3,0
7886,1915838,6554,13107,1.00006103515625,1.999969482421875,1.00006103515625,1.999969482421875,,,1915845,24,1,3,0
7887,1915963,6554,13107,1.00006103515625,1.999969482421875,1.00006103515625,1.999969482421875,,,1915970,24,1,3,0
7888,1916089,6554,13107,1.00006103515625,1.999969482421875,1.00006103515625,1.999969482421875,,,1916096,23,1,3,0
7889,1916214,6554,13107,1.00006103515625,1.999969482421875,1.00006103515625,1.999969482421875,,,1916221,24,1,3,0
7890,1916339,6554,13107,1.00006103515625,1.999969482421875,1.00006103515625,1.999969482421875,,,1916346,24,1,3,0
7891,1916464,6554,13107,1.00006103515625,1.999969482421875,1.00006103515625,1.999969482421875,,,1916471,24,1,3,0
7892,1916590,6554,13107,1.00006103515625,1.999969482421875,1.00006103515625,1.999969482421875,,,1916597,23,1,3,0
7893,1916715,6554,13107,1.00006103515625,1.999969482421875,1.00006103515625,1.999969482421875,,,1916722,24,1,3,0
7894,1916840,6554,13107,1.00006103515625,1.999969482421875,1.00006103515625,1.999969482421875,,,1916847,24,1,3,0
7895,1916965,6554,13107,1.00006103515625,1.999969482421875,1.00006103515625,1.999969482421875,,,1916972,24,1,3,0
7896,1917091,6554,13107,1.00006103515625,1.999969482421875,1.00006103515625,1.999969482421875,,,1917098,23,1,3,0
7897,1917216,6554,13107,1.00006103515625,1.999969482421875,1.00006103515625,1.999969482421875,,,1917223,24,1,3,0
7898,1917341,6554,13107,1.00006103515625,1.999969482421875,1.00006103515625,1.999969482421875,,,1917348,24,1,3,0
7899,1917466,6554,13107,1.00006103515625,1.999969482421875,1.00006103515625,1.999969482421875,,,1917473,24,1,3,0
7900,1917592,6554,13107,1.00006103515625,1.999969482421875,1.00006103515625,1.999969482421875,,,1917599,23,1,3,0
7901,1917717,6554,13107,1.00006103515625,1.999969482421875,1.00006103515625,1.999969482421875,,,1917724,24,1,3,0
7902,1917842,6554,13107,1.00006103515625,1.999969482421875,1.00006103515625,1.999969482421875,,,1917849,24,1,3,0
7903,1917967,6554,13107,1.00006103515625,1.999969482421875,1.00006103515625,1.999969482421875,,,1917974,24,1,3,0
7904,1918093,6554,13107,1.00006103515625,1.999969482421875,1.00006103515625,1.999969482421875,,,1918100,23,1,3,0
7905,1918218,6554,13107,1.00006103515625,1.999969482421875,1.00006103515625,1.999969482421875,,,1918225,24,1,3,0
7906,1918343,6554,13107,1.00006103515625,1.999969482421875,1.00006103515625,1.999969482421875,,,1918350,24,1,3,0
7907,1918468,6554,13107,1.00006103515625,1.999969482421875,1.00006103515625,1.999969482421875,,,1918475,24,1,3,0
7908,1918594,6554,13107,1.00006103515625,1.999969482421875,1.00006103515625,1.999969482421875,,,1918601,23,1,3,0
7909,1918719,6554,13107,1.00006103515625,1.999969482421875,1.00006103515625,1.999969482421875,,,1918726,24,1,3,0
7910,1918844,6554,13107,1.00006103515625,1.999969482421875,1.00006103515625,1.999969482421875,,,1918851,24,1,3,0
7911,1918969,6554,13107,1.00006103515625,1.999969482421875,1.00006103515625,1.999969482421875,,,1918976,24,1,3,0
7912,1919095,6554,13107,1.00006103515625,1.999969482421875,1.00006103515625,1.999969482421875,,,1919102,23,1,3,0
7913,1919220,6554,13107,1.00006103515625,1.999969482421875,1.00006103515625,1.999969482421875,,,1919227,24,1,3,0
7914,1919345,6554,13107,1.00006103515625,1.999969482421875,1.00006103515625,1.999969482421875,,,1919352,24,1,3,0
7915,1919470,6554,13107,1.00006103515625,1.999969482421875,1.00006103515625,1.999969482421875,,,1919477,24,1,3,0
7916,1919596,6554,13107,1.00006103515625,1.999969482421875,1.00006103515625,1.999969482421875,,,1919603,23,1,3,0
7917,1919721,6554,13107,1.00006103515625,1.999969482421875,1.00006103515625,1.999969482421875,,,1919728,24,1,3,0
7918,1919846,6554,13107,1.00006103515625,1.999969482421875,1.00006103515625,1.999969482421875,,,1919853,24,1,3,0
7919,1919971,6554,13107,1.00006103515625,1.999969482421875,1.00006103515625,1.999969482421875,,,1919978,24,1,3,0
7920,1920097,6554,13107,1.00006103515625,1.999969482421875,1.00006103515625,1.999969482421875,,,1920104,23,1,3,0
7921,1920222,6554,13107,1.00006103515625,1.999969482421875,1.00006103515625,1.999969482421875,,,1920229,24,1,3,0
7922,1920347,6554,13107,1.00006103515625,1.999969482421875,1.00006103515625,1.999969482421875,,,1920354,24,1,3,0
7923,1920472,6554,13107,1.00006103515625,1.999969482421875,1.00006103515625,1.999969482421875,,,1920479,24,1,3,0
7924,1920598,6554,13107,1.00006103515625,1.999969482421875,1.00006103515625,1.999969482421875,,,1920605,23,1,3,0
7925,1920723,6554,13107,1.00006103515625,1.999969482421875,1.00006103515625,1.999969482421875,,,1920730,24,1,3,0
7926,1920848,6554,13107,1.00006103515625,1.999969482421875,1.00006103515625,1.999969482421875,,,1920855,24,1,3,0
7927,1920973,6554,13107,1.00006103515625,1.999969482421875,1.00006103515625,1.999969482421875,,,1920980,24,1,3,0
7928,1921099,6554,13107,1.00006103515625,1.999969482421875,1.00006103515625,1.999969482421875,,,1921106,23,1,3,0
7929,1921224,6554,13107,1.00006103515625,1.999969482421875,1.00006103515625,1.999969482421875,,,1921231,24,1,3,0
7930,1921349,6554,13107,1.00006103515625,1.999969482421875,1.00006103515625,1.999969482421875,,,1921356,24,1,3,0
7931,1921474,6554,13107,1.00006103515625,1.999969482421875,1.00006103515625,1.999969482421875,,,1921481,24,1,3,0
7932,1921600,6554,13107,1.00006103515625,1.999969482421875,1.00006103515625,1.999969482421875,,,1921607,23,1,3,0
7933,1921725,6554,13107,1.00006103515625,1.999969482421875,1.00006103515625,1.999969482421875,,,1921732,24,1,3,0
7934,1921850,6554,13107,1.00006103515625,1.999969482421875,1.00006103515625,1.999969482421875,,,1921857,24,1,3,0
7935,1921975,6554,13107,1.00006103515625,1.999969482421875,1.00006103515625,1.999969482421875,,,1921982,24,1,3,0
7936,1922101,6554,13107,1.00006103515625,1.999969482421875,1.00006103515625,1.999969482421875,,,1922108,23,1,3,0
7937,1922226,6554,13107,1.00006103515625,1.999969482421875,1.00006103515625,1.999969482421875,,,1922233,24,1,3,0
7938,1922351,6554,13107,1.00006103515625,1.999969482421875,1.00006103515625,1.999969482421875,,,1922358,24,1,3,0
7939,1922476,6554,13107,1.00006103515625,1.999969482421875,1.00006103515625,1.999969482421875,,,1922483,24,1,3,0
7940,1922602,6554,13107,1.00006103515625,1.999969482421875,1.00006103515625,1.999969482421875,,,1922609,23,1,3,0
7941,1922727,6554,13107,1.00006103515625,1.999969482421875,1.00006103515625,1.999969482421875,,,1922734,24,1,3,0
7942,1922852,6554,13107,1.00006103515625,1.999969482421875,1.00006103515625,1.999969482421875,,,1922859,24,1,3,0
7943,1922977,6554,13107,1.00006103515625,1.999969482421875,1.00006103515625,1.999969482421875,,,1922984,24,1,3,0
7944,1923103,6554,13107,1.00006103515625,1.999969482421875,1.00006103515625,1.999969482421875,,,1923110,23,1,3,0
7945,1923228,6554,13107,1.00006103515625,1.999969482421875,1.00006103515625,1.999969482421875,,,1923235,24,1,3,0
7946,1923353,6554,13107,1.00006103515625,1.999969482421875,1.00006103515625,1.999969482421875,,,1923360,24,1,3,0
7947,1923478,6554,13107,1.00006103515625,1.999969482421875,1.00006103515625,1.999969482421875,,,1923486,24,1,3,0
7948,1923604,6554,13107,1.00006103515625,1.999969482421875,1.00006103515625,1.999969482421875,,,1923611,23,1,3,0
7949,1923729,6554,13107,1.00006103515625,1.999969482421875,1.00006103515625,1.999969482421875,,,1923736,24,1,3,0
7950,1923854,6554,13107,1.00006103515625,1.999969482421875,1.00006103515625,1.999969482421875,,,1923861,24,1,3,0
7951,1923979,6554,13107,1.00006103515625,1.999969482421875,1.00006103515625,1.999969482421875,,,1923986,24,1,3,0
7952,1924105,6554,13107,1.00006103515625,1.999969482421875,1.00006103515625,1.999969482421875,,,1924112,23,1,3,0
7953,1924230,6554,13107,1.00006103515625,1.999969482421875,1.00006103515625,1.999969482421875,,,1924237,24,1,3,0
7954,1924355,6554,13107,1.00006103515625,1.999969482421875,1.00006103515625,1.999969482421875,,,1924362,24,1,3,0
7955,1924480,6554,13107,1.00006103515625,1.999969482421875,1.00006103515625,1.999969482421875,,,1924487,24,1,3,0
7956,1924606,6554,13107,1.00006103515625,1.999969482421875,1.00006103515625,1.999969482421875,,,1924613,23,1,3,0
7957,1924731,6554,13107,1.00006103515625,1.999969482421875,1.00006103515625,1.999969482421875,,,1924738,24,1,3,0
7958,1924856,6554,13107,1.00006103515625,1.999969482421875,1.00006103515625,1.999969482421875,,,1924863,24,1,3,0
7959,1924981,6554,13107,1.00006103515625,1.999969482421875,1.00006103515625,1.999969482421875,,,1924988,24,1,3,0
7960,1925107,6554,13107,1.00006103515625,1.999969482421875,1.00006103515625,1.999969482421875,,,1925114,23,1,3,0
7961,1925232,6554,13107,1.00006103515625,1.999969482421875,1.00006103515625,1.999969482421875,,,1925239,24,1,3,0
7962,1925357,6554,13107,1.00006103515625,1.999969482421875,1.00006103515625,1.999969482421875,,,1925364,24,1,3,0
7963,1925482,6554,13107,1.00006103515625,1.999969482421875,1.00006103515625,1.999969482421875,,,1925489,24,1,3,0
7964,1925608,6554,13107,1.00006103515625,1.999969482421875,1.00006103515625,1.999969482421875,,,1925615,23,1,3,0
7965,1925733,6554,13107,1.00006103515625,1.999969482421875,1.00006103515625,1.999969482421875,,,1925741,24,1,3,0
7966,1925858,6554,13107,1.00006103515625,1.999969482421875,1.00006103515625,1.999969482421875,,,1925865,24,1,3,0
7967,1925983,6554,13107,1.00006103515625,1.999969482421875,1.00006103515625,1.999969482421875,,,1925990,24,1,3,0
7968,1926109,6554,13107,1.00006103515625,1.999969482421875,1.00006103515625,1.999969482421875,,,1926116,23,1,3,0
7969,1926234,6554,13107,1.00006103515625,1.999969482421875,1.00006103515625,1.999969482421875,,,1926241,24,1,3,0
7970,1926359,6554,13107,1.00006103515625,1.999969482421875,1.00006103515625,1.999969482421875,,,1926366,24,1,3,0
7971,1926484,6554,13107,1.00006103515625,1.999969482421875,1.00006103515625,1.999969482421875,,,1926491,24,1,3,0
7972,1926610,6554,13107,1.00006103515625,1.999969482421875,1.00006103515625,1.999969482421875,,,1926617,26,1,3,0
7973,1926735,6554,13107,1.00006103515625,1.999969482421875,1.00006103515625,1.999969482421875,,,1926742,24,1,3,0
7974,1926860,6554,13107,1.00006103515625,1.999969482421875,1.00006103515625,1.999969482421875,,,1926867,24,1,3,0
7975,1926985,6554,13107,1.00006103515625,1.999969482421875,1.00006103515625,1.999969482421875,,,1926992,24,1,3,0
7976,1927111,6554,13107,1.00006103515625,1.999969482421875,1.00006103515625,1.999969482421875,,,1927118,23,1,3,0
7977,1927236,6554,13107,1.00006103515625,1.999969482421875,1.00006103515625,1.999969482421875,,,1927243,24,1,3,0
7978,1927361,6554,13107,1.00006103515625,1.999969482421875,1.00006103515625,1.999969482421875,,,1927368,24,1,3,0
7979,1927486,6554,13107,1.00006103515625,1.999969482421875,1.00006103515625,1.999969482421875,,,1927493,24,1,3,0
7980,1927612,6554,13107,1.00006103515625,1.999969482421875,1.00006103515625,1.999969482421875,,,1927619,25,1,3,0
7981,1927737,6554,13107,1.00006103515625,1.999969482421875,1.00006103515625,1.999969482421875,,,1927744,24,1,3,0
7982,1927862,6554,13107,1.00006103515625,1.999969482421875,1.00006103515625,1.999969482421875,,,1927869,24,1,3,0
7983,1927987,6554,13107,1.00006103515625,1.999969482421875,1.00006103515625,1.999969482421875,,,1927994,24,1,3,0
7984,1928113,6554,13107,1.00006103515625,1.999969482421875,1.00006103515625,1.999969482421875,,,1928120,23,1,3,0
