sequence,conversion_trigger_host_us,ch0_raw,ch1_raw,ch0_adc_input_v,ch1_adc_input_v,ch0_myoware_raw_v_estimate,ch1_myoware_raw_v_estimate,adc_status,adc_crc,read_start_us,read_duration_us,elapsed_slots,active_mask,flags
1,125,9912,9936,1.512451171875,1.51611328125,1.512451171875,1.51611328125,,,128,18,1,3,0
2,250,9994,10041,1.52496337890625,1.532135009765625,1.52496337890625,1.532135009765625,,,253,18,1,3,0
3,375,10075,10145,1.537322998046875,1.548004150390625,1.537322998046875,1.548004150390625,,,378,18,1,3,0
4,500,10156,10247,1.5496826171875,1.563568115234375,1.5496826171875,1.563568115234375,,,503,18,1,3,0
5,625,10235,10348,1.561737060546875,1.5789794921875,1.561737060546875,1.5789794921875,,,628,18,1,3,0
6,750,10314,10445,1.57379150390625,1.593780517578125,1.57379150390625,1.593780517578125,,,753,18,1,3,0
7,875,10391,10540,1.585540771484375,1.6082763671875,1.585540771484375,1.6082763671875,,,878,18,1,3,0
8,1000,10466,10631,1.59698486328125,1.622161865234375,1.59698486328125,1.622161865234375,,,1003,18,1,3,0
9,1125,10540,10718,1.6082763671875,1.63543701171875,1.6082763671875,1.63543701171875,,,1128,18,1,3,0
10,1250,10611,10800,1.619110107421875,1.64794921875,1.619110107421875,1.64794921875,,,1253,18,1,3,0
11,1375,10680,10877,1.629638671875,1.659698486328125,1.629638671875,1.659698486328125,,,1378,18,1,3,0
12,1500,10747,10949,1.639862060546875,1.670684814453125,1.639862060546875,1.670684814453125,,,1503,18,1,3,0
13,1625,10811,11016,1.649627685546875,1.680908203125,1.649627685546875,1.680908203125,,,1628,18,1,3,0
14,1750,10872,11076,1.658935546875,1.6900634765625,1.658935546875,1.6900634765625,,,1753,18,1,3,0
15,1875,10930,11130,1.66778564453125,1.69830322265625,1.66778564453125,1.69830322265625,,,1878,18,1,3,0
16,2000,10985,11177,1.676177978515625,1.705474853515625,1.676177978515625,1.705474853515625,,,2003,18,1,3,0
17,2125,11037,11218,1.684112548828125,1.71173095703125,1.684112548828125,1.71173095703125,,,2128,18,1,3,0
18,2250,11084,11251,1.6912841796875,1.716766357421875,1.6912841796875,1.716766357421875,,,2253,18,1,3,0
19,2375,11129,11278,1.698150634765625,1.72088623046875,1.698150634765625,1.72088623046875,,,2378,18,1,3,0
20,2500,11169,11297,1.704254150390625,1.723785400390625,1.704254150390625,1.723785400390625,,,2503,18,1,3,0
21,2625,11206,11309,1.70989990234375,1.725616455078125,1.70989990234375,1.725616455078125,,,2628,18,1,3,0
22,2750,11238,11313,1.71478271484375,1.726226806640625,1.71478271484375,1.726226806640625,,,2753,18,1,3,0
23,2875,11267,11310,1.719207763671875,1.72576904296875,1.719207763671875,1.72576904296875,,,2878,18,1,3,0
24,3000,11291,11300,1.722869873046875,1.7242431640625,1.722869873046875,1.7242431640625,,,3003,18,1,3,0
25,3125,11311,11282,1.725921630859375,1.72149658203125,1.725921630859375,1.72149658203125,,,3128,18,1,3,0
26,3250,11327,11257,1.728363037109375,1.717681884765625,1.728363037109375,1.717681884765625,,,3253,18,1,3,0
27,3375,11338,11225,1.73004150390625,1.712799072265625,1.73004150390625,1.712799072265625,,,3378,18,1,3,0
28,3500,11345,11187,1.731109619140625,1.707000732421875,1.731109619140625,1.707000732421875,,,3503,18,1,3,0
29,3625,11348,11142,1.7315673828125,1.70013427734375,1.7315673828125,1.70013427734375,,,3628,18,1,3,0
30,3750,11346,11090,1.73126220703125,1.69219970703125,1.73126220703125,1.69219970703125,,,3753,18,1,3,0
31,3875,11340,11032,1.7303466796875,1.683349609375,1.7303466796875,1.683349609375,,,3878,18,1,3,0
32,4000,11329,10969,1.728668212890625,1.673736572265625,1.728668212890625,1.673736572265625,,,4003,18,1,3,0
33,4125,11314,10900,1.72637939453125,1.6632080078125,1.72637939453125,1.6632080078125,,,4128,18,1,3,0
34,4250,11295,10827,1.723480224609375,1.652069091796875,1.723480224609375,1.652069091796875,,,4253,18,1,3,0
35,4375,11272,10748,1.719970703125,1.6400146484375,1.719970703125,1.6400146484375,,,4378,18,1,3,0
36,4500,11244,10666,1.7156982421875,1.62750244140625,1.7156982421875,1.62750244140625,,,4503,18,1,3,0
37,4625,11213,10580,1.710968017578125,1.6143798828125,1.710968017578125,1.6143798828125,,,4628,18,1,3,0
38,4750,11177,10491,1.705474853515625,1.600799560546875,1.705474853515625,1.600799560546875,,,4753,18,1,3,0
39,4875,11138,10399,1.69952392578125,1.586761474609375,1.69952392578125,1.586761474609375,,,4878,18,1,3,0
40,5000,11095,10305,1.692962646484375,1.572418212890625,1.692962646484375,1.572418212890625,,,5003,18,1,3,0
41,5125,11048,10209,1.685791015625,1.557769775390625,1.685791015625,1.557769775390625,,,5128,18,1,3,0
42,5250,10998,10112,1.67816162109375,1.54296875,1.67816162109375,1.54296875,,,5253,18,1,3,0
43,5375,10945,10014,1.670074462890625,1.52801513671875,1.670074462890625,1.52801513671875,,,5378,18,1,3,0
44,5500,10889,9917,1.661529541015625,1.513214111328125,1.661529541015625,1.513214111328125,,,5503,18,1,3,0
45,5625,10829,9819,1.652374267578125,1.498260498046875,1.652374267578125,1.498260498046875,,,5628,18,1,3,0
46,5750,10767,9723,1.642913818359375,1.483612060546875,1.642913818359375,1.483612060546875,,,5753,18,1,3,0
47,5875,10703,9628,1.633148193359375,1.4691162109375,1.633148193359375,1.4691162109375,,,5878,18,1,3,0
48,6000,10636,9535,1.6229248046875,1.454925537109375,1.6229248046875,1.454925537109375,,,6003,18,1,3,0
49,6125,10567,9445,1.612396240234375,1.441192626953125,1.612396240234375,1.441192626953125,,,6128,18,1,3,0
50,6250,10495,9357,1.601409912109375,1.427764892578125,1.601409912109375,1.427764892578125,,,6253,18,1,3,0
51,6375,10423,9273,1.590423583984375,1.414947509765625,1.590423583984375,1.414947509765625,,,6378,18,1,3,0
52,6500,10348,9192,1.5789794921875,1.402587890625,1.5789794921875,1.402587890625,,,6503,18,1,3,0
53,6625,10273,9116,1.567535400390625,1.3909912109375,1.567535400390625,1.3909912109375,,,6628,18,1,3,0
54,6750,10196,9045,1.5557861328125,1.380157470703125,1.5557861328125,1.380157470703125,,,6753,18,1,3,0
55,6875,10118,8979,1.54388427734375,1.370086669921875,1.54388427734375,1.370086669921875,,,6878,18,1,3,0
56,7000,10040,8918,1.531982421875,1.36077880859375,1.531982421875,1.36077880859375,,,7003,18,1,3,0
57,7125,9962,8862,1.52008056640625,1.35223388671875,1.52008056640625,1.35223388671875,,,7128,18,1,3,0
58,7250,9883,8813,1.508026123046875,1.344757080078125,1.508026123046875,1.344757080078125,,,7253,18,1,3,0
59,7375,9804,8770,1.4959716796875,1.33819580078125,1.4959716796875,1.33819580078125,,,7378,18,1,3,0
60,7500,9726,8733,1.48406982421875,1.332550048828125,1.48406982421875,1.332550048828125,,,7503,18,1,3,0
61,7625,9649,8703,1.472320556640625,1.327972412109375,1.472320556640625,1.327972412109375,,,7628,18,1,3,0
62,7750,9572,8680,1.4605712890625,1.324462890625,1.4605712890625,1.324462890625,,,7753,18,1,3,0
63,7875,9496,8664,1.448974609375,1.322021484375,1.448974609375,1.322021484375,,,7878,18,1,3,0
64,8000,9422,8654,1.43768310546875,1.32049560546875,1.43768310546875,1.32049560546875,,,8003,18,1,3,0
65,8125,9349,8652,1.426544189453125,1.3201904296875,1.426544189453125,1.3201904296875,,,8128,18,1,3,0
66,8250,9277,8656,1.415557861328125,1.32080078125,1.415557861328125,1.32080078125,,,8253,18,1,3,0
67,8375,9208,8667,1.405029296875,1.322479248046875,1.405029296875,1.322479248046875,,,8378,18,1,3,0
68,8500,9140,8685,1.3946533203125,1.325225830078125,1.3946533203125,1.325225830078125,,,8503,18,1,3,0
69,8625,9075,8710,1.384735107421875,1.32904052734375,1.384735107421875,1.32904052734375,,,8628,18,1,3,0
70,8750,9013,8741,1.375274658203125,1.333770751953125,1.375274658203125,1.333770751953125,,,8753,18,1,3,0
71,8875,8953,8778,1.366119384765625,1.33941650390625,1.366119384765625,1.33941650390625,,,8878,18,1,3,0
72,9000,8896,8821,1.357421875,1.345977783203125,1.357421875,1.345977783203125,,,9003,18,1,3,0
73,9125,8842,8871,1.34918212890625,1.353607177734375,1.34918212890625,1.353607177734375,,,9128,18,1,3,0
74,9250,8791,8925,1.341400146484375,1.361846923828125,1.341400146484375,1.361846923828125,,,9253,18,1,3,0
75,9375,8744,8985,1.334228515625,1.371002197265625,1.334228515625,1.371002197265625,,,9378,18,1,3,0
76,9500,8700,9049,1.3275146484375,1.380767822265625,1.3275146484375,1.380767822265625,,,9503,18,1,3,0
77,9625,8659,9118,1.321258544921875,1.39129638671875,1.321258544921875,1.39129638671875,,,9628,18,1,3,0
78,9750,8623,9191,1.315765380859375,1.402435302734375,1.315765380859375,1.402435302734375,,,9753,18,1,3,0
79,9875,8590,9268,1.31072998046875,1.4141845703125,1.31072998046875,1.4141845703125,,,9878,18,1,3,0
80,10000,8560,9347,1.30615234375,1.426239013671875,1.30615234375,1.426239013671875,,,10003,18,1,3,0
81,10125,8535,9430,1.302337646484375,1.43890380859375,1.302337646484375,1.43890380859375,,,10128,18,1,3,0
82,10250,8514,9514,1.29913330078125,1.45172119140625,1.29913330078125,1.45172119140625,,,10253,18,1,3,0
83,10375,8497,9600,1.296539306640625,1.46484375,1.296539306640625,1.46484375,,,10378,18,1,3,0
84,10500,8484,9687,1.2945556640625,1.478118896484375,1.2945556640625,1.478118896484375,,,10503,18,1,3,0
85,10625,8475,9775,1.293182373046875,1.491546630859375,1.293182373046875,1.491546630859375,,,10628,18,1,3,0
86,10750,8470,9863,1.29241943359375,1.504974365234375,1.29241943359375,1.504974365234375,,,10753,18,1,3,0
87,10875,8470,9950,1.29241943359375,1.51824951171875,1.29241943359375,1.51824951171875,,,10878,18,1,3,0
88,11000,8473,10037,1.292877197265625,1.531524658203125,1.292877197265625,1.531524658203125,,,11003,18,1,3,0
89,11125,8481,10122,1.294097900390625,1.54449462890625,1.294097900390625,1.54449462890625,,,11128,18,1,3,0
90,11250,8492,10205,1.2957763671875,1.557159423828125,1.2957763671875,1.557159423828125,,,11253,18,1,3,0
91,11375,8508,10286,1.2982177734375,1.56951904296875,1.2982177734375,1.56951904296875,,,11378,18,1,3,0
92,11500,8528,10364,1.30126953125,1.5814208984375,1.30126953125,1.5814208984375,,,11503,18,1,3,0
93,11625,8551,10439,1.304779052734375,1.592864990234375,1.304779052734375,1.592864990234375,,,11628,18,1,3,0
94,11750,8579,10510,1.309051513671875,1.60369873046875,1.309051513671875,1.60369873046875,,,11753,18,1,3,0
95,11875,8610,10577,1.31378173828125,1.613922119140625,1.31378173828125,1.613922119140625,,,11878,18,1,3,0
96,12000,8644,10639,1.3189697265625,1.623382568359375,1.3189697265625,1.623382568359375,,,12003,18,1,3,0
97,12125,8683,10697,1.324920654296875,1.632232666015625,1.324920654296875,1.632232666015625,,,12128,18,1,3,0
98,12250,8724,10749,1.3311767578125,1.640167236328125,1.3311767578125,1.640167236328125,,,12253,18,1,3,0
99,12375,8769,10795,1.338043212890625,1.647186279296875,1.338043212890625,1.647186279296875,,,12378,18,1,3,0
100,12500,8816,10836,1.34521484375,1.6534423828125,1.34521484375,1.6534423828125,,,12503,18,1,3,0
101,12625,8867,10870,1.352996826171875,1.65863037109375,1.352996826171875,1.65863037109375,,,12628,18,1,3,0
102,12750,8920,10898,1.361083984375,1.66290283203125,1.361083984375,1.66290283203125,,,12753,18,1,3,0
103,12875,8976,10920,1.36962890625,1.666259765625,1.36962890625,1.666259765625,,,12878,18,1,3,0
104,13000,9035,10935,1.378631591796875,1.668548583984375,1.378631591796875,1.668548583984375,,,13003,18,1,3,0
105,13125,9095,10943,1.387786865234375,1.669769287109375,1.387786865234375,1.669769287109375,,,13128,18,1,3,0
106,13250,9158,10945,1.39739990234375,1.670074462890625,1.39739990234375,1.670074462890625,,,13253,18,1,3,0
107,13375,9222,10939,1.40716552734375,1.669158935546875,1.40716552734375,1.669158935546875,,,13378,18,1,3,0
108,13500,9288,10927,1.417236328125,1.667327880859375,1.417236328125,1.667327880859375,,,13503,18,1,3,0
109,13625,9355,10908,1.427459716796875,1.6644287109375,1.427459716796875,1.6644287109375,,,13628,18,1,3,0
110,13750,9423,10882,1.437835693359375,1.66046142578125,1.437835693359375,1.66046142578125,,,13753,18,1,3,0
111,13875,9492,10850,1.4483642578125,1.65557861328125,1.4483642578125,1.65557861328125,,,13878,18,1,3,0
112,14000,9562,10811,1.45904541015625,1.649627685546875,1.45904541015625,1.649627685546875,,,14003,18,1,3,0
113,14125,9633,10767,1.469879150390625,1.642913818359375,1.469879150390625,1.642913818359375,,,14128,18,1,3,0
114,14250,9704,10716,1.480712890625,1.6351318359375,1.480712890625,1.6351318359375,,,14253,18,1,3,0
115,14375,9774,10659,1.49139404296875,1.626434326171875,1.49139404296875,1.626434326171875,,,14378,18,1,3,0
116,14500,9845,10597,1.502227783203125,1.616973876953125,1.502227783203125,1.616973876953125,,,14503,18,1,3,0
117,14625,9915,10530,1.512908935546875,1.60675048828125,1.512908935546875,1.60675048828125,,,14628,18,1,3,0
118,14750,9985,10459,1.523590087890625,1.595916748046875,1.523590087890625,1.595916748046875,,,14753,18,1,3,0
119,14875,10053,10383,1.533966064453125,1.584320068359375,1.533966064453125,1.584320068359375,,,14878,18,1,3,0
120,15000,10121,10303,1.544342041015625,1.572113037109375,1.544342041015625,1.572113037109375,,,15003,18,1,3,0
121,15125,10187,10219,1.554412841796875,1.559295654296875,1.554412841796875,1.559295654296875,,,15128,18,1,3,0
122,15250,10252,10133,1.5643310546875,1.546173095703125,1.5643310546875,1.546173095703125,,,15253,18,1,3,0
123,15375,10316,10044,1.5740966796875,1.5325927734375,1.5740966796875,1.5325927734375,,,15378,18,1,3,0
124,15500,10377,9953,1.583404541015625,1.518707275390625,1.583404541015625,1.518707275390625,,,15503,18,1,3,0
125,15625,10436,9861,1.5924072265625,1.504669189453125,1.5924072265625,1.504669189453125,,,15628,18,1,3,0
126,15750,10494,9767,1.60125732421875,1.490325927734375,1.60125732421875,1.490325927734375,,,15753,18,1,3,0
127,15875,10548,9673,1.6094970703125,1.475982666015625,1.6094970703125,1.475982666015625,,,15878,18,1,3,0
128,16000,10600,9579,1.617431640625,1.461639404296875,1.617431640625,1.461639404296875,,,16003,18,1,3,0
129,16125,10650,9485,1.62506103515625,1.447296142578125,1.62506103515625,1.447296142578125,,,16128,18,1,3,0
130,16250,10696,9393,1.632080078125,1.433258056640625,1.632080078125,1.433258056640625,,,16253,18,1,3,0
131,16375,10740,9302,1.6387939453125,1.41937255859375,1.6387939453125,1.41937255859375,,,16378,18,1,3,0
132,16500,10780,9213,1.6448974609375,1.405792236328125,1.6448974609375,1.405792236328125,,,16503,18,1,3,0
133,16625,10817,9126,1.650543212890625,1.39251708984375,1.650543212890625,1.39251708984375,,,16628,18,1,3,0
134,16750,10851,9043,1.655731201171875,1.379852294921875,1.655731201171875,1.379852294921875,,,16753,18,1,3,0
135,16875,10881,8963,1.660308837890625,1.367645263671875,1.660308837890625,1.367645263671875,,,16878,18,1,3,0
136,17000,10908,8887,1.6644287109375,1.356048583984375,1.6644287109375,1.356048583984375,,,17003,18,1,3,0
137,17125,10930,8816,1.66778564453125,1.34521484375,1.66778564453125,1.34521484375,,,17128,18,1,3,0
138,17250,10950,8749,1.67083740234375,1.334991455078125,1.67083740234375,1.334991455078125,,,17253,18,1,3,0
139,17375,10965,8688,1.673126220703125,1.32568359375,1.673126220703125,1.32568359375,,,17378,18,1,3,0
140,17500,10977,8632,1.674957275390625,1.317138671875,1.674957275390625,1.317138671875,,,17503,18,1,3,0
141,17625,10985,8582,1.676177978515625,1.30950927734375,1.676177978515625,1.30950927734375,,,17628,18,1,3,0
142,17750,10989,8538,1.676788330078125,1.30279541015625,1.676788330078125,1.30279541015625,,,17753,18,1,3,0
143,17875,10989,8501,1.676788330078125,1.297149658203125,1.676788330078125,1.297149658203125,,,17878,18,1,3,0
144,18000,10986,8470,1.67633056640625,1.29241943359375,1.67633056640625,1.29241943359375,,,18003,18,1,3,0
145,18125,10978,8447,1.67510986328125,1.288909912109375,1.67510986328125,1.288909912109375,,,18128,18,1,3,0
146,18250,10967,8430,1.673431396484375,1.28631591796875,1.673431396484375,1.28631591796875,,,18253,18,1,3,0
147,18375,10952,8420,1.671142578125,1.2847900390625,1.671142578125,1.2847900390625,,,18378,18,1,3,0
148,18500,10934,8418,1.66839599609375,1.28448486328125,1.66839599609375,1.28448486328125,,,18503,18,1,3,0
149,18625,10911,8423,1.664886474609375,1.285247802734375,1.664886474609375,1.285247802734375,,,18628,18,1,3,0
150,18750,10886,8435,1.66107177734375,1.287078857421875,1.66107177734375,1.287078857421875,,,18753,18,1,3,0
151,18875,10857,8455,1.656646728515625,1.290130615234375,1.656646728515625,1.290130615234375,,,18878,18,1,3,0
152,19000,10824,8482,1.651611328125,1.29425048828125,1.651611328125,1.29425048828125,,,19003,18,1,3,0
153,19125,10789,8515,1.646270751953125,1.299285888671875,1.646270751953125,1.299285888671875,,,19128,18,1,3,0
154,19250,10750,8556,1.64031982421875,1.3055419921875,1.64031982421875,1.3055419921875,,,19253,18,1,3,0
155,19375,10708,8604,1.6339111328125,1.3128662109375,1.6339111328125,1.3128662109375,,,19378,18,1,3,0
156,19500,10664,8658,1.627197265625,1.32110595703125,1.627197265625,1.32110595703125,,,19503,18,1,3,0
157,19625,10617,8718,1.620025634765625,1.33026123046875,1.620025634765625,1.33026123046875,,,19628,18,1,3,0
158,19750,10567,8784,1.612396240234375,1.34033203125,1.612396240234375,1.34033203125,,,19753,18,1,3,0
159,19875,10515,8856,1.604461669921875,1.351318359375,1.604461669921875,1.351318359375,,,19878,18,1,3,0
160,20000,10461,8933,1.596221923828125,1.363067626953125,1.596221923828125,1.363067626953125,,,20003,18,1,3,0
161,20125,10405,9015,1.587677001953125,1.375579833984375,1.587677001953125,1.375579833984375,,,20128,18,1,3,0
162,20250,10348,9101,1.5789794921875,1.388702392578125,1.5789794921875,1.388702392578125,,,20253,18,1,3,0
163,20375,10288,9191,1.56982421875,1.402435302734375,1.56982421875,1.402435302734375,,,20378,18,1,3,0
164,20500,10228,9285,1.5606689453125,1.416778564453125,1.5606689453125,1.416778564453125,,,20503,18,1,3,0
165,20625,10166,9383,1.55120849609375,1.431732177734375,1.55120849609375,1.431732177734375,,,20628,18,1,3,0
166,20750,10103,9482,1.541595458984375,1.44683837890625,1.541595458984375,1.44683837890625,,,20753,18,1,3,0
167,20875,10039,9584,1.531829833984375,1.46240234375,1.531829833984375,1.46240234375,,,20878,18,1,3,0
168,21000,9975,9688,1.522064208984375,1.478271484375,1.522064208984375,1.478271484375,,,21003,18,1,3,0
169,21125,9910,9792,1.51214599609375,1.494140625,1.51214599609375,1.494140625,,,21128,18,1,3,0
170,21250,9846,9897,1.50238037109375,1.510162353515625,1.50238037109375,1.510162353515625,,,21253,18,1,3,0
171,21375,9781,10002,1.492462158203125,1.52618408203125,1.492462158203125,1.52618408203125,,,21378,18,1,3,0
172,21500,9717,10106,1.482696533203125,1.54205322265625,1.482696533203125,1.54205322265625,,,21503,18,1,3,0
173,21625,9653,10210,1.472930908203125,1.55792236328125,1.472930908203125,1.55792236328125,,,21628,18,1,3,0
174,21750,9590,10311,1.46331787109375,1.573333740234375,1.46331787109375,1.573333740234375,,,21753,18,1,3,0
175,21875,9528,10411,1.453857421875,1.588592529296875,1.453857421875,1.588592529296875,,,21878,18,1,3,0
176,22000,9467,10508,1.444549560546875,1.6033935546875,1.444549560546875,1.6033935546875,,,22003,18,1,3,0
177,22125,9407,10602,1.435394287109375,1.61773681640625,1.435394287109375,1.61773681640625,,,22128,18,1,3,0
178,22250,9349,10692,1.426544189453125,1.6314697265625,1.426544189453125,1.6314697265625,,,22253,18,1,3,0
179,22375,9293,10778,1.417999267578125,1.64459228515625,1.417999267578125,1.64459228515625,,,22378,18,1,3,0
180,22500,9238,10859,1.40960693359375,1.656951904296875,1.40960693359375,1.656951904296875,,,22503,18,1,3,0
181,22625,9186,10935,1.40167236328125,1.668548583984375,1.40167236328125,1.668548583984375,,,22628,18,1,3,0
182,22750,9136,11006,1.39404296875,1.67938232421875,1.39404296875,1.67938232421875,,,22753,18,1,3,0
183,22875,9088,11072,1.38671875,1.689453125,1.38671875,1.689453125,,,22878,18,1,3,0
184,23000,9043,11131,1.379852294921875,1.698455810546875,1.379852294921875,1.698455810546875,,,23003,18,1,3,0
185,23125,9001,11184,1.373443603515625,1.70654296875,1.373443603515625,1.70654296875,,,23128,18,1,3,0
186,23250,8961,11230,1.367340087890625,1.71356201171875,1.367340087890625,1.71356201171875,,,23253,18,1,3,0
187,23375,8925,11269,1.361846923828125,1.719512939453125,1.361846923828125,1.719512939453125,,,23378,18,1,3,0
188,23500,8892,11302,1.3568115234375,1.72454833984375,1.3568115234375,1.72454833984375,,,23503,18,1,3,0
189,23625,8862,11327,1.35223388671875,1.728363037109375,1.35223388671875,1.728363037109375,,,23628,18,1,3,0
190,23750,8835,11345,1.348114013671875,1.731109619140625,1.348114013671875,1.731109619140625,,,23753,18,1,3,0
191,23875,8812,11355,1.3446044921875,1.732635498046875,1.3446044921875,1.732635498046875,,,23878,18,1,3,0
192,24000,8792,11358,1.341552734375,1.73309326171875,1.341552734375,1.73309326171875,,,24003,18,1,3,0
193,24125,8775,11353,1.338958740234375,1.732330322265625,1.338958740234375,1.732330322265625,,,24128,18,1,3,0
194,24250,8763,11341,1.337127685546875,1.730499267578125,1.337127685546875,1.730499267578125,,,24253,18,1,3,0
195,24375,8754,11322,1.33575439453125,1.72760009765625,1.33575439453125,1.72760009765625,,,24378,18,1,3,0
196,24500,8749,11295,1.334991455078125,1.723480224609375,1.334991455078125,1.723480224609375,,,24503,18,1,3,0
197,24625,8747,11261,1.334686279296875,1.718292236328125,1.334686279296875,1.718292236328125,,,24628,18,1,3,0
198,24750,8749,11221,1.334991455078125,1.712188720703125,1.334991455078125,1.712188720703125,,,24753,18,1,3,0
199,24875,8755,11173,1.335906982421875,1.704864501953125,1.335906982421875,1.704864501953125,,,24878,18,1,3,0
200,25000,8765,11120,1.337432861328125,1.69677734375,1.337432861328125,1.69677734375,,,25003,18,1,3,0
201,25125,8778,11060,1.33941650390625,1.6876220703125,1.33941650390625,1.6876220703125,,,25128,18,1,3,0
202,25250,8795,10994,1.342010498046875,1.67755126953125,1.342010498046875,1.67755126953125,,,25253,18,1,3,0
203,25375,8815,10923,1.345062255859375,1.666717529296875,1.345062255859375,1.666717529296875,,,25378,18,1,3,0
204,25500,8839,10847,1.348724365234375,1.655120849609375,1.348724365234375,1.655120849609375,,,25503,18,1,3,0
205,25625,8867,10766,1.352996826171875,1.64276123046875,1.352996826171875,1.64276123046875,,,25628,18,1,3,0
206,25750,8897,10681,1.357574462890625,1.629791259765625,1.357574462890625,1.629791259765625,,,25753,18,1,3,0
207,25875,8931,10592,1.362762451171875,1.6162109375,1.362762451171875,1.6162109375,,,25878,18,1,3,0
208,26000,8969,10500,1.368560791015625,1.6021728515625,1.368560791015625,1.6021728515625,,,26003,18,1,3,0
209,26125,9009,10405,1.374664306640625,1.587677001953125,1.374664306640625,1.587677001953125,,,26128,18,1,3,0
210,26250,9052,10308,1.3812255859375,1.5728759765625,1.3812255859375,1.5728759765625,,,26253,18,1,3,0
211,26375,9098,10209,1.38824462890625,1.557769775390625,1.38824462890625,1.557769775390625,,,26378,18,1,3,0
212,26500,9146,10108,1.39556884765625,1.5423583984375,1.39556884765625,1.5423583984375,,,26503,18,1,3,0
213,26625,9197,10007,1.403350830078125,1.526947021484375,1.403350830078125,1.526947021484375,,,26628,18,1,3,0
214,26750,9250,9906,1.41143798828125,1.51153564453125,1.41143798828125,1.51153564453125,,,26753,18,1,3,0
215,26875,9305,9805,1.419830322265625,1.496124267578125,1.419830322265625,1.496124267578125,,,26878,18,1,3,0
216,27000,9362,9705,1.42852783203125,1.480865478515625,1.42852783203125,1.480865478515625,,,27003,18,1,3,0
217,27125,9421,9607,1.437530517578125,1.465911865234375,1.437530517578125,1.465911865234375,,,27128,18,1,3,0
218,27250,9482,9510,1.44683837890625,1.45111083984375,1.44683837890625,1.45111083984375,,,27253,18,1,3,0
219,27375,9544,9416,1.456298828125,1.436767578125,1.456298828125,1.436767578125,,,27378,18,1,3,0
220,27500,9607,9325,1.465911865234375,1.422882080078125,1.465911865234375,1.422882080078125,,,27503,18,1,3,0
221,27625,9671,9237,1.475677490234375,1.409454345703125,1.475677490234375,1.409454345703125,,,27628,18,1,3,0
222,27750,9735,9153,1.485443115234375,1.396636962890625,1.485443115234375,1.396636962890625,,,27753,18,1,3,0
223,27875,9800,9073,1.495361328125,1.384429931640625,1.495361328125,1.384429931640625,,,27878,18,1,3,0
224,28000,9866,8998,1.50543212890625,1.37298583984375,1.50543212890625,1.37298583984375,,,28003,18,1,3,0
225,28125,9932,8928,1.5155029296875,1.3623046875,1.5155029296875,1.3623046875,,,28128,18,1,3,0
226,28250,9997,8863,1.525421142578125,1.352386474609375,1.525421142578125,1.352386474609375,,,28253,18,1,3,0
227,28375,10062,8804,1.53533935546875,1.3433837890625,1.53533935546875,1.3433837890625,,,28378,18,1,3,0
228,28500,10127,8752,1.545257568359375,1.33544921875,1.545257568359375,1.33544921875,,,28503,18,1,3,0
229,28625,10191,8705,1.555023193359375,1.328277587890625,1.555023193359375,1.328277587890625,,,28628,18,1,3,0
230,28750,10254,8665,1.56463623046875,1.322174072265625,1.56463623046875,1.322174072265625,,,28753,18,1,3,0
231,28875,10315,8631,1.573944091796875,1.316986083984375,1.573944091796875,1.316986083984375,,,28878,18,1,3,0
232,29000,10376,8605,1.583251953125,1.313018798828125,1.583251953125,1.313018798828125,,,29003,18,1,3,0
233,29125,10434,8585,1.59210205078125,1.309967041015625,1.59210205078125,1.309967041015625,,,29128,18,1,3,0
234,29250,10491,8573,1.600799560546875,1.308135986328125,1.600799560546875,1.308135986328125,,,29253,18,1,3,0
235,29375,10546,8567,1.60919189453125,1.307220458984375,1.60919189453125,1.307220458984375,,,29378,18,1,3,0
236,29500,10599,8569,1.617279052734375,1.307525634765625,1.617279052734375,1.307525634765625,,,29503,18,1,3,0
237,29625,10650,8577,1.62506103515625,1.308746337890625,1.62506103515625,1.308746337890625,,,29628,18,1,3,0
238,29750,10698,8593,1.63238525390625,1.311187744140625,1.63238525390625,1.311187744140625,,,29753,18,1,3,0
239,29875,10743,8615,1.639251708984375,1.314544677734375,1.639251708984375,1.314544677734375,,,29878,18,1,3,0
240,30000,10785,8644,1.645660400390625,1.3189697265625,1.645660400390625,1.3189697265625,,,30003,18,1,3,0
241,30125,10825,8679,1.651763916015625,1.324310302734375,1.651763916015625,1.324310302734375,,,30128,18,1,3,0
242,30250,10861,8721,1.657257080078125,1.330718994140625,1.657257080078125,1.330718994140625,,,30253,18,1,3,0
243,30375,10894,8769,1.66229248046875,1.338043212890625,1.66229248046875,1.338043212890625,,,30378,18,1,3,0
244,30500,10924,8822,1.6668701171875,1.34613037109375,1.6668701171875,1.34613037109375,,,30503,18,1,3,0
245,30625,10951,8880,1.670989990234375,1.35498046875,1.670989990234375,1.35498046875,,,30628,18,1,3,0
246,30750,10973,8944,1.674346923828125,1.36474609375,1.674346923828125,1.36474609375,,,30753,18,1,3,0
247,30875,10993,9012,1.677398681640625,1.3751220703125,1.677398681640625,1.3751220703125,,,30878,18,1,3,0
248,31000,11008,9085,1.6796875,1.386260986328125,1.6796875,1.386260986328125,,,31003,18,1,3,0
249,31125,11020,9161,1.6815185546875,1.397857666015625,1.6815185546875,1.397857666015625,,,31128,18,1,3,0
250,31250,11028,9241,1.6827392578125,1.410064697265625,1.6827392578125,1.410064697265625,,,31253,18,1,3,0
251,31375,11032,9323,1.683349609375,1.422576904296875,1.683349609375,1.422576904296875,,,31378,18,1,3,0
252,31500,11032,9408,1.683349609375,1.435546875,1.683349609375,1.435546875,,,31503,18,1,3,0
253,31625,11028,9494,1.6827392578125,1.44866943359375,1.6827392578125,1.44866943359375,,,31628,18,1,3,0
254,31750,11020,9583,1.6815185546875,1.462249755859375,1.6815185546875,1.462249755859375,,,31753,18,1,3,0
255,31875,11009,9672,1.679840087890625,1.475830078125,1.679840087890625,1.475830078125,,,31878,18,1,3,0
256,32000,10993,9761,1.677398681640625,1.489410400390625,1.677398681640625,1.489410400390625,,,32003,18,1,3,0
257,32125,10974,9850,1.67449951171875,1.50299072265625,1.67449951171875,1.50299072265625,,,32128,18,1,3,0
258,32250,10951,9939,1.670989990234375,1.516571044921875,1.670989990234375,1.516571044921875,,,32253,18,1,3,0
259,32375,10924,10026,1.6668701171875,1.52984619140625,1.6668701171875,1.52984619140625,,,32378,18,1,3,0
260,32500,10894,10112,1.66229248046875,1.54296875,1.66229248046875,1.54296875,,,32503,18,1,3,0
261,32625,10860,10195,1.6571044921875,1.555633544921875,1.6571044921875,1.555633544921875,,,32628,18,1,3,0
262,32750,10822,10276,1.65130615234375,1.5679931640625,1.65130615234375,1.5679931640625,,,32753,18,1,3,0
263,32875,10782,10354,1.64520263671875,1.57989501953125,1.64520263671875,1.57989501953125,,,32878,18,1,3,0
264,33000,10738,10428,1.63848876953125,1.5911865234375,1.63848876953125,1.5911865234375,,,33003,18,1,3,0
265,33125,10690,10498,1.63116455078125,1.60186767578125,1.63116455078125,1.60186767578125,,,33128,18,1,3,0
266,33250,10640,10564,1.62353515625,1.6119384765625,1.62353515625,1.6119384765625,,,33253,18,1,3,0
267,33375,10587,10625,1.615447998046875,1.621246337890625,1.615447998046875,1.621246337890625,,,33378,18,1,3,0
268,33500,10532,10681,1.6070556640625,1.629791259765625,1.6070556640625,1.629791259765625,,,33503,18,1,3,0
269,33625,10474,10732,1.59820556640625,1.6375732421875,1.59820556640625,1.6375732421875,,,33628,18,1,3,0
270,33750,10413,10776,1.588897705078125,1.644287109375,1.588897705078125,1.644287109375,,,33753,18,1,3,0
271,33875,10351,10815,1.579437255859375,1.650238037109375,1.579437255859375,1.650238037109375,,,33878,18,1,3,0
272,34000,10286,10848,1.56951904296875,1.6552734375,1.56951904296875,1.6552734375,,,34003,18,1,3,0
273,34125,10220,10874,1.5594482421875,1.65924072265625,1.5594482421875,1.65924072265625,,,34128,18,1,3,0
274,34250,10152,10894,1.549072265625,1.66229248046875,1.549072265625,1.66229248046875,,,34253,18,1,3,0
275,34375,10083,10907,1.538543701171875,1.664276123046875,1.538543701171875,1.664276123046875,,,34378,18,1,3,0
276,34500,10012,10913,1.5277099609375,1.665191650390625,1.5277099609375,1.665191650390625,,,34503,18,1,3,0
277,34625,9941,10912,1.516876220703125,1.6650390625,1.516876220703125,1.6650390625,,,34628,18,1,3,0
278,34750,9869,10905,1.505889892578125,1.663970947265625,1.505889892578125,1.663970947265625,,,34753,18,1,3,0
279,34875,9797,10891,1.494903564453125,1.661834716796875,1.494903564453125,1.661834716796875,,,34878,18,1,3,0
280,35000,9724,10870,1.4837646484375,1.65863037109375,1.4837646484375,1.65863037109375,,,35003,18,1,3,0
281,35125,9651,10843,1.472625732421875,1.654510498046875,1.472625732421875,1.654510498046875,,,35128,18,1,3,0
282,35250,9579,10809,1.461639404296875,1.649322509765625,1.461639404296875,1.649322509765625,,,35253,18,1,3,0
283,35375,9506,10769,1.45050048828125,1.643218994140625,1.45050048828125,1.643218994140625,,,35378,18,1,3,0
284,35500,9435,10723,1.439666748046875,1.636199951171875,1.439666748046875,1.636199951171875,,,35503,18,1,3,0
285,35625,9364,10671,1.4288330078125,1.628265380859375,1.4288330078125,1.628265380859375,,,35628,18,1,3,0
286,35750,9295,10614,1.418304443359375,1.61956787109375,1.418304443359375,1.61956787109375,,,35753,18,1,3,0
287,35875,9227,10552,1.407928466796875,1.610107421875,1.407928466796875,1.610107421875,,,35878,18,1,3,0
288,36000,9160,10485,1.397705078125,1.599884033203125,1.397705078125,1.599884033203125,,,36003,18,1,3,0
289,36125,9095,10413,1.387786865234375,1.588897705078125,1.387786865234375,1.588897705078125,,,36128,18,1,3,0
290,36250,9032,10338,1.378173828125,1.57745361328125,1.378173828125,1.57745361328125,,,36253,18,1,3,0
291,36375,8971,10258,1.368865966796875,1.56524658203125,1.368865966796875,1.56524658203125,,,36378,18,1,3,0
292,36500,8913,10176,1.360015869140625,1.552734375,1.360015869140625,1.552734375,,,36503,18,1,3,0
293,36625,8857,10091,1.351470947265625,1.539764404296875,1.351470947265625,1.539764404296875,,,36628,18,1,3,0
294,36750,8804,10004,1.3433837890625,1.5264892578125,1.3433837890625,1.5264892578125,,,36753,18,1,3,0
295,36875,8753,9915,1.335601806640625,1.512908935546875,1.335601806640625,1.512908935546875,,,36878,18,1,3,0
296,37000,8706,9825,1.32843017578125,1.499176025390625,1.32843017578125,1.499176025390625,,,37003,18,1,3,0
297,37125,8662,9734,1.32171630859375,1.48529052734375,1.32171630859375,1.48529052734375,,,37128,18,1,3,0
298,37250,8621,9643,1.315460205078125,1.471405029296875,1.315460205078125,1.471405029296875,,,37253,18,1,3,0
299,37375,8584,9552,1.309814453125,1.45751953125,1.309814453125,1.45751953125,,,37378,18,1,3,0
300,37500,8550,9463,1.30462646484375,1.443939208984375,1.30462646484375,1.443939208984375,,,37503,18,1,3,0
301,37625,8520,9374,1.300048828125,1.43035888671875,1.300048828125,1.43035888671875,,,37628,18,1,3,0
302,37750,8494,9288,1.29608154296875,1.417236328125,1.29608154296875,1.417236328125,,,37753,18,1,3,0
303,37875,8472,9203,1.292724609375,1.404266357421875,1.292724609375,1.404266357421875,,,37878,18,1,3,0
304,38000,8454,9122,1.28997802734375,1.39190673828125,1.28997802734375,1.39190673828125,,,38003,18,1,3,0
305,38125,8440,9044,1.287841796875,1.3800048828125,1.287841796875,1.3800048828125,,,38128,18,1,3,0
306,38250,8430,8970,1.28631591796875,1.36871337890625,1.28631591796875,1.36871337890625,,,38253,18,1,3,0
307,38375,8424,8900,1.285400390625,1.3580322265625,1.285400390625,1.3580322265625,,,38378,18,1,3,0
308,38500,8422,8835,1.28509521484375,1.348114013671875,1.28509521484375,1.348114013671875,,,38503,18,1,3,0
309,38625,8425,8774,1.285552978515625,1.33880615234375,1.285552978515625,1.33880615234375,,,38628,18,1,3,0
310,38750,8431,8719,1.286468505859375,1.330413818359375,1.286468505859375,1.330413818359375,,,38753,18,1,3,0
311,38875,8442,8670,1.28814697265625,1.32293701171875,1.28814697265625,1.32293701171875,,,38878,18,1,3,0
312,39000,8458,8627,1.29058837890625,1.316375732421875,1.29058837890625,1.316375732421875,,,39003,18,1,3,0
313,39125,8477,8590,1.293487548828125,1.31072998046875,1.293487548828125,1.31072998046875,,,39128,18,1,3,0
314,39250,8500,8559,1.2969970703125,1.305999755859375,1.2969970703125,1.305999755859375,,,39253,18,1,3,0
315,39375,8528,8535,1.30126953125,1.302337646484375,1.30126953125,1.302337646484375,,,39378,18,1,3,0
316,39500,8559,8519,1.305999755859375,1.299896240234375,1.305999755859375,1.299896240234375,,,39503,18,1,3,0
317,39625,8595,8509,1.311492919921875,1.298370361328125,1.311492919921875,1.298370361328125,,,39628,18,1,3,0
318,39750,8634,8506,1.31744384765625,1.29791259765625,1.31744384765625,1.29791259765625,,,39753,18,1,3,0
319,39875,8677,8510,1.324005126953125,1.29852294921875,1.324005126953125,1.29852294921875,,,39878,18,1,3,0
320,40000,8723,8522,1.331024169921875,1.30035400390625,1.331024169921875,1.30035400390625,,,40003,18,1,3,0
321,40125,8773,8540,1.338653564453125,1.3031005859375,1.338653564453125,1.3031005859375,,,40128,18,1,3,0
322,40250,8826,8566,1.34674072265625,1.30706787109375,1.34674072265625,1.30706787109375,,,40253,18,1,3,0
323,40375,8883,8599,1.355438232421875,1.312103271484375,1.355438232421875,1.312103271484375,,,40378,18,1,3,0
324,40500,8942,8638,1.36444091796875,1.31805419921875,1.36444091796875,1.31805419921875,,,40503,18,1,3,0
325,40625,9004,8684,1.3739013671875,1.3250732421875,1.3739013671875,1.3250732421875,,,40628,18,1,3,0
326,40750,9069,8737,1.383819580078125,1.333160400390625,1.383819580078125,1.333160400390625,,,40753,18,1,3,0
327,40875,9136,8796,1.39404296875,1.3421630859375,1.39404296875,1.3421630859375,,,40878,18,1,3,0
328,41000,9205,8860,1.404571533203125,1.3519287109375,1.404571533203125,1.3519287109375,,,41003,18,1,3,0
329,41125,9277,8930,1.415557861328125,1.36260986328125,1.415557861328125,1.36260986328125,,,41128,18,1,3,0
330,41250,9350,9006,1.42669677734375,1.37420654296875,1.42669677734375,1.37420654296875,,,41253,18,1,3,0
331,41375,9425,9086,1.438140869140625,1.38641357421875,1.438140869140625,1.38641357421875,,,41378,18,1,3,0
332,41500,9502,9170,1.44989013671875,1.39923095703125,1.44989013671875,1.39923095703125,,,41503,18,1,3,0
333,41625,9579,9259,1.461639404296875,1.412811279296875,1.461639404296875,1.412811279296875,,,41628,18,1,3,0
334,41750,9658,9351,1.47369384765625,1.426849365234375,1.47369384765625,1.426849365234375,,,41753,18,1,3,0
335,41875,9737,9446,1.485748291015625,1.44134521484375,1.485748291015625,1.44134521484375,,,41878,18,1,3,0
336,42000,9817,9544,1.497955322265625,1.456298828125,1.497955322265625,1.456298828125,,,42003,18,1,3,0
337,42125,9897,9644,1.510162353515625,1.4715576171875,1.510162353515625,1.4715576171875,,,42128,18,1,3,0
338,42250,9977,9745,1.522369384765625,1.486968994140625,1.522369384765625,1.486968994140625,,,42253,18,1,3,0
339,42375,10057,9848,1.534576416015625,1.502685546875,1.534576416015625,1.502685546875,,,42378,18,1,3,0
340,42500,10136,9951,1.546630859375,1.518402099609375,1.546630859375,1.518402099609375,,,42503,18,1,3,0
341,42625,10215,10054,1.558685302734375,1.53411865234375,1.558685302734375,1.53411865234375,,,42628,18,1,3,0
342,42750,10292,10156,1.5704345703125,1.5496826171875,1.5704345703125,1.5496826171875,,,42753,18,1,3,0
343,42875,10369,10258,1.582183837890625,1.56524658203125,1.582183837890625,1.56524658203125,,,42878,18,1,3,0
344,43000,10444,10357,1.5936279296875,1.580352783203125,1.5936279296875,1.580352783203125,,,43003,18,1,3,0
345,43125,10517,10455,1.604766845703125,1.595306396484375,1.604766845703125,1.595306396484375,,,43128,18,1,3,0
346,43250,10589,10550,1.615753173828125,1.60980224609375,1.615753173828125,1.60980224609375,,,43253,18,1,3,0
347,43375,10659,10642,1.626434326171875,1.62384033203125,1.626434326171875,1.62384033203125,,,43378,18,1,3,0
348,43500,10726,10730,1.63665771484375,1.63726806640625,1.63665771484375,1.63726806640625,,,43503,18,1,3,0
349,43625,10791,10814,1.646575927734375,1.65008544921875,1.646575927734375,1.65008544921875,,,43628,18,1,3,0
350,43750,10853,10893,1.656036376953125,1.662139892578125,1.656036376953125,1.662139892578125,,,43753,18,1,3,0
351,43875,10913,10968,1.665191650390625,1.673583984375,1.665191650390625,1.673583984375,,,43878,18,1,3,0
352,44000,10969,11037,1.673736572265625,1.684112548828125,1.673736572265625,1.684112548828125,,,44003,18,1,3,0
353,44125,11022,11100,1.68182373046875,1.6937255859375,1.68182373046875,1.6937255859375,,,44128,18,1,3,0
354,44250,11072,11157,1.689453125,1.702423095703125,1.689453125,1.702423095703125,,,44253,18,1,3,0
355,44375,11118,11208,1.69647216796875,1.710205078125,1.69647216796875,1.710205078125,,,44378,18,1,3,0
356,44500,11161,11253,1.703033447265625,1.717071533203125,1.703033447265625,1.717071533203125,,,44503,18,1,3,0
357,44625,11200,11290,1.708984375,1.72271728515625,1.708984375,1.72271728515625,,,44628,18,1,3,0
358,44750,11235,11321,1.714324951171875,1.727447509765625,1.714324951171875,1.727447509765625,,,44753,18,1,3,0
359,44875,11266,11344,1.71905517578125,1.73095703125,1.71905517578125,1.73095703125,,,44878,18,1,3,0
360,45000,11293,11360,1.723175048828125,1.7333984375,1.723175048828125,1.7333984375,,,45003,18,1,3,0
361,45125,11315,11368,1.726531982421875,1.734619140625,1.726531982421875,1.734619140625,,,45128,18,1,3,0
362,45250,11334,11369,1.72943115234375,1.734771728515625,1.72943115234375,1.734771728515625,,,45253,18,1,3,0
363,45375,11348,11362,1.7315673828125,1.73370361328125,1.7315673828125,1.73370361328125,,,45378,18,1,3,0
364,45500,11357,11348,1.732940673828125,1.7315673828125,1.732940673828125,1.7315673828125,,,45503,18,1,3,0
365,45625,11363,11327,1.733856201171875,1.728363037109375,1.733856201171875,1.728363037109375,,,45628,18,1,3,0
366,45750,11364,11298,1.7340087890625,1.72393798828125,1.7340087890625,1.72393798828125,,,45753,18,1,3,0
367,45875,11360,11262,1.7333984375,1.71844482421875,1.7333984375,1.71844482421875,,,45878,18,1,3,0
368,46000,11352,11220,1.732177734375,1.7120361328125,1.732177734375,1.7120361328125,,,46003,18,1,3,0
369,46125,11340,11170,1.7303466796875,1.70440673828125,1.7303466796875,1.70440673828125,,,46128,18,1,3,0
370,46250,11323,11114,1.727752685546875,1.69586181640625,1.727752685546875,1.69586181640625,,,46253,18,1,3,0
371,46375,11302,11052,1.72454833984375,1.6864013671875,1.72454833984375,1.6864013671875,,,46378,18,1,3,0
372,46500,11277,10984,1.720733642578125,1.676025390625,1.720733642578125,1.676025390625,,,46503,18,1,3,0
373,46625,11248,10911,1.71630859375,1.664886474609375,1.71630859375,1.664886474609375,,,46628,18,1,3,0
374,46750,11214,10832,1.71112060546875,1.65283203125,1.71112060546875,1.65283203125,,,46753,18,1,3,0
375,46875,11177,10749,1.705474853515625,1.640167236328125,1.705474853515625,1.640167236328125,,,46878,18,1,3,0
376,47000,11135,10661,1.699066162109375,1.626739501953125,1.699066162109375,1.626739501953125,,,47003,18,1,3,0
377,47125,11090,10570,1.69219970703125,1.61285400390625,1.69219970703125,1.61285400390625,,,47128,18,1,3,0
378,47250,11041,10475,1.684722900390625,1.598358154296875,1.684722900390625,1.598358154296875,,,47253,18,1,3,0
379,47375,10989,10378,1.676788330078125,1.58355712890625,1.676788330078125,1.58355712890625,,,47378,18,1,3,0
380,47500,10933,10278,1.668243408203125,1.56829833984375,1.668243408203125,1.56829833984375,,,47503,18,1,3,0
381,47625,10875,10176,1.659393310546875,1.552734375,1.659393310546875,1.552734375,,,47628,18,1,3,0
382,47750,10813,10073,1.649932861328125,1.537017822265625,1.649932861328125,1.537017822265625,,,47753,18,1,3,0
383,47875,10748,9970,1.6400146484375,1.52130126953125,1.6400146484375,1.52130126953125,,,47878,18,1,3,0
384,48000,10681,9866,1.629791259765625,1.50543212890625,1.629791259765625,1.50543212890625,,,48003,18,1,3,0
385,48125,10611,9762,1.619110107421875,1.48956298828125,1.619110107421875,1.48956298828125,,,48128,18,1,3,0
386,48250,10539,9660,1.608123779296875,1.4739990234375,1.608123779296875,1.4739990234375,,,48253,18,1,3,0
387,48375,10465,9559,1.596832275390625,1.458587646484375,1.596832275390625,1.458587646484375,,,48378,18,1,3,0
388,48500,10390,9459,1.58538818359375,1.443328857421875,1.58538818359375,1.443328857421875,,,48503,18,1,3,0
389,48625,10312,9362,1.573486328125,1.42852783203125,1.573486328125,1.42852783203125,,,48628,18,1,3,0
390,48750,10234,9268,1.56158447265625,1.4141845703125,1.56158447265625,1.4141845703125,,,48753,18,1,3,0
391,48875,10154,9178,1.54937744140625,1.40045166015625,1.54937744140625,1.40045166015625,,,48878,18,1,3,0
392,49000,10073,9091,1.537017822265625,1.387176513671875,1.537017822265625,1.387176513671875,,,49003,18,1,3,0
393,49125,9992,9009,1.524658203125,1.374664306640625,1.524658203125,1.374664306640625,,,49128,18,1,3,0
394,49250,9910,8931,1.51214599609375,1.362762451171875,1.51214599609375,1.362762451171875,,,49253,18,1,3,0
395,49375,9828,8858,1.4996337890625,1.35162353515625,1.4996337890625,1.35162353515625,,,49378,18,1,3,0
396,49500,9747,8791,1.487274169921875,1.341400146484375,1.487274169921875,1.341400146484375,,,49503,18,1,3,0
397,49625,9665,8730,1.474761962890625,1.33209228515625,1.474761962890625,1.33209228515625,,,49628,18,1,3,0
398,49750,9584,8674,1.46240234375,1.32354736328125,1.46240234375,1.32354736328125,,,49753,18,1,3,0
399,49875,9504,8626,1.4501953125,1.31622314453125,1.4501953125,1.31622314453125,,,49878,18,1,3,0
400,50000,9425,8583,1.438140869140625,1.309661865234375,1.438140869140625,1.309661865234375,,,50003,18,1,3,0
401,50125,9347,8548,1.426239013671875,1.3043212890625,1.426239013671875,1.3043212890625,,,50128,18,1,3,0
402,50250,9271,8519,1.414642333984375,1.299896240234375,1.414642333984375,1.299896240234375,,,50253,18,1,3,0
403,50375,9196,8498,1.4031982421875,1.29669189453125,1.4031982421875,1.29669189453125,,,50378,18,1,3,0
404,50500,9123,8484,1.392059326171875,1.2945556640625,1.392059326171875,1.2945556640625,,,50503,18,1,3,0
405,50625,9053,8476,1.381378173828125,1.2933349609375,1.381378173828125,1.2933349609375,,,50628,18,1,3,0
406,50750,8984,8476,1.370849609375,1.2933349609375,1.370849609375,1.2933349609375,,,50753,18,1,3,0
407,50875,8919,8484,1.360931396484375,1.2945556640625,1.360931396484375,1.2945556640625,,,50878,18,1,3,0
408,51000,8856,8498,1.351318359375,1.29669189453125,1.351318359375,1.29669189453125,,,51003,18,1,3,0
409,51125,8796,8519,1.3421630859375,1.299896240234375,1.3421630859375,1.299896240234375,,,51128,18,1,3,0
410,51250,8739,8548,1.333465576171875,1.3043212890625,1.333465576171875,1.3043212890625,,,51253,18,1,3,0
411,51375,8685,8582,1.325225830078125,1.30950927734375,1.325225830078125,1.30950927734375,,,51378,18,1,3,0
412,51500,8635,8624,1.317596435546875,1.31591796875,1.317596435546875,1.31591796875,,,51503,18,1,3,0
413,51625,8588,8671,1.3104248046875,1.323089599609375,1.3104248046875,1.323089599609375,,,51628,18,1,3,0
414,51750,8545,8724,1.303863525390625,1.3311767578125,1.303863525390625,1.3311767578125,,,51753,18,1,3,0
415,51875,8506,8783,1.29791259765625,1.340179443359375,1.29791259765625,1.340179443359375,,,51878,18,1,3,0
416,52000,8470,8847,1.29241943359375,1.349945068359375,1.29241943359375,1.349945068359375,,,52003,18,1,3,0
417,52125,8439,8916,1.287689208984375,1.3604736328125,1.287689208984375,1.3604736328125,,,52128,18,1,3,0
418,52250,8412,8989,1.2835693359375,1.371612548828125,1.2835693359375,1.371612548828125,,,52253,18,1,3,0
419,52375,8389,9066,1.280059814453125,1.38336181640625,1.280059814453125,1.38336181640625,,,52378,18,1,3,0
420,52500,8370,9147,1.27716064453125,1.395721435546875,1.27716064453125,1.395721435546875,,,52503,18,1,3,0
421,52625,8356,9231,1.2750244140625,1.408538818359375,1.2750244140625,1.408538818359375,,,52628,18,1,3,0
422,52750,8345,9318,1.273345947265625,1.42181396484375,1.273345947265625,1.42181396484375,,,52753,18,1,3,0
423,52875,8339,9406,1.272430419921875,1.43524169921875,1.272430419921875,1.43524169921875,,,52878,18,1,3,0
424,53000,8338,9496,1.27227783203125,1.448974609375,1.27227783203125,1.448974609375,,,53003,18,1,3,0
425,53125,8341,9588,1.272735595703125,1.4630126953125,1.272735595703125,1.4630126953125,,,53128,18,1,3,0
426,53250,8348,9680,1.2738037109375,1.47705078125,1.2738037109375,1.47705078125,,,53253,18,1,3,0
427,53375,8359,9772,1.275482177734375,1.4910888671875,1.275482177734375,1.4910888671875,,,53378,18,1,3,0
428,53500,8375,9863,1.277923583984375,1.504974365234375,1.277923583984375,1.504974365234375,,,53503,18,1,3,0
429,53625,8395,9954,1.280975341796875,1.51885986328125,1.280975341796875,1.51885986328125,,,53628,18,1,3,0
430,53750,8419,10043,1.284637451171875,1.532440185546875,1.284637451171875,1.532440185546875,,,53753,18,1,3,0
431,53875,8447,10130,1.288909912109375,1.54571533203125,1.288909912109375,1.54571533203125,,,53878,18,1,3,0
432,54000,8479,10214,1.293792724609375,1.55853271484375,1.293792724609375,1.55853271484375,,,54003,18,1,3,0
433,54125,8515,10296,1.299285888671875,1.571044921875,1.299285888671875,1.571044921875,,,54128,18,1,3,0
434,54250,8555,10374,1.305389404296875,1.58294677734375,1.305389404296875,1.58294677734375,,,54253,18,1,3,0
435,54375,8598,10448,1.31195068359375,1.59423828125,1.31195068359375,1.59423828125,,,54378,18,1,3,0
436,54500,8645,10518,1.319122314453125,1.60491943359375,1.319122314453125,1.60491943359375,,,54503,18,1,3,0
437,54625,8695,10584,1.326751708984375,1.614990234375,1.326751708984375,1.614990234375,,,54628,18,1,3,0
438,54750,8748,10644,1.3348388671875,1.6241455078125,1.3348388671875,1.6241455078125,,,54753,18,1,3,0
439,54875,8805,10700,1.343536376953125,1.6326904296875,1.343536376953125,1.6326904296875,,,54878,18,1,3,0
440,55000,8864,10749,1.3525390625,1.640167236328125,1.3525390625,1.640167236328125,,,55003,18,1,3,0
441,55125,8926,10793,1.36199951171875,1.646881103515625,1.36199951171875,1.646881103515625,,,55128,18,1,3,0
442,55250,8990,10830,1.37176513671875,1.65252685546875,1.37176513671875,1.65252685546875,,,55253,18,1,3,0
443,55375,9056,10861,1.3818359375,1.657257080078125,1.3818359375,1.657257080078125,,,55378,18,1,3,0
444,55500,9125,10886,1.392364501953125,1.66107177734375,1.392364501953125,1.66107177734375,,,55503,18,1,3,0
445,55625,9195,10904,1.403045654296875,1.663818359375,1.403045654296875,1.663818359375,,,55628,18,1,3,0
446,55750,9267,10915,1.414031982421875,1.665496826171875,1.414031982421875,1.665496826171875,,,55753,18,1,3,0
447,55875,9340,10920,1.4251708984375,1.666259765625,1.4251708984375,1.666259765625,,,55878,18,1,3,0
448,56000,9415,10917,1.436614990234375,1.665802001953125,1.436614990234375,1.665802001953125,,,56003,18,1,3,0
449,56125,9490,10908,1.44805908203125,1.6644287109375,1.44805908203125,1.6644287109375,,,56128,18,1,3,0
450,56250,9567,10892,1.459808349609375,1.6619873046875,1.459808349609375,1.6619873046875,,,56253,18,1,3,0
451,56375,9643,10870,1.471405029296875,1.65863037109375,1.471405029296875,1.65863037109375,,,56378,18,1,3,0
452,56500,9720,10841,1.483154296875,1.654205322265625,1.483154296875,1.654205322265625,,,56503,18,1,3,0
453,56625,9797,10806,1.494903564453125,1.64886474609375,1.494903564453125,1.64886474609375,,,56628,18,1,3,0
454,56750,9874,10765,1.50665283203125,1.642608642578125,1.50665283203125,1.642608642578125,,,56753,18,1,3,0
455,56875,9950,10717,1.51824951171875,1.635284423828125,1.51824951171875,1.635284423828125,,,56878,18,1,3,0
456,57000,10026,10665,1.52984619140625,1.627349853515625,1.52984619140625,1.627349853515625,,,57003,18,1,3,0
457,57125,10101,10607,1.541290283203125,1.618499755859375,1.541290283203125,1.618499755859375,,,57128,18,1,3,0
458,57250,10174,10544,1.55242919921875,1.60888671875,1.55242919921875,1.60888671875,,,57253,18,1,3,0
459,57375,10246,10476,1.56341552734375,1.5985107421875,1.56341552734375,1.5985107421875,,,57378,18,1,3,0
460,57500,10317,10404,1.574249267578125,1.5875244140625,1.574249267578125,1.5875244140625,,,57503,18,1,3,0
461,57625,10386,10329,1.58477783203125,1.576080322265625,1.58477783203125,1.576080322265625,,,57628,18,1,3,0
462,57750,10453,10250,1.595001220703125,1.56402587890625,1.595001220703125,1.56402587890625,,,57753,18,1,3,0
463,57875,10518,10168,1.60491943359375,1.551513671875,1.60491943359375,1.551513671875,,,57878,18,1,3,0
464,58000,10580,10084,1.6143798828125,1.5386962890625,1.6143798828125,1.5386962890625,,,58003,18,1,3,0
465,58125,10640,9998,1.62353515625,1.52557373046875,1.62353515625,1.52557373046875,,,58128,18,1,3,0
466,58250,10697,9911,1.632232666015625,1.512298583984375,1.632232666015625,1.512298583984375,,,58253,18,1,3,0
467,58375,10752,9823,1.640625,1.498870849609375,1.640625,1.498870849609375,,,58378,18,1,3,0
468,58500,10803,9734,1.648406982421875,1.48529052734375,1.648406982421875,1.48529052734375,,,58503,18,1,3,0
469,58625,10851,9645,1.655731201171875,1.471710205078125,1.655731201171875,1.471710205078125,,,58628,18,1,3,0
470,58750,10896,9557,1.66259765625,1.458282470703125,1.66259765625,1.458282470703125,,,58753,18,1,3,0
471,58875,10937,9471,1.668853759765625,1.445159912109375,1.668853759765625,1.445159912109375,,,58878,18,1,3,0
472,59000,10975,9385,1.674652099609375,1.432037353515625,1.674652099609375,1.432037353515625,,,59003,18,1,3,0
473,59125,11009,9302,1.679840087890625,1.41937255859375,1.679840087890625,1.41937255859375,,,59128,18,1,3,0
474,59250,11039,9222,1.684417724609375,1.40716552734375,1.684417724609375,1.40716552734375,,,59253,18,1,3,0
475,59375,11065,9145,1.688385009765625,1.395416259765625,1.688385009765625,1.395416259765625,,,59378,18,1,3,0
476,59500,11088,9071,1.69189453125,1.384124755859375,1.69189453125,1.384124755859375,,,59503,18,1,3,0
477,59625,11107,9001,1.694793701171875,1.373443603515625,1.694793701171875,1.373443603515625,,,59628,18,1,3,0
478,59750,11121,8936,1.696929931640625,1.363525390625,1.696929931640625,1.363525390625,,,59753,18,1,3,0
479,59875,11132,8875,1.6986083984375,1.354217529296875,1.6986083984375,1.354217529296875,,,59878,18,1,3,0
480,60000,11138,8820,1.69952392578125,1.3458251953125,1.69952392578125,1.3458251953125,,,60003,18,1,3,0
481,60125,11140,8770,1.6998291015625,1.33819580078125,1.6998291015625,1.33819580078125,,,60128,18,1,3,0
482,60250,11139,8726,1.699676513671875,1.33148193359375,1.699676513671875,1.33148193359375,,,60253,18,1,3,0
483,60375,11133,8688,1.698760986328125,1.32568359375,1.698760986328125,1.32568359375,,,60378,18,1,3,0
484,60500,11123,8656,1.697235107421875,1.32080078125,1.697235107421875,1.32080078125,,,60503,18,1,3,0
485,60625,11110,8631,1.69525146484375,1.316986083984375,1.69525146484375,1.316986083984375,,,60628,18,1,3,0
486,60750,11092,8613,1.6925048828125,1.314239501953125,1.6925048828125,1.314239501953125,,,60753,18,1,3,0
487,60875,11071,8601,1.689300537109375,1.312408447265625,1.689300537109375,1.312408447265625,,,60878,18,1,3,0
488,61000,11045,8597,1.685333251953125,1.311798095703125,1.685333251953125,1.311798095703125,,,61003,18,1,3,0
489,61125,11017,8599,1.681060791015625,1.312103271484375,1.681060791015625,1.312103271484375,,,61128,18,1,3,0
490,61250,10984,8608,1.676025390625,1.3134765625,1.676025390625,1.3134765625,,,61253,18,1,3,0
491,61375,10948,8625,1.6705322265625,1.316070556640625,1.6705322265625,1.316070556640625,,,61378,18,1,3,0
492,61500,10909,8648,1.664581298828125,1.319580078125,1.664581298828125,1.319580078125,,,61503,18,1,3,0
493,61625,10867,8678,1.658172607421875,1.32415771484375,1.658172607421875,1.32415771484375,,,61628,18,1,3,0
494,61750,10821,8715,1.651153564453125,1.329803466796875,1.651153564453125,1.329803466796875,,,61753,18,1,3,0
495,61875,10773,8759,1.643829345703125,1.336517333984375,1.643829345703125,1.336517333984375,,,61878,18,1,3,0
496,62000,10722,8808,1.63604736328125,1.343994140625,1.63604736328125,1.343994140625,,,62003,18,1,3,0
497,62125,10668,8864,1.6278076171875,1.3525390625,1.6278076171875,1.3525390625,,,62128,18,1,3,0
498,62250,10612,8926,1.6192626953125,1.36199951171875,1.6192626953125,1.36199951171875,,,62253,18,1,3,0
499,62375,10554,8993,1.61041259765625,1.372222900390625,1.61041259765625,1.372222900390625,,,62378,18,1,3,0
500,62500,10494,9065,1.60125732421875,1.383209228515625,1.60125732421875,1.383209228515625,,,62503,18,1,3,0
501,62625,10432,9142,1.591796875,1.39495849609375,1.591796875,1.39495849609375,,,62628,18,1,3,0
502,62750,10368,9224,1.58203125,1.407470703125,1.58203125,1.407470703125,,,62753,18,1,3,0
503,62875,10303,9309,1.572113037109375,1.420440673828125,1.572113037109375,1.420440673828125,,,62878,18,1,3,0
504,63000,10237,9399,1.562042236328125,1.434173583984375,1.562042236328125,1.434173583984375,,,63003,18,1,3,0
505,63125,10170,9491,1.55181884765625,1.448211669921875,1.55181884765625,1.448211669921875,,,63128,18,1,3,0
506,63250,10102,9585,1.54144287109375,1.462554931640625,1.54144287109375,1.462554931640625,,,63253,18,1,3,0
507,63375,10033,9682,1.530914306640625,1.47735595703125,1.530914306640625,1.47735595703125,,,63378,18,1,3,0
508,63500,9964,9781,1.5203857421875,1.492462158203125,1.5203857421875,1.492462158203125,,,63503,18,1,3,0
509,63625,9895,9880,1.509857177734375,1.507568359375,1.509857177734375,1.507568359375,,,63628,18,1,3,0
510,63750,9827,9980,1.499481201171875,1.5228271484375,1.499481201171875,1.5228271484375,,,63753,18,1,3,0
511,63875,9758,10080,1.48895263671875,1.5380859375,1.48895263671875,1.5380859375,,,63878,18,1,3,0
512,64000,9690,10180,1.47857666015625,1.5533447265625,1.47857666015625,1.5533447265625,,,64003,18,1,3,0
513,64125,9623,10278,1.468353271484375,1.56829833984375,1.468353271484375,1.56829833984375,,,64128,18,1,3,0
514,64250,9557,10375,1.458282470703125,1.583099365234375,1.458282470703125,1.583099365234375,,,64253,18,1,3,0
515,64375,9492,10470,1.4483642578125,1.59759521484375,1.4483642578125,1.59759521484375,,,64378,18,1,3,0
516,64500,9429,10562,1.438751220703125,1.61163330078125,1.438751220703125,1.61163330078125,,,64503,18,1,3,0
517,64625,9367,10651,1.429290771484375,1.625213623046875,1.429290771484375,1.625213623046875,,,64628,18,1,3,0
518,64750,9307,10736,1.420135498046875,1.63818359375,1.420135498046875,1.63818359375,,,64753,18,1,3,0
519,64875,9248,10818,1.4111328125,1.65069580078125,1.4111328125,1.65069580078125,,,64878,18,1,3,0
520,65000,9192,10895,1.402587890625,1.662445068359375,1.402587890625,1.662445068359375,,,65003,18,1,3,0
521,65125,9139,10967,1.394500732421875,1.673431396484375,1.394500732421875,1.673431396484375,,,65128,18,1,3,0
522,65250,9088,11034,1.38671875,1.68365478515625,1.38671875,1.68365478515625,,,65253,18,1,3,0
523,65375,9039,11095,1.379241943359375,1.692962646484375,1.379241943359375,1.692962646484375,,,65378,18,1,3,0
524,65500,8994,11150,1.37237548828125,1.70135498046875,1.37237548828125,1.70135498046875,,,65503,18,1,3,0
525,65625,8951,11198,1.365814208984375,1.70867919921875,1.365814208984375,1.70867919921875,,,65628,18,1,3,0
526,65750,8911,11241,1.359710693359375,1.715240478515625,1.359710693359375,1.715240478515625,,,65753,18,1,3,0
527,65875,8875,11276,1.354217529296875,1.7205810546875,1.354217529296875,1.7205810546875,,,65878,18,1,3,0
528,66000,8842,11304,1.34918212890625,1.724853515625,1.34918212890625,1.724853515625,,,66003,18,1,3,0
529,66125,8812,11326,1.3446044921875,1.72821044921875,1.3446044921875,1.72821044921875,,,66128,18,1,3,0
530,66250,8786,11339,1.34063720703125,1.730194091796875,1.34063720703125,1.730194091796875,,,66253,18,1,3,0
531,66375,8763,11346,1.337127685546875,1.73126220703125,1.337127685546875,1.73126220703125,,,66378,18,1,3,0
532,66500,8745,11345,1.334381103515625,1.731109619140625,1.334381103515625,1.731109619140625,,,66503,18,1,3,0
533,66625,8729,11337,1.331939697265625,1.729888916015625,1.331939697265625,1.729888916015625,,,66628,18,1,3,0
534,66750,8718,11321,1.33026123046875,1.727447509765625,1.33026123046875,1.727447509765625,,,66753,18,1,3,0
535,66875,8710,11297,1.32904052734375,1.723785400390625,1.32904052734375,1.723785400390625,,,66878,18,1,3,0
536,67000,8706,11267,1.32843017578125,1.719207763671875,1.32843017578125,1.719207763671875,,,67003,18,1,3,0
537,67125,8706,11229,1.32843017578125,1.713409423828125,1.32843017578125,1.713409423828125,,,67128,18,1,3,0
538,67250,8709,11185,1.328887939453125,1.706695556640625,1.328887939453125,1.706695556640625,,,67253,18,1,3,0
539,67375,8717,11134,1.330108642578125,1.69891357421875,1.330108642578125,1.69891357421875,,,67378,18,1,3,0
540,67500,8728,11076,1.331787109375,1.6900634765625,1.331787109375,1.6900634765625,,,67503,18,1,3,0
541,67625,8743,11012,1.334075927734375,1.6802978515625,1.334075927734375,1.6802978515625,,,67628,18,1,3,0
542,67750,8761,10943,1.336822509765625,1.669769287109375,1.336822509765625,1.669769287109375,,,67753,18,1,3,0
543,67875,8783,10868,1.340179443359375,1.6583251953125,1.340179443359375,1.6583251953125,,,67878,18,1,3,0
544,68000,8808,10787,1.343994140625,1.645965576171875,1.343994140625,1.645965576171875,,,68003,18,1,3,0
545,68125,8837,10703,1.348419189453125,1.633148193359375,1.348419189453125,1.633148193359375,,,68128,18,1,3,0
546,68250,8869,10613,1.353302001953125,1.619415283203125,1.353302001953125,1.619415283203125,,,68253,18,1,3,0
547,68375,8904,10520,1.358642578125,1.605224609375,1.358642578125,1.605224609375,,,68378,18,1,3,0
548,68500,8943,10424,1.364593505859375,1.590576171875,1.364593505859375,1.590576171875,,,68503,18,1,3,0
549,68625,8984,10325,1.370849609375,1.575469970703125,1.370849609375,1.575469970703125,,,68628,18,1,3,0
550,68750,9028,10224,1.3775634765625,1.56005859375,1.3775634765625,1.56005859375,,,68753,18,1,3,0
551,68875,9075,10120,1.384735107421875,1.544189453125,1.384735107421875,1.544189453125,,,68878,18,1,3,0
552,69000,9124,10016,1.3922119140625,1.5283203125,1.3922119140625,1.5283203125,,,69003,18,1,3,0
553,69125,9175,9911,1.399993896484375,1.512298583984375,1.399993896484375,1.512298583984375,,,69128,18,1,3,0
554,69250,9229,9805,1.408233642578125,1.496124267578125,1.408233642578125,1.496124267578125,,,69253,18,1,3,0
555,69375,9284,9700,1.4166259765625,1.4801025390625,1.4166259765625,1.4801025390625,,,69378,18,1,3,0
556,69500,9341,9596,1.425323486328125,1.4642333984375,1.425323486328125,1.4642333984375,,,69503,18,1,3,0
557,69625,9400,9493,1.434326171875,1.448516845703125,1.434326171875,1.448516845703125,,,69628,18,1,3,0
558,69750,9461,9392,1.443634033203125,1.43310546875,1.443634033203125,1.43310546875,,,69753,18,1,3,0
559,69875,9522,9294,1.45294189453125,1.41815185546875,1.45294189453125,1.41815185546875,,,69878,18,1,3,0
560,70000,9584,9198,1.46240234375,1.40350341796875,1.46240234375,1.40350341796875,,,70003,18,1,3,0
561,70125,9647,9106,1.472015380859375,1.38946533203125,1.472015380859375,1.38946533203125,,,70128,18,1,3,0
562,70250,9711,9018,1.481781005859375,1.37603759765625,1.481781005859375,1.37603759765625,,,70253,18,1,3,0
563,70375,9775,8935,1.491546630859375,1.363372802734375,1.491546630859375,1.363372802734375,,,70378,18,1,3,0
564,70500,9839,8856,1.501312255859375,1.351318359375,1.501312255859375,1.351318359375,,,70503,18,1,3,0
565,70625,9903,8782,1.511077880859375,1.34002685546875,1.511077880859375,1.34002685546875,,,70628,18,1,3,0
566,70750,9967,8714,1.520843505859375,1.32965087890625,1.520843505859375,1.32965087890625,,,70753,18,1,3,0
567,70875,10030,8651,1.53045654296875,1.320037841796875,1.53045654296875,1.320037841796875,,,70878,18,1,3,0
568,71000,10093,8595,1.540069580078125,1.311492919921875,1.540069580078125,1.311492919921875,,,71003,18,1,3,0
569,71125,10155,8545,1.549530029296875,1.303863525390625,1.549530029296875,1.303863525390625,,,71128,18,1,3,0
570,71250,10215,8502,1.558685302734375,1.29730224609375,1.558685302734375,1.29730224609375,,,71253,18,1,3,0
571,71375,10274,8466,1.56768798828125,1.29180908203125,1.56768798828125,1.29180908203125,,,71378,18,1,3,0
572,71500,10332,8437,1.5765380859375,1.287384033203125,1.5765380859375,1.287384033203125,,,71503,18,1,3,0
573,71625,10388,8415,1.5850830078125,1.284027099609375,1.5850830078125,1.284027099609375,,,71628,18,1,3,0
574,71750,10442,8400,1.59332275390625,1.28173828125,1.59332275390625,1.28173828125,,,71753,18,1,3,0
575,71875,10494,8393,1.60125732421875,1.280670166015625,1.60125732421875,1.280670166015625,,,71878,18,1,3,0
576,72000,10543,8393,1.608734130859375,1.280670166015625,1.608734130859375,1.280670166015625,,,72003,18,1,3,0
577,72125,10590,8400,1.61590576171875,1.28173828125,1.61590576171875,1.28173828125,,,72128,18,1,3,0
578,72250,10635,8415,1.622772216796875,1.284027099609375,1.622772216796875,1.284027099609375,,,72253,18,1,3,0
579,72375,10677,8436,1.629180908203125,1.2872314453125,1.629180908203125,1.2872314453125,,,72378,18,1,3,0
580,72500,10716,8465,1.6351318359375,1.291656494140625,1.6351318359375,1.291656494140625,,,72503,18,1,3,0
581,72625,10752,8500,1.640625,1.2969970703125,1.640625,1.2969970703125,,,72628,18,1,3,0
582,72750,10785,8542,1.645660400390625,1.30340576171875,1.645660400390625,1.30340576171875,,,72753,18,1,3,0
583,72875,10814,8591,1.65008544921875,1.310882568359375,1.65008544921875,1.310882568359375,,,72878,18,1,3,0
584,73000,10841,8645,1.654205322265625,1.319122314453125,1.654205322265625,1.319122314453125,,,73003,18,1,3,0
585,73125,10863,8705,1.657562255859375,1.328277587890625,1.657562255859375,1.328277587890625,,,73128,18,1,3,0
586,73250,10883,8771,1.660614013671875,1.338348388671875,1.660614013671875,1.338348388671875,,,73253,18,1,3,0
587,73375,10899,8841,1.663055419921875,1.349029541015625,1.663055419921875,1.349029541015625,,,73378,18,1,3,0
588,73500,10911,8916,1.664886474609375,1.3604736328125,1.664886474609375,1.3604736328125,,,73503,18,1,3,0
589,73625,10919,8996,1.666107177734375,1.3726806640625,1.666107177734375,1.3726806640625,,,73628,18,1,3,0
590,73750,10924,9079,1.6668701171875,1.385345458984375,1.6668701171875,1.385345458984375,,,73753,18,1,3,0
591,73875,10925,9165,1.667022705078125,1.398468017578125,1.667022705078125,1.398468017578125,,,73878,18,1,3,0
592,74000,10922,9254,1.66656494140625,1.41204833984375,1.66656494140625,1.41204833984375,,,74003,18,1,3,0
593,74125,10916,9345,1.6656494140625,1.425933837890625,1.6656494140625,1.425933837890625,,,74128,18,1,3,0
594,74250,10905,9439,1.663970947265625,1.440277099609375,1.663970947265625,1.440277099609375,,,74253,18,1,3,0
595,74375,10891,9533,1.661834716796875,1.454620361328125,1.661834716796875,1.454620361328125,,,74378,18,1,3,0
596,74500,10874,9628,1.65924072265625,1.4691162109375,1.65924072265625,1.4691162109375,,,74503,18,1,3,0
597,74625,10853,9723,1.656036376953125,1.483612060546875,1.656036376953125,1.483612060546875,,,74628,18,1,3,0
598,74750,10828,9818,1.6522216796875,1.49810791015625,1.6522216796875,1.49810791015625,,,74753,18,1,3,0
599,74875,10800,9913,1.64794921875,1.512603759765625,1.64794921875,1.512603759765625,,,74878,18,1,3,0
600,75000,10768,10006,1.64306640625,1.52679443359375,1.64306640625,1.52679443359375,,,75003,18,1,3,0
601,75125,10734,10097,1.63787841796875,1.540679931640625,1.63787841796875,1.540679931640625,,,75128,18,1,3,0
602,75250,10696,10185,1.632080078125,1.554107666015625,1.632080078125,1.554107666015625,,,75253,18,1,3,0
603,75375,10655,10271,1.625823974609375,1.567230224609375,1.625823974609375,1.567230224609375,,,75378,18,1,3,0
604,75500,10611,10354,1.619110107421875,1.57989501953125,1.619110107421875,1.57989501953125,,,75503,18,1,3,0
605,75625,10564,10432,1.6119384765625,1.591796875,1.6119384765625,1.591796875,,,75628,18,1,3,0
606,75750,10515,10507,1.604461669921875,1.603240966796875,1.604461669921875,1.603240966796875,,,75753,18,1,3,0
607,75875,10463,10577,1.596527099609375,1.613922119140625,1.596527099609375,1.613922119140625,,,75878,18,1,3,0
608,76000,10409,10642,1.588287353515625,1.62384033203125,1.588287353515625,1.62384033203125,,,76003,18,1,3,0
609,76125,10352,10702,1.57958984375,1.63299560546875,1.57958984375,1.63299560546875,,,76128,18,1,3,0
610,76250,10294,10757,1.57073974609375,1.641387939453125,1.57073974609375,1.641387939453125,,,76253,18,1,3,0
611,76375,10234,10805,1.56158447265625,1.648712158203125,1.56158447265625,1.648712158203125,,,76378,18,1,3,0
612,76500,10172,10847,1.5521240234375,1.655120849609375,1.5521240234375,1.655120849609375,,,76503,18,1,3,0
613,76625,10109,10883,1.542510986328125,1.660614013671875,1.542510986328125,1.660614013671875,,,76628,18,1,3,0
614,76750,10045,10913,1.532745361328125,1.665191650390625,1.532745361328125,1.665191650390625,,,76753,18,1,3,0
615,76875,9980,10935,1.5228271484375,1.668548583984375,1.5228271484375,1.668548583984375,,,76878,18,1,3,0
616,77000,9914,10951,1.51275634765625,1.670989990234375,1.51275634765625,1.670989990234375,,,77003,18,1,3,0
617,77125,9848,10960,1.502685546875,1.67236328125,1.502685546875,1.67236328125,,,77128,18,1,3,0
618,77250,9781,10963,1.492462158203125,1.672821044921875,1.492462158203125,1.672821044921875,,,77253,18,1,3,0
619,77375,9714,10958,1.48223876953125,1.67205810546875,1.48223876953125,1.67205810546875,,,77378,18,1,3,0
620,77500,9647,10947,1.472015380859375,1.670379638671875,1.472015380859375,1.670379638671875,,,77503,18,1,3,0
621,77625,9581,10929,1.461944580078125,1.667633056640625,1.461944580078125,1.667633056640625,,,77628,18,1,3,0
622,77750,9515,10904,1.451873779296875,1.663818359375,1.451873779296875,1.663818359375,,,77753,18,1,3,0
623,77875,9449,10873,1.441802978515625,1.659088134765625,1.441802978515625,1.659088134765625,,,77878,18,1,3,0
624,78000,9385,10836,1.432037353515625,1.6534423828125,1.432037353515625,1.6534423828125,,,78003,18,1,3,0
625,78125,9322,10792,1.42242431640625,1.646728515625,1.42242431640625,1.646728515625,,,78128,18,1,3,0
626,78250,9260,10743,1.4129638671875,1.639251708984375,1.4129638671875,1.639251708984375,,,78253,18,1,3,0
627,78375,9200,10689,1.40380859375,1.631011962890625,1.40380859375,1.631011962890625,,,78378,18,1,3,0
628,78500,9142,10629,1.39495849609375,1.621856689453125,1.39495849609375,1.621856689453125,,,78503,18,1,3,0
629,78625,9085,10565,1.386260986328125,1.612091064453125,1.386260986328125,1.612091064453125,,,78628,18,1,3,0
630,78750,9031,10496,1.378021240234375,1.6015625,1.378021240234375,1.6015625,,,78753,18,1,3,0
631,78875,8979,10423,1.370086669921875,1.590423583984375,1.370086669921875,1.590423583984375,,,78878,18,1,3,0
632,79000,8930,10347,1.36260986328125,1.578826904296875,1.36260986328125,1.578826904296875,,,79003,18,1,3,0
633,79125,8883,10267,1.355438232421875,1.566619873046875,1.355438232421875,1.566619873046875,,,79128,18,1,3,0
634,79250,8839,10185,1.348724365234375,1.554107666015625,1.348724365234375,1.554107666015625,,,79253,18,1,3,0
635,79375,8799,10101,1.342620849609375,1.541290283203125,1.342620849609375,1.541290283203125,,,79378,18,1,3,0
636,79500,8761,10015,1.336822509765625,1.528167724609375,1.336822509765625,1.528167724609375,,,79503,18,1,3,0
637,79625,8726,9928,1.33148193359375,1.514892578125,1.33148193359375,1.514892578125,,,79628,18,1,3,0
638,79750,8695,9841,1.326751708984375,1.501617431640625,1.326751708984375,1.501617431640625,,,79753,18,1,3,0
639,79875,8668,9753,1.3226318359375,1.488189697265625,1.3226318359375,1.488189697265625,,,79878,18,1,3,0
640,80000,8644,9666,1.3189697265625,1.47491455078125,1.3189697265625,1.47491455078125,,,80003,18,1,3,0
641,80125,8624,9579,1.31591796875,1.461639404296875,1.31591796875,1.461639404296875,,,80128,18,1,3,0
642,80250,8607,9494,1.313323974609375,1.44866943359375,1.313323974609375,1.44866943359375,,,80253,18,1,3,0
643,80375,8595,9411,1.311492919921875,1.436004638671875,1.311492919921875,1.436004638671875,,,80378,18,1,3,0
644,80500,8586,9330,1.31011962890625,1.42364501953125,1.31011962890625,1.42364501953125,,,80503,18,1,3,0
645,80625,8581,9252,1.309356689453125,1.4117431640625,1.309356689453125,1.4117431640625,,,80628,18,1,3,0
646,80750,8580,9178,1.3092041015625,1.40045166015625,1.3092041015625,1.40045166015625,,,80753,18,1,3,0
647,80875,8583,9107,1.309661865234375,1.389617919921875,1.309661865234375,1.389617919921875,,,80878,18,1,3,0
648,81000,8590,9040,1.31072998046875,1.37939453125,1.31072998046875,1.37939453125,,,81003,18,1,3,0
649,81125,8601,8978,1.312408447265625,1.36993408203125,1.312408447265625,1.36993408203125,,,81128,18,1,3,0
650,81250,8616,8921,1.314697265625,1.361236572265625,1.314697265625,1.361236572265625,,,81253,18,1,3,0
651,81375,8635,8869,1.317596435546875,1.353302001953125,1.317596435546875,1.353302001953125,,,81378,18,1,3,0
652,81500,8658,8823,1.32110595703125,1.346282958984375,1.32110595703125,1.346282958984375,,,81503,18,1,3,0
653,81625,8684,8783,1.3250732421875,1.340179443359375,1.3250732421875,1.340179443359375,,,81628,18,1,3,0
654,81750,8714,8748,1.32965087890625,1.3348388671875,1.32965087890625,1.3348388671875,,,81753,18,1,3,0
655,81875,8748,8721,1.3348388671875,1.330718994140625,1.3348388671875,1.330718994140625,,,81878,18,1,3,0
656,82000,8786,8699,1.34063720703125,1.327362060546875,1.34063720703125,1.327362060546875,,,82003,18,1,3,0
657,82125,8827,8685,1.346893310546875,1.325225830078125,1.346893310546875,1.325225830078125,,,82128,18,1,3,0
658,82250,8871,8677,1.353607177734375,1.324005126953125,1.353607177734375,1.324005126953125,,,82253,18,1,3,0
659,82375,8919,8676,1.360931396484375,1.3238525390625,1.360931396484375,1.3238525390625,,,82378,18,1,3,0
660,82500,8969,8682,1.368560791015625,1.32476806640625,1.368560791015625,1.32476806640625,,,82503,18,1,3,0
661,82625,9023,8695,1.376800537109375,1.326751708984375,1.376800537109375,1.326751708984375,,,82628,18,1,3,0
662,82750,9079,8715,1.385345458984375,1.329803466796875,1.385345458984375,1.329803466796875,,,82753,18,1,3,0
663,82875,9138,8741,1.39434814453125,1.333770751953125,1.39434814453125,1.333770751953125,,,82878,18,1,3,0
664,83000,9199,8774,1.403656005859375,1.33880615234375,1.403656005859375,1.33880615234375,,,83003,18,1,3,0
665,83125,9263,8814,1.413421630859375,1.34490966796875,1.413421630859375,1.34490966796875,,,83128,18,1,3,0
666,83250,9328,8859,1.42333984375,1.351776123046875,1.42333984375,1.351776123046875,,,83253,18,1,3,0
667,83375,9396,8911,1.4337158203125,1.359710693359375,1.4337158203125,1.359710693359375,,,83378,18,1,3,0
668,83500,9465,8969,1.444244384765625,1.368560791015625,1.444244384765625,1.368560791015625,,,83503,18,1,3,0
669,83625,9536,9032,1.455078125,1.378173828125,1.455078125,1.378173828125,,,83628,18,1,3,0
670,83750,9608,9101,1.466064453125,1.388702392578125,1.466064453125,1.388702392578125,,,83753,18,1,3,0
671,83875,9680,9174,1.47705078125,1.39984130859375,1.47705078125,1.39984130859375,,,83878,18,1,3,0
672,84000,9754,9251,1.48834228515625,1.411590576171875,1.48834228515625,1.411590576171875,,,84003,18,1,3,0
673,84125,9828,9333,1.4996337890625,1.424102783203125,1.4996337890625,1.424102783203125,,,84128,18,1,3,0
674,84250,9903,9418,1.511077880859375,1.43707275390625,1.511077880859375,1.43707275390625,,,84253,18,1,3,0
675,84375,9978,9506,1.52252197265625,1.45050048828125,1.52252197265625,1.45050048828125,,,84378,18,1,3,0
676,84500,10052,9597,1.5338134765625,1.464385986328125,1.5338134765625,1.464385986328125,,,84503,18,1,3,0
677,84625,10127,9690,1.545257568359375,1.47857666015625,1.545257568359375,1.47857666015625,,,84628,18,1,3,0
678,84750,10200,9785,1.556396484375,1.493072509765625,1.556396484375,1.493072509765625,,,84753,18,1,3,0
679,84875,10273,9881,1.567535400390625,1.507720947265625,1.567535400390625,1.507720947265625,,,84878,18,1,3,0
680,85000,10345,9977,1.578521728515625,1.522369384765625,1.578521728515625,1.522369384765625,,,85003,18,1,3,0
681,85125,10416,10074,1.58935546875,1.53717041015625,1.58935546875,1.53717041015625,,,85128,18,1,3,0
682,85250,10485,10170,1.599884033203125,1.55181884765625,1.599884033203125,1.55181884765625,,,85253,18,1,3,0
683,85375,10553,10265,1.610260009765625,1.566314697265625,1.610260009765625,1.566314697265625,,,85378,18,1,3,0
684,85500,10618,10358,1.62017822265625,1.58050537109375,1.62017822265625,1.58050537109375,,,85503,18,1,3,0
685,85625,10682,10450,1.62994384765625,1.59454345703125,1.62994384765625,1.59454345703125,,,85628,18,1,3,0
686,85750,10743,10539,1.639251708984375,1.608123779296875,1.639251708984375,1.608123779296875,,,85753,18,1,3,0
687,85875,10802,10625,1.64825439453125,1.621246337890625,1.64825439453125,1.621246337890625,,,85878,18,1,3,0
688,86000,10858,10708,1.65679931640625,1.6339111328125,1.65679931640625,1.6339111328125,,,86003,18,1,3,0
689,86125,10911,10787,1.664886474609375,1.645965576171875,1.664886474609375,1.645965576171875,,,86128,18,1,3,0
690,86250,10961,10861,1.672515869140625,1.657257080078125,1.672515869140625,1.657257080078125,,,86253,18,1,3,0
691,86375,11008,10931,1.6796875,1.667938232421875,1.6796875,1.667938232421875,,,86378,18,1,3,0
692,86500,11052,10995,1.6864013671875,1.677703857421875,1.6864013671875,1.677703857421875,,,86503,18,1,3,0
693,86625,11092,11054,1.6925048828125,1.68670654296875,1.6925048828125,1.68670654296875,,,86628,18,1,3,0
694,86750,11129,11107,1.698150634765625,1.694793701171875,1.698150634765625,1.694793701171875,,,86753,18,1,3,0
695,86875,11162,11154,1.70318603515625,1.70196533203125,1.70318603515625,1.70196533203125,,,86878,18,1,3,0
696,87000,11191,11194,1.707611083984375,1.70806884765625,1.707611083984375,1.70806884765625,,,87003,18,1,3,0
697,87125,11216,11228,1.71142578125,1.7132568359375,1.71142578125,1.7132568359375,,,87128,18,1,3,0
698,87250,11237,11255,1.714630126953125,1.717376708984375,1.714630126953125,1.717376708984375,,,87253,18,1,3,0
699,87375,11254,11274,1.71722412109375,1.72027587890625,1.71722412109375,1.72027587890625,,,87378,18,1,3,0
700,87500,11267,11287,1.719207763671875,1.722259521484375,1.719207763671875,1.722259521484375,,,87503,18,1,3,0
701,87625,11275,11292,1.720428466796875,1.7230224609375,1.720428466796875,1.7230224609375,,,87628,18,1,3,0
702,87750,11280,11290,1.72119140625,1.72271728515625,1.72119140625,1.72271728515625,,,87753,18,1,3,0
703,87875,11280,11280,1.72119140625,1.72119140625,1.72119140625,1.72119140625,,,87878,18,1,3,0
704,88000,11275,11263,1.720428466796875,1.718597412109375,1.720428466796875,1.718597412109375,,,88003,18,1,3,0
705,88125,11267,11239,1.719207763671875,1.714935302734375,1.719207763671875,1.714935302734375,,,88128,18,1,3,0
706,88250,11254,11207,1.71722412109375,1.710052490234375,1.71722412109375,1.710052490234375,,,88253,18,1,3,0
707,88375,11237,11169,1.714630126953125,1.704254150390625,1.714630126953125,1.704254150390625,,,88378,18,1,3,0
708,88500,11216,11123,1.71142578125,1.697235107421875,1.71142578125,1.697235107421875,,,88503,18,1,3,0
709,88625,11190,11072,1.70745849609375,1.689453125,1.70745849609375,1.689453125,,,88628,18,1,3,0
710,88750,11161,11013,1.703033447265625,1.680450439453125,1.703033447265625,1.680450439453125,,,88753,18,1,3,0
711,88875,11128,10949,1.697998046875,1.670684814453125,1.697998046875,1.670684814453125,,,88878,18,1,3,0
712,89000,11090,10879,1.69219970703125,1.660003662109375,1.69219970703125,1.660003662109375,,,89003,18,1,3,0
713,89125,11049,10803,1.685943603515625,1.648406982421875,1.685943603515625,1.648406982421875,,,89128,18,1,3,0
714,89250,11004,10722,1.6790771484375,1.63604736328125,1.6790771484375,1.63604736328125,,,89253,18,1,3,0
715,89375,10956,10637,1.6717529296875,1.623077392578125,1.6717529296875,1.623077392578125,,,89378,18,1,3,0
716,89500,10904,10547,1.663818359375,1.609344482421875,1.663818359375,1.609344482421875,,,89503,18,1,3,0
717,89625,10849,10454,1.655426025390625,1.59515380859375,1.655426025390625,1.59515380859375,,,89628,18,1,3,0
718,89750,10791,10357,1.646575927734375,1.580352783203125,1.646575927734375,1.580352783203125,,,89753,18,1,3,0
719,89875,10729,10258,1.637115478515625,1.56524658203125,1.637115478515625,1.56524658203125,,,89878,18,1,3,0
720,90000,10665,10156,1.627349853515625,1.5496826171875,1.627349853515625,1.5496826171875,,,90003,18,1,3,0
721,90125,10599,10052,1.617279052734375,1.5338134765625,1.617279052734375,1.5338134765625,,,90128,18,1,3,0
722,90250,10530,9948,1.60675048828125,1.5179443359375,1.60675048828125,1.5179443359375,,,90253,18,1,3,0
723,90375,10459,9842,1.595916748046875,1.50177001953125,1.595916748046875,1.50177001953125,,,90378,18,1,3,0
724,90500,10385,9736,1.584625244140625,1.485595703125,1.584625244140625,1.485595703125,,,90503,18,1,3,0
725,90625,10310,9631,1.57318115234375,1.469573974609375,1.57318115234375,1.469573974609375,,,90628,18,1,3,0
726,90750,10234,9527,1.56158447265625,1.453704833984375,1.56158447265625,1.453704833984375,,,90753,18,1,3,0
727,90875,10156,9424,1.5496826171875,1.43798828125,1.5496826171875,1.43798828125,,,90878,18,1,3,0
728,91000,10077,9323,1.537628173828125,1.422576904296875,1.537628173828125,1.422576904296875,,,91003,18,1,3,0
729,91125,9997,9224,1.525421142578125,1.407470703125,1.525421142578125,1.407470703125,,,91128,18,1,3,0
730,91250,9917,9129,1.513214111328125,1.392974853515625,1.513214111328125,1.392974853515625,,,91253,18,1,3,0
731,91375,9836,9037,1.5008544921875,1.378936767578125,1.5008544921875,1.378936767578125,,,91378,18,1,3,0
732,91500,9755,8949,1.488494873046875,1.365509033203125,1.488494873046875,1.365509033203125,,,91503,18,1,3,0
733,91625,9674,8865,1.47613525390625,1.352691650390625,1.47613525390625,1.352691650390625,,,91628,18,1,3,0
734,91750,9593,8786,1.463775634765625,1.34063720703125,1.463775634765625,1.34063720703125,,,91753,18,1,3,0
735,91875,9513,8713,1.451568603515625,1.329498291015625,1.451568603515625,1.329498291015625,,,91878,18,1,3,0
736,92000,9433,8644,1.439361572265625,1.3189697265625,1.439361572265625,1.3189697265625,,,92003,18,1,3,0
737,92125,9355,8582,1.427459716796875,1.30950927734375,1.427459716796875,1.30950927734375,,,92128,18,1,3,0
738,92250,9278,8526,1.41571044921875,1.30096435546875,1.41571044921875,1.30096435546875,,,92253,18,1,3,0
739,92375,9202,8477,1.40411376953125,1.293487548828125,1.40411376953125,1.293487548828125,,,92378,18,1,3,0
740,92500,9128,8434,1.392822265625,1.28692626953125,1.392822265625,1.28692626953125,,,92503,18,1,3,0
741,92625,9056,8399,1.3818359375,1.281585693359375,1.3818359375,1.281585693359375,,,92628,18,1,3,0
742,92750,8986,8370,1.37115478515625,1.27716064453125,1.37115478515625,1.27716064453125,,,92753,18,1,3,0
743,92875,8919,8349,1.360931396484375,1.273956298828125,1.360931396484375,1.273956298828125,,,92878,18,1,3,0
744,93000,8854,8335,1.35101318359375,1.271820068359375,1.35101318359375,1.271820068359375,,,93003,18,1,3,0
745,93125,8792,8329,1.341552734375,1.270904541015625,1.341552734375,1.270904541015625,,,93128,18,1,3,0
746,93250,8733,8330,1.332550048828125,1.27105712890625,1.332550048828125,1.27105712890625,,,93253,18,1,3,0
747,93375,8676,8338,1.3238525390625,1.27227783203125,1.3238525390625,1.27227783203125,,,93378,18,1,3,0
748,93500,8624,8354,1.31591796875,1.27471923828125,1.31591796875,1.27471923828125,,,93503,18,1,3,0
749,93625,8574,8377,1.30828857421875,1.278228759765625,1.30828857421875,1.278228759765625,,,93628,18,1,3,0
750,93750,8528,8407,1.30126953125,1.282806396484375,1.30126953125,1.282806396484375,,,93753,18,1,3,0
751,93875,8486,8444,1.29486083984375,1.2884521484375,1.29486083984375,1.2884521484375,,,93878,18,1,3,0
752,94000,8448,8488,1.2890625,1.295166015625,1.2890625,1.295166015625,,,94003,18,1,3,0
753,94125,8413,8538,1.283721923828125,1.30279541015625,1.283721923828125,1.30279541015625,,,94128,18,1,3,0
754,94250,8383,8594,1.279144287109375,1.31134033203125,1.279144287109375,1.31134033203125,,,94253,18,1,3,0
755,94375,8357,8657,1.275177001953125,1.320953369140625,1.275177001953125,1.320953369140625,,,94378,18,1,3,0
756,94500,8335,8724,1.271820068359375,1.3311767578125,1.271820068359375,1.3311767578125,,,94503,18,1,3,0
757,94625,8317,8797,1.269073486328125,1.342315673828125,1.269073486328125,1.342315673828125,,,94628,18,1,3,0
758,94750,8304,8875,1.26708984375,1.354217529296875,1.26708984375,1.354217529296875,,,94753,18,1,3,0
759,94875,8295,8957,1.265716552734375,1.366729736328125,1.265716552734375,1.366729736328125,,,94878,18,1,3,0
760,95000,8290,9042,1.26495361328125,1.37969970703125,1.26495361328125,1.37969970703125,,,95003,18,1,3,0
761,95125,8290,9132,1.26495361328125,1.3934326171875,1.26495361328125,1.3934326171875,,,95128,18,1,3,0
762,95250,8295,9224,1.265716552734375,1.407470703125,1.265716552734375,1.407470703125,,,95253,18,1,3,0
763,95375,8303,9318,1.266937255859375,1.42181396484375,1.266937255859375,1.42181396484375,,,95378,18,1,3,0
764,95500,8317,9415,1.269073486328125,1.436614990234375,1.269073486328125,1.436614990234375,,,95503,18,1,3,0
765,95625,8334,9512,1.27166748046875,1.451416015625,1.27166748046875,1.451416015625,,,95628,18,1,3,0
766,95750,8356,9611,1.2750244140625,1.466522216796875,1.2750244140625,1.466522216796875,,,95753,18,1,3,0
767,95875,8382,9710,1.27899169921875,1.48162841796875,1.27899169921875,1.48162841796875,,,95878,18,1,3,0
768,96000,8412,9809,1.2835693359375,1.496734619140625,1.2835693359375,1.496734619140625,,,96003,18,1,3,0
769,96125,8446,9907,1.28875732421875,1.511688232421875,1.28875732421875,1.511688232421875,,,96128,18,1,3,0
770,96250,8485,10003,1.294708251953125,1.526336669921875,1.294708251953125,1.526336669921875,,,96253,18,1,3,0
771,96375,8527,10098,1.301116943359375,1.54083251953125,1.301116943359375,1.54083251953125,,,96378,18,1,3,0
772,96500,8572,10191,1.3079833984375,1.555023193359375,1.3079833984375,1.555023193359375,,,96503,18,1,3,0
773,96625,8622,10281,1.31561279296875,1.568756103515625,1.31561279296875,1.568756103515625,,,96628,18,1,3,0
774,96750,8675,10368,1.323699951171875,1.58203125,1.323699951171875,1.58203125,,,96753,18,1,3,0
775,96875,8731,10451,1.332244873046875,1.594696044921875,1.332244873046875,1.594696044921875,,,96878,18,1,3,0
776,97000,8790,10530,1.34124755859375,1.60675048828125,1.34124755859375,1.60675048828125,,,97003,18,1,3,0
777,97125,8852,10604,1.3507080078125,1.6180419921875,1.3507080078125,1.6180419921875,,,97128,18,1,3,0
778,97250,8917,10673,1.360626220703125,1.628570556640625,1.360626220703125,1.628570556640625,,,97253,18,1,3,0
779,97375,8985,10737,1.371002197265625,1.638336181640625,1.371002197265625,1.638336181640625,,,97378,18,1,3,0
780,97500,9054,10796,1.38153076171875,1.6473388671875,1.38153076171875,1.6473388671875,,,97503,18,1,3,0
781,97625,9126,10849,1.39251708984375,1.655426025390625,1.39251708984375,1.655426025390625,,,97628,18,1,3,0
782,97750,9200,10895,1.40380859375,1.662445068359375,1.40380859375,1.662445068359375,,,97753,18,1,3,0
783,97875,9276,10935,1.4154052734375,1.668548583984375,1.4154052734375,1.668548583984375,,,97878,18,1,3,0
784,98000,9353,10969,1.427154541015625,1.673736572265625,1.427154541015625,1.673736572265625,,,98003,18,1,3,0
785,98125,9432,10995,1.439208984375,1.677703857421875,1.439208984375,1.677703857421875,,,98128,18,1,3,0
786,98250,9511,11015,1.451263427734375,1.680755615234375,1.451263427734375,1.680755615234375,,,98253,18,1,3,0
787,98375,9591,11028,1.463470458984375,1.6827392578125,1.463470458984375,1.6827392578125,,,98378,18,1,3,0
788,98500,9672,11034,1.475830078125,1.68365478515625,1.475830078125,1.68365478515625,,,98503,18,1,3,0
789,98625,9753,11033,1.488189697265625,1.683502197265625,1.488189697265625,1.683502197265625,,,98628,18,1,3,0
790,98750,9835,11026,1.500701904296875,1.68243408203125,1.500701904296875,1.68243408203125,,,98753,18,1,3,0
791,98875,9916,11011,1.5130615234375,1.680145263671875,1.5130615234375,1.680145263671875,,,98878,18,1,3,0
792,99000,9997,10989,1.525421142578125,1.676788330078125,1.525421142578125,1.676788330078125,,,99003,18,1,3,0
793,99125,10077,10961,1.537628173828125,1.672515869140625,1.537628173828125,1.672515869140625,,,99128,18,1,3,0
794,99250,10156,10927,1.5496826171875,1.667327880859375,1.5496826171875,1.667327880859375,,,99253,18,1,3,0
795,99375,10234,10886,1.56158447265625,1.66107177734375,1.56158447265625,1.66107177734375,,,99378,18,1,3,0
796,99500,10311,10840,1.573333740234375,1.654052734375,1.573333740234375,1.654052734375,,,99503,18,1,3,0
797,99625,10386,10787,1.58477783203125,1.645965576171875,1.58477783203125,1.645965576171875,,,99628,18,1,3,0
798,99750,10460,10730,1.5960693359375,1.63726806640625,1.5960693359375,1.63726806640625,,,99753,18,1,3,0
799,99875,10531,10667,1.606903076171875,1.627655029296875,1.606903076171875,1.627655029296875,,,99878,18,1,3,0
800,100000,10600,10600,1.617431640625,1.617431640625,1.617431640625,1.617431640625,,,100003,18,1,3,0
801,100125,10667,10529,1.627655029296875,1.606597900390625,1.627655029296875,1.606597900390625,,,100128,18,1,3,0
802,100250,10732,10454,1.6375732421875,1.59515380859375,1.6375732421875,1.59515380859375,,,100253,18,1,3,0
803,100375,10793,10376,1.646881103515625,1.583251953125,1.646881103515625,1.583251953125,,,100378,18,1,3,0
804,100500,10852,10294,1.6558837890625,1.57073974609375,1.6558837890625,1.57073974609375,,,100503,18,1,3,0
805,100625,10907,10211,1.664276123046875,1.558074951171875,1.664276123046875,1.558074951171875,,,100628,18,1,3,0
806,100750,10959,10125,1.672210693359375,1.544952392578125,1.672210693359375,1.544952392578125,,,100753,18,1,3,0
807,100875,11008,10038,1.6796875,1.53167724609375,1.6796875,1.53167724609375,,,100878,18,1,3,0
808,101000,11053,9950,1.686553955078125,1.51824951171875,1.686553955078125,1.51824951171875,,,101003,18,1,3,0
809,101125,11095,9862,1.692962646484375,1.50482177734375,1.692962646484375,1.50482177734375,,,101128,18,1,3,0
810,101250,11133,9774,1.698760986328125,1.49139404296875,1.698760986328125,1.49139404296875,,,101253,18,1,3,0
811,101375,11166,9686,1.70379638671875,1.47796630859375,1.70379638671875,1.47796630859375,,,101378,18,1,3,0
812,101500,11196,9600,1.7083740234375,1.46484375,1.7083740234375,1.46484375,,,101503,18,1,3,0
813,101625,11222,9515,1.71234130859375,1.451873779296875,1.71234130859375,1.451873779296875,,,101628,18,1,3,0
814,101750,11243,9433,1.715545654296875,1.439361572265625,1.715545654296875,1.439361572265625,,,101753,18,1,3,0
815,101875,11261,9353,1.718292236328125,1.427154541015625,1.718292236328125,1.427154541015625,,,101878,18,1,3,0
816,102000,11274,9276,1.72027587890625,1.4154052734375,1.72027587890625,1.4154052734375,,,102003,18,1,3,0
817,102125,11283,9203,1.721649169921875,1.404266357421875,1.721649169921875,1.404266357421875,,,102128,18,1,3,0
818,102250,11287,9134,1.722259521484375,1.39373779296875,1.722259521484375,1.39373779296875,,,102253,18,1,3,0
819,102375,11287,9069,1.722259521484375,1.383819580078125,1.722259521484375,1.383819580078125,,,102378,18,1,3,0
820,102500,11283,9009,1.721649169921875,1.374664306640625,1.721649169921875,1.374664306640625,,,102503,18,1,3,0
821,102625,11275,8954,1.720428466796875,1.36627197265625,1.720428466796875,1.36627197265625,,,102628,18,1,3,0
822,102750,11262,8904,1.71844482421875,1.358642578125,1.71844482421875,1.358642578125,,,102753,18,1,3,0
823,102875,11246,8860,1.71600341796875,1.3519287109375,1.71600341796875,1.3519287109375,,,102878,18,1,3,0
824,103000,11225,8823,1.712799072265625,1.346282958984375,1.712799072265625,1.346282958984375,,,103003,18,1,3,0
825,103125,11200,8791,1.708984375,1.341400146484375,1.708984375,1.341400146484375,,,103128,18,1,3,0
826,103250,11171,8766,1.704559326171875,1.33758544921875,1.704559326171875,1.33758544921875,,,103253,18,1,3,0
827,103375,11138,8747,1.69952392578125,1.334686279296875,1.69952392578125,1.334686279296875,,,103378,18,1,3,0
828,103500,11102,8735,1.69403076171875,1.332855224609375,1.69403076171875,1.332855224609375,,,103503,18,1,3,0
829,103625,11062,8730,1.68792724609375,1.33209228515625,1.68792724609375,1.33209228515625,,,103628,18,1,3,0
830,103750,11018,8731,1.68121337890625,1.332244873046875,1.68121337890625,1.332244873046875,,,103753,18,1,3,0
831,103875,10971,8740,1.674041748046875,1.3336181640625,1.674041748046875,1.3336181640625,,,103878,18,1,3,0
832,104000,10921,8755,1.666412353515625,1.335906982421875,1.666412353515625,1.335906982421875,,,104003,18,1,3,0
833,104125,10868,8777,1.6583251953125,1.339263916015625,1.6583251953125,1.339263916015625,,,104128,18,1,3,0
834,104250,10812,8805,1.6497802734375,1.343536376953125,1.6497802734375,1.343536376953125,,,104253,18,1,3,0
835,104375,10753,8840,1.640777587890625,1.348876953125,1.640777587890625,1.348876953125,,,104378,18,1,3,0
836,104500,10692,8881,1.6314697265625,1.355133056640625,1.6314697265625,1.355133056640625,,,104503,18,1,3,0
837,104625,10628,8928,1.6217041015625,1.3623046875,1.6217041015625,1.3623046875,,,104628,18,1,3,0
838,104750,10562,8981,1.61163330078125,1.370391845703125,1.61163330078125,1.370391845703125,,,104753,18,1,3,0
839,104875,10494,9040,1.60125732421875,1.37939453125,1.60125732421875,1.37939453125,,,104878,18,1,3,0
840,105000,10425,9104,1.590728759765625,1.38916015625,1.590728759765625,1.38916015625,,,105003,18,1,3,0
841,105125,10354,9172,1.57989501953125,1.3995361328125,1.57989501953125,1.3995361328125,,,105128,18,1,3,0
842,105250,10282,9245,1.56890869140625,1.410675048828125,1.56890869140625,1.410675048828125,,,105253,18,1,3,0
843,105375,10209,9323,1.557769775390625,1.422576904296875,1.557769775390625,1.422576904296875,,,105378,18,1,3,0
844,105500,10135,9403,1.546478271484375,1.434783935546875,1.546478271484375,1.434783935546875,,,105503,18,1,3,0
845,105625,10060,9487,1.5350341796875,1.447601318359375,1.5350341796875,1.447601318359375,,,105628,18,1,3,0
846,105750,9985,9574,1.523590087890625,1.46087646484375,1.523590087890625,1.46087646484375,,,105753,18,1,3,0
847,105875,9910,9663,1.51214599609375,1.474456787109375,1.51214599609375,1.474456787109375,,,105878,18,1,3,0
848,106000,9835,9754,1.500701904296875,1.48834228515625,1.500701904296875,1.48834228515625,,,106003,18,1,3,0
849,106125,9760,9846,1.4892578125,1.50238037109375,1.4892578125,1.50238037109375,,,106128,18,1,3,0
850,106250,9686,9939,1.47796630859375,1.516571044921875,1.47796630859375,1.516571044921875,,,106253,18,1,3,0
851,106375,9613,10032,1.466827392578125,1.53076171875,1.466827392578125,1.53076171875,,,106378,18,1,3,0
852,106500,9540,10125,1.4556884765625,1.544952392578125,1.4556884765625,1.544952392578125,,,106503,18,1,3,0
853,106625,9469,10217,1.444854736328125,1.558990478515625,1.444854736328125,1.558990478515625,,,106628,18,1,3,0
854,106750,9399,10307,1.434173583984375,1.572723388671875,1.434173583984375,1.572723388671875,,,106753,18,1,3,0
855,106875,9331,10396,1.423797607421875,1.5863037109375,1.423797607421875,1.5863037109375,,,106878,18,1,3,0
856,107000,9265,10483,1.413726806640625,1.599578857421875,1.413726806640625,1.599578857421875,,,107003,18,1,3,0
857,107125,9201,10566,1.403961181640625,1.61224365234375,1.403961181640625,1.61224365234375,,,107128,18,1,3,0
858,107250,9139,10647,1.394500732421875,1.624603271484375,1.394500732421875,1.624603271484375,,,107253,18,1,3,0
859,107375,9080,10723,1.385498046875,1.636199951171875,1.385498046875,1.636199951171875,,,107378,18,1,3,0
860,107500,9023,10795,1.376800537109375,1.647186279296875,1.376800537109375,1.647186279296875,,,107503,18,1,3,0
861,107625,8968,10863,1.368408203125,1.657562255859375,1.368408203125,1.657562255859375,,,107628,18,1,3,0
862,107750,8917,10926,1.360626220703125,1.66717529296875,1.360626220703125,1.66717529296875,,,107753,18,1,3,0
863,107875,8869,10983,1.353302001953125,1.675872802734375,1.353302001953125,1.675872802734375,,,107878,18,1,3,0
864,108000,8824,11035,1.346435546875,1.683807373046875,1.346435546875,1.683807373046875,,,108003,18,1,3,0
865,108125,8783,11080,1.340179443359375,1.690673828125,1.340179443359375,1.690673828125,,,108128,18,1,3,0
866,108250,8744,11119,1.334228515625,1.696624755859375,1.334228515625,1.696624755859375,,,108253,18,1,3,0
867,108375,8710,11152,1.32904052734375,1.70166015625,1.32904052734375,1.70166015625,,,108378,18,1,3,0
868,108500,8679,11178,1.324310302734375,1.70562744140625,1.324310302734375,1.70562744140625,,,108503,18,1,3,0
869,108625,8652,11197,1.3201904296875,1.708526611328125,1.3201904296875,1.708526611328125,,,108628,18,1,3,0
870,108750,8628,11209,1.3165283203125,1.710357666015625,1.3165283203125,1.710357666015625,,,108753,18,1,3,0
871,108875,8609,11214,1.313629150390625,1.71112060546875,1.313629150390625,1.71112060546875,,,108878,18,1,3,0
872,109000,8593,11211,1.311187744140625,1.710662841796875,1.311187744140625,1.710662841796875,,,109003,18,1,3,0
873,109125,8582,11201,1.30950927734375,1.709136962890625,1.30950927734375,1.709136962890625,,,109128,18,1,3,0
874,109250,8574,11184,1.30828857421875,1.70654296875,1.30828857421875,1.70654296875,,,109253,18,1,3,0
875,109375,8570,11160,1.30767822265625,1.702880859375,1.30767822265625,1.702880859375,,,109378,18,1,3,0
876,109500,8571,11129,1.307830810546875,1.698150634765625,1.307830810546875,1.698150634765625,,,109503,18,1,3,0
877,109625,8575,11091,1.308441162109375,1.692352294921875,1.308441162109375,1.692352294921875,,,109628,18,1,3,0
878,109750,8583,11046,1.309661865234375,1.68548583984375,1.309661865234375,1.68548583984375,,,109753,18,1,3,0
879,109875,8595,10994,1.311492919921875,1.67755126953125,1.311492919921875,1.67755126953125,,,109878,18,1,3,0
880,110000,8611,10937,1.313934326171875,1.668853759765625,1.313934326171875,1.668853759765625,,,110003,18,1,3,0
881,110125,8631,10873,1.316986083984375,1.659088134765625,1.316986083984375,1.659088134765625,,,110128,18,1,3,0
882,110250,8654,10803,1.32049560546875,1.648406982421875,1.32049560546875,1.648406982421875,,,110253,18,1,3,0
883,110375,8682,10728,1.32476806640625,1.636962890625,1.32476806640625,1.636962890625,,,110378,18,1,3,0
884,110500,8712,10648,1.329345703125,1.624755859375,1.329345703125,1.624755859375,,,110503,18,1,3,0
885,110625,8746,10564,1.33453369140625,1.6119384765625,1.33453369140625,1.6119384765625,,,110628,18,1,3,0
886,110750,8784,10475,1.34033203125,1.598358154296875,1.34033203125,1.598358154296875,,,110753,18,1,3,0
887,110875,8824,10383,1.346435546875,1.584320068359375,1.346435546875,1.584320068359375,,,110878,18,1,3,0
888,111000,8868,10287,1.3531494140625,1.569671630859375,1.3531494140625,1.569671630859375,,,111003,18,1,3,0
889,111125,8914,10189,1.36016845703125,1.554718017578125,1.36016845703125,1.554718017578125,,,111128,18,1,3,0
890,111250,8963,10088,1.367645263671875,1.539306640625,1.367645263671875,1.539306640625,,,111253,18,1,3,0
891,111375,9015,9986,1.375579833984375,1.52374267578125,1.375579833984375,1.52374267578125,,,111378,18,1,3,0
892,111500,9069,9882,1.383819580078125,1.50787353515625,1.383819580078125,1.50787353515625,,,111503,18,1,3,0
893,111625,9126,9778,1.39251708984375,1.49200439453125,1.39251708984375,1.49200439453125,,,111628,18,1,3,0
894,111750,9184,9673,1.4013671875,1.475982666015625,1.4013671875,1.475982666015625,,,111753,18,1,3,0
895,111875,9244,9569,1.4105224609375,1.460113525390625,1.4105224609375,1.460113525390625,,,111878,18,1,3,0
896,112000,9306,9466,1.41998291015625,1.44439697265625,1.41998291015625,1.44439697265625,,,112003,18,1,3,0
897,112125,9369,9364,1.429595947265625,1.4288330078125,1.429595947265625,1.4288330078125,,,112128,18,1,3,0
898,112250,9433,9264,1.439361572265625,1.41357421875,1.439361572265625,1.41357421875,,,112253,18,1,3,0
899,112375,9499,9167,1.449432373046875,1.398773193359375,1.449432373046875,1.398773193359375,,,112378,18,1,3,0
900,112500,9565,9073,1.459503173828125,1.384429931640625,1.459503173828125,1.384429931640625,,,112503,18,1,3,0
901,112625,9632,8982,1.4697265625,1.37054443359375,1.4697265625,1.37054443359375,,,112628,18,1,3,0
902,112750,9699,8895,1.479949951171875,1.357269287109375,1.479949951171875,1.357269287109375,,,112753,18,1,3,0
903,112875,9766,8813,1.49017333984375,1.344757080078125,1.49017333984375,1.344757080078125,,,112878,18,1,3,0
904,113000,9833,8735,1.500396728515625,1.332855224609375,1.500396728515625,1.332855224609375,,,113003,18,1,3,0
905,113125,9900,8663,1.5106201171875,1.321868896484375,1.5106201171875,1.321868896484375,,,113128,18,1,3,0
906,113250,9966,8596,1.52069091796875,1.3116455078125,1.52069091796875,1.3116455078125,,,113253,18,1,3,0
907,113375,10032,8535,1.53076171875,1.302337646484375,1.53076171875,1.302337646484375,,,113378,18,1,3,0
908,113500,10097,8481,1.540679931640625,1.294097900390625,1.540679931640625,1.294097900390625,,,113503,18,1,3,0
909,113625,10160,8433,1.55029296875,1.286773681640625,1.55029296875,1.286773681640625,,,113628,18,1,3,0
910,113750,10222,8392,1.55975341796875,1.280517578125,1.55975341796875,1.280517578125,,,113753,18,1,3,0
911,113875,10283,8358,1.569061279296875,1.27532958984375,1.569061279296875,1.27532958984375,,,113878,18,1,3,0
912,114000,10342,8331,1.57806396484375,1.271209716796875,1.57806396484375,1.271209716796875,,,114003,18,1,3,0
913,114125,10399,8311,1.586761474609375,1.268157958984375,1.586761474609375,1.268157958984375,,,114128,18,1,3,0
914,114250,10453,8299,1.595001220703125,1.266326904296875,1.595001220703125,1.266326904296875,,,114253,18,1,3,0
915,114375,10506,8294,1.60308837890625,1.26556396484375,1.60308837890625,1.26556396484375,,,114378,18,1,3,0
916,114500,10556,8297,1.6107177734375,1.266021728515625,1.6107177734375,1.266021728515625,,,114503,18,1,3,0
917,114625,10603,8307,1.617889404296875,1.267547607421875,1.617889404296875,1.267547607421875,,,114628,18,1,3,0
918,114750,10648,8325,1.624755859375,1.270294189453125,1.624755859375,1.270294189453125,,,114753,18,1,3,0
919,114875,10690,8350,1.63116455078125,1.27410888671875,1.63116455078125,1.27410888671875,,,114878,18,1,3,0
920,115000,10729,8382,1.637115478515625,1.27899169921875,1.637115478515625,1.27899169921875,,,115003,18,1,3,0
921,115125,10764,8421,1.6424560546875,1.284942626953125,1.6424560546875,1.284942626953125,,,115128,18,1,3,0
922,115250,10797,8467,1.647491455078125,1.291961669921875,1.647491455078125,1.291961669921875,,,115253,18,1,3,0
923,115375,10826,8519,1.65191650390625,1.299896240234375,1.65191650390625,1.299896240234375,,,115378,18,1,3,0
924,115500,10851,8578,1.655731201171875,1.30889892578125,1.655731201171875,1.30889892578125,,,115503,18,1,3,0
925,115625,10873,8642,1.659088134765625,1.31866455078125,1.659088134765625,1.31866455078125,,,115628,18,1,3,0
926,115750,10892,8713,1.6619873046875,1.329498291015625,1.6619873046875,1.329498291015625,,,115753,18,1,3,0
927,115875,10906,8788,1.66412353515625,1.3409423828125,1.66412353515625,1.3409423828125,,,115878,18,1,3,0
928,116000,10917,8868,1.665802001953125,1.3531494140625,1.665802001953125,1.3531494140625,,,116003,18,1,3,0
929,116125,10925,8953,1.667022705078125,1.366119384765625,1.667022705078125,1.366119384765625,,,116128,18,1,3,0
930,116250,10928,9041,1.66748046875,1.379547119140625,1.66748046875,1.379547119140625,,,116253,18,1,3,0
931,116375,10928,9133,1.66748046875,1.393585205078125,1.66748046875,1.393585205078125,,,116378,18,1,3,0
932,116500,10924,9228,1.6668701171875,1.4080810546875,1.6668701171875,1.4080810546875,,,116503,18,1,3,0
933,116625,10917,9326,1.665802001953125,1.42303466796875,1.665802001953125,1.42303466796875,,,116628,18,1,3,0
934,116750,10905,9425,1.663970947265625,1.438140869140625,1.663970947265625,1.438140869140625,,,116753,18,1,3,0
935,116875,10890,9526,1.66168212890625,1.45355224609375,1.66168212890625,1.45355224609375,,,116878,18,1,3,0
936,117000,10872,9628,1.658935546875,1.4691162109375,1.658935546875,1.4691162109375,,,117003,18,1,3,0
937,117125,10850,9730,1.65557861328125,1.48468017578125,1.65557861328125,1.48468017578125,,,117128,18,1,3,0
938,117250,10824,9832,1.651611328125,1.500244140625,1.651611328125,1.500244140625,,,117253,18,1,3,0
939,117375,10795,9933,1.647186279296875,1.515655517578125,1.647186279296875,1.515655517578125,,,117378,18,1,3,0
940,117500,10763,10033,1.642303466796875,1.530914306640625,1.642303466796875,1.530914306640625,,,117503,18,1,3,0
941,117625,10728,10132,1.636962890625,1.5460205078125,1.636962890625,1.5460205078125,,,117628,18,1,3,0
942,117750,10690,10228,1.63116455078125,1.5606689453125,1.63116455078125,1.5606689453125,,,117753,18,1,3,0
943,117875,10648,10321,1.624755859375,1.574859619140625,1.624755859375,1.574859619140625,,,117878,18,1,3,0
944,118000,10604,10411,1.6180419921875,1.588592529296875,1.6180419921875,1.588592529296875,,,118003,18,1,3,0
945,118125,10558,10498,1.61102294921875,1.60186767578125,1.61102294921875,1.60186767578125,,,118128,18,1,3,0
946,118250,10509,10580,1.603546142578125,1.6143798828125,1.603546142578125,1.6143798828125,,,118253,18,1,3,0
947,118375,10457,10658,1.595611572265625,1.62628173828125,1.595611572265625,1.62628173828125,,,118378,18,1,3,0
948,118500,10404,10730,1.5875244140625,1.63726806640625,1.5875244140625,1.63726806640625,,,118503,18,1,3,0
949,118625,10348,10798,1.5789794921875,1.64764404296875,1.5789794921875,1.64764404296875,,,118628,18,1,3,0
950,118750,10291,10860,1.570281982421875,1.6571044921875,1.570281982421875,1.6571044921875,,,118753,18,1,3,0
951,118875,10232,10916,1.561279296875,1.6656494140625,1.561279296875,1.6656494140625,,,118878,18,1,3,0
952,119000,10172,10965,1.5521240234375,1.673126220703125,1.5521240234375,1.673126220703125,,,119003,18,1,3,0
953,119125,10111,11008,1.542816162109375,1.6796875,1.542816162109375,1.6796875,,,119128,18,1,3,0
954,119250,10048,11045,1.533203125,1.685333251953125,1.533203125,1.685333251953125,,,119253,18,1,3,0
955,119375,9985,11075,1.523590087890625,1.689910888671875,1.523590087890625,1.689910888671875,,,119378,18,1,3,0
956,119500,9921,11097,1.513824462890625,1.693267822265625,1.513824462890625,1.693267822265625,,,119503,18,1,3,0
957,119625,9857,11113,1.504058837890625,1.695709228515625,1.504058837890625,1.695709228515625,,,119628,18,1,3,0
958,119750,9793,11122,1.494293212890625,1.69708251953125,1.494293212890625,1.69708251953125,,,119753,18,1,3,0
959,119875,9729,11123,1.484527587890625,1.697235107421875,1.484527587890625,1.697235107421875,,,119878,18,1,3,0
960,120000,9666,11117,1.47491455078125,1.696319580078125,1.47491455078125,1.696319580078125,,,120003,18,1,3,0
961,120125,9602,11105,1.46514892578125,1.694488525390625,1.46514892578125,1.694488525390625,,,120128,18,1,3,0
962,120250,9540,11085,1.4556884765625,1.691436767578125,1.4556884765625,1.691436767578125,,,120253,18,1,3,0
963,120375,9478,11059,1.44622802734375,1.687469482421875,1.44622802734375,1.687469482421875,,,120378,18,1,3,0
964,120500,9418,11026,1.43707275390625,1.68243408203125,1.43707275390625,1.68243408203125,,,120503,18,1,3,0
965,120625,9359,10987,1.428070068359375,1.676483154296875,1.428070068359375,1.676483154296875,,,120628,18,1,3,0
966,120750,9301,10941,1.419219970703125,1.669464111328125,1.419219970703125,1.669464111328125,,,120753,18,1,3,0
967,120875,9245,10890,1.410675048828125,1.66168212890625,1.410675048828125,1.66168212890625,,,120878,18,1,3,0
968,121000,9192,10833,1.402587890625,1.652984619140625,1.402587890625,1.652984619140625,,,121003,18,1,3,0
969,121125,9140,10771,1.3946533203125,1.643524169921875,1.3946533203125,1.643524169921875,,,121128,18,1,3,0
970,121250,9090,10705,1.38702392578125,1.633453369140625,1.38702392578125,1.633453369140625,,,121253,18,1,3,0
971,121375,9043,10633,1.379852294921875,1.622467041015625,1.379852294921875,1.622467041015625,,,121378,18,1,3,0
972,121500,8999,10558,1.373138427734375,1.61102294921875,1.373138427734375,1.61102294921875,,,121503,18,1,3,0
973,121625,8957,10479,1.366729736328125,1.598968505859375,1.366729736328125,1.598968505859375,,,121628,18,1,3,0
974,121750,8918,10398,1.36077880859375,1.58660888671875,1.36077880859375,1.58660888671875,,,121753,18,1,3,0
975,121875,8882,10313,1.35528564453125,1.573638916015625,1.35528564453125,1.573638916015625,,,121878,18,1,3,0
976,122000,8849,10226,1.350250244140625,1.56036376953125,1.350250244140625,1.56036376953125,,,122003,18,1,3,0
977,122125,8820,10138,1.3458251953125,1.54693603515625,1.3458251953125,1.54693603515625,,,122128,18,1,3,0
978,122250,8794,10049,1.34185791015625,1.533355712890625,1.34185791015625,1.533355712890625,,,122253,18,1,3,0
979,122375,8771,9959,1.338348388671875,1.519622802734375,1.338348388671875,1.519622802734375,,,122378,18,1,3,0
980,122500,8752,9869,1.33544921875,1.505889892578125,1.33544921875,1.505889892578125,,,122503,18,1,3,0
981,122625,8737,9779,1.333160400390625,1.492156982421875,1.333160400390625,1.492156982421875,,,122628,18,1,3,0
982,122750,8725,9690,1.331329345703125,1.47857666015625,1.331329345703125,1.47857666015625,,,122753,18,1,3,0
983,122875,8717,9603,1.330108642578125,1.465301513671875,1.330108642578125,1.465301513671875,,,122878,18,1,3,0
984,123000,8712,9518,1.329345703125,1.45233154296875,1.329345703125,1.45233154296875,,,123003,18,1,3,0
985,123125,8712,9435,1.329345703125,1.439666748046875,1.329345703125,1.439666748046875,,,123128,18,1,3,0
986,123250,8715,9355,1.329803466796875,1.427459716796875,1.329803466796875,1.427459716796875,,,123253,18,1,3,0
987,123375,8722,9278,1.33087158203125,1.41571044921875,1.33087158203125,1.41571044921875,,,123378,18,1,3,0
988,123500,8732,9205,1.3323974609375,1.404571533203125,1.3323974609375,1.404571533203125,,,123503,18,1,3,0
989,123625,8747,9136,1.334686279296875,1.39404296875,1.334686279296875,1.39404296875,,,123628,18,1,3,0
990,123750,8765,9072,1.337432861328125,1.38427734375,1.337432861328125,1.38427734375,,,123753,18,1,3,0
991,123875,8787,9013,1.340789794921875,1.375274658203125,1.340789794921875,1.375274658203125,,,123878,18,1,3,0
992,124000,8812,8959,1.3446044921875,1.367034912109375,1.3446044921875,1.367034912109375,,,124003,18,1,3,0
993,124125,8841,8911,1.349029541015625,1.359710693359375,1.349029541015625,1.359710693359375,,,124128,18,1,3,0
994,124250,8873,8869,1.353912353515625,1.353302001953125,1.353912353515625,1.353302001953125,,,124253,18,1,3,0
995,124375,8909,8832,1.359405517578125,1.34765625,1.359405517578125,1.34765625,,,124378,18,1,3,0
996,124500,8948,8802,1.3653564453125,1.34307861328125,1.3653564453125,1.34307861328125,,,124503,18,1,3,0
997,124625,8989,8779,1.371612548828125,1.339569091796875,1.371612548828125,1.339569091796875,,,124628,18,1,3,0
998,124750,9034,8762,1.37847900390625,1.33697509765625,1.37847900390625,1.33697509765625,,,124753,18,1,3,0
999,124875,9082,8752,1.38580322265625,1.33544921875,1.38580322265625,1.33544921875,,,124878,18,1,3,0
1000,125000,9132,8749,1.3934326171875,1.334991455078125,1.3934326171875,1.334991455078125,,,125003,18,1,3,0
1001,125125,9185,8752,1.401519775390625,1.33544921875,1.401519775390625,1.33544921875,,,125128,18,1,3,0
1002,125250,9241,8762,1.410064697265625,1.33697509765625,1.410064697265625,1.33697509765625,,,125253,18,1,3,0
1003,125375,9298,8779,1.41876220703125,1.339569091796875,1.41876220703125,1.339569091796875,,,125378,18,1,3,0
1004,125500,9358,8802,1.42791748046875,1.34307861328125,1.42791748046875,1.34307861328125,,,125503,18,1,3,0
1005,125625,9419,8832,1.437225341796875,1.34765625,1.437225341796875,1.34765625,,,125628,18,1,3,0
1006,125750,9482,8869,1.44683837890625,1.353302001953125,1.44683837890625,1.353302001953125,,,125753,18,1,3,0
1007,125875,9546,8911,1.45660400390625,1.359710693359375,1.45660400390625,1.359710693359375,,,125878,18,1,3,0
1008,126000,9612,8959,1.4666748046875,1.367034912109375,1.4666748046875,1.367034912109375,,,126003,18,1,3,0
1009,126125,9678,9013,1.47674560546875,1.375274658203125,1.47674560546875,1.375274658203125,,,126128,18,1,3,0
1010,126250,9746,9072,1.48712158203125,1.38427734375,1.48712158203125,1.38427734375,,,126253,18,1,3,0
1011,126375,9814,9136,1.49749755859375,1.39404296875,1.49749755859375,1.39404296875,,,126378,18,1,3,0
1012,126500,9882,9205,1.50787353515625,1.404571533203125,1.50787353515625,1.404571533203125,,,126503,18,1,3,0
1013,126625,9951,9278,1.518402099609375,1.41571044921875,1.518402099609375,1.41571044921875,,,126628,18,1,3,0
1014,126750,10019,9355,1.528778076171875,1.427459716796875,1.528778076171875,1.427459716796875,,,126753,18,1,3,0
1015,126875,10088,9435,1.539306640625,1.439666748046875,1.539306640625,1.439666748046875,,,126878,18,1,3,0
1016,127000,10155,9518,1.549530029296875,1.45233154296875,1.549530029296875,1.45233154296875,,,127003,18,1,3,0
1017,127125,10222,9603,1.55975341796875,1.465301513671875,1.55975341796875,1.465301513671875,,,127128,18,1,3,0
1018,127250,10288,9690,1.56982421875,1.47857666015625,1.56982421875,1.47857666015625,,,127253,18,1,3,0
1019,127375,10353,9779,1.579742431640625,1.492156982421875,1.579742431640625,1.492156982421875,,,127378,18,1,3,0
1020,127500,10417,9869,1.589508056640625,1.505889892578125,1.589508056640625,1.505889892578125,,,127503,18,1,3,0
1021,127625,10479,9959,1.598968505859375,1.519622802734375,1.598968505859375,1.519622802734375,,,127628,18,1,3,0
1022,127750,10539,10049,1.608123779296875,1.533355712890625,1.608123779296875,1.533355712890625,,,127753,18,1,3,0
1023,127875,10597,10138,1.616973876953125,1.54693603515625,1.616973876953125,1.54693603515625,,,127878,18,1,3,0
1024,128000,10653,10226,1.625518798828125,1.56036376953125,1.625518798828125,1.56036376953125,,,128003,18,1,3,0
1025,128125,10707,10313,1.633758544921875,1.573638916015625,1.633758544921875,1.573638916015625,,,128128,18,1,3,0
1026,128250,10758,10398,1.64154052734375,1.58660888671875,1.64154052734375,1.58660888671875,,,128253,18,1,3,0
1027,128375,10806,10479,1.64886474609375,1.598968505859375,1.64886474609375,1.598968505859375,,,128378,18,1,3,0
1028,128500,10852,10558,1.6558837890625,1.61102294921875,1.6558837890625,1.61102294921875,,,128503,18,1,3,0
1029,128625,10895,10633,1.662445068359375,1.622467041015625,1.662445068359375,1.622467041015625,,,128628,18,1,3,0
1030,128750,10934,10705,1.66839599609375,1.633453369140625,1.66839599609375,1.633453369140625,,,128753,18,1,3,0
1031,128875,10970,10771,1.67388916015625,1.643524169921875,1.67388916015625,1.643524169921875,,,128878,18,1,3,0
1032,129000,11003,10833,1.678924560546875,1.652984619140625,1.678924560546875,1.652984619140625,,,129003,18,1,3,0
1033,129125,11032,10890,1.683349609375,1.66168212890625,1.683349609375,1.66168212890625,,,129128,18,1,3,0
1034,129250,11058,10941,1.68731689453125,1.669464111328125,1.68731689453125,1.669464111328125,,,129253,18,1,3,0
1035,129375,11080,10987,1.690673828125,1.676483154296875,1.690673828125,1.676483154296875,,,129378,18,1,3,0
1036,129500,11098,11026,1.69342041015625,1.68243408203125,1.69342041015625,1.68243408203125,,,129503,18,1,3,0
1037,129625,11112,11059,1.695556640625,1.687469482421875,1.695556640625,1.687469482421875,,,129628,18,1,3,0
1038,129750,11122,11085,1.69708251953125,1.691436767578125,1.69708251953125,1.691436767578125,,,129753,18,1,3,0
1039,129875,11128,11105,1.697998046875,1.694488525390625,1.697998046875,1.694488525390625,,,129878,18,1,3,0
1040,130000,11130,11117,1.69830322265625,1.696319580078125,1.69830322265625,1.696319580078125,,,130003,18,1,3,0
1041,130125,11128,11123,1.697998046875,1.697235107421875,1.697998046875,1.697235107421875,,,130128,18,1,3,0
1042,130250,11122,11122,1.69708251953125,1.69708251953125,1.69708251953125,1.69708251953125,,,130253,18,1,3,0
1043,130375,11113,11113,1.695709228515625,1.695709228515625,1.695709228515625,1.695709228515625,,,130378,18,1,3,0
1044,130500,11099,11097,1.693572998046875,1.693267822265625,1.693572998046875,1.693267822265625,,,130503,18,1,3,0
1045,130625,11081,11075,1.690826416015625,1.689910888671875,1.690826416015625,1.689910888671875,,,130628,18,1,3,0
1046,130750,11059,11045,1.687469482421875,1.685333251953125,1.687469482421875,1.685333251953125,,,130753,18,1,3,0
1047,130875,11033,11008,1.683502197265625,1.6796875,1.683502197265625,1.6796875,,,130878,18,1,3,0
1048,131000,11003,10965,1.678924560546875,1.673126220703125,1.678924560546875,1.673126220703125,,,131003,18,1,3,0
1049,131125,10970,10916,1.67388916015625,1.6656494140625,1.67388916015625,1.6656494140625,,,131128,18,1,3,0
1050,131250,10932,10860,1.6680908203125,1.6571044921875,1.6680908203125,1.6571044921875,,,131253,18,1,3,0
1051,131375,10892,10798,1.6619873046875,1.64764404296875,1.6619873046875,1.64764404296875,,,131378,18,1,3,0
1052,131500,10848,10730,1.6552734375,1.63726806640625,1.6552734375,1.63726806640625,,,131503,18,1,3,0
1053,131625,10800,10658,1.64794921875,1.62628173828125,1.64794921875,1.62628173828125,,,131628,18,1,3,0
1054,131750,10749,10580,1.640167236328125,1.6143798828125,1.640167236328125,1.6143798828125,,,131753,18,1,3,0
1055,131875,10696,10498,1.632080078125,1.60186767578125,1.632080078125,1.60186767578125,,,131878,18,1,3,0
1056,132000,10639,10411,1.623382568359375,1.588592529296875,1.623382568359375,1.588592529296875,,,132003,18,1,3,0
1057,132125,10580,10321,1.6143798828125,1.574859619140625,1.6143798828125,1.574859619140625,,,132128,18,1,3,0
1058,132250,10518,10228,1.60491943359375,1.5606689453125,1.60491943359375,1.5606689453125,,,132253,18,1,3,0
1059,132375,10454,10132,1.59515380859375,1.5460205078125,1.59515380859375,1.5460205078125,,,132378,18,1,3,0
1060,132500,10387,10033,1.584930419921875,1.530914306640625,1.584930419921875,1.530914306640625,,,132503,18,1,3,0
1061,132625,10319,9933,1.574554443359375,1.515655517578125,1.574554443359375,1.515655517578125,,,132628,18,1,3,0
1062,132750,10249,9832,1.563873291015625,1.500244140625,1.563873291015625,1.500244140625,,,132753,18,1,3,0
1063,132875,10177,9730,1.552886962890625,1.48468017578125,1.552886962890625,1.48468017578125,,,132878,18,1,3,0
1064,133000,10104,9628,1.541748046875,1.4691162109375,1.541748046875,1.4691162109375,,,133003,18,1,3,0
1065,133125,10030,9526,1.53045654296875,1.45355224609375,1.53045654296875,1.45355224609375,,,133128,18,1,3,0
1066,133250,9954,9425,1.51885986328125,1.438140869140625,1.51885986328125,1.438140869140625,,,133253,18,1,3,0
1067,133375,9878,9326,1.50726318359375,1.42303466796875,1.50726318359375,1.42303466796875,,,133378,18,1,3,0
1068,133500,9802,9228,1.49566650390625,1.4080810546875,1.49566650390625,1.4080810546875,,,133503,18,1,3,0
1069,133625,9725,9133,1.483917236328125,1.393585205078125,1.483917236328125,1.393585205078125,,,133628,18,1,3,0
1070,133750,9649,9041,1.472320556640625,1.379547119140625,1.472320556640625,1.379547119140625,,,133753,18,1,3,0
1071,133875,9573,8953,1.460723876953125,1.366119384765625,1.460723876953125,1.366119384765625,,,133878,18,1,3,0
1072,134000,9497,8868,1.449127197265625,1.3531494140625,1.449127197265625,1.3531494140625,,,134003,18,1,3,0
1073,134125,9421,8788,1.437530517578125,1.3409423828125,1.437530517578125,1.3409423828125,,,134128,18,1,3,0
1074,134250,9347,8713,1.426239013671875,1.329498291015625,1.426239013671875,1.329498291015625,,,134253,18,1,3,0
1075,134375,9274,8642,1.41510009765625,1.31866455078125,1.41510009765625,1.31866455078125,,,134378,18,1,3,0
1076,134500,9202,8578,1.40411376953125,1.30889892578125,1.40411376953125,1.30889892578125,,,134503,18,1,3,0
1077,134625,9132,8519,1.3934326171875,1.299896240234375,1.3934326171875,1.299896240234375,,,134628,18,1,3,0
1078,134750,9064,8467,1.383056640625,1.291961669921875,1.383056640625,1.291961669921875,,,134753,18,1,3,0
1079,134875,8997,8421,1.372833251953125,1.284942626953125,1.372833251953125,1.284942626953125,,,134878,18,1,3,0
1080,135000,8933,8382,1.363067626953125,1.27899169921875,1.363067626953125,1.27899169921875,,,135003,18,1,3,0
1081,135125,8872,8350,1.353759765625,1.27410888671875,1.353759765625,1.27410888671875,,,135128,18,1,3,0
1082,135250,8813,8325,1.344757080078125,1.270294189453125,1.344757080078125,1.270294189453125,,,135253,18,1,3,0
1083,135375,8756,8307,1.3360595703125,1.267547607421875,1.3360595703125,1.267547607421875,,,135378,18,1,3,0
1084,135500,8703,8297,1.327972412109375,1.266021728515625,1.327972412109375,1.266021728515625,,,135503,18,1,3,0
1085,135625,8653,8294,1.320343017578125,1.26556396484375,1.320343017578125,1.26556396484375,,,135628,18,1,3,0
1086,135750,8606,8299,1.31317138671875,1.266326904296875,1.31317138671875,1.266326904296875,,,135753,18,1,3,0
1087,135875,8563,8311,1.306610107421875,1.268157958984375,1.306610107421875,1.268157958984375,,,135878,18,1,3,0
1088,136000,8523,8331,1.300506591796875,1.271209716796875,1.300506591796875,1.271209716796875,,,136003,18,1,3,0
1089,136125,8487,8358,1.295013427734375,1.27532958984375,1.295013427734375,1.27532958984375,,,136128,18,1,3,0
1090,136250,8455,8392,1.290130615234375,1.280517578125,1.290130615234375,1.280517578125,,,136253,18,1,3,0
1091,136375,8427,8433,1.285858154296875,1.286773681640625,1.285858154296875,1.286773681640625,,,136378,18,1,3,0
1092,136500,8402,8481,1.28204345703125,1.294097900390625,1.28204345703125,1.294097900390625,,,136503,18,1,3,0
1093,136625,8382,8535,1.27899169921875,1.302337646484375,1.27899169921875,1.302337646484375,,,136628,18,1,3,0
1094,136750,8366,8596,1.27655029296875,1.3116455078125,1.27655029296875,1.3116455078125,,,136753,18,1,3,0
1095,136875,8355,8663,1.274871826171875,1.321868896484375,1.274871826171875,1.321868896484375,,,136878,18,1,3,0
1096,137000,8347,8735,1.273651123046875,1.332855224609375,1.273651123046875,1.332855224609375,,,137003,18,1,3,0
1097,137125,8344,8813,1.273193359375,1.344757080078125,1.273193359375,1.344757080078125,,,137128,18,1,3,0
1098,137250,8345,8895,1.273345947265625,1.357269287109375,1.273345947265625,1.357269287109375,,,137253,18,1,3,0
1099,137375,8351,8982,1.274261474609375,1.37054443359375,1.274261474609375,1.37054443359375,,,137378,18,1,3,0
1100,137500,8361,9073,1.275787353515625,1.384429931640625,1.275787353515625,1.384429931640625,,,137503,18,1,3,0
1101,137625,8375,9167,1.277923583984375,1.398773193359375,1.277923583984375,1.398773193359375,,,137628,18,1,3,0
1102,137750,8394,9264,1.28082275390625,1.41357421875,1.28082275390625,1.41357421875,,,137753,18,1,3,0
1103,137875,8417,9364,1.284332275390625,1.4288330078125,1.284332275390625,1.4288330078125,,,137878,18,1,3,0
1104,138000,8444,9466,1.2884521484375,1.44439697265625,1.2884521484375,1.44439697265625,,,138003,18,1,3,0
1105,138125,8475,9569,1.293182373046875,1.460113525390625,1.293182373046875,1.460113525390625,,,138128,18,1,3,0
1106,138250,8510,9673,1.29852294921875,1.475982666015625,1.29852294921875,1.475982666015625,,,138253,18,1,3,0
1107,138375,8549,9778,1.304473876953125,1.49200439453125,1.304473876953125,1.49200439453125,,,138378,18,1,3,0
1108,138500,8591,9882,1.310882568359375,1.50787353515625,1.310882568359375,1.50787353515625,,,138503,18,1,3,0
1109,138625,8638,9986,1.31805419921875,1.52374267578125,1.31805419921875,1.52374267578125,,,138628,18,1,3,0
1110,138750,8688,10088,1.32568359375,1.539306640625,1.32568359375,1.539306640625,,,138753,18,1,3,0
1111,138875,8741,10189,1.333770751953125,1.554718017578125,1.333770751953125,1.554718017578125,,,138878,18,1,3,0
1112,139000,8798,10287,1.34246826171875,1.569671630859375,1.34246826171875,1.569671630859375,,,139003,18,1,3,0
1113,139125,8858,10383,1.35162353515625,1.584320068359375,1.35162353515625,1.584320068359375,,,139128,18,1,3,0
1114,139250,8920,10475,1.361083984375,1.598358154296875,1.361083984375,1.598358154296875,,,139253,18,1,3,0
1115,139375,8986,10564,1.37115478515625,1.6119384765625,1.37115478515625,1.6119384765625,,,139378,18,1,3,0
1116,139500,9054,10648,1.38153076171875,1.624755859375,1.38153076171875,1.624755859375,,,139503,18,1,3,0
1117,139625,9124,10728,1.3922119140625,1.636962890625,1.3922119140625,1.636962890625,,,139628,18,1,3,0
1118,139750,9197,10803,1.403350830078125,1.648406982421875,1.403350830078125,1.648406982421875,,,139753,18,1,3,0
1119,139875,9271,10873,1.414642333984375,1.659088134765625,1.414642333984375,1.659088134765625,,,139878,18,1,3,0
1120,140000,9347,10937,1.426239013671875,1.668853759765625,1.426239013671875,1.668853759765625,,,140003,18,1,3,0
1121,140125,9425,10994,1.438140869140625,1.67755126953125,1.438140869140625,1.67755126953125,,,140128,18,1,3,0
1122,140250,9504,11046,1.4501953125,1.68548583984375,1.4501953125,1.68548583984375,,,140253,18,1,3,0
1123,140375,9584,11091,1.46240234375,1.692352294921875,1.46240234375,1.692352294921875,,,140378,18,1,3,0
1124,140500,9665,11129,1.474761962890625,1.698150634765625,1.474761962890625,1.698150634765625,,,140503,18,1,3,0
1125,140625,9746,11160,1.48712158203125,1.702880859375,1.48712158203125,1.702880859375,,,140628,18,1,3,0
1126,140750,9828,11184,1.4996337890625,1.70654296875,1.4996337890625,1.70654296875,,,140753,18,1,3,0
1127,140875,9910,11201,1.51214599609375,1.709136962890625,1.51214599609375,1.709136962890625,,,140878,18,1,3,0
1128,141000,9991,11211,1.524505615234375,1.710662841796875,1.524505615234375,1.710662841796875,,,141003,18,1,3,0
1129,141125,10073,11214,1.537017822265625,1.71112060546875,1.537017822265625,1.71112060546875,,,141128,18,1,3,0
1130,141250,10153,11209,1.549224853515625,1.710357666015625,1.549224853515625,1.710357666015625,,,141253,18,1,3,0
1131,141375,10233,11197,1.561431884765625,1.708526611328125,1.561431884765625,1.708526611328125,,,141378,18,1,3,0
1132,141500,10312,11178,1.573486328125,1.70562744140625,1.573486328125,1.70562744140625,,,141503,18,1,3,0
1133,141625,10389,11152,1.585235595703125,1.70166015625,1.585235595703125,1.70166015625,,,141628,18,1,3,0
1134,141750,10465,11119,1.596832275390625,1.696624755859375,1.596832275390625,1.696624755859375,,,141753,18,1,3,0
1135,141875,10539,11080,1.608123779296875,1.690673828125,1.608123779296875,1.690673828125,,,141878,18,1,3,0
1136,142000,10611,11035,1.619110107421875,1.683807373046875,1.619110107421875,1.683807373046875,,,142003,18,1,3,0
1137,142125,10680,10983,1.629638671875,1.675872802734375,1.629638671875,1.675872802734375,,,142128,18,1,3,0
1138,142250,10748,10926,1.6400146484375,1.66717529296875,1.6400146484375,1.66717529296875,,,142253,18,1,3,0
1139,142375,10812,10863,1.6497802734375,1.657562255859375,1.6497802734375,1.657562255859375,,,142378,18,1,3,0
1140,142500,10874,10795,1.65924072265625,1.647186279296875,1.65924072265625,1.647186279296875,,,142503,18,1,3,0
1141,142625,10933,10723,1.668243408203125,1.636199951171875,1.668243408203125,1.636199951171875,,,142628,18,1,3,0
1142,142750,10989,10647,1.676788330078125,1.624603271484375,1.676788330078125,1.624603271484375,,,142753,18,1,3,0
1143,142875,11041,10566,1.684722900390625,1.61224365234375,1.684722900390625,1.61224365234375,,,142878,18,1,3,0
1144,143000,11090,10483,1.69219970703125,1.599578857421875,1.69219970703125,1.599578857421875,,,143003,18,1,3,0
1145,143125,11135,10396,1.699066162109375,1.5863037109375,1.699066162109375,1.5863037109375,,,143128,18,1,3,0
1146,143250,11177,10307,1.705474853515625,1.572723388671875,1.705474853515625,1.572723388671875,,,143253,18,1,3,0
1147,143375,11215,10217,1.711273193359375,1.558990478515625,1.711273193359375,1.558990478515625,,,143378,18,1,3,0
1148,143500,11248,10125,1.71630859375,1.544952392578125,1.71630859375,1.544952392578125,,,143503,18,1,3,0
1149,143625,11278,10032,1.72088623046875,1.53076171875,1.72088623046875,1.53076171875,,,143628,18,1,3,0
1150,143750,11303,9939,1.724700927734375,1.516571044921875,1.724700927734375,1.516571044921875,,,143753,18,1,3,0
1151,143875,11324,9846,1.7279052734375,1.50238037109375,1.7279052734375,1.50238037109375,,,143878,18,1,3,0
1152,144000,11341,9754,1.730499267578125,1.48834228515625,1.730499267578125,1.48834228515625,,,144003,18,1,3,0
1153,144125,11354,9663,1.73248291015625,1.474456787109375,1.73248291015625,1.474456787109375,,,144128,18,1,3,0
1154,144250,11362,9574,1.73370361328125,1.46087646484375,1.73370361328125,1.46087646484375,,,144253,18,1,3,0
1155,144375,11366,9487,1.73431396484375,1.447601318359375,1.73431396484375,1.447601318359375,,,144378,18,1,3,0
1156,144500,11365,9403,1.734161376953125,1.434783935546875,1.734161376953125,1.434783935546875,,,144503,18,1,3,0
1157,144625,11360,9323,1.7333984375,1.422576904296875,1.7333984375,1.422576904296875,,,144628,18,1,3,0
1158,144750,11350,9245,1.73187255859375,1.410675048828125,1.73187255859375,1.410675048828125,,,144753,18,1,3,0
1159,144875,11336,9172,1.729736328125,1.3995361328125,1.729736328125,1.3995361328125,,,144878,18,1,3,0
1160,145000,11318,9104,1.72698974609375,1.38916015625,1.72698974609375,1.38916015625,,,145003,18,1,3,0
1161,145125,11295,9040,1.723480224609375,1.37939453125,1.723480224609375,1.37939453125,,,145128,18,1,3,0
1162,145250,11269,8981,1.719512939453125,1.370391845703125,1.719512939453125,1.370391845703125,,,145253,18,1,3,0
1163,145375,11238,8928,1.71478271484375,1.3623046875,1.71478271484375,1.3623046875,,,145378,18,1,3,0
1164,145500,11203,8881,1.709442138671875,1.355133056640625,1.709442138671875,1.355133056640625,,,145503,18,1,3,0
1165,145625,11164,8840,1.7034912109375,1.348876953125,1.7034912109375,1.348876953125,,,145628,18,1,3,0
1166,145750,11122,8805,1.69708251953125,1.343536376953125,1.69708251953125,1.343536376953125,,,145753,18,1,3,0
1167,145875,11076,8777,1.6900634765625,1.339263916015625,1.6900634765625,1.339263916015625,,,145878,18,1,3,0
1168,146000,11026,8755,1.68243408203125,1.335906982421875,1.68243408203125,1.335906982421875,,,146003,18,1,3,0
1169,146125,10973,8740,1.674346923828125,1.3336181640625,1.674346923828125,1.3336181640625,,,146128,18,1,3,0
1170,146250,10916,8731,1.6656494140625,1.332244873046875,1.6656494140625,1.332244873046875,,,146253,18,1,3,0
1171,146375,10857,8730,1.656646728515625,1.33209228515625,1.656646728515625,1.33209228515625,,,146378,18,1,3,0
1172,146500,10795,8735,1.647186279296875,1.332855224609375,1.647186279296875,1.332855224609375,,,146503,18,1,3,0
1173,146625,10730,8747,1.63726806640625,1.334686279296875,1.63726806640625,1.334686279296875,,,146628,18,1,3,0
1174,146750,10662,8766,1.62689208984375,1.33758544921875,1.62689208984375,1.33758544921875,,,146753,18,1,3,0
1175,146875,10593,8791,1.616363525390625,1.341400146484375,1.616363525390625,1.341400146484375,,,146878,18,1,3,0
1176,147000,10521,8823,1.605377197265625,1.346282958984375,1.605377197265625,1.346282958984375,,,147003,18,1,3,0
1177,147125,10447,8860,1.594085693359375,1.3519287109375,1.594085693359375,1.3519287109375,,,147128,18,1,3,0
1178,147250,10372,8904,1.5826416015625,1.358642578125,1.5826416015625,1.358642578125,,,147253,18,1,3,0
1179,147375,10295,8954,1.570892333984375,1.36627197265625,1.570892333984375,1.36627197265625,,,147378,18,1,3,0
1180,147500,10217,9009,1.558990478515625,1.374664306640625,1.558990478515625,1.374664306640625,,,147503,18,1,3,0
1181,147625,10139,9069,1.547088623046875,1.383819580078125,1.547088623046875,1.383819580078125,,,147628,18,1,3,0
1182,147750,10059,9134,1.534881591796875,1.39373779296875,1.534881591796875,1.39373779296875,,,147753,18,1,3,0
1183,147875,9979,9203,1.522674560546875,1.404266357421875,1.522674560546875,1.404266357421875,,,147878,18,1,3,0
1184,148000,9899,9276,1.510467529296875,1.4154052734375,1.510467529296875,1.4154052734375,,,148003,18,1,3,0
1185,148125,9819,9353,1.498260498046875,1.427154541015625,1.498260498046875,1.427154541015625,,,148128,18,1,3,0
1186,148250,9739,9433,1.486053466796875,1.439361572265625,1.486053466796875,1.439361572265625,,,148253,18,1,3,0
1187,148375,9659,9515,1.473846435546875,1.451873779296875,1.473846435546875,1.451873779296875,,,148378,18,1,3,0
1188,148500,9580,9600,1.4617919921875,1.46484375,1.4617919921875,1.46484375,,,148503,18,1,3,0
1189,148625,9502,9686,1.44989013671875,1.47796630859375,1.44989013671875,1.47796630859375,,,148628,18,1,3,0
1190,148750,9426,9774,1.43829345703125,1.49139404296875,1.43829345703125,1.49139404296875,,,148753,18,1,3,0
1191,148875,9350,9862,1.42669677734375,1.50482177734375,1.42669677734375,1.50482177734375,,,148878,18,1,3,0
1192,149000,9277,9950,1.415557861328125,1.51824951171875,1.415557861328125,1.51824951171875,,,149003,18,1,3,0
1193,149125,9205,10038,1.404571533203125,1.53167724609375,1.404571533203125,1.53167724609375,,,149128,18,1,3,0
1194,149250,9135,10125,1.393890380859375,1.544952392578125,1.393890380859375,1.544952392578125,,,149253,18,1,3,0
1195,149375,9067,10211,1.383514404296875,1.558074951171875,1.383514404296875,1.558074951171875,,,149378,18,1,3,0
1196,149500,9002,10294,1.37359619140625,1.57073974609375,1.37359619140625,1.57073974609375,,,149503,18,1,3,0
1197,149625,8940,10376,1.3641357421875,1.583251953125,1.3641357421875,1.583251953125,,,149628,18,1,3,0
1198,149750,8880,10454,1.35498046875,1.59515380859375,1.35498046875,1.59515380859375,,,149753,18,1,3,0
1199,149875,8823,10529,1.346282958984375,1.606597900390625,1.346282958984375,1.606597900390625,,,149878,18,1,3,0
1200,150000,8770,10600,1.33819580078125,1.617431640625,1.33819580078125,1.617431640625,,,150003,18,1,3,0
1201,150125,8719,10667,1.330413818359375,1.627655029296875,1.330413818359375,1.627655029296875,,,150128,18,1,3,0
1202,150250,8672,10730,1.3232421875,1.63726806640625,1.3232421875,1.63726806640625,,,150253,18,1,3,0
1203,150375,8629,10787,1.316680908203125,1.645965576171875,1.316680908203125,1.645965576171875,,,150378,18,1,3,0
1204,150500,8589,10840,1.310577392578125,1.654052734375,1.310577392578125,1.654052734375,,,150503,18,1,3,0
1205,150625,8554,10886,1.30523681640625,1.66107177734375,1.30523681640625,1.66107177734375,,,150628,18,1,3,0
1206,150750,8522,10927,1.30035400390625,1.667327880859375,1.30035400390625,1.667327880859375,,,150753,18,1,3,0
1207,150875,8494,10961,1.29608154296875,1.672515869140625,1.29608154296875,1.672515869140625,,,150878,18,1,3,0
1208,151000,8470,10989,1.29241943359375,1.676788330078125,1.29241943359375,1.676788330078125,,,151003,18,1,3,0
1209,151125,8450,11011,1.28936767578125,1.680145263671875,1.28936767578125,1.680145263671875,,,151128,18,1,3,0
1210,151250,8435,11026,1.287078857421875,1.68243408203125,1.287078857421875,1.68243408203125,,,151253,18,1,3,0
1211,151375,8423,11033,1.285247802734375,1.683502197265625,1.285247802734375,1.683502197265625,,,151378,18,1,3,0
1212,151500,8416,11034,1.2841796875,1.68365478515625,1.2841796875,1.68365478515625,,,151503,18,1,3,0
1213,151625,8413,11028,1.283721923828125,1.6827392578125,1.283721923828125,1.6827392578125,,,151628,18,1,3,0
1214,151750,8415,11015,1.284027099609375,1.680755615234375,1.284027099609375,1.680755615234375,,,151753,18,1,3,0
1215,151875,8420,10995,1.2847900390625,1.677703857421875,1.2847900390625,1.677703857421875,,,151878,18,1,3,0
1216,152000,8430,10969,1.28631591796875,1.673736572265625,1.28631591796875,1.673736572265625,,,152003,18,1,3,0
1217,152125,8444,10935,1.2884521484375,1.668548583984375,1.2884521484375,1.668548583984375,,,152128,18,1,3,0
1218,152250,8461,10895,1.291046142578125,1.662445068359375,1.291046142578125,1.662445068359375,,,152253,18,1,3,0
1219,152375,8483,10849,1.294403076171875,1.655426025390625,1.294403076171875,1.655426025390625,,,152378,18,1,3,0
1220,152500,8509,10796,1.298370361328125,1.6473388671875,1.298370361328125,1.6473388671875,,,152503,18,1,3,0
1221,152625,8539,10737,1.302947998046875,1.638336181640625,1.302947998046875,1.638336181640625,,,152628,18,1,3,0
1222,152750,8573,10673,1.308135986328125,1.628570556640625,1.308135986328125,1.628570556640625,,,152753,18,1,3,0
1223,152875,8610,10604,1.31378173828125,1.6180419921875,1.31378173828125,1.6180419921875,,,152878,18,1,3,0
1224,153000,8650,10530,1.31988525390625,1.60675048828125,1.31988525390625,1.60675048828125,,,153003,18,1,3,0
1225,153125,8694,10451,1.32659912109375,1.594696044921875,1.32659912109375,1.594696044921875,,,153128,18,1,3,0
1226,153250,8742,10368,1.33392333984375,1.58203125,1.33392333984375,1.58203125,,,153253,18,1,3,0
1227,153375,8792,10281,1.341552734375,1.568756103515625,1.341552734375,1.568756103515625,,,153378,18,1,3,0
1228,153500,8845,10191,1.349639892578125,1.555023193359375,1.349639892578125,1.555023193359375,,,153503,18,1,3,0
1229,153625,8901,10098,1.358184814453125,1.54083251953125,1.358184814453125,1.54083251953125,,,153628,18,1,3,0
1230,153750,8960,10003,1.3671875,1.526336669921875,1.3671875,1.526336669921875,,,153753,18,1,3,0
1231,153875,9021,9907,1.376495361328125,1.511688232421875,1.376495361328125,1.511688232421875,,,153878,18,1,3,0
1232,154000,9084,9809,1.3861083984375,1.496734619140625,1.3861083984375,1.496734619140625,,,154003,18,1,3,0
1233,154125,9149,9710,1.396026611328125,1.48162841796875,1.396026611328125,1.48162841796875,,,154128,18,1,3,0
1234,154250,9216,9611,1.40625,1.466522216796875,1.40625,1.466522216796875,,,154253,18,1,3,0
1235,154375,9284,9512,1.4166259765625,1.451416015625,1.4166259765625,1.451416015625,,,154378,18,1,3,0
1236,154500,9354,9415,1.42730712890625,1.436614990234375,1.42730712890625,1.436614990234375,,,154503,18,1,3,0
1237,154625,9425,9318,1.438140869140625,1.42181396484375,1.438140869140625,1.42181396484375,,,154628,18,1,3,0
1238,154750,9496,9224,1.448974609375,1.407470703125,1.448974609375,1.407470703125,,,154753,18,1,3,0
1239,154875,9569,9132,1.460113525390625,1.3934326171875,1.460113525390625,1.3934326171875,,,154878,18,1,3,0
1240,155000,9642,9042,1.47125244140625,1.37969970703125,1.47125244140625,1.37969970703125,,,155003,18,1,3,0
1241,155125,9715,8957,1.482391357421875,1.366729736328125,1.482391357421875,1.366729736328125,,,155128,18,1,3,0
1242,155250,9788,8875,1.4935302734375,1.354217529296875,1.4935302734375,1.354217529296875,,,155253,18,1,3,0
1243,155375,9861,8797,1.504669189453125,1.342315673828125,1.504669189453125,1.342315673828125,,,155378,18,1,3,0
1244,155500,9933,8724,1.515655517578125,1.3311767578125,1.515655517578125,1.3311767578125,,,155503,18,1,3,0
1245,155625,10005,8657,1.526641845703125,1.320953369140625,1.526641845703125,1.320953369140625,,,155628,18,1,3,0
1246,155750,10076,8594,1.5374755859375,1.31134033203125,1.5374755859375,1.31134033203125,,,155753,18,1,3,0
1247,155875,10146,8538,1.54815673828125,1.30279541015625,1.54815673828125,1.30279541015625,,,155878,18,1,3,0
1248,156000,10214,8488,1.55853271484375,1.295166015625,1.55853271484375,1.295166015625,,,156003,18,1,3,0
1249,156125,10281,8444,1.568756103515625,1.2884521484375,1.568756103515625,1.2884521484375,,,156128,18,1,3,0
1250,156250,10346,8407,1.57867431640625,1.282806396484375,1.57867431640625,1.282806396484375,,,156253,18,1,3,0
1251,156375,10409,8377,1.588287353515625,1.278228759765625,1.588287353515625,1.278228759765625,,,156378,18,1,3,0
1252,156500,10470,8354,1.59759521484375,1.27471923828125,1.59759521484375,1.27471923828125,,,156503,18,1,3,0
1253,156625,10529,8338,1.606597900390625,1.27227783203125,1.606597900390625,1.27227783203125,,,156628,18,1,3,0
1254,156750,10586,8330,1.61529541015625,1.27105712890625,1.61529541015625,1.27105712890625,,,156753,18,1,3,0
1255,156875,10639,8329,1.623382568359375,1.270904541015625,1.623382568359375,1.270904541015625,,,156878,18,1,3,0
1256,157000,10690,8335,1.63116455078125,1.271820068359375,1.63116455078125,1.271820068359375,,,157003,18,1,3,0
1257,157125,10738,8349,1.63848876953125,1.273956298828125,1.63848876953125,1.273956298828125,,,157128,18,1,3,0
1258,157250,10783,8370,1.645355224609375,1.27716064453125,1.645355224609375,1.27716064453125,,,157253,18,1,3,0
1259,157375,10824,8399,1.651611328125,1.281585693359375,1.651611328125,1.281585693359375,,,157378,18,1,3,0
1260,157500,10862,8434,1.65740966796875,1.28692626953125,1.65740966796875,1.28692626953125,,,157503,18,1,3,0
1261,157625,10897,8477,1.662750244140625,1.293487548828125,1.662750244140625,1.293487548828125,,,157628,18,1,3,0
1262,157750,10928,8526,1.66748046875,1.30096435546875,1.66748046875,1.30096435546875,,,157753,18,1,3,0
1263,157875,10956,8582,1.6717529296875,1.30950927734375,1.6717529296875,1.30950927734375,,,157878,18,1,3,0
1264,158000,10979,8644,1.675262451171875,1.3189697265625,1.675262451171875,1.3189697265625,,,158003,18,1,3,0
1265,158125,10999,8713,1.678314208984375,1.329498291015625,1.678314208984375,1.329498291015625,,,158128,18,1,3,0
1266,158250,11016,8786,1.680908203125,1.34063720703125,1.680908203125,1.34063720703125,,,158253,18,1,3,0
1267,158375,11028,8865,1.6827392578125,1.352691650390625,1.6827392578125,1.352691650390625,,,158378,18,1,3,0
1268,158500,11036,8949,1.6839599609375,1.365509033203125,1.6839599609375,1.365509033203125,,,158503,18,1,3,0
1269,158625,11041,9037,1.684722900390625,1.378936767578125,1.684722900390625,1.378936767578125,,,158628,18,1,3,0
1270,158750,11041,9129,1.684722900390625,1.392974853515625,1.684722900390625,1.392974853515625,,,158753,18,1,3,0
1271,158875,11038,9224,1.68426513671875,1.407470703125,1.68426513671875,1.407470703125,,,158878,18,1,3,0
1272,159000,11031,9323,1.683197021484375,1.422576904296875,1.683197021484375,1.422576904296875,,,159003,18,1,3,0
1273,159125,11020,9424,1.6815185546875,1.43798828125,1.6815185546875,1.43798828125,,,159128,18,1,3,0
1274,159250,11005,9527,1.679229736328125,1.453704833984375,1.679229736328125,1.453704833984375,,,159253,18,1,3,0
1275,159375,10986,9631,1.67633056640625,1.469573974609375,1.67633056640625,1.469573974609375,,,159378,18,1,3,0
1276,159500,10964,9736,1.6729736328125,1.485595703125,1.6729736328125,1.485595703125,,,159503,18,1,3,0
1277,159625,10938,9842,1.66900634765625,1.50177001953125,1.66900634765625,1.50177001953125,,,159628,18,1,3,0
1278,159750,10909,9948,1.664581298828125,1.5179443359375,1.664581298828125,1.5179443359375,,,159753,18,1,3,0
1279,159875,10876,10052,1.6595458984375,1.5338134765625,1.6595458984375,1.5338134765625,,,159878,18,1,3,0
1280,160000,10840,10156,1.654052734375,1.5496826171875,1.654052734375,1.5496826171875,,,160003,18,1,3,0
1281,160125,10801,10258,1.648101806640625,1.56524658203125,1.648101806640625,1.56524658203125,,,160128,18,1,3,0
1282,160250,10759,10357,1.641693115234375,1.580352783203125,1.641693115234375,1.580352783203125,,,160253,18,1,3,0
1283,160375,10714,10454,1.63482666015625,1.59515380859375,1.63482666015625,1.59515380859375,,,160378,18,1,3,0
1284,160500,10666,10547,1.62750244140625,1.609344482421875,1.62750244140625,1.609344482421875,,,160503,18,1,3,0
1285,160625,10616,10637,1.619873046875,1.623077392578125,1.619873046875,1.623077392578125,,,160628,18,1,3,0
1286,160750,10563,10722,1.611785888671875,1.63604736328125,1.611785888671875,1.63604736328125,,,160753,18,1,3,0
1287,160875,10508,10803,1.6033935546875,1.648406982421875,1.6033935546875,1.648406982421875,,,160878,18,1,3,0
1288,161000,10451,10879,1.594696044921875,1.660003662109375,1.594696044921875,1.660003662109375,,,161003,18,1,3,0
1289,161125,10393,10949,1.585845947265625,1.670684814453125,1.585845947265625,1.670684814453125,,,161128,18,1,3,0
1290,161250,10332,11013,1.5765380859375,1.680450439453125,1.5765380859375,1.680450439453125,,,161253,18,1,3,0
1291,161375,10271,11072,1.567230224609375,1.689453125,1.567230224609375,1.689453125,,,161378,18,1,3,0
1292,161500,10208,11123,1.5576171875,1.697235107421875,1.5576171875,1.697235107421875,,,161503,18,1,3,0
1293,161625,10144,11169,1.5478515625,1.704254150390625,1.5478515625,1.704254150390625,,,161628,18,1,3,0
1294,161750,10079,11207,1.537933349609375,1.710052490234375,1.537933349609375,1.710052490234375,,,161753,18,1,3,0
1295,161875,10014,11239,1.52801513671875,1.714935302734375,1.52801513671875,1.714935302734375,,,161878,18,1,3,0
1296,162000,9948,11263,1.5179443359375,1.718597412109375,1.5179443359375,1.718597412109375,,,162003,18,1,3,0
1297,162125,9882,11280,1.50787353515625,1.72119140625,1.50787353515625,1.72119140625,,,162128,18,1,3,0
1298,162250,9817,11290,1.497955322265625,1.72271728515625,1.497955322265625,1.72271728515625,,,162253,18,1,3,0
1299,162375,9751,11292,1.487884521484375,1.7230224609375,1.487884521484375,1.7230224609375,,,162378,18,1,3,0
1300,162500,9686,11287,1.47796630859375,1.722259521484375,1.47796630859375,1.722259521484375,,,162503,18,1,3,0
1301,162625,9622,11274,1.46820068359375,1.72027587890625,1.46820068359375,1.72027587890625,,,162628,18,1,3,0
1302,162750,9558,11255,1.45843505859375,1.717376708984375,1.45843505859375,1.717376708984375,,,162753,18,1,3,0
1303,162875,9496,11228,1.448974609375,1.7132568359375,1.448974609375,1.7132568359375,,,162878,18,1,3,0
1304,163000,9435,11194,1.439666748046875,1.70806884765625,1.439666748046875,1.70806884765625,,,163003,18,1,3,0
1305,163125,9376,11154,1.4306640625,1.70196533203125,1.4306640625,1.70196533203125,,,163128,18,1,3,0
1306,163250,9318,11107,1.42181396484375,1.694793701171875,1.42181396484375,1.694793701171875,,,163253,18,1,3,0
1307,163375,9262,11054,1.41326904296875,1.68670654296875,1.41326904296875,1.68670654296875,,,163378,18,1,3,0
1308,163500,9208,10995,1.405029296875,1.677703857421875,1.405029296875,1.677703857421875,,,163503,18,1,3,0
1309,163625,9157,10931,1.397247314453125,1.667938232421875,1.397247314453125,1.667938232421875,,,163628,18,1,3,0
1310,163750,9108,10861,1.3897705078125,1.657257080078125,1.3897705078125,1.657257080078125,,,163753,18,1,3,0
1311,163875,9061,10787,1.382598876953125,1.645965576171875,1.382598876953125,1.645965576171875,,,163878,18,1,3,0
1312,164000,9017,10708,1.375885009765625,1.6339111328125,1.375885009765625,1.6339111328125,,,164003,18,1,3,0
1313,164125,8977,10625,1.369781494140625,1.621246337890625,1.369781494140625,1.621246337890625,,,164128,18,1,3,0
1314,164250,8939,10539,1.363983154296875,1.608123779296875,1.363983154296875,1.608123779296875,,,164253,18,1,3,0
1315,164375,8904,10450,1.358642578125,1.59454345703125,1.358642578125,1.59454345703125,,,164378,18,1,3,0
1316,164500,8872,10358,1.353759765625,1.58050537109375,1.353759765625,1.58050537109375,,,164503,18,1,3,0
1317,164625,8844,10265,1.3494873046875,1.566314697265625,1.3494873046875,1.566314697265625,,,164628,18,1,3,0
1318,164750,8819,10170,1.345672607421875,1.55181884765625,1.345672607421875,1.55181884765625,,,164753,18,1,3,0
1319,164875,8798,10074,1.34246826171875,1.53717041015625,1.34246826171875,1.53717041015625,,,164878,18,1,3,0
1320,165000,8780,9977,1.3397216796875,1.522369384765625,1.3397216796875,1.522369384765625,,,165003,18,1,3,0
1321,165125,8766,9881,1.33758544921875,1.507720947265625,1.33758544921875,1.507720947265625,,,165128,18,1,3,0
1322,165250,8756,9785,1.3360595703125,1.493072509765625,1.3360595703125,1.493072509765625,,,165253,18,1,3,0
1323,165375,8749,9690,1.334991455078125,1.47857666015625,1.334991455078125,1.47857666015625,,,165378,18,1,3,0
1324,165500,8746,9597,1.33453369140625,1.464385986328125,1.33453369140625,1.464385986328125,,,165503,18,1,3,0
1325,165625,8746,9506,1.33453369140625,1.45050048828125,1.33453369140625,1.45050048828125,,,165628,18,1,3,0
1326,165750,8751,9418,1.335296630859375,1.43707275390625,1.335296630859375,1.43707275390625,,,165753,18,1,3,0
1327,165875,8759,9333,1.336517333984375,1.424102783203125,1.336517333984375,1.424102783203125,,,165878,18,1,3,0
1328,166000,8771,9251,1.338348388671875,1.411590576171875,1.338348388671875,1.411590576171875,,,166003,18,1,3,0
1329,166125,8786,9174,1.34063720703125,1.39984130859375,1.34063720703125,1.39984130859375,,,166128,18,1,3,0
1330,166250,8805,9101,1.343536376953125,1.388702392578125,1.343536376953125,1.388702392578125,,,166253,18,1,3,0
1331,166375,8828,9032,1.3470458984375,1.378173828125,1.3470458984375,1.378173828125,,,166378,18,1,3,0
1332,166500,8854,8969,1.35101318359375,1.368560791015625,1.35101318359375,1.368560791015625,,,166503,18,1,3,0
1333,166625,8883,8911,1.355438232421875,1.359710693359375,1.355438232421875,1.359710693359375,,,166628,18,1,3,0
1334,166750,8916,8859,1.3604736328125,1.351776123046875,1.3604736328125,1.351776123046875,,,166753,18,1,3,0
1335,166875,8951,8814,1.365814208984375,1.34490966796875,1.365814208984375,1.34490966796875,,,166878,18,1,3,0
1336,167000,8990,8774,1.37176513671875,1.33880615234375,1.37176513671875,1.33880615234375,,,167003,18,1,3,0
1337,167125,9032,8741,1.378173828125,1.333770751953125,1.378173828125,1.333770751953125,,,167128,18,1,3,0
1338,167250,9076,8715,1.3848876953125,1.329803466796875,1.3848876953125,1.329803466796875,,,167253,18,1,3,0
1339,167375,9123,8695,1.392059326171875,1.326751708984375,1.392059326171875,1.326751708984375,,,167378,18,1,3,0
1340,167500,9173,8682,1.399688720703125,1.32476806640625,1.399688720703125,1.32476806640625,,,167503,18,1,3,0
1341,167625,9224,8676,1.407470703125,1.3238525390625,1.407470703125,1.3238525390625,,,167628,18,1,3,0
1342,167750,9278,8677,1.41571044921875,1.324005126953125,1.41571044921875,1.324005126953125,,,167753,18,1,3,0
1343,167875,9334,8685,1.42425537109375,1.325225830078125,1.42425537109375,1.325225830078125,,,167878,18,1,3,0
1344,168000,9392,8699,1.43310546875,1.327362060546875,1.43310546875,1.327362060546875,,,168003,18,1,3,0
1345,168125,9451,8721,1.442108154296875,1.330718994140625,1.442108154296875,1.330718994140625,,,168128,18,1,3,0
1346,168250,9512,8748,1.451416015625,1.3348388671875,1.451416015625,1.3348388671875,,,168253,18,1,3,0
1347,168375,9573,8783,1.460723876953125,1.340179443359375,1.460723876953125,1.340179443359375,,,168378,18,1,3,0
1348,168500,9636,8823,1.4703369140625,1.346282958984375,1.4703369140625,1.346282958984375,,,168503,18,1,3,0
1349,168625,9700,8869,1.4801025390625,1.353302001953125,1.4801025390625,1.353302001953125,,,168628,18,1,3,0
1350,168750,9764,8921,1.4898681640625,1.361236572265625,1.4898681640625,1.361236572265625,,,168753,18,1,3,0
1351,168875,9828,8978,1.4996337890625,1.36993408203125,1.4996337890625,1.36993408203125,,,168878,18,1,3,0
1352,169000,9893,9040,1.509552001953125,1.37939453125,1.509552001953125,1.37939453125,,,169003,18,1,3,0
1353,169125,9957,9107,1.519317626953125,1.389617919921875,1.519317626953125,1.389617919921875,,,169128,18,1,3,0
1354,169250,10021,9178,1.529083251953125,1.40045166015625,1.529083251953125,1.40045166015625,,,169253,18,1,3,0
1355,169375,10085,9252,1.538848876953125,1.4117431640625,1.538848876953125,1.4117431640625,,,169378,18,1,3,0
1356,169500,10148,9330,1.5484619140625,1.42364501953125,1.5484619140625,1.42364501953125,,,169503,18,1,3,0
1357,169625,10210,9411,1.55792236328125,1.436004638671875,1.55792236328125,1.436004638671875,,,169628,18,1,3,0
1358,169750,10271,9494,1.567230224609375,1.44866943359375,1.567230224609375,1.44866943359375,,,169753,18,1,3,0
1359,169875,10330,9579,1.57623291015625,1.461639404296875,1.57623291015625,1.461639404296875,,,169878,18,1,3,0
1360,170000,10388,9666,1.5850830078125,1.47491455078125,1.5850830078125,1.47491455078125,,,170003,18,1,3,0
1361,170125,10444,9753,1.5936279296875,1.488189697265625,1.5936279296875,1.488189697265625,,,170128,18,1,3,0
1362,170250,10499,9841,1.602020263671875,1.501617431640625,1.602020263671875,1.501617431640625,,,170253,18,1,3,0
1363,170375,10551,9928,1.609954833984375,1.514892578125,1.609954833984375,1.514892578125,,,170378,18,1,3,0
1364,170500,10601,10015,1.617584228515625,1.528167724609375,1.617584228515625,1.528167724609375,,,170503,18,1,3,0
1365,170625,10648,10101,1.624755859375,1.541290283203125,1.624755859375,1.541290283203125,,,170628,18,1,3,0
1366,170750,10693,10185,1.631622314453125,1.554107666015625,1.631622314453125,1.554107666015625,,,170753,18,1,3,0
1367,170875,10735,10267,1.638031005859375,1.566619873046875,1.638031005859375,1.566619873046875,,,170878,18,1,3,0
1368,171000,10774,10347,1.64398193359375,1.578826904296875,1.64398193359375,1.578826904296875,,,171003,18,1,3,0
1369,171125,10810,10423,1.64947509765625,1.590423583984375,1.64947509765625,1.590423583984375,,,171128,18,1,3,0
1370,171250,10843,10496,1.654510498046875,1.6015625,1.654510498046875,1.6015625,,,171253,18,1,3,0
1371,171375,10873,10565,1.659088134765625,1.612091064453125,1.659088134765625,1.612091064453125,,,171378,18,1,3,0
1372,171500,10899,10629,1.663055419921875,1.621856689453125,1.663055419921875,1.621856689453125,,,171503,18,1,3,0
1373,171625,10922,10689,1.66656494140625,1.631011962890625,1.66656494140625,1.631011962890625,,,171628,18,1,3,0
1374,171750,10941,10743,1.669464111328125,1.639251708984375,1.669464111328125,1.639251708984375,,,171753,18,1,3,0
1375,171875,10957,10792,1.671905517578125,1.646728515625,1.671905517578125,1.646728515625,,,171878,18,1,3,0
1376,172000,10969,10836,1.673736572265625,1.6534423828125,1.673736572265625,1.6534423828125,,,172003,18,1,3,0
1377,172125,10977,10873,1.674957275390625,1.659088134765625,1.674957275390625,1.659088134765625,,,172128,18,1,3,0
1378,172250,10981,10904,1.675567626953125,1.663818359375,1.675567626953125,1.663818359375,,,172253,18,1,3,0
1379,172375,10982,10929,1.67572021484375,1.667633056640625,1.67572021484375,1.667633056640625,,,172378,18,1,3,0
1380,172500,10978,10947,1.67510986328125,1.670379638671875,1.67510986328125,1.670379638671875,,,172503,18,1,3,0
1381,172625,10971,10958,1.674041748046875,1.67205810546875,1.674041748046875,1.67205810546875,,,172628,18,1,3,0
1382,172750,10960,10963,1.67236328125,1.672821044921875,1.67236328125,1.672821044921875,,,172753,18,1,3,0
1383,172875,10945,10960,1.670074462890625,1.67236328125,1.670074462890625,1.67236328125,,,172878,18,1,3,0
1384,173000,10927,10951,1.667327880859375,1.670989990234375,1.667327880859375,1.670989990234375,,,173003,18,1,3,0
1385,173125,10905,10935,1.663970947265625,1.668548583984375,1.663970947265625,1.668548583984375,,,173128,18,1,3,0
1386,173250,10879,10913,1.660003662109375,1.665191650390625,1.660003662109375,1.665191650390625,,,173253,18,1,3,0
1387,173375,10850,10883,1.65557861328125,1.660614013671875,1.65557861328125,1.660614013671875,,,173378,18,1,3,0
1388,173500,10817,10847,1.650543212890625,1.655120849609375,1.650543212890625,1.655120849609375,,,173503,18,1,3,0
1389,173625,10780,10805,1.6448974609375,1.648712158203125,1.6448974609375,1.648712158203125,,,173628,18,1,3,0
1390,173750,10741,10757,1.638946533203125,1.641387939453125,1.638946533203125,1.641387939453125,,,173753,18,1,3,0
1391,173875,10698,10702,1.63238525390625,1.63299560546875,1.63238525390625,1.63299560546875,,,173878,18,1,3,0
1392,174000,10652,10642,1.6253662109375,1.62384033203125,1.6253662109375,1.62384033203125,,,174003,18,1,3,0
1393,174125,10604,10577,1.6180419921875,1.613922119140625,1.6180419921875,1.613922119140625,,,174128,18,1,3,0
1394,174250,10552,10507,1.610107421875,1.603240966796875,1.610107421875,1.603240966796875,,,174253,18,1,3,0
1395,174375,10498,10432,1.60186767578125,1.591796875,1.60186767578125,1.591796875,,,174378,18,1,3,0
1396,174500,10442,10354,1.59332275390625,1.57989501953125,1.59332275390625,1.57989501953125,,,174503,18,1,3,0
1397,174625,10383,10271,1.584320068359375,1.567230224609375,1.584320068359375,1.567230224609375,,,174628,18,1,3,0
1398,174750,10323,10185,1.575164794921875,1.554107666015625,1.575164794921875,1.554107666015625,,,174753,18,1,3,0
1399,174875,10260,10097,1.5655517578125,1.540679931640625,1.5655517578125,1.540679931640625,,,174878,18,1,3,0
1400,175000,10196,10006,1.5557861328125,1.52679443359375,1.5557861328125,1.52679443359375,,,175003,18,1,3,0
1401,175125,10130,9913,1.54571533203125,1.512603759765625,1.54571533203125,1.512603759765625,,,175128,18,1,3,0
1402,175250,10063,9818,1.535491943359375,1.49810791015625,1.535491943359375,1.49810791015625,,,175253,18,1,3,0
1403,175375,9994,9723,1.52496337890625,1.483612060546875,1.52496337890625,1.483612060546875,,,175378,18,1,3,0
1404,175500,9925,9628,1.514434814453125,1.4691162109375,1.514434814453125,1.4691162109375,,,175503,18,1,3,0
1405,175625,9856,9533,1.50390625,1.454620361328125,1.50390625,1.454620361328125,,,175628,18,1,3,0
1406,175750,9785,9439,1.493072509765625,1.440277099609375,1.493072509765625,1.440277099609375,,,175753,18,1,3,0
1407,175875,9715,9345,1.482391357421875,1.425933837890625,1.482391357421875,1.425933837890625,,,175878,18,1,3,0
1408,176000,9645,9254,1.471710205078125,1.41204833984375,1.471710205078125,1.41204833984375,,,176003,18,1,3,0
1409,176125,9575,9165,1.461029052734375,1.398468017578125,1.461029052734375,1.398468017578125,,,176128,18,1,3,0
1410,176250,9505,9079,1.450347900390625,1.385345458984375,1.450347900390625,1.385345458984375,,,176253,18,1,3,0
1411,176375,9436,8996,1.4398193359375,1.3726806640625,1.4398193359375,1.3726806640625,,,176378,18,1,3,0
1412,176500,9368,8916,1.429443359375,1.3604736328125,1.429443359375,1.3604736328125,,,176503,18,1,3,0
1413,176625,9301,8841,1.419219970703125,1.349029541015625,1.419219970703125,1.349029541015625,,,176628,18,1,3,0
1414,176750,9235,8771,1.409149169921875,1.338348388671875,1.409149169921875,1.338348388671875,,,176753,18,1,3,0
1415,176875,9171,8705,1.399383544921875,1.328277587890625,1.399383544921875,1.328277587890625,,,176878,18,1,3,0
1416,177000,9109,8645,1.389923095703125,1.319122314453125,1.389923095703125,1.319122314453125,,,177003,18,1,3,0
1417,177125,9048,8591,1.380615234375,1.310882568359375,1.380615234375,1.310882568359375,,,177128,18,1,3,0
1418,177250,8990,8542,1.37176513671875,1.30340576171875,1.37176513671875,1.30340576171875,,,177253,18,1,3,0
1419,177375,8934,8500,1.36322021484375,1.2969970703125,1.36322021484375,1.2969970703125,,,177378,18,1,3,0
1420,177500,8881,8465,1.355133056640625,1.291656494140625,1.355133056640625,1.291656494140625,,,177503,18,1,3,0
1421,177625,8830,8436,1.34735107421875,1.2872314453125,1.34735107421875,1.2872314453125,,,177628,18,1,3,0
1422,177750,8782,8415,1.34002685546875,1.284027099609375,1.34002685546875,1.284027099609375,,,177753,18,1,3,0
1423,177875,8737,8400,1.333160400390625,1.28173828125,1.333160400390625,1.28173828125,,,177878,18,1,3,0
1424,178000,8696,8393,1.326904296875,1.280670166015625,1.326904296875,1.280670166015625,,,178003,18,1,3,0
1425,178125,8657,8393,1.320953369140625,1.280670166015625,1.320953369140625,1.280670166015625,,,178128,18,1,3,0
1426,178250,8623,8400,1.315765380859375,1.28173828125,1.315765380859375,1.28173828125,,,178253,18,1,3,0
1427,178375,8591,8415,1.310882568359375,1.284027099609375,1.310882568359375,1.284027099609375,,,178378,18,1,3,0
1428,178500,8564,8437,1.3067626953125,1.287384033203125,1.3067626953125,1.287384033203125,,,178503,18,1,3,0
1429,178625,8540,8466,1.3031005859375,1.29180908203125,1.3031005859375,1.29180908203125,,,178628,18,1,3,0
1430,178750,8520,8502,1.300048828125,1.29730224609375,1.300048828125,1.29730224609375,,,178753,18,1,3,0
1431,178875,8504,8545,1.297607421875,1.303863525390625,1.297607421875,1.303863525390625,,,178878,18,1,3,0
1432,179000,8492,8595,1.2957763671875,1.311492919921875,1.2957763671875,1.311492919921875,,,179003,18,1,3,0
1433,179125,8484,8651,1.2945556640625,1.320037841796875,1.2945556640625,1.320037841796875,,,179128,18,1,3,0
1434,179250,8480,8714,1.2939453125,1.32965087890625,1.2939453125,1.32965087890625,,,179253,18,1,3,0
1435,179375,8480,8782,1.2939453125,1.34002685546875,1.2939453125,1.34002685546875,,,179378,18,1,3,0
1436,179500,8484,8856,1.2945556640625,1.351318359375,1.2945556640625,1.351318359375,,,179503,18,1,3,0
1437,179625,8493,8935,1.295928955078125,1.363372802734375,1.295928955078125,1.363372802734375,,,179628,18,1,3,0
1438,179750,8505,9018,1.297760009765625,1.37603759765625,1.297760009765625,1.37603759765625,,,179753,18,1,3,0
1439,179875,8522,9106,1.30035400390625,1.38946533203125,1.30035400390625,1.38946533203125,,,179878,18,1,3,0
1440,180000,8542,9198,1.30340576171875,1.40350341796875,1.30340576171875,1.40350341796875,,,180003,18,1,3,0
1441,180125,8567,9294,1.307220458984375,1.41815185546875,1.307220458984375,1.41815185546875,,,180128,18,1,3,0
1442,180250,8596,9392,1.3116455078125,1.43310546875,1.3116455078125,1.43310546875,,,180253,18,1,3,0
1443,180375,8628,9493,1.3165283203125,1.448516845703125,1.3165283203125,1.448516845703125,,,180378,18,1,3,0
1444,180500,8665,9596,1.322174072265625,1.4642333984375,1.322174072265625,1.4642333984375,,,180503,18,1,3,0
1445,180625,8704,9700,1.328125,1.4801025390625,1.328125,1.4801025390625,,,180628,18,1,3,0
1446,180750,8748,9805,1.3348388671875,1.496124267578125,1.3348388671875,1.496124267578125,,,180753,18,1,3,0
1447,180875,8795,9911,1.342010498046875,1.512298583984375,1.342010498046875,1.512298583984375,,,180878,18,1,3,0
1448,181000,8845,10016,1.349639892578125,1.5283203125,1.349639892578125,1.5283203125,,,181003,18,1,3,0
1449,181125,8899,10120,1.357879638671875,1.544189453125,1.357879638671875,1.544189453125,,,181128,18,1,3,0
1450,181250,8955,10224,1.366424560546875,1.56005859375,1.366424560546875,1.56005859375,,,181253,18,1,3,0
1451,181375,9015,10325,1.375579833984375,1.575469970703125,1.375579833984375,1.575469970703125,,,181378,18,1,3,0
1452,181500,9077,10424,1.385040283203125,1.590576171875,1.385040283203125,1.590576171875,,,181503,18,1,3,0
1453,181625,9141,10520,1.394805908203125,1.605224609375,1.394805908203125,1.605224609375,,,181628,18,1,3,0
1454,181750,9208,10613,1.405029296875,1.619415283203125,1.405029296875,1.619415283203125,,,181753,18,1,3,0
1455,181875,9277,10703,1.415557861328125,1.633148193359375,1.415557861328125,1.633148193359375,,,181878,18,1,3,0
1456,182000,9348,10787,1.4263916015625,1.645965576171875,1.4263916015625,1.645965576171875,,,182003,18,1,3,0
1457,182125,9420,10868,1.4373779296875,1.6583251953125,1.4373779296875,1.6583251953125,,,182128,18,1,3,0
1458,182250,9494,10943,1.44866943359375,1.669769287109375,1.44866943359375,1.669769287109375,,,182253,18,1,3,0
1459,182375,9570,11012,1.46026611328125,1.6802978515625,1.46026611328125,1.6802978515625,,,182378,18,1,3,0
1460,182500,9646,11076,1.47186279296875,1.6900634765625,1.47186279296875,1.6900634765625,,,182503,18,1,3,0
1461,182625,9723,11134,1.483612060546875,1.69891357421875,1.483612060546875,1.69891357421875,,,182628,18,1,3,0
1462,182750,9801,11185,1.495513916015625,1.706695556640625,1.495513916015625,1.706695556640625,,,182753,18,1,3,0
1463,182875,9880,11229,1.507568359375,1.713409423828125,1.507568359375,1.713409423828125,,,182878,18,1,3,0
1464,183000,9958,11267,1.51947021484375,1.719207763671875,1.51947021484375,1.719207763671875,,,183003,18,1,3,0
1465,183125,10036,11297,1.5313720703125,1.723785400390625,1.5313720703125,1.723785400390625,,,183128,18,1,3,0
1466,183250,10114,11321,1.54327392578125,1.727447509765625,1.54327392578125,1.727447509765625,,,183253,18,1,3,0
1467,183375,10191,11337,1.555023193359375,1.729888916015625,1.555023193359375,1.729888916015625,,,183378,18,1,3,0
1468,183500,10268,11345,1.5667724609375,1.731109619140625,1.5667724609375,1.731109619140625,,,183503,18,1,3,0
1469,183625,10343,11346,1.578216552734375,1.73126220703125,1.578216552734375,1.73126220703125,,,183628,18,1,3,0
1470,183750,10417,11339,1.589508056640625,1.730194091796875,1.589508056640625,1.730194091796875,,,183753,18,1,3,0
1471,183875,10490,11326,1.60064697265625,1.72821044921875,1.60064697265625,1.72821044921875,,,183878,18,1,3,0
1472,184000,10561,11304,1.611480712890625,1.724853515625,1.611480712890625,1.724853515625,,,184003,18,1,3,0
1473,184125,10630,11276,1.62200927734375,1.7205810546875,1.62200927734375,1.7205810546875,,,184128,18,1,3,0
1474,184250,10697,11241,1.632232666015625,1.715240478515625,1.632232666015625,1.715240478515625,,,184253,18,1,3,0
1475,184375,10762,11198,1.64215087890625,1.70867919921875,1.64215087890625,1.70867919921875,,,184378,18,1,3,0
1476,184500,10824,11150,1.651611328125,1.70135498046875,1.651611328125,1.70135498046875,,,184503,18,1,3,0
1477,184625,10883,11095,1.660614013671875,1.692962646484375,1.660614013671875,1.692962646484375,,,184628,18,1,3,0
1478,184750,10939,11034,1.669158935546875,1.68365478515625,1.669158935546875,1.68365478515625,,,184753,18,1,3,0
1479,184875,10992,10967,1.67724609375,1.673431396484375,1.67724609375,1.673431396484375,,,184878,18,1,3,0
1480,185000,11042,10895,1.68487548828125,1.662445068359375,1.68487548828125,1.662445068359375,,,185003,18,1,3,0
1481,185125,11089,10818,1.692047119140625,1.65069580078125,1.692047119140625,1.65069580078125,,,185128,18,1,3,0
1482,185250,11132,10736,1.6986083984375,1.63818359375,1.6986083984375,1.63818359375,,,185253,18,1,3,0
1483,185375,11171,10651,1.704559326171875,1.625213623046875,1.704559326171875,1.625213623046875,,,185378,18,1,3,0
1484,185500,11207,10562,1.710052490234375,1.61163330078125,1.710052490234375,1.61163330078125,,,185503,18,1,3,0
1485,185625,11239,10470,1.714935302734375,1.59759521484375,1.714935302734375,1.59759521484375,,,185628,18,1,3,0
1486,185750,11266,10375,1.71905517578125,1.583099365234375,1.71905517578125,1.583099365234375,,,185753,18,1,3,0
1487,185875,11290,10278,1.72271728515625,1.56829833984375,1.72271728515625,1.56829833984375,,,185878,18,1,3,0
1488,186000,11309,10180,1.725616455078125,1.5533447265625,1.725616455078125,1.5533447265625,,,186003,18,1,3,0
1489,186125,11324,10080,1.7279052734375,1.5380859375,1.7279052734375,1.5380859375,,,186128,18,1,3,0
1490,186250,11335,9980,1.729583740234375,1.5228271484375,1.729583740234375,1.5228271484375,,,186253,18,1,3,0
1491,186375,11341,9880,1.730499267578125,1.507568359375,1.730499267578125,1.507568359375,,,186378,18,1,3,0
1492,186500,11343,9781,1.730804443359375,1.492462158203125,1.730804443359375,1.492462158203125,,,186503,18,1,3,0
1493,186625,11341,9682,1.730499267578125,1.47735595703125,1.730499267578125,1.47735595703125,,,186628,18,1,3,0
1494,186750,11334,9585,1.72943115234375,1.462554931640625,1.72943115234375,1.462554931640625,,,186753,18,1,3,0
1495,186875,11323,9491,1.727752685546875,1.448211669921875,1.727752685546875,1.448211669921875,,,186878,18,1,3,0
1496,187000,11307,9399,1.725311279296875,1.434173583984375,1.725311279296875,1.434173583984375,,,187003,18,1,3,0
1497,187125,11288,9309,1.722412109375,1.420440673828125,1.722412109375,1.420440673828125,,,187128,18,1,3,0
1498,187250,11264,9224,1.71875,1.407470703125,1.71875,1.407470703125,,,187253,18,1,3,0
1499,187375,11235,9142,1.714324951171875,1.39495849609375,1.714324951171875,1.39495849609375,,,187378,18,1,3,0
1500,187500,11203,9065,1.709442138671875,1.383209228515625,1.709442138671875,1.383209228515625,,,187503,18,1,3,0
1501,187625,11167,8993,1.703948974609375,1.372222900390625,1.703948974609375,1.372222900390625,,,187628,18,1,3,0
1502,187750,11126,8926,1.69769287109375,1.36199951171875,1.69769287109375,1.36199951171875,,,187753,18,1,3,0
1503,187875,11082,8864,1.69097900390625,1.3525390625,1.69097900390625,1.3525390625,,,187878,18,1,3,0
1504,188000,11035,8808,1.683807373046875,1.343994140625,1.683807373046875,1.343994140625,,,188003,18,1,3,0
1505,188125,10983,8759,1.675872802734375,1.336517333984375,1.675872802734375,1.336517333984375,,,188128,18,1,3,0
1506,188250,10929,8715,1.667633056640625,1.329803466796875,1.667633056640625,1.329803466796875,,,188253,18,1,3,0
1507,188375,10871,8678,1.658782958984375,1.32415771484375,1.658782958984375,1.32415771484375,,,188378,18,1,3,0
1508,188500,10810,8648,1.64947509765625,1.319580078125,1.64947509765625,1.319580078125,,,188503,18,1,3,0
1509,188625,10746,8625,1.63970947265625,1.316070556640625,1.63970947265625,1.316070556640625,,,188628,18,1,3,0
1510,188750,10680,8608,1.629638671875,1.3134765625,1.629638671875,1.3134765625,,,188753,18,1,3,0
1511,188875,10611,8599,1.619110107421875,1.312103271484375,1.619110107421875,1.312103271484375,,,188878,18,1,3,0
1512,189000,10539,8597,1.608123779296875,1.311798095703125,1.608123779296875,1.311798095703125,,,189003,18,1,3,0
1513,189125,10466,8601,1.59698486328125,1.312408447265625,1.59698486328125,1.312408447265625,,,189128,18,1,3,0
1514,189250,10391,8613,1.585540771484375,1.314239501953125,1.585540771484375,1.314239501953125,,,189253,18,1,3,0
1515,189375,10314,8631,1.57379150390625,1.316986083984375,1.57379150390625,1.316986083984375,,,189378,18,1,3,0
1516,189500,10235,8656,1.561737060546875,1.32080078125,1.561737060546875,1.32080078125,,,189503,18,1,3,0
1517,189625,10156,8688,1.5496826171875,1.32568359375,1.5496826171875,1.32568359375,,,189628,18,1,3,0
1518,189750,10075,8726,1.537322998046875,1.33148193359375,1.537322998046875,1.33148193359375,,,189753,18,1,3,0
1519,189875,9994,8770,1.52496337890625,1.33819580078125,1.52496337890625,1.33819580078125,,,189878,18,1,3,0
1520,190000,9912,8820,1.512451171875,1.3458251953125,1.512451171875,1.3458251953125,,,190003,18,1,3,0
1521,190125,9830,8875,1.49993896484375,1.354217529296875,1.49993896484375,1.354217529296875,,,190128,18,1,3,0
1522,190250,9748,8936,1.4874267578125,1.363525390625,1.4874267578125,1.363525390625,,,190253,18,1,3,0
1523,190375,9666,9001,1.47491455078125,1.373443603515625,1.47491455078125,1.373443603515625,,,190378,18,1,3,0
1524,190500,9585,9071,1.462554931640625,1.384124755859375,1.462554931640625,1.384124755859375,,,190503,18,1,3,0
1525,190625,9504,9145,1.4501953125,1.395416259765625,1.4501953125,1.395416259765625,,,190628,18,1,3,0
1526,190750,9425,9222,1.438140869140625,1.40716552734375,1.438140869140625,1.40716552734375,,,190753,18,1,3,0
1527,190875,9346,9302,1.42608642578125,1.41937255859375,1.42608642578125,1.41937255859375,,,190878,18,1,3,0
1528,191000,9269,9385,1.414337158203125,1.432037353515625,1.414337158203125,1.432037353515625,,,191003,18,1,3,0
1529,191125,9193,9471,1.402740478515625,1.445159912109375,1.402740478515625,1.445159912109375,,,191128,18,1,3,0
1530,191250,9120,9557,1.3916015625,1.458282470703125,1.3916015625,1.458282470703125,,,191253,18,1,3,0
1531,191375,9048,9645,1.380615234375,1.471710205078125,1.380615234375,1.471710205078125,,,191378,18,1,3,0
1532,191500,8979,9734,1.370086669921875,1.48529052734375,1.370086669921875,1.48529052734375,,,191503,18,1,3,0
1533,191625,8912,9823,1.35986328125,1.498870849609375,1.35986328125,1.498870849609375,,,191628,18,1,3,0
1534,191750,8848,9911,1.35009765625,1.512298583984375,1.35009765625,1.512298583984375,,,191753,18,1,3,0
1535,191875,8787,9998,1.340789794921875,1.52557373046875,1.340789794921875,1.52557373046875,,,191878,18,1,3,0
1536,192000,8728,10084,1.331787109375,1.5386962890625,1.331787109375,1.5386962890625,,,192003,18,1,3,0
1537,192125,8673,10168,1.323394775390625,1.551513671875,1.323394775390625,1.551513671875,,,192128,18,1,3,0
1538,192250,8622,10250,1.31561279296875,1.56402587890625,1.31561279296875,1.56402587890625,,,192253,18,1,3,0
1539,192375,8574,10329,1.30828857421875,1.576080322265625,1.30828857421875,1.576080322265625,,,192378,18,1,3,0
1540,192500,8529,10404,1.301422119140625,1.5875244140625,1.301422119140625,1.5875244140625,,,192503,18,1,3,0
1541,192625,8489,10476,1.295318603515625,1.5985107421875,1.295318603515625,1.5985107421875,,,192628,18,1,3,0
1542,192750,8452,10544,1.2896728515625,1.60888671875,1.2896728515625,1.60888671875,,,192753,18,1,3,0
1543,192875,8419,10607,1.284637451171875,1.618499755859375,1.284637451171875,1.618499755859375,,,192878,18,1,3,0
1544,193000,8390,10665,1.28021240234375,1.627349853515625,1.28021240234375,1.627349853515625,,,193003,18,1,3,0
1545,193125,8366,10717,1.27655029296875,1.635284423828125,1.27655029296875,1.635284423828125,,,193128,18,1,3,0
1546,193250,8346,10765,1.27349853515625,1.642608642578125,1.27349853515625,1.642608642578125,,,193253,18,1,3,0
1547,193375,8330,10806,1.27105712890625,1.64886474609375,1.27105712890625,1.64886474609375,,,193378,18,1,3,0
1548,193500,8318,10841,1.26922607421875,1.654205322265625,1.26922607421875,1.654205322265625,,,193503,18,1,3,0
1549,193625,8311,10870,1.268157958984375,1.65863037109375,1.268157958984375,1.65863037109375,,,193628,18,1,3,0
1550,193750,8308,10892,1.2677001953125,1.6619873046875,1.2677001953125,1.6619873046875,,,193753,18,1,3,0
1551,193875,8310,10908,1.26800537109375,1.6644287109375,1.26800537109375,1.6644287109375,,,193878,18,1,3,0
1552,194000,8316,10917,1.2689208984375,1.665802001953125,1.2689208984375,1.665802001953125,,,194003,18,1,3,0
1553,194125,8326,10920,1.27044677734375,1.666259765625,1.27044677734375,1.666259765625,,,194128,18,1,3,0
1554,194250,8341,10915,1.272735595703125,1.665496826171875,1.272735595703125,1.665496826171875,,,194253,18,1,3,0
1555,194375,8360,10904,1.275634765625,1.663818359375,1.275634765625,1.663818359375,,,194378,18,1,3,0
1556,194500,8383,10886,1.279144287109375,1.66107177734375,1.279144287109375,1.66107177734375,,,194503,18,1,3,0
1557,194625,8411,10861,1.283416748046875,1.657257080078125,1.283416748046875,1.657257080078125,,,194628,18,1,3,0
1558,194750,8442,10830,1.28814697265625,1.65252685546875,1.28814697265625,1.65252685546875,,,194753,18,1,3,0
1559,194875,8477,10793,1.293487548828125,1.646881103515625,1.293487548828125,1.646881103515625,,,194878,18,1,3,0
1560,195000,8516,10749,1.2994384765625,1.640167236328125,1.2994384765625,1.640167236328125,,,195003,18,1,3,0
1561,195125,8559,10700,1.305999755859375,1.6326904296875,1.305999755859375,1.6326904296875,,,195128,18,1,3,0
1562,195250,8606,10644,1.31317138671875,1.6241455078125,1.31317138671875,1.6241455078125,,,195253,18,1,3,0
1563,195375,8656,10584,1.32080078125,1.614990234375,1.32080078125,1.614990234375,,,195378,18,1,3,0
1564,195500,8709,10518,1.328887939453125,1.60491943359375,1.328887939453125,1.60491943359375,,,195503,18,1,3,0
1565,195625,8765,10448,1.337432861328125,1.59423828125,1.337432861328125,1.59423828125,,,195628,18,1,3,0
1566,195750,8825,10374,1.346588134765625,1.58294677734375,1.346588134765625,1.58294677734375,,,195753,18,1,3,0
1567,195875,8887,10296,1.356048583984375,1.571044921875,1.356048583984375,1.571044921875,,,195878,18,1,3,0
1568,196000,8952,10214,1.365966796875,1.55853271484375,1.365966796875,1.55853271484375,,,196003,18,1,3,0
1569,196125,9019,10130,1.376190185546875,1.54571533203125,1.376190185546875,1.54571533203125,,,196128,18,1,3,0
1570,196250,9088,10043,1.38671875,1.532440185546875,1.38671875,1.532440185546875,,,196253,18,1,3,0
1571,196375,9159,9954,1.397552490234375,1.51885986328125,1.397552490234375,1.51885986328125,,,196378,18,1,3,0
1572,196500,9232,9863,1.40869140625,1.504974365234375,1.40869140625,1.504974365234375,,,196503,18,1,3,0
1573,196625,9307,9772,1.420135498046875,1.4910888671875,1.420135498046875,1.4910888671875,,,196628,18,1,3,0
1574,196750,9383,9680,1.431732177734375,1.47705078125,1.431732177734375,1.47705078125,,,196753,18,1,3,0
1575,196875,9460,9588,1.4434814453125,1.4630126953125,1.4434814453125,1.4630126953125,,,196878,18,1,3,0
1576,197000,9537,9496,1.455230712890625,1.448974609375,1.455230712890625,1.448974609375,,,197003,18,1,3,0
1577,197125,9616,9406,1.46728515625,1.43524169921875,1.46728515625,1.43524169921875,,,197128,18,1,3,0
1578,197250,9695,9318,1.479339599609375,1.42181396484375,1.479339599609375,1.42181396484375,,,197253,18,1,3,0
1579,197375,9774,9231,1.49139404296875,1.408538818359375,1.49139404296875,1.408538818359375,,,197378,18,1,3,0
1580,197500,9852,9147,1.5032958984375,1.395721435546875,1.5032958984375,1.395721435546875,,,197503,18,1,3,0
1581,197625,9931,9066,1.515350341796875,1.38336181640625,1.515350341796875,1.38336181640625,,,197628,18,1,3,0
1582,197750,10009,8989,1.527252197265625,1.371612548828125,1.527252197265625,1.371612548828125,,,197753,18,1,3,0
1583,197875,10086,8916,1.53900146484375,1.3604736328125,1.53900146484375,1.3604736328125,,,197878,18,1,3,0
1584,198000,10162,8847,1.55059814453125,1.349945068359375,1.55059814453125,1.349945068359375,,,198003,18,1,3,0
1585,198125,10237,8783,1.562042236328125,1.340179443359375,1.562042236328125,1.340179443359375,,,198128,18,1,3,0
1586,198250,10311,8724,1.573333740234375,1.3311767578125,1.573333740234375,1.3311767578125,,,198253,18,1,3,0
1587,198375,10382,8671,1.58416748046875,1.323089599609375,1.58416748046875,1.323089599609375,,,198378,18,1,3,0
1588,198500,10452,8624,1.5948486328125,1.31591796875,1.5948486328125,1.31591796875,,,198503,18,1,3,0
1589,198625,10520,8582,1.605224609375,1.30950927734375,1.605224609375,1.30950927734375,,,198628,18,1,3,0
1590,198750,10586,8548,1.61529541015625,1.3043212890625,1.61529541015625,1.3043212890625,,,198753,18,1,3,0
1591,198875,10649,8519,1.624908447265625,1.299896240234375,1.624908447265625,1.299896240234375,,,198878,18,1,3,0
1592,199000,10709,8498,1.634063720703125,1.29669189453125,1.634063720703125,1.29669189453125,,,199003,18,1,3,0
1593,199125,10766,8484,1.64276123046875,1.2945556640625,1.64276123046875,1.2945556640625,,,199128,18,1,3,0
1594,199250,10821,8476,1.651153564453125,1.2933349609375,1.651153564453125,1.2933349609375,,,199253,18,1,3,0
1595,199375,10872,8476,1.658935546875,1.2933349609375,1.658935546875,1.2933349609375,,,199378,18,1,3,0
1596,199500,10920,8484,1.666259765625,1.2945556640625,1.666259765625,1.2945556640625,,,199503,18,1,3,0
1597,199625,10965,8498,1.673126220703125,1.29669189453125,1.673126220703125,1.29669189453125,,,199628,18,1,3,0
1598,199750,11006,8519,1.67938232421875,1.299896240234375,1.67938232421875,1.299896240234375,,,199753,18,1,3,0
1599,199875,11043,8548,1.685028076171875,1.3043212890625,1.685028076171875,1.3043212890625,,,199878,18,1,3,0
1600,200000,11076,8583,1.6900634765625,1.309661865234375,1.6900634765625,1.309661865234375,,,200003,18,1,3,0
1601,200125,11106,8626,1.69464111328125,1.31622314453125,1.69464111328125,1.31622314453125,,,200128,18,1,3,0
1602,200250,11132,8674,1.6986083984375,1.32354736328125,1.6986083984375,1.32354736328125,,,200253,18,1,3,0
1603,200375,11153,8730,1.701812744140625,1.33209228515625,1.701812744140625,1.33209228515625,,,200378,18,1,3,0
1604,200500,11171,8791,1.704559326171875,1.341400146484375,1.704559326171875,1.341400146484375,,,200503,18,1,3,0
1605,200625,11185,8858,1.706695556640625,1.35162353515625,1.706695556640625,1.35162353515625,,,200628,18,1,3,0
1606,200750,11194,8931,1.70806884765625,1.362762451171875,1.70806884765625,1.362762451171875,,,200753,18,1,3,0
1607,200875,11199,9009,1.708831787109375,1.374664306640625,1.708831787109375,1.374664306640625,,,200878,18,1,3,0
1608,201000,11200,9091,1.708984375,1.387176513671875,1.708984375,1.387176513671875,,,201003,18,1,3,0
1609,201125,11197,9178,1.708526611328125,1.40045166015625,1.708526611328125,1.40045166015625,,,201128,18,1,3,0
1610,201250,11190,9268,1.70745849609375,1.4141845703125,1.70745849609375,1.4141845703125,,,201253,18,1,3,0
1611,201375,11178,9362,1.70562744140625,1.42852783203125,1.70562744140625,1.42852783203125,,,201378,18,1,3,0
1612,201500,11163,9459,1.703338623046875,1.443328857421875,1.703338623046875,1.443328857421875,,,201503,18,1,3,0
1613,201625,11144,9559,1.700439453125,1.458587646484375,1.700439453125,1.458587646484375,,,201628,18,1,3,0
1614,201750,11120,9660,1.69677734375,1.4739990234375,1.69677734375,1.4739990234375,,,201753,18,1,3,0
1615,201875,11093,9762,1.692657470703125,1.48956298828125,1.692657470703125,1.48956298828125,,,201878,18,1,3,0
1616,202000,11062,9866,1.68792724609375,1.50543212890625,1.68792724609375,1.50543212890625,,,202003,18,1,3,0
1617,202125,11028,9970,1.6827392578125,1.52130126953125,1.6827392578125,1.52130126953125,,,202128,18,1,3,0
1618,202250,10990,10073,1.67694091796875,1.537017822265625,1.67694091796875,1.537017822265625,,,202253,18,1,3,0
1619,202375,10949,10176,1.670684814453125,1.552734375,1.670684814453125,1.552734375,,,202378,18,1,3,0
1620,202500,10904,10278,1.663818359375,1.56829833984375,1.663818359375,1.56829833984375,,,202503,18,1,3,0
1621,202625,10857,10378,1.656646728515625,1.58355712890625,1.656646728515625,1.58355712890625,,,202628,18,1,3,0
1622,202750,10806,10475,1.64886474609375,1.598358154296875,1.64886474609375,1.598358154296875,,,202753,18,1,3,0
1623,202875,10753,10570,1.640777587890625,1.61285400390625,1.640777587890625,1.61285400390625,,,202878,18,1,3,0
1624,203000,10697,10661,1.632232666015625,1.626739501953125,1.632232666015625,1.626739501953125,,,203003,18,1,3,0
1625,203125,10638,10749,1.62322998046875,1.640167236328125,1.62322998046875,1.640167236328125,,,203128,18,1,3,0
1626,203250,10578,10832,1.61407470703125,1.65283203125,1.61407470703125,1.65283203125,,,203253,18,1,3,0
1627,203375,10515,10911,1.604461669921875,1.664886474609375,1.604461669921875,1.664886474609375,,,203378,18,1,3,0
1628,203500,10451,10984,1.594696044921875,1.676025390625,1.594696044921875,1.676025390625,,,203503,18,1,3,0
1629,203625,10385,11052,1.584625244140625,1.6864013671875,1.584625244140625,1.6864013671875,,,203628,18,1,3,0
1630,203750,10318,11114,1.57440185546875,1.69586181640625,1.57440185546875,1.69586181640625,,,203753,18,1,3,0
1631,203875,10249,11170,1.563873291015625,1.70440673828125,1.563873291015625,1.70440673828125,,,203878,18,1,3,0
1632,204000,10180,11220,1.5533447265625,1.7120361328125,1.5533447265625,1.7120361328125,,,204003,18,1,3,0
1633,204125,10109,11262,1.542510986328125,1.71844482421875,1.542510986328125,1.71844482421875,,,204128,18,1,3,0
1634,204250,10039,11298,1.531829833984375,1.72393798828125,1.531829833984375,1.72393798828125,,,204253,18,1,3,0
1635,204375,9967,11327,1.520843505859375,1.728363037109375,1.520843505859375,1.728363037109375,,,204378,18,1,3,0
1636,204500,9896,11348,1.510009765625,1.7315673828125,1.510009765625,1.7315673828125,,,204503,18,1,3,0
1637,204625,9825,11362,1.499176025390625,1.73370361328125,1.499176025390625,1.73370361328125,,,204628,18,1,3,0
1638,204750,9755,11369,1.488494873046875,1.734771728515625,1.488494873046875,1.734771728515625,,,204753,18,1,3,0
1639,204875,9685,11368,1.477813720703125,1.734619140625,1.477813720703125,1.734619140625,,,204878,18,1,3,0
1640,205000,9615,11360,1.467132568359375,1.7333984375,1.467132568359375,1.7333984375,,,205003,18,1,3,0
1641,205125,9547,11344,1.456756591796875,1.73095703125,1.456756591796875,1.73095703125,,,205128,18,1,3,0
1642,205250,9480,11321,1.446533203125,1.727447509765625,1.446533203125,1.727447509765625,,,205253,18,1,3,0
1643,205375,9415,11290,1.436614990234375,1.72271728515625,1.436614990234375,1.72271728515625,,,205378,18,1,3,0
1644,205500,9351,11253,1.426849365234375,1.717071533203125,1.426849365234375,1.717071533203125,,,205503,18,1,3,0
1645,205625,9289,11208,1.417388916015625,1.710205078125,1.417388916015625,1.710205078125,,,205628,18,1,3,0
1646,205750,9229,11157,1.408233642578125,1.702423095703125,1.408233642578125,1.702423095703125,,,205753,18,1,3,0
1647,205875,9171,11100,1.399383544921875,1.6937255859375,1.399383544921875,1.6937255859375,,,205878,18,1,3,0
1648,206000,9115,11037,1.390838623046875,1.684112548828125,1.390838623046875,1.684112548828125,,,206003,18,1,3,0
1649,206125,9063,10968,1.382904052734375,1.673583984375,1.382904052734375,1.673583984375,,,206128,18,1,3,0
1650,206250,9012,10893,1.3751220703125,1.662139892578125,1.3751220703125,1.662139892578125,,,206253,18,1,3,0
1651,206375,8965,10814,1.367950439453125,1.65008544921875,1.367950439453125,1.65008544921875,,,206378,18,1,3,0
1652,206500,8921,10730,1.361236572265625,1.63726806640625,1.361236572265625,1.63726806640625,,,206503,18,1,3,0
1653,206625,8880,10642,1.35498046875,1.62384033203125,1.35498046875,1.62384033203125,,,206628,18,1,3,0
1654,206750,8842,10550,1.34918212890625,1.60980224609375,1.34918212890625,1.60980224609375,,,206753,18,1,3,0
1655,206875,8808,10455,1.343994140625,1.595306396484375,1.343994140625,1.595306396484375,,,206878,18,1,3,0
1656,207000,8777,10357,1.339263916015625,1.580352783203125,1.339263916015625,1.580352783203125,,,207003,18,1,3,0
1657,207125,8749,10258,1.334991455078125,1.56524658203125,1.334991455078125,1.56524658203125,,,207128,18,1,3,0
1658,207250,8726,10156,1.33148193359375,1.5496826171875,1.33148193359375,1.5496826171875,,,207253,18,1,3,0
1659,207375,8706,10054,1.32843017578125,1.53411865234375,1.32843017578125,1.53411865234375,,,207378,18,1,3,0
1660,207500,8689,9951,1.325836181640625,1.518402099609375,1.325836181640625,1.518402099609375,,,207503,18,1,3,0
1661,207625,8677,9848,1.324005126953125,1.502685546875,1.324005126953125,1.502685546875,,,207628,18,1,3,0
1662,207750,8668,9745,1.3226318359375,1.486968994140625,1.3226318359375,1.486968994140625,,,207753,18,1,3,0
1663,207875,8663,9644,1.321868896484375,1.4715576171875,1.321868896484375,1.4715576171875,,,207878,18,1,3,0
1664,208000,8662,9544,1.32171630859375,1.456298828125,1.32171630859375,1.456298828125,,,208003,18,1,3,0
1665,208125,8665,9446,1.322174072265625,1.44134521484375,1.322174072265625,1.44134521484375,,,208128,18,1,3,0
1666,208250,8672,9351,1.3232421875,1.426849365234375,1.3232421875,1.426849365234375,,,208253,18,1,3,0
1667,208375,8682,9259,1.32476806640625,1.412811279296875,1.32476806640625,1.412811279296875,,,208378,18,1,3,0
1668,208500,8697,9170,1.327056884765625,1.39923095703125,1.327056884765625,1.39923095703125,,,208503,18,1,3,0
1669,208625,8715,9086,1.329803466796875,1.38641357421875,1.329803466796875,1.38641357421875,,,208628,18,1,3,0
1670,208750,8736,9006,1.3330078125,1.37420654296875,1.3330078125,1.37420654296875,,,208753,18,1,3,0
1671,208875,8761,8930,1.336822509765625,1.36260986328125,1.336822509765625,1.36260986328125,,,208878,18,1,3,0
1672,209000,8790,8860,1.34124755859375,1.3519287109375,1.34124755859375,1.3519287109375,,,209003,18,1,3,0
1673,209125,8822,8796,1.34613037109375,1.3421630859375,1.34613037109375,1.3421630859375,,,209128,18,1,3,0
1674,209250,8857,8737,1.351470947265625,1.333160400390625,1.351470947265625,1.333160400390625,,,209253,18,1,3,0
1675,209375,8895,8684,1.357269287109375,1.3250732421875,1.357269287109375,1.3250732421875,,,209378,18,1,3,0
1676,209500,8936,8638,1.363525390625,1.31805419921875,1.363525390625,1.31805419921875,,,209503,18,1,3,0
1677,209625,8980,8599,1.3702392578125,1.312103271484375,1.3702392578125,1.312103271484375,,,209628,18,1,3,0
1678,209750,9027,8566,1.377410888671875,1.30706787109375,1.377410888671875,1.30706787109375,,,209753,18,1,3,0
1679,209875,9076,8540,1.3848876953125,1.3031005859375,1.3848876953125,1.3031005859375,,,209878,18,1,3,0
1680,210000,9128,8522,1.392822265625,1.30035400390625,1.392822265625,1.30035400390625,,,210003,18,1,3,0
1681,210125,9181,8510,1.400909423828125,1.29852294921875,1.400909423828125,1.29852294921875,,,210128,18,1,3,0
1682,210250,9237,8506,1.409454345703125,1.29791259765625,1.409454345703125,1.29791259765625,,,210253,18,1,3,0
1683,210375,9295,8509,1.418304443359375,1.298370361328125,1.418304443359375,1.298370361328125,,,210378,18,1,3,0
1684,210500,9354,8519,1.42730712890625,1.299896240234375,1.42730712890625,1.299896240234375,,,210503,18,1,3,0
1685,210625,9415,8535,1.436614990234375,1.302337646484375,1.436614990234375,1.302337646484375,,,210628,18,1,3,0
1686,210750,9476,8559,1.4459228515625,1.305999755859375,1.4459228515625,1.305999755859375,,,210753,18,1,3,0
1687,210875,9539,8590,1.455535888671875,1.31072998046875,1.455535888671875,1.31072998046875,,,210878,18,1,3,0
1688,211000,9603,8627,1.465301513671875,1.316375732421875,1.465301513671875,1.316375732421875,,,211003,18,1,3,0
1689,211125,9667,8670,1.475067138671875,1.32293701171875,1.475067138671875,1.32293701171875,,,211128,18,1,3,0
1690,211250,9732,8719,1.4849853515625,1.330413818359375,1.4849853515625,1.330413818359375,,,211253,18,1,3,0
1691,211375,9797,8774,1.494903564453125,1.33880615234375,1.494903564453125,1.33880615234375,,,211378,18,1,3,0
1692,211500,9861,8835,1.504669189453125,1.348114013671875,1.504669189453125,1.348114013671875,,,211503,18,1,3,0
1693,211625,9926,8900,1.51458740234375,1.3580322265625,1.51458740234375,1.3580322265625,,,211628,18,1,3,0
1694,211750,9990,8970,1.52435302734375,1.36871337890625,1.52435302734375,1.36871337890625,,,211753,18,1,3,0
1695,211875,10053,9044,1.533966064453125,1.3800048828125,1.533966064453125,1.3800048828125,,,211878,18,1,3,0
1696,212000,10116,9122,1.5435791015625,1.39190673828125,1.5435791015625,1.39190673828125,,,212003,18,1,3,0
1697,212125,10177,9203,1.552886962890625,1.404266357421875,1.552886962890625,1.404266357421875,,,212128,18,1,3,0
1698,212250,10237,9288,1.562042236328125,1.417236328125,1.562042236328125,1.417236328125,,,212253,18,1,3,0
1699,212375,10296,9374,1.571044921875,1.43035888671875,1.571044921875,1.43035888671875,,,212378,18,1,3,0
1700,212500,10353,9463,1.579742431640625,1.443939208984375,1.579742431640625,1.443939208984375,,,212503,18,1,3,0
1701,212625,10408,9552,1.588134765625,1.45751953125,1.588134765625,1.45751953125,,,212628,18,1,3,0
1702,212750,10460,9643,1.5960693359375,1.471405029296875,1.5960693359375,1.471405029296875,,,212753,18,1,3,0
1703,212875,10511,9734,1.603851318359375,1.48529052734375,1.603851318359375,1.48529052734375,,,212878,18,1,3,0
1704,213000,10559,9825,1.611175537109375,1.499176025390625,1.611175537109375,1.499176025390625,,,213003,18,1,3,0
1705,213125,10605,9915,1.618194580078125,1.512908935546875,1.618194580078125,1.512908935546875,,,213128,18,1,3,0
1706,213250,10648,10004,1.624755859375,1.5264892578125,1.624755859375,1.5264892578125,,,213253,18,1,3,0
1707,213375,10688,10091,1.630859375,1.539764404296875,1.630859375,1.539764404296875,,,213378,18,1,3,0
1708,213500,10726,10176,1.63665771484375,1.552734375,1.63665771484375,1.552734375,,,213503,18,1,3,0
1709,213625,10760,10258,1.641845703125,1.56524658203125,1.641845703125,1.56524658203125,,,213628,18,1,3,0
1710,213750,10790,10338,1.64642333984375,1.57745361328125,1.64642333984375,1.57745361328125,,,213753,18,1,3,0
1711,213875,10818,10413,1.65069580078125,1.588897705078125,1.65069580078125,1.588897705078125,,,213878,18,1,3,0
1712,214000,10842,10485,1.65435791015625,1.599884033203125,1.65435791015625,1.599884033203125,,,214003,18,1,3,0
1713,214125,10863,10552,1.657562255859375,1.610107421875,1.657562255859375,1.610107421875,,,214128,18,1,3,0
1714,214250,10880,10614,1.66015625,1.61956787109375,1.66015625,1.61956787109375,,,214253,18,1,3,0
1715,214375,10893,10671,1.662139892578125,1.628265380859375,1.662139892578125,1.628265380859375,,,214378,18,1,3,0
1716,214500,10903,10723,1.663665771484375,1.636199951171875,1.663665771484375,1.636199951171875,,,214503,18,1,3,0
1717,214625,10909,10769,1.664581298828125,1.643218994140625,1.664581298828125,1.643218994140625,,,214628,18,1,3,0
1718,214750,10912,10809,1.6650390625,1.649322509765625,1.6650390625,1.649322509765625,,,214753,18,1,3,0
1719,214875,10910,10843,1.66473388671875,1.654510498046875,1.66473388671875,1.654510498046875,,,214878,18,1,3,0
1720,215000,10905,10870,1.663970947265625,1.65863037109375,1.663970947265625,1.65863037109375,,,215003,18,1,3,0
1721,215125,10897,10891,1.662750244140625,1.661834716796875,1.662750244140625,1.661834716796875,,,215128,18,1,3,0
1722,215250,10884,10905,1.6607666015625,1.663970947265625,1.6607666015625,1.663970947265625,,,215253,18,1,3,0
1723,215375,10868,10912,1.6583251953125,1.6650390625,1.6583251953125,1.6650390625,,,215378,18,1,3,0
1724,215500,10849,10913,1.655426025390625,1.665191650390625,1.655426025390625,1.665191650390625,,,215503,18,1,3,0
1725,215625,10825,10907,1.651763916015625,1.664276123046875,1.651763916015625,1.664276123046875,,,215628,18,1,3,0
1726,215750,10799,10894,1.647796630859375,1.66229248046875,1.647796630859375,1.66229248046875,,,215753,18,1,3,0
1727,215875,10769,10874,1.643218994140625,1.65924072265625,1.643218994140625,1.65924072265625,,,215878,18,1,3,0
1728,216000,10736,10848,1.63818359375,1.6552734375,1.63818359375,1.6552734375,,,216003,18,1,3,0
1729,216125,10699,10815,1.632537841796875,1.650238037109375,1.632537841796875,1.650238037109375,,,216128,18,1,3,0
1730,216250,10660,10776,1.6265869140625,1.644287109375,1.6265869140625,1.644287109375,,,216253,18,1,3,0
1731,216375,10618,10732,1.62017822265625,1.6375732421875,1.62017822265625,1.6375732421875,,,216378,18,1,3,0
1732,216500,10572,10681,1.6131591796875,1.629791259765625,1.6131591796875,1.629791259765625,,,216503,18,1,3,0
1733,216625,10525,10625,1.605987548828125,1.621246337890625,1.605987548828125,1.621246337890625,,,216628,18,1,3,0
1734,216750,10475,10564,1.598358154296875,1.6119384765625,1.598358154296875,1.6119384765625,,,216753,18,1,3,0
1735,216875,10422,10498,1.59027099609375,1.60186767578125,1.59027099609375,1.60186767578125,,,216878,18,1,3,0
1736,217000,10367,10428,1.581878662109375,1.5911865234375,1.581878662109375,1.5911865234375,,,217003,18,1,3,0
1737,217125,10311,10354,1.573333740234375,1.57989501953125,1.573333740234375,1.57989501953125,,,217128,18,1,3,0
1738,217250,10252,10276,1.5643310546875,1.5679931640625,1.5643310546875,1.5679931640625,,,217253,18,1,3,0
1739,217375,10192,10195,1.55517578125,1.555633544921875,1.55517578125,1.555633544921875,,,217378,18,1,3,0
1740,217500,10131,10112,1.545867919921875,1.54296875,1.545867919921875,1.54296875,,,217503,18,1,3,0
1741,217625,10068,10026,1.5362548828125,1.52984619140625,1.5362548828125,1.52984619140625,,,217628,18,1,3,0
1742,217750,10005,9939,1.526641845703125,1.516571044921875,1.526641845703125,1.516571044921875,,,217753,18,1,3,0
1743,217875,9941,9850,1.516876220703125,1.50299072265625,1.516876220703125,1.50299072265625,,,217878,18,1,3,0
1744,218000,9876,9761,1.5069580078125,1.489410400390625,1.5069580078125,1.489410400390625,,,218003,18,1,3,0
1745,218125,9810,9672,1.49688720703125,1.475830078125,1.49688720703125,1.475830078125,,,218128,18,1,3,0
1746,218250,9745,9583,1.486968994140625,1.462249755859375,1.486968994140625,1.462249755859375,,,218253,18,1,3,0
1747,218375,9680,9494,1.47705078125,1.44866943359375,1.47705078125,1.44866943359375,,,218378,18,1,3,0
1748,218500,9615,9408,1.467132568359375,1.435546875,1.467132568359375,1.435546875,,,218503,18,1,3,0
1749,218625,9550,9323,1.45721435546875,1.422576904296875,1.45721435546875,1.422576904296875,,,218628,18,1,3,0
1750,218750,9486,9241,1.44744873046875,1.410064697265625,1.44744873046875,1.410064697265625,,,218753,18,1,3,0
1751,218875,9424,9161,1.43798828125,1.397857666015625,1.43798828125,1.397857666015625,,,218878,18,1,3,0
1752,219000,9362,9085,1.42852783203125,1.386260986328125,1.42852783203125,1.386260986328125,,,219003,18,1,3,0
1753,219125,9301,9012,1.419219970703125,1.3751220703125,1.419219970703125,1.3751220703125,,,219128,18,1,3,0
1754,219250,9243,8944,1.410369873046875,1.36474609375,1.410369873046875,1.36474609375,,,219253,18,1,3,0
1755,219375,9186,8880,1.40167236328125,1.35498046875,1.40167236328125,1.35498046875,,,219378,18,1,3,0
1756,219500,9130,8822,1.39312744140625,1.34613037109375,1.39312744140625,1.34613037109375,,,219503,18,1,3,0
1757,219625,9077,8769,1.385040283203125,1.338043212890625,1.385040283203125,1.338043212890625,,,219628,18,1,3,0
1758,219750,9027,8721,1.377410888671875,1.330718994140625,1.377410888671875,1.330718994140625,,,219753,18,1,3,0
1759,219875,8978,8679,1.36993408203125,1.324310302734375,1.36993408203125,1.324310302734375,,,219878,18,1,3,0
1760,220000,8933,8644,1.363067626953125,1.3189697265625,1.363067626953125,1.3189697265625,,,220003,18,1,3,0
1761,220125,8890,8615,1.35650634765625,1.314544677734375,1.35650634765625,1.314544677734375,,,220128,18,1,3,0
1762,220250,8850,8593,1.35040283203125,1.311187744140625,1.35040283203125,1.311187744140625,,,220253,18,1,3,0
1763,220375,8813,8577,1.344757080078125,1.308746337890625,1.344757080078125,1.308746337890625,,,220378,18,1,3,0
1764,220500,8779,8569,1.339569091796875,1.307525634765625,1.339569091796875,1.307525634765625,,,220503,18,1,3,0
1765,220625,8749,8567,1.334991455078125,1.307220458984375,1.334991455078125,1.307220458984375,,,220628,18,1,3,0
1766,220750,8722,8573,1.33087158203125,1.308135986328125,1.33087158203125,1.308135986328125,,,220753,18,1,3,0
1767,220875,8699,8585,1.327362060546875,1.309967041015625,1.327362060546875,1.309967041015625,,,220878,18,1,3,0
1768,221000,8679,8605,1.324310302734375,1.313018798828125,1.324310302734375,1.313018798828125,,,221003,18,1,3,0
1769,221125,8663,8631,1.321868896484375,1.316986083984375,1.321868896484375,1.316986083984375,,,221128,18,1,3,0
1770,221250,8651,8665,1.320037841796875,1.322174072265625,1.320037841796875,1.322174072265625,,,221253,18,1,3,0
1771,221375,8642,8705,1.31866455078125,1.328277587890625,1.31866455078125,1.328277587890625,,,221378,18,1,3,0
1772,221500,8638,8752,1.31805419921875,1.33544921875,1.31805419921875,1.33544921875,,,221503,18,1,3,0
1773,221625,8637,8804,1.317901611328125,1.3433837890625,1.317901611328125,1.3433837890625,,,221628,18,1,3,0
1774,221750,8640,8863,1.318359375,1.352386474609375,1.318359375,1.352386474609375,,,221753,18,1,3,0
1775,221875,8647,8928,1.319427490234375,1.3623046875,1.319427490234375,1.3623046875,,,221878,18,1,3,0
1776,222000,8658,8998,1.32110595703125,1.37298583984375,1.32110595703125,1.37298583984375,,,222003,18,1,3,0
1777,222125,8672,9073,1.3232421875,1.384429931640625,1.3232421875,1.384429931640625,,,222128,18,1,3,0
1778,222250,8691,9153,1.326141357421875,1.396636962890625,1.326141357421875,1.396636962890625,,,222253,18,1,3,0
1779,222375,8713,9237,1.329498291015625,1.409454345703125,1.329498291015625,1.409454345703125,,,222378,18,1,3,0
1780,222500,8739,9325,1.333465576171875,1.422882080078125,1.333465576171875,1.422882080078125,,,222503,18,1,3,0
1781,222625,8769,9416,1.338043212890625,1.436767578125,1.338043212890625,1.436767578125,,,222628,18,1,3,0
1782,222750,8802,9510,1.34307861328125,1.45111083984375,1.34307861328125,1.45111083984375,,,222753,18,1,3,0
1783,222875,8839,9607,1.348724365234375,1.465911865234375,1.348724365234375,1.465911865234375,,,222878,18,1,3,0
1784,223000,8879,9705,1.354827880859375,1.480865478515625,1.354827880859375,1.480865478515625,,,223003,18,1,3,0
1785,223125,8922,9805,1.36138916015625,1.496124267578125,1.36138916015625,1.496124267578125,,,223128,18,1,3,0
1786,223250,8969,9906,1.368560791015625,1.51153564453125,1.368560791015625,1.51153564453125,,,223253,18,1,3,0
1787,223375,9018,10007,1.37603759765625,1.526947021484375,1.37603759765625,1.526947021484375,,,223378,18,1,3,0
1788,223500,9070,10108,1.38397216796875,1.5423583984375,1.38397216796875,1.5423583984375,,,223503,18,1,3,0
1789,223625,9125,10209,1.392364501953125,1.557769775390625,1.392364501953125,1.557769775390625,,,223628,18,1,3,0
1790,223750,9183,10308,1.401214599609375,1.5728759765625,1.401214599609375,1.5728759765625,,,223753,18,1,3,0
1791,223875,9243,10405,1.410369873046875,1.587677001953125,1.410369873046875,1.587677001953125,,,223878,18,1,3,0
1792,224000,9305,10500,1.419830322265625,1.6021728515625,1.419830322265625,1.6021728515625,,,224003,18,1,3,0
1793,224125,9368,10592,1.429443359375,1.6162109375,1.429443359375,1.6162109375,,,224128,18,1,3,0
1794,224250,9434,10681,1.43951416015625,1.629791259765625,1.43951416015625,1.629791259765625,,,224253,18,1,3,0
1795,224375,9501,10766,1.449737548828125,1.64276123046875,1.449737548828125,1.64276123046875,,,224378,18,1,3,0
1796,224500,9570,10847,1.46026611328125,1.655120849609375,1.46026611328125,1.655120849609375,,,224503,18,1,3,0
1797,224625,9640,10923,1.470947265625,1.666717529296875,1.470947265625,1.666717529296875,,,224628,18,1,3,0
1798,224750,9711,10994,1.481781005859375,1.67755126953125,1.481781005859375,1.67755126953125,,,224753,18,1,3,0
1799,224875,9782,11060,1.49261474609375,1.6876220703125,1.49261474609375,1.6876220703125,,,224878,18,1,3,0
1800,225000,9854,11120,1.50360107421875,1.69677734375,1.50360107421875,1.69677734375,,,225003,18,1,3,0
1801,225125,9927,11173,1.514739990234375,1.704864501953125,1.514739990234375,1.704864501953125,,,225128,18,1,3,0
1802,225250,9999,11221,1.525726318359375,1.712188720703125,1.525726318359375,1.712188720703125,,,225253,18,1,3,0
1803,225375,10071,11261,1.536712646484375,1.718292236328125,1.536712646484375,1.718292236328125,,,225378,18,1,3,0
1804,225500,10143,11295,1.547698974609375,1.723480224609375,1.547698974609375,1.723480224609375,,,225503,18,1,3,0
1805,225625,10214,11322,1.55853271484375,1.72760009765625,1.55853271484375,1.72760009765625,,,225628,18,1,3,0
1806,225750,10284,11341,1.5692138671875,1.730499267578125,1.5692138671875,1.730499267578125,,,225753,18,1,3,0
1807,225875,10354,11353,1.57989501953125,1.732330322265625,1.57989501953125,1.732330322265625,,,225878,18,1,3,0
1808,226000,10422,11358,1.59027099609375,1.73309326171875,1.59027099609375,1.73309326171875,,,226003,18,1,3,0
1809,226125,10488,11355,1.600341796875,1.732635498046875,1.600341796875,1.732635498046875,,,226128,18,1,3,0
1810,226250,10553,11345,1.610260009765625,1.731109619140625,1.610260009765625,1.731109619140625,,,226253,18,1,3,0
1811,226375,10616,11327,1.619873046875,1.728363037109375,1.619873046875,1.728363037109375,,,226378,18,1,3,0
1812,226500,10677,11302,1.629180908203125,1.72454833984375,1.629180908203125,1.72454833984375,,,226503,18,1,3,0
1813,226625,10735,11269,1.638031005859375,1.719512939453125,1.638031005859375,1.719512939453125,,,226628,18,1,3,0
1814,226750,10791,11230,1.646575927734375,1.71356201171875,1.646575927734375,1.71356201171875,,,226753,18,1,3,0
1815,226875,10844,11184,1.6546630859375,1.70654296875,1.6546630859375,1.70654296875,,,226878,18,1,3,0
1816,227000,10895,11131,1.662445068359375,1.698455810546875,1.662445068359375,1.698455810546875,,,227003,18,1,3,0
1817,227125,10942,11072,1.66961669921875,1.689453125,1.66961669921875,1.689453125,,,227128,18,1,3,0
1818,227250,10986,11006,1.67633056640625,1.67938232421875,1.67633056640625,1.67938232421875,,,227253,18,1,3,0
1819,227375,11027,10935,1.682586669921875,1.668548583984375,1.682586669921875,1.668548583984375,,,227378,18,1,3,0
1820,227500,11064,10859,1.688232421875,1.656951904296875,1.688232421875,1.656951904296875,,,227503,18,1,3,0
1821,227625,11098,10778,1.69342041015625,1.64459228515625,1.69342041015625,1.64459228515625,,,227628,18,1,3,0
1822,227750,11128,10692,1.697998046875,1.6314697265625,1.697998046875,1.6314697265625,,,227753,18,1,3,0
1823,227875,11155,10602,1.702117919921875,1.61773681640625,1.702117919921875,1.61773681640625,,,227878,18,1,3,0
1824,228000,11177,10508,1.705474853515625,1.6033935546875,1.705474853515625,1.6033935546875,,,228003,18,1,3,0
1825,228125,11196,10411,1.7083740234375,1.588592529296875,1.7083740234375,1.588592529296875,,,228128,18,1,3,0
1826,228250,11210,10311,1.71051025390625,1.573333740234375,1.71051025390625,1.573333740234375,,,228253,18,1,3,0
1827,228375,11220,10210,1.7120361328125,1.55792236328125,1.7120361328125,1.55792236328125,,,228378,18,1,3,0
1828,228500,11227,10106,1.713104248046875,1.54205322265625,1.713104248046875,1.54205322265625,,,228503,18,1,3,0
1829,228625,11229,10002,1.713409423828125,1.52618408203125,1.713409423828125,1.52618408203125,,,228628,18,1,3,0
1830,228750,11226,9897,1.71295166015625,1.510162353515625,1.71295166015625,1.510162353515625,,,228753,18,1,3,0
1831,228875,11220,9792,1.7120361328125,1.494140625,1.7120361328125,1.494140625,,,228878,18,1,3,0
1832,229000,11209,9688,1.710357666015625,1.478271484375,1.710357666015625,1.478271484375,,,229003,18,1,3,0
1833,229125,11195,9584,1.708221435546875,1.46240234375,1.708221435546875,1.46240234375,,,229128,18,1,3,0
1834,229250,11176,9482,1.705322265625,1.44683837890625,1.705322265625,1.44683837890625,,,229253,18,1,3,0
1835,229375,11153,9383,1.701812744140625,1.431732177734375,1.701812744140625,1.431732177734375,,,229378,18,1,3,0
1836,229500,11126,9285,1.69769287109375,1.416778564453125,1.69769287109375,1.416778564453125,,,229503,18,1,3,0
1837,229625,11095,9191,1.692962646484375,1.402435302734375,1.692962646484375,1.402435302734375,,,229628,18,1,3,0
1838,229750,11060,9101,1.6876220703125,1.388702392578125,1.6876220703125,1.388702392578125,,,229753,18,1,3,0
1839,229875,11021,9015,1.681671142578125,1.375579833984375,1.681671142578125,1.375579833984375,,,229878,18,1,3,0
1840,230000,10978,8933,1.67510986328125,1.363067626953125,1.67510986328125,1.363067626953125,,,230003,18,1,3,0
1841,230125,10933,8856,1.668243408203125,1.351318359375,1.668243408203125,1.351318359375,,,230128,18,1,3,0
1842,230250,10883,8784,1.660614013671875,1.34033203125,1.660614013671875,1.34033203125,,,230253,18,1,3,0
1843,230375,10830,8718,1.65252685546875,1.33026123046875,1.65252685546875,1.33026123046875,,,230378,18,1,3,0
1844,230500,10774,8658,1.64398193359375,1.32110595703125,1.64398193359375,1.32110595703125,,,230503,18,1,3,0
1845,230625,10716,8604,1.6351318359375,1.3128662109375,1.6351318359375,1.3128662109375,,,230628,18,1,3,0
1846,230750,10654,8556,1.62567138671875,1.3055419921875,1.62567138671875,1.3055419921875,,,230753,18,1,3,0
1847,230875,10590,8515,1.61590576171875,1.299285888671875,1.61590576171875,1.299285888671875,,,230878,18,1,3,0
1848,231000,10523,8482,1.605682373046875,1.29425048828125,1.605682373046875,1.29425048828125,,,231003,18,1,3,0
1849,231125,10454,8455,1.59515380859375,1.290130615234375,1.59515380859375,1.290130615234375,,,231128,18,1,3,0
1850,231250,10383,8435,1.584320068359375,1.287078857421875,1.584320068359375,1.287078857421875,,,231253,18,1,3,0
1851,231375,10310,8423,1.57318115234375,1.285247802734375,1.57318115234375,1.285247802734375,,,231378,18,1,3,0
1852,231500,10235,8418,1.561737060546875,1.28448486328125,1.561737060546875,1.28448486328125,,,231503,18,1,3,0
1853,231625,10159,8420,1.550140380859375,1.2847900390625,1.550140380859375,1.2847900390625,,,231628,18,1,3,0
1854,231750,10082,8430,1.53839111328125,1.28631591796875,1.53839111328125,1.28631591796875,,,231753,18,1,3,0
1855,231875,10003,8447,1.526336669921875,1.288909912109375,1.526336669921875,1.288909912109375,,,231878,18,1,3,0
1856,232000,9924,8470,1.5142822265625,1.29241943359375,1.5142822265625,1.29241943359375,,,232003,18,1,3,0
1857,232125,9845,8501,1.502227783203125,1.297149658203125,1.502227783203125,1.297149658203125,,,232128,18,1,3,0
1858,232250,9765,8538,1.490020751953125,1.30279541015625,1.490020751953125,1.30279541015625,,,232253,18,1,3,0
1859,232375,9686,8582,1.47796630859375,1.30950927734375,1.47796630859375,1.30950927734375,,,232378,18,1,3,0
1860,232500,9606,8632,1.46575927734375,1.317138671875,1.46575927734375,1.317138671875,,,232503,18,1,3,0
1861,232625,9527,8688,1.453704833984375,1.32568359375,1.453704833984375,1.32568359375,,,232628,18,1,3,0
1862,232750,9448,8749,1.441650390625,1.334991455078125,1.441650390625,1.334991455078125,,,232753,18,1,3,0
1863,232875,9371,8816,1.429901123046875,1.34521484375,1.429901123046875,1.34521484375,,,232878,18,1,3,0
1864,233000,9294,8887,1.41815185546875,1.356048583984375,1.41815185546875,1.356048583984375,,,233003,18,1,3,0
1865,233125,9219,8963,1.406707763671875,1.367645263671875,1.406707763671875,1.367645263671875,,,233128,18,1,3,0
1866,233250,9146,9043,1.39556884765625,1.379852294921875,1.39556884765625,1.379852294921875,,,233253,18,1,3,0
1867,233375,9074,9126,1.38458251953125,1.39251708984375,1.38458251953125,1.39251708984375,,,233378,18,1,3,0
1868,233500,9005,9213,1.374053955078125,1.405792236328125,1.374053955078125,1.405792236328125,,,233503,18,1,3,0
1869,233625,8938,9302,1.36383056640625,1.41937255859375,1.36383056640625,1.41937255859375,,,233628,18,1,3,0
1870,233750,8873,9393,1.353912353515625,1.433258056640625,1.353912353515625,1.433258056640625,,,233753,18,1,3,0
1871,233875,8811,9485,1.344451904296875,1.447296142578125,1.344451904296875,1.447296142578125,,,233878,18,1,3,0
1872,234000,8751,9579,1.335296630859375,1.461639404296875,1.335296630859375,1.461639404296875,,,234003,18,1,3,0
1873,234125,8695,9673,1.326751708984375,1.475982666015625,1.326751708984375,1.475982666015625,,,234128,18,1,3,0
1874,234250,8642,9767,1.31866455078125,1.490325927734375,1.31866455078125,1.490325927734375,,,234253,18,1,3,0
1875,234375,8592,9861,1.31103515625,1.504669189453125,1.31103515625,1.504669189453125,,,234378,18,1,3,0
1876,234500,8545,9953,1.303863525390625,1.518707275390625,1.303863525390625,1.518707275390625,,,234503,18,1,3,0
1877,234625,8503,10044,1.297454833984375,1.5325927734375,1.297454833984375,1.5325927734375,,,234628,18,1,3,0
1878,234750,8464,10133,1.29150390625,1.546173095703125,1.29150390625,1.546173095703125,,,234753,18,1,3,0
1879,234875,8429,10219,1.286163330078125,1.559295654296875,1.286163330078125,1.559295654296875,,,234878,18,1,3,0
1880,235000,8398,10303,1.28143310546875,1.572113037109375,1.28143310546875,1.572113037109375,,,235003,18,1,3,0
1881,235125,8371,10383,1.277313232421875,1.584320068359375,1.277313232421875,1.584320068359375,,,235128,18,1,3,0
1882,235250,8348,10459,1.2738037109375,1.595916748046875,1.2738037109375,1.595916748046875,,,235253,18,1,3,0
1883,235375,8329,10530,1.270904541015625,1.60675048828125,1.270904541015625,1.60675048828125,,,235378,18,1,3,0
1884,235500,8315,10597,1.268768310546875,1.616973876953125,1.268768310546875,1.616973876953125,,,235503,18,1,3,0
1885,235625,8305,10659,1.267242431640625,1.626434326171875,1.267242431640625,1.626434326171875,,,235628,18,1,3,0
1886,235750,8300,10716,1.2664794921875,1.6351318359375,1.2664794921875,1.6351318359375,,,235753,18,1,3,0
1887,235875,8299,10767,1.266326904296875,1.642913818359375,1.266326904296875,1.642913818359375,,,235878,18,1,3,0
1888,236000,8302,10811,1.26678466796875,1.649627685546875,1.26678466796875,1.649627685546875,,,236003,18,1,3,0
1889,236125,8310,10850,1.26800537109375,1.65557861328125,1.26800537109375,1.65557861328125,,,236128,18,1,3,0
1890,236250,8322,10882,1.26983642578125,1.66046142578125,1.26983642578125,1.66046142578125,,,236253,18,1,3,0
1891,236375,8338,10908,1.27227783203125,1.6644287109375,1.27227783203125,1.6644287109375,,,236378,18,1,3,0
1892,236500,8359,10927,1.275482177734375,1.667327880859375,1.275482177734375,1.667327880859375,,,236503,18,1,3,0
1893,236625,8384,10939,1.279296875,1.669158935546875,1.279296875,1.669158935546875,,,236628,18,1,3,0
1894,236750,8413,10945,1.283721923828125,1.670074462890625,1.283721923828125,1.670074462890625,,,236753,18,1,3,0
1895,236875,8447,10943,1.288909912109375,1.669769287109375,1.288909912109375,1.669769287109375,,,236878,18,1,3,0
1896,237000,8484,10935,1.2945556640625,1.668548583984375,1.2945556640625,1.668548583984375,,,237003,18,1,3,0
1897,237125,8525,10920,1.300811767578125,1.666259765625,1.300811767578125,1.666259765625,,,237128,18,1,3,0
1898,237250,8570,10898,1.30767822265625,1.66290283203125,1.30767822265625,1.66290283203125,,,237253,18,1,3,0
1899,237375,8619,10870,1.315155029296875,1.65863037109375,1.315155029296875,1.65863037109375,,,237378,18,1,3,0
1900,237500,8671,10836,1.323089599609375,1.6534423828125,1.323089599609375,1.6534423828125,,,237503,18,1,3,0
1901,237625,8727,10795,1.331634521484375,1.647186279296875,1.331634521484375,1.647186279296875,,,237628,18,1,3,0
1902,237750,8785,10749,1.340484619140625,1.640167236328125,1.340484619140625,1.640167236328125,,,237753,18,1,3,0
1903,237875,8847,10697,1.349945068359375,1.632232666015625,1.349945068359375,1.632232666015625,,,237878,18,1,3,0
1904,238000,8911,10639,1.359710693359375,1.623382568359375,1.359710693359375,1.623382568359375,,,238003,18,1,3,0
1905,238125,8979,10577,1.370086669921875,1.613922119140625,1.370086669921875,1.613922119140625,,,238128,18,1,3,0
1906,238250,9048,10510,1.380615234375,1.60369873046875,1.380615234375,1.60369873046875,,,238253,18,1,3,0
1907,238375,9120,10439,1.3916015625,1.592864990234375,1.3916015625,1.592864990234375,,,238378,18,1,3,0
1908,238500,9194,10364,1.40289306640625,1.5814208984375,1.40289306640625,1.5814208984375,,,238503,18,1,3,0
1909,238625,9270,10286,1.41448974609375,1.56951904296875,1.41448974609375,1.56951904296875,,,238628,18,1,3,0
1910,238750,9347,10205,1.426239013671875,1.557159423828125,1.426239013671875,1.557159423828125,,,238753,18,1,3,0
1911,238875,9426,10122,1.43829345703125,1.54449462890625,1.43829345703125,1.54449462890625,,,238878,18,1,3,0
1912,239000,9505,10037,1.450347900390625,1.531524658203125,1.450347900390625,1.531524658203125,,,239003,18,1,3,0
1913,239125,9586,9950,1.46270751953125,1.51824951171875,1.46270751953125,1.51824951171875,,,239128,18,1,3,0
1914,239250,9667,9863,1.475067138671875,1.504974365234375,1.475067138671875,1.504974365234375,,,239253,18,1,3,0
1915,239375,9749,9775,1.487579345703125,1.491546630859375,1.487579345703125,1.491546630859375,,,239378,18,1,3,0
1916,239500,9831,9687,1.500091552734375,1.478118896484375,1.500091552734375,1.478118896484375,,,239503,18,1,3,0
1917,239625,9913,9600,1.512603759765625,1.46484375,1.512603759765625,1.46484375,,,239628,18,1,3,0
1918,239750,9995,9514,1.525115966796875,1.45172119140625,1.525115966796875,1.45172119140625,,,239753,18,1,3,0
1919,239875,10076,9430,1.5374755859375,1.43890380859375,1.5374755859375,1.43890380859375,,,239878,18,1,3,0
1920,240000,10156,9347,1.5496826171875,1.426239013671875,1.5496826171875,1.426239013671875,,,240003,18,1,3,0
1921,240125,10235,9268,1.561737060546875,1.4141845703125,1.561737060546875,1.4141845703125,,,240128,18,1,3,0
1922,240250,10313,9191,1.573638916015625,1.402435302734375,1.573638916015625,1.402435302734375,,,240253,18,1,3,0
1923,240375,10390,9118,1.58538818359375,1.39129638671875,1.58538818359375,1.39129638671875,,,240378,18,1,3,0
1924,240500,10465,9049,1.596832275390625,1.380767822265625,1.596832275390625,1.380767822265625,,,240503,18,1,3,0
1925,240625,10537,8985,1.607818603515625,1.371002197265625,1.607818603515625,1.371002197265625,,,240628,18,1,3,0
1926,240750,10608,8925,1.61865234375,1.361846923828125,1.61865234375,1.361846923828125,,,240753,18,1,3,0
1927,240875,10677,8871,1.629180908203125,1.353607177734375,1.629180908203125,1.353607177734375,,,240878,18,1,3,0
1928,241000,10743,8821,1.639251708984375,1.345977783203125,1.639251708984375,1.345977783203125,,,241003,18,1,3,0
1929,241125,10806,8778,1.64886474609375,1.33941650390625,1.64886474609375,1.33941650390625,,,241128,18,1,3,0
1930,241250,10866,8741,1.65802001953125,1.333770751953125,1.65802001953125,1.333770751953125,,,241253,18,1,3,0
1931,241375,10923,8710,1.666717529296875,1.32904052734375,1.666717529296875,1.32904052734375,,,241378,18,1,3,0
1932,241500,10977,8685,1.674957275390625,1.325225830078125,1.674957275390625,1.325225830078125,,,241503,18,1,3,0
1933,241625,11028,8667,1.6827392578125,1.322479248046875,1.6827392578125,1.322479248046875,,,241628,18,1,3,0
1934,241750,11075,8656,1.689910888671875,1.32080078125,1.689910888671875,1.32080078125,,,241753,18,1,3,0
1935,241875,11118,8652,1.69647216796875,1.3201904296875,1.69647216796875,1.3201904296875,,,241878,18,1,3,0
1936,242000,11158,8654,1.70257568359375,1.32049560546875,1.70257568359375,1.32049560546875,,,242003,18,1,3,0
1937,242125,11193,8664,1.707916259765625,1.322021484375,1.707916259765625,1.322021484375,,,242128,18,1,3,0
1938,242250,11225,8680,1.712799072265625,1.324462890625,1.712799072265625,1.324462890625,,,242253,18,1,3,0
1939,242375,11252,8703,1.7169189453125,1.327972412109375,1.7169189453125,1.327972412109375,,,242378,18,1,3,0
1940,242500,11276,8733,1.7205810546875,1.332550048828125,1.7205810546875,1.332550048828125,,,242503,18,1,3,0
1941,242625,11295,8770,1.723480224609375,1.33819580078125,1.723480224609375,1.33819580078125,,,242628,18,1,3,0
1942,242750,11309,8813,1.725616455078125,1.344757080078125,1.725616455078125,1.344757080078125,,,242753,18,1,3,0
1943,242875,11320,8862,1.727294921875,1.35223388671875,1.727294921875,1.35223388671875,,,242878,18,1,3,0
1944,243000,11326,8918,1.72821044921875,1.36077880859375,1.72821044921875,1.36077880859375,,,243003,18,1,3,0
1945,243125,11328,8979,1.728515625,1.370086669921875,1.728515625,1.370086669921875,,,243128,18,1,3,0
1946,243250,11325,9045,1.728057861328125,1.380157470703125,1.728057861328125,1.380157470703125,,,243253,18,1,3,0
1947,243375,11318,9116,1.72698974609375,1.3909912109375,1.72698974609375,1.3909912109375,,,243378,18,1,3,0
1948,243500,11307,9192,1.725311279296875,1.402587890625,1.725311279296875,1.402587890625,,,243503,18,1,3,0
1949,243625,11291,9273,1.722869873046875,1.414947509765625,1.722869873046875,1.414947509765625,,,243628,18,1,3,0
1950,243750,11272,9357,1.719970703125,1.427764892578125,1.719970703125,1.427764892578125,,,243753,18,1,3,0
1951,243875,11248,9445,1.71630859375,1.441192626953125,1.71630859375,1.441192626953125,,,243878,18,1,3,0
1952,244000,11220,9535,1.7120361328125,1.454925537109375,1.7120361328125,1.454925537109375,,,244003,18,1,3,0
1953,244125,11188,9628,1.7071533203125,1.4691162109375,1.7071533203125,1.4691162109375,,,244128,18,1,3,0
1954,244250,11152,9723,1.70166015625,1.483612060546875,1.70166015625,1.483612060546875,,,244253,18,1,3,0
1955,244375,11112,9819,1.695556640625,1.498260498046875,1.695556640625,1.498260498046875,,,244378,18,1,3,0
1956,244500,11069,9917,1.688995361328125,1.513214111328125,1.688995361328125,1.513214111328125,,,244503,18,1,3,0
1957,244625,11022,10014,1.68182373046875,1.52801513671875,1.68182373046875,1.52801513671875,,,244628,18,1,3,0
1958,244750,10972,10112,1.6741943359375,1.54296875,1.6741943359375,1.54296875,,,244753,18,1,3,0
1959,244875,10919,10209,1.666107177734375,1.557769775390625,1.666107177734375,1.557769775390625,,,244878,18,1,3,0
1960,245000,10863,10305,1.657562255859375,1.572418212890625,1.657562255859375,1.572418212890625,,,245003,18,1,3,0
1961,245125,10803,10399,1.648406982421875,1.586761474609375,1.648406982421875,1.586761474609375,,,245128,18,1,3,0
1962,245250,10742,10491,1.63909912109375,1.600799560546875,1.63909912109375,1.600799560546875,,,245253,18,1,3,0
1963,245375,10677,10580,1.629180908203125,1.6143798828125,1.629180908203125,1.6143798828125,,,245378,18,1,3,0
1964,245500,10611,10666,1.619110107421875,1.62750244140625,1.619110107421875,1.62750244140625,,,245503,18,1,3,0
1965,245625,10542,10748,1.60858154296875,1.6400146484375,1.60858154296875,1.6400146484375,,,245628,18,1,3,0
1966,245750,10472,10827,1.597900390625,1.652069091796875,1.597900390625,1.652069091796875,,,245753,18,1,3,0
1967,245875,10400,10900,1.5869140625,1.6632080078125,1.5869140625,1.6632080078125,,,245878,18,1,3,0
1968,246000,10326,10969,1.57562255859375,1.673736572265625,1.57562255859375,1.673736572265625,,,246003,18,1,3,0
1969,246125,10251,11032,1.564178466796875,1.683349609375,1.564178466796875,1.683349609375,,,246128,18,1,3,0
1970,246250,10175,11090,1.552581787109375,1.69219970703125,1.552581787109375,1.69219970703125,,,246253,18,1,3,0
1971,246375,10099,11142,1.540985107421875,1.70013427734375,1.540985107421875,1.70013427734375,,,246378,18,1,3,0
1972,246500,10022,11187,1.52923583984375,1.707000732421875,1.52923583984375,1.707000732421875,,,246503,18,1,3,0
1973,246625,9945,11225,1.517486572265625,1.712799072265625,1.517486572265625,1.712799072265625,,,246628,18,1,3,0
1974,246750,9867,11257,1.505584716796875,1.717681884765625,1.505584716796875,1.717681884765625,,,246753,18,1,3,0
1975,246875,9790,11282,1.49383544921875,1.72149658203125,1.49383544921875,1.72149658203125,,,246878,18,1,3,0
1976,247000,9713,11300,1.482086181640625,1.7242431640625,1.482086181640625,1.7242431640625,,,247003,18,1,3,0
1977,247125,9637,11310,1.470489501953125,1.72576904296875,1.470489501953125,1.72576904296875,,,247128,18,1,3,0
1978,247250,9562,11313,1.45904541015625,1.726226806640625,1.45904541015625,1.726226806640625,,,247253,18,1,3,0
1979,247375,9488,11309,1.44775390625,1.725616455078125,1.44775390625,1.725616455078125,,,247378,18,1,3,0
1980,247500,9415,11297,1.436614990234375,1.723785400390625,1.436614990234375,1.723785400390625,,,247503,18,1,3,0
1981,247625,9344,11278,1.42578125,1.72088623046875,1.42578125,1.72088623046875,,,247628,18,1,3,0
1982,247750,9275,11251,1.415252685546875,1.716766357421875,1.415252685546875,1.716766357421875,,,247753,18,1,3,0
1983,247875,9207,11218,1.404876708984375,1.71173095703125,1.404876708984375,1.71173095703125,,,247878,18,1,3,0
1984,248000,9142,11177,1.39495849609375,1.705474853515625,1.39495849609375,1.705474853515625,,,248003,18,1,3,0
1985,248125,9079,11130,1.385345458984375,1.69830322265625,1.385345458984375,1.69830322265625,,,248128,18,1,3,0
1986,248250,9019,11076,1.376190185546875,1.6900634765625,1.376190185546875,1.6900634765625,,,248253,18,1,3,0
1987,248375,8961,11016,1.367340087890625,1.680908203125,1.367340087890625,1.680908203125,,,248378,18,1,3,0
1988,248500,8906,10949,1.35894775390625,1.670684814453125,1.35894775390625,1.670684814453125,,,248503,18,1,3,0
1989,248625,8854,10877,1.35101318359375,1.659698486328125,1.35101318359375,1.659698486328125,,,248628,18,1,3,0
1990,248750,8806,10800,1.34368896484375,1.64794921875,1.34368896484375,1.64794921875,,,248753,18,1,3,0
1991,248875,8760,10718,1.336669921875,1.63543701171875,1.336669921875,1.63543701171875,,,248878,18,1,3,0
1992,249000,8718,10631,1.33026123046875,1.622161865234375,1.33026123046875,1.622161865234375,,,249003,18,1,3,0
1993,249125,8680,10540,1.324462890625,1.6082763671875,1.324462890625,1.6082763671875,,,249128,18,1,3,0
1994,249250,8645,10445,1.319122314453125,1.593780517578125,1.319122314453125,1.593780517578125,,,249253,18,1,3,0
1995,249375,8615,10348,1.314544677734375,1.5789794921875,1.314544677734375,1.5789794921875,,,249378,18,1,3,0
1996,249500,8588,10247,1.3104248046875,1.563568115234375,1.3104248046875,1.563568115234375,,,249503,18,1,3,0
1997,249625,8564,10145,1.3067626953125,1.548004150390625,1.3067626953125,1.548004150390625,,,249628,18,1,3,0
1998,249750,8545,10041,1.303863525390625,1.532135009765625,1.303863525390625,1.532135009765625,,,249753,18,1,3,0
1999,249875,8530,9936,1.30157470703125,1.51611328125,1.30157470703125,1.51611328125,,,249878,18,1,3,0
2000,250000,8519,9830,1.299896240234375,1.49993896484375,1.299896240234375,1.49993896484375,,,250003,18,1,3,0
2001,250125,8512,9724,1.298828125,1.4837646484375,1.298828125,1.4837646484375,,,250128,18,1,3,0
2002,250250,8509,9619,1.298370361328125,1.467742919921875,1.298370361328125,1.467742919921875,,,250253,18,1,3,0
2003,250375,8511,9515,1.298675537109375,1.451873779296875,1.298675537109375,1.451873779296875,,,250378,18,1,3,0
2004,250500,8516,9413,1.2994384765625,1.436309814453125,1.2994384765625,1.436309814453125,,,250503,18,1,3,0
2005,250625,8525,9312,1.300811767578125,1.4208984375,1.300811767578125,1.4208984375,,,250628,18,1,3,0
2006,250750,8538,9215,1.30279541015625,1.406097412109375,1.30279541015625,1.406097412109375,,,250753,18,1,3,0
2007,250875,8556,9120,1.3055419921875,1.3916015625,1.3055419921875,1.3916015625,,,250878,18,1,3,0
2008,251000,8577,9029,1.308746337890625,1.377716064453125,1.308746337890625,1.377716064453125,,,251003,18,1,3,0
2009,251125,8601,8942,1.312408447265625,1.36444091796875,1.312408447265625,1.36444091796875,,,251128,18,1,3,0
2010,251250,8630,8860,1.31683349609375,1.3519287109375,1.31683349609375,1.3519287109375,,,251253,18,1,3,0
2011,251375,8662,8783,1.32171630859375,1.340179443359375,1.32171630859375,1.340179443359375,,,251378,18,1,3,0
2012,251500,8698,8711,1.32720947265625,1.329193115234375,1.32720947265625,1.329193115234375,,,251503,18,1,3,0
2013,251625,8737,8644,1.333160400390625,1.3189697265625,1.333160400390625,1.3189697265625,,,251628,18,1,3,0
2014,251750,8779,8584,1.339569091796875,1.309814453125,1.339569091796875,1.309814453125,,,251753,18,1,3,0
2015,251875,8824,8530,1.346435546875,1.30157470703125,1.346435546875,1.30157470703125,,,251878,18,1,3,0
2016,252000,8872,8483,1.353759765625,1.294403076171875,1.353759765625,1.294403076171875,,,252003,18,1,3,0
2017,252125,8923,8442,1.361541748046875,1.28814697265625,1.361541748046875,1.28814697265625,,,252128,18,1,3,0
2018,252250,8977,8408,1.369781494140625,1.282958984375,1.369781494140625,1.282958984375,,,252253,18,1,3,0
2019,252375,9033,8382,1.378326416015625,1.27899169921875,1.378326416015625,1.27899169921875,,,252378,18,1,3,0
2020,252500,9091,8363,1.387176513671875,1.276092529296875,1.387176513671875,1.276092529296875,,,252503,18,1,3,0
2021,252625,9151,8351,1.396331787109375,1.274261474609375,1.396331787109375,1.274261474609375,,,252628,18,1,3,0
2022,252750,9213,8347,1.405792236328125,1.273651123046875,1.405792236328125,1.273651123046875,,,252753,18,1,3,0
2023,252875,9277,8350,1.415557861328125,1.27410888671875,1.415557861328125,1.27410888671875,,,252878,18,1,3,0
2024,253000,9342,8360,1.42547607421875,1.275634765625,1.42547607421875,1.275634765625,,,253003,18,1,3,0
2025,253125,9409,8378,1.435699462890625,1.27838134765625,1.435699462890625,1.27838134765625,,,253128,18,1,3,0
2026,253250,9476,8402,1.4459228515625,1.28204345703125,1.4459228515625,1.28204345703125,,,253253,18,1,3,0
2027,253375,9544,8434,1.456298828125,1.28692626953125,1.456298828125,1.28692626953125,,,253378,18,1,3,0
2028,253500,9613,8473,1.466827392578125,1.292877197265625,1.466827392578125,1.292877197265625,,,253503,18,1,3,0
2029,253625,9682,8518,1.47735595703125,1.29974365234375,1.47735595703125,1.29974365234375,,,253628,18,1,3,0
2030,253750,9752,8570,1.488037109375,1.30767822265625,1.488037109375,1.30767822265625,,,253753,18,1,3,0
2031,253875,9821,8627,1.498565673828125,1.316375732421875,1.498565673828125,1.316375732421875,,,253878,18,1,3,0
2032,254000,9890,8691,1.50909423828125,1.326141357421875,1.50909423828125,1.326141357421875,,,254003,18,1,3,0
2033,254125,9958,8759,1.51947021484375,1.336517333984375,1.51947021484375,1.336517333984375,,,254128,18,1,3,0
2034,254250,10026,8833,1.52984619140625,1.347808837890625,1.52984619140625,1.347808837890625,,,254253,18,1,3,0
2035,254375,10092,8911,1.5399169921875,1.359710693359375,1.5399169921875,1.359710693359375,,,254378,18,1,3,0
2036,254500,10158,8994,1.54998779296875,1.37237548828125,1.54998779296875,1.37237548828125,,,254503,18,1,3,0
2037,254625,10222,9080,1.55975341796875,1.385498046875,1.55975341796875,1.385498046875,,,254628,18,1,3,0
2038,254750,10284,9169,1.5692138671875,1.399078369140625,1.5692138671875,1.399078369140625,,,254753,18,1,3,0
2039,254875,10345,9261,1.578521728515625,1.413116455078125,1.578521728515625,1.413116455078125,,,254878,18,1,3,0
2040,255000,10404,9355,1.5875244140625,1.427459716796875,1.5875244140625,1.427459716796875,,,255003,18,1,3,0
2041,255125,10461,9451,1.596221923828125,1.442108154296875,1.596221923828125,1.442108154296875,,,255128,18,1,3,0
2042,255250,10515,9548,1.604461669921875,1.4569091796875,1.604461669921875,1.4569091796875,,,255253,18,1,3,0
2043,255375,10567,9645,1.612396240234375,1.471710205078125,1.612396240234375,1.471710205078125,,,255378,18,1,3,0
2044,255500,10616,9743,1.619873046875,1.486663818359375,1.619873046875,1.486663818359375,,,255503,18,1,3,0
2045,255625,10662,9840,1.62689208984375,1.50146484375,1.62689208984375,1.50146484375,,,255628,18,1,3,0
2046,255750,10706,9937,1.63360595703125,1.516265869140625,1.63360595703125,1.516265869140625,,,255753,18,1,3,0
2047,255875,10746,10032,1.63970947265625,1.53076171875,1.63970947265625,1.53076171875,,,255878,18,1,3,0
2048,256000,10783,10125,1.645355224609375,1.544952392578125,1.645355224609375,1.544952392578125,,,256003,18,1,3,0
2049,256125,10817,10215,1.650543212890625,1.558685302734375,1.650543212890625,1.558685302734375,,,256128,18,1,3,0
2050,256250,10848,10303,1.6552734375,1.572113037109375,1.6552734375,1.572113037109375,,,256253,18,1,3,0
2051,256375,10875,10387,1.659393310546875,1.584930419921875,1.659393310546875,1.584930419921875,,,256378,18,1,3,0
2052,256500,10898,10467,1.66290283203125,1.597137451171875,1.66290283203125,1.597137451171875,,,256503,18,1,3,0
2053,256625,10918,10543,1.66595458984375,1.608734130859375,1.66595458984375,1.608734130859375,,,256628,18,1,3,0
2054,256750,10934,10615,1.66839599609375,1.619720458984375,1.66839599609375,1.619720458984375,,,256753,18,1,3,0
2055,256875,10946,10681,1.67022705078125,1.629791259765625,1.67022705078125,1.629791259765625,,,256878,18,1,3,0
2056,257000,10955,10742,1.671600341796875,1.63909912109375,1.671600341796875,1.63909912109375,,,257003,18,1,3,0
2057,257125,10960,10797,1.67236328125,1.647491455078125,1.67236328125,1.647491455078125,,,257128,18,1,3,0
2058,257250,10961,10847,1.672515869140625,1.655120849609375,1.672515869140625,1.655120849609375,,,257253,18,1,3,0
2059,257375,10958,10890,1.67205810546875,1.66168212890625,1.67205810546875,1.66168212890625,,,257378,18,1,3,0
2060,257500,10951,10926,1.670989990234375,1.66717529296875,1.670989990234375,1.66717529296875,,,257503,18,1,3,0
2061,257625,10941,10956,1.669464111328125,1.6717529296875,1.669464111328125,1.6717529296875,,,257628,18,1,3,0
2062,257750,10927,10980,1.667327880859375,1.6754150390625,1.667327880859375,1.6754150390625,,,257753,18,1,3,0
2063,257875,10909,10996,1.664581298828125,1.6778564453125,1.664581298828125,1.6778564453125,,,257878,18,1,3,0
2064,258000,10888,11006,1.661376953125,1.67938232421875,1.661376953125,1.67938232421875,,,258003,18,1,3,0
2065,258125,10863,11008,1.657562255859375,1.6796875,1.657562255859375,1.6796875,,,258128,18,1,3,0
2066,258250,10835,11004,1.653289794921875,1.6790771484375,1.653289794921875,1.6790771484375,,,258253,18,1,3,0
2067,258375,10804,10993,1.6485595703125,1.677398681640625,1.6485595703125,1.677398681640625,,,258378,18,1,3,0
2068,258500,10769,10975,1.643218994140625,1.674652099609375,1.643218994140625,1.674652099609375,,,258503,18,1,3,0
2069,258625,10731,10950,1.637420654296875,1.67083740234375,1.637420654296875,1.67083740234375,,,258628,18,1,3,0
2070,258750,10691,10919,1.631317138671875,1.666107177734375,1.631317138671875,1.666107177734375,,,258753,18,1,3,0
2071,258875,10647,10882,1.624603271484375,1.66046142578125,1.624603271484375,1.66046142578125,,,258878,18,1,3,0
2072,259000,10601,10838,1.617584228515625,1.65374755859375,1.617584228515625,1.65374755859375,,,259003,18,1,3,0
2073,259125,10552,10789,1.610107421875,1.646270751953125,1.610107421875,1.646270751953125,,,259128,18,1,3,0
2074,259250,10501,10735,1.602325439453125,1.638031005859375,1.602325439453125,1.638031005859375,,,259253,18,1,3,0
2075,259375,10448,10675,1.59423828125,1.628875732421875,1.59423828125,1.628875732421875,,,259378,18,1,3,0
2076,259500,10393,10610,1.585845947265625,1.61895751953125,1.585845947265625,1.61895751953125,,,259503,18,1,3,0
2077,259625,10336,10541,1.5771484375,1.608428955078125,1.5771484375,1.608428955078125,,,259628,18,1,3,0
2078,259750,10277,10468,1.568145751953125,1.5972900390625,1.568145751953125,1.5972900390625,,,259753,18,1,3,0
2079,259875,10217,10392,1.558990478515625,1.585693359375,1.558990478515625,1.585693359375,,,259878,18,1,3,0
2080,260000,10156,10312,1.5496826171875,1.573486328125,1.5496826171875,1.573486328125,,,260003,18,1,3,0
2081,260125,10094,10230,1.54022216796875,1.56097412109375,1.54022216796875,1.56097412109375,,,260128,18,1,3,0
2082,260250,10031,10146,1.530609130859375,1.54815673828125,1.530609130859375,1.54815673828125,,,260253,18,1,3,0
2083,260375,9967,10060,1.520843505859375,1.5350341796875,1.520843505859375,1.5350341796875,,,260378,18,1,3,0
2084,260500,9903,9973,1.511077880859375,1.521759033203125,1.511077880859375,1.521759033203125,,,260503,18,1,3,0
2085,260625,9839,9885,1.501312255859375,1.508331298828125,1.501312255859375,1.508331298828125,,,260628,18,1,3,0
2086,260750,9774,9797,1.49139404296875,1.494903564453125,1.49139404296875,1.494903564453125,,,260753,18,1,3,0
2087,260875,9711,9710,1.481781005859375,1.48162841796875,1.481781005859375,1.48162841796875,,,260878,18,1,3,0
2088,261000,9647,9623,1.472015380859375,1.468353271484375,1.472015380859375,1.468353271484375,,,261003,18,1,3,0
2089,261125,9584,9538,1.46240234375,1.45538330078125,1.46240234375,1.45538330078125,,,261128,18,1,3,0
2090,261250,9522,9454,1.45294189453125,1.44256591796875,1.45294189453125,1.44256591796875,,,261253,18,1,3,0
2091,261375,9462,9373,1.44378662109375,1.430206298828125,1.44378662109375,1.430206298828125,,,261378,18,1,3,0
2092,261500,9402,9295,1.43463134765625,1.418304443359375,1.43463134765625,1.418304443359375,,,261503,18,1,3,0
2093,261625,9344,9221,1.42578125,1.407012939453125,1.42578125,1.407012939453125,,,261628,18,1,3,0
2094,261750,9288,9150,1.417236328125,1.39617919921875,1.417236328125,1.39617919921875,,,261753,18,1,3,0
2095,261875,9233,9083,1.408843994140625,1.385955810546875,1.408843994140625,1.385955810546875,,,261878,18,1,3,0
2096,262000,9181,9021,1.400909423828125,1.376495361328125,1.400909423828125,1.376495361328125,,,262003,18,1,3,0
2097,262125,9131,8963,1.393280029296875,1.367645263671875,1.393280029296875,1.367645263671875,,,262128,18,1,3,0
2098,262250,9083,8911,1.385955810546875,1.359710693359375,1.385955810546875,1.359710693359375,,,262253,18,1,3,0
2099,262375,9038,8865,1.37908935546875,1.352691650390625,1.37908935546875,1.352691650390625,,,262378,18,1,3,0
2100,262500,8995,8824,1.372528076171875,1.346435546875,1.372528076171875,1.346435546875,,,262503,18,1,3,0
2101,262625,8956,8790,1.3665771484375,1.34124755859375,1.3665771484375,1.34124755859375,,,262628,18,1,3,0
2102,262750,8919,8762,1.360931396484375,1.33697509765625,1.360931396484375,1.33697509765625,,,262753,18,1,3,0
2103,262875,8886,8740,1.35589599609375,1.3336181640625,1.35589599609375,1.3336181640625,,,262878,18,1,3,0
2104,263000,8855,8725,1.351165771484375,1.331329345703125,1.351165771484375,1.331329345703125,,,263003,18,1,3,0
2105,263125,8828,8717,1.3470458984375,1.330108642578125,1.3470458984375,1.330108642578125,,,263128,18,1,3,0
2106,263250,8805,8715,1.343536376953125,1.329803466796875,1.343536376953125,1.329803466796875,,,263253,18,1,3,0
2107,263375,8784,8721,1.34033203125,1.330718994140625,1.34033203125,1.330718994140625,,,263378,18,1,3,0
2108,263500,8768,8733,1.337890625,1.332550048828125,1.337890625,1.332550048828125,,,263503,18,1,3,0
2109,263625,8755,8752,1.335906982421875,1.33544921875,1.335906982421875,1.33544921875,,,263628,18,1,3,0
2110,263750,8746,8778,1.33453369140625,1.33941650390625,1.33453369140625,1.33941650390625,,,263753,18,1,3,0
2111,263875,8740,8810,1.3336181640625,1.34429931640625,1.3336181640625,1.34429931640625,,,263878,18,1,3,0
2112,264000,8738,8848,1.33331298828125,1.35009765625,1.33331298828125,1.35009765625,,,264003,18,1,3,0
2113,264125,8740,8893,1.3336181640625,1.356964111328125,1.3336181640625,1.356964111328125,,,264128,18,1,3,0
2114,264250,8746,8944,1.33453369140625,1.36474609375,1.33453369140625,1.36474609375,,,264253,18,1,3,0
2115,264375,8755,9001,1.335906982421875,1.373443603515625,1.335906982421875,1.373443603515625,,,264378,18,1,3,0
2116,264500,8768,9062,1.337890625,1.38275146484375,1.337890625,1.38275146484375,,,264503,18,1,3,0
2117,264625,8785,9129,1.340484619140625,1.392974853515625,1.340484619140625,1.392974853515625,,,264628,18,1,3,0
2118,264750,8805,9201,1.343536376953125,1.403961181640625,1.343536376953125,1.403961181640625,,,264753,18,1,3,0
2119,264875,8829,9277,1.347198486328125,1.415557861328125,1.347198486328125,1.415557861328125,,,264878,18,1,3,0
2120,265000,8856,9357,1.351318359375,1.427764892578125,1.351318359375,1.427764892578125,,,265003,18,1,3,0
2121,265125,8887,9440,1.356048583984375,1.4404296875,1.356048583984375,1.4404296875,,,265128,18,1,3,0
2122,265250,8921,9527,1.361236572265625,1.453704833984375,1.361236572265625,1.453704833984375,,,265253,18,1,3,0
2123,265375,8958,9616,1.36688232421875,1.46728515625,1.36688232421875,1.46728515625,,,265378,18,1,3,0
2124,265500,8998,9707,1.37298583984375,1.481170654296875,1.37298583984375,1.481170654296875,,,265503,18,1,3,0
2125,265625,9042,9799,1.37969970703125,1.495208740234375,1.37969970703125,1.495208740234375,,,265628,18,1,3,0
2126,265750,9088,9893,1.38671875,1.509552001953125,1.38671875,1.509552001953125,,,265753,18,1,3,0
2127,265875,9136,9987,1.39404296875,1.523895263671875,1.39404296875,1.523895263671875,,,265878,18,1,3,0
2128,266000,9187,10081,1.401824951171875,1.538238525390625,1.401824951171875,1.538238525390625,,,266003,18,1,3,0
2129,266125,9241,10175,1.410064697265625,1.552581787109375,1.410064697265625,1.552581787109375,,,266128,18,1,3,0
2130,266250,9297,10267,1.418609619140625,1.566619873046875,1.418609619140625,1.566619873046875,,,266253,18,1,3,0
2131,266375,9354,10358,1.42730712890625,1.58050537109375,1.42730712890625,1.58050537109375,,,266378,18,1,3,0
2132,266500,9414,10447,1.43646240234375,1.594085693359375,1.43646240234375,1.594085693359375,,,266503,18,1,3,0
2133,266625,9475,10534,1.445770263671875,1.60736083984375,1.445770263671875,1.60736083984375,,,266628,18,1,3,0
2134,266750,9537,10617,1.455230712890625,1.620025634765625,1.455230712890625,1.620025634765625,,,266753,18,1,3,0
2135,266875,9601,10697,1.464996337890625,1.632232666015625,1.464996337890625,1.632232666015625,,,266878,18,1,3,0
2136,267000,9666,10773,1.47491455078125,1.643829345703125,1.47491455078125,1.643829345703125,,,267003,18,1,3,0
2137,267125,9731,10844,1.484832763671875,1.6546630859375,1.484832763671875,1.6546630859375,,,267128,18,1,3,0
2138,267250,9797,10911,1.494903564453125,1.664886474609375,1.494903564453125,1.664886474609375,,,267253,18,1,3,0
2139,267375,9864,10972,1.505126953125,1.6741943359375,1.505126953125,1.6741943359375,,,267378,18,1,3,0
2140,267500,9930,11028,1.51519775390625,1.6827392578125,1.51519775390625,1.6827392578125,,,267503,18,1,3,0
2141,267625,9997,11078,1.525421142578125,1.69036865234375,1.525421142578125,1.69036865234375,,,267628,18,1,3,0
2142,267750,10063,11121,1.535491943359375,1.696929931640625,1.535491943359375,1.696929931640625,,,267753,18,1,3,0
2143,267875,10129,11159,1.545562744140625,1.702728271484375,1.545562744140625,1.702728271484375,,,267878,18,1,3,0
2144,268000,10194,11189,1.55548095703125,1.707305908203125,1.55548095703125,1.707305908203125,,,268003,18,1,3,0
2145,268125,10258,11213,1.56524658203125,1.710968017578125,1.56524658203125,1.710968017578125,,,268128,18,1,3,0
2146,268250,10321,11230,1.574859619140625,1.71356201171875,1.574859619140625,1.71356201171875,,,268253,18,1,3,0
2147,268375,10383,11239,1.584320068359375,1.714935302734375,1.584320068359375,1.714935302734375,,,268378,18,1,3,0
2148,268500,10443,11242,1.593475341796875,1.71539306640625,1.593475341796875,1.71539306640625,,,268503,18,1,3,0
2149,268625,10502,11237,1.60247802734375,1.714630126953125,1.60247802734375,1.714630126953125,,,268628,18,1,3,0
2150,268750,10558,11224,1.61102294921875,1.712646484375,1.61102294921875,1.712646484375,,,268753,18,1,3,0
2151,268875,10612,11205,1.6192626953125,1.709747314453125,1.6192626953125,1.709747314453125,,,268878,18,1,3,0
2152,269000,10665,11178,1.627349853515625,1.70562744140625,1.627349853515625,1.70562744140625,,,269003,18,1,3,0
2153,269125,10714,11144,1.63482666015625,1.700439453125,1.63482666015625,1.700439453125,,,269128,18,1,3,0
2154,269250,10761,11104,1.641998291015625,1.6943359375,1.641998291015625,1.6943359375,,,269253,18,1,3,0
2155,269375,10805,11056,1.648712158203125,1.68701171875,1.648712158203125,1.68701171875,,,269378,18,1,3,0
2156,269500,10846,11002,1.65496826171875,1.67877197265625,1.65496826171875,1.67877197265625,,,269503,18,1,3,0
2157,269625,10884,10942,1.6607666015625,1.66961669921875,1.6607666015625,1.66961669921875,,,269628,18,1,3,0
2158,269750,10919,10876,1.666107177734375,1.6595458984375,1.666107177734375,1.6595458984375,,,269753,18,1,3,0
2159,269875,10951,10804,1.670989990234375,1.6485595703125,1.670989990234375,1.6485595703125,,,269878,18,1,3,0
2160,270000,10978,10727,1.67510986328125,1.636810302734375,1.67510986328125,1.636810302734375,,,270003,18,1,3,0
2161,270125,11003,10645,1.678924560546875,1.624298095703125,1.678924560546875,1.624298095703125,,,270128,18,1,3,0
2162,270250,11024,10559,1.68212890625,1.611175537109375,1.68212890625,1.611175537109375,,,270253,18,1,3,0
2163,270375,11041,10468,1.684722900390625,1.5972900390625,1.684722900390625,1.5972900390625,,,270378,18,1,3,0
2164,270500,11054,10374,1.68670654296875,1.58294677734375,1.68670654296875,1.58294677734375,,,270503,18,1,3,0
2165,270625,11063,10277,1.688079833984375,1.568145751953125,1.688079833984375,1.568145751953125,,,270628,18,1,3,0
2166,270750,11069,10177,1.688995361328125,1.552886962890625,1.688995361328125,1.552886962890625,,,270753,18,1,3,0
2167,270875,11070,10076,1.68914794921875,1.5374755859375,1.68914794921875,1.5374755859375,,,270878,18,1,3,0
2168,271000,11068,9972,1.6888427734375,1.5216064453125,1.6888427734375,1.5216064453125,,,271003,18,1,3,0
2169,271125,11061,9868,1.687774658203125,1.5057373046875,1.687774658203125,1.5057373046875,,,271128,18,1,3,0
2170,271250,11051,9763,1.686248779296875,1.489715576171875,1.686248779296875,1.489715576171875,,,271253,18,1,3,0
2171,271375,11037,9658,1.684112548828125,1.47369384765625,1.684112548828125,1.47369384765625,,,271378,18,1,3,0
2172,271500,11018,9553,1.68121337890625,1.457672119140625,1.68121337890625,1.457672119140625,,,271503,18,1,3,0
2173,271625,10996,9450,1.6778564453125,1.44195556640625,1.6778564453125,1.44195556640625,,,271628,18,1,3,0
2174,271750,10970,9348,1.67388916015625,1.4263916015625,1.67388916015625,1.4263916015625,,,271753,18,1,3,0
2175,271875,10941,9249,1.669464111328125,1.411285400390625,1.669464111328125,1.411285400390625,,,271878,18,1,3,0
2176,272000,10908,9152,1.6644287109375,1.396484375,1.6644287109375,1.396484375,,,272003,18,1,3,0
2177,272125,10871,9058,1.658782958984375,1.38214111328125,1.658782958984375,1.38214111328125,,,272128,18,1,3,0
2178,272250,10831,8968,1.652679443359375,1.368408203125,1.652679443359375,1.368408203125,,,272253,18,1,3,0
2179,272375,10787,8882,1.645965576171875,1.35528564453125,1.645965576171875,1.35528564453125,,,272378,18,1,3,0
2180,272500,10740,8801,1.6387939453125,1.342926025390625,1.6387939453125,1.342926025390625,,,272503,18,1,3,0
2181,272625,10690,8725,1.63116455078125,1.331329345703125,1.63116455078125,1.331329345703125,,,272628,18,1,3,0
2182,272750,10637,8653,1.623077392578125,1.320343017578125,1.623077392578125,1.320343017578125,,,272753,18,1,3,0
2183,272875,10582,8588,1.61468505859375,1.3104248046875,1.61468505859375,1.3104248046875,,,272878,18,1,3,0
2184,273000,10523,8529,1.605682373046875,1.301422119140625,1.605682373046875,1.301422119140625,,,273003,18,1,3,0
2185,273125,10463,8476,1.596527099609375,1.2933349609375,1.596527099609375,1.2933349609375,,,273128,18,1,3,0
2186,273250,10400,8430,1.5869140625,1.28631591796875,1.5869140625,1.28631591796875,,,273253,18,1,3,0
2187,273375,10335,8390,1.576995849609375,1.28021240234375,1.576995849609375,1.28021240234375,,,273378,18,1,3,0
2188,273500,10268,8358,1.5667724609375,1.27532958984375,1.5667724609375,1.27532958984375,,,273503,18,1,3,0
2189,273625,10199,8333,1.556243896484375,1.271514892578125,1.556243896484375,1.271514892578125,,,273628,18,1,3,0
2190,273750,10129,8315,1.545562744140625,1.268768310546875,1.545562744140625,1.268768310546875,,,273753,18,1,3,0
2191,273875,10058,8305,1.53472900390625,1.267242431640625,1.53472900390625,1.267242431640625,,,273878,18,1,3,0
2192,274000,9985,8302,1.523590087890625,1.26678466796875,1.523590087890625,1.26678466796875,,,274003,18,1,3,0
2193,274125,9912,8307,1.512451171875,1.267547607421875,1.512451171875,1.267547607421875,,,274128,18,1,3,0
2194,274250,9838,8319,1.50115966796875,1.269378662109375,1.50115966796875,1.269378662109375,,,274253,18,1,3,0
2195,274375,9764,8338,1.4898681640625,1.27227783203125,1.4898681640625,1.27227783203125,,,274378,18,1,3,0
2196,274500,9690,8365,1.47857666015625,1.276397705078125,1.47857666015625,1.276397705078125,,,274503,18,1,3,0
2197,274625,9615,8398,1.467132568359375,1.28143310546875,1.467132568359375,1.28143310546875,,,274628,18,1,3,0
2198,274750,9542,8439,1.45599365234375,1.287689208984375,1.45599365234375,1.287689208984375,,,274753,18,1,3,0
2199,274875,9468,8486,1.4447021484375,1.29486083984375,1.4447021484375,1.29486083984375,,,274878,18,1,3,0
2200,275000,9395,8540,1.433563232421875,1.3031005859375,1.433563232421875,1.3031005859375,,,275003,18,1,3,0
2201,275125,9324,8600,1.4227294921875,1.312255859375,1.4227294921875,1.312255859375,,,275128,18,1,3,0
2202,275250,9253,8666,1.411895751953125,1.32232666015625,1.411895751953125,1.32232666015625,,,275253,18,1,3,0
2203,275375,9184,8737,1.4013671875,1.333160400390625,1.4013671875,1.333160400390625,,,275378,18,1,3,0
2204,275500,9117,8813,1.391143798828125,1.344757080078125,1.391143798828125,1.344757080078125,,,275503,18,1,3,0
2205,275625,9052,8894,1.3812255859375,1.35711669921875,1.3812255859375,1.35711669921875,,,275628,18,1,3,0
2206,275750,8988,8979,1.3714599609375,1.370086669921875,1.3714599609375,1.370086669921875,,,275753,18,1,3,0
2207,275875,8927,9068,1.362152099609375,1.3836669921875,1.362152099609375,1.3836669921875,,,275878,18,1,3,0
2208,276000,8868,9160,1.3531494140625,1.397705078125,1.3531494140625,1.397705078125,,,276003,18,1,3,0
2209,276125,8812,9255,1.3446044921875,1.412200927734375,1.3446044921875,1.412200927734375,,,276128,18,1,3,0
2210,276250,8759,9352,1.336517333984375,1.427001953125,1.336517333984375,1.427001953125,,,276253,18,1,3,0
2211,276375,8709,9451,1.328887939453125,1.442108154296875,1.328887939453125,1.442108154296875,,,276378,18,1,3,0
2212,276500,8662,9551,1.32171630859375,1.457366943359375,1.32171630859375,1.457366943359375,,,276503,18,1,3,0
2213,276625,8618,9652,1.31500244140625,1.4727783203125,1.31500244140625,1.4727783203125,,,276628,18,1,3,0
2214,276750,8578,9754,1.30889892578125,1.48834228515625,1.30889892578125,1.48834228515625,,,276753,18,1,3,0
2215,276875,8541,9854,1.303253173828125,1.50360107421875,1.303253173828125,1.50360107421875,,,276878,18,1,3,0
2216,277000,8508,9954,1.2982177734375,1.51885986328125,1.2982177734375,1.51885986328125,,,277003,18,1,3,0
2217,277125,8479,10053,1.293792724609375,1.533966064453125,1.293792724609375,1.533966064453125,,,277128,18,1,3,0
2218,277250,8453,10149,1.289825439453125,1.548614501953125,1.289825439453125,1.548614501953125,,,277253,18,1,3,0
2219,277375,8432,10244,1.28662109375,1.5631103515625,1.28662109375,1.5631103515625,,,277378,18,1,3,0
2220,277500,8415,10335,1.284027099609375,1.576995849609375,1.284027099609375,1.576995849609375,,,277503,18,1,3,0
2221,277625,8402,10423,1.28204345703125,1.590423583984375,1.28204345703125,1.590423583984375,,,277628,18,1,3,0
2222,277750,8393,10507,1.280670166015625,1.603240966796875,1.280670166015625,1.603240966796875,,,277753,18,1,3,0
2223,277875,8388,10587,1.2799072265625,1.615447998046875,1.2799072265625,1.615447998046875,,,277878,18,1,3,0
2224,278000,8388,10662,1.2799072265625,1.62689208984375,1.2799072265625,1.62689208984375,,,278003,18,1,3,0
2225,278125,8392,10732,1.280517578125,1.6375732421875,1.280517578125,1.6375732421875,,,278128,18,1,3,0
2226,278250,8400,10796,1.28173828125,1.6473388671875,1.28173828125,1.6473388671875,,,278253,18,1,3,0
2227,278375,8413,10855,1.283721923828125,1.656341552734375,1.283721923828125,1.656341552734375,,,278378,18,1,3,0
2228,278500,8429,10908,1.286163330078125,1.6644287109375,1.286163330078125,1.6644287109375,,,278503,18,1,3,0
2229,278625,8450,10955,1.28936767578125,1.671600341796875,1.28936767578125,1.671600341796875,,,278628,18,1,3,0
2230,278750,8475,10995,1.293182373046875,1.677703857421875,1.293182373046875,1.677703857421875,,,278753,18,1,3,0
2231,278875,8504,11028,1.297607421875,1.6827392578125,1.297607421875,1.6827392578125,,,278878,18,1,3,0
2232,279000,8537,11055,1.302642822265625,1.686859130859375,1.302642822265625,1.686859130859375,,,279003,18,1,3,0
2233,279125,8574,11074,1.30828857421875,1.68975830078125,1.30828857421875,1.68975830078125,,,279128,18,1,3,0
2234,279250,8615,11087,1.314544677734375,1.691741943359375,1.314544677734375,1.691741943359375,,,279253,18,1,3,0
2235,279375,8660,11093,1.3214111328125,1.692657470703125,1.3214111328125,1.692657470703125,,,279378,18,1,3,0
2236,279500,8708,11091,1.3287353515625,1.692352294921875,1.3287353515625,1.692352294921875,,,279503,18,1,3,0
2237,279625,8759,11083,1.336517333984375,1.691131591796875,1.336517333984375,1.691131591796875,,,279628,18,1,3,0
2238,279750,8814,11067,1.34490966796875,1.688690185546875,1.34490966796875,1.688690185546875,,,279753,18,1,3,0
2239,279875,8872,11045,1.353759765625,1.685333251953125,1.353759765625,1.685333251953125,,,279878,18,1,3,0
2240,280000,8933,11016,1.363067626953125,1.680908203125,1.363067626953125,1.680908203125,,,280003,18,1,3,0
2241,280125,8996,10980,1.3726806640625,1.6754150390625,1.3726806640625,1.6754150390625,,,280128,18,1,3,0
2242,280250,9063,10939,1.382904052734375,1.669158935546875,1.382904052734375,1.669158935546875,,,280253,18,1,3,0
2243,280375,9131,10891,1.393280029296875,1.661834716796875,1.393280029296875,1.661834716796875,,,280378,18,1,3,0
2244,280500,9202,10838,1.40411376953125,1.65374755859375,1.40411376953125,1.65374755859375,,,280503,18,1,3,0
2245,280625,9275,10779,1.415252685546875,1.644744873046875,1.415252685546875,1.644744873046875,,,280628,18,1,3,0
2246,280750,9350,10716,1.42669677734375,1.6351318359375,1.42669677734375,1.6351318359375,,,280753,18,1,3,0
2247,280875,9426,10648,1.43829345703125,1.624755859375,1.43829345703125,1.624755859375,,,280878,18,1,3,0
2248,281000,9504,10575,1.4501953125,1.613616943359375,1.4501953125,1.613616943359375,,,281003,18,1,3,0
2249,281125,9582,10499,1.46209716796875,1.602020263671875,1.46209716796875,1.602020263671875,,,281128,18,1,3,0
2250,281250,9662,10419,1.47430419921875,1.589813232421875,1.47430419921875,1.589813232421875,,,281253,18,1,3,0
2251,281375,9742,10337,1.48651123046875,1.577301025390625,1.48651123046875,1.577301025390625,,,281378,18,1,3,0
2252,281500,9823,10252,1.498870849609375,1.5643310546875,1.498870849609375,1.5643310546875,,,281503,18,1,3,0
2253,281625,9904,10165,1.51123046875,1.551055908203125,1.51123046875,1.551055908203125,,,281628,18,1,3,0
2254,281750,9985,10077,1.523590087890625,1.537628173828125,1.523590087890625,1.537628173828125,,,281753,18,1,3,0
2255,281875,10065,9988,1.535797119140625,1.5240478515625,1.535797119140625,1.5240478515625,,,281878,18,1,3,0
2256,282000,10145,9899,1.548004150390625,1.510467529296875,1.548004150390625,1.510467529296875,,,282003,18,1,3,0
2257,282125,10225,9810,1.560211181640625,1.49688720703125,1.560211181640625,1.49688720703125,,,282128,18,1,3,0
2258,282250,10303,9721,1.572113037109375,1.483306884765625,1.572113037109375,1.483306884765625,,,282253,18,1,3,0
2259,282375,10380,9634,1.5838623046875,1.47003173828125,1.5838623046875,1.47003173828125,,,282378,18,1,3,0
2260,282500,10455,9548,1.595306396484375,1.4569091796875,1.595306396484375,1.4569091796875,,,282503,18,1,3,0
2261,282625,10529,9465,1.606597900390625,1.444244384765625,1.606597900390625,1.444244384765625,,,282628,18,1,3,0
2262,282750,10601,9384,1.617584228515625,1.431884765625,1.617584228515625,1.431884765625,,,282753,18,1,3,0
2263,282875,10671,9306,1.628265380859375,1.41998291015625,1.628265380859375,1.41998291015625,,,282878,18,1,3,0
2264,283000,10739,9232,1.638641357421875,1.40869140625,1.638641357421875,1.40869140625,,,283003,18,1,3,0
2265,283125,10803,9162,1.648406982421875,1.39801025390625,1.648406982421875,1.39801025390625,,,283128,18,1,3,0
2266,283250,10866,9096,1.65802001953125,1.387939453125,1.65802001953125,1.387939453125,,,283253,18,1,3,0
2267,283375,10925,9035,1.667022705078125,1.378631591796875,1.667022705078125,1.378631591796875,,,283378,18,1,3,0
2268,283500,10981,8979,1.675567626953125,1.370086669921875,1.675567626953125,1.370086669921875,,,283503,18,1,3,0
2269,283625,11034,8928,1.68365478515625,1.3623046875,1.68365478515625,1.3623046875,,,283628,18,1,3,0
2270,283750,11084,8883,1.6912841796875,1.355438232421875,1.6912841796875,1.355438232421875,,,283753,18,1,3,0
2271,283875,11130,8845,1.69830322265625,1.349639892578125,1.69830322265625,1.349639892578125,,,283878,18,1,3,0
2272,284000,11172,8812,1.7047119140625,1.3446044921875,1.7047119140625,1.3446044921875,,,284003,18,1,3,0
2273,284125,11210,8786,1.71051025390625,1.34063720703125,1.71051025390625,1.34063720703125,,,284128,18,1,3,0
2274,284250,11245,8766,1.715850830078125,1.33758544921875,1.715850830078125,1.33758544921875,,,284253,18,1,3,0
2275,284375,11275,8753,1.720428466796875,1.335601806640625,1.720428466796875,1.335601806640625,,,284378,18,1,3,0
2276,284500,11302,8747,1.72454833984375,1.334686279296875,1.72454833984375,1.334686279296875,,,284503,18,1,3,0
2277,284625,11324,8748,1.7279052734375,1.3348388671875,1.7279052734375,1.3348388671875,,,284628,18,1,3,0
2278,284750,11342,8755,1.73065185546875,1.335906982421875,1.73065185546875,1.335906982421875,,,284753,18,1,3,0
2279,284875,11355,8769,1.732635498046875,1.338043212890625,1.732635498046875,1.338043212890625,,,284878,18,1,3,0
2280,285000,11364,8790,1.7340087890625,1.34124755859375,1.7340087890625,1.34124755859375,,,285003,18,1,3,0
2281,285125,11369,8817,1.734771728515625,1.345367431640625,1.734771728515625,1.345367431640625,,,285128,18,1,3,0
2282,285250,11369,8851,1.734771728515625,1.350555419921875,1.734771728515625,1.350555419921875,,,285253,18,1,3,0
2283,285375,11365,8891,1.734161376953125,1.356658935546875,1.734161376953125,1.356658935546875,,,285378,18,1,3,0
2284,285500,11356,8937,1.7327880859375,1.363677978515625,1.7327880859375,1.363677978515625,,,285503,18,1,3,0
2285,285625,11343,8988,1.730804443359375,1.3714599609375,1.730804443359375,1.3714599609375,,,285628,18,1,3,0
2286,285750,11326,9046,1.72821044921875,1.38031005859375,1.72821044921875,1.38031005859375,,,285753,18,1,3,0
2287,285875,11304,9108,1.724853515625,1.3897705078125,1.724853515625,1.3897705078125,,,285878,18,1,3,0
2288,286000,11278,9175,1.72088623046875,1.399993896484375,1.72088623046875,1.399993896484375,,,286003,18,1,3,0
2289,286125,11248,9247,1.71630859375,1.410980224609375,1.71630859375,1.410980224609375,,,286128,18,1,3,0
2290,286250,11214,9322,1.71112060546875,1.42242431640625,1.71112060546875,1.42242431640625,,,286253,18,1,3,0
2291,286375,11176,9401,1.705322265625,1.434478759765625,1.705322265625,1.434478759765625,,,286378,18,1,3,0
2292,286500,11134,9484,1.69891357421875,1.4471435546875,1.69891357421875,1.4471435546875,,,286503,18,1,3,0
2293,286625,11089,9569,1.692047119140625,1.460113525390625,1.692047119140625,1.460113525390625,,,286628,18,1,3,0
2294,286750,11039,9656,1.684417724609375,1.473388671875,1.684417724609375,1.473388671875,,,286753,18,1,3,0
2295,286875,10987,9745,1.676483154296875,1.486968994140625,1.676483154296875,1.486968994140625,,,286878,18,1,3,0
2296,287000,10931,9835,1.667938232421875,1.500701904296875,1.667938232421875,1.500701904296875,,,287003,18,1,3,0
2297,287125,10871,9926,1.658782958984375,1.51458740234375,1.658782958984375,1.51458740234375,,,287128,18,1,3,0
2298,287250,10809,10017,1.649322509765625,1.528472900390625,1.649322509765625,1.528472900390625,,,287253,18,1,3,0
2299,287375,10744,10107,1.639404296875,1.542205810546875,1.639404296875,1.542205810546875,,,287378,18,1,3,0
2300,287500,10677,10197,1.629180908203125,1.555938720703125,1.629180908203125,1.555938720703125,,,287503,18,1,3,0
2301,287625,10607,10286,1.618499755859375,1.56951904296875,1.618499755859375,1.56951904296875,,,287628,18,1,3,0
2302,287750,10535,10372,1.607513427734375,1.5826416015625,1.607513427734375,1.5826416015625,,,287753,18,1,3,0
2303,287875,10461,10456,1.596221923828125,1.595458984375,1.596221923828125,1.595458984375,,,287878,18,1,3,0
2304,288000,10385,10538,1.584625244140625,1.60797119140625,1.584625244140625,1.60797119140625,,,288003,18,1,3,0
2305,288125,10308,10616,1.5728759765625,1.619873046875,1.5728759765625,1.619873046875,,,288128,18,1,3,0
2306,288250,10230,10690,1.56097412109375,1.63116455078125,1.56097412109375,1.63116455078125,,,288253,18,1,3,0
2307,288375,10150,10760,1.54876708984375,1.641845703125,1.54876708984375,1.641845703125,,,288378,18,1,3,0
2308,288500,10070,10825,1.53656005859375,1.651763916015625,1.53656005859375,1.651763916015625,,,288503,18,1,3,0
2309,288625,9989,10886,1.524200439453125,1.66107177734375,1.524200439453125,1.66107177734375,,,288628,18,1,3,0
2310,288750,9907,10941,1.511688232421875,1.669464111328125,1.511688232421875,1.669464111328125,,,288753,18,1,3,0
2311,288875,9826,10990,1.49932861328125,1.67694091796875,1.49932861328125,1.67694091796875,,,288878,18,1,3,0
2312,289000,9745,11033,1.486968994140625,1.683502197265625,1.486968994140625,1.683502197265625,,,289003,18,1,3,0
2313,289125,9664,11070,1.474609375,1.68914794921875,1.474609375,1.68914794921875,,,289128,18,1,3,0
2314,289250,9583,11101,1.462249755859375,1.693878173828125,1.462249755859375,1.693878173828125,,,289253,18,1,3,0
2315,289375,9504,11124,1.4501953125,1.6973876953125,1.4501953125,1.6973876953125,,,289378,18,1,3,0
2316,289500,9426,11141,1.43829345703125,1.699981689453125,1.43829345703125,1.699981689453125,,,289503,18,1,3,0
2317,289625,9349,11151,1.426544189453125,1.701507568359375,1.426544189453125,1.701507568359375,,,289628,18,1,3,0
2318,289750,9273,11154,1.414947509765625,1.70196533203125,1.414947509765625,1.70196533203125,,,289753,18,1,3,0
2319,289875,9199,11150,1.403656005859375,1.70135498046875,1.403656005859375,1.70135498046875,,,289878,18,1,3,0
2320,290000,9128,11138,1.392822265625,1.69952392578125,1.392822265625,1.69952392578125,,,290003,18,1,3,0
2321,290125,9058,11119,1.38214111328125,1.696624755859375,1.38214111328125,1.696624755859375,,,290128,18,1,3,0
2322,290250,8991,11094,1.371917724609375,1.69281005859375,1.371917724609375,1.69281005859375,,,290253,18,1,3,0
2323,290375,8926,11061,1.36199951171875,1.687774658203125,1.36199951171875,1.687774658203125,,,290378,18,1,3,0
2324,290500,8864,11022,1.3525390625,1.68182373046875,1.3525390625,1.68182373046875,,,290503,18,1,3,0
2325,290625,8805,10975,1.343536376953125,1.674652099609375,1.343536376953125,1.674652099609375,,,290628,18,1,3,0
2326,290750,8750,10923,1.33514404296875,1.666717529296875,1.33514404296875,1.666717529296875,,,290753,18,1,3,0
2327,290875,8697,10864,1.327056884765625,1.65771484375,1.327056884765625,1.65771484375,,,290878,18,1,3,0
2328,291000,8648,10800,1.319580078125,1.64794921875,1.319580078125,1.64794921875,,,291003,18,1,3,0
2329,291125,8602,10730,1.31256103515625,1.63726806640625,1.31256103515625,1.63726806640625,,,291128,18,1,3,0
2330,291250,8561,10654,1.306304931640625,1.62567138671875,1.306304931640625,1.62567138671875,,,291253,18,1,3,0
2331,291375,8523,10574,1.300506591796875,1.61346435546875,1.300506591796875,1.61346435546875,,,291378,18,1,3,0
2332,291500,8488,10490,1.295166015625,1.60064697265625,1.295166015625,1.60064697265625,,,291503,18,1,3,0
2333,291625,8458,10401,1.29058837890625,1.587066650390625,1.29058837890625,1.587066650390625,,,291628,18,1,3,0
2334,291750,8432,10309,1.28662109375,1.573028564453125,1.28662109375,1.573028564453125,,,291753,18,1,3,0
2335,291875,8410,10214,1.28326416015625,1.55853271484375,1.28326416015625,1.55853271484375,,,291878,18,1,3,0
2336,292000,8393,10116,1.280670166015625,1.5435791015625,1.280670166015625,1.5435791015625,,,292003,18,1,3,0
2337,292125,8379,10016,1.278533935546875,1.5283203125,1.278533935546875,1.5283203125,,,292128,18,1,3,0
2338,292250,8370,9914,1.27716064453125,1.51275634765625,1.27716064453125,1.51275634765625,,,292253,18,1,3,0
2339,292375,8365,9812,1.276397705078125,1.4971923828125,1.276397705078125,1.4971923828125,,,292378,18,1,3,0
2340,292500,8365,9709,1.276397705078125,1.481475830078125,1.276397705078125,1.481475830078125,,,292503,18,1,3,0
2341,292625,8369,9606,1.277008056640625,1.46575927734375,1.277008056640625,1.46575927734375,,,292628,18,1,3,0
2342,292750,8377,9503,1.278228759765625,1.450042724609375,1.278228759765625,1.450042724609375,,,292753,18,1,3,0
2343,292875,8389,9402,1.280059814453125,1.43463134765625,1.280059814453125,1.43463134765625,,,292878,18,1,3,0
2344,293000,8406,9302,1.28265380859375,1.41937255859375,1.28265380859375,1.41937255859375,,,293003,18,1,3,0
2345,293125,8426,9205,1.28570556640625,1.404571533203125,1.28570556640625,1.404571533203125,,,293128,18,1,3,0
2346,293250,8451,9110,1.289520263671875,1.39007568359375,1.289520263671875,1.39007568359375,,,293253,18,1,3,0
2347,293375,8480,9018,1.2939453125,1.37603759765625,1.2939453125,1.37603759765625,,,293378,18,1,3,0
2348,293500,8512,8930,1.298828125,1.36260986328125,1.298828125,1.36260986328125,,,293503,18,1,3,0
2349,293625,8549,8846,1.304473876953125,1.34979248046875,1.304473876953125,1.34979248046875,,,293628,18,1,3,0
2350,293750,8589,8767,1.310577392578125,1.337738037109375,1.310577392578125,1.337738037109375,,,293753,18,1,3,0
2351,293875,8632,8692,1.317138671875,1.3262939453125,1.317138671875,1.3262939453125,,,293878,18,1,3,0
2352,294000,8679,8623,1.324310302734375,1.315765380859375,1.324310302734375,1.315765380859375,,,294003,18,1,3,0
2353,294125,8729,8560,1.331939697265625,1.30615234375,1.331939697265625,1.30615234375,,,294128,18,1,3,0
2354,294250,8783,8502,1.340179443359375,1.29730224609375,1.340179443359375,1.29730224609375,,,294253,18,1,3,0
2355,294375,8839,8451,1.348724365234375,1.289520263671875,1.348724365234375,1.289520263671875,,,294378,18,1,3,0
2356,294500,8898,8407,1.35772705078125,1.282806396484375,1.35772705078125,1.282806396484375,,,294503,18,1,3,0
2357,294625,8959,8370,1.367034912109375,1.27716064453125,1.367034912109375,1.27716064453125,,,294628,18,1,3,0
2358,294750,9023,8339,1.376800537109375,1.272430419921875,1.376800537109375,1.272430419921875,,,294753,18,1,3,0
2359,294875,9089,8316,1.386871337890625,1.2689208984375,1.386871337890625,1.2689208984375,,,294878,18,1,3,0
2360,295000,9157,8300,1.397247314453125,1.2664794921875,1.397247314453125,1.2664794921875,,,295003,18,1,3,0
2361,295125,9226,8292,1.40777587890625,1.2652587890625,1.40777587890625,1.2652587890625,,,295128,18,1,3,0
2362,295250,9297,8291,1.418609619140625,1.265106201171875,1.418609619140625,1.265106201171875,,,295253,18,1,3,0
2363,295375,9370,8297,1.42974853515625,1.266021728515625,1.42974853515625,1.266021728515625,,,295378,18,1,3,0
2364,295500,9443,8311,1.440887451171875,1.268157958984375,1.440887451171875,1.268157958984375,,,295503,18,1,3,0
2365,295625,9517,8333,1.452178955078125,1.271514892578125,1.452178955078125,1.271514892578125,,,295628,18,1,3,0
2366,295750,9592,8362,1.463623046875,1.27593994140625,1.463623046875,1.27593994140625,,,295753,18,1,3,0
2367,295875,9668,8397,1.4752197265625,1.281280517578125,1.4752197265625,1.281280517578125,,,295878,18,1,3,0
2368,296000,9743,8440,1.486663818359375,1.287841796875,1.486663818359375,1.287841796875,,,296003,18,1,3,0
2369,296125,9819,8490,1.498260498046875,1.29547119140625,1.498260498046875,1.29547119140625,,,296128,18,1,3,0
2370,296250,9894,8546,1.50970458984375,1.30401611328125,1.50970458984375,1.30401611328125,,,296253,18,1,3,0
2371,296375,9968,8608,1.52099609375,1.3134765625,1.52099609375,1.3134765625,,,296378,18,1,3,0
2372,296500,10042,8676,1.53228759765625,1.3238525390625,1.53228759765625,1.3238525390625,,,296503,18,1,3,0
2373,296625,10115,8749,1.543426513671875,1.334991455078125,1.543426513671875,1.334991455078125,,,296628,18,1,3,0
2374,296750,10187,8828,1.554412841796875,1.3470458984375,1.554412841796875,1.3470458984375,,,296753,18,1,3,0
2375,296875,10257,8911,1.565093994140625,1.359710693359375,1.565093994140625,1.359710693359375,,,296878,18,1,3,0
2376,297000,10326,8999,1.57562255859375,1.373138427734375,1.57562255859375,1.373138427734375,,,297003,18,1,3,0
2377,297125,10392,9090,1.585693359375,1.38702392578125,1.585693359375,1.38702392578125,,,297128,18,1,3,0
2378,297250,10457,9184,1.595611572265625,1.4013671875,1.595611572265625,1.4013671875,,,297253,18,1,3,0
2379,297375,10520,9282,1.605224609375,1.41632080078125,1.605224609375,1.41632080078125,,,297378,18,1,3,0
2380,297500,10580,9382,1.6143798828125,1.43157958984375,1.6143798828125,1.43157958984375,,,297503,18,1,3,0
2381,297625,10637,9483,1.623077392578125,1.446990966796875,1.623077392578125,1.446990966796875,,,297628,18,1,3,0
2382,297750,10692,9586,1.6314697265625,1.46270751953125,1.6314697265625,1.46270751953125,,,297753,18,1,3,0
2383,297875,10744,9690,1.639404296875,1.47857666015625,1.639404296875,1.47857666015625,,,297878,18,1,3,0
2384,298000,10793,9794,1.646881103515625,1.49444580078125,1.646881103515625,1.49444580078125,,,298003,18,1,3,0
2385,298125,10838,9897,1.65374755859375,1.510162353515625,1.65374755859375,1.510162353515625,,,298128,18,1,3,0
2386,298250,10881,10000,1.660308837890625,1.52587890625,1.660308837890625,1.52587890625,,,298253,18,1,3,0
2387,298375,10920,10101,1.666259765625,1.541290283203125,1.666259765625,1.541290283203125,,,298378,18,1,3,0
2388,298500,10955,10201,1.671600341796875,1.556549072265625,1.671600341796875,1.556549072265625,,,298503,18,1,3,0
2389,298625,10986,10298,1.67633056640625,1.57135009765625,1.67633056640625,1.57135009765625,,,298628,18,1,3,0
2390,298750,11014,10392,1.68060302734375,1.585693359375,1.68060302734375,1.585693359375,,,298753,18,1,3,0
2391,298875,11038,10482,1.68426513671875,1.59942626953125,1.68426513671875,1.59942626953125,,,298878,18,1,3,0
2392,299000,11058,10569,1.68731689453125,1.612701416015625,1.68731689453125,1.612701416015625,,,299003,18,1,3,0
2393,299125,11075,10651,1.689910888671875,1.625213623046875,1.689910888671875,1.625213623046875,,,299128,18,1,3,0
2394,299250,11087,10729,1.691741943359375,1.637115478515625,1.691741943359375,1.637115478515625,,,299253,18,1,3,0
2395,299375,11095,10802,1.692962646484375,1.64825439453125,1.692962646484375,1.64825439453125,,,299378,18,1,3,0
2396,299500,11099,10869,1.693572998046875,1.658477783203125,1.693572998046875,1.658477783203125,,,299503,18,1,3,0
2397,299625,11100,10930,1.6937255859375,1.66778564453125,1.6937255859375,1.66778564453125,,,299628,18,1,3,0
2398,299750,11096,10985,1.693115234375,1.676177978515625,1.693115234375,1.676177978515625,,,299753,18,1,3,0
2399,299875,11088,11034,1.69189453125,1.68365478515625,1.69189453125,1.68365478515625,,,299878,18,1,3,0
2400,300000,11076,11076,1.6900634765625,1.6900634765625,1.6900634765625,1.6900634765625,,,300003,18,1,3,0
2401,300125,11061,11112,1.687774658203125,1.695556640625,1.687774658203125,1.695556640625,,,300128,18,1,3,0
2402,300250,11042,11140,1.68487548828125,1.6998291015625,1.68487548828125,1.6998291015625,,,300253,18,1,3,0
2403,300375,11019,11162,1.681365966796875,1.70318603515625,1.681365966796875,1.70318603515625,,,300378,18,1,3,0
2404,300500,10992,11176,1.67724609375,1.705322265625,1.67724609375,1.705322265625,,,300503,18,1,3,0
2405,300625,10962,11183,1.67266845703125,1.706390380859375,1.67266845703125,1.706390380859375,,,300628,18,1,3,0
2406,300750,10928,11183,1.66748046875,1.706390380859375,1.66748046875,1.706390380859375,,,300753,18,1,3,0
2407,300875,10891,11176,1.661834716796875,1.705322265625,1.661834716796875,1.705322265625,,,300878,18,1,3,0
2408,301000,10851,11162,1.655731201171875,1.70318603515625,1.655731201171875,1.70318603515625,,,301003,18,1,3,0
2409,301125,10807,11140,1.649017333984375,1.6998291015625,1.649017333984375,1.6998291015625,,,301128,18,1,3,0
2410,301250,10761,11112,1.641998291015625,1.695556640625,1.641998291015625,1.695556640625,,,301253,18,1,3,0
2411,301375,10712,11077,1.634521484375,1.690216064453125,1.634521484375,1.690216064453125,,,301378,18,1,3,0
2412,301500,10661,11036,1.626739501953125,1.6839599609375,1.626739501953125,1.6839599609375,,,301503,18,1,3,0
2413,301625,10607,10989,1.618499755859375,1.676788330078125,1.618499755859375,1.676788330078125,,,301628,18,1,3,0
2414,301750,10550,10936,1.60980224609375,1.668701171875,1.60980224609375,1.668701171875,,,301753,18,1,3,0
2415,301875,10492,10877,1.6009521484375,1.659698486328125,1.6009521484375,1.659698486328125,,,301878,18,1,3,0
2416,302000,10432,10813,1.591796875,1.649932861328125,1.591796875,1.649932861328125,,,302003,18,1,3,0
2417,302125,10370,10744,1.58233642578125,1.639404296875,1.58233642578125,1.639404296875,,,302128,18,1,3,0
2418,302250,10307,10671,1.572723388671875,1.628265380859375,1.572723388671875,1.628265380859375,,,302253,18,1,3,0
2419,302375,10242,10593,1.56280517578125,1.616363525390625,1.56280517578125,1.616363525390625,,,302378,18,1,3,0
2420,302500,10177,10513,1.552886962890625,1.604156494140625,1.552886962890625,1.604156494140625,,,302503,18,1,3,0
2421,302625,10110,10429,1.54266357421875,1.591339111328125,1.54266357421875,1.591339111328125,,,302628,18,1,3,0
2422,302750,10043,10342,1.532440185546875,1.57806396484375,1.532440185546875,1.57806396484375,,,302753,18,1,3,0
2423,302875,9976,10254,1.522216796875,1.56463623046875,1.522216796875,1.56463623046875,,,302878,18,1,3,0
2424,303000,9909,10163,1.511993408203125,1.550750732421875,1.511993408203125,1.550750732421875,,,303003,18,1,3,0
2425,303125,9841,10072,1.501617431640625,1.536865234375,1.501617431640625,1.536865234375,,,303128,18,1,3,0
2426,303250,9774,9980,1.49139404296875,1.5228271484375,1.49139404296875,1.5228271484375,,,303253,18,1,3,0
2427,303375,9707,9888,1.481170654296875,1.5087890625,1.481170654296875,1.5087890625,,,303378,18,1,3,0
2428,303500,9641,9797,1.471099853515625,1.494903564453125,1.471099853515625,1.494903564453125,,,303503,18,1,3,0
2429,303625,9576,9706,1.461181640625,1.48101806640625,1.461181640625,1.48101806640625,,,303628,18,1,3,0
2430,303750,9512,9617,1.451416015625,1.467437744140625,1.451416015625,1.467437744140625,,,303753,18,1,3,0
2431,303875,9449,9530,1.441802978515625,1.45416259765625,1.441802978515625,1.45416259765625,,,303878,18,1,3,0
2432,304000,9388,9446,1.4324951171875,1.44134521484375,1.4324951171875,1.44134521484375,,,304003,18,1,3,0
2433,304125,9328,9364,1.42333984375,1.4288330078125,1.42333984375,1.4288330078125,,,304128,18,1,3,0
2434,304250,9271,9286,1.414642333984375,1.41693115234375,1.414642333984375,1.41693115234375,,,304253,18,1,3,0
2435,304375,9215,9211,1.406097412109375,1.405487060546875,1.406097412109375,1.405487060546875,,,304378,18,1,3,0
2436,304500,9162,9141,1.39801025390625,1.394805908203125,1.39801025390625,1.394805908203125,,,304503,18,1,3,0
2437,304625,9111,9076,1.390228271484375,1.3848876953125,1.390228271484375,1.3848876953125,,,304628,18,1,3,0
2438,304750,9063,9015,1.382904052734375,1.375579833984375,1.382904052734375,1.375579833984375,,,304753,18,1,3,0
2439,304875,9018,8960,1.37603759765625,1.3671875,1.37603759765625,1.3671875,,,304878,18,1,3,0
2440,305000,8975,8911,1.369476318359375,1.359710693359375,1.369476318359375,1.359710693359375,,,305003,18,1,3,0
2441,305125,8936,8867,1.363525390625,1.352996826171875,1.363525390625,1.352996826171875,,,305128,18,1,3,0
2442,305250,8899,8830,1.357879638671875,1.34735107421875,1.357879638671875,1.34735107421875,,,305253,18,1,3,0
2443,305375,8866,8798,1.35284423828125,1.34246826171875,1.35284423828125,1.34246826171875,,,305378,18,1,3,0
2444,305500,8836,8774,1.3482666015625,1.33880615234375,1.3482666015625,1.33880615234375,,,305503,18,1,3,0
2445,305625,8810,8756,1.34429931640625,1.3360595703125,1.34429931640625,1.3360595703125,,,305628,18,1,3,0
2446,305750,8787,8745,1.340789794921875,1.334381103515625,1.340789794921875,1.334381103515625,,,305753,18,1,3,0
2447,305875,8768,8740,1.337890625,1.3336181640625,1.337890625,1.3336181640625,,,305878,18,1,3,0
2448,306000,8752,8742,1.33544921875,1.33392333984375,1.33544921875,1.33392333984375,,,306003,18,1,3,0
2449,306125,8740,8751,1.3336181640625,1.335296630859375,1.3336181640625,1.335296630859375,,,306128,18,1,3,0
2450,306250,8732,8767,1.3323974609375,1.337738037109375,1.3323974609375,1.337738037109375,,,306253,18,1,3,0
2451,306375,8728,8790,1.331787109375,1.34124755859375,1.331787109375,1.34124755859375,,,306378,18,1,3,0
2452,306500,8727,8819,1.331634521484375,1.345672607421875,1.331634521484375,1.345672607421875,,,306503,18,1,3,0
2453,306625,8730,8854,1.33209228515625,1.35101318359375,1.33209228515625,1.35101318359375,,,306628,18,1,3,0
2454,306750,8737,8895,1.333160400390625,1.357269287109375,1.333160400390625,1.357269287109375,,,306753,18,1,3,0
2455,306875,8747,8942,1.334686279296875,1.36444091796875,1.334686279296875,1.36444091796875,,,306878,18,1,3,0
2456,307000,8761,8995,1.336822509765625,1.372528076171875,1.336822509765625,1.372528076171875,,,307003,18,1,3,0
2457,307125,8779,9053,1.339569091796875,1.381378173828125,1.339569091796875,1.381378173828125,,,307128,18,1,3,0
2458,307250,8801,9116,1.342926025390625,1.3909912109375,1.342926025390625,1.3909912109375,,,307253,18,1,3,0
2459,307375,8825,9184,1.346588134765625,1.4013671875,1.346588134765625,1.4013671875,,,307378,18,1,3,0
2460,307500,8854,9255,1.35101318359375,1.412200927734375,1.35101318359375,1.412200927734375,,,307503,18,1,3,0
2461,307625,8885,9331,1.355743408203125,1.423797607421875,1.355743408203125,1.423797607421875,,,307628,18,1,3,0
2462,307750,8920,9410,1.361083984375,1.43585205078125,1.361083984375,1.43585205078125,,,307753,18,1,3,0
2463,307875,8957,9491,1.366729736328125,1.448211669921875,1.366729736328125,1.448211669921875,,,307878,18,1,3,0
2464,308000,8998,9575,1.37298583984375,1.461029052734375,1.37298583984375,1.461029052734375,,,308003,18,1,3,0
2465,308125,9041,9661,1.379547119140625,1.474151611328125,1.379547119140625,1.474151611328125,,,308128,18,1,3,0
2466,308250,9088,9749,1.38671875,1.487579345703125,1.38671875,1.487579345703125,,,308253,18,1,3,0
2467,308375,9136,9837,1.39404296875,1.501007080078125,1.39404296875,1.501007080078125,,,308378,18,1,3,0
2468,308500,9187,9926,1.401824951171875,1.51458740234375,1.401824951171875,1.51458740234375,,,308503,18,1,3,0
2469,308625,9240,10014,1.409912109375,1.52801513671875,1.409912109375,1.52801513671875,,,308628,18,1,3,0
2470,308750,9295,10102,1.418304443359375,1.54144287109375,1.418304443359375,1.54144287109375,,,308753,18,1,3,0
2471,308875,9352,10189,1.427001953125,1.554718017578125,1.427001953125,1.554718017578125,,,308878,18,1,3,0
2472,309000,9411,10274,1.436004638671875,1.56768798828125,1.436004638671875,1.56768798828125,,,309003,18,1,3,0
2473,309125,9471,10357,1.445159912109375,1.580352783203125,1.445159912109375,1.580352783203125,,,309128,18,1,3,0
2474,309250,9532,10438,1.4544677734375,1.59271240234375,1.4544677734375,1.59271240234375,,,309253,18,1,3,0
2475,309375,9594,10515,1.46392822265625,1.604461669921875,1.46392822265625,1.604461669921875,,,309378,18,1,3,0
2476,309500,9657,10589,1.473541259765625,1.615753173828125,1.473541259765625,1.615753173828125,,,309503,18,1,3,0
2477,309625,9720,10659,1.483154296875,1.626434326171875,1.483154296875,1.626434326171875,,,309628,18,1,3,0
2478,309750,9784,10724,1.492919921875,1.6363525390625,1.492919921875,1.6363525390625,,,309753,18,1,3,0
2479,309875,9848,10784,1.502685546875,1.6455078125,1.502685546875,1.6455078125,,,309878,18,1,3,0
2480,310000,9912,10840,1.512451171875,1.654052734375,1.512451171875,1.654052734375,,,310003,18,1,3,0
2481,310125,9976,10890,1.522216796875,1.66168212890625,1.522216796875,1.66168212890625,,,310128,18,1,3,0
2482,310250,10039,10934,1.531829833984375,1.66839599609375,1.531829833984375,1.66839599609375,,,310253,18,1,3,0
2483,310375,10102,10972,1.54144287109375,1.6741943359375,1.54144287109375,1.6741943359375,,,310378,18,1,3,0
2484,310500,10164,11003,1.5509033203125,1.678924560546875,1.5509033203125,1.678924560546875,,,310503,18,1,3,0
2485,310625,10224,11029,1.56005859375,1.682891845703125,1.56005859375,1.682891845703125,,,310628,18,1,3,0
2486,310750,10284,11047,1.5692138671875,1.685638427734375,1.5692138671875,1.685638427734375,,,310753,18,1,3,0
2487,310875,10342,11058,1.57806396484375,1.68731689453125,1.57806396484375,1.68731689453125,,,310878,18,1,3,0
2488,311000,10398,11063,1.58660888671875,1.688079833984375,1.58660888671875,1.688079833984375,,,311003,18,1,3,0
2489,311125,10452,11061,1.5948486328125,1.687774658203125,1.5948486328125,1.687774658203125,,,311128,18,1,3,0
2490,311250,10504,11051,1.602783203125,1.686248779296875,1.602783203125,1.686248779296875,,,311253,18,1,3,0
2491,311375,10554,11035,1.61041259765625,1.683807373046875,1.61041259765625,1.683807373046875,,,311378,18,1,3,0
2492,311500,10602,11012,1.61773681640625,1.6802978515625,1.61773681640625,1.6802978515625,,,311503,18,1,3,0
2493,311625,10647,10982,1.624603271484375,1.67572021484375,1.624603271484375,1.67572021484375,,,311628,18,1,3,0
2494,311750,10689,10945,1.631011962890625,1.670074462890625,1.631011962890625,1.670074462890625,,,311753,18,1,3,0
2495,311875,10729,10901,1.637115478515625,1.663360595703125,1.637115478515625,1.663360595703125,,,311878,18,1,3,0
2496,312000,10765,10852,1.642608642578125,1.6558837890625,1.642608642578125,1.6558837890625,,,312003,18,1,3,0
2497,312125,10798,10796,1.64764404296875,1.6473388671875,1.64764404296875,1.6473388671875,,,312128,18,1,3,0
2498,312250,10829,10734,1.652374267578125,1.63787841796875,1.652374267578125,1.63787841796875,,,312253,18,1,3,0
2499,312375,10855,10667,1.656341552734375,1.627655029296875,1.656341552734375,1.627655029296875,,,312378,18,1,3,0
2500,312500,10879,10595,1.660003662109375,1.616668701171875,1.660003662109375,1.616668701171875,,,312503,18,1,3,0
2501,312625,10898,10517,1.66290283203125,1.604766845703125,1.66290283203125,1.604766845703125,,,312628,18,1,3,0
2502,312750,10915,10436,1.665496826171875,1.5924072265625,1.665496826171875,1.5924072265625,,,312753,18,1,3,0
2503,312875,10927,10350,1.667327880859375,1.57928466796875,1.667327880859375,1.57928466796875,,,312878,18,1,3,0
2504,313000,10936,10261,1.668701171875,1.565704345703125,1.668701171875,1.565704345703125,,,313003,18,1,3,0
2505,313125,10941,10169,1.669464111328125,1.551666259765625,1.669464111328125,1.551666259765625,,,313128,18,1,3,0
2506,313250,10943,10074,1.669769287109375,1.53717041015625,1.669769287109375,1.53717041015625,,,313253,18,1,3,0
2507,313375,10940,9978,1.6693115234375,1.52252197265625,1.6693115234375,1.52252197265625,,,313378,18,1,3,0
2508,313500,10934,9879,1.66839599609375,1.507415771484375,1.66839599609375,1.507415771484375,,,313503,18,1,3,0
2509,313625,10925,9780,1.667022705078125,1.4923095703125,1.667022705078125,1.4923095703125,,,313628,18,1,3,0
2510,313750,10911,9680,1.664886474609375,1.47705078125,1.664886474609375,1.47705078125,,,313753,18,1,3,0
2511,313875,10894,9580,1.66229248046875,1.4617919921875,1.66229248046875,1.4617919921875,,,313878,18,1,3,0
2512,314000,10873,9480,1.659088134765625,1.446533203125,1.659088134765625,1.446533203125,,,314003,18,1,3,0
2513,314125,10848,9382,1.6552734375,1.43157958984375,1.6552734375,1.43157958984375,,,314128,18,1,3,0
2514,314250,10820,9285,1.6510009765625,1.416778564453125,1.6510009765625,1.416778564453125,,,314253,18,1,3,0
2515,314375,10789,9190,1.646270751953125,1.40228271484375,1.646270751953125,1.40228271484375,,,314378,18,1,3,0
2516,314500,10754,9098,1.64093017578125,1.38824462890625,1.64093017578125,1.38824462890625,,,314503,18,1,3,0
2517,314625,10716,9009,1.6351318359375,1.374664306640625,1.6351318359375,1.374664306640625,,,314628,18,1,3,0
2518,314750,10675,8923,1.628875732421875,1.361541748046875,1.628875732421875,1.361541748046875,,,314753,18,1,3,0
2519,314875,10631,8842,1.622161865234375,1.34918212890625,1.622161865234375,1.34918212890625,,,314878,18,1,3,0
2520,315000,10584,8765,1.614990234375,1.337432861328125,1.614990234375,1.337432861328125,,,315003,18,1,3,0
2521,315125,10534,8693,1.60736083984375,1.326446533203125,1.60736083984375,1.326446533203125,,,315128,18,1,3,0
2522,315250,10482,8626,1.59942626953125,1.31622314453125,1.59942626953125,1.31622314453125,,,315253,18,1,3,0
2523,315375,10427,8565,1.591033935546875,1.306915283203125,1.591033935546875,1.306915283203125,,,315378,18,1,3,0
2524,315500,10370,8510,1.58233642578125,1.29852294921875,1.58233642578125,1.29852294921875,,,315503,18,1,3,0
2525,315625,10312,8461,1.573486328125,1.291046142578125,1.573486328125,1.291046142578125,,,315628,18,1,3,0
2526,315750,10251,8419,1.564178466796875,1.284637451171875,1.564178466796875,1.284637451171875,,,315753,18,1,3,0
2527,315875,10189,8384,1.554718017578125,1.279296875,1.554718017578125,1.279296875,,,315878,18,1,3,0
2528,316000,10125,8355,1.544952392578125,1.274871826171875,1.544952392578125,1.274871826171875,,,316003,18,1,3,0
2529,316125,10060,8334,1.5350341796875,1.27166748046875,1.5350341796875,1.27166748046875,,,316128,18,1,3,0
2530,316250,9994,8320,1.52496337890625,1.26953125,1.52496337890625,1.26953125,,,316253,18,1,3,0
2531,316375,9927,8314,1.514739990234375,1.26861572265625,1.514739990234375,1.26861572265625,,,316378,18,1,3,0
2532,316500,9859,8315,1.504364013671875,1.268768310546875,1.504364013671875,1.268768310546875,,,316503,18,1,3,0
2533,316625,9791,8323,1.493988037109375,1.269989013671875,1.493988037109375,1.269989013671875,,,316628,18,1,3,0
2534,316750,9723,8339,1.483612060546875,1.272430419921875,1.483612060546875,1.272430419921875,,,316753,18,1,3,0
2535,316875,9655,8362,1.473236083984375,1.27593994140625,1.473236083984375,1.27593994140625,,,316878,18,1,3,0
2536,317000,9587,8393,1.462860107421875,1.280670166015625,1.462860107421875,1.280670166015625,,,317003,18,1,3,0
2537,317125,9519,8430,1.452484130859375,1.28631591796875,1.452484130859375,1.28631591796875,,,317128,18,1,3,0
2538,317250,9452,8475,1.4422607421875,1.293182373046875,1.4422607421875,1.293182373046875,,,317253,18,1,3,0
2539,317375,9387,8526,1.432342529296875,1.30096435546875,1.432342529296875,1.30096435546875,,,317378,18,1,3,0
2540,317500,9322,8584,1.42242431640625,1.309814453125,1.42242431640625,1.309814453125,,,317503,18,1,3,0
2541,317625,9258,8647,1.41265869140625,1.319427490234375,1.41265869140625,1.319427490234375,,,317628,18,1,3,0
2542,317750,9197,8717,1.403350830078125,1.330108642578125,1.403350830078125,1.330108642578125,,,317753,18,1,3,0
2543,317875,9136,8792,1.39404296875,1.341552734375,1.39404296875,1.341552734375,,,317878,18,1,3,0
2544,318000,9078,8872,1.38519287109375,1.353759765625,1.38519287109375,1.353759765625,,,318003,18,1,3,0
2545,318125,9022,8957,1.37664794921875,1.366729736328125,1.37664794921875,1.366729736328125,,,318128,18,1,3,0
2546,318250,8968,9046,1.368408203125,1.38031005859375,1.368408203125,1.38031005859375,,,318253,18,1,3,0
2547,318375,8917,9139,1.360626220703125,1.394500732421875,1.360626220703125,1.394500732421875,,,318378,18,1,3,0
2548,318500,8868,9236,1.3531494140625,1.4093017578125,1.3531494140625,1.4093017578125,,,318503,18,1,3,0
2549,318625,8822,9335,1.34613037109375,1.424407958984375,1.34613037109375,1.424407958984375,,,318628,18,1,3,0
2550,318750,8780,9436,1.3397216796875,1.4398193359375,1.3397216796875,1.4398193359375,,,318753,18,1,3,0
2551,318875,8740,9539,1.3336181640625,1.455535888671875,1.3336181640625,1.455535888671875,,,318878,18,1,3,0
2552,319000,8703,9644,1.327972412109375,1.4715576171875,1.327972412109375,1.4715576171875,,,319003,18,1,3,0
2553,319125,8670,9749,1.32293701171875,1.487579345703125,1.32293701171875,1.487579345703125,,,319128,18,1,3,0
2554,319250,8641,9855,1.318511962890625,1.503753662109375,1.318511962890625,1.503753662109375,,,319253,18,1,3,0
2555,319375,8615,9960,1.314544677734375,1.519775390625,1.314544677734375,1.519775390625,,,319378,18,1,3,0
2556,319500,8593,10064,1.311187744140625,1.53564453125,1.311187744140625,1.53564453125,,,319503,18,1,3,0
2557,319625,8574,10167,1.30828857421875,1.551361083984375,1.30828857421875,1.551361083984375,,,319628,18,1,3,0
2558,319750,8560,10267,1.30615234375,1.566619873046875,1.30615234375,1.566619873046875,,,319753,18,1,3,0
2559,319875,8549,10366,1.304473876953125,1.58172607421875,1.304473876953125,1.58172607421875,,,319878,18,1,3,0
2560,320000,8542,10461,1.30340576171875,1.596221923828125,1.30340576171875,1.596221923828125,,,320003,18,1,3,0
2561,320125,8540,10553,1.3031005859375,1.610260009765625,1.3031005859375,1.610260009765625,,,320128,18,1,3,0
2562,320250,8541,10641,1.303253173828125,1.623687744140625,1.303253173828125,1.623687744140625,,,320253,18,1,3,0
2563,320375,8546,10725,1.30401611328125,1.636505126953125,1.30401611328125,1.636505126953125,,,320378,18,1,3,0
2564,320500,8556,10804,1.3055419921875,1.6485595703125,1.3055419921875,1.6485595703125,,,320503,18,1,3,0
2565,320625,8569,10878,1.307525634765625,1.65985107421875,1.307525634765625,1.65985107421875,,,320628,18,1,3,0
2566,320750,8587,10946,1.310272216796875,1.67022705078125,1.310272216796875,1.67022705078125,,,320753,18,1,3,0
2567,320875,8608,11009,1.3134765625,1.679840087890625,1.3134765625,1.679840087890625,,,320878,18,1,3,0
2568,321000,8633,11065,1.317291259765625,1.688385009765625,1.317291259765625,1.688385009765625,,,321003,18,1,3,0
2569,321125,8662,11115,1.32171630859375,1.696014404296875,1.32171630859375,1.696014404296875,,,321128,18,1,3,0
2570,321250,8695,11158,1.326751708984375,1.70257568359375,1.326751708984375,1.70257568359375,,,321253,18,1,3,0
2571,321375,8732,11194,1.3323974609375,1.70806884765625,1.3323974609375,1.70806884765625,,,321378,18,1,3,0
2572,321500,8772,11223,1.3385009765625,1.712493896484375,1.3385009765625,1.712493896484375,,,321503,18,1,3,0
2573,321625,8815,11245,1.345062255859375,1.715850830078125,1.345062255859375,1.715850830078125,,,321628,18,1,3,0
2574,321750,8862,11260,1.35223388671875,1.7181396484375,1.35223388671875,1.7181396484375,,,321753,18,1,3,0
2575,321875,8912,11267,1.35986328125,1.719207763671875,1.35986328125,1.719207763671875,,,321878,18,1,3,0
2576,322000,8965,11267,1.367950439453125,1.719207763671875,1.367950439453125,1.719207763671875,,,322003,18,1,3,0
2577,322125,9021,11260,1.376495361328125,1.7181396484375,1.376495361328125,1.7181396484375,,,322128,18,1,3,0
2578,322250,9080,11245,1.385498046875,1.715850830078125,1.385498046875,1.715850830078125,,,322253,18,1,3,0
2579,322375,9141,11224,1.394805908203125,1.712646484375,1.394805908203125,1.712646484375,,,322378,18,1,3,0
2580,322500,9205,11195,1.404571533203125,1.708221435546875,1.404571533203125,1.708221435546875,,,322503,18,1,3,0
2581,322625,9271,11160,1.414642333984375,1.702880859375,1.414642333984375,1.702880859375,,,322628,18,1,3,0
2582,322750,9339,11118,1.425018310546875,1.69647216796875,1.425018310546875,1.69647216796875,,,322753,18,1,3,0
2583,322875,9409,11069,1.435699462890625,1.688995361328125,1.435699462890625,1.688995361328125,,,322878,18,1,3,0
2584,323000,9480,11015,1.446533203125,1.680755615234375,1.446533203125,1.680755615234375,,,323003,18,1,3,0
2585,323125,9553,10955,1.457672119140625,1.671600341796875,1.457672119140625,1.671600341796875,,,323128,18,1,3,0
2586,323250,9626,10889,1.46881103515625,1.661529541015625,1.46881103515625,1.661529541015625,,,323253,18,1,3,0
2587,323375,9701,10819,1.480255126953125,1.650848388671875,1.480255126953125,1.650848388671875,,,323378,18,1,3,0
2588,323500,9777,10744,1.491851806640625,1.639404296875,1.491851806640625,1.639404296875,,,323503,18,1,3,0
2589,323625,9853,10664,1.503448486328125,1.627197265625,1.503448486328125,1.627197265625,,,323628,18,1,3,0
2590,323750,9929,10581,1.515045166015625,1.614532470703125,1.515045166015625,1.614532470703125,,,323753,18,1,3,0
2591,323875,10005,10495,1.526641845703125,1.601409912109375,1.526641845703125,1.601409912109375,,,323878,18,1,3,0
2592,324000,10081,10406,1.538238525390625,1.58782958984375,1.538238525390625,1.58782958984375,,,324003,18,1,3,0
2593,324125,10157,10314,1.549835205078125,1.57379150390625,1.549835205078125,1.57379150390625,,,324128,18,1,3,0
2594,324250,10232,10221,1.561279296875,1.559600830078125,1.561279296875,1.559600830078125,,,324253,18,1,3,0
2595,324375,10306,10127,1.57257080078125,1.545257568359375,1.57257080078125,1.545257568359375,,,324378,18,1,3,0
2596,324500,10378,10032,1.58355712890625,1.53076171875,1.58355712890625,1.53076171875,,,324503,18,1,3,0
2597,324625,10450,9936,1.59454345703125,1.51611328125,1.59454345703125,1.51611328125,,,324628,18,1,3,0
2598,324750,10520,9841,1.605224609375,1.501617431640625,1.605224609375,1.501617431640625,,,324753,18,1,3,0
2599,324875,10588,9747,1.6156005859375,1.487274169921875,1.6156005859375,1.487274169921875,,,324878,18,1,3,0
2600,325000,10654,9654,1.62567138671875,1.47308349609375,1.62567138671875,1.47308349609375,,,325003,18,1,3,0
2601,325125,10718,9563,1.63543701171875,1.459197998046875,1.63543701171875,1.459197998046875,,,325128,18,1,3,0
2602,325250,10780,9475,1.6448974609375,1.445770263671875,1.6448974609375,1.445770263671875,,,325253,18,1,3,0
2603,325375,10839,9389,1.653900146484375,1.432647705078125,1.653900146484375,1.432647705078125,,,325378,18,1,3,0
2604,325500,10895,9306,1.662445068359375,1.41998291015625,1.662445068359375,1.41998291015625,,,325503,18,1,3,0
2605,325625,10948,9227,1.6705322265625,1.407928466796875,1.6705322265625,1.407928466796875,,,325628,18,1,3,0
2606,325750,10998,9153,1.67816162109375,1.396636962890625,1.67816162109375,1.396636962890625,,,325753,18,1,3,0
2607,325875,11045,9083,1.685333251953125,1.385955810546875,1.685333251953125,1.385955810546875,,,325878,18,1,3,0
2608,326000,11089,9017,1.692047119140625,1.375885009765625,1.692047119140625,1.375885009765625,,,326003,18,1,3,0
2609,326125,11129,8958,1.698150634765625,1.36688232421875,1.698150634765625,1.36688232421875,,,326128,18,1,3,0
2610,326250,11165,8903,1.703643798828125,1.358489990234375,1.703643798828125,1.358489990234375,,,326253,18,1,3,0
2611,326375,11197,8855,1.708526611328125,1.351165771484375,1.708526611328125,1.351165771484375,,,326378,18,1,3,0
2612,326500,11225,8813,1.712799072265625,1.344757080078125,1.712799072265625,1.344757080078125,,,326503,18,1,3,0
2613,326625,11250,8777,1.71661376953125,1.339263916015625,1.71661376953125,1.339263916015625,,,326628,18,1,3,0
2614,326750,11270,8747,1.71966552734375,1.334686279296875,1.71966552734375,1.334686279296875,,,326753,18,1,3,0
2615,326875,11286,8724,1.72210693359375,1.3311767578125,1.72210693359375,1.3311767578125,,,326878,18,1,3,0
2616,327000,11298,8708,1.72393798828125,1.3287353515625,1.72393798828125,1.3287353515625,,,327003,18,1,3,0
2617,327125,11306,8699,1.72515869140625,1.327362060546875,1.72515869140625,1.327362060546875,,,327128,18,1,3,0
2618,327250,11309,8697,1.725616455078125,1.327056884765625,1.725616455078125,1.327056884765625,,,327253,18,1,3,0
2619,327375,11308,8702,1.7254638671875,1.32781982421875,1.7254638671875,1.32781982421875,,,327378,18,1,3,0
2620,327500,11303,8713,1.724700927734375,1.329498291015625,1.724700927734375,1.329498291015625,,,327503,18,1,3,0
2621,327625,11293,8731,1.723175048828125,1.332244873046875,1.723175048828125,1.332244873046875,,,327628,18,1,3,0
2622,327750,11279,8756,1.721038818359375,1.3360595703125,1.721038818359375,1.3360595703125,,,327753,18,1,3,0
2623,327875,11261,8787,1.718292236328125,1.340789794921875,1.718292236328125,1.340789794921875,,,327878,18,1,3,0
2624,328000,11238,8824,1.71478271484375,1.346435546875,1.71478271484375,1.346435546875,,,328003,18,1,3,0
2625,328125,11212,8868,1.7108154296875,1.3531494140625,1.7108154296875,1.3531494140625,,,328128,18,1,3,0
2626,328250,11181,8917,1.706085205078125,1.360626220703125,1.706085205078125,1.360626220703125,,,328253,18,1,3,0
2627,328375,11146,8971,1.70074462890625,1.368865966796875,1.70074462890625,1.368865966796875,,,328378,18,1,3,0
2628,328500,11107,9031,1.694793701171875,1.378021240234375,1.694793701171875,1.378021240234375,,,328503,18,1,3,0
2629,328625,11065,9095,1.688385009765625,1.387786865234375,1.688385009765625,1.387786865234375,,,328628,18,1,3,0
2630,328750,11019,9164,1.681365966796875,1.3983154296875,1.681365966796875,1.3983154296875,,,328753,18,1,3,0
2631,328875,10969,9237,1.673736572265625,1.409454345703125,1.673736572265625,1.409454345703125,,,328878,18,1,3,0
2632,329000,10916,9313,1.6656494140625,1.421051025390625,1.6656494140625,1.421051025390625,,,329003,18,1,3,0
2633,329125,10860,9392,1.6571044921875,1.43310546875,1.6571044921875,1.43310546875,,,329128,18,1,3,0
2634,329250,10800,9474,1.64794921875,1.44561767578125,1.64794921875,1.44561767578125,,,329253,18,1,3,0
2635,329375,10738,9559,1.63848876953125,1.458587646484375,1.63848876953125,1.458587646484375,,,329378,18,1,3,0
2636,329500,10672,9644,1.62841796875,1.4715576171875,1.62841796875,1.4715576171875,,,329503,18,1,3,0
2637,329625,10605,9731,1.618194580078125,1.484832763671875,1.618194580078125,1.484832763671875,,,329628,18,1,3,0
2638,329750,10535,9819,1.607513427734375,1.498260498046875,1.607513427734375,1.498260498046875,,,329753,18,1,3,0
2639,329875,10462,9907,1.59637451171875,1.511688232421875,1.59637451171875,1.511688232421875,,,329878,18,1,3,0
2640,330000,10388,9994,1.5850830078125,1.52496337890625,1.5850830078125,1.52496337890625,,,330003,18,1,3,0
2641,330125,10312,10081,1.573486328125,1.538238525390625,1.573486328125,1.538238525390625,,,330128,18,1,3,0
2642,330250,10235,10166,1.561737060546875,1.55120849609375,1.561737060546875,1.55120849609375,,,330253,18,1,3,0
2643,330375,10156,10249,1.5496826171875,1.563873291015625,1.5496826171875,1.563873291015625,,,330378,18,1,3,0
2644,330500,10076,10330,1.5374755859375,1.57623291015625,1.5374755859375,1.57623291015625,,,330503,18,1,3,0
2645,330625,9995,10408,1.525115966796875,1.588134765625,1.525115966796875,1.588134765625,,,330628,18,1,3,0
2646,330750,9914,10482,1.51275634765625,1.59942626953125,1.51275634765625,1.59942626953125,,,330753,18,1,3,0
2647,330875,9832,10553,1.500244140625,1.610260009765625,1.500244140625,1.610260009765625,,,330878,18,1,3,0
2648,331000,9751,10620,1.487884521484375,1.6204833984375,1.487884521484375,1.6204833984375,,,331003,18,1,3,0
2649,331125,9669,10682,1.475372314453125,1.62994384765625,1.475372314453125,1.62994384765625,,,331128,18,1,3,0
2650,331250,9588,10739,1.4630126953125,1.638641357421875,1.4630126953125,1.638641357421875,,,331253,18,1,3,0
2651,331375,9508,10791,1.4508056640625,1.646575927734375,1.4508056640625,1.646575927734375,,,331378,18,1,3,0
2652,331500,9428,10837,1.4385986328125,1.653594970703125,1.4385986328125,1.653594970703125,,,331503,18,1,3,0
2653,331625,9349,10877,1.426544189453125,1.659698486328125,1.426544189453125,1.659698486328125,,,331628,18,1,3,0
2654,331750,9272,10911,1.414794921875,1.664886474609375,1.414794921875,1.664886474609375,,,331753,18,1,3,0
2655,331875,9196,10939,1.4031982421875,1.669158935546875,1.4031982421875,1.669158935546875,,,331878,18,1,3,0
2656,332000,9122,10960,1.39190673828125,1.67236328125,1.39190673828125,1.67236328125,,,332003,18,1,3,0
2657,332125,9050,10975,1.38092041015625,1.674652099609375,1.38092041015625,1.674652099609375,,,332128,18,1,3,0
2658,332250,8980,10983,1.3702392578125,1.675872802734375,1.3702392578125,1.675872802734375,,,332253,18,1,3,0
2659,332375,8913,10984,1.360015869140625,1.676025390625,1.360015869140625,1.676025390625,,,332378,18,1,3,0
2660,332500,8848,10978,1.35009765625,1.67510986328125,1.35009765625,1.67510986328125,,,332503,18,1,3,0
2661,332625,8786,10965,1.34063720703125,1.673126220703125,1.34063720703125,1.673126220703125,,,332628,18,1,3,0
2662,332750,8727,10945,1.331634521484375,1.670074462890625,1.331634521484375,1.670074462890625,,,332753,18,1,3,0
2663,332875,8671,10919,1.323089599609375,1.666107177734375,1.323089599609375,1.666107177734375,,,332878,18,1,3,0
2664,333000,8619,10886,1.315155029296875,1.66107177734375,1.315155029296875,1.66107177734375,,,333003,18,1,3,0
2665,333125,8570,10846,1.30767822265625,1.65496826171875,1.30767822265625,1.65496826171875,,,333128,18,1,3,0
2666,333250,8524,10800,1.3006591796875,1.64794921875,1.3006591796875,1.64794921875,,,333253,18,1,3,0
2667,333375,8483,10748,1.294403076171875,1.6400146484375,1.294403076171875,1.6400146484375,,,333378,18,1,3,0
2668,333500,8445,10691,1.288604736328125,1.631317138671875,1.288604736328125,1.631317138671875,,,333503,18,1,3,0
2669,333625,8411,10628,1.283416748046875,1.6217041015625,1.283416748046875,1.6217041015625,,,333628,18,1,3,0
2670,333750,8381,10559,1.278839111328125,1.611175537109375,1.278839111328125,1.611175537109375,,,333753,18,1,3,0
2671,333875,8356,10486,1.2750244140625,1.60003662109375,1.2750244140625,1.60003662109375,,,333878,18,1,3,0
2672,334000,8334,10409,1.27166748046875,1.588287353515625,1.27166748046875,1.588287353515625,,,334003,18,1,3,0
2673,334125,8317,10327,1.269073486328125,1.575775146484375,1.269073486328125,1.575775146484375,,,334128,18,1,3,0
2674,334250,8305,10242,1.267242431640625,1.56280517578125,1.267242431640625,1.56280517578125,,,334253,18,1,3,0
2675,334375,8296,10154,1.265869140625,1.54937744140625,1.265869140625,1.54937744140625,,,334378,18,1,3,0
2676,334500,8293,10063,1.265411376953125,1.535491943359375,1.265411376953125,1.535491943359375,,,334503,18,1,3,0
2677,334625,8293,9970,1.265411376953125,1.52130126953125,1.265411376953125,1.52130126953125,,,334628,18,1,3,0
2678,334750,8298,9875,1.26617431640625,1.506805419921875,1.26617431640625,1.506805419921875,,,334753,18,1,3,0
2679,334875,8308,9779,1.2677001953125,1.492156982421875,1.2677001953125,1.492156982421875,,,334878,18,1,3,0
2680,335000,8321,9683,1.269683837890625,1.477508544921875,1.269683837890625,1.477508544921875,,,335003,18,1,3,0
2681,335125,8339,9586,1.272430419921875,1.46270751953125,1.272430419921875,1.46270751953125,,,335128,18,1,3,0
2682,335250,8362,9490,1.27593994140625,1.44805908203125,1.27593994140625,1.44805908203125,,,335253,18,1,3,0
2683,335375,8388,9395,1.2799072265625,1.433563232421875,1.2799072265625,1.433563232421875,,,335378,18,1,3,0
2684,335500,8419,9301,1.284637451171875,1.419219970703125,1.284637451171875,1.419219970703125,,,335503,18,1,3,0
2685,335625,8454,9210,1.28997802734375,1.40533447265625,1.28997802734375,1.40533447265625,,,335628,18,1,3,0
2686,335750,8493,9121,1.295928955078125,1.391754150390625,1.295928955078125,1.391754150390625,,,335753,18,1,3,0
2687,335875,8535,9034,1.302337646484375,1.37847900390625,1.302337646484375,1.37847900390625,,,335878,18,1,3,0
2688,336000,8581,8952,1.309356689453125,1.365966796875,1.309356689453125,1.365966796875,,,336003,18,1,3,0
2689,336125,8631,8873,1.316986083984375,1.353912353515625,1.316986083984375,1.353912353515625,,,336128,18,1,3,0
2690,336250,8684,8798,1.3250732421875,1.34246826171875,1.3250732421875,1.34246826171875,,,336253,18,1,3,0
2691,336375,8740,8729,1.3336181640625,1.331939697265625,1.3336181640625,1.331939697265625,,,336378,18,1,3,0
2692,336500,8800,8664,1.3427734375,1.322021484375,1.3427734375,1.322021484375,,,336503,18,1,3,0
2693,336625,8862,8606,1.35223388671875,1.31317138671875,1.35223388671875,1.31317138671875,,,336628,18,1,3,0
2694,336750,8927,8553,1.362152099609375,1.305084228515625,1.362152099609375,1.305084228515625,,,336753,18,1,3,0
2695,336875,8994,8506,1.37237548828125,1.29791259765625,1.37237548828125,1.29791259765625,,,336878,18,1,3,0
2696,337000,9064,8465,1.383056640625,1.291656494140625,1.383056640625,1.291656494140625,,,337003,18,1,3,0
2697,337125,9136,8432,1.39404296875,1.28662109375,1.39404296875,1.28662109375,,,337128,18,1,3,0
2698,337250,9210,8405,1.40533447265625,1.282501220703125,1.40533447265625,1.282501220703125,,,337253,18,1,3,0
2699,337375,9285,8386,1.416778564453125,1.27960205078125,1.416778564453125,1.27960205078125,,,337378,18,1,3,0
2700,337500,9362,8373,1.42852783203125,1.277618408203125,1.42852783203125,1.277618408203125,,,337503,18,1,3,0
2701,337625,9440,8368,1.4404296875,1.27685546875,1.4404296875,1.27685546875,,,337628,18,1,3,0
2702,337750,9519,8370,1.452484130859375,1.27716064453125,1.452484130859375,1.27716064453125,,,337753,18,1,3,0
2703,337875,9598,8380,1.46453857421875,1.2786865234375,1.46453857421875,1.2786865234375,,,337878,18,1,3,0
2704,338000,9679,8397,1.476898193359375,1.281280517578125,1.476898193359375,1.281280517578125,,,338003,18,1,3,0
2705,338125,9759,8421,1.489105224609375,1.284942626953125,1.489105224609375,1.284942626953125,,,338128,18,1,3,0
2706,338250,9840,8453,1.50146484375,1.289825439453125,1.50146484375,1.289825439453125,,,338253,18,1,3,0
2707,338375,9920,8491,1.513671875,1.295623779296875,1.513671875,1.295623779296875,,,338378,18,1,3,0
2708,338500,10000,8536,1.52587890625,1.302490234375,1.52587890625,1.302490234375,,,338503,18,1,3,0
2709,338625,10079,8588,1.537933349609375,1.3104248046875,1.537933349609375,1.3104248046875,,,338628,18,1,3,0
2710,338750,10157,8647,1.549835205078125,1.319427490234375,1.549835205078125,1.319427490234375,,,338753,18,1,3,0
2711,338875,10234,8711,1.56158447265625,1.329193115234375,1.56158447265625,1.329193115234375,,,338878,18,1,3,0
2712,339000,10310,8781,1.57318115234375,1.339874267578125,1.57318115234375,1.339874267578125,,,339003,18,1,3,0
2713,339125,10384,8857,1.58447265625,1.351470947265625,1.58447265625,1.351470947265625,,,339128,18,1,3,0
2714,339250,10456,8938,1.595458984375,1.36383056640625,1.595458984375,1.36383056640625,,,339253,18,1,3,0
2715,339375,10526,9023,1.60614013671875,1.376800537109375,1.60614013671875,1.376800537109375,,,339378,18,1,3,0
2716,339500,10594,9113,1.61651611328125,1.390533447265625,1.61651611328125,1.390533447265625,,,339503,18,1,3,0
2717,339625,10660,9206,1.6265869140625,1.40472412109375,1.6265869140625,1.40472412109375,,,339628,18,1,3,0
2718,339750,10723,9303,1.636199951171875,1.419525146484375,1.636199951171875,1.419525146484375,,,339753,18,1,3,0
2719,339875,10783,9402,1.645355224609375,1.43463134765625,1.645355224609375,1.43463134765625,,,339878,18,1,3,0
2720,340000,10840,9504,1.654052734375,1.4501953125,1.654052734375,1.4501953125,,,340003,18,1,3,0
2721,340125,10894,9607,1.66229248046875,1.465911865234375,1.66229248046875,1.465911865234375,,,340128,18,1,3,0
2722,340250,10945,9712,1.670074462890625,1.48193359375,1.670074462890625,1.48193359375,,,340253,18,1,3,0
2723,340375,10992,9818,1.67724609375,1.49810791015625,1.67724609375,1.49810791015625,,,340378,18,1,3,0
2724,340500,11036,9923,1.6839599609375,1.514129638671875,1.6839599609375,1.514129638671875,,,340503,18,1,3,0
2725,340625,11076,10029,1.6900634765625,1.530303955078125,1.6900634765625,1.530303955078125,,,340628,18,1,3,0
2726,340750,11112,10133,1.695556640625,1.546173095703125,1.695556640625,1.546173095703125,,,340753,18,1,3,0
2727,340875,11144,10236,1.700439453125,1.5618896484375,1.700439453125,1.5618896484375,,,340878,18,1,3,0
2728,341000,11172,10337,1.7047119140625,1.577301025390625,1.7047119140625,1.577301025390625,,,341003,18,1,3,0
2729,341125,11197,10436,1.708526611328125,1.5924072265625,1.708526611328125,1.5924072265625,,,341128,18,1,3,0
2730,341250,11217,10531,1.711578369140625,1.606903076171875,1.711578369140625,1.606903076171875,,,341253,18,1,3,0
2731,341375,11233,10623,1.714019775390625,1.620941162109375,1.714019775390625,1.620941162109375,,,341378,18,1,3,0
2732,341500,11244,10711,1.7156982421875,1.634368896484375,1.7156982421875,1.634368896484375,,,341503,18,1,3,0
2733,341625,11252,10795,1.7169189453125,1.647186279296875,1.7169189453125,1.647186279296875,,,341628,18,1,3,0
2734,341750,11255,10874,1.717376708984375,1.65924072265625,1.717376708984375,1.65924072265625,,,341753,18,1,3,0
2735,341875,11254,10947,1.71722412109375,1.670379638671875,1.71722412109375,1.670379638671875,,,341878,18,1,3,0
2736,342000,11249,11015,1.716461181640625,1.680755615234375,1.716461181640625,1.680755615234375,,,342003,18,1,3,0
2737,342125,11240,11077,1.715087890625,1.690216064453125,1.715087890625,1.690216064453125,,,342128,18,1,3,0
2738,342250,11226,11133,1.71295166015625,1.698760986328125,1.71295166015625,1.698760986328125,,,342253,18,1,3,0
2739,342375,11208,11183,1.710205078125,1.706390380859375,1.710205078125,1.706390380859375,,,342378,18,1,3,0
2740,342500,11187,11225,1.707000732421875,1.712799072265625,1.707000732421875,1.712799072265625,,,342503,18,1,3,0
2741,342625,11161,11261,1.703033447265625,1.718292236328125,1.703033447265625,1.718292236328125,,,342628,18,1,3,0
2742,342750,11131,11289,1.698455810546875,1.722564697265625,1.698455810546875,1.722564697265625,,,342753,18,1,3,0
2743,342875,11098,11311,1.69342041015625,1.725921630859375,1.69342041015625,1.725921630859375,,,342878,18,1,3,0
2744,343000,11061,11325,1.687774658203125,1.728057861328125,1.687774658203125,1.728057861328125,,,343003,18,1,3,0
2745,343125,11021,11331,1.681671142578125,1.728973388671875,1.681671142578125,1.728973388671875,,,343128,18,1,3,0
2746,343250,10977,11330,1.674957275390625,1.72882080078125,1.674957275390625,1.72882080078125,,,343253,18,1,3,0
2747,343375,10930,11322,1.66778564453125,1.72760009765625,1.66778564453125,1.72760009765625,,,343378,18,1,3,0
2748,343500,10879,11306,1.660003662109375,1.72515869140625,1.660003662109375,1.72515869140625,,,343503,18,1,3,0
2749,343625,10826,11283,1.65191650390625,1.721649169921875,1.65191650390625,1.721649169921875,,,343628,18,1,3,0
2750,343750,10770,11253,1.64337158203125,1.717071533203125,1.64337158203125,1.717071533203125,,,343753,18,1,3,0
2751,343875,10711,11216,1.634368896484375,1.71142578125,1.634368896484375,1.71142578125,,,343878,18,1,3,0
2752,344000,10650,11172,1.62506103515625,1.7047119140625,1.62506103515625,1.7047119140625,,,344003,18,1,3,0
2753,344125,10587,11122,1.615447998046875,1.69708251953125,1.615447998046875,1.69708251953125,,,344128,18,1,3,0
2754,344250,10522,11065,1.60552978515625,1.688385009765625,1.60552978515625,1.688385009765625,,,344253,18,1,3,0
2755,344375,10455,11003,1.595306396484375,1.678924560546875,1.595306396484375,1.678924560546875,,,344378,18,1,3,0
2756,344500,10386,10936,1.58477783203125,1.668701171875,1.58477783203125,1.668701171875,,,344503,18,1,3,0
2757,344625,10316,10863,1.5740966796875,1.657562255859375,1.5740966796875,1.657562255859375,,,344628,18,1,3,0
2758,344750,10245,10785,1.563262939453125,1.645660400390625,1.563262939453125,1.645660400390625,,,344753,18,1,3,0
2759,344875,10173,10703,1.552276611328125,1.633148193359375,1.552276611328125,1.633148193359375,,,344878,18,1,3,0
2760,345000,10100,10617,1.5411376953125,1.620025634765625,1.5411376953125,1.620025634765625,,,345003,18,1,3,0
2761,345125,10027,10528,1.529998779296875,1.6064453125,1.529998779296875,1.6064453125,,,345128,18,1,3,0
2762,345250,9954,10436,1.51885986328125,1.5924072265625,1.51885986328125,1.5924072265625,,,345253,18,1,3,0
2763,345375,9880,10342,1.507568359375,1.57806396484375,1.507568359375,1.57806396484375,,,345378,18,1,3,0
2764,345500,9807,10245,1.496429443359375,1.563262939453125,1.496429443359375,1.563262939453125,,,345503,18,1,3,0
2765,345625,9734,10147,1.48529052734375,1.548309326171875,1.48529052734375,1.548309326171875,,,345628,18,1,3,0
2766,345750,9662,10049,1.47430419921875,1.533355712890625,1.47430419921875,1.533355712890625,,,345753,18,1,3,0
2767,345875,9590,9950,1.46331787109375,1.51824951171875,1.46331787109375,1.51824951171875,,,345878,18,1,3,0
2768,346000,9520,9851,1.45263671875,1.503143310546875,1.45263671875,1.503143310546875,,,346003,18,1,3,0
2769,346125,9451,9753,1.442108154296875,1.488189697265625,1.442108154296875,1.488189697265625,,,346128,18,1,3,0
2770,346250,9383,9656,1.431732177734375,1.473388671875,1.431732177734375,1.473388671875,,,346253,18,1,3,0
2771,346375,9318,9561,1.42181396484375,1.458892822265625,1.42181396484375,1.458892822265625,,,346378,18,1,3,0
2772,346500,9254,9469,1.41204833984375,1.444854736328125,1.41204833984375,1.444854736328125,,,346503,18,1,3,0
2773,346625,9192,9379,1.402587890625,1.431121826171875,1.402587890625,1.431121826171875,,,346628,18,1,3,0
2774,346750,9133,9292,1.393585205078125,1.4178466796875,1.393585205078125,1.4178466796875,,,346753,18,1,3,0
2775,346875,9076,9209,1.3848876953125,1.405181884765625,1.3848876953125,1.405181884765625,,,346878,18,1,3,0
2776,347000,9021,9130,1.376495361328125,1.39312744140625,1.376495361328125,1.39312744140625,,,347003,18,1,3,0
2777,347125,8970,9056,1.36871337890625,1.3818359375,1.36871337890625,1.3818359375,,,347128,18,1,3,0
2778,347250,8921,8987,1.361236572265625,1.371307373046875,1.361236572265625,1.371307373046875,,,347253,18,1,3,0
2779,347375,8876,8922,1.3543701171875,1.36138916015625,1.3543701171875,1.36138916015625,,,347378,18,1,3,0
2780,347500,8834,8864,1.34796142578125,1.3525390625,1.34796142578125,1.3525390625,,,347503,18,1,3,0
2781,347625,8795,8811,1.342010498046875,1.344451904296875,1.342010498046875,1.344451904296875,,,347628,18,1,3,0
2782,347750,8759,8765,1.336517333984375,1.337432861328125,1.336517333984375,1.337432861328125,,,347753,18,1,3,0
2783,347875,8728,8725,1.331787109375,1.331329345703125,1.331787109375,1.331329345703125,,,347878,18,1,3,0
2784,348000,8699,8691,1.327362060546875,1.326141357421875,1.327362060546875,1.326141357421875,,,348003,18,1,3,0
2785,348125,8675,8664,1.323699951171875,1.322021484375,1.323699951171875,1.322021484375,,,348128,18,1,3,0
2786,348250,8654,8644,1.32049560546875,1.3189697265625,1.32049560546875,1.3189697265625,,,348253,18,1,3,0
2787,348375,8637,8631,1.317901611328125,1.316986083984375,1.317901611328125,1.316986083984375,,,348378,18,1,3,0
2788,348500,8624,8625,1.31591796875,1.316070556640625,1.31591796875,1.316070556640625,,,348503,18,1,3,0
2789,348625,8615,8626,1.314544677734375,1.31622314453125,1.314544677734375,1.31622314453125,,,348628,18,1,3,0
2790,348750,8610,8634,1.31378173828125,1.31744384765625,1.31378173828125,1.31744384765625,,,348753,18,1,3,0
2791,348875,8609,8649,1.313629150390625,1.319732666015625,1.313629150390625,1.319732666015625,,,348878,18,1,3,0
2792,349000,8612,8670,1.3140869140625,1.32293701171875,1.3140869140625,1.32293701171875,,,349003,18,1,3,0
2793,349125,8618,8698,1.31500244140625,1.32720947265625,1.31500244140625,1.32720947265625,,,349128,18,1,3,0
2794,349250,8629,8733,1.316680908203125,1.332550048828125,1.316680908203125,1.332550048828125,,,349253,18,1,3,0
2795,349375,8643,8774,1.318817138671875,1.33880615234375,1.318817138671875,1.33880615234375,,,349378,18,1,3,0
2796,349500,8661,8820,1.321563720703125,1.3458251953125,1.321563720703125,1.3458251953125,,,349503,18,1,3,0
2797,349625,8683,8872,1.324920654296875,1.353759765625,1.324920654296875,1.353759765625,,,349628,18,1,3,0
2798,349750,8708,8930,1.3287353515625,1.36260986328125,1.3287353515625,1.36260986328125,,,349753,18,1,3,0
2799,349875,8737,8992,1.333160400390625,1.3720703125,1.333160400390625,1.3720703125,,,349878,18,1,3,0
2800,350000,8770,9059,1.33819580078125,1.382293701171875,1.33819580078125,1.382293701171875,,,350003,18,1,3,0
2801,350125,8805,9131,1.343536376953125,1.393280029296875,1.343536376953125,1.393280029296875,,,350128,18,1,3,0
2802,350250,8844,9206,1.3494873046875,1.40472412109375,1.3494873046875,1.40472412109375,,,350253,18,1,3,0
2803,350375,8886,9284,1.35589599609375,1.4166259765625,1.35589599609375,1.4166259765625,,,350378,18,1,3,0
2804,350500,8930,9366,1.36260986328125,1.42913818359375,1.36260986328125,1.42913818359375,,,350503,18,1,3,0
2805,350625,8978,9449,1.36993408203125,1.441802978515625,1.36993408203125,1.441802978515625,,,350628,18,1,3,0
2806,350750,9028,9535,1.3775634765625,1.454925537109375,1.3775634765625,1.454925537109375,,,350753,18,1,3,0
2807,350875,9080,9622,1.385498046875,1.46820068359375,1.385498046875,1.46820068359375,,,350878,18,1,3,0
2808,351000,9135,9710,1.393890380859375,1.48162841796875,1.393890380859375,1.48162841796875,,,351003,18,1,3,0
2809,351125,9192,9798,1.402587890625,1.49505615234375,1.402587890625,1.49505615234375,,,351128,18,1,3,0
2810,351250,9250,9886,1.41143798828125,1.50848388671875,1.41143798828125,1.50848388671875,,,351253,18,1,3,0
2811,351375,9310,9973,1.42059326171875,1.521759033203125,1.42059326171875,1.521759033203125,,,351378,18,1,3,0
2812,351500,9372,10060,1.4300537109375,1.5350341796875,1.4300537109375,1.5350341796875,,,351503,18,1,3,0
2813,351625,9435,10144,1.439666748046875,1.5478515625,1.439666748046875,1.5478515625,,,351628,18,1,3,0
2814,351750,9499,10227,1.449432373046875,1.560516357421875,1.449432373046875,1.560516357421875,,,351753,18,1,3,0
2815,351875,9564,10307,1.4593505859375,1.572723388671875,1.4593505859375,1.572723388671875,,,351878,18,1,3,0
2816,352000,9629,10383,1.469268798828125,1.584320068359375,1.469268798828125,1.584320068359375,,,352003,18,1,3,0
2817,352125,9695,10457,1.479339599609375,1.595611572265625,1.479339599609375,1.595611572265625,,,352128,18,1,3,0
2818,352250,9761,10526,1.489410400390625,1.60614013671875,1.489410400390625,1.60614013671875,,,352253,18,1,3,0
2819,352375,9827,10591,1.499481201171875,1.616058349609375,1.499481201171875,1.616058349609375,,,352378,18,1,3,0
2820,352500,9893,10651,1.509552001953125,1.625213623046875,1.509552001953125,1.625213623046875,,,352503,18,1,3,0
2821,352625,9958,10706,1.51947021484375,1.63360595703125,1.51947021484375,1.63360595703125,,,352628,18,1,3,0
2822,352750,10023,10755,1.529388427734375,1.641082763671875,1.529388427734375,1.641082763671875,,,352753,18,1,3,0
2823,352875,10087,10799,1.539154052734375,1.647796630859375,1.539154052734375,1.647796630859375,,,352878,18,1,3,0
2824,353000,10150,10837,1.54876708984375,1.653594970703125,1.54876708984375,1.653594970703125,,,353003,18,1,3,0
2825,353125,10211,10869,1.558074951171875,1.658477783203125,1.558074951171875,1.658477783203125,,,353128,18,1,3,0
2826,353250,10271,10894,1.567230224609375,1.66229248046875,1.567230224609375,1.66229248046875,,,353253,18,1,3,0
2827,353375,10329,10913,1.576080322265625,1.665191650390625,1.576080322265625,1.665191650390625,,,353378,18,1,3,0
2828,353500,10386,10925,1.58477783203125,1.667022705078125,1.58477783203125,1.667022705078125,,,353503,18,1,3,0
2829,353625,10440,10930,1.593017578125,1.66778564453125,1.593017578125,1.66778564453125,,,353628,18,1,3,0
2830,353750,10492,10929,1.6009521484375,1.667633056640625,1.6009521484375,1.667633056640625,,,353753,18,1,3,0
2831,353875,10542,10920,1.60858154296875,1.666259765625,1.60858154296875,1.666259765625,,,353878,18,1,3,0
2832,354000,10589,10905,1.615753173828125,1.663970947265625,1.615753173828125,1.663970947265625,,,354003,18,1,3,0
2833,354125,10634,10883,1.62261962890625,1.660614013671875,1.62261962890625,1.660614013671875,,,354128,18,1,3,0
2834,354250,10676,10855,1.6290283203125,1.656341552734375,1.6290283203125,1.656341552734375,,,354253,18,1,3,0
2835,354375,10714,10820,1.63482666015625,1.6510009765625,1.63482666015625,1.6510009765625,,,354378,18,1,3,0
2836,354500,10750,10779,1.64031982421875,1.644744873046875,1.64031982421875,1.644744873046875,,,354503,18,1,3,0
2837,354625,10782,10731,1.64520263671875,1.637420654296875,1.64520263671875,1.637420654296875,,,354628,18,1,3,0
2838,354750,10811,10678,1.649627685546875,1.62933349609375,1.649627685546875,1.62933349609375,,,354753,18,1,3,0
2839,354875,10837,10620,1.653594970703125,1.6204833984375,1.653594970703125,1.6204833984375,,,354878,18,1,3,0
2840,355000,10859,10556,1.656951904296875,1.6107177734375,1.656951904296875,1.6107177734375,,,355003,18,1,3,0
2841,355125,10878,10487,1.65985107421875,1.600189208984375,1.65985107421875,1.600189208984375,,,355128,18,1,3,0
2842,355250,10893,10414,1.662139892578125,1.58905029296875,1.662139892578125,1.58905029296875,,,355253,18,1,3,0
2843,355375,10904,10337,1.663818359375,1.577301025390625,1.663818359375,1.577301025390625,,,355378,18,1,3,0
2844,355500,10912,10256,1.6650390625,1.56494140625,1.6650390625,1.56494140625,,,355503,18,1,3,0
2845,355625,10916,10172,1.6656494140625,1.5521240234375,1.6656494140625,1.5521240234375,,,355628,18,1,3,0
2846,355750,10916,10086,1.6656494140625,1.53900146484375,1.6656494140625,1.53900146484375,,,355753,18,1,3,0
2847,355875,10912,9997,1.6650390625,1.525421142578125,1.6650390625,1.525421142578125,,,355878,18,1,3,0
2848,356000,10905,9906,1.663970947265625,1.51153564453125,1.663970947265625,1.51153564453125,,,356003,18,1,3,0
2849,356125,10894,9814,1.66229248046875,1.49749755859375,1.66229248046875,1.49749755859375,,,356128,18,1,3,0
2850,356250,10879,9721,1.660003662109375,1.483306884765625,1.660003662109375,1.483306884765625,,,356253,18,1,3,0
2851,356375,10861,9628,1.657257080078125,1.4691162109375,1.657257080078125,1.4691162109375,,,356378,18,1,3,0
2852,356500,10840,9535,1.654052734375,1.454925537109375,1.654052734375,1.454925537109375,,,356503,18,1,3,0
2853,356625,10814,9443,1.65008544921875,1.440887451171875,1.65008544921875,1.440887451171875,,,356628,18,1,3,0
2854,356750,10786,9352,1.64581298828125,1.427001953125,1.64581298828125,1.427001953125,,,356753,18,1,3,0
2855,356875,10754,9264,1.64093017578125,1.41357421875,1.64093017578125,1.41357421875,,,356878,18,1,3,0
2856,357000,10719,9177,1.635589599609375,1.400299072265625,1.635589599609375,1.400299072265625,,,357003,18,1,3,0
2857,357125,10681,9094,1.629791259765625,1.38763427734375,1.629791259765625,1.38763427734375,,,357128,18,1,3,0
2858,357250,10640,9013,1.62353515625,1.375274658203125,1.62353515625,1.375274658203125,,,357253,18,1,3,0
2859,357375,10596,8937,1.6168212890625,1.363677978515625,1.6168212890625,1.363677978515625,,,357378,18,1,3,0
2860,357500,10550,8864,1.60980224609375,1.3525390625,1.60980224609375,1.3525390625,,,357503,18,1,3,0
2861,357625,10501,8797,1.602325439453125,1.342315673828125,1.602325439453125,1.342315673828125,,,357628,18,1,3,0
2862,357750,10450,8734,1.59454345703125,1.33270263671875,1.59454345703125,1.33270263671875,,,357753,18,1,3,0
2863,357875,10396,8677,1.5863037109375,1.324005126953125,1.5863037109375,1.324005126953125,,,357878,18,1,3,0
2864,358000,10341,8625,1.577911376953125,1.316070556640625,1.577911376953125,1.316070556640625,,,358003,18,1,3,0
2865,358125,10284,8580,1.5692138671875,1.3092041015625,1.5692138671875,1.3092041015625,,,358128,18,1,3,0
2866,358250,10225,8540,1.560211181640625,1.3031005859375,1.560211181640625,1.3031005859375,,,358253,18,1,3,0
2867,358375,10165,8508,1.551055908203125,1.2982177734375,1.551055908203125,1.2982177734375,,,358378,18,1,3,0
2868,358500,10103,8482,1.541595458984375,1.29425048828125,1.541595458984375,1.29425048828125,,,358503,18,1,3,0
2869,358625,10041,8463,1.532135009765625,1.291351318359375,1.532135009765625,1.291351318359375,,,358628,18,1,3,0
2870,358750,9978,8451,1.52252197265625,1.289520263671875,1.52252197265625,1.289520263671875,,,358753,18,1,3,0
2871,358875,9914,8446,1.51275634765625,1.28875732421875,1.51275634765625,1.28875732421875,,,358878,18,1,3,0
2872,359000,9850,8449,1.50299072265625,1.289215087890625,1.50299072265625,1.289215087890625,,,359003,18,1,3,0
2873,359125,9785,8458,1.493072509765625,1.29058837890625,1.493072509765625,1.29058837890625,,,359128,18,1,3,0
2874,359250,9721,8475,1.483306884765625,1.293182373046875,1.483306884765625,1.293182373046875,,,359253,18,1,3,0
2875,359375,9657,8500,1.473541259765625,1.2969970703125,1.473541259765625,1.2969970703125,,,359378,18,1,3,0
2876,359500,9593,8531,1.463775634765625,1.301727294921875,1.463775634765625,1.301727294921875,,,359503,18,1,3,0
2877,359625,9530,8569,1.45416259765625,1.307525634765625,1.45416259765625,1.307525634765625,,,359628,18,1,3,0
2878,359750,9468,8614,1.4447021484375,1.31439208984375,1.4447021484375,1.31439208984375,,,359753,18,1,3,0
2879,359875,9407,8665,1.435394287109375,1.322174072265625,1.435394287109375,1.322174072265625,,,359878,18,1,3,0
2880,360000,9347,8723,1.426239013671875,1.331024169921875,1.426239013671875,1.331024169921875,,,360003,18,1,3,0
2881,360125,9289,8787,1.417388916015625,1.340789794921875,1.417388916015625,1.340789794921875,,,360128,18,1,3,0
2882,360250,9233,8857,1.408843994140625,1.351470947265625,1.408843994140625,1.351470947265625,,,360253,18,1,3,0
2883,360375,9178,8931,1.40045166015625,1.362762451171875,1.40045166015625,1.362762451171875,,,360378,18,1,3,0
2884,360500,9126,9011,1.39251708984375,1.374969482421875,1.39251708984375,1.374969482421875,,,360503,18,1,3,0
2885,360625,9075,9096,1.384735107421875,1.387939453125,1.384735107421875,1.387939453125,,,360628,18,1,3,0
2886,360750,9028,9185,1.3775634765625,1.401519775390625,1.3775634765625,1.401519775390625,,,360753,18,1,3,0
2887,360875,8982,9277,1.37054443359375,1.415557861328125,1.37054443359375,1.415557861328125,,,360878,18,1,3,0
2888,361000,8940,9373,1.3641357421875,1.430206298828125,1.3641357421875,1.430206298828125,,,361003,18,1,3,0
2889,361125,8900,9471,1.3580322265625,1.445159912109375,1.3580322265625,1.445159912109375,,,361128,18,1,3,0
2890,361250,8863,9572,1.352386474609375,1.4605712890625,1.352386474609375,1.4605712890625,,,361253,18,1,3,0
2891,361375,8830,9674,1.34735107421875,1.47613525390625,1.34735107421875,1.47613525390625,,,361378,18,1,3,0
2892,361500,8800,9778,1.3427734375,1.49200439453125,1.3427734375,1.49200439453125,,,361503,18,1,3,0
2893,361625,8773,9882,1.338653564453125,1.50787353515625,1.338653564453125,1.50787353515625,,,361628,18,1,3,0
2894,361750,8749,9987,1.334991455078125,1.523895263671875,1.334991455078125,1.523895263671875,,,361753,18,1,3,0
2895,361875,8729,10091,1.331939697265625,1.539764404296875,1.331939697265625,1.539764404296875,,,361878,18,1,3,0
2896,362000,8713,10194,1.329498291015625,1.55548095703125,1.329498291015625,1.55548095703125,,,362003,18,1,3,0
2897,362125,8701,10296,1.327667236328125,1.571044921875,1.327667236328125,1.571044921875,,,362128,18,1,3,0
2898,362250,8692,10396,1.3262939453125,1.5863037109375,1.3262939453125,1.5863037109375,,,362253,18,1,3,0
2899,362375,8687,10493,1.325531005859375,1.601104736328125,1.325531005859375,1.601104736328125,,,362378,18,1,3,0
2900,362500,8685,10587,1.325225830078125,1.615447998046875,1.325225830078125,1.615447998046875,,,362503,18,1,3,0
2901,362625,8688,10678,1.32568359375,1.62933349609375,1.32568359375,1.62933349609375,,,362628,18,1,3,0
2902,362750,8694,10765,1.32659912109375,1.642608642578125,1.32659912109375,1.642608642578125,,,362753,18,1,3,0
2903,362875,8704,10847,1.328125,1.655120849609375,1.328125,1.655120849609375,,,362878,18,1,3,0
2904,363000,8718,10925,1.33026123046875,1.667022705078125,1.33026123046875,1.667022705078125,,,363003,18,1,3,0
2905,363125,8736,10997,1.3330078125,1.678009033203125,1.3330078125,1.678009033203125,,,363128,18,1,3,0
2906,363250,8757,11064,1.336212158203125,1.688232421875,1.336212158203125,1.688232421875,,,363253,18,1,3,0
2907,363375,8783,11124,1.340179443359375,1.6973876953125,1.340179443359375,1.6973876953125,,,363378,18,1,3,0
2908,363500,8811,11179,1.344451904296875,1.705780029296875,1.344451904296875,1.705780029296875,,,363503,18,1,3,0
2909,363625,8843,11227,1.349334716796875,1.713104248046875,1.349334716796875,1.713104248046875,,,363628,18,1,3,0
2910,363750,8879,11268,1.354827880859375,1.7193603515625,1.354827880859375,1.7193603515625,,,363753,18,1,3,0
2911,363875,8917,11302,1.360626220703125,1.72454833984375,1.360626220703125,1.72454833984375,,,363878,18,1,3,0
2912,364000,8959,11329,1.367034912109375,1.728668212890625,1.367034912109375,1.728668212890625,,,364003,18,1,3,0
2913,364125,9004,11349,1.3739013671875,1.731719970703125,1.3739013671875,1.731719970703125,,,364128,18,1,3,0
2914,364250,9052,11361,1.3812255859375,1.733551025390625,1.3812255859375,1.733551025390625,,,364253,18,1,3,0
2915,364375,9103,11366,1.389007568359375,1.73431396484375,1.389007568359375,1.73431396484375,,,364378,18,1,3,0
2916,364500,9156,11363,1.3970947265625,1.733856201171875,1.3970947265625,1.733856201171875,,,364503,18,1,3,0
2917,364625,9212,11353,1.4056396484375,1.732330322265625,1.4056396484375,1.732330322265625,,,364628,18,1,3,0
2918,364750,9270,11335,1.41448974609375,1.729583740234375,1.41448974609375,1.729583740234375,,,364753,18,1,3,0
2919,364875,9330,11310,1.42364501953125,1.72576904296875,1.42364501953125,1.72576904296875,,,364878,18,1,3,0
2920,365000,9392,11278,1.43310546875,1.72088623046875,1.43310546875,1.72088623046875,,,365003,18,1,3,0
2921,365125,9456,11239,1.44287109375,1.714935302734375,1.44287109375,1.714935302734375,,,365128,18,1,3,0
2922,365250,9521,11193,1.452789306640625,1.707916259765625,1.452789306640625,1.707916259765625,,,365253,18,1,3,0
2923,365375,9588,11141,1.4630126953125,1.699981689453125,1.4630126953125,1.699981689453125,,,365378,18,1,3,0
2924,365500,9655,11082,1.473236083984375,1.69097900390625,1.473236083984375,1.69097900390625,,,365503,18,1,3,0
2925,365625,9724,11017,1.4837646484375,1.681060791015625,1.4837646484375,1.681060791015625,,,365628,18,1,3,0
2926,365750,9793,10947,1.494293212890625,1.670379638671875,1.494293212890625,1.670379638671875,,,365753,18,1,3,0
2927,365875,9863,10872,1.504974365234375,1.658935546875,1.504974365234375,1.658935546875,,,365878,18,1,3,0
2928,366000,9933,10792,1.515655517578125,1.646728515625,1.515655517578125,1.646728515625,,,366003,18,1,3,0
2929,366125,10003,10707,1.526336669921875,1.633758544921875,1.526336669921875,1.633758544921875,,,366128,18,1,3,0
2930,366250,10073,10618,1.537017822265625,1.62017822265625,1.537017822265625,1.62017822265625,,,366253,18,1,3,0
2931,366375,10142,10526,1.54754638671875,1.60614013671875,1.54754638671875,1.60614013671875,,,366378,18,1,3,0
2932,366500,10211,10431,1.558074951171875,1.591644287109375,1.558074951171875,1.591644287109375,,,366503,18,1,3,0
2933,366625,10279,10334,1.568450927734375,1.57684326171875,1.568450927734375,1.57684326171875,,,366628,18,1,3,0
2934,366750,10345,10235,1.578521728515625,1.561737060546875,1.578521728515625,1.561737060546875,,,366753,18,1,3,0
2935,366875,10411,10134,1.588592529296875,1.54632568359375,1.588592529296875,1.54632568359375,,,366878,18,1,3,0
2936,367000,10475,10032,1.598358154296875,1.53076171875,1.598358154296875,1.53076171875,,,367003,18,1,3,0
2937,367125,10537,9930,1.607818603515625,1.51519775390625,1.607818603515625,1.51519775390625,,,367128,18,1,3,0
2938,367250,10598,9828,1.61712646484375,1.4996337890625,1.61712646484375,1.4996337890625,,,367253,18,1,3,0
2939,367375,10656,9726,1.6259765625,1.48406982421875,1.6259765625,1.48406982421875,,,367378,18,1,3,0
2940,367500,10712,9626,1.634521484375,1.46881103515625,1.634521484375,1.46881103515625,,,367503,18,1,3,0
2941,367625,10765,9528,1.642608642578125,1.453857421875,1.642608642578125,1.453857421875,,,367628,18,1,3,0
2942,367750,10816,9432,1.650390625,1.439208984375,1.650390625,1.439208984375,,,367753,18,1,3,0
2943,367875,10864,9339,1.65771484375,1.425018310546875,1.65771484375,1.425018310546875,,,367878,18,1,3,0
2944,368000,10909,9249,1.664581298828125,1.411285400390625,1.664581298828125,1.411285400390625,,,368003,18,1,3,0
2945,368125,10951,9162,1.670989990234375,1.39801025390625,1.670989990234375,1.39801025390625,,,368128,18,1,3,0
2946,368250,10989,9080,1.676788330078125,1.385498046875,1.676788330078125,1.385498046875,,,368253,18,1,3,0
2947,368375,11024,9002,1.68212890625,1.37359619140625,1.68212890625,1.37359619140625,,,368378,18,1,3,0
2948,368500,11056,8929,1.68701171875,1.362457275390625,1.68701171875,1.362457275390625,,,368503,18,1,3,0
2949,368625,11084,8862,1.6912841796875,1.35223388671875,1.6912841796875,1.35223388671875,,,368628,18,1,3,0
2950,368750,11108,8800,1.6949462890625,1.3427734375,1.6949462890625,1.3427734375,,,368753,18,1,3,0
2951,368875,11128,8744,1.697998046875,1.334228515625,1.697998046875,1.334228515625,,,368878,18,1,3,0
2952,369000,11145,8695,1.700592041015625,1.326751708984375,1.700592041015625,1.326751708984375,,,369003,18,1,3,0
2953,369125,11157,8651,1.702423095703125,1.320037841796875,1.702423095703125,1.320037841796875,,,369128,18,1,3,0
2954,369250,11166,8615,1.70379638671875,1.314544677734375,1.70379638671875,1.314544677734375,,,369253,18,1,3,0
2955,369375,11170,8585,1.70440673828125,1.309967041015625,1.70440673828125,1.309967041015625,,,369378,18,1,3,0
2956,369500,11170,8563,1.70440673828125,1.306610107421875,1.70440673828125,1.306610107421875,,,369503,18,1,3,0
2957,369625,11166,8547,1.70379638671875,1.304168701171875,1.70379638671875,1.304168701171875,,,369628,18,1,3,0
2958,369750,11158,8538,1.70257568359375,1.30279541015625,1.70257568359375,1.30279541015625,,,369753,18,1,3,0
2959,369875,11146,8537,1.70074462890625,1.302642822265625,1.70074462890625,1.302642822265625,,,369878,18,1,3,0
2960,370000,11130,8542,1.69830322265625,1.30340576171875,1.69830322265625,1.30340576171875,,,370003,18,1,3,0
2961,370125,11110,8555,1.69525146484375,1.305389404296875,1.69525146484375,1.305389404296875,,,370128,18,1,3,0
2962,370250,11086,8575,1.69158935546875,1.308441162109375,1.69158935546875,1.308441162109375,,,370253,18,1,3,0
2963,370375,11058,8601,1.68731689453125,1.312408447265625,1.68731689453125,1.312408447265625,,,370378,18,1,3,0
2964,370500,11026,8634,1.68243408203125,1.31744384765625,1.68243408203125,1.31744384765625,,,370503,18,1,3,0
2965,370625,10990,8673,1.67694091796875,1.323394775390625,1.67694091796875,1.323394775390625,,,370628,18,1,3,0
2966,370750,10951,8718,1.670989990234375,1.33026123046875,1.670989990234375,1.33026123046875,,,370753,18,1,3,0
2967,370875,10908,8770,1.6644287109375,1.33819580078125,1.6644287109375,1.33819580078125,,,370878,18,1,3,0
2968,371000,10861,8826,1.657257080078125,1.34674072265625,1.657257080078125,1.34674072265625,,,371003,18,1,3,0
2969,371125,10812,8888,1.6497802734375,1.356201171875,1.6497802734375,1.356201171875,,,371128,18,1,3,0
2970,371250,10759,8955,1.641693115234375,1.366424560546875,1.641693115234375,1.366424560546875,,,371253,18,1,3,0
2971,371375,10703,9026,1.633148193359375,1.37725830078125,1.633148193359375,1.37725830078125,,,371378,18,1,3,0
2972,371500,10644,9102,1.6241455078125,1.38885498046875,1.6241455078125,1.38885498046875,,,371503,18,1,3,0
2973,371625,10582,9180,1.61468505859375,1.4007568359375,1.61468505859375,1.4007568359375,,,371628,18,1,3,0
2974,371750,10518,9262,1.60491943359375,1.41326904296875,1.60491943359375,1.41326904296875,,,371753,18,1,3,0
2975,371875,10452,9347,1.5948486328125,1.426239013671875,1.5948486328125,1.426239013671875,,,371878,18,1,3,0
2976,372000,10383,9433,1.584320068359375,1.439361572265625,1.584320068359375,1.439361572265625,,,372003,18,1,3,0
2977,372125,10313,9522,1.573638916015625,1.45294189453125,1.573638916015625,1.45294189453125,,,372128,18,1,3,0
2978,372250,10241,9611,1.562652587890625,1.466522216796875,1.562652587890625,1.466522216796875,,,372253,18,1,3,0
2979,372375,10167,9701,1.551361083984375,1.480255126953125,1.551361083984375,1.480255126953125,,,372378,18,1,3,0
2980,372500,10092,9791,1.5399169921875,1.493988037109375,1.5399169921875,1.493988037109375,,,372503,18,1,3,0
2981,372625,10016,9881,1.5283203125,1.507720947265625,1.5283203125,1.507720947265625,,,372628,18,1,3,0
2982,372750,9939,9969,1.516571044921875,1.521148681640625,1.516571044921875,1.521148681640625,,,372753,18,1,3,0
2983,372875,9862,10057,1.50482177734375,1.534576416015625,1.50482177734375,1.534576416015625,,,372878,18,1,3,0
2984,373000,9784,10142,1.492919921875,1.54754638671875,1.492919921875,1.54754638671875,,,373003,18,1,3,0
2985,373125,9706,10225,1.48101806640625,1.560211181640625,1.48101806640625,1.560211181640625,,,373128,18,1,3,0
2986,373250,9628,10305,1.4691162109375,1.572418212890625,1.4691162109375,1.572418212890625,,,373253,18,1,3,0
2987,373375,9551,10382,1.457366943359375,1.58416748046875,1.457366943359375,1.58416748046875,,,373378,18,1,3,0
2988,373500,9474,10455,1.44561767578125,1.595306396484375,1.44561767578125,1.595306396484375,,,373503,18,1,3,0
2989,373625,9397,10523,1.433868408203125,1.605682373046875,1.433868408203125,1.605682373046875,,,373628,18,1,3,0
2990,373750,9322,10587,1.42242431640625,1.615447998046875,1.42242431640625,1.615447998046875,,,373753,18,1,3,0
2991,373875,9248,10647,1.4111328125,1.624603271484375,1.4111328125,1.624603271484375,,,373878,18,1,3,0
2992,374000,9176,10700,1.400146484375,1.6326904296875,1.400146484375,1.6326904296875,,,374003,18,1,3,0
2993,374125,9105,10749,1.389312744140625,1.640167236328125,1.389312744140625,1.640167236328125,,,374128,18,1,3,0
2994,374250,9036,10791,1.3787841796875,1.646575927734375,1.3787841796875,1.646575927734375,,,374253,18,1,3,0
2995,374375,8969,10827,1.368560791015625,1.652069091796875,1.368560791015625,1.652069091796875,,,374378,18,1,3,0
2996,374500,8905,10857,1.358795166015625,1.656646728515625,1.358795166015625,1.656646728515625,,,374503,18,1,3,0
2997,374625,8843,10881,1.349334716796875,1.660308837890625,1.349334716796875,1.660308837890625,,,374628,18,1,3,0
2998,374750,8783,10898,1.340179443359375,1.66290283203125,1.340179443359375,1.66290283203125,,,374753,18,1,3,0
2999,374875,8727,10908,1.331634521484375,1.6644287109375,1.331634521484375,1.6644287109375,,,374878,18,1,3,0
3000,375000,8674,10911,1.32354736328125,1.664886474609375,1.32354736328125,1.664886474609375,,,375003,18,1,3,0
3001,375125,8624,10908,1.31591796875,1.6644287109375,1.31591796875,1.6644287109375,,,375128,18,1,3,0
3002,375250,8577,10898,1.308746337890625,1.66290283203125,1.308746337890625,1.66290283203125,,,375253,18,1,3,0
3003,375375,8534,10881,1.30218505859375,1.660308837890625,1.30218505859375,1.660308837890625,,,375378,18,1,3,0
3004,375500,8494,10857,1.29608154296875,1.656646728515625,1.29608154296875,1.656646728515625,,,375503,18,1,3,0
3005,375625,8459,10827,1.290740966796875,1.652069091796875,1.290740966796875,1.652069091796875,,,375628,18,1,3,0
3006,375750,8427,10791,1.285858154296875,1.646575927734375,1.285858154296875,1.646575927734375,,,375753,18,1,3,0
3007,375875,8399,10749,1.281585693359375,1.640167236328125,1.281585693359375,1.640167236328125,,,375878,18,1,3,0
3008,376000,8376,10700,1.278076171875,1.6326904296875,1.278076171875,1.6326904296875,,,376003,18,1,3,0
3009,376125,8356,10647,1.2750244140625,1.624603271484375,1.2750244140625,1.624603271484375,,,376128,18,1,3,0
3010,376250,8341,10587,1.272735595703125,1.615447998046875,1.272735595703125,1.615447998046875,,,376253,18,1,3,0
3011,376375,8330,10523,1.27105712890625,1.605682373046875,1.27105712890625,1.605682373046875,,,376378,18,1,3,0
3012,376500,8324,10455,1.2701416015625,1.595306396484375,1.2701416015625,1.595306396484375,,,376503,18,1,3,0
3013,376625,8321,10382,1.269683837890625,1.58416748046875,1.269683837890625,1.58416748046875,,,376628,18,1,3,0
3014,376750,8324,10305,1.2701416015625,1.572418212890625,1.2701416015625,1.572418212890625,,,376753,18,1,3,0
3015,376875,8330,10225,1.27105712890625,1.560211181640625,1.27105712890625,1.560211181640625,,,376878,18,1,3,0
3016,377000,8341,10142,1.272735595703125,1.54754638671875,1.272735595703125,1.54754638671875,,,377003,18,1,3,0
3017,377125,8356,10057,1.2750244140625,1.534576416015625,1.2750244140625,1.534576416015625,,,377128,18,1,3,0
3018,377250,8376,9969,1.278076171875,1.521148681640625,1.278076171875,1.521148681640625,,,377253,18,1,3,0
3019,377375,8400,9881,1.28173828125,1.507720947265625,1.28173828125,1.507720947265625,,,377378,18,1,3,0
3020,377500,8428,9791,1.2860107421875,1.493988037109375,1.2860107421875,1.493988037109375,,,377503,18,1,3,0
3021,377625,8460,9701,1.2908935546875,1.480255126953125,1.2908935546875,1.480255126953125,,,377628,18,1,3,0
3022,377750,8496,9611,1.29638671875,1.466522216796875,1.29638671875,1.466522216796875,,,377753,18,1,3,0
3023,377875,8536,9522,1.302490234375,1.45294189453125,1.302490234375,1.45294189453125,,,377878,18,1,3,0
3024,378000,8580,9433,1.3092041015625,1.439361572265625,1.3092041015625,1.439361572265625,,,378003,18,1,3,0
3025,378125,8627,9347,1.316375732421875,1.426239013671875,1.316375732421875,1.426239013671875,,,378128,18,1,3,0
3026,378250,8678,9262,1.32415771484375,1.41326904296875,1.32415771484375,1.41326904296875,,,378253,18,1,3,0
3027,378375,8733,9180,1.332550048828125,1.4007568359375,1.332550048828125,1.4007568359375,,,378378,18,1,3,0
3028,378500,8790,9102,1.34124755859375,1.38885498046875,1.34124755859375,1.38885498046875,,,378503,18,1,3,0
3029,378625,8851,9026,1.350555419921875,1.37725830078125,1.350555419921875,1.37725830078125,,,378628,18,1,3,0
3030,378750,8915,8955,1.360321044921875,1.366424560546875,1.360321044921875,1.366424560546875,,,378753,18,1,3,0
3031,378875,8981,8888,1.370391845703125,1.356201171875,1.370391845703125,1.356201171875,,,378878,18,1,3,0
3032,379000,9050,8826,1.38092041015625,1.34674072265625,1.38092041015625,1.34674072265625,,,379003,18,1,3,0
3033,379125,9121,8770,1.391754150390625,1.33819580078125,1.391754150390625,1.33819580078125,,,379128,18,1,3,0
3034,379250,9194,8718,1.40289306640625,1.33026123046875,1.40289306640625,1.33026123046875,,,379253,18,1,3,0
3035,379375,9269,8673,1.414337158203125,1.323394775390625,1.414337158203125,1.323394775390625,,,379378,18,1,3,0
3036,379500,9346,8634,1.42608642578125,1.31744384765625,1.42608642578125,1.31744384765625,,,379503,18,1,3,0
3037,379625,9424,8601,1.43798828125,1.312408447265625,1.43798828125,1.312408447265625,,,379628,18,1,3,0
3038,379750,9504,8575,1.4501953125,1.308441162109375,1.4501953125,1.308441162109375,,,379753,18,1,3,0
3039,379875,9584,8555,1.46240234375,1.305389404296875,1.46240234375,1.305389404296875,,,379878,18,1,3,0
3040,380000,9666,8542,1.47491455078125,1.30340576171875,1.47491455078125,1.30340576171875,,,380003,18,1,3,0
3041,380125,9747,8537,1.487274169921875,1.302642822265625,1.487274169921875,1.302642822265625,,,380128,18,1,3,0
3042,380250,9829,8538,1.499786376953125,1.30279541015625,1.499786376953125,1.30279541015625,,,380253,18,1,3,0
3043,380375,9911,8547,1.512298583984375,1.304168701171875,1.512298583984375,1.304168701171875,,,380378,18,1,3,0
3044,380500,9993,8563,1.524810791015625,1.306610107421875,1.524810791015625,1.306610107421875,,,380503,18,1,3,0
3045,380625,10075,8585,1.537322998046875,1.309967041015625,1.537322998046875,1.309967041015625,,,380628,18,1,3,0
3046,380750,10155,8615,1.549530029296875,1.314544677734375,1.549530029296875,1.314544677734375,,,380753,18,1,3,0
3047,380875,10235,8651,1.561737060546875,1.320037841796875,1.561737060546875,1.320037841796875,,,380878,18,1,3,0
3048,381000,10314,8695,1.57379150390625,1.326751708984375,1.57379150390625,1.326751708984375,,,381003,18,1,3,0
3049,381125,10391,8744,1.585540771484375,1.334228515625,1.585540771484375,1.334228515625,,,381128,18,1,3,0
3050,381250,10466,8800,1.59698486328125,1.3427734375,1.59698486328125,1.3427734375,,,381253,18,1,3,0
3051,381375,10540,8862,1.6082763671875,1.35223388671875,1.6082763671875,1.35223388671875,,,381378,18,1,3,0
3052,381500,10612,8929,1.6192626953125,1.362457275390625,1.6192626953125,1.362457275390625,,,381503,18,1,3,0
3053,381625,10681,9002,1.629791259765625,1.37359619140625,1.629791259765625,1.37359619140625,,,381628,18,1,3,0
3054,381750,10748,9080,1.6400146484375,1.385498046875,1.6400146484375,1.385498046875,,,381753,18,1,3,0
3055,381875,10812,9162,1.6497802734375,1.39801025390625,1.6497802734375,1.39801025390625,,,381878,18,1,3,0
3056,382000,10874,9249,1.65924072265625,1.411285400390625,1.65924072265625,1.411285400390625,,,382003,18,1,3,0
3057,382125,10932,9339,1.6680908203125,1.425018310546875,1.6680908203125,1.425018310546875,,,382128,18,1,3,0
3058,382250,10987,9432,1.676483154296875,1.439208984375,1.676483154296875,1.439208984375,,,382253,18,1,3,0
3059,382375,11039,9528,1.684417724609375,1.453857421875,1.684417724609375,1.453857421875,,,382378,18,1,3,0
3060,382500,11088,9626,1.69189453125,1.46881103515625,1.69189453125,1.46881103515625,,,382503,18,1,3,0
3061,382625,11132,9726,1.6986083984375,1.48406982421875,1.6986083984375,1.48406982421875,,,382628,18,1,3,0
3062,382750,11173,9828,1.704864501953125,1.4996337890625,1.704864501953125,1.4996337890625,,,382753,18,1,3,0
3063,382875,11210,9930,1.71051025390625,1.51519775390625,1.71051025390625,1.51519775390625,,,382878,18,1,3,0
3064,383000,11243,10032,1.715545654296875,1.53076171875,1.715545654296875,1.53076171875,,,383003,18,1,3,0
3065,383125,11272,10134,1.719970703125,1.54632568359375,1.719970703125,1.54632568359375,,,383128,18,1,3,0
3066,383250,11297,10235,1.723785400390625,1.561737060546875,1.723785400390625,1.561737060546875,,,383253,18,1,3,0
3067,383375,11317,10334,1.726837158203125,1.57684326171875,1.726837158203125,1.57684326171875,,,383378,18,1,3,0
3068,383500,11333,10431,1.729278564453125,1.591644287109375,1.729278564453125,1.591644287109375,,,383503,18,1,3,0
3069,383625,11345,10526,1.731109619140625,1.60614013671875,1.731109619140625,1.60614013671875,,,383628,18,1,3,0
3070,383750,11352,10618,1.732177734375,1.62017822265625,1.732177734375,1.62017822265625,,,383753,18,1,3,0
3071,383875,11355,10707,1.732635498046875,1.633758544921875,1.732635498046875,1.633758544921875,,,383878,18,1,3,0
3072,384000,11354,10792,1.73248291015625,1.646728515625,1.73248291015625,1.646728515625,,,384003,18,1,3,0
3073,384125,11348,10872,1.7315673828125,1.658935546875,1.7315673828125,1.658935546875,,,384128,18,1,3,0
3074,384250,11338,10947,1.73004150390625,1.670379638671875,1.73004150390625,1.670379638671875,,,384253,18,1,3,0
3075,384375,11323,11017,1.727752685546875,1.681060791015625,1.727752685546875,1.681060791015625,,,384378,18,1,3,0
3076,384500,11304,11082,1.724853515625,1.69097900390625,1.724853515625,1.69097900390625,,,384503,18,1,3,0
3077,384625,11281,11141,1.721343994140625,1.699981689453125,1.721343994140625,1.699981689453125,,,384628,18,1,3,0
3078,384750,11254,11193,1.71722412109375,1.707916259765625,1.71722412109375,1.707916259765625,,,384753,18,1,3,0
3079,384875,11223,11239,1.712493896484375,1.714935302734375,1.712493896484375,1.714935302734375,,,384878,18,1,3,0
3080,385000,11187,11278,1.707000732421875,1.72088623046875,1.707000732421875,1.72088623046875,,,385003,18,1,3,0
3081,385125,11148,11310,1.7010498046875,1.72576904296875,1.7010498046875,1.72576904296875,,,385128,18,1,3,0
3082,385250,11105,11335,1.694488525390625,1.729583740234375,1.694488525390625,1.729583740234375,,,385253,18,1,3,0
3083,385375,11059,11353,1.687469482421875,1.732330322265625,1.687469482421875,1.732330322265625,,,385378,18,1,3,0
3084,385500,11009,11363,1.679840087890625,1.733856201171875,1.679840087890625,1.733856201171875,,,385503,18,1,3,0
3085,385625,10956,11366,1.6717529296875,1.73431396484375,1.6717529296875,1.73431396484375,,,385628,18,1,3,0
3086,385750,10899,11361,1.663055419921875,1.733551025390625,1.663055419921875,1.733551025390625,,,385753,18,1,3,0
3087,385875,10840,11349,1.654052734375,1.731719970703125,1.654052734375,1.731719970703125,,,385878,18,1,3,0
3088,386000,10778,11329,1.64459228515625,1.728668212890625,1.64459228515625,1.728668212890625,,,386003,18,1,3,0
3089,386125,10713,11302,1.634674072265625,1.72454833984375,1.634674072265625,1.72454833984375,,,386128,18,1,3,0
3090,386250,10646,11268,1.62445068359375,1.7193603515625,1.62445068359375,1.7193603515625,,,386253,18,1,3,0
3091,386375,10577,11227,1.613922119140625,1.713104248046875,1.613922119140625,1.713104248046875,,,386378,18,1,3,0
3092,386500,10505,11179,1.602935791015625,1.705780029296875,1.602935791015625,1.705780029296875,,,386503,18,1,3,0
3093,386625,10432,11124,1.591796875,1.6973876953125,1.591796875,1.6973876953125,,,386628,18,1,3,0
3094,386750,10357,11064,1.580352783203125,1.688232421875,1.580352783203125,1.688232421875,,,386753,18,1,3,0
3095,386875,10281,10997,1.568756103515625,1.678009033203125,1.568756103515625,1.678009033203125,,,386878,18,1,3,0
3096,387000,10204,10925,1.5570068359375,1.667022705078125,1.5570068359375,1.667022705078125,,,387003,18,1,3,0
3097,387125,10126,10847,1.54510498046875,1.655120849609375,1.54510498046875,1.655120849609375,,,387128,18,1,3,0
3098,387250,10048,10765,1.533203125,1.642608642578125,1.533203125,1.642608642578125,,,387253,18,1,3,0
3099,387375,9968,10678,1.52099609375,1.62933349609375,1.52099609375,1.62933349609375,,,387378,18,1,3,0
3100,387500,9889,10587,1.508941650390625,1.615447998046875,1.508941650390625,1.615447998046875,,,387503,18,1,3,0
3101,387625,9810,10493,1.49688720703125,1.601104736328125,1.49688720703125,1.601104736328125,,,387628,18,1,3,0
3102,387750,9731,10396,1.484832763671875,1.5863037109375,1.484832763671875,1.5863037109375,,,387753,18,1,3,0
3103,387875,9653,10296,1.472930908203125,1.571044921875,1.472930908203125,1.571044921875,,,387878,18,1,3,0
3104,388000,9575,10194,1.461029052734375,1.55548095703125,1.461029052734375,1.55548095703125,,,388003,18,1,3,0
3105,388125,9499,10091,1.449432373046875,1.539764404296875,1.449432373046875,1.539764404296875,,,388128,18,1,3,0
3106,388250,9424,9987,1.43798828125,1.523895263671875,1.43798828125,1.523895263671875,,,388253,18,1,3,0
3107,388375,9350,9882,1.42669677734375,1.50787353515625,1.42669677734375,1.50787353515625,,,388378,18,1,3,0
3108,388500,9277,9778,1.415557861328125,1.49200439453125,1.415557861328125,1.49200439453125,,,388503,18,1,3,0
3109,388625,9207,9674,1.404876708984375,1.47613525390625,1.404876708984375,1.47613525390625,,,388628,18,1,3,0
3110,388750,9139,9572,1.394500732421875,1.4605712890625,1.394500732421875,1.4605712890625,,,388753,18,1,3,0
3111,388875,9073,9471,1.384429931640625,1.445159912109375,1.384429931640625,1.445159912109375,,,388878,18,1,3,0
3112,389000,9010,9373,1.37481689453125,1.430206298828125,1.37481689453125,1.430206298828125,,,389003,18,1,3,0
3113,389125,8949,9277,1.365509033203125,1.415557861328125,1.365509033203125,1.415557861328125,,,389128,18,1,3,0
3114,389250,8891,9185,1.356658935546875,1.401519775390625,1.356658935546875,1.401519775390625,,,389253,18,1,3,0
3115,389375,8836,9096,1.3482666015625,1.387939453125,1.3482666015625,1.387939453125,,,389378,18,1,3,0
3116,389500,8784,9011,1.34033203125,1.374969482421875,1.34033203125,1.374969482421875,,,389503,18,1,3,0
3117,389625,8736,8931,1.3330078125,1.362762451171875,1.3330078125,1.362762451171875,,,389628,18,1,3,0
3118,389750,8690,8857,1.32598876953125,1.351470947265625,1.32598876953125,1.351470947265625,,,389753,18,1,3,0
3119,389875,8649,8787,1.319732666015625,1.340789794921875,1.319732666015625,1.340789794921875,,,389878,18,1,3,0
3120,390000,8611,8723,1.313934326171875,1.331024169921875,1.313934326171875,1.331024169921875,,,390003,18,1,3,0
3121,390125,8577,8665,1.308746337890625,1.322174072265625,1.308746337890625,1.322174072265625,,,390128,18,1,3,0
3122,390250,8547,8614,1.304168701171875,1.31439208984375,1.304168701171875,1.31439208984375,,,390253,18,1,3,0
3123,390375,8521,8569,1.300201416015625,1.307525634765625,1.300201416015625,1.307525634765625,,,390378,18,1,3,0
3124,390500,8499,8531,1.296844482421875,1.301727294921875,1.296844482421875,1.301727294921875,,,390503,18,1,3,0
3125,390625,8481,8500,1.294097900390625,1.2969970703125,1.294097900390625,1.2969970703125,,,390628,18,1,3,0
3126,390750,8467,8475,1.291961669921875,1.293182373046875,1.291961669921875,1.293182373046875,,,390753,18,1,3,0
3127,390875,8457,8458,1.290435791015625,1.29058837890625,1.290435791015625,1.29058837890625,,,390878,18,1,3,0
3128,391000,8451,8449,1.289520263671875,1.289215087890625,1.289520263671875,1.289215087890625,,,391003,18,1,3,0
3129,391125,8450,8446,1.28936767578125,1.28875732421875,1.28936767578125,1.28875732421875,,,391128,18,1,3,0
3130,391250,8453,8451,1.289825439453125,1.289520263671875,1.289825439453125,1.289520263671875,,,391253,18,1,3,0
3131,391375,8460,8463,1.2908935546875,1.291351318359375,1.2908935546875,1.291351318359375,,,391378,18,1,3,0
3132,391500,8471,8482,1.292572021484375,1.29425048828125,1.292572021484375,1.29425048828125,,,391503,18,1,3,0
3133,391625,8486,8508,1.29486083984375,1.2982177734375,1.29486083984375,1.2982177734375,,,391628,18,1,3,0
3134,391750,8505,8540,1.297760009765625,1.3031005859375,1.297760009765625,1.3031005859375,,,391753,18,1,3,0
3135,391875,8528,8580,1.30126953125,1.3092041015625,1.30126953125,1.3092041015625,,,391878,18,1,3,0
3136,392000,8555,8625,1.305389404296875,1.316070556640625,1.305389404296875,1.316070556640625,,,392003,18,1,3,0
3137,392125,8585,8677,1.309967041015625,1.324005126953125,1.309967041015625,1.324005126953125,,,392128,18,1,3,0
3138,392250,8619,8734,1.315155029296875,1.33270263671875,1.315155029296875,1.33270263671875,,,392253,18,1,3,0
3139,392375,8657,8797,1.320953369140625,1.342315673828125,1.320953369140625,1.342315673828125,,,392378,18,1,3,0
3140,392500,8698,8864,1.32720947265625,1.3525390625,1.32720947265625,1.3525390625,,,392503,18,1,3,0
3141,392625,8743,8937,1.334075927734375,1.363677978515625,1.334075927734375,1.363677978515625,,,392628,18,1,3,0
3142,392750,8790,9013,1.34124755859375,1.375274658203125,1.34124755859375,1.375274658203125,,,392753,18,1,3,0
3143,392875,8841,9094,1.349029541015625,1.38763427734375,1.349029541015625,1.38763427734375,,,392878,18,1,3,0
3144,393000,8894,9177,1.35711669921875,1.400299072265625,1.35711669921875,1.400299072265625,,,393003,18,1,3,0
3145,393125,8950,9264,1.36566162109375,1.41357421875,1.36566162109375,1.41357421875,,,393128,18,1,3,0
3146,393250,9008,9352,1.37451171875,1.427001953125,1.37451171875,1.427001953125,,,393253,18,1,3,0
3147,393375,9069,9443,1.383819580078125,1.440887451171875,1.383819580078125,1.440887451171875,,,393378,18,1,3,0
3148,393500,9132,9535,1.3934326171875,1.454925537109375,1.3934326171875,1.454925537109375,,,393503,18,1,3,0
3149,393625,9196,9628,1.4031982421875,1.4691162109375,1.4031982421875,1.4691162109375,,,393628,18,1,3,0
3150,393750,9262,9721,1.41326904296875,1.483306884765625,1.41326904296875,1.483306884765625,,,393753,18,1,3,0
3151,393875,9330,9814,1.42364501953125,1.49749755859375,1.42364501953125,1.49749755859375,,,393878,18,1,3,0
3152,394000,9399,9906,1.434173583984375,1.51153564453125,1.434173583984375,1.51153564453125,,,394003,18,1,3,0
3153,394125,9468,9997,1.4447021484375,1.525421142578125,1.4447021484375,1.525421142578125,,,394128,18,1,3,0
3154,394250,9539,10086,1.455535888671875,1.53900146484375,1.455535888671875,1.53900146484375,,,394253,18,1,3,0
3155,394375,9610,10172,1.46636962890625,1.5521240234375,1.46636962890625,1.5521240234375,,,394378,18,1,3,0
3156,394500,9682,10256,1.47735595703125,1.56494140625,1.47735595703125,1.56494140625,,,394503,18,1,3,0
3157,394625,9753,10337,1.488189697265625,1.577301025390625,1.488189697265625,1.577301025390625,,,394628,18,1,3,0
3158,394750,9825,10414,1.499176025390625,1.58905029296875,1.499176025390625,1.58905029296875,,,394753,18,1,3,0
3159,394875,9896,10487,1.510009765625,1.600189208984375,1.510009765625,1.600189208984375,,,394878,18,1,3,0
3160,395000,9966,10556,1.52069091796875,1.6107177734375,1.52069091796875,1.6107177734375,,,395003,18,1,3,0
3161,395125,10036,10620,1.5313720703125,1.6204833984375,1.5313720703125,1.6204833984375,,,395128,18,1,3,0
3162,395250,10105,10678,1.541900634765625,1.62933349609375,1.541900634765625,1.62933349609375,,,395253,18,1,3,0
3163,395375,10172,10731,1.5521240234375,1.637420654296875,1.5521240234375,1.637420654296875,,,395378,18,1,3,0
3164,395500,10238,10779,1.56219482421875,1.644744873046875,1.56219482421875,1.644744873046875,,,395503,18,1,3,0
3165,395625,10303,10820,1.572113037109375,1.6510009765625,1.572113037109375,1.6510009765625,,,395628,18,1,3,0
3166,395750,10366,10855,1.58172607421875,1.656341552734375,1.58172607421875,1.656341552734375,,,395753,18,1,3,0
3167,395875,10426,10883,1.59088134765625,1.660614013671875,1.59088134765625,1.660614013671875,,,395878,18,1,3,0
3168,396000,10485,10905,1.599884033203125,1.663970947265625,1.599884033203125,1.663970947265625,,,396003,18,1,3,0
3169,396125,10541,10920,1.608428955078125,1.666259765625,1.608428955078125,1.666259765625,,,396128,18,1,3,0
3170,396250,10594,10929,1.61651611328125,1.667633056640625,1.61651611328125,1.667633056640625,,,396253,18,1,3,0
3171,396375,10645,10930,1.624298095703125,1.66778564453125,1.624298095703125,1.66778564453125,,,396378,18,1,3,0
3172,396500,10693,10925,1.631622314453125,1.667022705078125,1.631622314453125,1.667022705078125,,,396503,18,1,3,0
3173,396625,10738,10913,1.63848876953125,1.665191650390625,1.63848876953125,1.665191650390625,,,396628,18,1,3,0
3174,396750,10780,10894,1.6448974609375,1.66229248046875,1.6448974609375,1.66229248046875,,,396753,18,1,3,0
3175,396875,10818,10869,1.65069580078125,1.658477783203125,1.65069580078125,1.658477783203125,,,396878,18,1,3,0
3176,397000,10854,10837,1.65618896484375,1.653594970703125,1.65618896484375,1.653594970703125,,,397003,18,1,3,0
3177,397125,10885,10799,1.660919189453125,1.647796630859375,1.660919189453125,1.647796630859375,,,397128,18,1,3,0
3178,397250,10914,10755,1.66534423828125,1.641082763671875,1.66534423828125,1.641082763671875,,,397253,18,1,3,0
3179,397375,10938,10706,1.66900634765625,1.63360595703125,1.66900634765625,1.63360595703125,,,397378,18,1,3,0
3180,397500,10959,10651,1.672210693359375,1.625213623046875,1.672210693359375,1.625213623046875,,,397503,18,1,3,0
3181,397625,10976,10591,1.6748046875,1.616058349609375,1.6748046875,1.616058349609375,,,397628,18,1,3,0
3182,397750,10989,10526,1.676788330078125,1.60614013671875,1.676788330078125,1.60614013671875,,,397753,18,1,3,0
3183,397875,10999,10457,1.678314208984375,1.595611572265625,1.678314208984375,1.595611572265625,,,397878,18,1,3,0
3184,398000,11004,10383,1.6790771484375,1.584320068359375,1.6790771484375,1.584320068359375,,,398003,18,1,3,0
3185,398125,11006,10307,1.67938232421875,1.572723388671875,1.67938232421875,1.572723388671875,,,398128,18,1,3,0
3186,398250,11004,10227,1.6790771484375,1.560516357421875,1.6790771484375,1.560516357421875,,,398253,18,1,3,0
3187,398375,10998,10144,1.67816162109375,1.5478515625,1.67816162109375,1.5478515625,,,398378,18,1,3,0
3188,398500,10988,10060,1.6766357421875,1.5350341796875,1.6766357421875,1.5350341796875,,,398503,18,1,3,0
3189,398625,10974,9973,1.67449951171875,1.521759033203125,1.67449951171875,1.521759033203125,,,398628,18,1,3,0
3190,398750,10957,9886,1.671905517578125,1.50848388671875,1.671905517578125,1.50848388671875,,,398753,18,1,3,0
3191,398875,10936,9798,1.668701171875,1.49505615234375,1.668701171875,1.49505615234375,,,398878,18,1,3,0
3192,399000,10912,9710,1.6650390625,1.48162841796875,1.6650390625,1.48162841796875,,,399003,18,1,3,0
3193,399125,10884,9622,1.6607666015625,1.46820068359375,1.6607666015625,1.46820068359375,,,399128,18,1,3,0
3194,399250,10852,9535,1.6558837890625,1.454925537109375,1.6558837890625,1.454925537109375,,,399253,18,1,3,0
3195,399375,10818,9449,1.65069580078125,1.441802978515625,1.65069580078125,1.441802978515625,,,399378,18,1,3,0
3196,399500,10780,9366,1.6448974609375,1.42913818359375,1.6448974609375,1.42913818359375,,,399503,18,1,3,0
3197,399625,10739,9284,1.638641357421875,1.4166259765625,1.638641357421875,1.4166259765625,,,399628,18,1,3,0
3198,399750,10696,9206,1.632080078125,1.40472412109375,1.632080078125,1.40472412109375,,,399753,18,1,3,0
3199,399875,10649,9131,1.624908447265625,1.393280029296875,1.624908447265625,1.393280029296875,,,399878,18,1,3,0
3200,400000,10600,9059,1.617431640625,1.382293701171875,1.617431640625,1.382293701171875,,,400003,18,1,3,0
3201,400125,10549,8992,1.609649658203125,1.3720703125,1.609649658203125,1.3720703125,,,400128,18,1,3,0
3202,400250,10496,8930,1.6015625,1.36260986328125,1.6015625,1.36260986328125,,,400253,18,1,3,0
3203,400375,10440,8872,1.593017578125,1.353759765625,1.593017578125,1.353759765625,,,400378,18,1,3,0
3204,400500,10383,8820,1.584320068359375,1.3458251953125,1.584320068359375,1.3458251953125,,,400503,18,1,3,0
3205,400625,10323,8774,1.575164794921875,1.33880615234375,1.575164794921875,1.33880615234375,,,400628,18,1,3,0
3206,400750,10263,8733,1.566009521484375,1.332550048828125,1.566009521484375,1.332550048828125,,,400753,18,1,3,0
3207,400875,10201,8698,1.556549072265625,1.32720947265625,1.556549072265625,1.32720947265625,,,400878,18,1,3,0
3208,401000,10138,8670,1.54693603515625,1.32293701171875,1.54693603515625,1.32293701171875,,,401003,18,1,3,0
3209,401125,10075,8649,1.537322998046875,1.319732666015625,1.537322998046875,1.319732666015625,,,401128,18,1,3,0
3210,401250,10010,8634,1.52740478515625,1.31744384765625,1.52740478515625,1.31744384765625,,,401253,18,1,3,0
3211,401375,9945,8626,1.517486572265625,1.31622314453125,1.517486572265625,1.31622314453125,,,401378,18,1,3,0
3212,401500,9881,8625,1.507720947265625,1.316070556640625,1.507720947265625,1.316070556640625,,,401503,18,1,3,0
3213,401625,9816,8631,1.497802734375,1.316986083984375,1.497802734375,1.316986083984375,,,401628,18,1,3,0
3214,401750,9751,8644,1.487884521484375,1.3189697265625,1.487884521484375,1.3189697265625,,,401753,18,1,3,0
3215,401875,9686,8664,1.47796630859375,1.322021484375,1.47796630859375,1.322021484375,,,401878,18,1,3,0
3216,402000,9623,8691,1.468353271484375,1.326141357421875,1.468353271484375,1.326141357421875,,,402003,18,1,3,0
3217,402125,9560,8725,1.458740234375,1.331329345703125,1.458740234375,1.331329345703125,,,402128,18,1,3,0
3218,402250,9498,8765,1.44927978515625,1.337432861328125,1.44927978515625,1.337432861328125,,,402253,18,1,3,0
3219,402375,9438,8811,1.44012451171875,1.344451904296875,1.44012451171875,1.344451904296875,,,402378,18,1,3,0
3220,402500,9379,8864,1.431121826171875,1.3525390625,1.431121826171875,1.3525390625,,,402503,18,1,3,0
3221,402625,9321,8922,1.422271728515625,1.36138916015625,1.422271728515625,1.36138916015625,,,402628,18,1,3,0
3222,402750,9266,8987,1.41387939453125,1.371307373046875,1.41387939453125,1.371307373046875,,,402753,18,1,3,0
3223,402875,9212,9056,1.4056396484375,1.3818359375,1.4056396484375,1.3818359375,,,402878,18,1,3,0
3224,403000,9161,9130,1.397857666015625,1.39312744140625,1.397857666015625,1.39312744140625,,,403003,18,1,3,0
3225,403125,9112,9209,1.390380859375,1.405181884765625,1.390380859375,1.405181884765625,,,403128,18,1,3,0
3226,403250,9066,9292,1.38336181640625,1.4178466796875,1.38336181640625,1.4178466796875,,,403253,18,1,3,0
3227,403375,9022,9379,1.37664794921875,1.431121826171875,1.37664794921875,1.431121826171875,,,403378,18,1,3,0
3228,403500,8981,9469,1.370391845703125,1.444854736328125,1.370391845703125,1.444854736328125,,,403503,18,1,3,0
3229,403625,8943,9561,1.364593505859375,1.458892822265625,1.364593505859375,1.458892822265625,,,403628,18,1,3,0
3230,403750,8908,9656,1.3592529296875,1.473388671875,1.3592529296875,1.473388671875,,,403753,18,1,3,0
3231,403875,8877,9753,1.354522705078125,1.488189697265625,1.354522705078125,1.488189697265625,,,403878,18,1,3,0
3232,404000,8848,9851,1.35009765625,1.503143310546875,1.35009765625,1.503143310546875,,,404003,18,1,3,0
3233,404125,8823,9950,1.346282958984375,1.51824951171875,1.346282958984375,1.51824951171875,,,404128,18,1,3,0
3234,404250,8802,10049,1.34307861328125,1.533355712890625,1.34307861328125,1.533355712890625,,,404253,18,1,3,0
3235,404375,8784,10147,1.34033203125,1.548309326171875,1.34033203125,1.548309326171875,,,404378,18,1,3,0
3236,404500,8770,10245,1.33819580078125,1.563262939453125,1.33819580078125,1.563262939453125,,,404503,18,1,3,0
3237,404625,8759,10342,1.336517333984375,1.57806396484375,1.336517333984375,1.57806396484375,,,404628,18,1,3,0
3238,404750,8752,10436,1.33544921875,1.5924072265625,1.33544921875,1.5924072265625,,,404753,18,1,3,0
3239,404875,8749,10528,1.334991455078125,1.6064453125,1.334991455078125,1.6064453125,,,404878,18,1,3,0
3240,405000,8749,10617,1.334991455078125,1.620025634765625,1.334991455078125,1.620025634765625,,,405003,18,1,3,0
3241,405125,8753,10703,1.335601806640625,1.633148193359375,1.335601806640625,1.633148193359375,,,405128,18,1,3,0
3242,405250,8761,10785,1.336822509765625,1.645660400390625,1.336822509765625,1.645660400390625,,,405253,18,1,3,0
3243,405375,8773,10863,1.338653564453125,1.657562255859375,1.338653564453125,1.657562255859375,,,405378,18,1,3,0
3244,405500,8788,10936,1.3409423828125,1.668701171875,1.3409423828125,1.668701171875,,,405503,18,1,3,0
3245,405625,8807,11003,1.343841552734375,1.678924560546875,1.343841552734375,1.678924560546875,,,405628,18,1,3,0
3246,405750,8829,11065,1.347198486328125,1.688385009765625,1.347198486328125,1.688385009765625,,,405753,18,1,3,0
3247,405875,8855,11122,1.351165771484375,1.69708251953125,1.351165771484375,1.69708251953125,,,405878,18,1,3,0
3248,406000,8884,11172,1.3555908203125,1.7047119140625,1.3555908203125,1.7047119140625,,,406003,18,1,3,0
3249,406125,8916,11216,1.3604736328125,1.71142578125,1.3604736328125,1.71142578125,,,406128,18,1,3,0
3250,406250,8952,11253,1.365966796875,1.717071533203125,1.365966796875,1.717071533203125,,,406253,18,1,3,0
3251,406375,8991,11283,1.371917724609375,1.721649169921875,1.371917724609375,1.721649169921875,,,406378,18,1,3,0
3252,406500,9032,11306,1.378173828125,1.72515869140625,1.378173828125,1.72515869140625,,,406503,18,1,3,0
3253,406625,9077,11322,1.385040283203125,1.72760009765625,1.385040283203125,1.72760009765625,,,406628,18,1,3,0
3254,406750,9124,11330,1.3922119140625,1.72882080078125,1.3922119140625,1.72882080078125,,,406753,18,1,3,0
3255,406875,9173,11331,1.399688720703125,1.728973388671875,1.399688720703125,1.728973388671875,,,406878,18,1,3,0
3256,407000,9225,11325,1.407623291015625,1.728057861328125,1.407623291015625,1.728057861328125,,,407003,18,1,3,0
3257,407125,9279,11311,1.415863037109375,1.725921630859375,1.415863037109375,1.725921630859375,,,407128,18,1,3,0
3258,407250,9335,11289,1.424407958984375,1.722564697265625,1.424407958984375,1.722564697265625,,,407253,18,1,3,0
3259,407375,9393,11261,1.433258056640625,1.718292236328125,1.433258056640625,1.718292236328125,,,407378,18,1,3,0
3260,407500,9453,11225,1.442413330078125,1.712799072265625,1.442413330078125,1.712799072265625,,,407503,18,1,3,0
3261,407625,9514,11183,1.45172119140625,1.706390380859375,1.45172119140625,1.706390380859375,,,407628,18,1,3,0
3262,407750,9576,11133,1.461181640625,1.698760986328125,1.461181640625,1.698760986328125,,,407753,18,1,3,0
3263,407875,9639,11077,1.470794677734375,1.690216064453125,1.470794677734375,1.690216064453125,,,407878,18,1,3,0
3264,408000,9703,11015,1.480560302734375,1.680755615234375,1.480560302734375,1.680755615234375,,,408003,18,1,3,0
3265,408125,9768,10947,1.490478515625,1.670379638671875,1.490478515625,1.670379638671875,,,408128,18,1,3,0
3266,408250,9833,10874,1.500396728515625,1.65924072265625,1.500396728515625,1.65924072265625,,,408253,18,1,3,0
3267,408375,9898,10795,1.51031494140625,1.647186279296875,1.51031494140625,1.647186279296875,,,408378,18,1,3,0
3268,408500,9963,10711,1.520233154296875,1.634368896484375,1.520233154296875,1.634368896484375,,,408503,18,1,3,0
3269,408625,10028,10623,1.5301513671875,1.620941162109375,1.5301513671875,1.620941162109375,,,408628,18,1,3,0
3270,408750,10092,10531,1.5399169921875,1.606903076171875,1.5399169921875,1.606903076171875,,,408753,18,1,3,0
3271,408875,10156,10436,1.5496826171875,1.5924072265625,1.5496826171875,1.5924072265625,,,408878,18,1,3,0
3272,409000,10219,10337,1.559295654296875,1.577301025390625,1.559295654296875,1.577301025390625,,,409003,18,1,3,0
3273,409125,10281,10236,1.568756103515625,1.5618896484375,1.568756103515625,1.5618896484375,,,409128,18,1,3,0
3274,409250,10341,10133,1.577911376953125,1.546173095703125,1.577911376953125,1.546173095703125,,,409253,18,1,3,0
3275,409375,10400,10029,1.5869140625,1.530303955078125,1.5869140625,1.530303955078125,,,409378,18,1,3,0
3276,409500,10457,9923,1.595611572265625,1.514129638671875,1.595611572265625,1.514129638671875,,,409503,18,1,3,0
3277,409625,10513,9818,1.604156494140625,1.49810791015625,1.604156494140625,1.49810791015625,,,409628,18,1,3,0
3278,409750,10566,9712,1.61224365234375,1.48193359375,1.61224365234375,1.48193359375,,,409753,18,1,3,0
3279,409875,10617,9607,1.620025634765625,1.465911865234375,1.620025634765625,1.465911865234375,,,409878,18,1,3,0
3280,410000,10665,9504,1.627349853515625,1.4501953125,1.627349853515625,1.4501953125,,,410003,18,1,3,0
3281,410125,10711,9402,1.634368896484375,1.43463134765625,1.634368896484375,1.43463134765625,,,410128,18,1,3,0
3282,410250,10755,9303,1.641082763671875,1.419525146484375,1.641082763671875,1.419525146484375,,,410253,18,1,3,0
3283,410375,10795,9206,1.647186279296875,1.40472412109375,1.647186279296875,1.40472412109375,,,410378,18,1,3,0
3284,410500,10832,9113,1.65283203125,1.390533447265625,1.65283203125,1.390533447265625,,,410503,18,1,3,0
3285,410625,10866,9023,1.65802001953125,1.376800537109375,1.65802001953125,1.376800537109375,,,410628,18,1,3,0
3286,410750,10897,8938,1.662750244140625,1.36383056640625,1.662750244140625,1.36383056640625,,,410753,18,1,3,0
3287,410875,10925,8857,1.667022705078125,1.351470947265625,1.667022705078125,1.351470947265625,,,410878,18,1,3,0
3288,411000,10948,8781,1.6705322265625,1.339874267578125,1.6705322265625,1.339874267578125,,,411003,18,1,3,0
3289,411125,10969,8711,1.673736572265625,1.329193115234375,1.673736572265625,1.329193115234375,,,411128,18,1,3,0
3290,411250,10985,8647,1.676177978515625,1.319427490234375,1.676177978515625,1.319427490234375,,,411253,18,1,3,0
3291,411375,10998,8588,1.67816162109375,1.3104248046875,1.67816162109375,1.3104248046875,,,411378,18,1,3,0
3292,411500,11008,8536,1.6796875,1.302490234375,1.6796875,1.302490234375,,,411503,18,1,3,0
3293,411625,11013,8491,1.680450439453125,1.295623779296875,1.680450439453125,1.295623779296875,,,411628,18,1,3,0
3294,411750,11014,8453,1.68060302734375,1.289825439453125,1.68060302734375,1.289825439453125,,,411753,18,1,3,0
3295,411875,11012,8421,1.6802978515625,1.284942626953125,1.6802978515625,1.284942626953125,,,411878,18,1,3,0
3296,412000,11006,8397,1.67938232421875,1.281280517578125,1.67938232421875,1.281280517578125,,,412003,18,1,3,0
3297,412125,10996,8380,1.6778564453125,1.2786865234375,1.6778564453125,1.2786865234375,,,412128,18,1,3,0
3298,412250,10982,8370,1.67572021484375,1.27716064453125,1.67572021484375,1.27716064453125,,,412253,18,1,3,0
3299,412375,10964,8368,1.6729736328125,1.27685546875,1.6729736328125,1.27685546875,,,412378,18,1,3,0
3300,412500,10942,8373,1.66961669921875,1.277618408203125,1.66961669921875,1.277618408203125,,,412503,18,1,3,0
3301,412625,10917,8386,1.665802001953125,1.27960205078125,1.665802001953125,1.27960205078125,,,412628,18,1,3,0
3302,412750,10888,8405,1.661376953125,1.282501220703125,1.661376953125,1.282501220703125,,,412753,18,1,3,0
3303,412875,10856,8432,1.656494140625,1.28662109375,1.656494140625,1.28662109375,,,412878,18,1,3,0
3304,413000,10820,8465,1.6510009765625,1.291656494140625,1.6510009765625,1.291656494140625,,,413003,18,1,3,0
3305,413125,10780,8506,1.6448974609375,1.29791259765625,1.6448974609375,1.29791259765625,,,413128,18,1,3,0
3306,413250,10738,8553,1.63848876953125,1.305084228515625,1.63848876953125,1.305084228515625,,,413253,18,1,3,0
3307,413375,10692,8606,1.6314697265625,1.31317138671875,1.6314697265625,1.31317138671875,,,413378,18,1,3,0
3308,413500,10643,8664,1.623992919921875,1.322021484375,1.623992919921875,1.322021484375,,,413503,18,1,3,0
3309,413625,10592,8729,1.6162109375,1.331939697265625,1.6162109375,1.331939697265625,,,413628,18,1,3,0
3310,413750,10537,8798,1.607818603515625,1.34246826171875,1.607818603515625,1.34246826171875,,,413753,18,1,3,0
3311,413875,10481,8873,1.599273681640625,1.353912353515625,1.599273681640625,1.353912353515625,,,413878,18,1,3,0
3312,414000,10422,8952,1.59027099609375,1.365966796875,1.59027099609375,1.365966796875,,,414003,18,1,3,0
3313,414125,10360,9034,1.580810546875,1.37847900390625,1.580810546875,1.37847900390625,,,414128,18,1,3,0
3314,414250,10297,9121,1.571197509765625,1.391754150390625,1.571197509765625,1.391754150390625,,,414253,18,1,3,0
3315,414375,10232,9210,1.561279296875,1.40533447265625,1.561279296875,1.40533447265625,,,414378,18,1,3,0
3316,414500,10165,9301,1.551055908203125,1.419219970703125,1.551055908203125,1.419219970703125,,,414503,18,1,3,0
3317,414625,10097,9395,1.540679931640625,1.433563232421875,1.540679931640625,1.433563232421875,,,414628,18,1,3,0
3318,414750,10028,9490,1.5301513671875,1.44805908203125,1.5301513671875,1.44805908203125,,,414753,18,1,3,0
3319,414875,9957,9586,1.519317626953125,1.46270751953125,1.519317626953125,1.46270751953125,,,414878,18,1,3,0
3320,415000,9886,9683,1.50848388671875,1.477508544921875,1.50848388671875,1.477508544921875,,,415003,18,1,3,0
3321,415125,9815,9779,1.497650146484375,1.492156982421875,1.497650146484375,1.492156982421875,,,415128,18,1,3,0
3322,415250,9743,9875,1.486663818359375,1.506805419921875,1.486663818359375,1.506805419921875,,,415253,18,1,3,0
3323,415375,9671,9970,1.475677490234375,1.52130126953125,1.475677490234375,1.52130126953125,,,415378,18,1,3,0
3324,415500,9599,10063,1.464691162109375,1.535491943359375,1.464691162109375,1.535491943359375,,,415503,18,1,3,0
3325,415625,9528,10154,1.453857421875,1.54937744140625,1.453857421875,1.54937744140625,,,415628,18,1,3,0
3326,415750,9457,10242,1.443023681640625,1.56280517578125,1.443023681640625,1.56280517578125,,,415753,18,1,3,0
3327,415875,9387,10327,1.432342529296875,1.575775146484375,1.432342529296875,1.575775146484375,,,415878,18,1,3,0
3328,416000,9318,10409,1.42181396484375,1.588287353515625,1.42181396484375,1.588287353515625,,,416003,18,1,3,0
3329,416125,9250,10486,1.41143798828125,1.60003662109375,1.41143798828125,1.60003662109375,,,416128,18,1,3,0
3330,416250,9184,10559,1.4013671875,1.611175537109375,1.4013671875,1.611175537109375,,,416253,18,1,3,0
3331,416375,9119,10628,1.391448974609375,1.6217041015625,1.391448974609375,1.6217041015625,,,416378,18,1,3,0
3332,416500,9056,10691,1.3818359375,1.631317138671875,1.3818359375,1.631317138671875,,,416503,18,1,3,0
3333,416625,8996,10748,1.3726806640625,1.6400146484375,1.3726806640625,1.6400146484375,,,416628,18,1,3,0
3334,416750,8937,10800,1.363677978515625,1.64794921875,1.363677978515625,1.64794921875,,,416753,18,1,3,0
3335,416875,8881,10846,1.355133056640625,1.65496826171875,1.355133056640625,1.65496826171875,,,416878,18,1,3,0
3336,417000,8828,10886,1.3470458984375,1.66107177734375,1.3470458984375,1.66107177734375,,,417003,18,1,3,0
3337,417125,8778,10919,1.33941650390625,1.666107177734375,1.33941650390625,1.666107177734375,,,417128,18,1,3,0
3338,417250,8730,10945,1.33209228515625,1.670074462890625,1.33209228515625,1.670074462890625,,,417253,18,1,3,0
3339,417375,8686,10965,1.32537841796875,1.673126220703125,1.32537841796875,1.673126220703125,,,417378,18,1,3,0
3340,417500,8645,10978,1.319122314453125,1.67510986328125,1.319122314453125,1.67510986328125,,,417503,18,1,3,0
3341,417625,8607,10984,1.313323974609375,1.676025390625,1.313323974609375,1.676025390625,,,417628,18,1,3,0
3342,417750,8573,10983,1.308135986328125,1.675872802734375,1.308135986328125,1.675872802734375,,,417753,18,1,3,0
3343,417875,8543,10975,1.303558349609375,1.674652099609375,1.303558349609375,1.674652099609375,,,417878,18,1,3,0
3344,418000,8516,10960,1.2994384765625,1.67236328125,1.2994384765625,1.67236328125,,,418003,18,1,3,0
3345,418125,8493,10939,1.295928955078125,1.669158935546875,1.295928955078125,1.669158935546875,,,418128,18,1,3,0
3346,418250,8475,10911,1.293182373046875,1.664886474609375,1.293182373046875,1.664886474609375,,,418253,18,1,3,0
3347,418375,8460,10877,1.2908935546875,1.659698486328125,1.2908935546875,1.659698486328125,,,418378,18,1,3,0
3348,418500,8449,10837,1.289215087890625,1.653594970703125,1.289215087890625,1.653594970703125,,,418503,18,1,3,0
3349,418625,8443,10791,1.288299560546875,1.646575927734375,1.288299560546875,1.646575927734375,,,418628,18,1,3,0
3350,418750,8440,10739,1.287841796875,1.638641357421875,1.287841796875,1.638641357421875,,,418753,18,1,3,0
3351,418875,8442,10682,1.28814697265625,1.62994384765625,1.28814697265625,1.62994384765625,,,418878,18,1,3,0
3352,419000,8448,10620,1.2890625,1.6204833984375,1.2890625,1.6204833984375,,,419003,18,1,3,0
3353,419125,8459,10553,1.290740966796875,1.610260009765625,1.290740966796875,1.610260009765625,,,419128,18,1,3,0
3354,419250,8473,10482,1.292877197265625,1.59942626953125,1.292877197265625,1.59942626953125,,,419253,18,1,3,0
3355,419375,8491,10408,1.295623779296875,1.588134765625,1.295623779296875,1.588134765625,,,419378,18,1,3,0
3356,419500,8514,10330,1.29913330078125,1.57623291015625,1.29913330078125,1.57623291015625,,,419503,18,1,3,0
3357,419625,8541,10249,1.303253173828125,1.563873291015625,1.303253173828125,1.563873291015625,,,419628,18,1,3,0
3358,419750,8571,10166,1.307830810546875,1.55120849609375,1.307830810546875,1.55120849609375,,,419753,18,1,3,0
3359,419875,8606,10081,1.31317138671875,1.538238525390625,1.31317138671875,1.538238525390625,,,419878,18,1,3,0
3360,420000,8644,9994,1.3189697265625,1.52496337890625,1.3189697265625,1.52496337890625,,,420003,18,1,3,0
3361,420125,8686,9907,1.32537841796875,1.511688232421875,1.32537841796875,1.511688232421875,,,420128,18,1,3,0
3362,420250,8731,9819,1.332244873046875,1.498260498046875,1.332244873046875,1.498260498046875,,,420253,18,1,3,0
3363,420375,8780,9731,1.3397216796875,1.484832763671875,1.3397216796875,1.484832763671875,,,420378,18,1,3,0
3364,420500,8833,9644,1.347808837890625,1.4715576171875,1.347808837890625,1.4715576171875,,,420503,18,1,3,0
3365,420625,8888,9559,1.356201171875,1.458587646484375,1.356201171875,1.458587646484375,,,420628,18,1,3,0
3366,420750,8946,9474,1.36505126953125,1.44561767578125,1.36505126953125,1.44561767578125,,,420753,18,1,3,0
3367,420875,9008,9392,1.37451171875,1.43310546875,1.37451171875,1.43310546875,,,420878,18,1,3,0
3368,421000,9072,9313,1.38427734375,1.421051025390625,1.38427734375,1.421051025390625,,,421003,18,1,3,0
3369,421125,9138,9237,1.39434814453125,1.409454345703125,1.39434814453125,1.409454345703125,,,421128,18,1,3,0
3370,421250,9207,9164,1.404876708984375,1.3983154296875,1.404876708984375,1.3983154296875,,,421253,18,1,3,0
3371,421375,9277,9095,1.415557861328125,1.387786865234375,1.415557861328125,1.387786865234375,,,421378,18,1,3,0
3372,421500,9350,9031,1.42669677734375,1.378021240234375,1.42669677734375,1.378021240234375,,,421503,18,1,3,0
3373,421625,9424,8971,1.43798828125,1.368865966796875,1.43798828125,1.368865966796875,,,421628,18,1,3,0
3374,421750,9500,8917,1.4495849609375,1.360626220703125,1.4495849609375,1.360626220703125,,,421753,18,1,3,0
3375,421875,9577,8868,1.461334228515625,1.3531494140625,1.461334228515625,1.3531494140625,,,421878,18,1,3,0
3376,422000,9655,8824,1.473236083984375,1.346435546875,1.473236083984375,1.346435546875,,,422003,18,1,3,0
3377,422125,9733,8787,1.485137939453125,1.340789794921875,1.485137939453125,1.340789794921875,,,422128,18,1,3,0
3378,422250,9813,8756,1.497344970703125,1.3360595703125,1.497344970703125,1.3360595703125,,,422253,18,1,3,0
3379,422375,9892,8731,1.5093994140625,1.332244873046875,1.5093994140625,1.332244873046875,,,422378,18,1,3,0
3380,422500,9972,8713,1.5216064453125,1.329498291015625,1.5216064453125,1.329498291015625,,,422503,18,1,3,0
3381,422625,10051,8702,1.533660888671875,1.32781982421875,1.533660888671875,1.32781982421875,,,422628,18,1,3,0
3382,422750,10130,8697,1.54571533203125,1.327056884765625,1.54571533203125,1.327056884765625,,,422753,18,1,3,0
3383,422875,10208,8699,1.5576171875,1.327362060546875,1.5576171875,1.327362060546875,,,422878,18,1,3,0
3384,423000,10285,8708,1.569366455078125,1.3287353515625,1.569366455078125,1.3287353515625,,,423003,18,1,3,0
3385,423125,10362,8724,1.58111572265625,1.3311767578125,1.58111572265625,1.3311767578125,,,423128,18,1,3,0
3386,423250,10436,8747,1.5924072265625,1.334686279296875,1.5924072265625,1.334686279296875,,,423253,18,1,3,0
3387,423375,10510,8777,1.60369873046875,1.339263916015625,1.60369873046875,1.339263916015625,,,423378,18,1,3,0
3388,423500,10581,8813,1.614532470703125,1.344757080078125,1.614532470703125,1.344757080078125,,,423503,18,1,3,0
3389,423625,10651,8855,1.625213623046875,1.351165771484375,1.625213623046875,1.351165771484375,,,423628,18,1,3,0
3390,423750,10718,8903,1.63543701171875,1.358489990234375,1.63543701171875,1.358489990234375,,,423753,18,1,3,0
3391,423875,10783,8958,1.645355224609375,1.36688232421875,1.645355224609375,1.36688232421875,,,423878,18,1,3,0
3392,424000,10845,9017,1.654815673828125,1.375885009765625,1.654815673828125,1.375885009765625,,,424003,18,1,3,0
3393,424125,10904,9083,1.663818359375,1.385955810546875,1.663818359375,1.385955810546875,,,424128,18,1,3,0
3394,424250,10961,9153,1.672515869140625,1.396636962890625,1.672515869140625,1.396636962890625,,,424253,18,1,3,0
3395,424375,11014,9227,1.68060302734375,1.407928466796875,1.68060302734375,1.407928466796875,,,424378,18,1,3,0
3396,424500,11064,9306,1.688232421875,1.41998291015625,1.688232421875,1.41998291015625,,,424503,18,1,3,0
3397,424625,11110,9389,1.69525146484375,1.432647705078125,1.69525146484375,1.432647705078125,,,424628,18,1,3,0
3398,424750,11153,9475,1.701812744140625,1.445770263671875,1.701812744140625,1.445770263671875,,,424753,18,1,3,0
3399,424875,11192,9563,1.707763671875,1.459197998046875,1.707763671875,1.459197998046875,,,424878,18,1,3,0
3400,425000,11227,9654,1.713104248046875,1.47308349609375,1.713104248046875,1.47308349609375,,,425003,18,1,3,0
3401,425125,11258,9747,1.71783447265625,1.487274169921875,1.71783447265625,1.487274169921875,,,425128,18,1,3,0
3402,425250,11285,9841,1.721954345703125,1.501617431640625,1.721954345703125,1.501617431640625,,,425253,18,1,3,0
3403,425375,11308,9936,1.7254638671875,1.51611328125,1.7254638671875,1.51611328125,,,425378,18,1,3,0
3404,425500,11327,10032,1.728363037109375,1.53076171875,1.728363037109375,1.53076171875,,,425503,18,1,3,0
3405,425625,11341,10127,1.730499267578125,1.545257568359375,1.730499267578125,1.545257568359375,,,425628,18,1,3,0
3406,425750,11351,10221,1.732025146484375,1.559600830078125,1.732025146484375,1.559600830078125,,,425753,18,1,3,0
3407,425875,11357,10314,1.732940673828125,1.57379150390625,1.732940673828125,1.57379150390625,,,425878,18,1,3,0
3408,426000,11358,10406,1.73309326171875,1.58782958984375,1.73309326171875,1.58782958984375,,,426003,18,1,3,0
3409,426125,11355,10495,1.732635498046875,1.601409912109375,1.732635498046875,1.601409912109375,,,426128,18,1,3,0
3410,426250,11348,10581,1.7315673828125,1.614532470703125,1.7315673828125,1.614532470703125,,,426253,18,1,3,0
3411,426375,11336,10664,1.729736328125,1.627197265625,1.729736328125,1.627197265625,,,426378,18,1,3,0
3412,426500,11319,10744,1.727142333984375,1.639404296875,1.727142333984375,1.639404296875,,,426503,18,1,3,0
3413,426625,11299,10819,1.724090576171875,1.650848388671875,1.724090576171875,1.650848388671875,,,426628,18,1,3,0
3414,426750,11274,10889,1.72027587890625,1.661529541015625,1.72027587890625,1.661529541015625,,,426753,18,1,3,0
3415,426875,11245,10955,1.715850830078125,1.671600341796875,1.715850830078125,1.671600341796875,,,426878,18,1,3,0
3416,427000,11212,11015,1.7108154296875,1.680755615234375,1.7108154296875,1.680755615234375,,,427003,18,1,3,0
3417,427125,11175,11069,1.705169677734375,1.688995361328125,1.705169677734375,1.688995361328125,,,427128,18,1,3,0
3418,427250,11134,11118,1.69891357421875,1.69647216796875,1.69891357421875,1.69647216796875,,,427253,18,1,3,0
3419,427375,11089,11160,1.692047119140625,1.702880859375,1.692047119140625,1.702880859375,,,427378,18,1,3,0
3420,427500,11040,11195,1.6845703125,1.708221435546875,1.6845703125,1.708221435546875,,,427503,18,1,3,0
3421,427625,10988,11224,1.6766357421875,1.712646484375,1.6766357421875,1.712646484375,,,427628,18,1,3,0
3422,427750,10933,11245,1.668243408203125,1.715850830078125,1.668243408203125,1.715850830078125,,,427753,18,1,3,0
3423,427875,10874,11260,1.65924072265625,1.7181396484375,1.65924072265625,1.7181396484375,,,427878,18,1,3,0
3424,428000,10813,11267,1.649932861328125,1.719207763671875,1.649932861328125,1.719207763671875,,,428003,18,1,3,0
3425,428125,10748,11267,1.6400146484375,1.719207763671875,1.6400146484375,1.719207763671875,,,428128,18,1,3,0
3426,428250,10681,11260,1.629791259765625,1.7181396484375,1.629791259765625,1.7181396484375,,,428253,18,1,3,0
3427,428375,10612,11245,1.6192626953125,1.715850830078125,1.6192626953125,1.715850830078125,,,428378,18,1,3,0
3428,428500,10540,11223,1.6082763671875,1.712493896484375,1.6082763671875,1.712493896484375,,,428503,18,1,3,0
3429,428625,10466,11194,1.59698486328125,1.70806884765625,1.59698486328125,1.70806884765625,,,428628,18,1,3,0
3430,428750,10391,11158,1.585540771484375,1.70257568359375,1.585540771484375,1.70257568359375,,,428753,18,1,3,0
3431,428875,10313,11115,1.573638916015625,1.696014404296875,1.573638916015625,1.696014404296875,,,428878,18,1,3,0
3432,429000,10235,11065,1.561737060546875,1.688385009765625,1.561737060546875,1.688385009765625,,,429003,18,1,3,0
3433,429125,10155,11009,1.549530029296875,1.679840087890625,1.549530029296875,1.679840087890625,,,429128,18,1,3,0
3434,429250,10074,10946,1.53717041015625,1.67022705078125,1.53717041015625,1.67022705078125,,,429253,18,1,3,0
3435,429375,9993,10878,1.524810791015625,1.65985107421875,1.524810791015625,1.65985107421875,,,429378,18,1,3,0
3436,429500,9911,10804,1.512298583984375,1.6485595703125,1.512298583984375,1.6485595703125,,,429503,18,1,3,0
3437,429625,9829,10725,1.499786376953125,1.636505126953125,1.499786376953125,1.636505126953125,,,429628,18,1,3,0
3438,429750,9747,10641,1.487274169921875,1.623687744140625,1.487274169921875,1.623687744140625,,,429753,18,1,3,0
3439,429875,9665,10553,1.474761962890625,1.610260009765625,1.474761962890625,1.610260009765625,,,429878,18,1,3,0
3440,430000,9584,10461,1.46240234375,1.596221923828125,1.46240234375,1.596221923828125,,,430003,18,1,3,0
3441,430125,9504,10366,1.4501953125,1.58172607421875,1.4501953125,1.58172607421875,,,430128,18,1,3,0
3442,430250,9425,10267,1.438140869140625,1.566619873046875,1.438140869140625,1.566619873046875,,,430253,18,1,3,0
3443,430375,9346,10167,1.42608642578125,1.551361083984375,1.42608642578125,1.551361083984375,,,430378,18,1,3,0
3444,430500,9270,10064,1.41448974609375,1.53564453125,1.41448974609375,1.53564453125,,,430503,18,1,3,0
3445,430625,9195,9960,1.403045654296875,1.519775390625,1.403045654296875,1.519775390625,,,430628,18,1,3,0
3446,430750,9122,9855,1.39190673828125,1.503753662109375,1.39190673828125,1.503753662109375,,,430753,18,1,3,0
3447,430875,9051,9749,1.381072998046875,1.487579345703125,1.381072998046875,1.487579345703125,,,430878,18,1,3,0
3448,431000,8982,9644,1.37054443359375,1.4715576171875,1.37054443359375,1.4715576171875,,,431003,18,1,3,0
3449,431125,8916,9539,1.3604736328125,1.455535888671875,1.3604736328125,1.455535888671875,,,431128,18,1,3,0
3450,431250,8852,9436,1.3507080078125,1.4398193359375,1.3507080078125,1.4398193359375,,,431253,18,1,3,0
3451,431375,8792,9335,1.341552734375,1.424407958984375,1.341552734375,1.424407958984375,,,431378,18,1,3,0
3452,431500,8734,9236,1.33270263671875,1.4093017578125,1.33270263671875,1.4093017578125,,,431503,18,1,3,0
3453,431625,8680,9139,1.324462890625,1.394500732421875,1.324462890625,1.394500732421875,,,431628,18,1,3,0
3454,431750,8629,9046,1.316680908203125,1.38031005859375,1.316680908203125,1.38031005859375,,,431753,18,1,3,0
3455,431875,8582,8957,1.30950927734375,1.366729736328125,1.30950927734375,1.366729736328125,,,431878,18,1,3,0
3456,432000,8539,8872,1.302947998046875,1.353759765625,1.302947998046875,1.353759765625,,,432003,18,1,3,0
3457,432125,8499,8792,1.296844482421875,1.341552734375,1.296844482421875,1.341552734375,,,432128,18,1,3,0
3458,432250,8463,8717,1.291351318359375,1.330108642578125,1.291351318359375,1.330108642578125,,,432253,18,1,3,0
3459,432375,8431,8647,1.286468505859375,1.319427490234375,1.286468505859375,1.319427490234375,,,432378,18,1,3,0
3460,432500,8403,8584,1.282196044921875,1.309814453125,1.282196044921875,1.309814453125,,,432503,18,1,3,0
3461,432625,8380,8526,1.2786865234375,1.30096435546875,1.2786865234375,1.30096435546875,,,432628,18,1,3,0
3462,432750,8361,8475,1.275787353515625,1.293182373046875,1.275787353515625,1.293182373046875,,,432753,18,1,3,0
3463,432875,8346,8430,1.27349853515625,1.28631591796875,1.27349853515625,1.28631591796875,,,432878,18,1,3,0
3464,433000,8335,8393,1.271820068359375,1.280670166015625,1.271820068359375,1.280670166015625,,,433003,18,1,3,0
3465,433125,8329,8362,1.270904541015625,1.27593994140625,1.270904541015625,1.27593994140625,,,433128,18,1,3,0
3466,433250,8327,8339,1.270599365234375,1.272430419921875,1.270599365234375,1.272430419921875,,,433253,18,1,3,0
3467,433375,8329,8323,1.270904541015625,1.269989013671875,1.270904541015625,1.269989013671875,,,433378,18,1,3,0
3468,433500,8336,8315,1.27197265625,1.268768310546875,1.27197265625,1.268768310546875,,,433503,18,1,3,0
3469,433625,8347,8314,1.273651123046875,1.26861572265625,1.273651123046875,1.26861572265625,,,433628,18,1,3,0
3470,433750,8362,8320,1.27593994140625,1.26953125,1.27593994140625,1.26953125,,,433753,18,1,3,0
3471,433875,8382,8334,1.27899169921875,1.27166748046875,1.27899169921875,1.27166748046875,,,433878,18,1,3,0
3472,434000,8406,8355,1.28265380859375,1.274871826171875,1.28265380859375,1.274871826171875,,,434003,18,1,3,0
3473,434125,8433,8384,1.286773681640625,1.279296875,1.286773681640625,1.279296875,,,434128,18,1,3,0
3474,434250,8465,8419,1.291656494140625,1.284637451171875,1.291656494140625,1.284637451171875,,,434253,18,1,3,0
3475,434375,8501,8461,1.297149658203125,1.291046142578125,1.297149658203125,1.291046142578125,,,434378,18,1,3,0
3476,434500,8541,8510,1.303253173828125,1.29852294921875,1.303253173828125,1.29852294921875,,,434503,18,1,3,0
3477,434625,8584,8565,1.309814453125,1.306915283203125,1.309814453125,1.306915283203125,,,434628,18,1,3,0
3478,434750,8630,8626,1.31683349609375,1.31622314453125,1.31683349609375,1.31622314453125,,,434753,18,1,3,0
3479,434875,8680,8693,1.324462890625,1.326446533203125,1.324462890625,1.326446533203125,,,434878,18,1,3,0
3480,435000,8734,8765,1.33270263671875,1.337432861328125,1.33270263671875,1.337432861328125,,,435003,18,1,3,0
3481,435125,8790,8842,1.34124755859375,1.34918212890625,1.34124755859375,1.34918212890625,,,435128,18,1,3,0
3482,435250,8849,8923,1.350250244140625,1.361541748046875,1.350250244140625,1.361541748046875,,,435253,18,1,3,0
3483,435375,8911,9009,1.359710693359375,1.374664306640625,1.359710693359375,1.374664306640625,,,435378,18,1,3,0
3484,435500,8976,9098,1.36962890625,1.38824462890625,1.36962890625,1.38824462890625,,,435503,18,1,3,0
3485,435625,9042,9190,1.37969970703125,1.40228271484375,1.37969970703125,1.40228271484375,,,435628,18,1,3,0
3486,435750,9111,9285,1.390228271484375,1.416778564453125,1.390228271484375,1.416778564453125,,,435753,18,1,3,0
3487,435875,9182,9382,1.40106201171875,1.43157958984375,1.40106201171875,1.43157958984375,,,435878,18,1,3,0
3488,436000,9254,9480,1.41204833984375,1.446533203125,1.41204833984375,1.446533203125,,,436003,18,1,3,0
3489,436125,9328,9580,1.42333984375,1.4617919921875,1.42333984375,1.4617919921875,,,436128,18,1,3,0
3490,436250,9403,9680,1.434783935546875,1.47705078125,1.434783935546875,1.47705078125,,,436253,18,1,3,0
3491,436375,9479,9780,1.446380615234375,1.4923095703125,1.446380615234375,1.4923095703125,,,436378,18,1,3,0
3492,436500,9556,9879,1.4581298828125,1.507415771484375,1.4581298828125,1.507415771484375,,,436503,18,1,3,0
3493,436625,9633,9978,1.469879150390625,1.52252197265625,1.469879150390625,1.52252197265625,,,436628,18,1,3,0
3494,436750,9710,10074,1.48162841796875,1.53717041015625,1.48162841796875,1.53717041015625,,,436753,18,1,3,0
3495,436875,9788,10169,1.4935302734375,1.551666259765625,1.4935302734375,1.551666259765625,,,436878,18,1,3,0
3496,437000,9866,10261,1.50543212890625,1.565704345703125,1.50543212890625,1.565704345703125,,,437003,18,1,3,0
3497,437125,9943,10350,1.517181396484375,1.57928466796875,1.517181396484375,1.57928466796875,,,437128,18,1,3,0
3498,437250,10019,10436,1.528778076171875,1.5924072265625,1.528778076171875,1.5924072265625,,,437253,18,1,3,0
3499,437375,10095,10517,1.540374755859375,1.604766845703125,1.540374755859375,1.604766845703125,,,437378,18,1,3,0
3500,437500,10169,10595,1.551666259765625,1.616668701171875,1.551666259765625,1.616668701171875,,,437503,18,1,3,0
3501,437625,10243,10667,1.562957763671875,1.627655029296875,1.562957763671875,1.627655029296875,,,437628,18,1,3,0
3502,437750,10314,10734,1.57379150390625,1.63787841796875,1.57379150390625,1.63787841796875,,,437753,18,1,3,0
3503,437875,10384,10796,1.58447265625,1.6473388671875,1.58447265625,1.6473388671875,,,437878,18,1,3,0
3504,438000,10452,10852,1.5948486328125,1.6558837890625,1.5948486328125,1.6558837890625,,,438003,18,1,3,0
3505,438125,10518,10901,1.60491943359375,1.663360595703125,1.60491943359375,1.663360595703125,,,438128,18,1,3,0
3506,438250,10581,10945,1.614532470703125,1.670074462890625,1.614532470703125,1.670074462890625,,,438253,18,1,3,0
3507,438375,10642,10982,1.62384033203125,1.67572021484375,1.62384033203125,1.67572021484375,,,438378,18,1,3,0
3508,438500,10701,11012,1.632843017578125,1.6802978515625,1.632843017578125,1.6802978515625,,,438503,18,1,3,0
3509,438625,10756,11035,1.6412353515625,1.683807373046875,1.6412353515625,1.683807373046875,,,438628,18,1,3,0
3510,438750,10809,11051,1.649322509765625,1.686248779296875,1.649322509765625,1.686248779296875,,,438753,18,1,3,0
3511,438875,10858,11061,1.65679931640625,1.687774658203125,1.65679931640625,1.687774658203125,,,438878,18,1,3,0
3512,439000,10904,11063,1.663818359375,1.688079833984375,1.663818359375,1.688079833984375,,,439003,18,1,3,0
3513,439125,10946,11058,1.67022705078125,1.68731689453125,1.67022705078125,1.68731689453125,,,439128,18,1,3,0
3514,439250,10985,11047,1.676177978515625,1.685638427734375,1.676177978515625,1.685638427734375,,,439253,18,1,3,0
3515,439375,11020,11029,1.6815185546875,1.682891845703125,1.6815185546875,1.682891845703125,,,439378,18,1,3,0
3516,439500,11052,11003,1.6864013671875,1.678924560546875,1.6864013671875,1.678924560546875,,,439503,18,1,3,0
3517,439625,11079,10972,1.690521240234375,1.6741943359375,1.690521240234375,1.6741943359375,,,439628,18,1,3,0
3518,439750,11103,10934,1.694183349609375,1.66839599609375,1.694183349609375,1.66839599609375,,,439753,18,1,3,0
3519,439875,11122,10890,1.69708251953125,1.66168212890625,1.69708251953125,1.66168212890625,,,439878,18,1,3,0
3520,440000,11138,10840,1.69952392578125,1.654052734375,1.69952392578125,1.654052734375,,,440003,18,1,3,0
3521,440125,11150,10784,1.70135498046875,1.6455078125,1.70135498046875,1.6455078125,,,440128,18,1,3,0
3522,440250,11157,10724,1.702423095703125,1.6363525390625,1.702423095703125,1.6363525390625,,,440253,18,1,3,0
3523,440375,11160,10659,1.702880859375,1.626434326171875,1.702880859375,1.626434326171875,,,440378,18,1,3,0
3524,440500,11160,10589,1.702880859375,1.615753173828125,1.702880859375,1.615753173828125,,,440503,18,1,3,0
3525,440625,11155,10515,1.702117919921875,1.604461669921875,1.702117919921875,1.604461669921875,,,440628,18,1,3,0
3526,440750,11146,10438,1.70074462890625,1.59271240234375,1.70074462890625,1.59271240234375,,,440753,18,1,3,0
3527,440875,11133,10357,1.698760986328125,1.580352783203125,1.698760986328125,1.580352783203125,,,440878,18,1,3,0
3528,441000,11116,10274,1.6961669921875,1.56768798828125,1.6961669921875,1.56768798828125,,,441003,18,1,3,0
3529,441125,11096,10189,1.693115234375,1.554718017578125,1.693115234375,1.554718017578125,,,441128,18,1,3,0
3530,441250,11071,10102,1.689300537109375,1.54144287109375,1.689300537109375,1.54144287109375,,,441253,18,1,3,0
3531,441375,11043,10014,1.685028076171875,1.52801513671875,1.685028076171875,1.52801513671875,,,441378,18,1,3,0
3532,441500,11011,9926,1.680145263671875,1.51458740234375,1.680145263671875,1.51458740234375,,,441503,18,1,3,0
3533,441625,10976,9837,1.6748046875,1.501007080078125,1.6748046875,1.501007080078125,,,441628,18,1,3,0
3534,441750,10937,9749,1.668853759765625,1.487579345703125,1.668853759765625,1.487579345703125,,,441753,18,1,3,0
3535,441875,10895,9661,1.662445068359375,1.474151611328125,1.662445068359375,1.474151611328125,,,441878,18,1,3,0
3536,442000,10850,9575,1.65557861328125,1.461029052734375,1.65557861328125,1.461029052734375,,,442003,18,1,3,0
3537,442125,10802,9491,1.64825439453125,1.448211669921875,1.64825439453125,1.448211669921875,,,442128,18,1,3,0
3538,442250,10751,9410,1.640472412109375,1.43585205078125,1.640472412109375,1.43585205078125,,,442253,18,1,3,0
3539,442375,10697,9331,1.632232666015625,1.423797607421875,1.632232666015625,1.423797607421875,,,442378,18,1,3,0
3540,442500,10642,9255,1.62384033203125,1.412200927734375,1.62384033203125,1.412200927734375,,,442503,18,1,3,0
3541,442625,10583,9184,1.614837646484375,1.4013671875,1.614837646484375,1.4013671875,,,442628,18,1,3,0
3542,442750,10523,9116,1.605682373046875,1.3909912109375,1.605682373046875,1.3909912109375,,,442753,18,1,3,0
3543,442875,10461,9053,1.596221923828125,1.381378173828125,1.596221923828125,1.381378173828125,,,442878,18,1,3,0
3544,443000,10397,8995,1.586456298828125,1.372528076171875,1.586456298828125,1.372528076171875,,,443003,18,1,3,0
3545,443125,10332,8942,1.5765380859375,1.36444091796875,1.5765380859375,1.36444091796875,,,443128,18,1,3,0
3546,443250,10265,8895,1.566314697265625,1.357269287109375,1.566314697265625,1.357269287109375,,,443253,18,1,3,0
3547,443375,10197,8854,1.555938720703125,1.35101318359375,1.555938720703125,1.35101318359375,,,443378,18,1,3,0
3548,443500,10129,8819,1.545562744140625,1.345672607421875,1.545562744140625,1.345672607421875,,,443503,18,1,3,0
3549,443625,10060,8790,1.5350341796875,1.34124755859375,1.5350341796875,1.34124755859375,,,443628,18,1,3,0
3550,443750,9990,8767,1.52435302734375,1.337738037109375,1.52435302734375,1.337738037109375,,,443753,18,1,3,0
3551,443875,9921,8751,1.513824462890625,1.335296630859375,1.513824462890625,1.335296630859375,,,443878,18,1,3,0
3552,444000,9851,8742,1.503143310546875,1.33392333984375,1.503143310546875,1.33392333984375,,,444003,18,1,3,0
3553,444125,9782,8740,1.49261474609375,1.3336181640625,1.49261474609375,1.3336181640625,,,444128,18,1,3,0
3554,444250,9713,8745,1.482086181640625,1.334381103515625,1.482086181640625,1.334381103515625,,,444253,18,1,3,0
3555,444375,9645,8756,1.471710205078125,1.3360595703125,1.471710205078125,1.3360595703125,,,444378,18,1,3,0
3556,444500,9578,8774,1.46148681640625,1.33880615234375,1.46148681640625,1.33880615234375,,,444503,18,1,3,0
3557,444625,9512,8798,1.451416015625,1.34246826171875,1.451416015625,1.34246826171875,,,444628,18,1,3,0
3558,444750,9447,8830,1.441497802734375,1.34735107421875,1.441497802734375,1.34735107421875,,,444753,18,1,3,0
3559,444875,9384,8867,1.431884765625,1.352996826171875,1.431884765625,1.352996826171875,,,444878,18,1,3,0
3560,445000,9323,8911,1.422576904296875,1.359710693359375,1.422576904296875,1.359710693359375,,,445003,18,1,3,0
3561,445125,9263,8960,1.413421630859375,1.3671875,1.413421630859375,1.3671875,,,445128,18,1,3,0
3562,445250,9206,9015,1.40472412109375,1.375579833984375,1.40472412109375,1.375579833984375,,,445253,18,1,3,0
3563,445375,9151,9076,1.396331787109375,1.3848876953125,1.396331787109375,1.3848876953125,,,445378,18,1,3,0
3564,445500,9098,9141,1.38824462890625,1.394805908203125,1.38824462890625,1.394805908203125,,,445503,18,1,3,0
3565,445625,9048,9211,1.380615234375,1.405487060546875,1.380615234375,1.405487060546875,,,445628,18,1,3,0
3566,445750,9001,9286,1.373443603515625,1.41693115234375,1.373443603515625,1.41693115234375,,,445753,18,1,3,0
3567,445875,8957,9364,1.366729736328125,1.4288330078125,1.366729736328125,1.4288330078125,,,445878,18,1,3,0
3568,446000,8916,9446,1.3604736328125,1.44134521484375,1.3604736328125,1.44134521484375,,,446003,18,1,3,0
3569,446125,8878,9530,1.35467529296875,1.45416259765625,1.35467529296875,1.45416259765625,,,446128,18,1,3,0
3570,446250,8843,9617,1.349334716796875,1.467437744140625,1.349334716796875,1.467437744140625,,,446253,18,1,3,0
3571,446375,8812,9706,1.3446044921875,1.48101806640625,1.3446044921875,1.48101806640625,,,446378,18,1,3,0
3572,446500,8784,9797,1.34033203125,1.494903564453125,1.34033203125,1.494903564453125,,,446503,18,1,3,0
3573,446625,8760,9888,1.336669921875,1.5087890625,1.336669921875,1.5087890625,,,446628,18,1,3,0
3574,446750,8739,9980,1.333465576171875,1.5228271484375,1.333465576171875,1.5228271484375,,,446753,18,1,3,0
3575,446875,8722,10072,1.33087158203125,1.536865234375,1.33087158203125,1.536865234375,,,446878,18,1,3,0
3576,447000,8709,10163,1.328887939453125,1.550750732421875,1.328887939453125,1.550750732421875,,,447003,18,1,3,0
3577,447125,8700,10254,1.3275146484375,1.56463623046875,1.3275146484375,1.56463623046875,,,447128,18,1,3,0
3578,447250,8694,10342,1.32659912109375,1.57806396484375,1.32659912109375,1.57806396484375,,,447253,18,1,3,0
3579,447375,8692,10429,1.3262939453125,1.591339111328125,1.3262939453125,1.591339111328125,,,447378,18,1,3,0
3580,447500,8694,10513,1.32659912109375,1.604156494140625,1.32659912109375,1.604156494140625,,,447503,18,1,3,0
3581,447625,8700,10593,1.3275146484375,1.616363525390625,1.3275146484375,1.616363525390625,,,447628,18,1,3,0
3582,447750,8710,10671,1.32904052734375,1.628265380859375,1.32904052734375,1.628265380859375,,,447753,18,1,3,0
3583,447875,8723,10744,1.331024169921875,1.639404296875,1.331024169921875,1.639404296875,,,447878,18,1,3,0
3584,448000,8740,10813,1.3336181640625,1.649932861328125,1.3336181640625,1.649932861328125,,,448003,18,1,3,0
3585,448125,8761,10877,1.336822509765625,1.659698486328125,1.336822509765625,1.659698486328125,,,448128,18,1,3,0
3586,448250,8785,10936,1.340484619140625,1.668701171875,1.340484619140625,1.668701171875,,,448253,18,1,3,0
3587,448375,8812,10989,1.3446044921875,1.676788330078125,1.3446044921875,1.676788330078125,,,448378,18,1,3,0
3588,448500,8843,11036,1.349334716796875,1.6839599609375,1.349334716796875,1.6839599609375,,,448503,18,1,3,0
3589,448625,8877,11077,1.354522705078125,1.690216064453125,1.354522705078125,1.690216064453125,,,448628,18,1,3,0
3590,448750,8914,11112,1.36016845703125,1.695556640625,1.36016845703125,1.695556640625,,,448753,18,1,3,0
3591,448875,8955,11140,1.366424560546875,1.6998291015625,1.366424560546875,1.6998291015625,,,448878,18,1,3,0
3592,449000,8998,11162,1.37298583984375,1.70318603515625,1.37298583984375,1.70318603515625,,,449003,18,1,3,0
3593,449125,9043,11176,1.379852294921875,1.705322265625,1.379852294921875,1.705322265625,,,449128,18,1,3,0
3594,449250,9092,11183,1.3873291015625,1.706390380859375,1.3873291015625,1.706390380859375,,,449253,18,1,3,0
3595,449375,9142,11183,1.39495849609375,1.706390380859375,1.39495849609375,1.706390380859375,,,449378,18,1,3,0
3596,449500,9195,11176,1.403045654296875,1.705322265625,1.403045654296875,1.705322265625,,,449503,18,1,3,0
3597,449625,9250,11162,1.41143798828125,1.70318603515625,1.41143798828125,1.70318603515625,,,449628,18,1,3,0
3598,449750,9307,11140,1.420135498046875,1.6998291015625,1.420135498046875,1.6998291015625,,,449753,18,1,3,0
3599,449875,9365,11112,1.428985595703125,1.695556640625,1.428985595703125,1.695556640625,,,449878,18,1,3,0
3600,450000,9425,11076,1.438140869140625,1.6900634765625,1.438140869140625,1.6900634765625,,,450003,18,1,3,0
3601,450125,9486,11034,1.44744873046875,1.68365478515625,1.44744873046875,1.68365478515625,,,450128,18,1,3,0
3602,450250,9548,10985,1.4569091796875,1.676177978515625,1.4569091796875,1.676177978515625,,,450253,18,1,3,0
3603,450375,9611,10930,1.466522216796875,1.66778564453125,1.466522216796875,1.66778564453125,,,450378,18,1,3,0
3604,450500,9675,10869,1.476287841796875,1.658477783203125,1.476287841796875,1.658477783203125,,,450503,18,1,3,0
3605,450625,9739,10802,1.486053466796875,1.64825439453125,1.486053466796875,1.64825439453125,,,450628,18,1,3,0
3606,450750,9803,10729,1.495819091796875,1.637115478515625,1.495819091796875,1.637115478515625,,,450753,18,1,3,0
3607,450875,9867,10651,1.505584716796875,1.625213623046875,1.505584716796875,1.625213623046875,,,450878,18,1,3,0
3608,451000,9931,10569,1.515350341796875,1.612701416015625,1.515350341796875,1.612701416015625,,,451003,18,1,3,0
3609,451125,9995,10482,1.525115966796875,1.59942626953125,1.525115966796875,1.59942626953125,,,451128,18,1,3,0
3610,451250,10058,10392,1.53472900390625,1.585693359375,1.53472900390625,1.585693359375,,,451253,18,1,3,0
3611,451375,10120,10298,1.544189453125,1.57135009765625,1.544189453125,1.57135009765625,,,451378,18,1,3,0
3612,451500,10181,10201,1.553497314453125,1.556549072265625,1.553497314453125,1.556549072265625,,,451503,18,1,3,0
3613,451625,10241,10101,1.562652587890625,1.541290283203125,1.562652587890625,1.541290283203125,,,451628,18,1,3,0
3614,451750,10300,10000,1.5716552734375,1.52587890625,1.5716552734375,1.52587890625,,,451753,18,1,3,0
3615,451875,10356,9897,1.5802001953125,1.510162353515625,1.5802001953125,1.510162353515625,,,451878,18,1,3,0
3616,452000,10411,9794,1.588592529296875,1.49444580078125,1.588592529296875,1.49444580078125,,,452003,18,1,3,0
3617,452125,10464,9690,1.5966796875,1.47857666015625,1.5966796875,1.47857666015625,,,452128,18,1,3,0
3618,452250,10515,9586,1.604461669921875,1.46270751953125,1.604461669921875,1.46270751953125,,,452253,18,1,3,0
3619,452375,10563,9483,1.611785888671875,1.446990966796875,1.611785888671875,1.446990966796875,,,452378,18,1,3,0
3620,452500,10609,9382,1.618804931640625,1.43157958984375,1.618804931640625,1.43157958984375,,,452503,18,1,3,0
3621,452625,10652,9282,1.6253662109375,1.41632080078125,1.6253662109375,1.41632080078125,,,452628,18,1,3,0
3622,452750,10692,9184,1.6314697265625,1.4013671875,1.6314697265625,1.4013671875,,,452753,18,1,3,0
3623,452875,10730,9090,1.63726806640625,1.38702392578125,1.63726806640625,1.38702392578125,,,452878,18,1,3,0
3624,453000,10764,8999,1.6424560546875,1.373138427734375,1.6424560546875,1.373138427734375,,,453003,18,1,3,0
3625,453125,10795,8911,1.647186279296875,1.359710693359375,1.647186279296875,1.359710693359375,,,453128,18,1,3,0
3626,453250,10823,8828,1.651458740234375,1.3470458984375,1.651458740234375,1.3470458984375,,,453253,18,1,3,0
3627,453375,10847,8749,1.655120849609375,1.334991455078125,1.655120849609375,1.334991455078125,,,453378,18,1,3,0
3628,453500,10868,8676,1.6583251953125,1.3238525390625,1.6583251953125,1.3238525390625,,,453503,18,1,3,0
3629,453625,10886,8608,1.66107177734375,1.3134765625,1.66107177734375,1.3134765625,,,453628,18,1,3,0
3630,453750,10899,8546,1.663055419921875,1.30401611328125,1.663055419921875,1.30401611328125,,,453753,18,1,3,0
3631,453875,10909,8490,1.664581298828125,1.29547119140625,1.664581298828125,1.29547119140625,,,453878,18,1,3,0
3632,454000,10916,8440,1.6656494140625,1.287841796875,1.6656494140625,1.287841796875,,,454003,18,1,3,0
3633,454125,10919,8397,1.666107177734375,1.281280517578125,1.666107177734375,1.281280517578125,,,454128,18,1,3,0
3634,454250,10918,8362,1.66595458984375,1.27593994140625,1.66595458984375,1.27593994140625,,,454253,18,1,3,0
3635,454375,10913,8333,1.665191650390625,1.271514892578125,1.665191650390625,1.271514892578125,,,454378,18,1,3,0
3636,454500,10904,8311,1.663818359375,1.268157958984375,1.663818359375,1.268157958984375,,,454503,18,1,3,0
3637,454625,10892,8297,1.6619873046875,1.266021728515625,1.6619873046875,1.266021728515625,,,454628,18,1,3,0
3638,454750,10876,8291,1.6595458984375,1.265106201171875,1.6595458984375,1.265106201171875,,,454753,18,1,3,0
3639,454875,10857,8292,1.656646728515625,1.2652587890625,1.656646728515625,1.2652587890625,,,454878,18,1,3,0
3640,455000,10834,8300,1.65313720703125,1.2664794921875,1.65313720703125,1.2664794921875,,,455003,18,1,3,0
3641,455125,10807,8316,1.649017333984375,1.2689208984375,1.649017333984375,1.2689208984375,,,455128,18,1,3,0
3642,455250,10777,8339,1.644439697265625,1.272430419921875,1.644439697265625,1.272430419921875,,,455253,18,1,3,0
3643,455375,10744,8370,1.639404296875,1.27716064453125,1.639404296875,1.27716064453125,,,455378,18,1,3,0
3644,455500,10708,8407,1.6339111328125,1.282806396484375,1.6339111328125,1.282806396484375,,,455503,18,1,3,0
3645,455625,10668,8451,1.6278076171875,1.289520263671875,1.6278076171875,1.289520263671875,,,455628,18,1,3,0
3646,455750,10626,8502,1.62139892578125,1.29730224609375,1.62139892578125,1.29730224609375,,,455753,18,1,3,0
3647,455875,10581,8560,1.614532470703125,1.30615234375,1.614532470703125,1.30615234375,,,455878,18,1,3,0
3648,456000,10533,8623,1.607208251953125,1.315765380859375,1.607208251953125,1.315765380859375,,,456003,18,1,3,0
3649,456125,10482,8692,1.59942626953125,1.3262939453125,1.59942626953125,1.3262939453125,,,456128,18,1,3,0
3650,456250,10429,8767,1.591339111328125,1.337738037109375,1.591339111328125,1.337738037109375,,,456253,18,1,3,0
3651,456375,10374,8846,1.58294677734375,1.34979248046875,1.58294677734375,1.34979248046875,,,456378,18,1,3,0
3652,456500,10317,8930,1.574249267578125,1.36260986328125,1.574249267578125,1.36260986328125,,,456503,18,1,3,0
3653,456625,10259,9018,1.565399169921875,1.37603759765625,1.565399169921875,1.37603759765625,,,456628,18,1,3,0
3654,456750,10198,9110,1.55609130859375,1.39007568359375,1.55609130859375,1.39007568359375,,,456753,18,1,3,0
3655,456875,10136,9205,1.546630859375,1.404571533203125,1.546630859375,1.404571533203125,,,456878,18,1,3,0
3656,457000,10073,9302,1.537017822265625,1.41937255859375,1.537017822265625,1.41937255859375,,,457003,18,1,3,0
3657,457125,10009,9402,1.527252197265625,1.43463134765625,1.527252197265625,1.43463134765625,,,457128,18,1,3,0
3658,457250,9943,9503,1.517181396484375,1.450042724609375,1.517181396484375,1.450042724609375,,,457253,18,1,3,0
3659,457375,9878,9606,1.50726318359375,1.46575927734375,1.50726318359375,1.46575927734375,,,457378,18,1,3,0
3660,457500,9812,9709,1.4971923828125,1.481475830078125,1.4971923828125,1.481475830078125,,,457503,18,1,3,0
3661,457625,9745,9812,1.486968994140625,1.4971923828125,1.486968994140625,1.4971923828125,,,457628,18,1,3,0
3662,457750,9679,9914,1.476898193359375,1.51275634765625,1.476898193359375,1.51275634765625,,,457753,18,1,3,0
3663,457875,9613,10016,1.466827392578125,1.5283203125,1.466827392578125,1.5283203125,,,457878,18,1,3,0
3664,458000,9547,10116,1.456756591796875,1.5435791015625,1.456756591796875,1.5435791015625,,,458003,18,1,3,0
3665,458125,9482,10214,1.44683837890625,1.55853271484375,1.44683837890625,1.55853271484375,,,458128,18,1,3,0
3666,458250,9418,10309,1.43707275390625,1.573028564453125,1.43707275390625,1.573028564453125,,,458253,18,1,3,0
3667,458375,9355,10401,1.427459716796875,1.587066650390625,1.427459716796875,1.587066650390625,,,458378,18,1,3,0
3668,458500,9293,10490,1.417999267578125,1.60064697265625,1.417999267578125,1.60064697265625,,,458503,18,1,3,0
3669,458625,9233,10574,1.408843994140625,1.61346435546875,1.408843994140625,1.61346435546875,,,458628,18,1,3,0
3670,458750,9175,10654,1.399993896484375,1.62567138671875,1.399993896484375,1.62567138671875,,,458753,18,1,3,0
3671,458875,9118,10730,1.39129638671875,1.63726806640625,1.39129638671875,1.63726806640625,,,458878,18,1,3,0
3672,459000,9064,10800,1.383056640625,1.64794921875,1.383056640625,1.64794921875,,,459003,18,1,3,0
3673,459125,9011,10864,1.374969482421875,1.65771484375,1.374969482421875,1.65771484375,,,459128,18,1,3,0
3674,459250,8962,10923,1.36749267578125,1.666717529296875,1.36749267578125,1.666717529296875,,,459253,18,1,3,0
3675,459375,8915,10975,1.360321044921875,1.674652099609375,1.360321044921875,1.674652099609375,,,459378,18,1,3,0
3676,459500,8870,11022,1.35345458984375,1.68182373046875,1.35345458984375,1.68182373046875,,,459503,18,1,3,0
3677,459625,8829,11061,1.347198486328125,1.687774658203125,1.347198486328125,1.687774658203125,,,459628,18,1,3,0
3678,459750,8790,11094,1.34124755859375,1.69281005859375,1.34124755859375,1.69281005859375,,,459753,18,1,3,0
3679,459875,8755,11119,1.335906982421875,1.696624755859375,1.335906982421875,1.696624755859375,,,459878,18,1,3,0
3680,460000,8723,11138,1.331024169921875,1.69952392578125,1.331024169921875,1.69952392578125,,,460003,18,1,3,0
3681,460125,8695,11150,1.326751708984375,1.70135498046875,1.326751708984375,1.70135498046875,,,460128,18,1,3,0
3682,460250,8670,11154,1.32293701171875,1.70196533203125,1.32293701171875,1.70196533203125,,,460253,18,1,3,0
3683,460375,8649,11151,1.319732666015625,1.701507568359375,1.319732666015625,1.701507568359375,,,460378,18,1,3,0
3684,460500,8631,11141,1.316986083984375,1.699981689453125,1.316986083984375,1.699981689453125,,,460503,18,1,3,0
3685,460625,8617,11124,1.314849853515625,1.6973876953125,1.314849853515625,1.6973876953125,,,460628,18,1,3,0
3686,460750,8608,11101,1.3134765625,1.693878173828125,1.3134765625,1.693878173828125,,,460753,18,1,3,0
3687,460875,8601,11070,1.312408447265625,1.68914794921875,1.312408447265625,1.68914794921875,,,460878,18,1,3,0
3688,461000,8599,11033,1.312103271484375,1.683502197265625,1.312103271484375,1.683502197265625,,,461003,18,1,3,0
3689,461125,8601,10990,1.312408447265625,1.67694091796875,1.312408447265625,1.67694091796875,,,461128,18,1,3,0
3690,461250,8607,10941,1.313323974609375,1.669464111328125,1.313323974609375,1.669464111328125,,,461253,18,1,3,0
3691,461375,8617,10886,1.314849853515625,1.66107177734375,1.314849853515625,1.66107177734375,,,461378,18,1,3,0
3692,461500,8630,10825,1.31683349609375,1.651763916015625,1.31683349609375,1.651763916015625,,,461503,18,1,3,0
3693,461625,8648,10760,1.319580078125,1.641845703125,1.319580078125,1.641845703125,,,461628,18,1,3,0
3694,461750,8669,10690,1.322784423828125,1.63116455078125,1.322784423828125,1.63116455078125,,,461753,18,1,3,0
3695,461875,8694,10616,1.32659912109375,1.619873046875,1.32659912109375,1.619873046875,,,461878,18,1,3,0
3696,462000,8723,10538,1.331024169921875,1.60797119140625,1.331024169921875,1.60797119140625,,,462003,18,1,3,0
3697,462125,8756,10456,1.3360595703125,1.595458984375,1.3360595703125,1.595458984375,,,462128,18,1,3,0
3698,462250,8792,10372,1.341552734375,1.5826416015625,1.341552734375,1.5826416015625,,,462253,18,1,3,0
3699,462375,8832,10286,1.34765625,1.56951904296875,1.34765625,1.56951904296875,,,462378,18,1,3,0
3700,462500,8875,10197,1.354217529296875,1.555938720703125,1.354217529296875,1.555938720703125,,,462503,18,1,3,0
3701,462625,8921,10107,1.361236572265625,1.542205810546875,1.361236572265625,1.542205810546875,,,462628,18,1,3,0
3702,462750,8970,10017,1.36871337890625,1.528472900390625,1.36871337890625,1.528472900390625,,,462753,18,1,3,0
3703,462875,9022,9926,1.37664794921875,1.51458740234375,1.37664794921875,1.51458740234375,,,462878,18,1,3,0
3704,463000,9077,9835,1.385040283203125,1.500701904296875,1.385040283203125,1.500701904296875,,,463003,18,1,3,0
3705,463125,9135,9745,1.393890380859375,1.486968994140625,1.393890380859375,1.486968994140625,,,463128,18,1,3,0
3706,463250,9195,9656,1.403045654296875,1.473388671875,1.403045654296875,1.473388671875,,,463253,18,1,3,0
3707,463375,9257,9569,1.412506103515625,1.460113525390625,1.412506103515625,1.460113525390625,,,463378,18,1,3,0
3708,463500,9322,9484,1.42242431640625,1.4471435546875,1.42242431640625,1.4471435546875,,,463503,18,1,3,0
3709,463625,9388,9401,1.4324951171875,1.434478759765625,1.4324951171875,1.434478759765625,,,463628,18,1,3,0
3710,463750,9456,9322,1.44287109375,1.42242431640625,1.44287109375,1.42242431640625,,,463753,18,1,3,0
3711,463875,9525,9247,1.453399658203125,1.410980224609375,1.453399658203125,1.410980224609375,,,463878,18,1,3,0
3712,464000,9596,9175,1.4642333984375,1.399993896484375,1.4642333984375,1.399993896484375,,,464003,18,1,3,0
3713,464125,9668,9108,1.4752197265625,1.3897705078125,1.4752197265625,1.3897705078125,,,464128,18,1,3,0
3714,464250,9741,9046,1.486358642578125,1.38031005859375,1.486358642578125,1.38031005859375,,,464253,18,1,3,0
3715,464375,9814,8988,1.49749755859375,1.3714599609375,1.49749755859375,1.3714599609375,,,464378,18,1,3,0
3716,464500,9888,8937,1.5087890625,1.363677978515625,1.5087890625,1.363677978515625,,,464503,18,1,3,0
3717,464625,9962,8891,1.52008056640625,1.356658935546875,1.52008056640625,1.356658935546875,,,464628,18,1,3,0
3718,464750,10036,8851,1.5313720703125,1.350555419921875,1.5313720703125,1.350555419921875,,,464753,18,1,3,0
3719,464875,10110,8817,1.54266357421875,1.345367431640625,1.54266357421875,1.345367431640625,,,464878,18,1,3,0
3720,465000,10183,8790,1.553802490234375,1.34124755859375,1.553802490234375,1.34124755859375,,,465003,18,1,3,0
3721,465125,10255,8769,1.564788818359375,1.338043212890625,1.564788818359375,1.338043212890625,,,465128,18,1,3,0
3722,465250,10326,8755,1.57562255859375,1.335906982421875,1.57562255859375,1.335906982421875,,,465253,18,1,3,0
3723,465375,10397,8748,1.586456298828125,1.3348388671875,1.586456298828125,1.3348388671875,,,465378,18,1,3,0
3724,465500,10465,8747,1.596832275390625,1.334686279296875,1.596832275390625,1.334686279296875,,,465503,18,1,3,0
3725,465625,10533,8753,1.607208251953125,1.335601806640625,1.607208251953125,1.335601806640625,,,465628,18,1,3,0
3726,465750,10598,8766,1.61712646484375,1.33758544921875,1.61712646484375,1.33758544921875,,,465753,18,1,3,0
3727,465875,10661,8786,1.626739501953125,1.34063720703125,1.626739501953125,1.34063720703125,,,465878,18,1,3,0
3728,466000,10722,8812,1.63604736328125,1.3446044921875,1.63604736328125,1.3446044921875,,,466003,18,1,3,0
3729,466125,10781,8845,1.645050048828125,1.349639892578125,1.645050048828125,1.349639892578125,,,466128,18,1,3,0
3730,466250,10837,8883,1.653594970703125,1.355438232421875,1.653594970703125,1.355438232421875,,,466253,18,1,3,0
3731,466375,10890,8928,1.66168212890625,1.3623046875,1.66168212890625,1.3623046875,,,466378,18,1,3,0
3732,466500,10940,8979,1.6693115234375,1.370086669921875,1.6693115234375,1.370086669921875,,,466503,18,1,3,0
3733,466625,10988,9035,1.6766357421875,1.378631591796875,1.6766357421875,1.378631591796875,,,466628,18,1,3,0
3734,466750,11031,9096,1.683197021484375,1.387939453125,1.683197021484375,1.387939453125,,,466753,18,1,3,0
3735,466875,11072,9162,1.689453125,1.39801025390625,1.689453125,1.39801025390625,,,466878,18,1,3,0
3736,467000,11109,9232,1.695098876953125,1.40869140625,1.695098876953125,1.40869140625,,,467003,18,1,3,0
3737,467125,11142,9306,1.70013427734375,1.41998291015625,1.70013427734375,1.41998291015625,,,467128,18,1,3,0
3738,467250,11171,9384,1.704559326171875,1.431884765625,1.704559326171875,1.431884765625,,,467253,18,1,3,0
3739,467375,11197,9465,1.708526611328125,1.444244384765625,1.708526611328125,1.444244384765625,,,467378,18,1,3,0
3740,467500,11218,9548,1.71173095703125,1.4569091796875,1.71173095703125,1.4569091796875,,,467503,18,1,3,0
3741,467625,11236,9634,1.7144775390625,1.47003173828125,1.7144775390625,1.47003173828125,,,467628,18,1,3,0
3742,467750,11249,9721,1.716461181640625,1.483306884765625,1.716461181640625,1.483306884765625,,,467753,18,1,3,0
3743,467875,11258,9810,1.71783447265625,1.49688720703125,1.71783447265625,1.49688720703125,,,467878,18,1,3,0
3744,468000,11263,9899,1.718597412109375,1.510467529296875,1.718597412109375,1.510467529296875,,,468003,18,1,3,0
3745,468125,11264,9988,1.71875,1.5240478515625,1.71875,1.5240478515625,,,468128,18,1,3,0
3746,468250,11260,10077,1.7181396484375,1.537628173828125,1.7181396484375,1.537628173828125,,,468253,18,1,3,0
3747,468375,11252,10165,1.7169189453125,1.551055908203125,1.7169189453125,1.551055908203125,,,468378,18,1,3,0
3748,468500,11240,10252,1.715087890625,1.5643310546875,1.715087890625,1.5643310546875,,,468503,18,1,3,0
3749,468625,11224,10337,1.712646484375,1.577301025390625,1.712646484375,1.577301025390625,,,468628,18,1,3,0
3750,468750,11203,10419,1.709442138671875,1.589813232421875,1.709442138671875,1.589813232421875,,,468753,18,1,3,0
3751,468875,11179,10499,1.705780029296875,1.602020263671875,1.705780029296875,1.602020263671875,,,468878,18,1,3,0
3752,469000,11150,10575,1.70135498046875,1.613616943359375,1.70135498046875,1.613616943359375,,,469003,18,1,3,0
3753,469125,11117,10648,1.696319580078125,1.624755859375,1.696319580078125,1.624755859375,,,469128,18,1,3,0
3754,469250,11081,10716,1.690826416015625,1.6351318359375,1.690826416015625,1.6351318359375,,,469253,18,1,3,0
3755,469375,11040,10779,1.6845703125,1.644744873046875,1.6845703125,1.644744873046875,,,469378,18,1,3,0
3756,469500,10996,10838,1.6778564453125,1.65374755859375,1.6778564453125,1.65374755859375,,,469503,18,1,3,0
3757,469625,10948,10891,1.6705322265625,1.661834716796875,1.6705322265625,1.661834716796875,,,469628,18,1,3,0
3758,469750,10897,10939,1.662750244140625,1.669158935546875,1.662750244140625,1.669158935546875,,,469753,18,1,3,0
3759,469875,10843,10980,1.654510498046875,1.6754150390625,1.654510498046875,1.6754150390625,,,469878,18,1,3,0
3760,470000,10785,11016,1.645660400390625,1.680908203125,1.645660400390625,1.680908203125,,,470003,18,1,3,0
3761,470125,10725,11045,1.636505126953125,1.685333251953125,1.636505126953125,1.685333251953125,,,470128,18,1,3,0
3762,470250,10662,11067,1.62689208984375,1.688690185546875,1.62689208984375,1.688690185546875,,,470253,18,1,3,0
3763,470375,10596,11083,1.6168212890625,1.691131591796875,1.6168212890625,1.691131591796875,,,470378,18,1,3,0
3764,470500,10527,11091,1.606292724609375,1.692352294921875,1.606292724609375,1.692352294921875,,,470503,18,1,3,0
3765,470625,10457,11093,1.595611572265625,1.692657470703125,1.595611572265625,1.692657470703125,,,470628,18,1,3,0
3766,470750,10384,11087,1.58447265625,1.691741943359375,1.58447265625,1.691741943359375,,,470753,18,1,3,0
3767,470875,10310,11074,1.57318115234375,1.68975830078125,1.57318115234375,1.68975830078125,,,470878,18,1,3,0
3768,471000,10234,11055,1.56158447265625,1.686859130859375,1.56158447265625,1.686859130859375,,,471003,18,1,3,0
3769,471125,10157,11028,1.549835205078125,1.6827392578125,1.549835205078125,1.6827392578125,,,471128,18,1,3,0
3770,471250,10078,10995,1.53778076171875,1.677703857421875,1.53778076171875,1.677703857421875,,,471253,18,1,3,0
3771,471375,9999,10955,1.525726318359375,1.671600341796875,1.525726318359375,1.671600341796875,,,471378,18,1,3,0
3772,471500,9919,10908,1.513519287109375,1.6644287109375,1.513519287109375,1.6644287109375,,,471503,18,1,3,0
3773,471625,9838,10855,1.50115966796875,1.656341552734375,1.50115966796875,1.656341552734375,,,471628,18,1,3,0
3774,471750,9757,10796,1.488800048828125,1.6473388671875,1.488800048828125,1.6473388671875,,,471753,18,1,3,0
3775,471875,9677,10732,1.476593017578125,1.6375732421875,1.476593017578125,1.6375732421875,,,471878,18,1,3,0
3776,472000,9596,10662,1.4642333984375,1.62689208984375,1.4642333984375,1.62689208984375,,,472003,18,1,3,0
3777,472125,9516,10587,1.4520263671875,1.615447998046875,1.4520263671875,1.615447998046875,,,472128,18,1,3,0
3778,472250,9437,10507,1.439971923828125,1.603240966796875,1.439971923828125,1.603240966796875,,,472253,18,1,3,0
3779,472375,9359,10423,1.428070068359375,1.590423583984375,1.428070068359375,1.590423583984375,,,472378,18,1,3,0
3780,472500,9282,10335,1.41632080078125,1.576995849609375,1.41632080078125,1.576995849609375,,,472503,18,1,3,0
3781,472625,9207,10244,1.404876708984375,1.5631103515625,1.404876708984375,1.5631103515625,,,472628,18,1,3,0
3782,472750,9133,10149,1.393585205078125,1.548614501953125,1.393585205078125,1.548614501953125,,,472753,18,1,3,0
3783,472875,9061,10053,1.382598876953125,1.533966064453125,1.382598876953125,1.533966064453125,,,472878,18,1,3,0
3784,473000,8991,9954,1.371917724609375,1.51885986328125,1.371917724609375,1.51885986328125,,,473003,18,1,3,0
3785,473125,8924,9854,1.3616943359375,1.50360107421875,1.3616943359375,1.50360107421875,,,473128,18,1,3,0
3786,473250,8859,9754,1.351776123046875,1.48834228515625,1.351776123046875,1.48834228515625,,,473253,18,1,3,0
3787,473375,8797,9652,1.342315673828125,1.4727783203125,1.342315673828125,1.4727783203125,,,473378,18,1,3,0
3788,473500,8737,9551,1.333160400390625,1.457366943359375,1.333160400390625,1.457366943359375,,,473503,18,1,3,0
3789,473625,8681,9451,1.324615478515625,1.442108154296875,1.324615478515625,1.442108154296875,,,473628,18,1,3,0
3790,473750,8628,9352,1.3165283203125,1.427001953125,1.3165283203125,1.427001953125,,,473753,18,1,3,0
3791,473875,8578,9255,1.30889892578125,1.412200927734375,1.30889892578125,1.412200927734375,,,473878,18,1,3,0
3792,474000,8532,9160,1.3018798828125,1.397705078125,1.3018798828125,1.397705078125,,,474003,18,1,3,0
3793,474125,8490,9068,1.29547119140625,1.3836669921875,1.29547119140625,1.3836669921875,,,474128,18,1,3,0
3794,474250,8451,8979,1.289520263671875,1.370086669921875,1.289520263671875,1.370086669921875,,,474253,18,1,3,0
3795,474375,8417,8894,1.284332275390625,1.35711669921875,1.284332275390625,1.35711669921875,,,474378,18,1,3,0
3796,474500,8386,8813,1.27960205078125,1.344757080078125,1.27960205078125,1.344757080078125,,,474503,18,1,3,0
3797,474625,8360,8737,1.275634765625,1.333160400390625,1.275634765625,1.333160400390625,,,474628,18,1,3,0
3798,474750,8338,8666,1.27227783203125,1.32232666015625,1.27227783203125,1.32232666015625,,,474753,18,1,3,0
3799,474875,8320,8600,1.26953125,1.312255859375,1.26953125,1.312255859375,,,474878,18,1,3,0
3800,475000,8306,8540,1.26739501953125,1.3031005859375,1.26739501953125,1.3031005859375,,,475003,18,1,3,0
3801,475125,8297,8486,1.266021728515625,1.29486083984375,1.266021728515625,1.29486083984375,,,475128,18,1,3,0
3802,475250,8292,8439,1.2652587890625,1.287689208984375,1.2652587890625,1.287689208984375,,,475253,18,1,3,0
3803,475375,8291,8398,1.265106201171875,1.28143310546875,1.265106201171875,1.28143310546875,,,475378,18,1,3,0
3804,475500,8295,8365,1.265716552734375,1.276397705078125,1.265716552734375,1.276397705078125,,,475503,18,1,3,0
3805,475625,8304,8338,1.26708984375,1.27227783203125,1.26708984375,1.27227783203125,,,475628,18,1,3,0
3806,475750,8317,8319,1.269073486328125,1.269378662109375,1.269073486328125,1.269378662109375,,,475753,18,1,3,0
3807,475875,8334,8307,1.27166748046875,1.267547607421875,1.27166748046875,1.267547607421875,,,475878,18,1,3,0
3808,476000,8355,8302,1.274871826171875,1.26678466796875,1.274871826171875,1.26678466796875,,,476003,18,1,3,0
3809,476125,8381,8305,1.278839111328125,1.267242431640625,1.278839111328125,1.267242431640625,,,476128,18,1,3,0
3810,476250,8411,8315,1.283416748046875,1.268768310546875,1.283416748046875,1.268768310546875,,,476253,18,1,3,0
3811,476375,8445,8333,1.288604736328125,1.271514892578125,1.288604736328125,1.271514892578125,,,476378,18,1,3,0
3812,476500,8483,8358,1.294403076171875,1.27532958984375,1.294403076171875,1.27532958984375,,,476503,18,1,3,0
3813,476625,8525,8390,1.300811767578125,1.28021240234375,1.300811767578125,1.28021240234375,,,476628,18,1,3,0
3814,476750,8570,8430,1.30767822265625,1.28631591796875,1.30767822265625,1.28631591796875,,,476753,18,1,3,0
3815,476875,8619,8476,1.315155029296875,1.2933349609375,1.315155029296875,1.2933349609375,,,476878,18,1,3,0
3816,477000,8672,8529,1.3232421875,1.301422119140625,1.3232421875,1.301422119140625,,,477003,18,1,3,0
3817,477125,8728,8588,1.331787109375,1.3104248046875,1.331787109375,1.3104248046875,,,477128,18,1,3,0
3818,477250,8787,8653,1.340789794921875,1.320343017578125,1.340789794921875,1.320343017578125,,,477253,18,1,3,0
3819,477375,8849,8725,1.350250244140625,1.331329345703125,1.350250244140625,1.331329345703125,,,477378,18,1,3,0
3820,477500,8914,8801,1.36016845703125,1.342926025390625,1.36016845703125,1.342926025390625,,,477503,18,1,3,0
3821,477625,8981,8882,1.370391845703125,1.35528564453125,1.370391845703125,1.35528564453125,,,477628,18,1,3,0
3822,477750,9051,8968,1.381072998046875,1.368408203125,1.381072998046875,1.368408203125,,,477753,18,1,3,0
3823,477875,9123,9058,1.392059326171875,1.38214111328125,1.392059326171875,1.38214111328125,,,477878,18,1,3,0
3824,478000,9197,9152,1.403350830078125,1.396484375,1.403350830078125,1.396484375,,,478003,18,1,3,0
3825,478125,9273,9249,1.414947509765625,1.411285400390625,1.414947509765625,1.411285400390625,,,478128,18,1,3,0
3826,478250,9350,9348,1.42669677734375,1.4263916015625,1.42669677734375,1.4263916015625,,,478253,18,1,3,0
3827,478375,9429,9450,1.438751220703125,1.44195556640625,1.438751220703125,1.44195556640625,,,478378,18,1,3,0
3828,478500,9509,9553,1.450958251953125,1.457672119140625,1.450958251953125,1.457672119140625,,,478503,18,1,3,0
3829,478625,9589,9658,1.463165283203125,1.47369384765625,1.463165283203125,1.47369384765625,,,478628,18,1,3,0
3830,478750,9670,9763,1.47552490234375,1.489715576171875,1.47552490234375,1.489715576171875,,,478753,18,1,3,0
3831,478875,9752,9868,1.488037109375,1.5057373046875,1.488037109375,1.5057373046875,,,478878,18,1,3,0
3832,479000,9833,9972,1.500396728515625,1.5216064453125,1.500396728515625,1.5216064453125,,,479003,18,1,3,0
3833,479125,9915,10076,1.512908935546875,1.5374755859375,1.512908935546875,1.5374755859375,,,479128,18,1,3,0
3834,479250,9996,10177,1.5252685546875,1.552886962890625,1.5252685546875,1.552886962890625,,,479253,18,1,3,0
3835,479375,10076,10277,1.5374755859375,1.568145751953125,1.5374755859375,1.568145751953125,,,479378,18,1,3,0
3836,479500,10156,10374,1.5496826171875,1.58294677734375,1.5496826171875,1.58294677734375,,,479503,18,1,3,0
3837,479625,10234,10468,1.56158447265625,1.5972900390625,1.56158447265625,1.5972900390625,,,479628,18,1,3,0
3838,479750,10312,10559,1.573486328125,1.611175537109375,1.573486328125,1.611175537109375,,,479753,18,1,3,0
3839,479875,10387,10645,1.584930419921875,1.624298095703125,1.584930419921875,1.624298095703125,,,479878,18,1,3,0
3840,480000,10461,10727,1.596221923828125,1.636810302734375,1.596221923828125,1.636810302734375,,,480003,18,1,3,0
3841,480125,10533,10804,1.607208251953125,1.6485595703125,1.607208251953125,1.6485595703125,,,480128,18,1,3,0
3842,480250,10603,10876,1.617889404296875,1.6595458984375,1.617889404296875,1.6595458984375,,,480253,18,1,3,0
3843,480375,10671,10942,1.628265380859375,1.66961669921875,1.628265380859375,1.66961669921875,,,480378,18,1,3,0
3844,480500,10736,11002,1.63818359375,1.67877197265625,1.63818359375,1.67877197265625,,,480503,18,1,3,0
3845,480625,10798,11056,1.64764404296875,1.68701171875,1.64764404296875,1.68701171875,,,480628,18,1,3,0
3846,480750,10857,11104,1.656646728515625,1.6943359375,1.656646728515625,1.6943359375,,,480753,18,1,3,0
3847,480875,10913,11144,1.665191650390625,1.700439453125,1.665191650390625,1.700439453125,,,480878,18,1,3,0
3848,481000,10966,11178,1.67327880859375,1.70562744140625,1.67327880859375,1.70562744140625,,,481003,18,1,3,0
3849,481125,11015,11205,1.680755615234375,1.709747314453125,1.680755615234375,1.709747314453125,,,481128,18,1,3,0
3850,481250,11061,11224,1.687774658203125,1.712646484375,1.687774658203125,1.712646484375,,,481253,18,1,3,0
3851,481375,11103,11237,1.694183349609375,1.714630126953125,1.694183349609375,1.714630126953125,,,481378,18,1,3,0
3852,481500,11142,11242,1.70013427734375,1.71539306640625,1.70013427734375,1.71539306640625,,,481503,18,1,3,0
3853,481625,11176,11239,1.705322265625,1.714935302734375,1.705322265625,1.714935302734375,,,481628,18,1,3,0
3854,481750,11207,11230,1.710052490234375,1.71356201171875,1.710052490234375,1.71356201171875,,,481753,18,1,3,0
3855,481875,11233,11213,1.714019775390625,1.710968017578125,1.714019775390625,1.710968017578125,,,481878,18,1,3,0
3856,482000,11255,11189,1.717376708984375,1.707305908203125,1.717376708984375,1.707305908203125,,,482003,18,1,3,0
3857,482125,11273,11159,1.720123291015625,1.702728271484375,1.720123291015625,1.702728271484375,,,482128,18,1,3,0
3858,482250,11287,11121,1.722259521484375,1.696929931640625,1.722259521484375,1.696929931640625,,,482253,18,1,3,0
3859,482375,11296,11078,1.7236328125,1.69036865234375,1.7236328125,1.69036865234375,,,482378,18,1,3,0
3860,482500,11301,11028,1.724395751953125,1.6827392578125,1.724395751953125,1.6827392578125,,,482503,18,1,3,0
3861,482625,11302,10972,1.72454833984375,1.6741943359375,1.72454833984375,1.6741943359375,,,482628,18,1,3,0
3862,482750,11299,10911,1.724090576171875,1.664886474609375,1.724090576171875,1.664886474609375,,,482753,18,1,3,0
3863,482875,11291,10844,1.722869873046875,1.6546630859375,1.722869873046875,1.6546630859375,,,482878,18,1,3,0
3864,483000,11279,10773,1.721038818359375,1.643829345703125,1.721038818359375,1.643829345703125,,,483003,18,1,3,0
3865,483125,11262,10697,1.71844482421875,1.632232666015625,1.71844482421875,1.632232666015625,,,483128,18,1,3,0
3866,483250,11242,10617,1.71539306640625,1.620025634765625,1.71539306640625,1.620025634765625,,,483253,18,1,3,0
3867,483375,11217,10534,1.711578369140625,1.60736083984375,1.711578369140625,1.60736083984375,,,483378,18,1,3,0
3868,483500,11189,10447,1.707305908203125,1.594085693359375,1.707305908203125,1.594085693359375,,,483503,18,1,3,0
3869,483625,11156,10358,1.7022705078125,1.58050537109375,1.7022705078125,1.58050537109375,,,483628,18,1,3,0
3870,483750,11120,10267,1.69677734375,1.566619873046875,1.69677734375,1.566619873046875,,,483753,18,1,3,0
3871,483875,11080,10175,1.690673828125,1.552581787109375,1.690673828125,1.552581787109375,,,483878,18,1,3,0
3872,484000,11037,10081,1.684112548828125,1.538238525390625,1.684112548828125,1.538238525390625,,,484003,18,1,3,0
3873,484125,10990,9987,1.67694091796875,1.523895263671875,1.67694091796875,1.523895263671875,,,484128,18,1,3,0
3874,484250,10940,9893,1.6693115234375,1.509552001953125,1.6693115234375,1.509552001953125,,,484253,18,1,3,0
3875,484375,10886,9799,1.66107177734375,1.495208740234375,1.66107177734375,1.495208740234375,,,484378,18,1,3,0
3876,484500,10830,9707,1.65252685546875,1.481170654296875,1.65252685546875,1.481170654296875,,,484503,18,1,3,0
3877,484625,10771,9616,1.643524169921875,1.46728515625,1.643524169921875,1.46728515625,,,484628,18,1,3,0
3878,484750,10710,9527,1.63421630859375,1.453704833984375,1.63421630859375,1.453704833984375,,,484753,18,1,3,0
3879,484875,10646,9440,1.62445068359375,1.4404296875,1.62445068359375,1.4404296875,,,484878,18,1,3,0
3880,485000,10580,9357,1.6143798828125,1.427764892578125,1.6143798828125,1.427764892578125,,,485003,18,1,3,0
3881,485125,10512,9277,1.60400390625,1.415557861328125,1.60400390625,1.415557861328125,,,485128,18,1,3,0
3882,485250,10442,9201,1.59332275390625,1.403961181640625,1.59332275390625,1.403961181640625,,,485253,18,1,3,0
3883,485375,10371,9129,1.582489013671875,1.392974853515625,1.582489013671875,1.392974853515625,,,485378,18,1,3,0
3884,485500,10298,9062,1.57135009765625,1.38275146484375,1.57135009765625,1.38275146484375,,,485503,18,1,3,0
3885,485625,10224,9001,1.56005859375,1.373443603515625,1.56005859375,1.373443603515625,,,485628,18,1,3,0
3886,485750,10150,8944,1.54876708984375,1.36474609375,1.54876708984375,1.36474609375,,,485753,18,1,3,0
3887,485875,10074,8893,1.53717041015625,1.356964111328125,1.53717041015625,1.356964111328125,,,485878,18,1,3,0
3888,486000,9999,8848,1.525726318359375,1.35009765625,1.525726318359375,1.35009765625,,,486003,18,1,3,0
3889,486125,9923,8810,1.514129638671875,1.34429931640625,1.514129638671875,1.34429931640625,,,486128,18,1,3,0
3890,486250,9847,8778,1.502532958984375,1.33941650390625,1.502532958984375,1.33941650390625,,,486253,18,1,3,0
3891,486375,9771,8752,1.490936279296875,1.33544921875,1.490936279296875,1.33544921875,,,486378,18,1,3,0
3892,486500,9696,8733,1.4794921875,1.332550048828125,1.4794921875,1.332550048828125,,,486503,18,1,3,0
3893,486625,9622,8721,1.46820068359375,1.330718994140625,1.46820068359375,1.330718994140625,,,486628,18,1,3,0
3894,486750,9549,8715,1.457061767578125,1.329803466796875,1.457061767578125,1.329803466796875,,,486753,18,1,3,0
3895,486875,9477,8717,1.446075439453125,1.330108642578125,1.446075439453125,1.330108642578125,,,486878,18,1,3,0
3896,487000,9406,8725,1.43524169921875,1.331329345703125,1.43524169921875,1.331329345703125,,,487003,18,1,3,0
3897,487125,9337,8740,1.424713134765625,1.3336181640625,1.424713134765625,1.3336181640625,,,487128,18,1,3,0
3898,487250,9269,8762,1.414337158203125,1.33697509765625,1.414337158203125,1.33697509765625,,,487253,18,1,3,0
3899,487375,9204,8790,1.4044189453125,1.34124755859375,1.4044189453125,1.34124755859375,,,487378,18,1,3,0
3900,487500,9141,8824,1.394805908203125,1.346435546875,1.394805908203125,1.346435546875,,,487503,18,1,3,0
3901,487625,9080,8865,1.385498046875,1.352691650390625,1.385498046875,1.352691650390625,,,487628,18,1,3,0
3902,487750,9022,8911,1.37664794921875,1.359710693359375,1.37664794921875,1.359710693359375,,,487753,18,1,3,0
3903,487875,8967,8963,1.368255615234375,1.367645263671875,1.368255615234375,1.367645263671875,,,487878,18,1,3,0
3904,488000,8914,9021,1.36016845703125,1.376495361328125,1.36016845703125,1.376495361328125,,,488003,18,1,3,0
3905,488125,8865,9083,1.352691650390625,1.385955810546875,1.352691650390625,1.385955810546875,,,488128,18,1,3,0
3906,488250,8818,9150,1.34552001953125,1.39617919921875,1.34552001953125,1.39617919921875,,,488253,18,1,3,0
3907,488375,8776,9221,1.339111328125,1.407012939453125,1.339111328125,1.407012939453125,,,488378,18,1,3,0
3908,488500,8736,9295,1.3330078125,1.418304443359375,1.3330078125,1.418304443359375,,,488503,18,1,3,0
3909,488625,8700,9373,1.3275146484375,1.430206298828125,1.3275146484375,1.430206298828125,,,488628,18,1,3,0
3910,488750,8668,9454,1.3226318359375,1.44256591796875,1.3226318359375,1.44256591796875,,,488753,18,1,3,0
3911,488875,8639,9538,1.318206787109375,1.45538330078125,1.318206787109375,1.45538330078125,,,488878,18,1,3,0
3912,489000,8615,9623,1.314544677734375,1.468353271484375,1.314544677734375,1.468353271484375,,,489003,18,1,3,0
3913,489125,8594,9710,1.31134033203125,1.48162841796875,1.31134033203125,1.48162841796875,,,489128,18,1,3,0
3914,489250,8577,9797,1.308746337890625,1.494903564453125,1.308746337890625,1.494903564453125,,,489253,18,1,3,0
3915,489375,8564,9885,1.3067626953125,1.508331298828125,1.3067626953125,1.508331298828125,,,489378,18,1,3,0
3916,489500,8556,9973,1.3055419921875,1.521759033203125,1.3055419921875,1.521759033203125,,,489503,18,1,3,0
3917,489625,8551,10060,1.304779052734375,1.5350341796875,1.304779052734375,1.5350341796875,,,489628,18,1,3,0
3918,489750,8550,10146,1.30462646484375,1.54815673828125,1.30462646484375,1.54815673828125,,,489753,18,1,3,0
3919,489875,8553,10230,1.305084228515625,1.56097412109375,1.305084228515625,1.56097412109375,,,489878,18,1,3,0
3920,490000,8560,10312,1.30615234375,1.573486328125,1.30615234375,1.573486328125,,,490003,18,1,3,0
3921,490125,8571,10392,1.307830810546875,1.585693359375,1.307830810546875,1.585693359375,,,490128,18,1,3,0
3922,490250,8587,10468,1.310272216796875,1.5972900390625,1.310272216796875,1.5972900390625,,,490253,18,1,3,0
3923,490375,8605,10541,1.313018798828125,1.608428955078125,1.313018798828125,1.608428955078125,,,490378,18,1,3,0
3924,490500,8628,10610,1.3165283203125,1.61895751953125,1.3165283203125,1.61895751953125,,,490503,18,1,3,0
3925,490625,8654,10675,1.32049560546875,1.628875732421875,1.32049560546875,1.628875732421875,,,490628,18,1,3,0
3926,490750,8684,10735,1.3250732421875,1.638031005859375,1.3250732421875,1.638031005859375,,,490753,18,1,3,0
3927,490875,8718,10789,1.33026123046875,1.646270751953125,1.33026123046875,1.646270751953125,,,490878,18,1,3,0
3928,491000,8754,10838,1.33575439453125,1.65374755859375,1.33575439453125,1.65374755859375,,,491003,18,1,3,0
3929,491125,8794,10882,1.34185791015625,1.66046142578125,1.34185791015625,1.66046142578125,,,491128,18,1,3,0
3930,491250,8837,10919,1.348419189453125,1.666107177734375,1.348419189453125,1.666107177734375,,,491253,18,1,3,0
3931,491375,8883,10950,1.355438232421875,1.67083740234375,1.355438232421875,1.67083740234375,,,491378,18,1,3,0
3932,491500,8932,10975,1.3629150390625,1.674652099609375,1.3629150390625,1.674652099609375,,,491503,18,1,3,0
3933,491625,8984,10993,1.370849609375,1.677398681640625,1.370849609375,1.677398681640625,,,491628,18,1,3,0
3934,491750,9038,11004,1.37908935546875,1.6790771484375,1.37908935546875,1.6790771484375,,,491753,18,1,3,0
3935,491875,9094,11008,1.38763427734375,1.6796875,1.38763427734375,1.6796875,,,491878,18,1,3,0
3936,492000,9152,11006,1.396484375,1.67938232421875,1.396484375,1.67938232421875,,,492003,18,1,3,0
3937,492125,9212,10996,1.4056396484375,1.6778564453125,1.4056396484375,1.6778564453125,,,492128,18,1,3,0
3938,492250,9274,10980,1.41510009765625,1.6754150390625,1.41510009765625,1.6754150390625,,,492253,18,1,3,0
3939,492375,9337,10956,1.424713134765625,1.6717529296875,1.424713134765625,1.6717529296875,,,492378,18,1,3,0
3940,492500,9402,10926,1.43463134765625,1.66717529296875,1.43463134765625,1.66717529296875,,,492503,18,1,3,0
3941,492625,9468,10890,1.4447021484375,1.66168212890625,1.4447021484375,1.66168212890625,,,492628,18,1,3,0
3942,492750,9534,10847,1.45477294921875,1.655120849609375,1.45477294921875,1.655120849609375,,,492753,18,1,3,0
3943,492875,9601,10797,1.464996337890625,1.647491455078125,1.464996337890625,1.647491455078125,,,492878,18,1,3,0
3944,493000,9669,10742,1.475372314453125,1.63909912109375,1.475372314453125,1.63909912109375,,,493003,18,1,3,0
3945,493125,9737,10681,1.485748291015625,1.629791259765625,1.485748291015625,1.629791259765625,,,493128,18,1,3,0
3946,493250,9805,10615,1.496124267578125,1.619720458984375,1.496124267578125,1.619720458984375,,,493253,18,1,3,0
3947,493375,9872,10543,1.50634765625,1.608734130859375,1.50634765625,1.608734130859375,,,493378,18,1,3,0
3948,493500,9940,10467,1.5167236328125,1.597137451171875,1.5167236328125,1.597137451171875,,,493503,18,1,3,0
3949,493625,10006,10387,1.52679443359375,1.584930419921875,1.52679443359375,1.584930419921875,,,493628,18,1,3,0
3950,493750,10072,10303,1.536865234375,1.572113037109375,1.536865234375,1.572113037109375,,,493753,18,1,3,0
3951,493875,10136,10215,1.546630859375,1.558685302734375,1.546630859375,1.558685302734375,,,493878,18,1,3,0
3952,494000,10199,10125,1.556243896484375,1.544952392578125,1.556243896484375,1.544952392578125,,,494003,18,1,3,0
3953,494125,10261,10032,1.565704345703125,1.53076171875,1.565704345703125,1.53076171875,,,494128,18,1,3,0
3954,494250,10321,9937,1.574859619140625,1.516265869140625,1.574859619140625,1.516265869140625,,,494253,18,1,3,0
3955,494375,10380,9840,1.5838623046875,1.50146484375,1.5838623046875,1.50146484375,,,494378,18,1,3,0
3956,494500,10436,9743,1.5924072265625,1.486663818359375,1.5924072265625,1.486663818359375,,,494503,18,1,3,0
3957,494625,10490,9645,1.60064697265625,1.471710205078125,1.60064697265625,1.471710205078125,,,494628,18,1,3,0
3958,494750,10541,9548,1.608428955078125,1.4569091796875,1.608428955078125,1.4569091796875,,,494753,18,1,3,0
3959,494875,10590,9451,1.61590576171875,1.442108154296875,1.61590576171875,1.442108154296875,,,494878,18,1,3,0
3960,495000,10636,9355,1.6229248046875,1.427459716796875,1.6229248046875,1.427459716796875,,,495003,18,1,3,0
3961,495125,10680,9261,1.629638671875,1.413116455078125,1.629638671875,1.413116455078125,,,495128,18,1,3,0
3962,495250,10720,9169,1.6357421875,1.399078369140625,1.6357421875,1.399078369140625,,,495253,18,1,3,0
3963,495375,10757,9080,1.641387939453125,1.385498046875,1.641387939453125,1.385498046875,,,495378,18,1,3,0
3964,495500,10791,8994,1.646575927734375,1.37237548828125,1.646575927734375,1.37237548828125,,,495503,18,1,3,0
3965,495625,10822,8911,1.65130615234375,1.359710693359375,1.65130615234375,1.359710693359375,,,495628,18,1,3,0
3966,495750,10849,8833,1.655426025390625,1.347808837890625,1.655426025390625,1.347808837890625,,,495753,18,1,3,0
3967,495875,10873,8759,1.659088134765625,1.336517333984375,1.659088134765625,1.336517333984375,,,495878,18,1,3,0
3968,496000,10893,8691,1.662139892578125,1.326141357421875,1.662139892578125,1.326141357421875,,,496003,18,1,3,0
3969,496125,10909,8627,1.664581298828125,1.316375732421875,1.664581298828125,1.316375732421875,,,496128,18,1,3,0
3970,496250,10922,8570,1.66656494140625,1.30767822265625,1.66656494140625,1.30767822265625,,,496253,18,1,3,0
3971,496375,10931,8518,1.667938232421875,1.29974365234375,1.667938232421875,1.29974365234375,,,496378,18,1,3,0
3972,496500,10936,8473,1.668701171875,1.292877197265625,1.668701171875,1.292877197265625,,,496503,18,1,3,0
3973,496625,10938,8434,1.66900634765625,1.28692626953125,1.66900634765625,1.28692626953125,,,496628,18,1,3,0
3974,496750,10935,8402,1.668548583984375,1.28204345703125,1.668548583984375,1.28204345703125,,,496753,18,1,3,0
3975,496875,10929,8378,1.667633056640625,1.27838134765625,1.667633056640625,1.27838134765625,,,496878,18,1,3,0
3976,497000,10920,8360,1.666259765625,1.275634765625,1.666259765625,1.275634765625,,,497003,18,1,3,0
3977,497125,10906,8350,1.66412353515625,1.27410888671875,1.66412353515625,1.27410888671875,,,497128,18,1,3,0
3978,497250,10889,8347,1.661529541015625,1.273651123046875,1.661529541015625,1.273651123046875,,,497253,18,1,3,0
3979,497375,10869,8351,1.658477783203125,1.274261474609375,1.658477783203125,1.274261474609375,,,497378,18,1,3,0
3980,497500,10845,8363,1.654815673828125,1.276092529296875,1.654815673828125,1.276092529296875,,,497503,18,1,3,0
3981,497625,10817,8382,1.650543212890625,1.27899169921875,1.650543212890625,1.27899169921875,,,497628,18,1,3,0
3982,497750,10787,8408,1.645965576171875,1.282958984375,1.645965576171875,1.282958984375,,,497753,18,1,3,0
3983,497875,10753,8442,1.640777587890625,1.28814697265625,1.640777587890625,1.28814697265625,,,497878,18,1,3,0
3984,498000,10715,8483,1.634979248046875,1.294403076171875,1.634979248046875,1.294403076171875,,,498003,18,1,3,0
3985,498125,10675,8530,1.628875732421875,1.30157470703125,1.628875732421875,1.30157470703125,,,498128,18,1,3,0
3986,498250,10632,8584,1.622314453125,1.309814453125,1.622314453125,1.309814453125,,,498253,18,1,3,0
3987,498375,10587,8644,1.615447998046875,1.3189697265625,1.615447998046875,1.3189697265625,,,498378,18,1,3,0
3988,498500,10539,8711,1.608123779296875,1.329193115234375,1.608123779296875,1.329193115234375,,,498503,18,1,3,0
3989,498625,10488,8783,1.600341796875,1.340179443359375,1.600341796875,1.340179443359375,,,498628,18,1,3,0
3990,498750,10436,8860,1.5924072265625,1.3519287109375,1.5924072265625,1.3519287109375,,,498753,18,1,3,0
3991,498875,10381,8942,1.584014892578125,1.36444091796875,1.584014892578125,1.36444091796875,,,498878,18,1,3,0
3992,499000,10325,9029,1.575469970703125,1.377716064453125,1.575469970703125,1.377716064453125,,,499003,18,1,3,0
3993,499125,10266,9120,1.56646728515625,1.3916015625,1.56646728515625,1.3916015625,,,499128,18,1,3,0
3994,499250,10207,9215,1.557464599609375,1.406097412109375,1.557464599609375,1.406097412109375,,,499253,18,1,3,0
3995,499375,10146,9312,1.54815673828125,1.4208984375,1.54815673828125,1.4208984375,,,499378,18,1,3,0
3996,499500,10084,9413,1.5386962890625,1.436309814453125,1.5386962890625,1.436309814453125,,,499503,18,1,3,0
3997,499625,10021,9515,1.529083251953125,1.451873779296875,1.529083251953125,1.451873779296875,,,499628,18,1,3,0
3998,499750,9958,9619,1.51947021484375,1.467742919921875,1.51947021484375,1.467742919921875,,,499753,18,1,3,0
3999,499875,9894,9724,1.50970458984375,1.4837646484375,1.50970458984375,1.4837646484375,,,499878,18,1,3,0
4000,500000,9830,9830,1.49993896484375,1.49993896484375,1.49993896484375,1.49993896484375,,,500003,18,1,3,0
4001,500125,9766,9936,1.49017333984375,1.51611328125,1.49017333984375,1.51611328125,,,500128,18,1,3,0
4002,500250,9702,10041,1.48040771484375,1.532135009765625,1.48040771484375,1.532135009765625,,,500253,18,1,3,0
4003,500375,9639,10145,1.470794677734375,1.548004150390625,1.470794677734375,1.548004150390625,,,500378,18,1,3,0
4004,500500,9576,10247,1.461181640625,1.563568115234375,1.461181640625,1.563568115234375,,,500503,18,1,3,0
4005,500625,9514,10348,1.45172119140625,1.5789794921875,1.45172119140625,1.5789794921875,,,500628,18,1,3,0
4006,500750,9453,10445,1.442413330078125,1.593780517578125,1.442413330078125,1.593780517578125,,,500753,18,1,3,0
4007,500875,9393,10540,1.433258056640625,1.6082763671875,1.433258056640625,1.6082763671875,,,500878,18,1,3,0
4008,501000,9335,10631,1.424407958984375,1.622161865234375,1.424407958984375,1.622161865234375,,,501003,18,1,3,0
4009,501125,9279,10718,1.415863037109375,1.63543701171875,1.415863037109375,1.63543701171875,,,501128,18,1,3,0
4010,501250,9224,10800,1.407470703125,1.64794921875,1.407470703125,1.64794921875,,,501253,18,1,3,0
4011,501375,9171,10877,1.399383544921875,1.659698486328125,1.399383544921875,1.659698486328125,,,501378,18,1,3,0
4012,501500,9121,10949,1.391754150390625,1.670684814453125,1.391754150390625,1.670684814453125,,,501503,18,1,3,0
4013,501625,9073,11016,1.384429931640625,1.680908203125,1.384429931640625,1.680908203125,,,501628,18,1,3,0
4014,501750,9027,11076,1.377410888671875,1.6900634765625,1.377410888671875,1.6900634765625,,,501753,18,1,3,0
4015,501875,8984,11130,1.370849609375,1.69830322265625,1.370849609375,1.69830322265625,,,501878,18,1,3,0
4016,502000,8944,11177,1.36474609375,1.705474853515625,1.36474609375,1.705474853515625,,,502003,18,1,3,0
4017,502125,8907,11218,1.359100341796875,1.71173095703125,1.359100341796875,1.71173095703125,,,502128,18,1,3,0
4018,502250,8873,11251,1.353912353515625,1.716766357421875,1.353912353515625,1.716766357421875,,,502253,18,1,3,0
4019,502375,8843,11278,1.349334716796875,1.72088623046875,1.349334716796875,1.72088623046875,,,502378,18,1,3,0
4020,502500,8815,11297,1.345062255859375,1.723785400390625,1.345062255859375,1.723785400390625,,,502503,18,1,3,0
4021,502625,8791,11309,1.341400146484375,1.725616455078125,1.341400146484375,1.725616455078125,,,502628,18,1,3,0
4022,502750,8770,11313,1.33819580078125,1.726226806640625,1.33819580078125,1.726226806640625,,,502753,18,1,3,0
4023,502875,8753,11310,1.335601806640625,1.72576904296875,1.335601806640625,1.72576904296875,,,502878,18,1,3,0
4024,503000,8740,11300,1.3336181640625,1.7242431640625,1.3336181640625,1.7242431640625,,,503003,18,1,3,0
4025,503125,8730,11282,1.33209228515625,1.72149658203125,1.33209228515625,1.72149658203125,,,503128,18,1,3,0
4026,503250,8724,11257,1.3311767578125,1.717681884765625,1.3311767578125,1.717681884765625,,,503253,18,1,3,0
4027,503375,8722,11225,1.33087158203125,1.712799072265625,1.33087158203125,1.712799072265625,,,503378,18,1,3,0
4028,503500,8724,11187,1.3311767578125,1.707000732421875,1.3311767578125,1.707000732421875,,,503503,18,1,3,0
4029,503625,8729,11142,1.331939697265625,1.70013427734375,1.331939697265625,1.70013427734375,,,503628,18,1,3,0
4030,503750,8738,11090,1.33331298828125,1.69219970703125,1.33331298828125,1.69219970703125,,,503753,18,1,3,0
4031,503875,8751,11032,1.335296630859375,1.683349609375,1.335296630859375,1.683349609375,,,503878,18,1,3,0
4032,504000,8767,10969,1.337738037109375,1.673736572265625,1.337738037109375,1.673736572265625,,,504003,18,1,3,0
4033,504125,8787,10900,1.340789794921875,1.6632080078125,1.340789794921875,1.6632080078125,,,504128,18,1,3,0
4034,504250,8811,10827,1.344451904296875,1.652069091796875,1.344451904296875,1.652069091796875,,,504253,18,1,3,0
4035,504375,8838,10748,1.34857177734375,1.6400146484375,1.34857177734375,1.6400146484375,,,504378,18,1,3,0
4036,504500,8869,10666,1.353302001953125,1.62750244140625,1.353302001953125,1.62750244140625,,,504503,18,1,3,0
4037,504625,8903,10580,1.358489990234375,1.6143798828125,1.358489990234375,1.6143798828125,,,504628,18,1,3,0
4038,504750,8940,10491,1.3641357421875,1.600799560546875,1.3641357421875,1.600799560546875,,,504753,18,1,3,0
4039,504875,8980,10399,1.3702392578125,1.586761474609375,1.3702392578125,1.586761474609375,,,504878,18,1,3,0
4040,505000,9024,10305,1.376953125,1.572418212890625,1.376953125,1.572418212890625,,,505003,18,1,3,0
4041,505125,9070,10209,1.38397216796875,1.557769775390625,1.38397216796875,1.557769775390625,,,505128,18,1,3,0
4042,505250,9119,10112,1.391448974609375,1.54296875,1.391448974609375,1.54296875,,,505253,18,1,3,0
4043,505375,9170,10014,1.39923095703125,1.52801513671875,1.39923095703125,1.52801513671875,,,505378,18,1,3,0
4044,505500,9224,9917,1.407470703125,1.513214111328125,1.407470703125,1.513214111328125,,,505503,18,1,3,0
4045,505625,9280,9819,1.416015625,1.498260498046875,1.416015625,1.498260498046875,,,505628,18,1,3,0
4046,505750,9338,9723,1.42486572265625,1.483612060546875,1.42486572265625,1.483612060546875,,,505753,18,1,3,0
4047,505875,9399,9628,1.434173583984375,1.4691162109375,1.434173583984375,1.4691162109375,,,505878,18,1,3,0
4048,506000,9460,9535,1.4434814453125,1.454925537109375,1.4434814453125,1.454925537109375,,,506003,18,1,3,0
4049,506125,9524,9445,1.4532470703125,1.441192626953125,1.4532470703125,1.441192626953125,,,506128,18,1,3,0
4050,506250,9588,9357,1.4630126953125,1.427764892578125,1.4630126953125,1.427764892578125,,,506253,18,1,3,0
4051,506375,9654,9273,1.47308349609375,1.414947509765625,1.47308349609375,1.414947509765625,,,506378,18,1,3,0
4052,506500,9720,9192,1.483154296875,1.402587890625,1.483154296875,1.402587890625,,,506503,18,1,3,0
4053,506625,9787,9116,1.493377685546875,1.3909912109375,1.493377685546875,1.3909912109375,,,506628,18,1,3,0
4054,506750,9855,9045,1.503753662109375,1.380157470703125,1.503753662109375,1.380157470703125,,,506753,18,1,3,0
4055,506875,9923,8979,1.514129638671875,1.370086669921875,1.514129638671875,1.370086669921875,,,506878,18,1,3,0
4056,507000,9991,8918,1.524505615234375,1.36077880859375,1.524505615234375,1.36077880859375,,,507003,18,1,3,0
4057,507125,10058,8862,1.53472900390625,1.35223388671875,1.53472900390625,1.35223388671875,,,507128,18,1,3,0
4058,507250,10126,8813,1.54510498046875,1.344757080078125,1.54510498046875,1.344757080078125,,,507253,18,1,3,0
4059,507375,10192,8770,1.55517578125,1.33819580078125,1.55517578125,1.33819580078125,,,507378,18,1,3,0
4060,507500,10258,8733,1.56524658203125,1.332550048828125,1.56524658203125,1.332550048828125,,,507503,18,1,3,0
4061,507625,10323,8703,1.575164794921875,1.327972412109375,1.575164794921875,1.327972412109375,,,507628,18,1,3,0
4062,507750,10386,8680,1.58477783203125,1.324462890625,1.58477783203125,1.324462890625,,,507753,18,1,3,0
4063,507875,10448,8664,1.59423828125,1.322021484375,1.59423828125,1.322021484375,,,507878,18,1,3,0
4064,508000,10508,8654,1.6033935546875,1.32049560546875,1.6033935546875,1.32049560546875,,,508003,18,1,3,0
4065,508125,10566,8652,1.61224365234375,1.3201904296875,1.61224365234375,1.3201904296875,,,508128,18,1,3,0
4066,508250,10622,8656,1.62078857421875,1.32080078125,1.62078857421875,1.32080078125,,,508253,18,1,3,0
4067,508375,10676,8667,1.6290283203125,1.322479248046875,1.6290283203125,1.322479248046875,,,508378,18,1,3,0
4068,508500,10728,8685,1.636962890625,1.325225830078125,1.636962890625,1.325225830078125,,,508503,18,1,3,0
4069,508625,10776,8710,1.644287109375,1.32904052734375,1.644287109375,1.32904052734375,,,508628,18,1,3,0
4070,508750,10822,8741,1.65130615234375,1.333770751953125,1.65130615234375,1.333770751953125,,,508753,18,1,3,0
4071,508875,10865,8778,1.657867431640625,1.33941650390625,1.657867431640625,1.33941650390625,,,508878,18,1,3,0
4072,509000,10905,8821,1.663970947265625,1.345977783203125,1.663970947265625,1.345977783203125,,,509003,18,1,3,0
4073,509125,10942,8871,1.66961669921875,1.353607177734375,1.66961669921875,1.353607177734375,,,509128,18,1,3,0
4074,509250,10976,8925,1.6748046875,1.361846923828125,1.6748046875,1.361846923828125,,,509253,18,1,3,0
4075,509375,11005,8985,1.679229736328125,1.371002197265625,1.679229736328125,1.371002197265625,,,509378,18,1,3,0
4076,509500,11032,9049,1.683349609375,1.380767822265625,1.683349609375,1.380767822265625,,,509503,18,1,3,0
4077,509625,11054,9118,1.68670654296875,1.39129638671875,1.68670654296875,1.39129638671875,,,509628,18,1,3,0
4078,509750,11073,9191,1.689605712890625,1.402435302734375,1.689605712890625,1.402435302734375,,,509753,18,1,3,0
4079,509875,11088,9268,1.69189453125,1.4141845703125,1.69189453125,1.4141845703125,,,509878,18,1,3,0
4080,510000,11099,9347,1.693572998046875,1.426239013671875,1.693572998046875,1.426239013671875,,,510003,18,1,3,0
4081,510125,11107,9430,1.694793701171875,1.43890380859375,1.694793701171875,1.43890380859375,,,510128,18,1,3,0
4082,510250,11110,9514,1.69525146484375,1.45172119140625,1.69525146484375,1.45172119140625,,,510253,18,1,3,0
4083,510375,11109,9600,1.695098876953125,1.46484375,1.695098876953125,1.46484375,,,510378,18,1,3,0
4084,510500,11104,9687,1.6943359375,1.478118896484375,1.6943359375,1.478118896484375,,,510503,18,1,3,0
4085,510625,11095,9775,1.692962646484375,1.491546630859375,1.692962646484375,1.491546630859375,,,510628,18,1,3,0
4086,510750,11083,9863,1.691131591796875,1.504974365234375,1.691131591796875,1.504974365234375,,,510753,18,1,3,0
4087,510875,11066,9950,1.68853759765625,1.51824951171875,1.68853759765625,1.51824951171875,,,510878,18,1,3,0
4088,511000,11045,10037,1.685333251953125,1.531524658203125,1.685333251953125,1.531524658203125,,,511003,18,1,3,0
4089,511125,11020,10122,1.6815185546875,1.54449462890625,1.6815185546875,1.54449462890625,,,511128,18,1,3,0
4090,511250,10992,10205,1.67724609375,1.557159423828125,1.67724609375,1.557159423828125,,,511253,18,1,3,0
4091,511375,10960,10286,1.67236328125,1.56951904296875,1.67236328125,1.56951904296875,,,511378,18,1,3,0
4092,511500,10924,10364,1.6668701171875,1.5814208984375,1.6668701171875,1.5814208984375,,,511503,18,1,3,0
4093,511625,10884,10439,1.6607666015625,1.592864990234375,1.6607666015625,1.592864990234375,,,511628,18,1,3,0
4094,511750,10841,10510,1.654205322265625,1.60369873046875,1.654205322265625,1.60369873046875,,,511753,18,1,3,0
4095,511875,10795,10577,1.647186279296875,1.613922119140625,1.647186279296875,1.613922119140625,,,511878,18,1,3,0
4096,512000,10746,10639,1.63970947265625,1.623382568359375,1.63970947265625,1.623382568359375,,,512003,18,1,3,0
4097,512125,10693,10697,1.631622314453125,1.632232666015625,1.631622314453125,1.632232666015625,,,512128,18,1,3,0
4098,512250,10638,10749,1.62322998046875,1.640167236328125,1.62322998046875,1.640167236328125,,,512253,18,1,3,0
4099,512375,10580,10795,1.6143798828125,1.647186279296875,1.6143798828125,1.647186279296875,,,512378,18,1,3,0
4100,512500,10519,10836,1.605072021484375,1.6534423828125,1.605072021484375,1.6534423828125,,,512503,18,1,3,0
4101,512625,10456,10870,1.595458984375,1.65863037109375,1.595458984375,1.65863037109375,,,512628,18,1,3,0
4102,512750,10391,10898,1.585540771484375,1.66290283203125,1.585540771484375,1.66290283203125,,,512753,18,1,3,0
4103,512875,10323,10920,1.575164794921875,1.666259765625,1.575164794921875,1.666259765625,,,512878,18,1,3,0
4104,513000,10254,10935,1.56463623046875,1.668548583984375,1.56463623046875,1.668548583984375,,,513003,18,1,3,0
4105,513125,10183,10943,1.553802490234375,1.669769287109375,1.553802490234375,1.669769287109375,,,513128,18,1,3,0
4106,513250,10111,10945,1.542816162109375,1.670074462890625,1.542816162109375,1.670074462890625,,,513253,18,1,3,0
4107,513375,10038,10939,1.53167724609375,1.669158935546875,1.53167724609375,1.669158935546875,,,513378,18,1,3,0
4108,513500,9963,10927,1.520233154296875,1.667327880859375,1.520233154296875,1.667327880859375,,,513503,18,1,3,0
4109,513625,9888,10908,1.5087890625,1.6644287109375,1.5087890625,1.6644287109375,,,513628,18,1,3,0
4110,513750,9813,10882,1.497344970703125,1.66046142578125,1.497344970703125,1.66046142578125,,,513753,18,1,3,0
4111,513875,9737,10850,1.485748291015625,1.65557861328125,1.485748291015625,1.65557861328125,,,513878,18,1,3,0
4112,514000,9661,10811,1.474151611328125,1.649627685546875,1.474151611328125,1.649627685546875,,,514003,18,1,3,0
4113,514125,9585,10767,1.462554931640625,1.642913818359375,1.462554931640625,1.642913818359375,,,514128,18,1,3,0
4114,514250,9510,10716,1.45111083984375,1.6351318359375,1.45111083984375,1.6351318359375,,,514253,18,1,3,0
4115,514375,9436,10659,1.4398193359375,1.626434326171875,1.4398193359375,1.626434326171875,,,514378,18,1,3,0
4116,514500,9362,10597,1.42852783203125,1.616973876953125,1.42852783203125,1.616973876953125,,,514503,18,1,3,0
4117,514625,9289,10530,1.417388916015625,1.60675048828125,1.417388916015625,1.60675048828125,,,514628,18,1,3,0
4118,514750,9218,10459,1.40655517578125,1.595916748046875,1.40655517578125,1.595916748046875,,,514753,18,1,3,0
4119,514875,9148,10383,1.3958740234375,1.584320068359375,1.3958740234375,1.584320068359375,,,514878,18,1,3,0
4120,515000,9080,10303,1.385498046875,1.572113037109375,1.385498046875,1.572113037109375,,,515003,18,1,3,0
4121,515125,9014,10219,1.37542724609375,1.559295654296875,1.37542724609375,1.559295654296875,,,515128,18,1,3,0
4122,515250,8950,10133,1.36566162109375,1.546173095703125,1.36566162109375,1.546173095703125,,,515253,18,1,3,0
4123,515375,8889,10044,1.356353759765625,1.5325927734375,1.356353759765625,1.5325927734375,,,515378,18,1,3,0
4124,515500,8830,9953,1.34735107421875,1.518707275390625,1.34735107421875,1.518707275390625,,,515503,18,1,3,0
4125,515625,8773,9861,1.338653564453125,1.504669189453125,1.338653564453125,1.504669189453125,,,515628,18,1,3,0
4126,515750,8720,9767,1.33056640625,1.490325927734375,1.33056640625,1.490325927734375,,,515753,18,1,3,0
4127,515875,8670,9673,1.32293701171875,1.475982666015625,1.32293701171875,1.475982666015625,,,515878,18,1,3,0
4128,516000,8623,9579,1.315765380859375,1.461639404296875,1.315765380859375,1.461639404296875,,,516003,18,1,3,0
4129,516125,8580,9485,1.3092041015625,1.447296142578125,1.3092041015625,1.447296142578125,,,516128,18,1,3,0
4130,516250,8540,9393,1.3031005859375,1.433258056640625,1.3031005859375,1.433258056640625,,,516253,18,1,3,0
4131,516375,8503,9302,1.297454833984375,1.41937255859375,1.297454833984375,1.41937255859375,,,516378,18,1,3,0
4132,516500,8471,9213,1.292572021484375,1.405792236328125,1.292572021484375,1.405792236328125,,,516503,18,1,3,0
4133,516625,8442,9126,1.28814697265625,1.39251708984375,1.28814697265625,1.39251708984375,,,516628,18,1,3,0
4134,516750,8418,9043,1.28448486328125,1.379852294921875,1.28448486328125,1.379852294921875,,,516753,18,1,3,0
4135,516875,8397,8963,1.281280517578125,1.367645263671875,1.281280517578125,1.367645263671875,,,516878,18,1,3,0
4136,517000,8381,8887,1.278839111328125,1.356048583984375,1.278839111328125,1.356048583984375,,,517003,18,1,3,0
4137,517125,8369,8816,1.277008056640625,1.34521484375,1.277008056640625,1.34521484375,,,517128,18,1,3,0
4138,517250,8361,8749,1.275787353515625,1.334991455078125,1.275787353515625,1.334991455078125,,,517253,18,1,3,0
4139,517375,8358,8688,1.27532958984375,1.32568359375,1.27532958984375,1.32568359375,,,517378,18,1,3,0
4140,517500,8358,8632,1.27532958984375,1.317138671875,1.27532958984375,1.317138671875,,,517503,18,1,3,0
4141,517625,8364,8582,1.2762451171875,1.30950927734375,1.2762451171875,1.30950927734375,,,517628,18,1,3,0
4142,517750,8373,8538,1.277618408203125,1.30279541015625,1.277618408203125,1.30279541015625,,,517753,18,1,3,0
4143,517875,8387,8501,1.279754638671875,1.297149658203125,1.279754638671875,1.297149658203125,,,517878,18,1,3,0
4144,518000,8405,8470,1.282501220703125,1.29241943359375,1.282501220703125,1.29241943359375,,,518003,18,1,3,0
4145,518125,8427,8447,1.285858154296875,1.288909912109375,1.285858154296875,1.288909912109375,,,518128,18,1,3,0
4146,518250,8453,8430,1.289825439453125,1.28631591796875,1.289825439453125,1.28631591796875,,,518253,18,1,3,0
4147,518375,8484,8420,1.2945556640625,1.2847900390625,1.2945556640625,1.2847900390625,,,518378,18,1,3,0
4148,518500,8518,8418,1.29974365234375,1.28448486328125,1.29974365234375,1.28448486328125,,,518503,18,1,3,0
4149,518625,8556,8423,1.3055419921875,1.285247802734375,1.3055419921875,1.285247802734375,,,518628,18,1,3,0
4150,518750,8599,8435,1.312103271484375,1.287078857421875,1.312103271484375,1.287078857421875,,,518753,18,1,3,0
4151,518875,8644,8455,1.3189697265625,1.290130615234375,1.3189697265625,1.290130615234375,,,518878,18,1,3,0
4152,519000,8694,8482,1.32659912109375,1.29425048828125,1.32659912109375,1.29425048828125,,,519003,18,1,3,0
4153,519125,8747,8515,1.334686279296875,1.299285888671875,1.334686279296875,1.299285888671875,,,519128,18,1,3,0
4154,519250,8803,8556,1.343231201171875,1.3055419921875,1.343231201171875,1.3055419921875,,,519253,18,1,3,0
4155,519375,8862,8604,1.35223388671875,1.3128662109375,1.35223388671875,1.3128662109375,,,519378,18,1,3,0
4156,519500,8924,8658,1.3616943359375,1.32110595703125,1.3616943359375,1.32110595703125,,,519503,18,1,3,0
4157,519625,8989,8718,1.371612548828125,1.33026123046875,1.371612548828125,1.33026123046875,,,519628,18,1,3,0
4158,519750,9057,8784,1.381988525390625,1.34033203125,1.381988525390625,1.34033203125,,,519753,18,1,3,0
4159,519875,9126,8856,1.39251708984375,1.351318359375,1.39251708984375,1.351318359375,,,519878,18,1,3,0
4160,520000,9198,8933,1.40350341796875,1.363067626953125,1.40350341796875,1.363067626953125,,,520003,18,1,3,0
4161,520125,9272,9015,1.414794921875,1.375579833984375,1.414794921875,1.375579833984375,,,520128,18,1,3,0
4162,520250,9348,9101,1.4263916015625,1.388702392578125,1.4263916015625,1.388702392578125,,,520253,18,1,3,0
4163,520375,9425,9191,1.438140869140625,1.402435302734375,1.438140869140625,1.402435302734375,,,520378,18,1,3,0
4164,520500,9504,9285,1.4501953125,1.416778564453125,1.4501953125,1.416778564453125,,,520503,18,1,3,0
4165,520625,9584,9383,1.46240234375,1.431732177734375,1.46240234375,1.431732177734375,,,520628,18,1,3,0
4166,520750,9664,9482,1.474609375,1.44683837890625,1.474609375,1.44683837890625,,,520753,18,1,3,0
4167,520875,9745,9584,1.486968994140625,1.46240234375,1.486968994140625,1.46240234375,,,520878,18,1,3,0
4168,521000,9827,9688,1.499481201171875,1.478271484375,1.499481201171875,1.478271484375,,,521003,18,1,3,0
4169,521125,9908,9792,1.5118408203125,1.494140625,1.5118408203125,1.494140625,,,521128,18,1,3,0
4170,521250,9990,9897,1.52435302734375,1.510162353515625,1.52435302734375,1.510162353515625,,,521253,18,1,3,0
4171,521375,10071,10002,1.536712646484375,1.52618408203125,1.536712646484375,1.52618408203125,,,521378,18,1,3,0
4172,521500,10151,10106,1.548919677734375,1.54205322265625,1.548919677734375,1.54205322265625,,,521503,18,1,3,0
4173,521625,10231,10210,1.561126708984375,1.55792236328125,1.561126708984375,1.55792236328125,,,521628,18,1,3,0
4174,521750,10309,10311,1.573028564453125,1.573333740234375,1.573028564453125,1.573333740234375,,,521753,18,1,3,0
4175,521875,10387,10411,1.584930419921875,1.588592529296875,1.584930419921875,1.588592529296875,,,521878,18,1,3,0
4176,522000,10463,10508,1.596527099609375,1.6033935546875,1.596527099609375,1.6033935546875,,,522003,18,1,3,0
4177,522125,10536,10602,1.607666015625,1.61773681640625,1.607666015625,1.61773681640625,,,522128,18,1,3,0
4178,522250,10609,10692,1.618804931640625,1.6314697265625,1.618804931640625,1.6314697265625,,,522253,18,1,3,0
4179,522375,10678,10778,1.62933349609375,1.64459228515625,1.62933349609375,1.64459228515625,,,522378,18,1,3,0
4180,522500,10746,10859,1.63970947265625,1.656951904296875,1.63970947265625,1.656951904296875,,,522503,18,1,3,0
4181,522625,10811,10935,1.649627685546875,1.668548583984375,1.649627685546875,1.668548583984375,,,522628,18,1,3,0
4182,522750,10873,11006,1.659088134765625,1.67938232421875,1.659088134765625,1.67938232421875,,,522753,18,1,3,0
4183,522875,10932,11072,1.6680908203125,1.689453125,1.6680908203125,1.689453125,,,522878,18,1,3,0
4184,523000,10988,11131,1.6766357421875,1.698455810546875,1.6766357421875,1.698455810546875,,,523003,18,1,3,0
4185,523125,11040,11184,1.6845703125,1.70654296875,1.6845703125,1.70654296875,,,523128,18,1,3,0
4186,523250,11089,11230,1.692047119140625,1.71356201171875,1.692047119140625,1.71356201171875,,,523253,18,1,3,0
4187,523375,11135,11269,1.699066162109375,1.719512939453125,1.699066162109375,1.719512939453125,,,523378,18,1,3,0
4188,523500,11177,11302,1.705474853515625,1.72454833984375,1.705474853515625,1.72454833984375,,,523503,18,1,3,0
4189,523625,11215,11327,1.711273193359375,1.728363037109375,1.711273193359375,1.728363037109375,,,523628,18,1,3,0
4190,523750,11249,11345,1.716461181640625,1.731109619140625,1.716461181640625,1.731109619140625,,,523753,18,1,3,0
4191,523875,11279,11355,1.721038818359375,1.732635498046875,1.721038818359375,1.732635498046875,,,523878,18,1,3,0
4192,524000,11304,11358,1.724853515625,1.73309326171875,1.724853515625,1.73309326171875,,,524003,18,1,3,0
4193,524125,11326,11353,1.72821044921875,1.732330322265625,1.72821044921875,1.732330322265625,,,524128,18,1,3,0
4194,524250,11343,11341,1.730804443359375,1.730499267578125,1.730804443359375,1.730499267578125,,,524253,18,1,3,0
4195,524375,11356,11322,1.7327880859375,1.72760009765625,1.7327880859375,1.72760009765625,,,524378,18,1,3,0
4196,524500,11364,11295,1.7340087890625,1.723480224609375,1.7340087890625,1.723480224609375,,,524503,18,1,3,0
4197,524625,11368,11261,1.734619140625,1.718292236328125,1.734619140625,1.718292236328125,,,524628,18,1,3,0
4198,524750,11368,11221,1.734619140625,1.712188720703125,1.734619140625,1.712188720703125,,,524753,18,1,3,0
4199,524875,11363,11173,1.733856201171875,1.704864501953125,1.733856201171875,1.704864501953125,,,524878,18,1,3,0
4200,525000,11354,11120,1.73248291015625,1.69677734375,1.73248291015625,1.69677734375,,,525003,18,1,3,0
4201,525125,11340,11060,1.7303466796875,1.6876220703125,1.7303466796875,1.6876220703125,,,525128,18,1,3,0
4202,525250,11322,10994,1.72760009765625,1.67755126953125,1.72760009765625,1.67755126953125,,,525253,18,1,3,0
4203,525375,11300,10923,1.7242431640625,1.666717529296875,1.7242431640625,1.666717529296875,,,525378,18,1,3,0
4204,525500,11274,10847,1.72027587890625,1.655120849609375,1.72027587890625,1.655120849609375,,,525503,18,1,3,0
4205,525625,11243,10766,1.715545654296875,1.64276123046875,1.715545654296875,1.64276123046875,,,525628,18,1,3,0
4206,525750,11208,10681,1.710205078125,1.629791259765625,1.710205078125,1.629791259765625,,,525753,18,1,3,0
4207,525875,11170,10592,1.70440673828125,1.6162109375,1.70440673828125,1.6162109375,,,525878,18,1,3,0
4208,526000,11127,10500,1.697845458984375,1.6021728515625,1.697845458984375,1.6021728515625,,,526003,18,1,3,0
4209,526125,11081,10405,1.690826416015625,1.587677001953125,1.690826416015625,1.587677001953125,,,526128,18,1,3,0
4210,526250,11032,10308,1.683349609375,1.5728759765625,1.683349609375,1.5728759765625,,,526253,18,1,3,0
4211,526375,10979,10209,1.675262451171875,1.557769775390625,1.675262451171875,1.557769775390625,,,526378,18,1,3,0
4212,526500,10922,10108,1.66656494140625,1.5423583984375,1.66656494140625,1.5423583984375,,,526503,18,1,3,0
4213,526625,10863,10007,1.657562255859375,1.526947021484375,1.657562255859375,1.526947021484375,,,526628,18,1,3,0
4214,526750,10801,9906,1.648101806640625,1.51153564453125,1.648101806640625,1.51153564453125,,,526753,18,1,3,0
4215,526875,10736,9805,1.63818359375,1.496124267578125,1.63818359375,1.496124267578125,,,526878,18,1,3,0
4216,527000,10668,9705,1.6278076171875,1.480865478515625,1.6278076171875,1.480865478515625,,,527003,18,1,3,0
4217,527125,10599,9607,1.617279052734375,1.465911865234375,1.617279052734375,1.465911865234375,,,527128,18,1,3,0
4218,527250,10527,9510,1.606292724609375,1.45111083984375,1.606292724609375,1.45111083984375,,,527253,18,1,3,0
4219,527375,10453,9416,1.595001220703125,1.436767578125,1.595001220703125,1.436767578125,,,527378,18,1,3,0
4220,527500,10377,9325,1.583404541015625,1.422882080078125,1.583404541015625,1.422882080078125,,,527503,18,1,3,0
4221,527625,10301,9237,1.571807861328125,1.409454345703125,1.571807861328125,1.409454345703125,,,527628,18,1,3,0
4222,527750,10222,9153,1.55975341796875,1.396636962890625,1.55975341796875,1.396636962890625,,,527753,18,1,3,0
4223,527875,10143,9073,1.547698974609375,1.384429931640625,1.547698974609375,1.384429931640625,,,527878,18,1,3,0
4224,528000,10063,8998,1.535491943359375,1.37298583984375,1.535491943359375,1.37298583984375,,,528003,18,1,3,0
4225,528125,9983,8928,1.523284912109375,1.3623046875,1.523284912109375,1.3623046875,,,528128,18,1,3,0
4226,528250,9902,8863,1.51092529296875,1.352386474609375,1.51092529296875,1.352386474609375,,,528253,18,1,3,0
4227,528375,9822,8804,1.49871826171875,1.3433837890625,1.49871826171875,1.3433837890625,,,528378,18,1,3,0
4228,528500,9741,8752,1.486358642578125,1.33544921875,1.486358642578125,1.33544921875,,,528503,18,1,3,0
4229,528625,9661,8705,1.474151611328125,1.328277587890625,1.474151611328125,1.328277587890625,,,528628,18,1,3,0
4230,528750,9582,8665,1.46209716796875,1.322174072265625,1.46209716796875,1.322174072265625,,,528753,18,1,3,0
4231,528875,9503,8631,1.450042724609375,1.316986083984375,1.450042724609375,1.316986083984375,,,528878,18,1,3,0
4232,529000,9426,8605,1.43829345703125,1.313018798828125,1.43829345703125,1.313018798828125,,,529003,18,1,3,0
4233,529125,9350,8585,1.42669677734375,1.309967041015625,1.42669677734375,1.309967041015625,,,529128,18,1,3,0
4234,529250,9276,8573,1.4154052734375,1.308135986328125,1.4154052734375,1.308135986328125,,,529253,18,1,3,0
4235,529375,9203,8567,1.404266357421875,1.307220458984375,1.404266357421875,1.307220458984375,,,529378,18,1,3,0
4236,529500,9132,8569,1.3934326171875,1.307525634765625,1.3934326171875,1.307525634765625,,,529503,18,1,3,0
4237,529625,9064,8577,1.383056640625,1.308746337890625,1.383056640625,1.308746337890625,,,529628,18,1,3,0
4238,529750,8998,8593,1.37298583984375,1.311187744140625,1.37298583984375,1.311187744140625,,,529753,18,1,3,0
4239,529875,8935,8615,1.363372802734375,1.314544677734375,1.363372802734375,1.314544677734375,,,529878,18,1,3,0
4240,530000,8874,8644,1.35406494140625,1.3189697265625,1.35406494140625,1.3189697265625,,,530003,18,1,3,0
4241,530125,8817,8679,1.345367431640625,1.324310302734375,1.345367431640625,1.324310302734375,,,530128,18,1,3,0
4242,530250,8763,8721,1.337127685546875,1.330718994140625,1.337127685546875,1.330718994140625,,,530253,18,1,3,0
4243,530375,8711,8769,1.329193115234375,1.338043212890625,1.329193115234375,1.338043212890625,,,530378,18,1,3,0
4244,530500,8664,8822,1.322021484375,1.34613037109375,1.322021484375,1.34613037109375,,,530503,18,1,3,0
4245,530625,8620,8880,1.3153076171875,1.35498046875,1.3153076171875,1.35498046875,,,530628,18,1,3,0
4246,530750,8579,8944,1.309051513671875,1.36474609375,1.309051513671875,1.36474609375,,,530753,18,1,3,0
4247,530875,8543,9012,1.303558349609375,1.3751220703125,1.303558349609375,1.3751220703125,,,530878,18,1,3,0
4248,531000,8510,9085,1.29852294921875,1.386260986328125,1.29852294921875,1.386260986328125,,,531003,18,1,3,0
4249,531125,8481,9161,1.294097900390625,1.397857666015625,1.294097900390625,1.397857666015625,,,531128,18,1,3,0
4250,531250,8457,9241,1.290435791015625,1.410064697265625,1.290435791015625,1.410064697265625,,,531253,18,1,3,0
4251,531375,8436,9323,1.2872314453125,1.422576904296875,1.2872314453125,1.422576904296875,,,531378,18,1,3,0
4252,531500,8420,9408,1.2847900390625,1.435546875,1.2847900390625,1.435546875,,,531503,18,1,3,0
4253,531625,8408,9494,1.282958984375,1.44866943359375,1.282958984375,1.44866943359375,,,531628,18,1,3,0
4254,531750,8400,9583,1.28173828125,1.462249755859375,1.28173828125,1.462249755859375,,,531753,18,1,3,0
4255,531875,8396,9672,1.2811279296875,1.475830078125,1.2811279296875,1.475830078125,,,531878,18,1,3,0
4256,532000,8397,9761,1.281280517578125,1.489410400390625,1.281280517578125,1.489410400390625,,,532003,18,1,3,0
4257,532125,8402,9850,1.28204345703125,1.50299072265625,1.28204345703125,1.50299072265625,,,532128,18,1,3,0
4258,532250,8411,9939,1.283416748046875,1.516571044921875,1.283416748046875,1.516571044921875,,,532253,18,1,3,0
4259,532375,8424,10026,1.285400390625,1.52984619140625,1.285400390625,1.52984619140625,,,532378,18,1,3,0
4260,532500,8442,10112,1.28814697265625,1.54296875,1.28814697265625,1.54296875,,,532503,18,1,3,0
4261,532625,8463,10195,1.291351318359375,1.555633544921875,1.291351318359375,1.555633544921875,,,532628,18,1,3,0
4262,532750,8489,10276,1.295318603515625,1.5679931640625,1.295318603515625,1.5679931640625,,,532753,18,1,3,0
4263,532875,8518,10354,1.29974365234375,1.57989501953125,1.29974365234375,1.57989501953125,,,532878,18,1,3,0
4264,533000,8551,10428,1.304779052734375,1.5911865234375,1.304779052734375,1.5911865234375,,,533003,18,1,3,0
4265,533125,8588,10498,1.3104248046875,1.60186767578125,1.3104248046875,1.60186767578125,,,533128,18,1,3,0
4266,533250,8628,10564,1.3165283203125,1.6119384765625,1.3165283203125,1.6119384765625,,,533253,18,1,3,0
4267,533375,8672,10625,1.3232421875,1.621246337890625,1.3232421875,1.621246337890625,,,533378,18,1,3,0
4268,533500,8719,10681,1.330413818359375,1.629791259765625,1.330413818359375,1.629791259765625,,,533503,18,1,3,0
4269,533625,8770,10732,1.33819580078125,1.6375732421875,1.33819580078125,1.6375732421875,,,533628,18,1,3,0
4270,533750,8823,10776,1.346282958984375,1.644287109375,1.346282958984375,1.644287109375,,,533753,18,1,3,0
4271,533875,8879,10815,1.354827880859375,1.650238037109375,1.354827880859375,1.650238037109375,,,533878,18,1,3,0
4272,534000,8937,10848,1.363677978515625,1.6552734375,1.363677978515625,1.6552734375,,,534003,18,1,3,0
4273,534125,8999,10874,1.373138427734375,1.65924072265625,1.373138427734375,1.65924072265625,,,534128,18,1,3,0
4274,534250,9062,10894,1.38275146484375,1.66229248046875,1.38275146484375,1.66229248046875,,,534253,18,1,3,0
4275,534375,9127,10907,1.392669677734375,1.664276123046875,1.392669677734375,1.664276123046875,,,534378,18,1,3,0
4276,534500,9194,10913,1.40289306640625,1.665191650390625,1.40289306640625,1.665191650390625,,,534503,18,1,3,0
4277,534625,9263,10912,1.413421630859375,1.6650390625,1.413421630859375,1.6650390625,,,534628,18,1,3,0
4278,534750,9333,10905,1.424102783203125,1.663970947265625,1.424102783203125,1.663970947265625,,,534753,18,1,3,0
4279,534875,9405,10891,1.435089111328125,1.661834716796875,1.435089111328125,1.661834716796875,,,534878,18,1,3,0
4280,535000,9477,10870,1.446075439453125,1.65863037109375,1.446075439453125,1.65863037109375,,,535003,18,1,3,0
4281,535125,9550,10843,1.45721435546875,1.654510498046875,1.45721435546875,1.654510498046875,,,535128,18,1,3,0
4282,535250,9624,10809,1.468505859375,1.649322509765625,1.468505859375,1.649322509765625,,,535253,18,1,3,0
4283,535375,9698,10769,1.47979736328125,1.643218994140625,1.47979736328125,1.643218994140625,,,535378,18,1,3,0
4284,535500,9772,10723,1.4910888671875,1.636199951171875,1.4910888671875,1.636199951171875,,,535503,18,1,3,0
4285,535625,9845,10671,1.502227783203125,1.628265380859375,1.502227783203125,1.628265380859375,,,535628,18,1,3,0
4286,535750,9919,10614,1.513519287109375,1.61956787109375,1.513519287109375,1.61956787109375,,,535753,18,1,3,0
4287,535875,9992,10552,1.524658203125,1.610107421875,1.524658203125,1.610107421875,,,535878,18,1,3,0
4288,536000,10063,10485,1.535491943359375,1.599884033203125,1.535491943359375,1.599884033203125,,,536003,18,1,3,0
4289,536125,10134,10413,1.54632568359375,1.588897705078125,1.54632568359375,1.588897705078125,,,536128,18,1,3,0
4290,536250,10204,10338,1.5570068359375,1.57745361328125,1.5570068359375,1.57745361328125,,,536253,18,1,3,0
4291,536375,10272,10258,1.5673828125,1.56524658203125,1.5673828125,1.56524658203125,,,536378,18,1,3,0
4292,536500,10338,10176,1.57745361328125,1.552734375,1.57745361328125,1.552734375,,,536503,18,1,3,0
4293,536625,10403,10091,1.587371826171875,1.539764404296875,1.587371826171875,1.539764404296875,,,536628,18,1,3,0
4294,536750,10465,10004,1.596832275390625,1.5264892578125,1.596832275390625,1.5264892578125,,,536753,18,1,3,0
4295,536875,10525,9915,1.605987548828125,1.512908935546875,1.605987548828125,1.512908935546875,,,536878,18,1,3,0
4296,537000,10583,9825,1.614837646484375,1.499176025390625,1.614837646484375,1.499176025390625,,,537003,18,1,3,0
4297,537125,10638,9734,1.62322998046875,1.48529052734375,1.62322998046875,1.48529052734375,,,537128,18,1,3,0
4298,537250,10690,9643,1.63116455078125,1.471405029296875,1.63116455078125,1.471405029296875,,,537253,18,1,3,0
4299,537375,10739,9552,1.638641357421875,1.45751953125,1.638641357421875,1.45751953125,,,537378,18,1,3,0
4300,537500,10785,9463,1.645660400390625,1.443939208984375,1.645660400390625,1.443939208984375,,,537503,18,1,3,0
4301,537625,10828,9374,1.6522216796875,1.43035888671875,1.6522216796875,1.43035888671875,,,537628,18,1,3,0
4302,537750,10868,9288,1.6583251953125,1.417236328125,1.6583251953125,1.417236328125,,,537753,18,1,3,0
4303,537875,10904,9203,1.663818359375,1.404266357421875,1.663818359375,1.404266357421875,,,537878,18,1,3,0
4304,538000,10936,9122,1.668701171875,1.39190673828125,1.668701171875,1.39190673828125,,,538003,18,1,3,0
4305,538125,10965,9044,1.673126220703125,1.3800048828125,1.673126220703125,1.3800048828125,,,538128,18,1,3,0
4306,538250,10991,8970,1.677093505859375,1.36871337890625,1.677093505859375,1.36871337890625,,,538253,18,1,3,0
4307,538375,11012,8900,1.6802978515625,1.3580322265625,1.6802978515625,1.3580322265625,,,538378,18,1,3,0
4308,538500,11029,8835,1.682891845703125,1.348114013671875,1.682891845703125,1.348114013671875,,,538503,18,1,3,0
4309,538625,11043,8774,1.685028076171875,1.33880615234375,1.685028076171875,1.33880615234375,,,538628,18,1,3,0
4310,538750,11053,8719,1.686553955078125,1.330413818359375,1.686553955078125,1.330413818359375,,,538753,18,1,3,0
4311,538875,11059,8670,1.687469482421875,1.32293701171875,1.687469482421875,1.32293701171875,,,538878,18,1,3,0
4312,539000,11060,8627,1.6876220703125,1.316375732421875,1.6876220703125,1.316375732421875,,,539003,18,1,3,0
4313,539125,11058,8590,1.68731689453125,1.31072998046875,1.68731689453125,1.31072998046875,,,539128,18,1,3,0
4314,539250,11052,8559,1.6864013671875,1.305999755859375,1.6864013671875,1.305999755859375,,,539253,18,1,3,0
4315,539375,11042,8535,1.68487548828125,1.302337646484375,1.68487548828125,1.302337646484375,,,539378,18,1,3,0
4316,539500,11029,8519,1.682891845703125,1.299896240234375,1.682891845703125,1.299896240234375,,,539503,18,1,3,0
4317,539625,11011,8509,1.680145263671875,1.298370361328125,1.680145263671875,1.298370361328125,,,539628,18,1,3,0
4318,539750,10990,8506,1.67694091796875,1.29791259765625,1.67694091796875,1.29791259765625,,,539753,18,1,3,0
4319,539875,10965,8510,1.673126220703125,1.29852294921875,1.673126220703125,1.29852294921875,,,539878,18,1,3,0
4320,540000,10937,8522,1.668853759765625,1.30035400390625,1.668853759765625,1.30035400390625,,,540003,18,1,3,0
4321,540125,10905,8540,1.663970947265625,1.3031005859375,1.663970947265625,1.3031005859375,,,540128,18,1,3,0
4322,540250,10870,8566,1.65863037109375,1.30706787109375,1.65863037109375,1.30706787109375,,,540253,18,1,3,0
4323,540375,10831,8599,1.652679443359375,1.312103271484375,1.652679443359375,1.312103271484375,,,540378,18,1,3,0
4324,540500,10790,8638,1.64642333984375,1.31805419921875,1.64642333984375,1.31805419921875,,,540503,18,1,3,0
4325,540625,10745,8684,1.639556884765625,1.3250732421875,1.639556884765625,1.3250732421875,,,540628,18,1,3,0
4326,540750,10698,8737,1.63238525390625,1.333160400390625,1.63238525390625,1.333160400390625,,,540753,18,1,3,0
4327,540875,10648,8796,1.624755859375,1.3421630859375,1.624755859375,1.3421630859375,,,540878,18,1,3,0
4328,541000,10596,8860,1.6168212890625,1.3519287109375,1.6168212890625,1.3519287109375,,,541003,18,1,3,0
4329,541125,10542,8930,1.60858154296875,1.36260986328125,1.60858154296875,1.36260986328125,,,541128,18,1,3,0
4330,541250,10485,9006,1.599884033203125,1.37420654296875,1.599884033203125,1.37420654296875,,,541253,18,1,3,0
4331,541375,10427,9086,1.591033935546875,1.38641357421875,1.591033935546875,1.38641357421875,,,541378,18,1,3,0
4332,541500,10366,9170,1.58172607421875,1.39923095703125,1.58172607421875,1.39923095703125,,,541503,18,1,3,0
4333,541625,10305,9259,1.572418212890625,1.412811279296875,1.572418212890625,1.412811279296875,,,541628,18,1,3,0
4334,541750,10242,9351,1.56280517578125,1.426849365234375,1.56280517578125,1.426849365234375,,,541753,18,1,3,0
4335,541875,10178,9446,1.55303955078125,1.44134521484375,1.55303955078125,1.44134521484375,,,541878,18,1,3,0
4336,542000,10113,9544,1.543121337890625,1.456298828125,1.543121337890625,1.456298828125,,,542003,18,1,3,0
4337,542125,10047,9644,1.533050537109375,1.4715576171875,1.533050537109375,1.4715576171875,,,542128,18,1,3,0
4338,542250,9981,9745,1.522979736328125,1.486968994140625,1.522979736328125,1.486968994140625,,,542253,18,1,3,0
4339,542375,9915,9848,1.512908935546875,1.502685546875,1.512908935546875,1.502685546875,,,542378,18,1,3,0
4340,542500,9848,9951,1.502685546875,1.518402099609375,1.502685546875,1.518402099609375,,,542503,18,1,3,0
4341,542625,9782,10054,1.49261474609375,1.53411865234375,1.49261474609375,1.53411865234375,,,542628,18,1,3,0
4342,542750,9716,10156,1.4825439453125,1.5496826171875,1.4825439453125,1.5496826171875,,,542753,18,1,3,0
4343,542875,9651,10258,1.472625732421875,1.56524658203125,1.472625732421875,1.56524658203125,,,542878,18,1,3,0
4344,543000,9587,10357,1.462860107421875,1.580352783203125,1.462860107421875,1.580352783203125,,,543003,18,1,3,0
4345,543125,9524,10455,1.4532470703125,1.595306396484375,1.4532470703125,1.595306396484375,,,543128,18,1,3,0
4346,543250,9462,10550,1.44378662109375,1.60980224609375,1.44378662109375,1.60980224609375,,,543253,18,1,3,0
4347,543375,9401,10642,1.434478759765625,1.62384033203125,1.434478759765625,1.62384033203125,,,543378,18,1,3,0
4348,543500,9342,10730,1.42547607421875,1.63726806640625,1.42547607421875,1.63726806640625,,,543503,18,1,3,0
4349,543625,9285,10814,1.416778564453125,1.65008544921875,1.416778564453125,1.65008544921875,,,543628,18,1,3,0
4350,543750,9230,10893,1.40838623046875,1.662139892578125,1.40838623046875,1.662139892578125,,,543753,18,1,3,0
4351,543875,9178,10968,1.40045166015625,1.673583984375,1.40045166015625,1.673583984375,,,543878,18,1,3,0
4352,544000,9127,11037,1.392669677734375,1.684112548828125,1.392669677734375,1.684112548828125,,,544003,18,1,3,0
4353,544125,9079,11100,1.385345458984375,1.6937255859375,1.385345458984375,1.6937255859375,,,544128,18,1,3,0
4354,544250,9034,11157,1.37847900390625,1.702423095703125,1.37847900390625,1.702423095703125,,,544253,18,1,3,0
4355,544375,8991,11208,1.371917724609375,1.710205078125,1.371917724609375,1.710205078125,,,544378,18,1,3,0
4356,544500,8952,11253,1.365966796875,1.717071533203125,1.365966796875,1.717071533203125,,,544503,18,1,3,0
4357,544625,8916,11290,1.3604736328125,1.72271728515625,1.3604736328125,1.72271728515625,,,544628,18,1,3,0
4358,544750,8882,11321,1.35528564453125,1.727447509765625,1.35528564453125,1.727447509765625,,,544753,18,1,3,0
4359,544875,8853,11344,1.350860595703125,1.73095703125,1.350860595703125,1.73095703125,,,544878,18,1,3,0
4360,545000,8826,11360,1.34674072265625,1.7333984375,1.34674072265625,1.7333984375,,,545003,18,1,3,0
4361,545125,8803,11368,1.343231201171875,1.734619140625,1.343231201171875,1.734619140625,,,545128,18,1,3,0
4362,545250,8784,11369,1.34033203125,1.734771728515625,1.34033203125,1.734771728515625,,,545253,18,1,3,0
4363,545375,8768,11362,1.337890625,1.73370361328125,1.337890625,1.73370361328125,,,545378,18,1,3,0
4364,545500,8756,11348,1.3360595703125,1.7315673828125,1.3360595703125,1.7315673828125,,,545503,18,1,3,0
4365,545625,8747,11327,1.334686279296875,1.728363037109375,1.334686279296875,1.728363037109375,,,545628,18,1,3,0
4366,545750,8742,11298,1.33392333984375,1.72393798828125,1.33392333984375,1.72393798828125,,,545753,18,1,3,0
4367,545875,8741,11262,1.333770751953125,1.71844482421875,1.333770751953125,1.71844482421875,,,545878,18,1,3,0
4368,546000,8744,11220,1.334228515625,1.7120361328125,1.334228515625,1.7120361328125,,,546003,18,1,3,0
4369,546125,8750,11170,1.33514404296875,1.70440673828125,1.33514404296875,1.70440673828125,,,546128,18,1,3,0
4370,546250,8760,11114,1.336669921875,1.69586181640625,1.336669921875,1.69586181640625,,,546253,18,1,3,0
4371,546375,8774,11052,1.33880615234375,1.6864013671875,1.33880615234375,1.6864013671875,,,546378,18,1,3,0
4372,546500,8792,10984,1.341552734375,1.676025390625,1.341552734375,1.676025390625,,,546503,18,1,3,0
4373,546625,8812,10911,1.3446044921875,1.664886474609375,1.3446044921875,1.664886474609375,,,546628,18,1,3,0
4374,546750,8837,10832,1.348419189453125,1.65283203125,1.348419189453125,1.65283203125,,,546753,18,1,3,0
4375,546875,8865,10749,1.352691650390625,1.640167236328125,1.352691650390625,1.640167236328125,,,546878,18,1,3,0
4376,547000,8896,10661,1.357421875,1.626739501953125,1.357421875,1.626739501953125,,,547003,18,1,3,0
4377,547125,8930,10570,1.36260986328125,1.61285400390625,1.36260986328125,1.61285400390625,,,547128,18,1,3,0
4378,547250,8967,10475,1.368255615234375,1.598358154296875,1.368255615234375,1.598358154296875,,,547253,18,1,3,0
4379,547375,9008,10378,1.37451171875,1.58355712890625,1.37451171875,1.58355712890625,,,547378,18,1,3,0
4380,547500,9051,10278,1.381072998046875,1.56829833984375,1.381072998046875,1.56829833984375,,,547503,18,1,3,0
4381,547625,9097,10176,1.388092041015625,1.552734375,1.388092041015625,1.552734375,,,547628,18,1,3,0
4382,547750,9145,10073,1.395416259765625,1.537017822265625,1.395416259765625,1.537017822265625,,,547753,18,1,3,0
4383,547875,9196,9970,1.4031982421875,1.52130126953125,1.4031982421875,1.52130126953125,,,547878,18,1,3,0
4384,548000,9249,9866,1.411285400390625,1.50543212890625,1.411285400390625,1.50543212890625,,,548003,18,1,3,0
4385,548125,9303,9762,1.419525146484375,1.48956298828125,1.419525146484375,1.48956298828125,,,548128,18,1,3,0
4386,548250,9360,9660,1.42822265625,1.4739990234375,1.42822265625,1.4739990234375,,,548253,18,1,3,0
4387,548375,9419,9559,1.437225341796875,1.458587646484375,1.437225341796875,1.458587646484375,,,548378,18,1,3,0
4388,548500,9478,9459,1.44622802734375,1.443328857421875,1.44622802734375,1.443328857421875,,,548503,18,1,3,0
4389,548625,9540,9362,1.4556884765625,1.42852783203125,1.4556884765625,1.42852783203125,,,548628,18,1,3,0
4390,548750,9602,9268,1.46514892578125,1.4141845703125,1.46514892578125,1.4141845703125,,,548753,18,1,3,0
4391,548875,9665,9178,1.474761962890625,1.40045166015625,1.474761962890625,1.40045166015625,,,548878,18,1,3,0
4392,549000,9728,9091,1.484375,1.387176513671875,1.484375,1.387176513671875,,,549003,18,1,3,0
4393,549125,9792,9009,1.494140625,1.374664306640625,1.494140625,1.374664306640625,,,549128,18,1,3,0
4394,549250,9857,8931,1.504058837890625,1.362762451171875,1.504058837890625,1.362762451171875,,,549253,18,1,3,0
4395,549375,9921,8858,1.513824462890625,1.35162353515625,1.513824462890625,1.35162353515625,,,549378,18,1,3,0
4396,549500,9985,8791,1.523590087890625,1.341400146484375,1.523590087890625,1.341400146484375,,,549503,18,1,3,0
4397,549625,10049,8730,1.533355712890625,1.33209228515625,1.533355712890625,1.33209228515625,,,549628,18,1,3,0
4398,549750,10112,8674,1.54296875,1.32354736328125,1.54296875,1.32354736328125,,,549753,18,1,3,0
4399,549875,10174,8626,1.55242919921875,1.31622314453125,1.55242919921875,1.31622314453125,,,549878,18,1,3,0
4400,550000,10235,8583,1.561737060546875,1.309661865234375,1.561737060546875,1.309661865234375,,,550003,18,1,3,0
4401,550125,10295,8548,1.570892333984375,1.3043212890625,1.570892333984375,1.3043212890625,,,550128,18,1,3,0
4402,550250,10353,8519,1.579742431640625,1.299896240234375,1.579742431640625,1.299896240234375,,,550253,18,1,3,0
4403,550375,10410,8498,1.58843994140625,1.29669189453125,1.58843994140625,1.29669189453125,,,550378,18,1,3,0
4404,550500,10465,8484,1.596832275390625,1.2945556640625,1.596832275390625,1.2945556640625,,,550503,18,1,3,0
4405,550625,10518,8476,1.60491943359375,1.2933349609375,1.60491943359375,1.2933349609375,,,550628,18,1,3,0
4406,550750,10568,8476,1.612548828125,1.2933349609375,1.612548828125,1.2933349609375,,,550753,18,1,3,0
4407,550875,10617,8484,1.620025634765625,1.2945556640625,1.620025634765625,1.2945556640625,,,550878,18,1,3,0
4408,551000,10662,8498,1.62689208984375,1.29669189453125,1.62689208984375,1.29669189453125,,,551003,18,1,3,0
4409,551125,10705,8519,1.633453369140625,1.299896240234375,1.633453369140625,1.299896240234375,,,551128,18,1,3,0
4410,551250,10745,8548,1.639556884765625,1.3043212890625,1.639556884765625,1.3043212890625,,,551253,18,1,3,0
4411,551375,10783,8582,1.645355224609375,1.30950927734375,1.645355224609375,1.30950927734375,,,551378,18,1,3,0
4412,551500,10817,8624,1.650543212890625,1.31591796875,1.650543212890625,1.31591796875,,,551503,18,1,3,0
4413,551625,10848,8671,1.6552734375,1.323089599609375,1.6552734375,1.323089599609375,,,551628,18,1,3,0
4414,551750,10875,8724,1.659393310546875,1.3311767578125,1.659393310546875,1.3311767578125,,,551753,18,1,3,0
4415,551875,10899,8783,1.663055419921875,1.340179443359375,1.663055419921875,1.340179443359375,,,551878,18,1,3,0
4416,552000,10920,8847,1.666259765625,1.349945068359375,1.666259765625,1.349945068359375,,,552003,18,1,3,0
4417,552125,10937,8916,1.668853759765625,1.3604736328125,1.668853759765625,1.3604736328125,,,552128,18,1,3,0
4418,552250,10950,8989,1.67083740234375,1.371612548828125,1.67083740234375,1.371612548828125,,,552253,18,1,3,0
4419,552375,10960,9066,1.67236328125,1.38336181640625,1.67236328125,1.38336181640625,,,552378,18,1,3,0
4420,552500,10965,9147,1.673126220703125,1.395721435546875,1.673126220703125,1.395721435546875,,,552503,18,1,3,0
4421,552625,10967,9231,1.673431396484375,1.408538818359375,1.673431396484375,1.408538818359375,,,552628,18,1,3,0
4422,552750,10966,9318,1.67327880859375,1.42181396484375,1.67327880859375,1.42181396484375,,,552753,18,1,3,0
4423,552875,10960,9406,1.67236328125,1.43524169921875,1.67236328125,1.43524169921875,,,552878,18,1,3,0
4424,553000,10951,9496,1.670989990234375,1.448974609375,1.670989990234375,1.448974609375,,,553003,18,1,3,0
4425,553125,10938,9588,1.66900634765625,1.4630126953125,1.66900634765625,1.4630126953125,,,553128,18,1,3,0
4426,553250,10921,9680,1.666412353515625,1.47705078125,1.666412353515625,1.47705078125,,,553253,18,1,3,0
4427,553375,10900,9772,1.6632080078125,1.4910888671875,1.6632080078125,1.4910888671875,,,553378,18,1,3,0
4428,553500,10876,9863,1.6595458984375,1.504974365234375,1.6595458984375,1.504974365234375,,,553503,18,1,3,0
4429,553625,10848,9954,1.6552734375,1.51885986328125,1.6552734375,1.51885986328125,,,553628,18,1,3,0
4430,553750,10817,10043,1.650543212890625,1.532440185546875,1.650543212890625,1.532440185546875,,,553753,18,1,3,0
4431,553875,10782,10130,1.64520263671875,1.54571533203125,1.64520263671875,1.54571533203125,,,553878,18,1,3,0
4432,554000,10744,10214,1.639404296875,1.55853271484375,1.639404296875,1.55853271484375,,,554003,18,1,3,0
4433,554125,10703,10296,1.633148193359375,1.571044921875,1.633148193359375,1.571044921875,,,554128,18,1,3,0
4434,554250,10659,10374,1.626434326171875,1.58294677734375,1.626434326171875,1.58294677734375,,,554253,18,1,3,0
4435,554375,10612,10448,1.6192626953125,1.59423828125,1.6192626953125,1.59423828125,,,554378,18,1,3,0
4436,554500,10562,10518,1.61163330078125,1.60491943359375,1.61163330078125,1.60491943359375,,,554503,18,1,3,0
4437,554625,10509,10584,1.603546142578125,1.614990234375,1.603546142578125,1.614990234375,,,554628,18,1,3,0
4438,554750,10454,10644,1.59515380859375,1.6241455078125,1.59515380859375,1.6241455078125,,,554753,18,1,3,0
4439,554875,10397,10700,1.586456298828125,1.6326904296875,1.586456298828125,1.6326904296875,,,554878,18,1,3,0
4440,555000,10337,10749,1.577301025390625,1.640167236328125,1.577301025390625,1.640167236328125,,,555003,18,1,3,0
4441,555125,10276,10793,1.5679931640625,1.646881103515625,1.5679931640625,1.646881103515625,,,555128,18,1,3,0
4442,555250,10213,10830,1.558380126953125,1.65252685546875,1.558380126953125,1.65252685546875,,,555253,18,1,3,0
4443,555375,10148,10861,1.5484619140625,1.657257080078125,1.5484619140625,1.657257080078125,,,555378,18,1,3,0
4444,555500,10082,10886,1.53839111328125,1.66107177734375,1.53839111328125,1.66107177734375,,,555503,18,1,3,0
4445,555625,10015,10904,1.528167724609375,1.663818359375,1.528167724609375,1.663818359375,,,555628,18,1,3,0
4446,555750,9947,10915,1.517791748046875,1.665496826171875,1.517791748046875,1.665496826171875,,,555753,18,1,3,0
4447,555875,9878,10920,1.50726318359375,1.666259765625,1.50726318359375,1.666259765625,,,555878,18,1,3,0
4448,556000,9809,10917,1.496734619140625,1.665802001953125,1.496734619140625,1.665802001953125,,,556003,18,1,3,0
4449,556125,9739,10908,1.486053466796875,1.6644287109375,1.486053466796875,1.6644287109375,,,556128,18,1,3,0
4450,556250,9669,10892,1.475372314453125,1.6619873046875,1.475372314453125,1.6619873046875,,,556253,18,1,3,0
4451,556375,9600,10870,1.46484375,1.65863037109375,1.46484375,1.65863037109375,,,556378,18,1,3,0
4452,556500,9531,10841,1.454315185546875,1.654205322265625,1.454315185546875,1.654205322265625,,,556503,18,1,3,0
4453,556625,9462,10806,1.44378662109375,1.64886474609375,1.44378662109375,1.64886474609375,,,556628,18,1,3,0
4454,556750,9395,10765,1.433563232421875,1.642608642578125,1.433563232421875,1.642608642578125,,,556753,18,1,3,0
4455,556875,9328,10717,1.42333984375,1.635284423828125,1.42333984375,1.635284423828125,,,556878,18,1,3,0
4456,557000,9263,10665,1.413421630859375,1.627349853515625,1.413421630859375,1.627349853515625,,,557003,18,1,3,0
4457,557125,9199,10607,1.403656005859375,1.618499755859375,1.403656005859375,1.618499755859375,,,557128,18,1,3,0
4458,557250,9137,10544,1.394195556640625,1.60888671875,1.394195556640625,1.60888671875,,,557253,18,1,3,0
4459,557375,9077,10476,1.385040283203125,1.5985107421875,1.385040283203125,1.5985107421875,,,557378,18,1,3,0
4460,557500,9018,10404,1.37603759765625,1.5875244140625,1.37603759765625,1.5875244140625,,,557503,18,1,3,0
4461,557625,8962,10329,1.36749267578125,1.576080322265625,1.36749267578125,1.576080322265625,,,557628,18,1,3,0
4462,557750,8909,10250,1.359405517578125,1.56402587890625,1.359405517578125,1.56402587890625,,,557753,18,1,3,0
4463,557875,8858,10168,1.35162353515625,1.551513671875,1.35162353515625,1.551513671875,,,557878,18,1,3,0
4464,558000,8810,10084,1.34429931640625,1.5386962890625,1.34429931640625,1.5386962890625,,,558003,18,1,3,0
4465,558125,8765,9998,1.337432861328125,1.52557373046875,1.337432861328125,1.52557373046875,,,558128,18,1,3,0
4466,558250,8723,9911,1.331024169921875,1.512298583984375,1.331024169921875,1.512298583984375,,,558253,18,1,3,0
4467,558375,8684,9823,1.3250732421875,1.498870849609375,1.3250732421875,1.498870849609375,,,558378,18,1,3,0
4468,558500,8649,9734,1.319732666015625,1.48529052734375,1.319732666015625,1.48529052734375,,,558503,18,1,3,0
4469,558625,8617,9645,1.314849853515625,1.471710205078125,1.314849853515625,1.471710205078125,,,558628,18,1,3,0
4470,558750,8589,9557,1.310577392578125,1.458282470703125,1.310577392578125,1.458282470703125,,,558753,18,1,3,0
4471,558875,8564,9471,1.3067626953125,1.445159912109375,1.3067626953125,1.445159912109375,,,558878,18,1,3,0
4472,559000,8543,9385,1.303558349609375,1.432037353515625,1.303558349609375,1.432037353515625,,,559003,18,1,3,0
4473,559125,8527,9302,1.301116943359375,1.41937255859375,1.301116943359375,1.41937255859375,,,559128,18,1,3,0
4474,559250,8514,9222,1.29913330078125,1.40716552734375,1.29913330078125,1.40716552734375,,,559253,18,1,3,0
4475,559375,8505,9145,1.297760009765625,1.395416259765625,1.297760009765625,1.395416259765625,,,559378,18,1,3,0
4476,559500,8500,9071,1.2969970703125,1.384124755859375,1.2969970703125,1.384124755859375,,,559503,18,1,3,0
4477,559625,8499,9001,1.296844482421875,1.373443603515625,1.296844482421875,1.373443603515625,,,559628,18,1,3,0
4478,559750,8503,8936,1.297454833984375,1.363525390625,1.297454833984375,1.363525390625,,,559753,18,1,3,0
4479,559875,8510,8875,1.29852294921875,1.354217529296875,1.29852294921875,1.354217529296875,,,559878,18,1,3,0
4480,560000,8522,8820,1.30035400390625,1.3458251953125,1.30035400390625,1.3458251953125,,,560003,18,1,3,0
4481,560125,8537,8770,1.302642822265625,1.33819580078125,1.302642822265625,1.33819580078125,,,560128,18,1,3,0
4482,560250,8557,8726,1.305694580078125,1.33148193359375,1.305694580078125,1.33148193359375,,,560253,18,1,3,0
4483,560375,8581,8688,1.309356689453125,1.32568359375,1.309356689453125,1.32568359375,,,560378,18,1,3,0
4484,560500,8608,8656,1.3134765625,1.32080078125,1.3134765625,1.32080078125,,,560503,18,1,3,0
4485,560625,8640,8631,1.318359375,1.316986083984375,1.318359375,1.316986083984375,,,560628,18,1,3,0
4486,560750,8675,8613,1.323699951171875,1.314239501953125,1.323699951171875,1.314239501953125,,,560753,18,1,3,0
4487,560875,8714,8601,1.32965087890625,1.312408447265625,1.32965087890625,1.312408447265625,,,560878,18,1,3,0
4488,561000,8756,8597,1.3360595703125,1.311798095703125,1.3360595703125,1.311798095703125,,,561003,18,1,3,0
4489,561125,8802,8599,1.34307861328125,1.312103271484375,1.34307861328125,1.312103271484375,,,561128,18,1,3,0
4490,561250,8851,8608,1.350555419921875,1.3134765625,1.350555419921875,1.3134765625,,,561253,18,1,3,0
4491,561375,8904,8625,1.358642578125,1.316070556640625,1.358642578125,1.316070556640625,,,561378,18,1,3,0
4492,561500,8959,8648,1.367034912109375,1.319580078125,1.367034912109375,1.319580078125,,,561503,18,1,3,0
4493,561625,9017,8678,1.375885009765625,1.32415771484375,1.375885009765625,1.32415771484375,,,561628,18,1,3,0
4494,561750,9078,8715,1.38519287109375,1.329803466796875,1.38519287109375,1.329803466796875,,,561753,18,1,3,0
4495,561875,9142,8759,1.39495849609375,1.336517333984375,1.39495849609375,1.336517333984375,,,561878,18,1,3,0
4496,562000,9208,8808,1.405029296875,1.343994140625,1.405029296875,1.343994140625,,,562003,18,1,3,0
4497,562125,9276,8864,1.4154052734375,1.3525390625,1.4154052734375,1.3525390625,,,562128,18,1,3,0
4498,562250,9346,8926,1.42608642578125,1.36199951171875,1.42608642578125,1.36199951171875,,,562253,18,1,3,0
4499,562375,9417,8993,1.436920166015625,1.372222900390625,1.436920166015625,1.372222900390625,,,562378,18,1,3,0
4500,562500,9491,9065,1.448211669921875,1.383209228515625,1.448211669921875,1.383209228515625,,,562503,18,1,3,0
4501,562625,9565,9142,1.459503173828125,1.39495849609375,1.459503173828125,1.39495849609375,,,562628,18,1,3,0
4502,562750,9641,9224,1.471099853515625,1.407470703125,1.471099853515625,1.407470703125,,,562753,18,1,3,0
4503,562875,9717,9309,1.482696533203125,1.420440673828125,1.482696533203125,1.420440673828125,,,562878,18,1,3,0
4504,563000,9794,9399,1.49444580078125,1.434173583984375,1.49444580078125,1.434173583984375,,,563003,18,1,3,0
4505,563125,9872,9491,1.50634765625,1.448211669921875,1.50634765625,1.448211669921875,,,563128,18,1,3,0
4506,563250,9949,9585,1.518096923828125,1.462554931640625,1.518096923828125,1.462554931640625,,,563253,18,1,3,0
4507,563375,10027,9682,1.529998779296875,1.47735595703125,1.529998779296875,1.47735595703125,,,563378,18,1,3,0
4508,563500,10104,9781,1.541748046875,1.492462158203125,1.541748046875,1.492462158203125,,,563503,18,1,3,0
4509,563625,10181,9880,1.553497314453125,1.507568359375,1.553497314453125,1.507568359375,,,563628,18,1,3,0
4510,563750,10257,9980,1.565093994140625,1.5228271484375,1.565093994140625,1.5228271484375,,,563753,18,1,3,0
4511,563875,10332,10080,1.5765380859375,1.5380859375,1.5765380859375,1.5380859375,,,563878,18,1,3,0
4512,564000,10406,10180,1.58782958984375,1.5533447265625,1.58782958984375,1.5533447265625,,,564003,18,1,3,0
4513,564125,10478,10278,1.59881591796875,1.56829833984375,1.59881591796875,1.56829833984375,,,564128,18,1,3,0
4514,564250,10549,10375,1.609649658203125,1.583099365234375,1.609649658203125,1.583099365234375,,,564253,18,1,3,0
4515,564375,10618,10470,1.62017822265625,1.59759521484375,1.62017822265625,1.59759521484375,,,564378,18,1,3,0
4516,564500,10684,10562,1.6302490234375,1.61163330078125,1.6302490234375,1.61163330078125,,,564503,18,1,3,0
4517,564625,10749,10651,1.640167236328125,1.625213623046875,1.640167236328125,1.625213623046875,,,564628,18,1,3,0
4518,564750,10811,10736,1.649627685546875,1.63818359375,1.649627685546875,1.63818359375,,,564753,18,1,3,0
4519,564875,10870,10818,1.65863037109375,1.65069580078125,1.65863037109375,1.65069580078125,,,564878,18,1,3,0
4520,565000,10926,10895,1.66717529296875,1.662445068359375,1.66717529296875,1.662445068359375,,,565003,18,1,3,0
4521,565125,10979,10967,1.675262451171875,1.673431396484375,1.675262451171875,1.673431396484375,,,565128,18,1,3,0
4522,565250,11029,11034,1.682891845703125,1.68365478515625,1.682891845703125,1.68365478515625,,,565253,18,1,3,0
4523,565375,11076,11095,1.6900634765625,1.692962646484375,1.6900634765625,1.692962646484375,,,565378,18,1,3,0
4524,565500,11119,11150,1.696624755859375,1.70135498046875,1.696624755859375,1.70135498046875,,,565503,18,1,3,0
4525,565625,11159,11198,1.702728271484375,1.70867919921875,1.702728271484375,1.70867919921875,,,565628,18,1,3,0
4526,565750,11195,11241,1.708221435546875,1.715240478515625,1.708221435546875,1.715240478515625,,,565753,18,1,3,0
4527,565875,11226,11276,1.71295166015625,1.7205810546875,1.71295166015625,1.7205810546875,,,565878,18,1,3,0
4528,566000,11254,11304,1.71722412109375,1.724853515625,1.71722412109375,1.724853515625,,,566003,18,1,3,0
4529,566125,11278,11326,1.72088623046875,1.72821044921875,1.72088623046875,1.72821044921875,,,566128,18,1,3,0
4530,566250,11298,11339,1.72393798828125,1.730194091796875,1.72393798828125,1.730194091796875,,,566253,18,1,3,0
4531,566375,11313,11346,1.726226806640625,1.73126220703125,1.726226806640625,1.73126220703125,,,566378,18,1,3,0
4532,566500,11324,11345,1.7279052734375,1.731109619140625,1.7279052734375,1.731109619140625,,,566503,18,1,3,0
4533,566625,11331,11337,1.728973388671875,1.729888916015625,1.728973388671875,1.729888916015625,,,566628,18,1,3,0
4534,566750,11333,11321,1.729278564453125,1.727447509765625,1.729278564453125,1.727447509765625,,,566753,18,1,3,0
4535,566875,11331,11297,1.728973388671875,1.723785400390625,1.728973388671875,1.723785400390625,,,566878,18,1,3,0
4536,567000,11325,11267,1.728057861328125,1.719207763671875,1.728057861328125,1.719207763671875,,,567003,18,1,3,0
4537,567125,11314,11229,1.72637939453125,1.713409423828125,1.72637939453125,1.713409423828125,,,567128,18,1,3,0
4538,567250,11299,11185,1.724090576171875,1.706695556640625,1.724090576171875,1.706695556640625,,,567253,18,1,3,0
4539,567375,11280,11134,1.72119140625,1.69891357421875,1.72119140625,1.69891357421875,,,567378,18,1,3,0
4540,567500,11256,11076,1.717529296875,1.6900634765625,1.717529296875,1.6900634765625,,,567503,18,1,3,0
4541,567625,11229,11012,1.713409423828125,1.6802978515625,1.713409423828125,1.6802978515625,,,567628,18,1,3,0
4542,567750,11197,10943,1.708526611328125,1.669769287109375,1.708526611328125,1.669769287109375,,,567753,18,1,3,0
4543,567875,11161,10868,1.703033447265625,1.6583251953125,1.703033447265625,1.6583251953125,,,567878,18,1,3,0
4544,568000,11121,10787,1.696929931640625,1.645965576171875,1.696929931640625,1.645965576171875,,,568003,18,1,3,0
4545,568125,11078,10703,1.69036865234375,1.633148193359375,1.69036865234375,1.633148193359375,,,568128,18,1,3,0
4546,568250,11030,10613,1.68304443359375,1.619415283203125,1.68304443359375,1.619415283203125,,,568253,18,1,3,0
4547,568375,10980,10520,1.6754150390625,1.605224609375,1.6754150390625,1.605224609375,,,568378,18,1,3,0
4548,568500,10925,10424,1.667022705078125,1.590576171875,1.667022705078125,1.590576171875,,,568503,18,1,3,0
4549,568625,10868,10325,1.6583251953125,1.575469970703125,1.6583251953125,1.575469970703125,,,568628,18,1,3,0
4550,568750,10807,10224,1.649017333984375,1.56005859375,1.649017333984375,1.56005859375,,,568753,18,1,3,0
4551,568875,10744,10120,1.639404296875,1.544189453125,1.639404296875,1.544189453125,,,568878,18,1,3,0
4552,569000,10678,10016,1.62933349609375,1.5283203125,1.62933349609375,1.5283203125,,,569003,18,1,3,0
4553,569125,10609,9911,1.618804931640625,1.512298583984375,1.618804931640625,1.512298583984375,,,569128,18,1,3,0
4554,569250,10538,9805,1.60797119140625,1.496124267578125,1.60797119140625,1.496124267578125,,,569253,18,1,3,0
4555,569375,10465,9700,1.596832275390625,1.4801025390625,1.596832275390625,1.4801025390625,,,569378,18,1,3,0
4556,569500,10390,9596,1.58538818359375,1.4642333984375,1.58538818359375,1.4642333984375,,,569503,18,1,3,0
4557,569625,10313,9493,1.573638916015625,1.448516845703125,1.573638916015625,1.448516845703125,,,569628,18,1,3,0
4558,569750,10235,9392,1.561737060546875,1.43310546875,1.561737060546875,1.43310546875,,,569753,18,1,3,0
4559,569875,10156,9294,1.5496826171875,1.41815185546875,1.5496826171875,1.41815185546875,,,569878,18,1,3,0
4560,570000,10076,9198,1.5374755859375,1.40350341796875,1.5374755859375,1.40350341796875,,,570003,18,1,3,0
4561,570125,9994,9106,1.52496337890625,1.38946533203125,1.52496337890625,1.38946533203125,,,570128,18,1,3,0
4562,570250,9913,9018,1.512603759765625,1.37603759765625,1.512603759765625,1.37603759765625,,,570253,18,1,3,0
4563,570375,9831,8935,1.500091552734375,1.363372802734375,1.500091552734375,1.363372802734375,,,570378,18,1,3,0
4564,570500,9749,8856,1.487579345703125,1.351318359375,1.487579345703125,1.351318359375,,,570503,18,1,3,0
4565,570625,9667,8782,1.475067138671875,1.34002685546875,1.475067138671875,1.34002685546875,,,570628,18,1,3,0
4566,570750,9586,8714,1.46270751953125,1.32965087890625,1.46270751953125,1.32965087890625,,,570753,18,1,3,0
4567,570875,9505,8651,1.450347900390625,1.320037841796875,1.450347900390625,1.320037841796875,,,570878,18,1,3,0
4568,571000,9425,8595,1.438140869140625,1.311492919921875,1.438140869140625,1.311492919921875,,,571003,18,1,3,0
4569,571125,9346,8545,1.42608642578125,1.303863525390625,1.42608642578125,1.303863525390625,,,571128,18,1,3,0
4570,571250,9269,8502,1.414337158203125,1.29730224609375,1.414337158203125,1.29730224609375,,,571253,18,1,3,0
4571,571375,9194,8466,1.40289306640625,1.29180908203125,1.40289306640625,1.29180908203125,,,571378,18,1,3,0
4572,571500,9120,8437,1.3916015625,1.287384033203125,1.3916015625,1.287384033203125,,,571503,18,1,3,0
4573,571625,9048,8415,1.380615234375,1.284027099609375,1.380615234375,1.284027099609375,,,571628,18,1,3,0
4574,571750,8978,8400,1.36993408203125,1.28173828125,1.36993408203125,1.28173828125,,,571753,18,1,3,0
4575,571875,8911,8393,1.359710693359375,1.280670166015625,1.359710693359375,1.280670166015625,,,571878,18,1,3,0
4576,572000,8847,8393,1.349945068359375,1.280670166015625,1.349945068359375,1.280670166015625,,,572003,18,1,3,0
4577,572125,8785,8400,1.340484619140625,1.28173828125,1.340484619140625,1.28173828125,,,572128,18,1,3,0
4578,572250,8727,8415,1.331634521484375,1.284027099609375,1.331634521484375,1.284027099609375,,,572253,18,1,3,0
4579,572375,8672,8436,1.3232421875,1.2872314453125,1.3232421875,1.2872314453125,,,572378,18,1,3,0
4580,572500,8620,8465,1.3153076171875,1.291656494140625,1.3153076171875,1.291656494140625,,,572503,18,1,3,0
4581,572625,8571,8500,1.307830810546875,1.2969970703125,1.307830810546875,1.2969970703125,,,572628,18,1,3,0
4582,572750,8526,8542,1.30096435546875,1.30340576171875,1.30096435546875,1.30340576171875,,,572753,18,1,3,0
4583,572875,8485,8591,1.294708251953125,1.310882568359375,1.294708251953125,1.310882568359375,,,572878,18,1,3,0
4584,573000,8448,8645,1.2890625,1.319122314453125,1.2890625,1.319122314453125,,,573003,18,1,3,0
4585,573125,8415,8705,1.284027099609375,1.328277587890625,1.284027099609375,1.328277587890625,,,573128,18,1,3,0
4586,573250,8386,8771,1.27960205078125,1.338348388671875,1.27960205078125,1.338348388671875,,,573253,18,1,3,0
4587,573375,8361,8841,1.275787353515625,1.349029541015625,1.275787353515625,1.349029541015625,,,573378,18,1,3,0
4588,573500,8340,8916,1.2725830078125,1.3604736328125,1.2725830078125,1.3604736328125,,,573503,18,1,3,0
4589,573625,8324,8996,1.2701416015625,1.3726806640625,1.2701416015625,1.3726806640625,,,573628,18,1,3,0
4590,573750,8312,9079,1.268310546875,1.385345458984375,1.268310546875,1.385345458984375,,,573753,18,1,3,0
4591,573875,8305,9165,1.267242431640625,1.398468017578125,1.267242431640625,1.398468017578125,,,573878,18,1,3,0
4592,574000,8301,9254,1.266632080078125,1.41204833984375,1.266632080078125,1.41204833984375,,,574003,18,1,3,0
4593,574125,8303,9345,1.266937255859375,1.425933837890625,1.266937255859375,1.425933837890625,,,574128,18,1,3,0
4594,574250,8308,9439,1.2677001953125,1.440277099609375,1.2677001953125,1.440277099609375,,,574253,18,1,3,0
4595,574375,8318,9533,1.26922607421875,1.454620361328125,1.26922607421875,1.454620361328125,,,574378,18,1,3,0
4596,574500,8333,9628,1.271514892578125,1.4691162109375,1.271514892578125,1.4691162109375,,,574503,18,1,3,0
4597,574625,8351,9723,1.274261474609375,1.483612060546875,1.274261474609375,1.483612060546875,,,574628,18,1,3,0
4598,574750,8374,9818,1.27777099609375,1.49810791015625,1.27777099609375,1.49810791015625,,,574753,18,1,3,0
4599,574875,8401,9913,1.281890869140625,1.512603759765625,1.281890869140625,1.512603759765625,,,574878,18,1,3,0
4600,575000,8433,10006,1.286773681640625,1.52679443359375,1.286773681640625,1.52679443359375,,,575003,18,1,3,0
4601,575125,8468,10097,1.2921142578125,1.540679931640625,1.2921142578125,1.540679931640625,,,575128,18,1,3,0
4602,575250,8507,10185,1.298065185546875,1.554107666015625,1.298065185546875,1.554107666015625,,,575253,18,1,3,0
4603,575375,8550,10271,1.30462646484375,1.567230224609375,1.30462646484375,1.567230224609375,,,575378,18,1,3,0
4604,575500,8596,10354,1.3116455078125,1.57989501953125,1.3116455078125,1.57989501953125,,,575503,18,1,3,0
4605,575625,8646,10432,1.31927490234375,1.591796875,1.31927490234375,1.591796875,,,575628,18,1,3,0
4606,575750,8699,10507,1.327362060546875,1.603240966796875,1.327362060546875,1.603240966796875,,,575753,18,1,3,0
4607,575875,8756,10577,1.3360595703125,1.613922119140625,1.3360595703125,1.613922119140625,,,575878,18,1,3,0
4608,576000,8815,10642,1.345062255859375,1.62384033203125,1.345062255859375,1.62384033203125,,,576003,18,1,3,0
4609,576125,8877,10702,1.354522705078125,1.63299560546875,1.354522705078125,1.63299560546875,,,576128,18,1,3,0
4610,576250,8942,10757,1.36444091796875,1.641387939453125,1.36444091796875,1.641387939453125,,,576253,18,1,3,0
4611,576375,9009,10805,1.374664306640625,1.648712158203125,1.374664306640625,1.648712158203125,,,576378,18,1,3,0
4612,576500,9079,10847,1.385345458984375,1.655120849609375,1.385345458984375,1.655120849609375,,,576503,18,1,3,0
4613,576625,9150,10883,1.39617919921875,1.660614013671875,1.39617919921875,1.660614013671875,,,576628,18,1,3,0
4614,576750,9223,10913,1.407318115234375,1.665191650390625,1.407318115234375,1.665191650390625,,,576753,18,1,3,0
4615,576875,9298,10935,1.41876220703125,1.668548583984375,1.41876220703125,1.668548583984375,,,576878,18,1,3,0
4616,577000,9375,10951,1.430511474609375,1.670989990234375,1.430511474609375,1.670989990234375,,,577003,18,1,3,0
4617,577125,9452,10960,1.4422607421875,1.67236328125,1.4422607421875,1.67236328125,,,577128,18,1,3,0
4618,577250,9530,10963,1.45416259765625,1.672821044921875,1.45416259765625,1.672821044921875,,,577253,18,1,3,0
4619,577375,9609,10958,1.466217041015625,1.67205810546875,1.466217041015625,1.67205810546875,,,577378,18,1,3,0
4620,577500,9688,10947,1.478271484375,1.670379638671875,1.478271484375,1.670379638671875,,,577503,18,1,3,0
4621,577625,9768,10929,1.490478515625,1.667633056640625,1.490478515625,1.667633056640625,,,577628,18,1,3,0
4622,577750,9847,10904,1.502532958984375,1.663818359375,1.502532958984375,1.663818359375,,,577753,18,1,3,0
4623,577875,9926,10873,1.51458740234375,1.659088134765625,1.51458740234375,1.659088134765625,,,577878,18,1,3,0
4624,578000,10005,10836,1.526641845703125,1.6534423828125,1.526641845703125,1.6534423828125,,,578003,18,1,3,0
4625,578125,10083,10792,1.538543701171875,1.646728515625,1.538543701171875,1.646728515625,,,578128,18,1,3,0
4626,578250,10160,10743,1.55029296875,1.639251708984375,1.55029296875,1.639251708984375,,,578253,18,1,3,0
4627,578375,10236,10689,1.5618896484375,1.631011962890625,1.5618896484375,1.631011962890625,,,578378,18,1,3,0
4628,578500,10310,10629,1.57318115234375,1.621856689453125,1.57318115234375,1.621856689453125,,,578503,18,1,3,0
4629,578625,10382,10565,1.58416748046875,1.612091064453125,1.58416748046875,1.612091064453125,,,578628,18,1,3,0
4630,578750,10453,10496,1.595001220703125,1.6015625,1.595001220703125,1.6015625,,,578753,18,1,3,0
4631,578875,10522,10423,1.60552978515625,1.590423583984375,1.60552978515625,1.590423583984375,,,578878,18,1,3,0
4632,579000,10588,10347,1.6156005859375,1.578826904296875,1.6156005859375,1.578826904296875,,,579003,18,1,3,0
4633,579125,10652,10267,1.6253662109375,1.566619873046875,1.6253662109375,1.566619873046875,,,579128,18,1,3,0
4634,579250,10713,10185,1.634674072265625,1.554107666015625,1.634674072265625,1.554107666015625,,,579253,18,1,3,0
4635,579375,10772,10101,1.6436767578125,1.541290283203125,1.6436767578125,1.541290283203125,,,579378,18,1,3,0
4636,579500,10827,10015,1.652069091796875,1.528167724609375,1.652069091796875,1.528167724609375,,,579503,18,1,3,0
4637,579625,10879,9928,1.660003662109375,1.514892578125,1.660003662109375,1.514892578125,,,579628,18,1,3,0
4638,579750,10928,9841,1.66748046875,1.501617431640625,1.66748046875,1.501617431640625,,,579753,18,1,3,0
4639,579875,10974,9753,1.67449951171875,1.488189697265625,1.67449951171875,1.488189697265625,,,579878,18,1,3,0
4640,580000,11016,9666,1.680908203125,1.47491455078125,1.680908203125,1.47491455078125,,,580003,18,1,3,0
4641,580125,11054,9579,1.68670654296875,1.461639404296875,1.68670654296875,1.461639404296875,,,580128,18,1,3,0
4642,580250,11089,9494,1.692047119140625,1.44866943359375,1.692047119140625,1.44866943359375,,,580253,18,1,3,0
4643,580375,11119,9411,1.696624755859375,1.436004638671875,1.696624755859375,1.436004638671875,,,580378,18,1,3,0
4644,580500,11146,9330,1.70074462890625,1.42364501953125,1.70074462890625,1.42364501953125,,,580503,18,1,3,0
4645,580625,11168,9252,1.7041015625,1.4117431640625,1.7041015625,1.4117431640625,,,580628,18,1,3,0
4646,580750,11187,9178,1.707000732421875,1.40045166015625,1.707000732421875,1.40045166015625,,,580753,18,1,3,0
4647,580875,11201,9107,1.709136962890625,1.389617919921875,1.709136962890625,1.389617919921875,,,580878,18,1,3,0
4648,581000,11211,9040,1.710662841796875,1.37939453125,1.710662841796875,1.37939453125,,,581003,18,1,3,0
4649,581125,11217,8978,1.711578369140625,1.36993408203125,1.711578369140625,1.36993408203125,,,581128,18,1,3,0
4650,581250,11219,8921,1.711883544921875,1.361236572265625,1.711883544921875,1.361236572265625,,,581253,18,1,3,0
4651,581375,11217,8869,1.711578369140625,1.353302001953125,1.711578369140625,1.353302001953125,,,581378,18,1,3,0
4652,581500,11210,8823,1.71051025390625,1.346282958984375,1.71051025390625,1.346282958984375,,,581503,18,1,3,0
4653,581625,11200,8783,1.708984375,1.340179443359375,1.708984375,1.340179443359375,,,581628,18,1,3,0
4654,581750,11185,8748,1.706695556640625,1.3348388671875,1.706695556640625,1.3348388671875,,,581753,18,1,3,0
4655,581875,11166,8721,1.70379638671875,1.330718994140625,1.70379638671875,1.330718994140625,,,581878,18,1,3,0
4656,582000,11144,8699,1.700439453125,1.327362060546875,1.700439453125,1.327362060546875,,,582003,18,1,3,0
4657,582125,11117,8685,1.696319580078125,1.325225830078125,1.696319580078125,1.325225830078125,,,582128,18,1,3,0
4658,582250,11087,8677,1.691741943359375,1.324005126953125,1.691741943359375,1.324005126953125,,,582253,18,1,3,0
4659,582375,11053,8676,1.686553955078125,1.3238525390625,1.686553955078125,1.3238525390625,,,582378,18,1,3,0
4660,582500,11015,8682,1.680755615234375,1.32476806640625,1.680755615234375,1.32476806640625,,,582503,18,1,3,0
4661,582625,10974,8695,1.67449951171875,1.326751708984375,1.67449951171875,1.326751708984375,,,582628,18,1,3,0
4662,582750,10930,8715,1.66778564453125,1.329803466796875,1.66778564453125,1.329803466796875,,,582753,18,1,3,0
4663,582875,10882,8741,1.66046142578125,1.333770751953125,1.66046142578125,1.333770751953125,,,582878,18,1,3,0
4664,583000,10832,8774,1.65283203125,1.33880615234375,1.65283203125,1.33880615234375,,,583003,18,1,3,0
4665,583125,10778,8814,1.64459228515625,1.34490966796875,1.64459228515625,1.34490966796875,,,583128,18,1,3,0
4666,583250,10723,8859,1.636199951171875,1.351776123046875,1.636199951171875,1.351776123046875,,,583253,18,1,3,0
4667,583375,10664,8911,1.627197265625,1.359710693359375,1.627197265625,1.359710693359375,,,583378,18,1,3,0
4668,583500,10604,8969,1.6180419921875,1.368560791015625,1.6180419921875,1.368560791015625,,,583503,18,1,3,0
4669,583625,10541,9032,1.608428955078125,1.378173828125,1.608428955078125,1.378173828125,,,583628,18,1,3,0
4670,583750,10476,9101,1.5985107421875,1.388702392578125,1.5985107421875,1.388702392578125,,,583753,18,1,3,0
4671,583875,10410,9174,1.58843994140625,1.39984130859375,1.58843994140625,1.39984130859375,,,583878,18,1,3,0
4672,584000,10342,9251,1.57806396484375,1.411590576171875,1.57806396484375,1.411590576171875,,,584003,18,1,3,0
4673,584125,10273,9333,1.567535400390625,1.424102783203125,1.567535400390625,1.424102783203125,,,584128,18,1,3,0
4674,584250,10203,9418,1.556854248046875,1.43707275390625,1.556854248046875,1.43707275390625,,,584253,18,1,3,0
4675,584375,10132,9506,1.5460205078125,1.45050048828125,1.5460205078125,1.45050048828125,,,584378,18,1,3,0
4676,584500,10061,9597,1.535186767578125,1.464385986328125,1.535186767578125,1.464385986328125,,,584503,18,1,3,0
4677,584625,9989,9690,1.524200439453125,1.47857666015625,1.524200439453125,1.47857666015625,,,584628,18,1,3,0
4678,584750,9917,9785,1.513214111328125,1.493072509765625,1.513214111328125,1.493072509765625,,,584753,18,1,3,0
4679,584875,9845,9881,1.502227783203125,1.507720947265625,1.502227783203125,1.507720947265625,,,584878,18,1,3,0
4680,585000,9773,9977,1.491241455078125,1.522369384765625,1.491241455078125,1.522369384765625,,,585003,18,1,3,0
4681,585125,9702,10074,1.48040771484375,1.53717041015625,1.48040771484375,1.53717041015625,,,585128,18,1,3,0
4682,585250,9632,10170,1.4697265625,1.55181884765625,1.4697265625,1.55181884765625,,,585253,18,1,3,0
4683,585375,9563,10265,1.459197998046875,1.566314697265625,1.459197998046875,1.566314697265625,,,585378,18,1,3,0
4684,585500,9495,10358,1.448822021484375,1.58050537109375,1.448822021484375,1.58050537109375,,,585503,18,1,3,0
4685,585625,9428,10450,1.4385986328125,1.59454345703125,1.4385986328125,1.59454345703125,,,585628,18,1,3,0
4686,585750,9363,10539,1.428680419921875,1.608123779296875,1.428680419921875,1.608123779296875,,,585753,18,1,3,0
4687,585875,9300,10625,1.4190673828125,1.621246337890625,1.4190673828125,1.621246337890625,,,585878,18,1,3,0
4688,586000,9238,10708,1.40960693359375,1.6339111328125,1.40960693359375,1.6339111328125,,,586003,18,1,3,0
4689,586125,9179,10787,1.400604248046875,1.645965576171875,1.400604248046875,1.645965576171875,,,586128,18,1,3,0
4690,586250,9122,10861,1.39190673828125,1.657257080078125,1.39190673828125,1.657257080078125,,,586253,18,1,3,0
4691,586375,9068,10931,1.3836669921875,1.667938232421875,1.3836669921875,1.667938232421875,,,586378,18,1,3,0
4692,586500,9017,10995,1.375885009765625,1.677703857421875,1.375885009765625,1.677703857421875,,,586503,18,1,3,0
4693,586625,8968,11054,1.368408203125,1.68670654296875,1.368408203125,1.68670654296875,,,586628,18,1,3,0
4694,586750,8922,11107,1.36138916015625,1.694793701171875,1.36138916015625,1.694793701171875,,,586753,18,1,3,0
4695,586875,8880,11154,1.35498046875,1.70196533203125,1.35498046875,1.70196533203125,,,586878,18,1,3,0
4696,587000,8840,11194,1.348876953125,1.70806884765625,1.348876953125,1.70806884765625,,,587003,18,1,3,0
4697,587125,8804,11228,1.3433837890625,1.7132568359375,1.3433837890625,1.7132568359375,,,587128,18,1,3,0
4698,587250,8772,11255,1.3385009765625,1.717376708984375,1.3385009765625,1.717376708984375,,,587253,18,1,3,0
4699,587375,8743,11274,1.334075927734375,1.72027587890625,1.334075927734375,1.72027587890625,,,587378,18,1,3,0
4700,587500,8718,11287,1.33026123046875,1.722259521484375,1.33026123046875,1.722259521484375,,,587503,18,1,3,0
4701,587625,8696,11292,1.326904296875,1.7230224609375,1.326904296875,1.7230224609375,,,587628,18,1,3,0
4702,587750,8678,11290,1.32415771484375,1.72271728515625,1.32415771484375,1.72271728515625,,,587753,18,1,3,0
4703,587875,8664,11280,1.322021484375,1.72119140625,1.322021484375,1.72119140625,,,587878,18,1,3,0
4704,588000,8654,11263,1.32049560546875,1.718597412109375,1.32049560546875,1.718597412109375,,,588003,18,1,3,0
4705,588125,8648,11239,1.319580078125,1.714935302734375,1.319580078125,1.714935302734375,,,588128,18,1,3,0
4706,588250,8645,11207,1.319122314453125,1.710052490234375,1.319122314453125,1.710052490234375,,,588253,18,1,3,0
4707,588375,8647,11169,1.319427490234375,1.704254150390625,1.319427490234375,1.704254150390625,,,588378,18,1,3,0
4708,588500,8652,11123,1.3201904296875,1.697235107421875,1.3201904296875,1.697235107421875,,,588503,18,1,3,0
4709,588625,8661,11072,1.321563720703125,1.689453125,1.321563720703125,1.689453125,,,588628,18,1,3,0
4710,588750,8674,11013,1.32354736328125,1.680450439453125,1.32354736328125,1.680450439453125,,,588753,18,1,3,0
4711,588875,8691,10949,1.326141357421875,1.670684814453125,1.326141357421875,1.670684814453125,,,588878,18,1,3,0
4712,589000,8711,10879,1.329193115234375,1.660003662109375,1.329193115234375,1.660003662109375,,,589003,18,1,3,0
4713,589125,8735,10803,1.332855224609375,1.648406982421875,1.332855224609375,1.648406982421875,,,589128,18,1,3,0
4714,589250,8763,10722,1.337127685546875,1.63604736328125,1.337127685546875,1.63604736328125,,,589253,18,1,3,0
4715,589375,8793,10637,1.341705322265625,1.623077392578125,1.341705322265625,1.623077392578125,,,589378,18,1,3,0
4716,589500,8828,10547,1.3470458984375,1.609344482421875,1.3470458984375,1.609344482421875,,,589503,18,1,3,0
4717,589625,8865,10454,1.352691650390625,1.59515380859375,1.352691650390625,1.59515380859375,,,589628,18,1,3,0
4718,589750,8905,10357,1.358795166015625,1.580352783203125,1.358795166015625,1.580352783203125,,,589753,18,1,3,0
4719,589875,8948,10258,1.3653564453125,1.56524658203125,1.3653564453125,1.56524658203125,,,589878,18,1,3,0
4720,590000,8994,10156,1.37237548828125,1.5496826171875,1.37237548828125,1.5496826171875,,,590003,18,1,3,0
4721,590125,9043,10052,1.379852294921875,1.5338134765625,1.379852294921875,1.5338134765625,,,590128,18,1,3,0
4722,590250,9094,9948,1.38763427734375,1.5179443359375,1.38763427734375,1.5179443359375,,,590253,18,1,3,0
4723,590375,9147,9842,1.395721435546875,1.50177001953125,1.395721435546875,1.50177001953125,,,590378,18,1,3,0
4724,590500,9203,9736,1.404266357421875,1.485595703125,1.404266357421875,1.485595703125,,,590503,18,1,3,0
4725,590625,9260,9631,1.4129638671875,1.469573974609375,1.4129638671875,1.469573974609375,,,590628,18,1,3,0
4726,590750,9319,9527,1.421966552734375,1.453704833984375,1.421966552734375,1.453704833984375,,,590753,18,1,3,0
4727,590875,9379,9424,1.431121826171875,1.43798828125,1.431121826171875,1.43798828125,,,590878,18,1,3,0
4728,591000,9441,9323,1.440582275390625,1.422576904296875,1.440582275390625,1.422576904296875,,,591003,18,1,3,0
4729,591125,9504,9224,1.4501953125,1.407470703125,1.4501953125,1.407470703125,,,591128,18,1,3,0
4730,591250,9568,9129,1.4599609375,1.392974853515625,1.4599609375,1.392974853515625,,,591253,18,1,3,0
4731,591375,9632,9037,1.4697265625,1.378936767578125,1.4697265625,1.378936767578125,,,591378,18,1,3,0
4732,591500,9697,8949,1.479644775390625,1.365509033203125,1.479644775390625,1.365509033203125,,,591503,18,1,3,0
4733,591625,9762,8865,1.48956298828125,1.352691650390625,1.48956298828125,1.352691650390625,,,591628,18,1,3,0
4734,591750,9827,8786,1.499481201171875,1.34063720703125,1.499481201171875,1.34063720703125,,,591753,18,1,3,0
4735,591875,9892,8713,1.5093994140625,1.329498291015625,1.5093994140625,1.329498291015625,,,591878,18,1,3,0
4736,592000,9957,8644,1.519317626953125,1.3189697265625,1.519317626953125,1.3189697265625,,,592003,18,1,3,0
4737,592125,10021,8582,1.529083251953125,1.30950927734375,1.529083251953125,1.30950927734375,,,592128,18,1,3,0
4738,592250,10084,8526,1.5386962890625,1.30096435546875,1.5386962890625,1.30096435546875,,,592253,18,1,3,0
4739,592375,10146,8477,1.54815673828125,1.293487548828125,1.54815673828125,1.293487548828125,,,592378,18,1,3,0
4740,592500,10207,8434,1.557464599609375,1.28692626953125,1.557464599609375,1.28692626953125,,,592503,18,1,3,0
4741,592625,10267,8399,1.566619873046875,1.281585693359375,1.566619873046875,1.281585693359375,,,592628,18,1,3,0
4742,592750,10324,8370,1.5753173828125,1.27716064453125,1.5753173828125,1.27716064453125,,,592753,18,1,3,0
4743,592875,10381,8349,1.584014892578125,1.273956298828125,1.584014892578125,1.273956298828125,,,592878,18,1,3,0
4744,593000,10435,8335,1.592254638671875,1.271820068359375,1.592254638671875,1.271820068359375,,,593003,18,1,3,0
4745,593125,10487,8329,1.600189208984375,1.270904541015625,1.600189208984375,1.270904541015625,,,593128,18,1,3,0
4746,593250,10536,8330,1.607666015625,1.27105712890625,1.607666015625,1.27105712890625,,,593253,18,1,3,0
4747,593375,10583,8338,1.614837646484375,1.27227783203125,1.614837646484375,1.27227783203125,,,593378,18,1,3,0
4748,593500,10628,8354,1.6217041015625,1.27471923828125,1.6217041015625,1.27471923828125,,,593503,18,1,3,0
4749,593625,10669,8377,1.627960205078125,1.278228759765625,1.627960205078125,1.278228759765625,,,593628,18,1,3,0
4750,593750,10708,8407,1.6339111328125,1.282806396484375,1.6339111328125,1.282806396484375,,,593753,18,1,3,0
4751,593875,10743,8444,1.639251708984375,1.2884521484375,1.639251708984375,1.2884521484375,,,593878,18,1,3,0
4752,594000,10776,8488,1.644287109375,1.295166015625,1.644287109375,1.295166015625,,,594003,18,1,3,0
4753,594125,10805,8538,1.648712158203125,1.30279541015625,1.648712158203125,1.30279541015625,,,594128,18,1,3,0
4754,594250,10831,8594,1.652679443359375,1.31134033203125,1.652679443359375,1.31134033203125,,,594253,18,1,3,0
4755,594375,10853,8657,1.656036376953125,1.320953369140625,1.656036376953125,1.320953369140625,,,594378,18,1,3,0
4756,594500,10872,8724,1.658935546875,1.3311767578125,1.658935546875,1.3311767578125,,,594503,18,1,3,0
4757,594625,10887,8797,1.661224365234375,1.342315673828125,1.661224365234375,1.342315673828125,,,594628,18,1,3,0
4758,594750,10899,8875,1.663055419921875,1.354217529296875,1.663055419921875,1.354217529296875,,,594753,18,1,3,0
4759,594875,10906,8957,1.66412353515625,1.366729736328125,1.66412353515625,1.366729736328125,,,594878,18,1,3,0
4760,595000,10911,9042,1.664886474609375,1.37969970703125,1.664886474609375,1.37969970703125,,,595003,18,1,3,0
4761,595125,10911,9132,1.664886474609375,1.3934326171875,1.664886474609375,1.3934326171875,,,595128,18,1,3,0
4762,595250,10908,9224,1.6644287109375,1.407470703125,1.6644287109375,1.407470703125,,,595253,18,1,3,0
4763,595375,10901,9318,1.663360595703125,1.42181396484375,1.663360595703125,1.42181396484375,,,595378,18,1,3,0
4764,595500,10890,9415,1.66168212890625,1.436614990234375,1.66168212890625,1.436614990234375,,,595503,18,1,3,0
4765,595625,10876,9512,1.6595458984375,1.451416015625,1.6595458984375,1.451416015625,,,595628,18,1,3,0
4766,595750,10858,9611,1.65679931640625,1.466522216796875,1.65679931640625,1.466522216796875,,,595753,18,1,3,0
4767,595875,10836,9710,1.6534423828125,1.48162841796875,1.6534423828125,1.48162841796875,,,595878,18,1,3,0
4768,596000,10811,9809,1.649627685546875,1.496734619140625,1.649627685546875,1.496734619140625,,,596003,18,1,3,0
4769,596125,10783,9907,1.645355224609375,1.511688232421875,1.645355224609375,1.511688232421875,,,596128,18,1,3,0
4770,596250,10751,10003,1.640472412109375,1.526336669921875,1.640472412109375,1.526336669921875,,,596253,18,1,3,0
4771,596375,10717,10098,1.635284423828125,1.54083251953125,1.635284423828125,1.54083251953125,,,596378,18,1,3,0
4772,596500,10679,10191,1.629486083984375,1.555023193359375,1.629486083984375,1.555023193359375,,,596503,18,1,3,0
4773,596625,10638,10281,1.62322998046875,1.568756103515625,1.62322998046875,1.568756103515625,,,596628,18,1,3,0
4774,596750,10594,10368,1.61651611328125,1.58203125,1.61651611328125,1.58203125,,,596753,18,1,3,0
4775,596875,10548,10451,1.6094970703125,1.594696044921875,1.6094970703125,1.594696044921875,,,596878,18,1,3,0
4776,597000,10499,10530,1.602020263671875,1.60675048828125,1.602020263671875,1.60675048828125,,,597003,18,1,3,0
4777,597125,10447,10604,1.594085693359375,1.6180419921875,1.594085693359375,1.6180419921875,,,597128,18,1,3,0
4778,597250,10394,10673,1.58599853515625,1.628570556640625,1.58599853515625,1.628570556640625,,,597253,18,1,3,0
4779,597375,10338,10737,1.57745361328125,1.638336181640625,1.57745361328125,1.638336181640625,,,597378,18,1,3,0
4780,597500,10281,10796,1.568756103515625,1.6473388671875,1.568756103515625,1.6473388671875,,,597503,18,1,3,0
4781,597625,10222,10849,1.55975341796875,1.655426025390625,1.55975341796875,1.655426025390625,,,597628,18,1,3,0
4782,597750,10162,10895,1.55059814453125,1.662445068359375,1.55059814453125,1.662445068359375,,,597753,18,1,3,0
4783,597875,10100,10935,1.5411376953125,1.668548583984375,1.5411376953125,1.668548583984375,,,597878,18,1,3,0
4784,598000,10037,10969,1.531524658203125,1.673736572265625,1.531524658203125,1.673736572265625,,,598003,18,1,3,0
4785,598125,9973,10995,1.521759033203125,1.677703857421875,1.521759033203125,1.677703857421875,,,598128,18,1,3,0
4786,598250,9909,11015,1.511993408203125,1.680755615234375,1.511993408203125,1.680755615234375,,,598253,18,1,3,0
4787,598375,9844,11028,1.5020751953125,1.6827392578125,1.5020751953125,1.6827392578125,,,598378,18,1,3,0
4788,598500,9779,11034,1.492156982421875,1.68365478515625,1.492156982421875,1.68365478515625,,,598503,18,1,3,0
4789,598625,9714,11033,1.48223876953125,1.683502197265625,1.48223876953125,1.683502197265625,,,598628,18,1,3,0
4790,598750,9650,11026,1.47247314453125,1.68243408203125,1.47247314453125,1.68243408203125,,,598753,18,1,3,0
4791,598875,9585,11011,1.462554931640625,1.680145263671875,1.462554931640625,1.680145263671875,,,598878,18,1,3,0
4792,599000,9522,10989,1.45294189453125,1.676788330078125,1.45294189453125,1.676788330078125,,,599003,18,1,3,0
4793,599125,9459,10961,1.443328857421875,1.672515869140625,1.443328857421875,1.672515869140625,,,599128,18,1,3,0
4794,599250,9397,10927,1.433868408203125,1.667327880859375,1.433868408203125,1.667327880859375,,,599253,18,1,3,0
4795,599375,9336,10886,1.424560546875,1.66107177734375,1.424560546875,1.66107177734375,,,599378,18,1,3,0
4796,599500,9277,10840,1.415557861328125,1.654052734375,1.415557861328125,1.654052734375,,,599503,18,1,3,0
4797,599625,9220,10787,1.4068603515625,1.645965576171875,1.4068603515625,1.645965576171875,,,599628,18,1,3,0
4798,599750,9164,10730,1.3983154296875,1.63726806640625,1.3983154296875,1.63726806640625,,,599753,18,1,3,0
4799,599875,9111,10667,1.390228271484375,1.627655029296875,1.390228271484375,1.627655029296875,,,599878,18,1,3,0
4800,600000,9059,10600,1.382293701171875,1.617431640625,1.382293701171875,1.617431640625,,,600003,18,1,3,0
4801,600125,9011,10529,1.374969482421875,1.606597900390625,1.374969482421875,1.606597900390625,,,600128,18,1,3,0
4802,600250,8964,10454,1.3677978515625,1.59515380859375,1.3677978515625,1.59515380859375,,,600253,18,1,3,0
4803,600375,8921,10376,1.361236572265625,1.583251953125,1.361236572265625,1.583251953125,,,600378,18,1,3,0
4804,600500,8880,10294,1.35498046875,1.57073974609375,1.35498046875,1.57073974609375,,,600503,18,1,3,0
4805,600625,8842,10211,1.34918212890625,1.558074951171875,1.34918212890625,1.558074951171875,,,600628,18,1,3,0
4806,600750,8808,10125,1.343994140625,1.544952392578125,1.343994140625,1.544952392578125,,,600753,18,1,3,0
4807,600875,8776,10038,1.339111328125,1.53167724609375,1.339111328125,1.53167724609375,,,600878,18,1,3,0
4808,601000,8748,9950,1.3348388671875,1.51824951171875,1.3348388671875,1.51824951171875,,,601003,18,1,3,0
4809,601125,8724,9862,1.3311767578125,1.50482177734375,1.3311767578125,1.50482177734375,,,601128,18,1,3,0
4810,601250,8703,9774,1.327972412109375,1.49139404296875,1.327972412109375,1.49139404296875,,,601253,18,1,3,0
4811,601375,8686,9686,1.32537841796875,1.47796630859375,1.32537841796875,1.47796630859375,,,601378,18,1,3,0
4812,601500,8672,9600,1.3232421875,1.46484375,1.3232421875,1.46484375,,,601503,18,1,3,0
4813,601625,8662,9515,1.32171630859375,1.451873779296875,1.32171630859375,1.451873779296875,,,601628,18,1,3,0
4814,601750,8656,9433,1.32080078125,1.439361572265625,1.32080078125,1.439361572265625,,,601753,18,1,3,0
4815,601875,8654,9353,1.32049560546875,1.427154541015625,1.32049560546875,1.427154541015625,,,601878,18,1,3,0
4816,602000,8656,9276,1.32080078125,1.4154052734375,1.32080078125,1.4154052734375,,,602003,18,1,3,0
4817,602125,8661,9203,1.321563720703125,1.404266357421875,1.321563720703125,1.404266357421875,,,602128,18,1,3,0
4818,602250,8671,9134,1.323089599609375,1.39373779296875,1.323089599609375,1.39373779296875,,,602253,18,1,3,0
4819,602375,8684,9069,1.3250732421875,1.383819580078125,1.3250732421875,1.383819580078125,,,602378,18,1,3,0
4820,602500,8701,9009,1.327667236328125,1.374664306640625,1.327667236328125,1.374664306640625,,,602503,18,1,3,0
4821,602625,8722,8954,1.33087158203125,1.36627197265625,1.33087158203125,1.36627197265625,,,602628,18,1,3,0
4822,602750,8746,8904,1.33453369140625,1.358642578125,1.33453369140625,1.358642578125,,,602753,18,1,3,0
4823,602875,8774,8860,1.33880615234375,1.3519287109375,1.33880615234375,1.3519287109375,,,602878,18,1,3,0
4824,603000,8806,8823,1.34368896484375,1.346282958984375,1.34368896484375,1.346282958984375,,,603003,18,1,3,0
4825,603125,8841,8791,1.349029541015625,1.341400146484375,1.349029541015625,1.341400146484375,,,603128,18,1,3,0
4826,603250,8880,8766,1.35498046875,1.33758544921875,1.35498046875,1.33758544921875,,,603253,18,1,3,0
4827,603375,8922,8747,1.36138916015625,1.334686279296875,1.36138916015625,1.334686279296875,,,603378,18,1,3,0
4828,603500,8967,8735,1.368255615234375,1.332855224609375,1.368255615234375,1.332855224609375,,,603503,18,1,3,0
4829,603625,9015,8730,1.375579833984375,1.33209228515625,1.375579833984375,1.33209228515625,,,603628,18,1,3,0
4830,603750,9065,8731,1.383209228515625,1.332244873046875,1.383209228515625,1.332244873046875,,,603753,18,1,3,0
4831,603875,9119,8740,1.391448974609375,1.3336181640625,1.391448974609375,1.3336181640625,,,603878,18,1,3,0
4832,604000,9175,8755,1.399993896484375,1.335906982421875,1.399993896484375,1.335906982421875,,,604003,18,1,3,0
4833,604125,9234,8777,1.40899658203125,1.339263916015625,1.40899658203125,1.339263916015625,,,604128,18,1,3,0
4834,604250,9294,8805,1.41815185546875,1.343536376953125,1.41815185546875,1.343536376953125,,,604253,18,1,3,0
4835,604375,9357,8840,1.427764892578125,1.348876953125,1.427764892578125,1.348876953125,,,604378,18,1,3,0
4836,604500,9421,8881,1.437530517578125,1.355133056640625,1.437530517578125,1.355133056640625,,,604503,18,1,3,0
4837,604625,9488,8928,1.44775390625,1.3623046875,1.44775390625,1.3623046875,,,604628,18,1,3,0
4838,604750,9555,8981,1.457977294921875,1.370391845703125,1.457977294921875,1.370391845703125,,,604753,18,1,3,0
4839,604875,9624,9040,1.468505859375,1.37939453125,1.468505859375,1.37939453125,,,604878,18,1,3,0
4840,605000,9694,9104,1.47918701171875,1.38916015625,1.47918701171875,1.38916015625,,,605003,18,1,3,0
4841,605125,9764,9172,1.4898681640625,1.3995361328125,1.4898681640625,1.3995361328125,,,605128,18,1,3,0
4842,605250,9835,9245,1.500701904296875,1.410675048828125,1.500701904296875,1.410675048828125,,,605253,18,1,3,0
4843,605375,9907,9323,1.511688232421875,1.422576904296875,1.511688232421875,1.422576904296875,,,605378,18,1,3,0
4844,605500,9978,9403,1.52252197265625,1.434783935546875,1.52252197265625,1.434783935546875,,,605503,18,1,3,0
4845,605625,10050,9487,1.53350830078125,1.447601318359375,1.53350830078125,1.447601318359375,,,605628,18,1,3,0
4846,605750,10121,9574,1.544342041015625,1.46087646484375,1.544342041015625,1.46087646484375,,,605753,18,1,3,0
4847,605875,10191,9663,1.555023193359375,1.474456787109375,1.555023193359375,1.474456787109375,,,605878,18,1,3,0
4848,606000,10261,9754,1.565704345703125,1.48834228515625,1.565704345703125,1.48834228515625,,,606003,18,1,3,0
4849,606125,10330,9846,1.57623291015625,1.50238037109375,1.57623291015625,1.50238037109375,,,606128,18,1,3,0
4850,606250,10398,9939,1.58660888671875,1.516571044921875,1.58660888671875,1.516571044921875,,,606253,18,1,3,0
4851,606375,10464,10032,1.5966796875,1.53076171875,1.5966796875,1.53076171875,,,606378,18,1,3,0
4852,606500,10528,10125,1.6064453125,1.544952392578125,1.6064453125,1.544952392578125,,,606503,18,1,3,0
4853,606625,10591,10217,1.616058349609375,1.558990478515625,1.616058349609375,1.558990478515625,,,606628,18,1,3,0
4854,606750,10651,10307,1.625213623046875,1.572723388671875,1.625213623046875,1.572723388671875,,,606753,18,1,3,0
4855,606875,10710,10396,1.63421630859375,1.5863037109375,1.63421630859375,1.5863037109375,,,606878,18,1,3,0
4856,607000,10766,10483,1.64276123046875,1.599578857421875,1.64276123046875,1.599578857421875,,,607003,18,1,3,0
4857,607125,10819,10566,1.650848388671875,1.61224365234375,1.650848388671875,1.61224365234375,,,607128,18,1,3,0
4858,607250,10870,10647,1.65863037109375,1.624603271484375,1.65863037109375,1.624603271484375,,,607253,18,1,3,0
4859,607375,10917,10723,1.665802001953125,1.636199951171875,1.665802001953125,1.636199951171875,,,607378,18,1,3,0
4860,607500,10962,10795,1.67266845703125,1.647186279296875,1.67266845703125,1.647186279296875,,,607503,18,1,3,0
4861,607625,11003,10863,1.678924560546875,1.657562255859375,1.678924560546875,1.657562255859375,,,607628,18,1,3,0
4862,607750,11040,10926,1.6845703125,1.66717529296875,1.6845703125,1.66717529296875,,,607753,18,1,3,0
4863,607875,11075,10983,1.689910888671875,1.675872802734375,1.689910888671875,1.675872802734375,,,607878,18,1,3,0
4864,608000,11105,11035,1.694488525390625,1.683807373046875,1.694488525390625,1.683807373046875,,,608003,18,1,3,0
4865,608125,11132,11080,1.6986083984375,1.690673828125,1.6986083984375,1.690673828125,,,608128,18,1,3,0
4866,608250,11155,11119,1.702117919921875,1.696624755859375,1.702117919921875,1.696624755859375,,,608253,18,1,3,0
4867,608375,11174,11152,1.70501708984375,1.70166015625,1.70501708984375,1.70166015625,,,608378,18,1,3,0
4868,608500,11189,11178,1.707305908203125,1.70562744140625,1.707305908203125,1.70562744140625,,,608503,18,1,3,0
4869,608625,11200,11197,1.708984375,1.708526611328125,1.708984375,1.708526611328125,,,608628,18,1,3,0
4870,608750,11207,11209,1.710052490234375,1.710357666015625,1.710052490234375,1.710357666015625,,,608753,18,1,3,0
4871,608875,11210,11214,1.71051025390625,1.71112060546875,1.71051025390625,1.71112060546875,,,608878,18,1,3,0
4872,609000,11208,11211,1.710205078125,1.710662841796875,1.710205078125,1.710662841796875,,,609003,18,1,3,0
4873,609125,11203,11201,1.709442138671875,1.709136962890625,1.709442138671875,1.709136962890625,,,609128,18,1,3,0
4874,609250,11193,11184,1.707916259765625,1.70654296875,1.707916259765625,1.70654296875,,,609253,18,1,3,0
4875,609375,11179,11160,1.705780029296875,1.702880859375,1.705780029296875,1.702880859375,,,609378,18,1,3,0
4876,609500,11161,11129,1.703033447265625,1.698150634765625,1.703033447265625,1.698150634765625,,,609503,18,1,3,0
4877,609625,11139,11091,1.699676513671875,1.692352294921875,1.699676513671875,1.692352294921875,,,609628,18,1,3,0
4878,609750,11113,11046,1.695709228515625,1.68548583984375,1.695709228515625,1.68548583984375,,,609753,18,1,3,0
4879,609875,11083,10994,1.691131591796875,1.67755126953125,1.691131591796875,1.67755126953125,,,609878,18,1,3,0
4880,610000,11049,10937,1.685943603515625,1.668853759765625,1.685943603515625,1.668853759765625,,,610003,18,1,3,0
4881,610125,11011,10873,1.680145263671875,1.659088134765625,1.680145263671875,1.659088134765625,,,610128,18,1,3,0
4882,610250,10969,10803,1.673736572265625,1.648406982421875,1.673736572265625,1.648406982421875,,,610253,18,1,3,0
4883,610375,10924,10728,1.6668701171875,1.636962890625,1.6668701171875,1.636962890625,,,610378,18,1,3,0
4884,610500,10876,10648,1.6595458984375,1.624755859375,1.6595458984375,1.624755859375,,,610503,18,1,3,0
4885,610625,10824,10564,1.651611328125,1.6119384765625,1.651611328125,1.6119384765625,,,610628,18,1,3,0
4886,610750,10769,10475,1.643218994140625,1.598358154296875,1.643218994140625,1.598358154296875,,,610753,18,1,3,0
4887,610875,10711,10383,1.634368896484375,1.584320068359375,1.634368896484375,1.584320068359375,,,610878,18,1,3,0
4888,611000,10650,10287,1.62506103515625,1.569671630859375,1.62506103515625,1.569671630859375,,,611003,18,1,3,0
4889,611125,10587,10189,1.615447998046875,1.554718017578125,1.615447998046875,1.554718017578125,,,611128,18,1,3,0
4890,611250,10521,10088,1.605377197265625,1.539306640625,1.605377197265625,1.539306640625,,,611253,18,1,3,0
4891,611375,10453,9986,1.595001220703125,1.52374267578125,1.595001220703125,1.52374267578125,,,611378,18,1,3,0
4892,611500,10382,9882,1.58416748046875,1.50787353515625,1.58416748046875,1.50787353515625,,,611503,18,1,3,0
4893,611625,10310,9778,1.57318115234375,1.49200439453125,1.57318115234375,1.49200439453125,,,611628,18,1,3,0
4894,611750,10236,9673,1.5618896484375,1.475982666015625,1.5618896484375,1.475982666015625,,,611753,18,1,3,0
4895,611875,10161,9569,1.550445556640625,1.460113525390625,1.550445556640625,1.460113525390625,,,611878,18,1,3,0
4896,612000,10084,9466,1.5386962890625,1.44439697265625,1.5386962890625,1.44439697265625,,,612003,18,1,3,0
4897,612125,10007,9364,1.526947021484375,1.4288330078125,1.526947021484375,1.4288330078125,,,612128,18,1,3,0
4898,612250,9929,9264,1.515045166015625,1.41357421875,1.515045166015625,1.41357421875,,,612253,18,1,3,0
4899,612375,9850,9167,1.50299072265625,1.398773193359375,1.50299072265625,1.398773193359375,,,612378,18,1,3,0
4900,612500,9771,9073,1.490936279296875,1.384429931640625,1.490936279296875,1.384429931640625,,,612503,18,1,3,0
4901,612625,9691,8982,1.478729248046875,1.37054443359375,1.478729248046875,1.37054443359375,,,612628,18,1,3,0
4902,612750,9612,8895,1.4666748046875,1.357269287109375,1.4666748046875,1.357269287109375,,,612753,18,1,3,0
4903,612875,9534,8813,1.45477294921875,1.344757080078125,1.45477294921875,1.344757080078125,,,612878,18,1,3,0
4904,613000,9456,8735,1.44287109375,1.332855224609375,1.44287109375,1.332855224609375,,,613003,18,1,3,0
4905,613125,9378,8663,1.43096923828125,1.321868896484375,1.43096923828125,1.321868896484375,,,613128,18,1,3,0
4906,613250,9302,8596,1.41937255859375,1.3116455078125,1.41937255859375,1.3116455078125,,,613253,18,1,3,0
4907,613375,9228,8535,1.4080810546875,1.302337646484375,1.4080810546875,1.302337646484375,,,613378,18,1,3,0
4908,613500,9155,8481,1.396942138671875,1.294097900390625,1.396942138671875,1.294097900390625,,,613503,18,1,3,0
4909,613625,9083,8433,1.385955810546875,1.286773681640625,1.385955810546875,1.286773681640625,,,613628,18,1,3,0
4910,613750,9014,8392,1.37542724609375,1.280517578125,1.37542724609375,1.280517578125,,,613753,18,1,3,0
4911,613875,8947,8358,1.365203857421875,1.27532958984375,1.365203857421875,1.27532958984375,,,613878,18,1,3,0
4912,614000,8882,8331,1.35528564453125,1.271209716796875,1.35528564453125,1.271209716796875,,,614003,18,1,3,0
4913,614125,8820,8311,1.3458251953125,1.268157958984375,1.3458251953125,1.268157958984375,,,614128,18,1,3,0
4914,614250,8760,8299,1.336669921875,1.266326904296875,1.336669921875,1.266326904296875,,,614253,18,1,3,0
4915,614375,8704,8294,1.328125,1.26556396484375,1.328125,1.26556396484375,,,614378,18,1,3,0
4916,614500,8651,8297,1.320037841796875,1.266021728515625,1.320037841796875,1.266021728515625,,,614503,18,1,3,0
4917,614625,8601,8307,1.312408447265625,1.267547607421875,1.312408447265625,1.267547607421875,,,614628,18,1,3,0
4918,614750,8554,8325,1.30523681640625,1.270294189453125,1.30523681640625,1.270294189453125,,,614753,18,1,3,0
4919,614875,8511,8350,1.298675537109375,1.27410888671875,1.298675537109375,1.27410888671875,,,614878,18,1,3,0
4920,615000,8472,8382,1.292724609375,1.27899169921875,1.292724609375,1.27899169921875,,,615003,18,1,3,0
4921,615125,8437,8421,1.287384033203125,1.284942626953125,1.287384033203125,1.284942626953125,,,615128,18,1,3,0
4922,615250,8406,8467,1.28265380859375,1.291961669921875,1.28265380859375,1.291961669921875,,,615253,18,1,3,0
4923,615375,8379,8519,1.278533935546875,1.299896240234375,1.278533935546875,1.299896240234375,,,615378,18,1,3,0
4924,615500,8356,8578,1.2750244140625,1.30889892578125,1.2750244140625,1.30889892578125,,,615503,18,1,3,0
4925,615625,8337,8642,1.272125244140625,1.31866455078125,1.272125244140625,1.31866455078125,,,615628,18,1,3,0
4926,615750,8322,8713,1.26983642578125,1.329498291015625,1.26983642578125,1.329498291015625,,,615753,18,1,3,0
4927,615875,8312,8788,1.268310546875,1.3409423828125,1.268310546875,1.3409423828125,,,615878,18,1,3,0
4928,616000,8306,8868,1.26739501953125,1.3531494140625,1.26739501953125,1.3531494140625,,,616003,18,1,3,0
4929,616125,8305,8953,1.267242431640625,1.366119384765625,1.267242431640625,1.366119384765625,,,616128,18,1,3,0
4930,616250,8308,9041,1.2677001953125,1.379547119140625,1.2677001953125,1.379547119140625,,,616253,18,1,3,0
4931,616375,8315,9133,1.268768310546875,1.393585205078125,1.268768310546875,1.393585205078125,,,616378,18,1,3,0
4932,616500,8327,9228,1.270599365234375,1.4080810546875,1.270599365234375,1.4080810546875,,,616503,18,1,3,0
4933,616625,8343,9326,1.273040771484375,1.42303466796875,1.273040771484375,1.42303466796875,,,616628,18,1,3,0
4934,616750,8363,9425,1.276092529296875,1.438140869140625,1.276092529296875,1.438140869140625,,,616753,18,1,3,0
4935,616875,8388,9526,1.2799072265625,1.45355224609375,1.2799072265625,1.45355224609375,,,616878,18,1,3,0
4936,617000,8417,9628,1.284332275390625,1.4691162109375,1.284332275390625,1.4691162109375,,,617003,18,1,3,0
4937,617125,8450,9730,1.28936767578125,1.48468017578125,1.28936767578125,1.48468017578125,,,617128,18,1,3,0
4938,617250,8487,9832,1.295013427734375,1.500244140625,1.295013427734375,1.500244140625,,,617253,18,1,3,0
4939,617375,8528,9933,1.30126953125,1.515655517578125,1.30126953125,1.515655517578125,,,617378,18,1,3,0
4940,617500,8572,10033,1.3079833984375,1.530914306640625,1.3079833984375,1.530914306640625,,,617503,18,1,3,0
4941,617625,8621,10132,1.315460205078125,1.5460205078125,1.315460205078125,1.5460205078125,,,617628,18,1,3,0
4942,617750,8672,10228,1.3232421875,1.5606689453125,1.3232421875,1.5606689453125,,,617753,18,1,3,0
4943,617875,8728,10321,1.331787109375,1.574859619140625,1.331787109375,1.574859619140625,,,617878,18,1,3,0
4944,618000,8786,10411,1.34063720703125,1.588592529296875,1.34063720703125,1.588592529296875,,,618003,18,1,3,0
4945,618125,8847,10498,1.349945068359375,1.60186767578125,1.349945068359375,1.60186767578125,,,618128,18,1,3,0
4946,618250,8912,10580,1.35986328125,1.6143798828125,1.35986328125,1.6143798828125,,,618253,18,1,3,0
4947,618375,8979,10658,1.370086669921875,1.62628173828125,1.370086669921875,1.62628173828125,,,618378,18,1,3,0
4948,618500,9048,10730,1.380615234375,1.63726806640625,1.380615234375,1.63726806640625,,,618503,18,1,3,0
4949,618625,9120,10798,1.3916015625,1.64764404296875,1.3916015625,1.64764404296875,,,618628,18,1,3,0
4950,618750,9193,10860,1.402740478515625,1.6571044921875,1.402740478515625,1.6571044921875,,,618753,18,1,3,0
4951,618875,9269,10916,1.414337158203125,1.6656494140625,1.414337158203125,1.6656494140625,,,618878,18,1,3,0
4952,619000,9346,10965,1.42608642578125,1.673126220703125,1.42608642578125,1.673126220703125,,,619003,18,1,3,0
4953,619125,9425,11008,1.438140869140625,1.6796875,1.438140869140625,1.6796875,,,619128,18,1,3,0
4954,619250,9505,11045,1.450347900390625,1.685333251953125,1.450347900390625,1.685333251953125,,,619253,18,1,3,0
4955,619375,9585,11075,1.462554931640625,1.689910888671875,1.462554931640625,1.689910888671875,,,619378,18,1,3,0
4956,619500,9667,11097,1.475067138671875,1.693267822265625,1.475067138671875,1.693267822265625,,,619503,18,1,3,0
4957,619625,9748,11113,1.4874267578125,1.695709228515625,1.4874267578125,1.695709228515625,,,619628,18,1,3,0
4958,619750,9830,11122,1.49993896484375,1.69708251953125,1.49993896484375,1.69708251953125,,,619753,18,1,3,0
4959,619875,9912,11123,1.512451171875,1.697235107421875,1.512451171875,1.697235107421875,,,619878,18,1,3,0
4960,620000,9994,11117,1.52496337890625,1.696319580078125,1.52496337890625,1.696319580078125,,,620003,18,1,3,0
4961,620125,10075,11105,1.537322998046875,1.694488525390625,1.537322998046875,1.694488525390625,,,620128,18,1,3,0
4962,620250,10156,11085,1.5496826171875,1.691436767578125,1.5496826171875,1.691436767578125,,,620253,18,1,3,0
4963,620375,10235,11059,1.561737060546875,1.687469482421875,1.561737060546875,1.687469482421875,,,620378,18,1,3,0
4964,620500,10314,11026,1.57379150390625,1.68243408203125,1.57379150390625,1.68243408203125,,,620503,18,1,3,0
4965,620625,10390,10987,1.58538818359375,1.676483154296875,1.58538818359375,1.676483154296875,,,620628,18,1,3,0
4966,620750,10466,10941,1.59698486328125,1.669464111328125,1.59698486328125,1.669464111328125,,,620753,18,1,3,0
4967,620875,10539,10890,1.608123779296875,1.66168212890625,1.608123779296875,1.66168212890625,,,620878,18,1,3,0
4968,621000,10610,10833,1.61895751953125,1.652984619140625,1.61895751953125,1.652984619140625,,,621003,18,1,3,0
4969,621125,10679,10771,1.629486083984375,1.643524169921875,1.629486083984375,1.643524169921875,,,621128,18,1,3,0
4970,621250,10745,10705,1.639556884765625,1.633453369140625,1.639556884765625,1.633453369140625,,,621253,18,1,3,0
4971,621375,10809,10633,1.649322509765625,1.622467041015625,1.649322509765625,1.622467041015625,,,621378,18,1,3,0
4972,621500,10870,10558,1.65863037109375,1.61102294921875,1.65863037109375,1.61102294921875,,,621503,18,1,3,0
4973,621625,10927,10479,1.667327880859375,1.598968505859375,1.667327880859375,1.598968505859375,,,621628,18,1,3,0
4974,621750,10982,10398,1.67572021484375,1.58660888671875,1.67572021484375,1.58660888671875,,,621753,18,1,3,0
4975,621875,11033,10313,1.683502197265625,1.573638916015625,1.683502197265625,1.573638916015625,,,621878,18,1,3,0
4976,622000,11080,10226,1.690673828125,1.56036376953125,1.690673828125,1.56036376953125,,,622003,18,1,3,0
4977,622125,11124,10138,1.6973876953125,1.54693603515625,1.6973876953125,1.54693603515625,,,622128,18,1,3,0
4978,622250,11164,10049,1.7034912109375,1.533355712890625,1.7034912109375,1.533355712890625,,,622253,18,1,3,0
4979,622375,11200,9959,1.708984375,1.519622802734375,1.708984375,1.519622802734375,,,622378,18,1,3,0
4980,622500,11232,9869,1.7138671875,1.505889892578125,1.7138671875,1.505889892578125,,,622503,18,1,3,0
4981,622625,11260,9779,1.7181396484375,1.492156982421875,1.7181396484375,1.492156982421875,,,622628,18,1,3,0
4982,622750,11284,9690,1.7218017578125,1.47857666015625,1.7218017578125,1.47857666015625,,,622753,18,1,3,0
4983,622875,11303,9603,1.724700927734375,1.465301513671875,1.724700927734375,1.465301513671875,,,622878,18,1,3,0
4984,623000,11319,9518,1.727142333984375,1.45233154296875,1.727142333984375,1.45233154296875,,,623003,18,1,3,0
4985,623125,11330,9435,1.72882080078125,1.439666748046875,1.72882080078125,1.439666748046875,,,623128,18,1,3,0
4986,623250,11336,9355,1.729736328125,1.427459716796875,1.729736328125,1.427459716796875,,,623253,18,1,3,0
4987,623375,11338,9278,1.73004150390625,1.41571044921875,1.73004150390625,1.41571044921875,,,623378,18,1,3,0
4988,623500,11336,9205,1.729736328125,1.404571533203125,1.729736328125,1.404571533203125,,,623503,18,1,3,0
4989,623625,11330,9136,1.72882080078125,1.39404296875,1.72882080078125,1.39404296875,,,623628,18,1,3,0
4990,623750,11319,9072,1.727142333984375,1.38427734375,1.727142333984375,1.38427734375,,,623753,18,1,3,0
4991,623875,11303,9013,1.724700927734375,1.375274658203125,1.724700927734375,1.375274658203125,,,623878,18,1,3,0
4992,624000,11284,8959,1.7218017578125,1.367034912109375,1.7218017578125,1.367034912109375,,,624003,18,1,3,0
4993,624125,11260,8911,1.7181396484375,1.359710693359375,1.7181396484375,1.359710693359375,,,624128,18,1,3,0
4994,624250,11233,8869,1.714019775390625,1.353302001953125,1.714019775390625,1.353302001953125,,,624253,18,1,3,0
4995,624375,11201,8832,1.709136962890625,1.34765625,1.709136962890625,1.34765625,,,624378,18,1,3,0
4996,624500,11165,8802,1.703643798828125,1.34307861328125,1.703643798828125,1.34307861328125,,,624503,18,1,3,0
4997,624625,11126,8779,1.69769287109375,1.339569091796875,1.69769287109375,1.339569091796875,,,624628,18,1,3,0
4998,624750,11083,8762,1.691131591796875,1.33697509765625,1.691131591796875,1.33697509765625,,,624753,18,1,3,0
4999,624875,11036,8752,1.6839599609375,1.33544921875,1.6839599609375,1.33544921875,,,624878,18,1,3,0
5000,625000,10986,8749,1.67633056640625,1.334991455078125,1.67633056640625,1.334991455078125,,,625003,18,1,3,0
5001,625125,10933,8752,1.668243408203125,1.33544921875,1.668243408203125,1.33544921875,,,625128,18,1,3,0
5002,625250,10876,8762,1.6595458984375,1.33697509765625,1.6595458984375,1.33697509765625,,,625253,18,1,3,0
5003,625375,10817,8779,1.650543212890625,1.339569091796875,1.650543212890625,1.339569091796875,,,625378,18,1,3,0
5004,625500,10755,8802,1.641082763671875,1.34307861328125,1.641082763671875,1.34307861328125,,,625503,18,1,3,0
5005,625625,10691,8832,1.631317138671875,1.34765625,1.631317138671875,1.34765625,,,625628,18,1,3,0
5006,625750,10624,8869,1.62109375,1.353302001953125,1.62109375,1.353302001953125,,,625753,18,1,3,0
5007,625875,10555,8911,1.610565185546875,1.359710693359375,1.610565185546875,1.359710693359375,,,625878,18,1,3,0
5008,626000,10484,8959,1.5997314453125,1.367034912109375,1.5997314453125,1.367034912109375,,,626003,18,1,3,0
5009,626125,10412,9013,1.5887451171875,1.375274658203125,1.5887451171875,1.375274658203125,,,626128,18,1,3,0
5010,626250,10338,9072,1.57745361328125,1.38427734375,1.57745361328125,1.38427734375,,,626253,18,1,3,0
5011,626375,10263,9136,1.566009521484375,1.39404296875,1.566009521484375,1.39404296875,,,626378,18,1,3,0
5012,626500,10186,9205,1.55426025390625,1.404571533203125,1.55426025390625,1.404571533203125,,,626503,18,1,3,0
5013,626625,10109,9278,1.542510986328125,1.41571044921875,1.542510986328125,1.41571044921875,,,626628,18,1,3,0
5014,626750,10032,9355,1.53076171875,1.427459716796875,1.53076171875,1.427459716796875,,,626753,18,1,3,0
5015,626875,9954,9435,1.51885986328125,1.439666748046875,1.51885986328125,1.439666748046875,,,626878,18,1,3,0
5016,627000,9876,9518,1.5069580078125,1.45233154296875,1.5069580078125,1.45233154296875,,,627003,18,1,3,0
5017,627125,9798,9603,1.49505615234375,1.465301513671875,1.49505615234375,1.465301513671875,,,627128,18,1,3,0
5018,627250,9720,9690,1.483154296875,1.47857666015625,1.483154296875,1.47857666015625,,,627253,18,1,3,0
5019,627375,9644,9779,1.4715576171875,1.492156982421875,1.4715576171875,1.492156982421875,,,627378,18,1,3,0
5020,627500,9568,9869,1.4599609375,1.505889892578125,1.4599609375,1.505889892578125,,,627503,18,1,3,0
5021,627625,9493,9959,1.448516845703125,1.519622802734375,1.448516845703125,1.519622802734375,,,627628,18,1,3,0
5022,627750,9419,10049,1.437225341796875,1.533355712890625,1.437225341796875,1.533355712890625,,,627753,18,1,3,0
5023,627875,9347,10138,1.426239013671875,1.54693603515625,1.426239013671875,1.54693603515625,,,627878,18,1,3,0
5024,628000,9276,10226,1.4154052734375,1.56036376953125,1.4154052734375,1.56036376953125,,,628003,18,1,3,0
5025,628125,9208,10313,1.405029296875,1.573638916015625,1.405029296875,1.573638916015625,,,628128,18,1,3,0
5026,628250,9142,10398,1.39495849609375,1.58660888671875,1.39495849609375,1.58660888671875,,,628253,18,1,3,0
5027,628375,9078,10479,1.38519287109375,1.598968505859375,1.38519287109375,1.598968505859375,,,628378,18,1,3,0
5028,628500,9016,10558,1.375732421875,1.61102294921875,1.375732421875,1.61102294921875,,,628503,18,1,3,0
5029,628625,8957,10633,1.366729736328125,1.622467041015625,1.366729736328125,1.622467041015625,,,628628,18,1,3,0
5030,628750,8901,10705,1.358184814453125,1.633453369140625,1.358184814453125,1.633453369140625,,,628753,18,1,3,0
5031,628875,8848,10771,1.35009765625,1.643524169921875,1.35009765625,1.643524169921875,,,628878,18,1,3,0
5032,629000,8799,10833,1.342620849609375,1.652984619140625,1.342620849609375,1.652984619140625,,,629003,18,1,3,0
5033,629125,8752,10890,1.33544921875,1.66168212890625,1.33544921875,1.66168212890625,,,629128,18,1,3,0
5034,629250,8709,10941,1.328887939453125,1.669464111328125,1.328887939453125,1.669464111328125,,,629253,18,1,3,0
5035,629375,8670,10987,1.32293701171875,1.676483154296875,1.32293701171875,1.676483154296875,,,629378,18,1,3,0
5036,629500,8634,11026,1.31744384765625,1.68243408203125,1.31744384765625,1.68243408203125,,,629503,18,1,3,0
5037,629625,8602,11059,1.31256103515625,1.687469482421875,1.31256103515625,1.687469482421875,,,629628,18,1,3,0
5038,629750,8574,11085,1.30828857421875,1.691436767578125,1.30828857421875,1.691436767578125,,,629753,18,1,3,0
5039,629875,8550,11105,1.30462646484375,1.694488525390625,1.30462646484375,1.694488525390625,,,629878,18,1,3,0
5040,630000,8530,11117,1.30157470703125,1.696319580078125,1.30157470703125,1.696319580078125,,,630003,18,1,3,0
5041,630125,8513,11123,1.298980712890625,1.697235107421875,1.298980712890625,1.697235107421875,,,630128,18,1,3,0
5042,630250,8501,11122,1.297149658203125,1.69708251953125,1.297149658203125,1.69708251953125,,,630253,18,1,3,0
5043,630375,8493,11113,1.295928955078125,1.695709228515625,1.295928955078125,1.695709228515625,,,630378,18,1,3,0
5044,630500,8490,11097,1.29547119140625,1.693267822265625,1.29547119140625,1.693267822265625,,,630503,18,1,3,0
5045,630625,8490,11075,1.29547119140625,1.689910888671875,1.29547119140625,1.689910888671875,,,630628,18,1,3,0
5046,630750,8494,11045,1.29608154296875,1.685333251953125,1.29608154296875,1.685333251953125,,,630753,18,1,3,0
5047,630875,8503,11008,1.297454833984375,1.6796875,1.297454833984375,1.6796875,,,630878,18,1,3,0
5048,631000,8515,10965,1.299285888671875,1.673126220703125,1.299285888671875,1.673126220703125,,,631003,18,1,3,0
5049,631125,8531,10916,1.301727294921875,1.6656494140625,1.301727294921875,1.6656494140625,,,631128,18,1,3,0
5050,631250,8552,10860,1.304931640625,1.6571044921875,1.304931640625,1.6571044921875,,,631253,18,1,3,0
5051,631375,8576,10798,1.30859375,1.64764404296875,1.30859375,1.64764404296875,,,631378,18,1,3,0
5052,631500,8604,10730,1.3128662109375,1.63726806640625,1.3128662109375,1.63726806640625,,,631503,18,1,3,0
5053,631625,8635,10658,1.317596435546875,1.62628173828125,1.317596435546875,1.62628173828125,,,631628,18,1,3,0
5054,631750,8671,10580,1.323089599609375,1.6143798828125,1.323089599609375,1.6143798828125,,,631753,18,1,3,0
5055,631875,8709,10498,1.328887939453125,1.60186767578125,1.328887939453125,1.60186767578125,,,631878,18,1,3,0
5056,632000,8751,10411,1.335296630859375,1.588592529296875,1.335296630859375,1.588592529296875,,,632003,18,1,3,0
5057,632125,8796,10321,1.3421630859375,1.574859619140625,1.3421630859375,1.574859619140625,,,632128,18,1,3,0
5058,632250,8844,10228,1.3494873046875,1.5606689453125,1.3494873046875,1.5606689453125,,,632253,18,1,3,0
5059,632375,8895,10132,1.357269287109375,1.5460205078125,1.357269287109375,1.5460205078125,,,632378,18,1,3,0
5060,632500,8948,10033,1.3653564453125,1.530914306640625,1.3653564453125,1.530914306640625,,,632503,18,1,3,0
5061,632625,9004,9933,1.3739013671875,1.515655517578125,1.3739013671875,1.515655517578125,,,632628,18,1,3,0
5062,632750,9062,9832,1.38275146484375,1.500244140625,1.38275146484375,1.500244140625,,,632753,18,1,3,0
5063,632875,9123,9730,1.392059326171875,1.48468017578125,1.392059326171875,1.48468017578125,,,632878,18,1,3,0
5064,633000,9185,9628,1.401519775390625,1.4691162109375,1.401519775390625,1.4691162109375,,,633003,18,1,3,0
5065,633125,9249,9526,1.411285400390625,1.45355224609375,1.411285400390625,1.45355224609375,,,633128,18,1,3,0
5066,633250,9314,9425,1.42120361328125,1.438140869140625,1.42120361328125,1.438140869140625,,,633253,18,1,3,0
5067,633375,9381,9326,1.431427001953125,1.42303466796875,1.431427001953125,1.42303466796875,,,633378,18,1,3,0
5068,633500,9449,9228,1.441802978515625,1.4080810546875,1.441802978515625,1.4080810546875,,,633503,18,1,3,0
5069,633625,9518,9133,1.45233154296875,1.393585205078125,1.45233154296875,1.393585205078125,,,633628,18,1,3,0
5070,633750,9587,9041,1.462860107421875,1.379547119140625,1.462860107421875,1.379547119140625,,,633753,18,1,3,0
5071,633875,9657,8953,1.473541259765625,1.366119384765625,1.473541259765625,1.366119384765625,,,633878,18,1,3,0
5072,634000,9727,8868,1.484222412109375,1.3531494140625,1.484222412109375,1.3531494140625,,,634003,18,1,3,0
5073,634125,9797,8788,1.494903564453125,1.3409423828125,1.494903564453125,1.3409423828125,,,634128,18,1,3,0
5074,634250,9867,8713,1.505584716796875,1.329498291015625,1.505584716796875,1.329498291015625,,,634253,18,1,3,0
5075,634375,9936,8642,1.51611328125,1.31866455078125,1.51611328125,1.31866455078125,,,634378,18,1,3,0
5076,634500,10004,8578,1.5264892578125,1.30889892578125,1.5264892578125,1.30889892578125,,,634503,18,1,3,0
5077,634625,10072,8519,1.536865234375,1.299896240234375,1.536865234375,1.299896240234375,,,634628,18,1,3,0
5078,634750,10139,8467,1.547088623046875,1.291961669921875,1.547088623046875,1.291961669921875,,,634753,18,1,3,0
5079,634875,10204,8421,1.5570068359375,1.284942626953125,1.5570068359375,1.284942626953125,,,634878,18,1,3,0
5080,635000,10268,8382,1.5667724609375,1.27899169921875,1.5667724609375,1.27899169921875,,,635003,18,1,3,0
5081,635125,10330,8350,1.57623291015625,1.27410888671875,1.57623291015625,1.27410888671875,,,635128,18,1,3,0
5082,635250,10390,8325,1.58538818359375,1.270294189453125,1.58538818359375,1.270294189453125,,,635253,18,1,3,0
5083,635375,10448,8307,1.59423828125,1.267547607421875,1.59423828125,1.267547607421875,,,635378,18,1,3,0
5084,635500,10504,8297,1.602783203125,1.266021728515625,1.602783203125,1.266021728515625,,,635503,18,1,3,0
5085,635625,10557,8294,1.610870361328125,1.26556396484375,1.610870361328125,1.26556396484375,,,635628,18,1,3,0
5086,635750,10608,8299,1.61865234375,1.266326904296875,1.61865234375,1.266326904296875,,,635753,18,1,3,0
5087,635875,10655,8311,1.625823974609375,1.268157958984375,1.625823974609375,1.268157958984375,,,635878,18,1,3,0
5088,636000,10700,8331,1.6326904296875,1.271209716796875,1.6326904296875,1.271209716796875,,,636003,18,1,3,0
5089,636125,10742,8358,1.63909912109375,1.27532958984375,1.63909912109375,1.27532958984375,,,636128,18,1,3,0
5090,636250,10781,8392,1.645050048828125,1.280517578125,1.645050048828125,1.280517578125,,,636253,18,1,3,0
5091,636375,10817,8433,1.650543212890625,1.286773681640625,1.650543212890625,1.286773681640625,,,636378,18,1,3,0
5092,636500,10849,8481,1.655426025390625,1.294097900390625,1.655426025390625,1.294097900390625,,,636503,18,1,3,0
5093,636625,10877,8535,1.659698486328125,1.302337646484375,1.659698486328125,1.302337646484375,,,636628,18,1,3,0
5094,636750,10902,8596,1.66351318359375,1.3116455078125,1.66351318359375,1.3116455078125,,,636753,18,1,3,0
5095,636875,10924,8663,1.6668701171875,1.321868896484375,1.6668701171875,1.321868896484375,,,636878,18,1,3,0
5096,637000,10941,8735,1.669464111328125,1.332855224609375,1.669464111328125,1.332855224609375,,,637003,18,1,3,0
5097,637125,10955,8813,1.671600341796875,1.344757080078125,1.671600341796875,1.344757080078125,,,637128,18,1,3,0
5098,637250,10965,8895,1.673126220703125,1.357269287109375,1.673126220703125,1.357269287109375,,,637253,18,1,3,0
5099,637375,10972,8982,1.6741943359375,1.37054443359375,1.6741943359375,1.37054443359375,,,637378,18,1,3,0
5100,637500,10974,9073,1.67449951171875,1.384429931640625,1.67449951171875,1.384429931640625,,,637503,18,1,3,0
5101,637625,10973,9167,1.674346923828125,1.398773193359375,1.674346923828125,1.398773193359375,,,637628,18,1,3,0
5102,637750,10968,9264,1.673583984375,1.41357421875,1.673583984375,1.41357421875,,,637753,18,1,3,0
5103,637875,10959,9364,1.672210693359375,1.4288330078125,1.672210693359375,1.4288330078125,,,637878,18,1,3,0
5104,638000,10947,9466,1.670379638671875,1.44439697265625,1.670379638671875,1.44439697265625,,,638003,18,1,3,0
5105,638125,10930,9569,1.66778564453125,1.460113525390625,1.66778564453125,1.460113525390625,,,638128,18,1,3,0
5106,638250,10911,9673,1.664886474609375,1.475982666015625,1.664886474609375,1.475982666015625,,,638253,18,1,3,0
5107,638375,10887,9778,1.661224365234375,1.49200439453125,1.661224365234375,1.49200439453125,,,638378,18,1,3,0
5108,638500,10860,9882,1.6571044921875,1.50787353515625,1.6571044921875,1.50787353515625,,,638503,18,1,3,0
5109,638625,10830,9986,1.65252685546875,1.52374267578125,1.65252685546875,1.52374267578125,,,638628,18,1,3,0
5110,638750,10796,10088,1.6473388671875,1.539306640625,1.6473388671875,1.539306640625,,,638753,18,1,3,0
5111,638875,10760,10189,1.641845703125,1.554718017578125,1.641845703125,1.554718017578125,,,638878,18,1,3,0
5112,639000,10720,10287,1.6357421875,1.569671630859375,1.6357421875,1.569671630859375,,,639003,18,1,3,0
5113,639125,10678,10383,1.62933349609375,1.584320068359375,1.62933349609375,1.584320068359375,,,639128,18,1,3,0
5114,639250,10632,10475,1.622314453125,1.598358154296875,1.622314453125,1.598358154296875,,,639253,18,1,3,0
5115,639375,10584,10564,1.614990234375,1.6119384765625,1.614990234375,1.6119384765625,,,639378,18,1,3,0
5116,639500,10534,10648,1.60736083984375,1.624755859375,1.60736083984375,1.624755859375,,,639503,18,1,3,0
5117,639625,10482,10728,1.59942626953125,1.636962890625,1.59942626953125,1.636962890625,,,639628,18,1,3,0
5118,639750,10427,10803,1.591033935546875,1.648406982421875,1.591033935546875,1.648406982421875,,,639753,18,1,3,0
5119,639875,10371,10873,1.582489013671875,1.659088134765625,1.582489013671875,1.659088134765625,,,639878,18,1,3,0
5120,640000,10312,10937,1.573486328125,1.668853759765625,1.573486328125,1.668853759765625,,,640003,18,1,3,0
5121,640125,10253,10994,1.564483642578125,1.67755126953125,1.564483642578125,1.67755126953125,,,640128,18,1,3,0
5122,640250,10192,11046,1.55517578125,1.68548583984375,1.55517578125,1.68548583984375,,,640253,18,1,3,0
5123,640375,10130,11091,1.54571533203125,1.692352294921875,1.54571533203125,1.692352294921875,,,640378,18,1,3,0
5124,640500,10067,11129,1.536102294921875,1.698150634765625,1.536102294921875,1.698150634765625,,,640503,18,1,3,0
5125,640625,10003,11160,1.526336669921875,1.702880859375,1.526336669921875,1.702880859375,,,640628,18,1,3,0
5126,640750,9939,11184,1.516571044921875,1.70654296875,1.516571044921875,1.70654296875,,,640753,18,1,3,0
5127,640875,9875,11201,1.506805419921875,1.709136962890625,1.506805419921875,1.709136962890625,,,640878,18,1,3,0
5128,641000,9810,11211,1.49688720703125,1.710662841796875,1.49688720703125,1.710662841796875,,,641003,18,1,3,0
5129,641125,9746,11214,1.48712158203125,1.71112060546875,1.48712158203125,1.71112060546875,,,641128,18,1,3,0
5130,641250,9682,11209,1.47735595703125,1.710357666015625,1.47735595703125,1.710357666015625,,,641253,18,1,3,0
5131,641375,9619,11197,1.467742919921875,1.708526611328125,1.467742919921875,1.708526611328125,,,641378,18,1,3,0
5132,641500,9557,11178,1.458282470703125,1.70562744140625,1.458282470703125,1.70562744140625,,,641503,18,1,3,0
5133,641625,9495,11152,1.448822021484375,1.70166015625,1.448822021484375,1.70166015625,,,641628,18,1,3,0
5134,641750,9435,11119,1.439666748046875,1.696624755859375,1.439666748046875,1.696624755859375,,,641753,18,1,3,0
5135,641875,9376,11080,1.4306640625,1.690673828125,1.4306640625,1.690673828125,,,641878,18,1,3,0
5136,642000,9319,11035,1.421966552734375,1.683807373046875,1.421966552734375,1.683807373046875,,,642003,18,1,3,0
5137,642125,9264,10983,1.41357421875,1.675872802734375,1.41357421875,1.675872802734375,,,642128,18,1,3,0
5138,642250,9210,10926,1.40533447265625,1.66717529296875,1.40533447265625,1.66717529296875,,,642253,18,1,3,0
5139,642375,9159,10863,1.397552490234375,1.657562255859375,1.397552490234375,1.657562255859375,,,642378,18,1,3,0
5140,642500,9110,10795,1.39007568359375,1.647186279296875,1.39007568359375,1.647186279296875,,,642503,18,1,3,0
5141,642625,9064,10723,1.383056640625,1.636199951171875,1.383056640625,1.636199951171875,,,642628,18,1,3,0
5142,642750,9020,10647,1.3763427734375,1.624603271484375,1.3763427734375,1.624603271484375,,,642753,18,1,3,0
5143,642875,8979,10566,1.370086669921875,1.61224365234375,1.370086669921875,1.61224365234375,,,642878,18,1,3,0
5144,643000,8941,10483,1.364288330078125,1.599578857421875,1.364288330078125,1.599578857421875,,,643003,18,1,3,0
5145,643125,8906,10396,1.35894775390625,1.5863037109375,1.35894775390625,1.5863037109375,,,643128,18,1,3,0
5146,643250,8874,10307,1.35406494140625,1.572723388671875,1.35406494140625,1.572723388671875,,,643253,18,1,3,0
5147,643375,8845,10217,1.349639892578125,1.558990478515625,1.349639892578125,1.558990478515625,,,643378,18,1,3,0
5148,643500,8820,10125,1.3458251953125,1.544952392578125,1.3458251953125,1.544952392578125,,,643503,18,1,3,0
5149,643625,8798,10032,1.34246826171875,1.53076171875,1.34246826171875,1.53076171875,,,643628,18,1,3,0
5150,643750,8780,9939,1.3397216796875,1.516571044921875,1.3397216796875,1.516571044921875,,,643753,18,1,3,0
5151,643875,8766,9846,1.33758544921875,1.50238037109375,1.33758544921875,1.50238037109375,,,643878,18,1,3,0
5152,644000,8755,9754,1.335906982421875,1.48834228515625,1.335906982421875,1.48834228515625,,,644003,18,1,3,0
5153,644125,8748,9663,1.3348388671875,1.474456787109375,1.3348388671875,1.474456787109375,,,644128,18,1,3,0
5154,644250,8744,9574,1.334228515625,1.46087646484375,1.334228515625,1.46087646484375,,,644253,18,1,3,0
5155,644375,8744,9487,1.334228515625,1.447601318359375,1.334228515625,1.447601318359375,,,644378,18,1,3,0
5156,644500,8748,9403,1.3348388671875,1.434783935546875,1.3348388671875,1.434783935546875,,,644503,18,1,3,0
5157,644625,8756,9323,1.3360595703125,1.422576904296875,1.3360595703125,1.422576904296875,,,644628,18,1,3,0
5158,644750,8767,9245,1.337738037109375,1.410675048828125,1.337738037109375,1.410675048828125,,,644753,18,1,3,0
5159,644875,8782,9172,1.34002685546875,1.3995361328125,1.34002685546875,1.3995361328125,,,644878,18,1,3,0
5160,645000,8801,9104,1.342926025390625,1.38916015625,1.342926025390625,1.38916015625,,,645003,18,1,3,0
5161,645125,8823,9040,1.346282958984375,1.37939453125,1.346282958984375,1.37939453125,,,645128,18,1,3,0
5162,645250,8848,8981,1.35009765625,1.370391845703125,1.35009765625,1.370391845703125,,,645253,18,1,3,0
5163,645375,8877,8928,1.354522705078125,1.3623046875,1.354522705078125,1.3623046875,,,645378,18,1,3,0
5164,645500,8910,8881,1.35955810546875,1.355133056640625,1.35955810546875,1.355133056640625,,,645503,18,1,3,0
5165,645625,8945,8840,1.364898681640625,1.348876953125,1.364898681640625,1.348876953125,,,645628,18,1,3,0
5166,645750,8984,8805,1.370849609375,1.343536376953125,1.370849609375,1.343536376953125,,,645753,18,1,3,0
5167,645875,9026,8777,1.37725830078125,1.339263916015625,1.37725830078125,1.339263916015625,,,645878,18,1,3,0
5168,646000,9070,8755,1.38397216796875,1.335906982421875,1.38397216796875,1.335906982421875,,,646003,18,1,3,0
5169,646125,9118,8740,1.39129638671875,1.3336181640625,1.39129638671875,1.3336181640625,,,646128,18,1,3,0
5170,646250,9167,8731,1.398773193359375,1.332244873046875,1.398773193359375,1.332244873046875,,,646253,18,1,3,0
5171,646375,9219,8730,1.406707763671875,1.33209228515625,1.406707763671875,1.33209228515625,,,646378,18,1,3,0
5172,646500,9274,8735,1.41510009765625,1.332855224609375,1.41510009765625,1.332855224609375,,,646503,18,1,3,0
5173,646625,9330,8747,1.42364501953125,1.334686279296875,1.42364501953125,1.334686279296875,,,646628,18,1,3,0
5174,646750,9389,8766,1.432647705078125,1.33758544921875,1.432647705078125,1.33758544921875,,,646753,18,1,3,0
5175,646875,9449,8791,1.441802978515625,1.341400146484375,1.441802978515625,1.341400146484375,,,646878,18,1,3,0
5176,647000,9510,8823,1.45111083984375,1.346282958984375,1.45111083984375,1.346282958984375,,,647003,18,1,3,0
5177,647125,9573,8860,1.460723876953125,1.3519287109375,1.460723876953125,1.3519287109375,,,647128,18,1,3,0
5178,647250,9637,8904,1.470489501953125,1.358642578125,1.470489501953125,1.358642578125,,,647253,18,1,3,0
5179,647375,9701,8954,1.480255126953125,1.36627197265625,1.480255126953125,1.36627197265625,,,647378,18,1,3,0
5180,647500,9767,9009,1.490325927734375,1.374664306640625,1.490325927734375,1.374664306640625,,,647503,18,1,3,0
5181,647625,9833,9069,1.500396728515625,1.383819580078125,1.500396728515625,1.383819580078125,,,647628,18,1,3,0
5182,647750,9899,9134,1.510467529296875,1.39373779296875,1.510467529296875,1.39373779296875,,,647753,18,1,3,0
5183,647875,9965,9203,1.520538330078125,1.404266357421875,1.520538330078125,1.404266357421875,,,647878,18,1,3,0
5184,648000,10031,9276,1.530609130859375,1.4154052734375,1.530609130859375,1.4154052734375,,,648003,18,1,3,0
5185,648125,10096,9353,1.54052734375,1.427154541015625,1.54052734375,1.427154541015625,,,648128,18,1,3,0
5186,648250,10161,9433,1.550445556640625,1.439361572265625,1.550445556640625,1.439361572265625,,,648253,18,1,3,0
5187,648375,10225,9515,1.560211181640625,1.451873779296875,1.560211181640625,1.451873779296875,,,648378,18,1,3,0
5188,648500,10288,9600,1.56982421875,1.46484375,1.56982421875,1.46484375,,,648503,18,1,3,0
5189,648625,10350,9686,1.57928466796875,1.47796630859375,1.57928466796875,1.47796630859375,,,648628,18,1,3,0
5190,648750,10410,9774,1.58843994140625,1.49139404296875,1.58843994140625,1.49139404296875,,,648753,18,1,3,0
5191,648875,10468,9862,1.5972900390625,1.50482177734375,1.5972900390625,1.50482177734375,,,648878,18,1,3,0
5192,649000,10525,9950,1.605987548828125,1.51824951171875,1.605987548828125,1.51824951171875,,,649003,18,1,3,0
5193,649125,10580,10038,1.6143798828125,1.53167724609375,1.6143798828125,1.53167724609375,,,649128,18,1,3,0
5194,649250,10632,10125,1.622314453125,1.544952392578125,1.622314453125,1.544952392578125,,,649253,18,1,3,0
5195,649375,10682,10211,1.62994384765625,1.558074951171875,1.62994384765625,1.558074951171875,,,649378,18,1,3,0
5196,649500,10729,10294,1.637115478515625,1.57073974609375,1.637115478515625,1.57073974609375,,,649503,18,1,3,0
5197,649625,10774,10376,1.64398193359375,1.583251953125,1.64398193359375,1.583251953125,,,649628,18,1,3,0
5198,649750,10816,10454,1.650390625,1.59515380859375,1.650390625,1.59515380859375,,,649753,18,1,3,0
5199,649875,10855,10529,1.656341552734375,1.606597900390625,1.656341552734375,1.606597900390625,,,649878,18,1,3,0
5200,650000,10890,10600,1.66168212890625,1.617431640625,1.66168212890625,1.617431640625,,,650003,18,1,3,0
5201,650125,10923,10667,1.666717529296875,1.627655029296875,1.666717529296875,1.627655029296875,,,650128,18,1,3,0
5202,650250,10951,10730,1.670989990234375,1.63726806640625,1.670989990234375,1.63726806640625,,,650253,18,1,3,0
5203,650375,10977,10787,1.674957275390625,1.645965576171875,1.674957275390625,1.645965576171875,,,650378,18,1,3,0
5204,650500,10999,10840,1.678314208984375,1.654052734375,1.678314208984375,1.654052734375,,,650503,18,1,3,0
5205,650625,11017,10886,1.681060791015625,1.66107177734375,1.681060791015625,1.66107177734375,,,650628,18,1,3,0
5206,650750,11031,10927,1.683197021484375,1.667327880859375,1.683197021484375,1.667327880859375,,,650753,18,1,3,0
5207,650875,11041,10961,1.684722900390625,1.672515869140625,1.684722900390625,1.672515869140625,,,650878,18,1,3,0
5208,651000,11048,10989,1.685791015625,1.676788330078125,1.685791015625,1.676788330078125,,,651003,18,1,3,0
5209,651125,11051,11011,1.686248779296875,1.680145263671875,1.686248779296875,1.680145263671875,,,651128,18,1,3,0
5210,651250,11050,11026,1.68609619140625,1.68243408203125,1.68609619140625,1.68243408203125,,,651253,18,1,3,0
5211,651375,11044,11033,1.6851806640625,1.683502197265625,1.6851806640625,1.683502197265625,,,651378,18,1,3,0
5212,651500,11035,11034,1.683807373046875,1.68365478515625,1.683807373046875,1.68365478515625,,,651503,18,1,3,0
5213,651625,11022,11028,1.68182373046875,1.6827392578125,1.68182373046875,1.6827392578125,,,651628,18,1,3,0
5214,651750,11006,11015,1.67938232421875,1.680755615234375,1.67938232421875,1.680755615234375,,,651753,18,1,3,0
5215,651875,10985,10995,1.676177978515625,1.677703857421875,1.676177978515625,1.677703857421875,,,651878,18,1,3,0
5216,652000,10960,10969,1.67236328125,1.673736572265625,1.67236328125,1.673736572265625,,,652003,18,1,3,0
5217,652125,10932,10935,1.6680908203125,1.668548583984375,1.6680908203125,1.668548583984375,,,652128,18,1,3,0
5218,652250,10900,10895,1.6632080078125,1.662445068359375,1.6632080078125,1.662445068359375,,,652253,18,1,3,0
5219,652375,10865,10849,1.657867431640625,1.655426025390625,1.657867431640625,1.655426025390625,,,652378,18,1,3,0
5220,652500,10826,10796,1.65191650390625,1.6473388671875,1.65191650390625,1.6473388671875,,,652503,18,1,3,0
5221,652625,10784,10737,1.6455078125,1.638336181640625,1.6455078125,1.638336181640625,,,652628,18,1,3,0
5222,652750,10738,10673,1.63848876953125,1.628570556640625,1.63848876953125,1.628570556640625,,,652753,18,1,3,0
5223,652875,10690,10604,1.63116455078125,1.6180419921875,1.63116455078125,1.6180419921875,,,652878,18,1,3,0
5224,653000,10638,10530,1.62322998046875,1.60675048828125,1.62322998046875,1.60675048828125,,,653003,18,1,3,0
5225,653125,10584,10451,1.614990234375,1.594696044921875,1.614990234375,1.594696044921875,,,653128,18,1,3,0
5226,653250,10527,10368,1.606292724609375,1.58203125,1.606292724609375,1.58203125,,,653253,18,1,3,0
5227,653375,10468,10281,1.5972900390625,1.568756103515625,1.5972900390625,1.568756103515625,,,653378,18,1,3,0
5228,653500,10406,10191,1.58782958984375,1.555023193359375,1.58782958984375,1.555023193359375,,,653503,18,1,3,0
5229,653625,10342,10098,1.57806396484375,1.54083251953125,1.57806396484375,1.54083251953125,,,653628,18,1,3,0
5230,653750,10276,10003,1.5679931640625,1.526336669921875,1.5679931640625,1.526336669921875,,,653753,18,1,3,0
5231,653875,10209,9907,1.557769775390625,1.511688232421875,1.557769775390625,1.511688232421875,,,653878,18,1,3,0
5232,654000,10140,9809,1.5472412109375,1.496734619140625,1.5472412109375,1.496734619140625,,,654003,18,1,3,0
5233,654125,10070,9710,1.53656005859375,1.48162841796875,1.53656005859375,1.48162841796875,,,654128,18,1,3,0
5234,654250,9998,9611,1.52557373046875,1.466522216796875,1.52557373046875,1.466522216796875,,,654253,18,1,3,0
5235,654375,9926,9512,1.51458740234375,1.451416015625,1.51458740234375,1.451416015625,,,654378,18,1,3,0
5236,654500,9853,9415,1.503448486328125,1.436614990234375,1.503448486328125,1.436614990234375,,,654503,18,1,3,0
5237,654625,9780,9318,1.4923095703125,1.42181396484375,1.4923095703125,1.42181396484375,,,654628,18,1,3,0
5238,654750,9706,9224,1.48101806640625,1.407470703125,1.48101806640625,1.407470703125,,,654753,18,1,3,0
5239,654875,9633,9132,1.469879150390625,1.3934326171875,1.469879150390625,1.3934326171875,,,654878,18,1,3,0
5240,655000,9559,9042,1.458587646484375,1.37969970703125,1.458587646484375,1.37969970703125,,,655003,18,1,3,0
5241,655125,9487,8957,1.447601318359375,1.366729736328125,1.447601318359375,1.366729736328125,,,655128,18,1,3,0
5242,655250,9415,8875,1.436614990234375,1.354217529296875,1.436614990234375,1.354217529296875,,,655253,18,1,3,0
5243,655375,9343,8797,1.425628662109375,1.342315673828125,1.425628662109375,1.342315673828125,,,655378,18,1,3,0
5244,655500,9273,8724,1.414947509765625,1.3311767578125,1.414947509765625,1.3311767578125,,,655503,18,1,3,0
5245,655625,9205,8657,1.404571533203125,1.320953369140625,1.404571533203125,1.320953369140625,,,655628,18,1,3,0
5246,655750,9138,8594,1.39434814453125,1.31134033203125,1.39434814453125,1.31134033203125,,,655753,18,1,3,0
5247,655875,9073,8538,1.384429931640625,1.30279541015625,1.384429931640625,1.30279541015625,,,655878,18,1,3,0
5248,656000,9009,8488,1.374664306640625,1.295166015625,1.374664306640625,1.295166015625,,,656003,18,1,3,0
5249,656125,8948,8444,1.3653564453125,1.2884521484375,1.3653564453125,1.2884521484375,,,656128,18,1,3,0
5250,656250,8890,8407,1.35650634765625,1.282806396484375,1.35650634765625,1.282806396484375,,,656253,18,1,3,0
5251,656375,8834,8377,1.34796142578125,1.278228759765625,1.34796142578125,1.278228759765625,,,656378,18,1,3,0
5252,656500,8781,8354,1.339874267578125,1.27471923828125,1.339874267578125,1.27471923828125,,,656503,18,1,3,0
5253,656625,8730,8338,1.33209228515625,1.27227783203125,1.33209228515625,1.27227783203125,,,656628,18,1,3,0
5254,656750,8683,8330,1.324920654296875,1.27105712890625,1.324920654296875,1.27105712890625,,,656753,18,1,3,0
5255,656875,8639,8329,1.318206787109375,1.270904541015625,1.318206787109375,1.270904541015625,,,656878,18,1,3,0
5256,657000,8599,8335,1.312103271484375,1.271820068359375,1.312103271484375,1.271820068359375,,,657003,18,1,3,0
5257,657125,8562,8349,1.30645751953125,1.273956298828125,1.30645751953125,1.273956298828125,,,657128,18,1,3,0
5258,657250,8528,8370,1.30126953125,1.27716064453125,1.30126953125,1.27716064453125,,,657253,18,1,3,0
5259,657375,8499,8399,1.296844482421875,1.281585693359375,1.296844482421875,1.281585693359375,,,657378,18,1,3,0
5260,657500,8473,8434,1.292877197265625,1.28692626953125,1.292877197265625,1.28692626953125,,,657503,18,1,3,0
5261,657625,8451,8477,1.289520263671875,1.293487548828125,1.289520263671875,1.293487548828125,,,657628,18,1,3,0
5262,657750,8434,8526,1.28692626953125,1.30096435546875,1.28692626953125,1.30096435546875,,,657753,18,1,3,0
5263,657875,8420,8582,1.2847900390625,1.30950927734375,1.2847900390625,1.30950927734375,,,657878,18,1,3,0
5264,658000,8411,8644,1.283416748046875,1.3189697265625,1.283416748046875,1.3189697265625,,,658003,18,1,3,0
5265,658125,8406,8713,1.28265380859375,1.329498291015625,1.28265380859375,1.329498291015625,,,658128,18,1,3,0
5266,658250,8405,8786,1.282501220703125,1.34063720703125,1.282501220703125,1.34063720703125,,,658253,18,1,3,0
5267,658375,8408,8865,1.282958984375,1.352691650390625,1.282958984375,1.352691650390625,,,658378,18,1,3,0
5268,658500,8415,8949,1.284027099609375,1.365509033203125,1.284027099609375,1.365509033203125,,,658503,18,1,3,0
5269,658625,8427,9037,1.285858154296875,1.378936767578125,1.285858154296875,1.378936767578125,,,658628,18,1,3,0
5270,658750,8443,9129,1.288299560546875,1.392974853515625,1.288299560546875,1.392974853515625,,,658753,18,1,3,0
5271,658875,8463,9224,1.291351318359375,1.407470703125,1.291351318359375,1.407470703125,,,658878,18,1,3,0
5272,659000,8487,9323,1.295013427734375,1.422576904296875,1.295013427734375,1.422576904296875,,,659003,18,1,3,0
5273,659125,8516,9424,1.2994384765625,1.43798828125,1.2994384765625,1.43798828125,,,659128,18,1,3,0
5274,659250,8548,9527,1.3043212890625,1.453704833984375,1.3043212890625,1.453704833984375,,,659253,18,1,3,0
5275,659375,8584,9631,1.309814453125,1.469573974609375,1.309814453125,1.469573974609375,,,659378,18,1,3,0
5276,659500,8624,9736,1.31591796875,1.485595703125,1.31591796875,1.485595703125,,,659503,18,1,3,0
5277,659625,8668,9842,1.3226318359375,1.50177001953125,1.3226318359375,1.50177001953125,,,659628,18,1,3,0
5278,659750,8715,9948,1.329803466796875,1.5179443359375,1.329803466796875,1.5179443359375,,,659753,18,1,3,0
5279,659875,8766,10052,1.33758544921875,1.5338134765625,1.33758544921875,1.5338134765625,,,659878,18,1,3,0
5280,660000,8820,10156,1.3458251953125,1.5496826171875,1.3458251953125,1.5496826171875,,,660003,18,1,3,0
5281,660125,8877,10258,1.354522705078125,1.56524658203125,1.354522705078125,1.56524658203125,,,660128,18,1,3,0
5282,660250,8937,10357,1.363677978515625,1.580352783203125,1.363677978515625,1.580352783203125,,,660253,18,1,3,0
5283,660375,9000,10454,1.373291015625,1.59515380859375,1.373291015625,1.59515380859375,,,660378,18,1,3,0
5284,660500,9066,10547,1.38336181640625,1.609344482421875,1.38336181640625,1.609344482421875,,,660503,18,1,3,0
5285,660625,9134,10637,1.39373779296875,1.623077392578125,1.39373779296875,1.623077392578125,,,660628,18,1,3,0
5286,660750,9204,10722,1.4044189453125,1.63604736328125,1.4044189453125,1.63604736328125,,,660753,18,1,3,0
5287,660875,9276,10803,1.4154052734375,1.648406982421875,1.4154052734375,1.648406982421875,,,660878,18,1,3,0
5288,661000,9350,10879,1.42669677734375,1.660003662109375,1.42669677734375,1.660003662109375,,,661003,18,1,3,0
5289,661125,9426,10949,1.43829345703125,1.670684814453125,1.43829345703125,1.670684814453125,,,661128,18,1,3,0
5290,661250,9503,11013,1.450042724609375,1.680450439453125,1.450042724609375,1.680450439453125,,,661253,18,1,3,0
5291,661375,9581,11072,1.461944580078125,1.689453125,1.461944580078125,1.689453125,,,661378,18,1,3,0
5292,661500,9660,11123,1.4739990234375,1.697235107421875,1.4739990234375,1.697235107421875,,,661503,18,1,3,0
5293,661625,9740,11169,1.4862060546875,1.704254150390625,1.4862060546875,1.704254150390625,,,661628,18,1,3,0
5294,661750,9820,11207,1.4984130859375,1.710052490234375,1.4984130859375,1.710052490234375,,,661753,18,1,3,0
5295,661875,9901,11239,1.510772705078125,1.714935302734375,1.510772705078125,1.714935302734375,,,661878,18,1,3,0
5296,662000,9981,11263,1.522979736328125,1.718597412109375,1.522979736328125,1.718597412109375,,,662003,18,1,3,0
5297,662125,10061,11280,1.535186767578125,1.72119140625,1.535186767578125,1.72119140625,,,662128,18,1,3,0
5298,662250,10141,11290,1.547393798828125,1.72271728515625,1.547393798828125,1.72271728515625,,,662253,18,1,3,0
5299,662375,10220,11292,1.5594482421875,1.7230224609375,1.5594482421875,1.7230224609375,,,662378,18,1,3,0
5300,662500,10298,11287,1.57135009765625,1.722259521484375,1.57135009765625,1.722259521484375,,,662503,18,1,3,0
5301,662625,10375,11274,1.583099365234375,1.72027587890625,1.583099365234375,1.72027587890625,,,662628,18,1,3,0
5302,662750,10450,11255,1.59454345703125,1.717376708984375,1.59454345703125,1.717376708984375,,,662753,18,1,3,0
5303,662875,10524,11228,1.6058349609375,1.7132568359375,1.6058349609375,1.7132568359375,,,662878,18,1,3,0
5304,663000,10596,11194,1.6168212890625,1.70806884765625,1.6168212890625,1.70806884765625,,,663003,18,1,3,0
5305,663125,10666,11154,1.62750244140625,1.70196533203125,1.62750244140625,1.70196533203125,,,663128,18,1,3,0
5306,663250,10733,11107,1.637725830078125,1.694793701171875,1.637725830078125,1.694793701171875,,,663253,18,1,3,0
5307,663375,10798,11054,1.64764404296875,1.68670654296875,1.64764404296875,1.68670654296875,,,663378,18,1,3,0
5308,663500,10860,10995,1.6571044921875,1.677703857421875,1.6571044921875,1.677703857421875,,,663503,18,1,3,0
5309,663625,10920,10931,1.666259765625,1.667938232421875,1.666259765625,1.667938232421875,,,663628,18,1,3,0
5310,663750,10976,10861,1.6748046875,1.657257080078125,1.6748046875,1.657257080078125,,,663753,18,1,3,0
5311,663875,11029,10787,1.682891845703125,1.645965576171875,1.682891845703125,1.645965576171875,,,663878,18,1,3,0
5312,664000,11079,10708,1.690521240234375,1.6339111328125,1.690521240234375,1.6339111328125,,,664003,18,1,3,0
5313,664125,11125,10625,1.697540283203125,1.621246337890625,1.697540283203125,1.621246337890625,,,664128,18,1,3,0
5314,664250,11167,10539,1.703948974609375,1.608123779296875,1.703948974609375,1.608123779296875,,,664253,18,1,3,0
5315,664375,11206,10450,1.70989990234375,1.59454345703125,1.70989990234375,1.59454345703125,,,664378,18,1,3,0
5316,664500,11241,10358,1.715240478515625,1.58050537109375,1.715240478515625,1.58050537109375,,,664503,18,1,3,0
5317,664625,11271,10265,1.719818115234375,1.566314697265625,1.719818115234375,1.566314697265625,,,664628,18,1,3,0
5318,664750,11298,10170,1.72393798828125,1.55181884765625,1.72393798828125,1.55181884765625,,,664753,18,1,3,0
5319,664875,11320,10074,1.727294921875,1.53717041015625,1.727294921875,1.53717041015625,,,664878,18,1,3,0
5320,665000,11338,9977,1.73004150390625,1.522369384765625,1.73004150390625,1.522369384765625,,,665003,18,1,3,0
5321,665125,11352,9881,1.732177734375,1.507720947265625,1.732177734375,1.507720947265625,,,665128,18,1,3,0
5322,665250,11362,9785,1.73370361328125,1.493072509765625,1.73370361328125,1.493072509765625,,,665253,18,1,3,0
5323,665375,11367,9690,1.734466552734375,1.47857666015625,1.734466552734375,1.47857666015625,,,665378,18,1,3,0
5324,665500,11367,9597,1.734466552734375,1.464385986328125,1.734466552734375,1.464385986328125,,,665503,18,1,3,0
5325,665625,11363,9506,1.733856201171875,1.45050048828125,1.733856201171875,1.45050048828125,,,665628,18,1,3,0
5326,665750,11355,9418,1.732635498046875,1.43707275390625,1.732635498046875,1.43707275390625,,,665753,18,1,3,0
5327,665875,11342,9333,1.73065185546875,1.424102783203125,1.73065185546875,1.424102783203125,,,665878,18,1,3,0
5328,666000,11325,9251,1.728057861328125,1.411590576171875,1.728057861328125,1.411590576171875,,,666003,18,1,3,0
5329,666125,11304,9174,1.724853515625,1.39984130859375,1.724853515625,1.39984130859375,,,666128,18,1,3,0
5330,666250,11278,9101,1.72088623046875,1.388702392578125,1.72088623046875,1.388702392578125,,,666253,18,1,3,0
5331,666375,11249,9032,1.716461181640625,1.378173828125,1.716461181640625,1.378173828125,,,666378,18,1,3,0
5332,666500,11215,8969,1.711273193359375,1.368560791015625,1.711273193359375,1.368560791015625,,,666503,18,1,3,0
5333,666625,11177,8911,1.705474853515625,1.359710693359375,1.705474853515625,1.359710693359375,,,666628,18,1,3,0
5334,666750,11135,8859,1.699066162109375,1.351776123046875,1.699066162109375,1.351776123046875,,,666753,18,1,3,0
5335,666875,11090,8814,1.69219970703125,1.34490966796875,1.69219970703125,1.34490966796875,,,666878,18,1,3,0
5336,667000,11041,8774,1.684722900390625,1.33880615234375,1.684722900390625,1.33880615234375,,,667003,18,1,3,0
5337,667125,10988,8741,1.6766357421875,1.333770751953125,1.6766357421875,1.333770751953125,,,667128,18,1,3,0
5338,667250,10933,8715,1.668243408203125,1.329803466796875,1.668243408203125,1.329803466796875,,,667253,18,1,3,0
5339,667375,10874,8695,1.65924072265625,1.326751708984375,1.65924072265625,1.326751708984375,,,667378,18,1,3,0
5340,667500,10812,8682,1.6497802734375,1.32476806640625,1.6497802734375,1.32476806640625,,,667503,18,1,3,0
5341,667625,10747,8676,1.639862060546875,1.3238525390625,1.639862060546875,1.3238525390625,,,667628,18,1,3,0
5342,667750,10679,8677,1.629486083984375,1.324005126953125,1.629486083984375,1.324005126953125,,,667753,18,1,3,0
5343,667875,10610,8685,1.61895751953125,1.325225830078125,1.61895751953125,1.325225830078125,,,667878,18,1,3,0
5344,668000,10538,8699,1.60797119140625,1.327362060546875,1.60797119140625,1.327362060546875,,,668003,18,1,3,0
5345,668125,10464,8721,1.5966796875,1.330718994140625,1.5966796875,1.330718994140625,,,668128,18,1,3,0
5346,668250,10388,8748,1.5850830078125,1.3348388671875,1.5850830078125,1.3348388671875,,,668253,18,1,3,0
5347,668375,10311,8783,1.573333740234375,1.340179443359375,1.573333740234375,1.340179443359375,,,668378,18,1,3,0
5348,668500,10232,8823,1.561279296875,1.346282958984375,1.561279296875,1.346282958984375,,,668503,18,1,3,0
5349,668625,10152,8869,1.549072265625,1.353302001953125,1.549072265625,1.353302001953125,,,668628,18,1,3,0
5350,668750,10072,8921,1.536865234375,1.361236572265625,1.536865234375,1.361236572265625,,,668753,18,1,3,0
5351,668875,9991,8978,1.524505615234375,1.36993408203125,1.524505615234375,1.36993408203125,,,668878,18,1,3,0
5352,669000,9909,9040,1.511993408203125,1.37939453125,1.511993408203125,1.37939453125,,,669003,18,1,3,0
5353,669125,9827,9107,1.499481201171875,1.389617919921875,1.499481201171875,1.389617919921875,,,669128,18,1,3,0
5354,669250,9746,9178,1.48712158203125,1.40045166015625,1.48712158203125,1.40045166015625,,,669253,18,1,3,0
5355,669375,9665,9252,1.474761962890625,1.4117431640625,1.474761962890625,1.4117431640625,,,669378,18,1,3,0
5356,669500,9584,9330,1.46240234375,1.42364501953125,1.46240234375,1.42364501953125,,,669503,18,1,3,0
5357,669625,9504,9411,1.4501953125,1.436004638671875,1.4501953125,1.436004638671875,,,669628,18,1,3,0
5358,669750,9425,9494,1.438140869140625,1.44866943359375,1.438140869140625,1.44866943359375,,,669753,18,1,3,0
5359,669875,9348,9579,1.4263916015625,1.461639404296875,1.4263916015625,1.461639404296875,,,669878,18,1,3,0
5360,670000,9272,9666,1.414794921875,1.47491455078125,1.414794921875,1.47491455078125,,,670003,18,1,3,0
5361,670125,9198,9753,1.40350341796875,1.488189697265625,1.40350341796875,1.488189697265625,,,670128,18,1,3,0
5362,670250,9125,9841,1.392364501953125,1.501617431640625,1.392364501953125,1.501617431640625,,,670253,18,1,3,0
5363,670375,9055,9928,1.381683349609375,1.514892578125,1.381683349609375,1.514892578125,,,670378,18,1,3,0
5364,670500,8987,10015,1.371307373046875,1.528167724609375,1.371307373046875,1.528167724609375,,,670503,18,1,3,0
5365,670625,8922,10101,1.36138916015625,1.541290283203125,1.36138916015625,1.541290283203125,,,670628,18,1,3,0
5366,670750,8860,10185,1.3519287109375,1.554107666015625,1.3519287109375,1.554107666015625,,,670753,18,1,3,0
5367,670875,8800,10267,1.3427734375,1.566619873046875,1.3427734375,1.566619873046875,,,670878,18,1,3,0
5368,671000,8744,10347,1.334228515625,1.578826904296875,1.334228515625,1.578826904296875,,,671003,18,1,3,0
5369,671125,8691,10423,1.326141357421875,1.590423583984375,1.326141357421875,1.590423583984375,,,671128,18,1,3,0
5370,671250,8641,10496,1.318511962890625,1.6015625,1.318511962890625,1.6015625,,,671253,18,1,3,0
5371,671375,8595,10565,1.311492919921875,1.612091064453125,1.311492919921875,1.612091064453125,,,671378,18,1,3,0
5372,671500,8552,10629,1.304931640625,1.621856689453125,1.304931640625,1.621856689453125,,,671503,18,1,3,0
5373,671625,8514,10689,1.29913330078125,1.631011962890625,1.29913330078125,1.631011962890625,,,671628,18,1,3,0
5374,671750,8479,10743,1.293792724609375,1.639251708984375,1.293792724609375,1.639251708984375,,,671753,18,1,3,0
5375,671875,8448,10792,1.2890625,1.646728515625,1.2890625,1.646728515625,,,671878,18,1,3,0
5376,672000,8422,10836,1.28509521484375,1.6534423828125,1.28509521484375,1.6534423828125,,,672003,18,1,3,0
5377,672125,8399,10873,1.281585693359375,1.659088134765625,1.281585693359375,1.659088134765625,,,672128,18,1,3,0
5378,672250,8381,10904,1.278839111328125,1.663818359375,1.278839111328125,1.663818359375,,,672253,18,1,3,0
5379,672375,8367,10929,1.276702880859375,1.667633056640625,1.276702880859375,1.667633056640625,,,672378,18,1,3,0
5380,672500,8357,10947,1.275177001953125,1.670379638671875,1.275177001953125,1.670379638671875,,,672503,18,1,3,0
5381,672625,8352,10958,1.2744140625,1.67205810546875,1.2744140625,1.67205810546875,,,672628,18,1,3,0
5382,672750,8351,10963,1.274261474609375,1.672821044921875,1.274261474609375,1.672821044921875,,,672753,18,1,3,0
5383,672875,8354,10960,1.27471923828125,1.67236328125,1.27471923828125,1.67236328125,,,672878,18,1,3,0
5384,673000,8362,10951,1.27593994140625,1.670989990234375,1.27593994140625,1.670989990234375,,,673003,18,1,3,0
5385,673125,8374,10935,1.27777099609375,1.668548583984375,1.27777099609375,1.668548583984375,,,673128,18,1,3,0
5386,673250,8390,10913,1.28021240234375,1.665191650390625,1.28021240234375,1.665191650390625,,,673253,18,1,3,0
5387,673375,8410,10883,1.28326416015625,1.660614013671875,1.28326416015625,1.660614013671875,,,673378,18,1,3,0
5388,673500,8434,10847,1.28692626953125,1.655120849609375,1.28692626953125,1.655120849609375,,,673503,18,1,3,0
5389,673625,8463,10805,1.291351318359375,1.648712158203125,1.291351318359375,1.648712158203125,,,673628,18,1,3,0
5390,673750,8495,10757,1.296234130859375,1.641387939453125,1.296234130859375,1.641387939453125,,,673753,18,1,3,0
5391,673875,8531,10702,1.301727294921875,1.63299560546875,1.301727294921875,1.63299560546875,,,673878,18,1,3,0
5392,674000,8571,10642,1.307830810546875,1.62384033203125,1.307830810546875,1.62384033203125,,,674003,18,1,3,0
5393,674125,8614,10577,1.31439208984375,1.613922119140625,1.31439208984375,1.613922119140625,,,674128,18,1,3,0
5394,674250,8661,10507,1.321563720703125,1.603240966796875,1.321563720703125,1.603240966796875,,,674253,18,1,3,0
5395,674375,8711,10432,1.329193115234375,1.591796875,1.329193115234375,1.591796875,,,674378,18,1,3,0
5396,674500,8765,10354,1.337432861328125,1.57989501953125,1.337432861328125,1.57989501953125,,,674503,18,1,3,0
5397,674625,8821,10271,1.345977783203125,1.567230224609375,1.345977783203125,1.567230224609375,,,674628,18,1,3,0
5398,674750,8880,10185,1.35498046875,1.554107666015625,1.35498046875,1.554107666015625,,,674753,18,1,3,0
5399,674875,8941,10097,1.364288330078125,1.540679931640625,1.364288330078125,1.540679931640625,,,674878,18,1,3,0
5400,675000,9005,10006,1.374053955078125,1.52679443359375,1.374053955078125,1.52679443359375,,,675003,18,1,3,0
5401,675125,9072,9913,1.38427734375,1.512603759765625,1.38427734375,1.512603759765625,,,675128,18,1,3,0
5402,675250,9140,9818,1.3946533203125,1.49810791015625,1.3946533203125,1.49810791015625,,,675253,18,1,3,0
5403,675375,9210,9723,1.40533447265625,1.483612060546875,1.40533447265625,1.483612060546875,,,675378,18,1,3,0
5404,675500,9281,9628,1.416168212890625,1.4691162109375,1.416168212890625,1.4691162109375,,,675503,18,1,3,0
5405,675625,9354,9533,1.42730712890625,1.454620361328125,1.42730712890625,1.454620361328125,,,675628,18,1,3,0
5406,675750,9428,9439,1.4385986328125,1.440277099609375,1.4385986328125,1.440277099609375,,,675753,18,1,3,0
5407,675875,9503,9345,1.450042724609375,1.425933837890625,1.450042724609375,1.425933837890625,,,675878,18,1,3,0
5408,676000,9579,9254,1.461639404296875,1.41204833984375,1.461639404296875,1.41204833984375,,,676003,18,1,3,0
5409,676125,9655,9165,1.473236083984375,1.398468017578125,1.473236083984375,1.398468017578125,,,676128,18,1,3,0
5410,676250,9731,9079,1.484832763671875,1.385345458984375,1.484832763671875,1.385345458984375,,,676253,18,1,3,0
5411,676375,9807,8996,1.496429443359375,1.3726806640625,1.496429443359375,1.3726806640625,,,676378,18,1,3,0
5412,676500,9883,8916,1.508026123046875,1.3604736328125,1.508026123046875,1.3604736328125,,,676503,18,1,3,0
5413,676625,9959,8841,1.519622802734375,1.349029541015625,1.519622802734375,1.349029541015625,,,676628,18,1,3,0
5414,676750,10033,8771,1.530914306640625,1.338348388671875,1.530914306640625,1.338348388671875,,,676753,18,1,3,0
5415,676875,10107,8705,1.542205810546875,1.328277587890625,1.542205810546875,1.328277587890625,,,676878,18,1,3,0
5416,677000,10180,8645,1.5533447265625,1.319122314453125,1.5533447265625,1.319122314453125,,,677003,18,1,3,0
5417,677125,10251,8591,1.564178466796875,1.310882568359375,1.564178466796875,1.310882568359375,,,677128,18,1,3,0
5418,677250,10321,8542,1.574859619140625,1.30340576171875,1.574859619140625,1.30340576171875,,,677253,18,1,3,0
5419,677375,10389,8500,1.585235595703125,1.2969970703125,1.585235595703125,1.2969970703125,,,677378,18,1,3,0
5420,677500,10455,8465,1.595306396484375,1.291656494140625,1.595306396484375,1.291656494140625,,,677503,18,1,3,0
5421,677625,10518,8436,1.60491943359375,1.2872314453125,1.60491943359375,1.2872314453125,,,677628,18,1,3,0
5422,677750,10580,8415,1.6143798828125,1.284027099609375,1.6143798828125,1.284027099609375,,,677753,18,1,3,0
5423,677875,10638,8400,1.62322998046875,1.28173828125,1.62322998046875,1.28173828125,,,677878,18,1,3,0
5424,678000,10694,8393,1.63177490234375,1.280670166015625,1.63177490234375,1.280670166015625,,,678003,18,1,3,0
5425,678125,10748,8393,1.6400146484375,1.280670166015625,1.6400146484375,1.280670166015625,,,678128,18,1,3,0
5426,678250,10798,8400,1.64764404296875,1.28173828125,1.64764404296875,1.28173828125,,,678253,18,1,3,0
5427,678375,10844,8415,1.6546630859375,1.284027099609375,1.6546630859375,1.284027099609375,,,678378,18,1,3,0
5428,678500,10888,8437,1.661376953125,1.287384033203125,1.661376953125,1.287384033203125,,,678503,18,1,3,0
5429,678625,10928,8466,1.66748046875,1.29180908203125,1.66748046875,1.29180908203125,,,678628,18,1,3,0
5430,678750,10965,8502,1.673126220703125,1.29730224609375,1.673126220703125,1.29730224609375,,,678753,18,1,3,0
5431,678875,10997,8545,1.678009033203125,1.303863525390625,1.678009033203125,1.303863525390625,,,678878,18,1,3,0
5432,679000,11026,8595,1.68243408203125,1.311492919921875,1.68243408203125,1.311492919921875,,,679003,18,1,3,0
5433,679125,11052,8651,1.6864013671875,1.320037841796875,1.6864013671875,1.320037841796875,,,679128,18,1,3,0
5434,679250,11073,8714,1.689605712890625,1.32965087890625,1.689605712890625,1.32965087890625,,,679253,18,1,3,0
5435,679375,11091,8782,1.692352294921875,1.34002685546875,1.692352294921875,1.34002685546875,,,679378,18,1,3,0
5436,679500,11104,8856,1.6943359375,1.351318359375,1.6943359375,1.351318359375,,,679503,18,1,3,0
5437,679625,11113,8935,1.695709228515625,1.363372802734375,1.695709228515625,1.363372802734375,,,679628,18,1,3,0
5438,679750,11119,9018,1.696624755859375,1.37603759765625,1.696624755859375,1.37603759765625,,,679753,18,1,3,0
5439,679875,11120,9106,1.69677734375,1.38946533203125,1.69677734375,1.38946533203125,,,679878,18,1,3,0
5440,680000,11117,9198,1.696319580078125,1.40350341796875,1.696319580078125,1.40350341796875,,,680003,18,1,3,0
5441,680125,11111,9294,1.695404052734375,1.41815185546875,1.695404052734375,1.41815185546875,,,680128,18,1,3,0
5442,680250,11100,9392,1.6937255859375,1.43310546875,1.6937255859375,1.43310546875,,,680253,18,1,3,0
5443,680375,11085,9493,1.691436767578125,1.448516845703125,1.691436767578125,1.448516845703125,,,680378,18,1,3,0
5444,680500,11067,9596,1.688690185546875,1.4642333984375,1.688690185546875,1.4642333984375,,,680503,18,1,3,0
5445,680625,11045,9700,1.685333251953125,1.4801025390625,1.685333251953125,1.4801025390625,,,680628,18,1,3,0
5446,680750,11019,9805,1.681365966796875,1.496124267578125,1.681365966796875,1.496124267578125,,,680753,18,1,3,0
5447,680875,10989,9911,1.676788330078125,1.512298583984375,1.676788330078125,1.512298583984375,,,680878,18,1,3,0
5448,681000,10956,10016,1.6717529296875,1.5283203125,1.6717529296875,1.5283203125,,,681003,18,1,3,0
5449,681125,10920,10120,1.666259765625,1.544189453125,1.666259765625,1.544189453125,,,681128,18,1,3,0
5450,681250,10880,10224,1.66015625,1.56005859375,1.66015625,1.56005859375,,,681253,18,1,3,0
5451,681375,10837,10325,1.653594970703125,1.575469970703125,1.653594970703125,1.575469970703125,,,681378,18,1,3,0
5452,681500,10792,10424,1.646728515625,1.590576171875,1.646728515625,1.590576171875,,,681503,18,1,3,0
5453,681625,10743,10520,1.639251708984375,1.605224609375,1.639251708984375,1.605224609375,,,681628,18,1,3,0
5454,681750,10692,10613,1.6314697265625,1.619415283203125,1.6314697265625,1.619415283203125,,,681753,18,1,3,0
5455,681875,10638,10703,1.62322998046875,1.633148193359375,1.62322998046875,1.633148193359375,,,681878,18,1,3,0
5456,682000,10582,10787,1.61468505859375,1.645965576171875,1.61468505859375,1.645965576171875,,,682003,18,1,3,0
5457,682125,10523,10868,1.605682373046875,1.6583251953125,1.605682373046875,1.6583251953125,,,682128,18,1,3,0
5458,682250,10463,10943,1.596527099609375,1.669769287109375,1.596527099609375,1.669769287109375,,,682253,18,1,3,0
5459,682375,10401,11012,1.587066650390625,1.6802978515625,1.587066650390625,1.6802978515625,,,682378,18,1,3,0
5460,682500,10338,11076,1.57745361328125,1.6900634765625,1.57745361328125,1.6900634765625,,,682503,18,1,3,0
5461,682625,10273,11134,1.567535400390625,1.69891357421875,1.567535400390625,1.69891357421875,,,682628,18,1,3,0
5462,682750,10207,11185,1.557464599609375,1.706695556640625,1.557464599609375,1.706695556640625,,,682753,18,1,3,0
5463,682875,10141,11229,1.547393798828125,1.713409423828125,1.547393798828125,1.713409423828125,,,682878,18,1,3,0
5464,683000,10073,11267,1.537017822265625,1.719207763671875,1.537017822265625,1.719207763671875,,,683003,18,1,3,0
5465,683125,10005,11297,1.526641845703125,1.723785400390625,1.526641845703125,1.723785400390625,,,683128,18,1,3,0
5466,683250,9937,11321,1.516265869140625,1.727447509765625,1.516265869140625,1.727447509765625,,,683253,18,1,3,0
5467,683375,9869,11337,1.505889892578125,1.729888916015625,1.505889892578125,1.729888916015625,,,683378,18,1,3,0
5468,683500,9801,11345,1.495513916015625,1.731109619140625,1.495513916015625,1.731109619140625,,,683503,18,1,3,0
5469,683625,9733,11346,1.485137939453125,1.73126220703125,1.485137939453125,1.73126220703125,,,683628,18,1,3,0
5470,683750,9666,11339,1.47491455078125,1.730194091796875,1.47491455078125,1.730194091796875,,,683753,18,1,3,0
5471,683875,9600,11326,1.46484375,1.72821044921875,1.46484375,1.72821044921875,,,683878,18,1,3,0
5472,684000,9535,11304,1.454925537109375,1.724853515625,1.454925537109375,1.724853515625,,,684003,18,1,3,0
5473,684125,9471,11276,1.445159912109375,1.7205810546875,1.445159912109375,1.7205810546875,,,684128,18,1,3,0
5474,684250,9409,11241,1.435699462890625,1.715240478515625,1.435699462890625,1.715240478515625,,,684253,18,1,3,0
5475,684375,9348,11198,1.4263916015625,1.70867919921875,1.4263916015625,1.70867919921875,,,684378,18,1,3,0
5476,684500,9289,11150,1.417388916015625,1.70135498046875,1.417388916015625,1.70135498046875,,,684503,18,1,3,0
5477,684625,9233,11095,1.408843994140625,1.692962646484375,1.408843994140625,1.692962646484375,,,684628,18,1,3,0
5478,684750,9178,11034,1.40045166015625,1.68365478515625,1.40045166015625,1.68365478515625,,,684753,18,1,3,0
5479,684875,9126,10967,1.39251708984375,1.673431396484375,1.39251708984375,1.673431396484375,,,684878,18,1,3,0
5480,685000,9076,10895,1.3848876953125,1.662445068359375,1.3848876953125,1.662445068359375,,,685003,18,1,3,0
5481,685125,9029,10818,1.377716064453125,1.65069580078125,1.377716064453125,1.65069580078125,,,685128,18,1,3,0
5482,685250,8985,10736,1.371002197265625,1.63818359375,1.371002197265625,1.63818359375,,,685253,18,1,3,0
5483,685375,8944,10651,1.36474609375,1.625213623046875,1.36474609375,1.625213623046875,,,685378,18,1,3,0
5484,685500,8906,10562,1.35894775390625,1.61163330078125,1.35894775390625,1.61163330078125,,,685503,18,1,3,0
5485,685625,8871,10470,1.353607177734375,1.59759521484375,1.353607177734375,1.59759521484375,,,685628,18,1,3,0
5486,685750,8840,10375,1.348876953125,1.583099365234375,1.348876953125,1.583099365234375,,,685753,18,1,3,0
5487,685875,8812,10278,1.3446044921875,1.56829833984375,1.3446044921875,1.56829833984375,,,685878,18,1,3,0
5488,686000,8787,10180,1.340789794921875,1.5533447265625,1.340789794921875,1.5533447265625,,,686003,18,1,3,0
5489,686125,8766,10080,1.33758544921875,1.5380859375,1.33758544921875,1.5380859375,,,686128,18,1,3,0
5490,686250,8749,9980,1.334991455078125,1.5228271484375,1.334991455078125,1.5228271484375,,,686253,18,1,3,0
5491,686375,8735,9880,1.332855224609375,1.507568359375,1.332855224609375,1.507568359375,,,686378,18,1,3,0
5492,686500,8725,9781,1.331329345703125,1.492462158203125,1.331329345703125,1.492462158203125,,,686503,18,1,3,0
5493,686625,8719,9682,1.330413818359375,1.47735595703125,1.330413818359375,1.47735595703125,,,686628,18,1,3,0
5494,686750,8717,9585,1.330108642578125,1.462554931640625,1.330108642578125,1.462554931640625,,,686753,18,1,3,0
5495,686875,8718,9491,1.33026123046875,1.448211669921875,1.33026123046875,1.448211669921875,,,686878,18,1,3,0
5496,687000,8724,9399,1.3311767578125,1.434173583984375,1.3311767578125,1.434173583984375,,,687003,18,1,3,0
5497,687125,8732,9309,1.3323974609375,1.420440673828125,1.3323974609375,1.420440673828125,,,687128,18,1,3,0
5498,687250,8745,9224,1.334381103515625,1.407470703125,1.334381103515625,1.407470703125,,,687253,18,1,3,0
5499,687375,8761,9142,1.336822509765625,1.39495849609375,1.336822509765625,1.39495849609375,,,687378,18,1,3,0
5500,687500,8781,9065,1.339874267578125,1.383209228515625,1.339874267578125,1.383209228515625,,,687503,18,1,3,0
5501,687625,8804,8993,1.3433837890625,1.372222900390625,1.3433837890625,1.372222900390625,,,687628,18,1,3,0
5502,687750,8831,8926,1.347503662109375,1.36199951171875,1.347503662109375,1.36199951171875,,,687753,18,1,3,0
5503,687875,8861,8864,1.352081298828125,1.3525390625,1.352081298828125,1.3525390625,,,687878,18,1,3,0
5504,688000,8895,8808,1.357269287109375,1.343994140625,1.357269287109375,1.343994140625,,,688003,18,1,3,0
5505,688125,8931,8759,1.362762451171875,1.336517333984375,1.362762451171875,1.336517333984375,,,688128,18,1,3,0
5506,688250,8971,8715,1.368865966796875,1.329803466796875,1.368865966796875,1.329803466796875,,,688253,18,1,3,0
5507,688375,9013,8678,1.375274658203125,1.32415771484375,1.375274658203125,1.32415771484375,,,688378,18,1,3,0
5508,688500,9058,8648,1.38214111328125,1.319580078125,1.38214111328125,1.319580078125,,,688503,18,1,3,0
5509,688625,9106,8625,1.38946533203125,1.316070556640625,1.38946533203125,1.316070556640625,,,688628,18,1,3,0
5510,688750,9156,8608,1.3970947265625,1.3134765625,1.3970947265625,1.3134765625,,,688753,18,1,3,0
5511,688875,9208,8599,1.405029296875,1.312103271484375,1.405029296875,1.312103271484375,,,688878,18,1,3,0
5512,689000,9262,8597,1.41326904296875,1.311798095703125,1.41326904296875,1.311798095703125,,,689003,18,1,3,0
5513,689125,9318,8601,1.42181396484375,1.312408447265625,1.42181396484375,1.312408447265625,,,689128,18,1,3,0
5514,689250,9376,8613,1.4306640625,1.314239501953125,1.4306640625,1.314239501953125,,,689253,18,1,3,0
5515,689375,9436,8631,1.4398193359375,1.316986083984375,1.4398193359375,1.316986083984375,,,689378,18,1,3,0
5516,689500,9496,8656,1.448974609375,1.32080078125,1.448974609375,1.32080078125,,,689503,18,1,3,0
5517,689625,9558,8688,1.45843505859375,1.32568359375,1.45843505859375,1.32568359375,,,689628,18,1,3,0
5518,689750,9621,8726,1.468048095703125,1.33148193359375,1.468048095703125,1.33148193359375,,,689753,18,1,3,0
5519,689875,9684,8770,1.4776611328125,1.33819580078125,1.4776611328125,1.33819580078125,,,689878,18,1,3,0
5520,690000,9748,8820,1.4874267578125,1.3458251953125,1.4874267578125,1.3458251953125,,,690003,18,1,3,0
5521,690125,9812,8875,1.4971923828125,1.354217529296875,1.4971923828125,1.354217529296875,,,690128,18,1,3,0
5522,690250,9876,8936,1.5069580078125,1.363525390625,1.5069580078125,1.363525390625,,,690253,18,1,3,0
5523,690375,9940,9001,1.5167236328125,1.373443603515625,1.5167236328125,1.373443603515625,,,690378,18,1,3,0
5524,690500,10003,9071,1.526336669921875,1.384124755859375,1.526336669921875,1.384124755859375,,,690503,18,1,3,0
5525,690625,10066,9145,1.53594970703125,1.395416259765625,1.53594970703125,1.395416259765625,,,690628,18,1,3,0
5526,690750,10128,9222,1.54541015625,1.40716552734375,1.54541015625,1.40716552734375,,,690753,18,1,3,0
5527,690875,10189,9302,1.554718017578125,1.41937255859375,1.554718017578125,1.41937255859375,,,690878,18,1,3,0
5528,691000,10249,9385,1.563873291015625,1.432037353515625,1.563873291015625,1.432037353515625,,,691003,18,1,3,0
5529,691125,10308,9471,1.5728759765625,1.445159912109375,1.5728759765625,1.445159912109375,,,691128,18,1,3,0
5530,691250,10365,9557,1.581573486328125,1.458282470703125,1.581573486328125,1.458282470703125,,,691253,18,1,3,0
5531,691375,10420,9645,1.5899658203125,1.471710205078125,1.5899658203125,1.471710205078125,,,691378,18,1,3,0
5532,691500,10473,9734,1.598052978515625,1.48529052734375,1.598052978515625,1.48529052734375,,,691503,18,1,3,0
5533,691625,10524,9823,1.6058349609375,1.498870849609375,1.6058349609375,1.498870849609375,,,691628,18,1,3,0
5534,691750,10572,9911,1.6131591796875,1.512298583984375,1.6131591796875,1.512298583984375,,,691753,18,1,3,0
5535,691875,10618,9998,1.62017822265625,1.52557373046875,1.62017822265625,1.52557373046875,,,691878,18,1,3,0
5536,692000,10662,10084,1.62689208984375,1.5386962890625,1.62689208984375,1.5386962890625,,,692003,18,1,3,0
5537,692125,10702,10168,1.63299560546875,1.551513671875,1.63299560546875,1.551513671875,,,692128,18,1,3,0
5538,692250,10740,10250,1.6387939453125,1.56402587890625,1.6387939453125,1.56402587890625,,,692253,18,1,3,0
5539,692375,10775,10329,1.644134521484375,1.576080322265625,1.644134521484375,1.576080322265625,,,692378,18,1,3,0
5540,692500,10806,10404,1.64886474609375,1.5875244140625,1.64886474609375,1.5875244140625,,,692503,18,1,3,0
5541,692625,10834,10476,1.65313720703125,1.5985107421875,1.65313720703125,1.5985107421875,,,692628,18,1,3,0
5542,692750,10859,10544,1.656951904296875,1.60888671875,1.656951904296875,1.60888671875,,,692753,18,1,3,0
5543,692875,10881,10607,1.660308837890625,1.618499755859375,1.660308837890625,1.618499755859375,,,692878,18,1,3,0
5544,693000,10898,10665,1.66290283203125,1.627349853515625,1.66290283203125,1.627349853515625,,,693003,18,1,3,0
5545,693125,10912,10717,1.6650390625,1.635284423828125,1.6650390625,1.635284423828125,,,693128,18,1,3,0
5546,693250,10923,10765,1.666717529296875,1.642608642578125,1.666717529296875,1.642608642578125,,,693253,18,1,3,0
5547,693375,10930,10806,1.66778564453125,1.64886474609375,1.66778564453125,1.64886474609375,,,693378,18,1,3,0
5548,693500,10933,10841,1.668243408203125,1.654205322265625,1.668243408203125,1.654205322265625,,,693503,18,1,3,0
5549,693625,10932,10870,1.6680908203125,1.65863037109375,1.6680908203125,1.65863037109375,,,693628,18,1,3,0
5550,693750,10928,10892,1.66748046875,1.6619873046875,1.66748046875,1.6619873046875,,,693753,18,1,3,0
5551,693875,10920,10908,1.666259765625,1.6644287109375,1.666259765625,1.6644287109375,,,693878,18,1,3,0
5552,694000,10908,10917,1.6644287109375,1.665802001953125,1.6644287109375,1.665802001953125,,,694003,18,1,3,0
5553,694125,10892,10920,1.6619873046875,1.666259765625,1.6619873046875,1.666259765625,,,694128,18,1,3,0
5554,694250,10873,10915,1.659088134765625,1.665496826171875,1.659088134765625,1.665496826171875,,,694253,18,1,3,0
5555,694375,10850,10904,1.65557861328125,1.663818359375,1.65557861328125,1.663818359375,,,694378,18,1,3,0
5556,694500,10824,10886,1.651611328125,1.66107177734375,1.651611328125,1.66107177734375,,,694503,18,1,3,0
5557,694625,10794,10861,1.64703369140625,1.657257080078125,1.64703369140625,1.657257080078125,,,694628,18,1,3,0
5558,694750,10761,10830,1.641998291015625,1.65252685546875,1.641998291015625,1.65252685546875,,,694753,18,1,3,0
5559,694875,10724,10793,1.6363525390625,1.646881103515625,1.6363525390625,1.646881103515625,,,694878,18,1,3,0
5560,695000,10685,10749,1.630401611328125,1.640167236328125,1.630401611328125,1.640167236328125,,,695003,18,1,3,0
5561,695125,10642,10700,1.62384033203125,1.6326904296875,1.62384033203125,1.6326904296875,,,695128,18,1,3,0
5562,695250,10597,10644,1.616973876953125,1.6241455078125,1.616973876953125,1.6241455078125,,,695253,18,1,3,0
5563,695375,10548,10584,1.6094970703125,1.614990234375,1.6094970703125,1.614990234375,,,695378,18,1,3,0
5564,695500,10498,10518,1.60186767578125,1.60491943359375,1.60186767578125,1.60491943359375,,,695503,18,1,3,0
5565,695625,10444,10448,1.5936279296875,1.59423828125,1.5936279296875,1.59423828125,,,695628,18,1,3,0
5566,695750,10389,10374,1.585235595703125,1.58294677734375,1.585235595703125,1.58294677734375,,,695753,18,1,3,0
5567,695875,10331,10296,1.576385498046875,1.571044921875,1.576385498046875,1.571044921875,,,695878,18,1,3,0
5568,696000,10272,10214,1.5673828125,1.55853271484375,1.5673828125,1.55853271484375,,,696003,18,1,3,0
5569,696125,10211,10130,1.558074951171875,1.54571533203125,1.558074951171875,1.54571533203125,,,696128,18,1,3,0
5570,696250,10148,10043,1.5484619140625,1.532440185546875,1.5484619140625,1.532440185546875,,,696253,18,1,3,0
5571,696375,10084,9954,1.5386962890625,1.51885986328125,1.5386962890625,1.51885986328125,,,696378,18,1,3,0
5572,696500,10019,9863,1.528778076171875,1.504974365234375,1.528778076171875,1.504974365234375,,,696503,18,1,3,0
5573,696625,9953,9772,1.518707275390625,1.4910888671875,1.518707275390625,1.4910888671875,,,696628,18,1,3,0
5574,696750,9886,9680,1.50848388671875,1.47705078125,1.50848388671875,1.47705078125,,,696753,18,1,3,0
5575,696875,9819,9588,1.498260498046875,1.4630126953125,1.498260498046875,1.4630126953125,,,696878,18,1,3,0
5576,697000,9751,9496,1.487884521484375,1.448974609375,1.487884521484375,1.448974609375,,,697003,18,1,3,0
5577,697125,9684,9406,1.4776611328125,1.43524169921875,1.4776611328125,1.43524169921875,,,697128,18,1,3,0
5578,697250,9616,9318,1.46728515625,1.42181396484375,1.46728515625,1.42181396484375,,,697253,18,1,3,0
5579,697375,9549,9231,1.457061767578125,1.408538818359375,1.457061767578125,1.408538818359375,,,697378,18,1,3,0
5580,697500,9483,9147,1.446990966796875,1.395721435546875,1.446990966796875,1.395721435546875,,,697503,18,1,3,0
5581,697625,9417,9066,1.436920166015625,1.38336181640625,1.436920166015625,1.38336181640625,,,697628,18,1,3,0
5582,697750,9353,8989,1.427154541015625,1.371612548828125,1.427154541015625,1.371612548828125,,,697753,18,1,3,0
5583,697875,9290,8916,1.41754150390625,1.3604736328125,1.41754150390625,1.3604736328125,,,697878,18,1,3,0
5584,698000,9228,8847,1.4080810546875,1.349945068359375,1.4080810546875,1.349945068359375,,,698003,18,1,3,0
5585,698125,9168,8783,1.39892578125,1.340179443359375,1.39892578125,1.340179443359375,,,698128,18,1,3,0
5586,698250,9110,8724,1.39007568359375,1.3311767578125,1.39007568359375,1.3311767578125,,,698253,18,1,3,0
5587,698375,9053,8671,1.381378173828125,1.323089599609375,1.381378173828125,1.323089599609375,,,698378,18,1,3,0
5588,698500,8999,8624,1.373138427734375,1.31591796875,1.373138427734375,1.31591796875,,,698503,18,1,3,0
5589,698625,8948,8582,1.3653564453125,1.30950927734375,1.3653564453125,1.30950927734375,,,698628,18,1,3,0
5590,698750,8899,8548,1.357879638671875,1.3043212890625,1.357879638671875,1.3043212890625,,,698753,18,1,3,0
5591,698875,8853,8519,1.350860595703125,1.299896240234375,1.350860595703125,1.299896240234375,,,698878,18,1,3,0
5592,699000,8809,8498,1.344146728515625,1.29669189453125,1.344146728515625,1.29669189453125,,,699003,18,1,3,0
5593,699125,8769,8484,1.338043212890625,1.2945556640625,1.338043212890625,1.2945556640625,,,699128,18,1,3,0
5594,699250,8732,8476,1.3323974609375,1.2933349609375,1.3323974609375,1.2933349609375,,,699253,18,1,3,0
5595,699375,8698,8476,1.32720947265625,1.2933349609375,1.32720947265625,1.2933349609375,,,699378,18,1,3,0
5596,699500,8668,8484,1.3226318359375,1.2945556640625,1.3226318359375,1.2945556640625,,,699503,18,1,3,0
5597,699625,8641,8498,1.318511962890625,1.29669189453125,1.318511962890625,1.29669189453125,,,699628,18,1,3,0
5598,699750,8618,8519,1.31500244140625,1.299896240234375,1.31500244140625,1.299896240234375,,,699753,18,1,3,0
5599,699875,8599,8548,1.312103271484375,1.3043212890625,1.312103271484375,1.3043212890625,,,699878,18,1,3,0
5600,700000,8583,8583,1.309661865234375,1.309661865234375,1.309661865234375,1.309661865234375,,,700003,18,1,3,0
5601,700125,8572,8626,1.3079833984375,1.31622314453125,1.3079833984375,1.31622314453125,,,700128,18,1,3,0
5602,700250,8564,8674,1.3067626953125,1.32354736328125,1.3067626953125,1.32354736328125,,,700253,18,1,3,0
5603,700375,8560,8730,1.30615234375,1.33209228515625,1.30615234375,1.33209228515625,,,700378,18,1,3,0
5604,700500,8560,8791,1.30615234375,1.341400146484375,1.30615234375,1.341400146484375,,,700503,18,1,3,0
5605,700625,8565,8858,1.306915283203125,1.35162353515625,1.306915283203125,1.35162353515625,,,700628,18,1,3,0
5606,700750,8573,8931,1.308135986328125,1.362762451171875,1.308135986328125,1.362762451171875,,,700753,18,1,3,0
5607,700875,8585,9009,1.309967041015625,1.374664306640625,1.309967041015625,1.374664306640625,,,700878,18,1,3,0
5608,701000,8601,9091,1.312408447265625,1.387176513671875,1.312408447265625,1.387176513671875,,,701003,18,1,3,0
5609,701125,8622,9178,1.31561279296875,1.40045166015625,1.31561279296875,1.40045166015625,,,701128,18,1,3,0
5610,701250,8646,9268,1.31927490234375,1.4141845703125,1.31927490234375,1.4141845703125,,,701253,18,1,3,0
5611,701375,8673,9362,1.323394775390625,1.42852783203125,1.323394775390625,1.42852783203125,,,701378,18,1,3,0
5612,701500,8705,9459,1.328277587890625,1.443328857421875,1.328277587890625,1.443328857421875,,,701503,18,1,3,0
5613,701625,8740,9559,1.3336181640625,1.458587646484375,1.3336181640625,1.458587646484375,,,701628,18,1,3,0
5614,701750,8779,9660,1.339569091796875,1.4739990234375,1.339569091796875,1.4739990234375,,,701753,18,1,3,0
5615,701875,8821,9762,1.345977783203125,1.48956298828125,1.345977783203125,1.48956298828125,,,701878,18,1,3,0
5616,702000,8867,9866,1.352996826171875,1.50543212890625,1.352996826171875,1.50543212890625,,,702003,18,1,3,0
5617,702125,8916,9970,1.3604736328125,1.52130126953125,1.3604736328125,1.52130126953125,,,702128,18,1,3,0
5618,702250,8968,10073,1.368408203125,1.537017822265625,1.368408203125,1.537017822265625,,,702253,18,1,3,0
5619,702375,9022,10176,1.37664794921875,1.552734375,1.37664794921875,1.552734375,,,702378,18,1,3,0
5620,702500,9080,10278,1.385498046875,1.56829833984375,1.385498046875,1.56829833984375,,,702503,18,1,3,0
5621,702625,9140,10378,1.3946533203125,1.58355712890625,1.3946533203125,1.58355712890625,,,702628,18,1,3,0
5622,702750,9203,10475,1.404266357421875,1.598358154296875,1.404266357421875,1.598358154296875,,,702753,18,1,3,0
5623,702875,9267,10570,1.414031982421875,1.61285400390625,1.414031982421875,1.61285400390625,,,702878,18,1,3,0
5624,703000,9334,10661,1.42425537109375,1.626739501953125,1.42425537109375,1.626739501953125,,,703003,18,1,3,0
5625,703125,9403,10749,1.434783935546875,1.640167236328125,1.434783935546875,1.640167236328125,,,703128,18,1,3,0
5626,703250,9473,10832,1.445465087890625,1.65283203125,1.445465087890625,1.65283203125,,,703253,18,1,3,0
5627,703375,9545,10911,1.456451416015625,1.664886474609375,1.456451416015625,1.664886474609375,,,703378,18,1,3,0
5628,703500,9618,10984,1.46759033203125,1.676025390625,1.46759033203125,1.676025390625,,,703503,18,1,3,0
5629,703625,9691,11052,1.478729248046875,1.6864013671875,1.478729248046875,1.6864013671875,,,703628,18,1,3,0
5630,703750,9766,11114,1.49017333984375,1.69586181640625,1.49017333984375,1.69586181640625,,,703753,18,1,3,0
5631,703875,9841,11170,1.501617431640625,1.70440673828125,1.501617431640625,1.70440673828125,,,703878,18,1,3,0
5632,704000,9917,11220,1.513214111328125,1.7120361328125,1.513214111328125,1.7120361328125,,,704003,18,1,3,0
5633,704125,9992,11262,1.524658203125,1.71844482421875,1.524658203125,1.71844482421875,,,704128,18,1,3,0
5634,704250,10067,11298,1.536102294921875,1.72393798828125,1.536102294921875,1.72393798828125,,,704253,18,1,3,0
5635,704375,10142,11327,1.54754638671875,1.728363037109375,1.54754638671875,1.728363037109375,,,704378,18,1,3,0
5636,704500,10217,11348,1.558990478515625,1.7315673828125,1.558990478515625,1.7315673828125,,,704503,18,1,3,0
5637,704625,10290,11362,1.57012939453125,1.73370361328125,1.57012939453125,1.73370361328125,,,704628,18,1,3,0
5638,704750,10363,11369,1.581268310546875,1.734771728515625,1.581268310546875,1.734771728515625,,,704753,18,1,3,0
5639,704875,10434,11368,1.59210205078125,1.734619140625,1.59210205078125,1.734619140625,,,704878,18,1,3,0
5640,705000,10503,11360,1.602630615234375,1.7333984375,1.602630615234375,1.7333984375,,,705003,18,1,3,0
5641,705125,10571,11344,1.613006591796875,1.73095703125,1.613006591796875,1.73095703125,,,705128,18,1,3,0
5642,705250,10637,11321,1.623077392578125,1.727447509765625,1.623077392578125,1.727447509765625,,,705253,18,1,3,0
5643,705375,10701,11290,1.632843017578125,1.72271728515625,1.632843017578125,1.72271728515625,,,705378,18,1,3,0
5644,705500,10762,11253,1.64215087890625,1.717071533203125,1.64215087890625,1.717071533203125,,,705503,18,1,3,0
5645,705625,10821,11208,1.651153564453125,1.710205078125,1.651153564453125,1.710205078125,,,705628,18,1,3,0
5646,705750,10877,11157,1.659698486328125,1.702423095703125,1.659698486328125,1.702423095703125,,,705753,18,1,3,0
5647,705875,10931,11100,1.667938232421875,1.6937255859375,1.667938232421875,1.6937255859375,,,705878,18,1,3,0
5648,706000,10981,11037,1.675567626953125,1.684112548828125,1.675567626953125,1.684112548828125,,,706003,18,1,3,0
5649,706125,11028,10968,1.6827392578125,1.673583984375,1.6827392578125,1.673583984375,,,706128,18,1,3,0
5650,706250,11071,10893,1.689300537109375,1.662139892578125,1.689300537109375,1.662139892578125,,,706253,18,1,3,0
5651,706375,11111,10814,1.695404052734375,1.65008544921875,1.695404052734375,1.65008544921875,,,706378,18,1,3,0
5652,706500,11148,10730,1.7010498046875,1.63726806640625,1.7010498046875,1.63726806640625,,,706503,18,1,3,0
5653,706625,11180,10642,1.7059326171875,1.62384033203125,1.7059326171875,1.62384033203125,,,706628,18,1,3,0
5654,706750,11209,10550,1.710357666015625,1.60980224609375,1.710357666015625,1.60980224609375,,,706753,18,1,3,0
5655,706875,11234,10455,1.71417236328125,1.595306396484375,1.71417236328125,1.595306396484375,,,706878,18,1,3,0
5656,707000,11254,10357,1.71722412109375,1.580352783203125,1.71722412109375,1.580352783203125,,,707003,18,1,3,0
5657,707125,11271,10258,1.719818115234375,1.56524658203125,1.719818115234375,1.56524658203125,,,707128,18,1,3,0
5658,707250,11283,10156,1.721649169921875,1.5496826171875,1.721649169921875,1.5496826171875,,,707253,18,1,3,0
5659,707375,11291,10054,1.722869873046875,1.53411865234375,1.722869873046875,1.53411865234375,,,707378,18,1,3,0
5660,707500,11295,9951,1.723480224609375,1.518402099609375,1.723480224609375,1.518402099609375,,,707503,18,1,3,0
5661,707625,11294,9848,1.72332763671875,1.502685546875,1.72332763671875,1.502685546875,,,707628,18,1,3,0
5662,707750,11290,9745,1.72271728515625,1.486968994140625,1.72271728515625,1.486968994140625,,,707753,18,1,3,0
5663,707875,11280,9644,1.72119140625,1.4715576171875,1.72119140625,1.4715576171875,,,707878,18,1,3,0
5664,708000,11267,9544,1.719207763671875,1.456298828125,1.719207763671875,1.456298828125,,,708003,18,1,3,0
5665,708125,11249,9446,1.716461181640625,1.44134521484375,1.716461181640625,1.44134521484375,,,708128,18,1,3,0
5666,708250,11228,9351,1.7132568359375,1.426849365234375,1.7132568359375,1.426849365234375,,,708253,18,1,3,0
5667,708375,11202,9259,1.70928955078125,1.412811279296875,1.70928955078125,1.412811279296875,,,708378,18,1,3,0
5668,708500,11171,9170,1.704559326171875,1.39923095703125,1.704559326171875,1.39923095703125,,,708503,18,1,3,0
5669,708625,11137,9086,1.699371337890625,1.38641357421875,1.699371337890625,1.38641357421875,,,708628,18,1,3,0
5670,708750,11099,9006,1.693572998046875,1.37420654296875,1.693572998046875,1.37420654296875,,,708753,18,1,3,0
5671,708875,11057,8930,1.687164306640625,1.36260986328125,1.687164306640625,1.36260986328125,,,708878,18,1,3,0
5672,709000,11012,8860,1.6802978515625,1.3519287109375,1.6802978515625,1.3519287109375,,,709003,18,1,3,0
5673,709125,10963,8796,1.672821044921875,1.3421630859375,1.672821044921875,1.3421630859375,,,709128,18,1,3,0
5674,709250,10910,8737,1.66473388671875,1.333160400390625,1.66473388671875,1.333160400390625,,,709253,18,1,3,0
5675,709375,10854,8684,1.65618896484375,1.3250732421875,1.65618896484375,1.3250732421875,,,709378,18,1,3,0
5676,709500,10796,8638,1.6473388671875,1.31805419921875,1.6473388671875,1.31805419921875,,,709503,18,1,3,0
5677,709625,10734,8599,1.63787841796875,1.312103271484375,1.63787841796875,1.312103271484375,,,709628,18,1,3,0
5678,709750,10669,8566,1.627960205078125,1.30706787109375,1.627960205078125,1.30706787109375,,,709753,18,1,3,0
5679,709875,10602,8540,1.61773681640625,1.3031005859375,1.61773681640625,1.3031005859375,,,709878,18,1,3,0
5680,710000,10532,8522,1.6070556640625,1.30035400390625,1.6070556640625,1.30035400390625,,,710003,18,1,3,0
5681,710125,10460,8510,1.5960693359375,1.29852294921875,1.5960693359375,1.29852294921875,,,710128,18,1,3,0
5682,710250,10387,8506,1.584930419921875,1.29791259765625,1.584930419921875,1.29791259765625,,,710253,18,1,3,0
5683,710375,10311,8509,1.573333740234375,1.298370361328125,1.573333740234375,1.298370361328125,,,710378,18,1,3,0
5684,710500,10234,8519,1.56158447265625,1.299896240234375,1.56158447265625,1.299896240234375,,,710503,18,1,3,0
5685,710625,10156,8535,1.5496826171875,1.302337646484375,1.5496826171875,1.302337646484375,,,710628,18,1,3,0
5686,710750,10076,8559,1.5374755859375,1.305999755859375,1.5374755859375,1.305999755859375,,,710753,18,1,3,0
5687,710875,9996,8590,1.5252685546875,1.31072998046875,1.5252685546875,1.31072998046875,,,710878,18,1,3,0
5688,711000,9915,8627,1.512908935546875,1.316375732421875,1.512908935546875,1.316375732421875,,,711003,18,1,3,0
5689,711125,9834,8670,1.50054931640625,1.32293701171875,1.50054931640625,1.32293701171875,,,711128,18,1,3,0
5690,711250,9752,8719,1.488037109375,1.330413818359375,1.488037109375,1.330413818359375,,,711253,18,1,3,0
5691,711375,9671,8774,1.475677490234375,1.33880615234375,1.475677490234375,1.33880615234375,,,711378,18,1,3,0
5692,711500,9590,8835,1.46331787109375,1.348114013671875,1.46331787109375,1.348114013671875,,,711503,18,1,3,0
5693,711625,9510,8900,1.45111083984375,1.3580322265625,1.45111083984375,1.3580322265625,,,711628,18,1,3,0
5694,711750,9430,8970,1.43890380859375,1.36871337890625,1.43890380859375,1.36871337890625,,,711753,18,1,3,0
5695,711875,9352,9044,1.427001953125,1.3800048828125,1.427001953125,1.3800048828125,,,711878,18,1,3,0
5696,712000,9274,9122,1.41510009765625,1.39190673828125,1.41510009765625,1.39190673828125,,,712003,18,1,3,0
5697,712125,9199,9203,1.403656005859375,1.404266357421875,1.403656005859375,1.404266357421875,,,712128,18,1,3,0
5698,712250,9125,9288,1.392364501953125,1.417236328125,1.392364501953125,1.417236328125,,,712253,18,1,3,0
5699,712375,9053,9374,1.381378173828125,1.43035888671875,1.381378173828125,1.43035888671875,,,712378,18,1,3,0
5700,712500,8983,9463,1.370697021484375,1.443939208984375,1.370697021484375,1.443939208984375,,,712503,18,1,3,0
5701,712625,8915,9552,1.360321044921875,1.45751953125,1.360321044921875,1.45751953125,,,712628,18,1,3,0
5702,712750,8851,9643,1.350555419921875,1.471405029296875,1.350555419921875,1.471405029296875,,,712753,18,1,3,0
5703,712875,8788,9734,1.3409423828125,1.48529052734375,1.3409423828125,1.48529052734375,,,712878,18,1,3,0
5704,713000,8729,9825,1.331939697265625,1.499176025390625,1.331939697265625,1.499176025390625,,,713003,18,1,3,0
5705,713125,8673,9915,1.323394775390625,1.512908935546875,1.323394775390625,1.512908935546875,,,713128,18,1,3,0
5706,713250,8620,10004,1.3153076171875,1.5264892578125,1.3153076171875,1.5264892578125,,,713253,18,1,3,0
5707,713375,8571,10091,1.307830810546875,1.539764404296875,1.307830810546875,1.539764404296875,,,713378,18,1,3,0
5708,713500,8526,10176,1.30096435546875,1.552734375,1.30096435546875,1.552734375,,,713503,18,1,3,0
5709,713625,8484,10258,1.2945556640625,1.56524658203125,1.2945556640625,1.56524658203125,,,713628,18,1,3,0
5710,713750,8445,10338,1.288604736328125,1.57745361328125,1.288604736328125,1.57745361328125,,,713753,18,1,3,0
5711,713875,8411,10413,1.283416748046875,1.588897705078125,1.283416748046875,1.588897705078125,,,713878,18,1,3,0
5712,714000,8381,10485,1.278839111328125,1.599884033203125,1.278839111328125,1.599884033203125,,,714003,18,1,3,0
5713,714125,8355,10552,1.274871826171875,1.610107421875,1.274871826171875,1.610107421875,,,714128,18,1,3,0
5714,714250,8334,10614,1.27166748046875,1.61956787109375,1.27166748046875,1.61956787109375,,,714253,18,1,3,0
5715,714375,8316,10671,1.2689208984375,1.628265380859375,1.2689208984375,1.628265380859375,,,714378,18,1,3,0
5716,714500,8303,10723,1.266937255859375,1.636199951171875,1.266937255859375,1.636199951171875,,,714503,18,1,3,0
5717,714625,8295,10769,1.265716552734375,1.643218994140625,1.265716552734375,1.643218994140625,,,714628,18,1,3,0
5718,714750,8291,10809,1.265106201171875,1.649322509765625,1.265106201171875,1.649322509765625,,,714753,18,1,3,0
5719,714875,8291,10843,1.265106201171875,1.654510498046875,1.265106201171875,1.654510498046875,,,714878,18,1,3,0
5720,715000,8296,10870,1.265869140625,1.65863037109375,1.265869140625,1.65863037109375,,,715003,18,1,3,0
5721,715125,8305,10891,1.267242431640625,1.661834716796875,1.267242431640625,1.661834716796875,,,715128,18,1,3,0
5722,715250,8318,10905,1.26922607421875,1.663970947265625,1.26922607421875,1.663970947265625,,,715253,18,1,3,0
5723,715375,8336,10912,1.27197265625,1.6650390625,1.27197265625,1.6650390625,,,715378,18,1,3,0
5724,715500,8358,10913,1.27532958984375,1.665191650390625,1.27532958984375,1.665191650390625,,,715503,18,1,3,0
5725,715625,8384,10907,1.279296875,1.664276123046875,1.279296875,1.664276123046875,,,715628,18,1,3,0
5726,715750,8415,10894,1.284027099609375,1.66229248046875,1.284027099609375,1.66229248046875,,,715753,18,1,3,0
5727,715875,8449,10874,1.289215087890625,1.65924072265625,1.289215087890625,1.65924072265625,,,715878,18,1,3,0
5728,716000,8488,10848,1.295166015625,1.6552734375,1.295166015625,1.6552734375,,,716003,18,1,3,0
5729,716125,8530,10815,1.30157470703125,1.650238037109375,1.30157470703125,1.650238037109375,,,716128,18,1,3,0
5730,716250,8576,10776,1.30859375,1.644287109375,1.30859375,1.644287109375,,,716253,18,1,3,0
5731,716375,8626,10732,1.31622314453125,1.6375732421875,1.31622314453125,1.6375732421875,,,716378,18,1,3,0
5732,716500,8679,10681,1.324310302734375,1.629791259765625,1.324310302734375,1.629791259765625,,,716503,18,1,3,0
5733,716625,8735,10625,1.332855224609375,1.621246337890625,1.332855224609375,1.621246337890625,,,716628,18,1,3,0
5734,716750,8794,10564,1.34185791015625,1.6119384765625,1.34185791015625,1.6119384765625,,,716753,18,1,3,0
5735,716875,8856,10498,1.351318359375,1.60186767578125,1.351318359375,1.60186767578125,,,716878,18,1,3,0
5736,717000,8921,10428,1.361236572265625,1.5911865234375,1.361236572265625,1.5911865234375,,,717003,18,1,3,0
5737,717125,8989,10354,1.371612548828125,1.57989501953125,1.371612548828125,1.57989501953125,,,717128,18,1,3,0
5738,717250,9059,10276,1.382293701171875,1.5679931640625,1.382293701171875,1.5679931640625,,,717253,18,1,3,0
5739,717375,9131,10195,1.393280029296875,1.555633544921875,1.393280029296875,1.555633544921875,,,717378,18,1,3,0
5740,717500,9204,10112,1.4044189453125,1.54296875,1.4044189453125,1.54296875,,,717503,18,1,3,0
5741,717625,9280,10026,1.416015625,1.52984619140625,1.416015625,1.52984619140625,,,717628,18,1,3,0
5742,717750,9357,9939,1.427764892578125,1.516571044921875,1.427764892578125,1.516571044921875,,,717753,18,1,3,0
5743,717875,9435,9850,1.439666748046875,1.50299072265625,1.439666748046875,1.50299072265625,,,717878,18,1,3,0
5744,718000,9514,9761,1.45172119140625,1.489410400390625,1.45172119140625,1.489410400390625,,,718003,18,1,3,0
5745,718125,9594,9672,1.46392822265625,1.475830078125,1.46392822265625,1.475830078125,,,718128,18,1,3,0
5746,718250,9675,9583,1.476287841796875,1.462249755859375,1.476287841796875,1.462249755859375,,,718253,18,1,3,0
5747,718375,9756,9494,1.4886474609375,1.44866943359375,1.4886474609375,1.44866943359375,,,718378,18,1,3,0
5748,718500,9837,9408,1.501007080078125,1.435546875,1.501007080078125,1.435546875,,,718503,18,1,3,0
5749,718625,9918,9323,1.51336669921875,1.422576904296875,1.51336669921875,1.422576904296875,,,718628,18,1,3,0
5750,718750,9998,9241,1.52557373046875,1.410064697265625,1.52557373046875,1.410064697265625,,,718753,18,1,3,0
5751,718875,10077,9161,1.537628173828125,1.397857666015625,1.537628173828125,1.397857666015625,,,718878,18,1,3,0
5752,719000,10156,9085,1.5496826171875,1.386260986328125,1.5496826171875,1.386260986328125,,,719003,18,1,3,0
5753,719125,10234,9012,1.56158447265625,1.3751220703125,1.56158447265625,1.3751220703125,,,719128,18,1,3,0
5754,719250,10310,8944,1.57318115234375,1.36474609375,1.57318115234375,1.36474609375,,,719253,18,1,3,0
5755,719375,10385,8880,1.584625244140625,1.35498046875,1.584625244140625,1.35498046875,,,719378,18,1,3,0
5756,719500,10458,8822,1.59576416015625,1.34613037109375,1.59576416015625,1.34613037109375,,,719503,18,1,3,0
5757,719625,10529,8769,1.606597900390625,1.338043212890625,1.606597900390625,1.338043212890625,,,719628,18,1,3,0
5758,719750,10597,8721,1.616973876953125,1.330718994140625,1.616973876953125,1.330718994140625,,,719753,18,1,3,0
5759,719875,10663,8679,1.627044677734375,1.324310302734375,1.627044677734375,1.324310302734375,,,719878,18,1,3,0
5760,720000,10727,8644,1.636810302734375,1.3189697265625,1.636810302734375,1.3189697265625,,,720003,18,1,3,0
5761,720125,10788,8615,1.6461181640625,1.314544677734375,1.6461181640625,1.314544677734375,,,720128,18,1,3,0
5762,720250,10846,8593,1.65496826171875,1.311187744140625,1.65496826171875,1.311187744140625,,,720253,18,1,3,0
5763,720375,10901,8577,1.663360595703125,1.308746337890625,1.663360595703125,1.308746337890625,,,720378,18,1,3,0
5764,720500,10952,8569,1.671142578125,1.307525634765625,1.671142578125,1.307525634765625,,,720503,18,1,3,0
5765,720625,11000,8567,1.678466796875,1.307220458984375,1.678466796875,1.307220458984375,,,720628,18,1,3,0
5766,720750,11045,8573,1.685333251953125,1.308135986328125,1.685333251953125,1.308135986328125,,,720753,18,1,3,0
5767,720875,11085,8585,1.691436767578125,1.309967041015625,1.691436767578125,1.309967041015625,,,720878,18,1,3,0
5768,721000,11122,8605,1.69708251953125,1.313018798828125,1.69708251953125,1.313018798828125,,,721003,18,1,3,0
5769,721125,11156,8631,1.7022705078125,1.316986083984375,1.7022705078125,1.316986083984375,,,721128,18,1,3,0
5770,721250,11185,8665,1.706695556640625,1.322174072265625,1.706695556640625,1.322174072265625,,,721253,18,1,3,0
5771,721375,11210,8705,1.71051025390625,1.328277587890625,1.71051025390625,1.328277587890625,,,721378,18,1,3,0
5772,721500,11230,8752,1.71356201171875,1.33544921875,1.71356201171875,1.33544921875,,,721503,18,1,3,0
5773,721625,11247,8804,1.716156005859375,1.3433837890625,1.716156005859375,1.3433837890625,,,721628,18,1,3,0
5774,721750,11260,8863,1.7181396484375,1.352386474609375,1.7181396484375,1.352386474609375,,,721753,18,1,3,0
5775,721875,11268,8928,1.7193603515625,1.3623046875,1.7193603515625,1.3623046875,,,721878,18,1,3,0
5776,722000,11272,8998,1.719970703125,1.37298583984375,1.719970703125,1.37298583984375,,,722003,18,1,3,0
5777,722125,11271,9073,1.719818115234375,1.384429931640625,1.719818115234375,1.384429931640625,,,722128,18,1,3,0
5778,722250,11267,9153,1.719207763671875,1.396636962890625,1.719207763671875,1.396636962890625,,,722253,18,1,3,0
5779,722375,11258,9237,1.71783447265625,1.409454345703125,1.71783447265625,1.409454345703125,,,722378,18,1,3,0
5780,722500,11245,9325,1.715850830078125,1.422882080078125,1.715850830078125,1.422882080078125,,,722503,18,1,3,0
5781,722625,11228,9416,1.7132568359375,1.436767578125,1.7132568359375,1.436767578125,,,722628,18,1,3,0
5782,722750,11206,9510,1.70989990234375,1.45111083984375,1.70989990234375,1.45111083984375,,,722753,18,1,3,0
5783,722875,11181,9607,1.706085205078125,1.465911865234375,1.706085205078125,1.465911865234375,,,722878,18,1,3,0
5784,723000,11152,9705,1.70166015625,1.480865478515625,1.70166015625,1.480865478515625,,,723003,18,1,3,0
5785,723125,11119,9805,1.696624755859375,1.496124267578125,1.696624755859375,1.496124267578125,,,723128,18,1,3,0
5786,723250,11082,9906,1.69097900390625,1.51153564453125,1.69097900390625,1.51153564453125,,,723253,18,1,3,0
5787,723375,11042,10007,1.68487548828125,1.526947021484375,1.68487548828125,1.526947021484375,,,723378,18,1,3,0
5788,723500,10998,10108,1.67816162109375,1.5423583984375,1.67816162109375,1.5423583984375,,,723503,18,1,3,0
5789,723625,10951,10209,1.670989990234375,1.557769775390625,1.670989990234375,1.557769775390625,,,723628,18,1,3,0
5790,723750,10901,10308,1.663360595703125,1.5728759765625,1.663360595703125,1.5728759765625,,,723753,18,1,3,0
5791,723875,10848,10405,1.6552734375,1.587677001953125,1.6552734375,1.587677001953125,,,723878,18,1,3,0
5792,724000,10792,10500,1.646728515625,1.6021728515625,1.646728515625,1.6021728515625,,,724003,18,1,3,0
5793,724125,10733,10592,1.637725830078125,1.6162109375,1.637725830078125,1.6162109375,,,724128,18,1,3,0
5794,724250,10672,10681,1.62841796875,1.629791259765625,1.62841796875,1.629791259765625,,,724253,18,1,3,0
5795,724375,10608,10766,1.61865234375,1.64276123046875,1.61865234375,1.64276123046875,,,724378,18,1,3,0
5796,724500,10543,10847,1.608734130859375,1.655120849609375,1.608734130859375,1.655120849609375,,,724503,18,1,3,0
5797,724625,10475,10923,1.598358154296875,1.666717529296875,1.598358154296875,1.666717529296875,,,724628,18,1,3,0
5798,724750,10406,10994,1.58782958984375,1.67755126953125,1.58782958984375,1.67755126953125,,,724753,18,1,3,0
5799,724875,10336,11060,1.5771484375,1.6876220703125,1.5771484375,1.6876220703125,,,724878,18,1,3,0
5800,725000,10264,11120,1.566162109375,1.69677734375,1.566162109375,1.69677734375,,,725003,18,1,3,0
5801,725125,10192,11173,1.55517578125,1.704864501953125,1.55517578125,1.704864501953125,,,725128,18,1,3,0
5802,725250,10118,11221,1.54388427734375,1.712188720703125,1.54388427734375,1.712188720703125,,,725253,18,1,3,0
5803,725375,10044,11261,1.5325927734375,1.718292236328125,1.5325927734375,1.718292236328125,,,725378,18,1,3,0
5804,725500,9970,11295,1.52130126953125,1.723480224609375,1.52130126953125,1.723480224609375,,,725503,18,1,3,0
5805,725625,9896,11322,1.510009765625,1.72760009765625,1.510009765625,1.72760009765625,,,725628,18,1,3,0
5806,725750,9822,11341,1.49871826171875,1.730499267578125,1.49871826171875,1.730499267578125,,,725753,18,1,3,0
5807,725875,9748,11353,1.4874267578125,1.732330322265625,1.4874267578125,1.732330322265625,,,725878,18,1,3,0
5808,726000,9674,11358,1.47613525390625,1.73309326171875,1.47613525390625,1.73309326171875,,,726003,18,1,3,0
5809,726125,9602,11355,1.46514892578125,1.732635498046875,1.46514892578125,1.732635498046875,,,726128,18,1,3,0
5810,726250,9531,11345,1.454315185546875,1.731109619140625,1.454315185546875,1.731109619140625,,,726253,18,1,3,0
5811,726375,9461,11327,1.443634033203125,1.728363037109375,1.443634033203125,1.728363037109375,,,726378,18,1,3,0
5812,726500,9392,11302,1.43310546875,1.72454833984375,1.43310546875,1.72454833984375,,,726503,18,1,3,0
5813,726625,9325,11269,1.422882080078125,1.719512939453125,1.422882080078125,1.719512939453125,,,726628,18,1,3,0
5814,726750,9260,11230,1.4129638671875,1.71356201171875,1.4129638671875,1.71356201171875,,,726753,18,1,3,0
5815,726875,9197,11184,1.403350830078125,1.70654296875,1.403350830078125,1.70654296875,,,726878,18,1,3,0
5816,727000,9136,11131,1.39404296875,1.698455810546875,1.39404296875,1.698455810546875,,,727003,18,1,3,0
5817,727125,9078,11072,1.38519287109375,1.689453125,1.38519287109375,1.689453125,,,727128,18,1,3,0
5818,727250,9022,11006,1.37664794921875,1.67938232421875,1.37664794921875,1.67938232421875,,,727253,18,1,3,0
5819,727375,8970,10935,1.36871337890625,1.668548583984375,1.36871337890625,1.668548583984375,,,727378,18,1,3,0
5820,727500,8920,10859,1.361083984375,1.656951904296875,1.361083984375,1.656951904296875,,,727503,18,1,3,0
5821,727625,8873,10778,1.353912353515625,1.64459228515625,1.353912353515625,1.64459228515625,,,727628,18,1,3,0
5822,727750,8829,10692,1.347198486328125,1.6314697265625,1.347198486328125,1.6314697265625,,,727753,18,1,3,0
5823,727875,8789,10602,1.341094970703125,1.61773681640625,1.341094970703125,1.61773681640625,,,727878,18,1,3,0
5824,728000,8752,10508,1.33544921875,1.6033935546875,1.33544921875,1.6033935546875,,,728003,18,1,3,0
5825,728125,8719,10411,1.330413818359375,1.588592529296875,1.330413818359375,1.588592529296875,,,728128,18,1,3,0
5826,728250,8689,10311,1.325836181640625,1.573333740234375,1.325836181640625,1.573333740234375,,,728253,18,1,3,0
5827,728375,8664,10210,1.322021484375,1.55792236328125,1.322021484375,1.55792236328125,,,728378,18,1,3,0
5828,728500,8641,10106,1.318511962890625,1.54205322265625,1.318511962890625,1.54205322265625,,,728503,18,1,3,0
5829,728625,8623,10002,1.315765380859375,1.52618408203125,1.315765380859375,1.52618408203125,,,728628,18,1,3,0
5830,728750,8609,9897,1.313629150390625,1.510162353515625,1.313629150390625,1.510162353515625,,,728753,18,1,3,0
5831,728875,8599,9792,1.312103271484375,1.494140625,1.312103271484375,1.494140625,,,728878,18,1,3,0
5832,729000,8592,9688,1.31103515625,1.478271484375,1.31103515625,1.478271484375,,,729003,18,1,3,0
5833,729125,8590,9584,1.31072998046875,1.46240234375,1.31072998046875,1.46240234375,,,729128,18,1,3,0
5834,729250,8591,9482,1.310882568359375,1.44683837890625,1.310882568359375,1.44683837890625,,,729253,18,1,3,0
5835,729375,8597,9383,1.311798095703125,1.431732177734375,1.311798095703125,1.431732177734375,,,729378,18,1,3,0
5836,729500,8606,9285,1.31317138671875,1.416778564453125,1.31317138671875,1.416778564453125,,,729503,18,1,3,0
5837,729625,8619,9191,1.315155029296875,1.402435302734375,1.315155029296875,1.402435302734375,,,729628,18,1,3,0
5838,729750,8636,9101,1.3177490234375,1.388702392578125,1.3177490234375,1.388702392578125,,,729753,18,1,3,0
5839,729875,8657,9015,1.320953369140625,1.375579833984375,1.320953369140625,1.375579833984375,,,729878,18,1,3,0
5840,730000,8681,8933,1.324615478515625,1.363067626953125,1.324615478515625,1.363067626953125,,,730003,18,1,3,0
5841,730125,8709,8856,1.328887939453125,1.351318359375,1.328887939453125,1.351318359375,,,730128,18,1,3,0
5842,730250,8741,8784,1.333770751953125,1.34033203125,1.333770751953125,1.34033203125,,,730253,18,1,3,0
5843,730375,8776,8718,1.339111328125,1.33026123046875,1.339111328125,1.33026123046875,,,730378,18,1,3,0
5844,730500,8814,8658,1.34490966796875,1.32110595703125,1.34490966796875,1.32110595703125,,,730503,18,1,3,0
5845,730625,8855,8604,1.351165771484375,1.3128662109375,1.351165771484375,1.3128662109375,,,730628,18,1,3,0
5846,730750,8899,8556,1.357879638671875,1.3055419921875,1.357879638671875,1.3055419921875,,,730753,18,1,3,0
5847,730875,8946,8515,1.36505126953125,1.299285888671875,1.36505126953125,1.299285888671875,,,730878,18,1,3,0
5848,731000,8995,8482,1.372528076171875,1.29425048828125,1.372528076171875,1.29425048828125,,,731003,18,1,3,0
5849,731125,9047,8455,1.380462646484375,1.290130615234375,1.380462646484375,1.290130615234375,,,731128,18,1,3,0
5850,731250,9102,8435,1.38885498046875,1.287078857421875,1.38885498046875,1.287078857421875,,,731253,18,1,3,0
5851,731375,9158,8423,1.39739990234375,1.285247802734375,1.39739990234375,1.285247802734375,,,731378,18,1,3,0
5852,731500,9217,8418,1.406402587890625,1.28448486328125,1.406402587890625,1.28448486328125,,,731503,18,1,3,0
5853,731625,9277,8420,1.415557861328125,1.2847900390625,1.415557861328125,1.2847900390625,,,731628,18,1,3,0
5854,731750,9338,8430,1.42486572265625,1.28631591796875,1.42486572265625,1.28631591796875,,,731753,18,1,3,0
5855,731875,9401,8447,1.434478759765625,1.288909912109375,1.434478759765625,1.288909912109375,,,731878,18,1,3,0
5856,732000,9466,8470,1.44439697265625,1.29241943359375,1.44439697265625,1.29241943359375,,,732003,18,1,3,0
5857,732125,9531,8501,1.454315185546875,1.297149658203125,1.454315185546875,1.297149658203125,,,732128,18,1,3,0
5858,732250,9597,8538,1.464385986328125,1.30279541015625,1.464385986328125,1.30279541015625,,,732253,18,1,3,0
5859,732375,9663,8582,1.474456787109375,1.30950927734375,1.474456787109375,1.30950927734375,,,732378,18,1,3,0
5860,732500,9729,8632,1.484527587890625,1.317138671875,1.484527587890625,1.317138671875,,,732503,18,1,3,0
5861,732625,9796,8688,1.4947509765625,1.32568359375,1.4947509765625,1.32568359375,,,732628,18,1,3,0
5862,732750,9863,8749,1.504974365234375,1.334991455078125,1.504974365234375,1.334991455078125,,,732753,18,1,3,0
5863,732875,9929,8816,1.515045166015625,1.34521484375,1.515045166015625,1.34521484375,,,732878,18,1,3,0
5864,733000,9994,8887,1.52496337890625,1.356048583984375,1.52496337890625,1.356048583984375,,,733003,18,1,3,0
5865,733125,10059,8963,1.534881591796875,1.367645263671875,1.534881591796875,1.367645263671875,,,733128,18,1,3,0
5866,733250,10123,9043,1.544647216796875,1.379852294921875,1.544647216796875,1.379852294921875,,,733253,18,1,3,0
5867,733375,10185,9126,1.554107666015625,1.39251708984375,1.554107666015625,1.39251708984375,,,733378,18,1,3,0
5868,733500,10246,9213,1.56341552734375,1.405792236328125,1.56341552734375,1.405792236328125,,,733503,18,1,3,0
5869,733625,10306,9302,1.57257080078125,1.41937255859375,1.57257080078125,1.41937255859375,,,733628,18,1,3,0
5870,733750,10363,9393,1.581268310546875,1.433258056640625,1.581268310546875,1.433258056640625,,,733753,18,1,3,0
5871,733875,10419,9485,1.589813232421875,1.447296142578125,1.589813232421875,1.447296142578125,,,733878,18,1,3,0
5872,734000,10472,9579,1.597900390625,1.461639404296875,1.597900390625,1.461639404296875,,,734003,18,1,3,0
5873,734125,10523,9673,1.605682373046875,1.475982666015625,1.605682373046875,1.475982666015625,,,734128,18,1,3,0
5874,734250,10572,9767,1.6131591796875,1.490325927734375,1.6131591796875,1.490325927734375,,,734253,18,1,3,0
5875,734375,10618,9861,1.62017822265625,1.504669189453125,1.62017822265625,1.504669189453125,,,734378,18,1,3,0
5876,734500,10661,9953,1.626739501953125,1.518707275390625,1.626739501953125,1.518707275390625,,,734503,18,1,3,0
5877,734625,10702,10044,1.63299560546875,1.5325927734375,1.63299560546875,1.5325927734375,,,734628,18,1,3,0
5878,734750,10739,10133,1.638641357421875,1.546173095703125,1.638641357421875,1.546173095703125,,,734753,18,1,3,0
5879,734875,10773,10219,1.643829345703125,1.559295654296875,1.643829345703125,1.559295654296875,,,734878,18,1,3,0
5880,735000,10803,10303,1.648406982421875,1.572113037109375,1.648406982421875,1.572113037109375,,,735003,18,1,3,0
5881,735125,10831,10383,1.652679443359375,1.584320068359375,1.652679443359375,1.584320068359375,,,735128,18,1,3,0
5882,735250,10855,10459,1.656341552734375,1.595916748046875,1.656341552734375,1.595916748046875,,,735253,18,1,3,0
5883,735375,10875,10530,1.659393310546875,1.60675048828125,1.659393310546875,1.60675048828125,,,735378,18,1,3,0
5884,735500,10892,10597,1.6619873046875,1.616973876953125,1.6619873046875,1.616973876953125,,,735503,18,1,3,0
5885,735625,10905,10659,1.663970947265625,1.626434326171875,1.663970947265625,1.626434326171875,,,735628,18,1,3,0
5886,735750,10914,10716,1.66534423828125,1.6351318359375,1.66534423828125,1.6351318359375,,,735753,18,1,3,0
5887,735875,10920,10767,1.666259765625,1.642913818359375,1.666259765625,1.642913818359375,,,735878,18,1,3,0
5888,736000,10922,10811,1.66656494140625,1.649627685546875,1.66656494140625,1.649627685546875,,,736003,18,1,3,0
5889,736125,10920,10850,1.666259765625,1.65557861328125,1.666259765625,1.65557861328125,,,736128,18,1,3,0
5890,736250,10914,10882,1.66534423828125,1.66046142578125,1.66534423828125,1.66046142578125,,,736253,18,1,3,0
5891,736375,10905,10908,1.663970947265625,1.6644287109375,1.663970947265625,1.6644287109375,,,736378,18,1,3,0
5892,736500,10892,10927,1.6619873046875,1.667327880859375,1.6619873046875,1.667327880859375,,,736503,18,1,3,0
5893,736625,10875,10939,1.659393310546875,1.669158935546875,1.659393310546875,1.669158935546875,,,736628,18,1,3,0
5894,736750,10855,10945,1.656341552734375,1.670074462890625,1.656341552734375,1.670074462890625,,,736753,18,1,3,0
5895,736875,10832,10943,1.65283203125,1.669769287109375,1.65283203125,1.669769287109375,,,736878,18,1,3,0
5896,737000,10805,10935,1.648712158203125,1.668548583984375,1.648712158203125,1.668548583984375,,,737003,18,1,3,0
5897,737125,10774,10920,1.64398193359375,1.666259765625,1.64398193359375,1.666259765625,,,737128,18,1,3,0
5898,737250,10741,10898,1.638946533203125,1.66290283203125,1.638946533203125,1.66290283203125,,,737253,18,1,3,0
5899,737375,10704,10870,1.63330078125,1.65863037109375,1.63330078125,1.65863037109375,,,737378,18,1,3,0
5900,737500,10664,10836,1.627197265625,1.6534423828125,1.627197265625,1.6534423828125,,,737503,18,1,3,0
5901,737625,10622,10795,1.62078857421875,1.647186279296875,1.62078857421875,1.647186279296875,,,737628,18,1,3,0
5902,737750,10577,10749,1.613922119140625,1.640167236328125,1.613922119140625,1.640167236328125,,,737753,18,1,3,0
5903,737875,10529,10697,1.606597900390625,1.632232666015625,1.606597900390625,1.632232666015625,,,737878,18,1,3,0
5904,738000,10479,10639,1.598968505859375,1.623382568359375,1.598968505859375,1.623382568359375,,,738003,18,1,3,0
5905,738125,10426,10577,1.59088134765625,1.613922119140625,1.59088134765625,1.613922119140625,,,738128,18,1,3,0
5906,738250,10372,10510,1.5826416015625,1.60369873046875,1.5826416015625,1.60369873046875,,,738253,18,1,3,0
5907,738375,10316,10439,1.5740966796875,1.592864990234375,1.5740966796875,1.592864990234375,,,738378,18,1,3,0
5908,738500,10258,10364,1.56524658203125,1.5814208984375,1.56524658203125,1.5814208984375,,,738503,18,1,3,0
5909,738625,10198,10286,1.55609130859375,1.56951904296875,1.55609130859375,1.56951904296875,,,738628,18,1,3,0
5910,738750,10137,10205,1.546783447265625,1.557159423828125,1.546783447265625,1.557159423828125,,,738753,18,1,3,0
5911,738875,10075,10122,1.537322998046875,1.54449462890625,1.537322998046875,1.54449462890625,,,738878,18,1,3,0
5912,739000,10013,10037,1.527862548828125,1.531524658203125,1.527862548828125,1.531524658203125,,,739003,18,1,3,0
5913,739125,9949,9950,1.518096923828125,1.51824951171875,1.518096923828125,1.51824951171875,,,739128,18,1,3,0
5914,739250,9885,9863,1.508331298828125,1.504974365234375,1.508331298828125,1.504974365234375,,,739253,18,1,3,0
5915,739375,9821,9775,1.498565673828125,1.491546630859375,1.498565673828125,1.491546630859375,,,739378,18,1,3,0
5916,739500,9757,9687,1.488800048828125,1.478118896484375,1.488800048828125,1.478118896484375,,,739503,18,1,3,0
5917,739625,9693,9600,1.479034423828125,1.46484375,1.479034423828125,1.46484375,,,739628,18,1,3,0
5918,739750,9629,9514,1.469268798828125,1.45172119140625,1.469268798828125,1.45172119140625,,,739753,18,1,3,0
5919,739875,9566,9430,1.45965576171875,1.43890380859375,1.45965576171875,1.43890380859375,,,739878,18,1,3,0
5920,740000,9504,9347,1.4501953125,1.426239013671875,1.4501953125,1.426239013671875,,,740003,18,1,3,0
5921,740125,9443,9268,1.440887451171875,1.4141845703125,1.440887451171875,1.4141845703125,,,740128,18,1,3,0
5922,740250,9383,9191,1.431732177734375,1.402435302734375,1.431732177734375,1.402435302734375,,,740253,18,1,3,0
5923,740375,9324,9118,1.4227294921875,1.39129638671875,1.4227294921875,1.39129638671875,,,740378,18,1,3,0
5924,740500,9267,9049,1.414031982421875,1.380767822265625,1.414031982421875,1.380767822265625,,,740503,18,1,3,0
5925,740625,9212,8985,1.4056396484375,1.371002197265625,1.4056396484375,1.371002197265625,,,740628,18,1,3,0
5926,740750,9159,8925,1.397552490234375,1.361846923828125,1.397552490234375,1.361846923828125,,,740753,18,1,3,0
5927,740875,9108,8871,1.3897705078125,1.353607177734375,1.3897705078125,1.353607177734375,,,740878,18,1,3,0
5928,741000,9059,8821,1.382293701171875,1.345977783203125,1.382293701171875,1.345977783203125,,,741003,18,1,3,0
5929,741125,9013,8778,1.375274658203125,1.33941650390625,1.375274658203125,1.33941650390625,,,741128,18,1,3,0
5930,741250,8969,8741,1.368560791015625,1.333770751953125,1.368560791015625,1.333770751953125,,,741253,18,1,3,0
5931,741375,8929,8710,1.362457275390625,1.32904052734375,1.362457275390625,1.32904052734375,,,741378,18,1,3,0
5932,741500,8891,8685,1.356658935546875,1.325225830078125,1.356658935546875,1.325225830078125,,,741503,18,1,3,0
5933,741625,8856,8667,1.351318359375,1.322479248046875,1.351318359375,1.322479248046875,,,741628,18,1,3,0
5934,741750,8825,8656,1.346588134765625,1.32080078125,1.346588134765625,1.32080078125,,,741753,18,1,3,0
5935,741875,8797,8652,1.342315673828125,1.3201904296875,1.342315673828125,1.3201904296875,,,741878,18,1,3,0
5936,742000,8772,8654,1.3385009765625,1.32049560546875,1.3385009765625,1.32049560546875,,,742003,18,1,3,0
5937,742125,8751,8664,1.335296630859375,1.322021484375,1.335296630859375,1.322021484375,,,742128,18,1,3,0
5938,742250,8733,8680,1.332550048828125,1.324462890625,1.332550048828125,1.324462890625,,,742253,18,1,3,0
5939,742375,8719,8703,1.330413818359375,1.327972412109375,1.330413818359375,1.327972412109375,,,742378,18,1,3,0
5940,742500,8709,8733,1.328887939453125,1.332550048828125,1.328887939453125,1.332550048828125,,,742503,18,1,3,0
5941,742625,8702,8770,1.32781982421875,1.33819580078125,1.32781982421875,1.33819580078125,,,742628,18,1,3,0
5942,742750,8699,8813,1.327362060546875,1.344757080078125,1.327362060546875,1.344757080078125,,,742753,18,1,3,0
5943,742875,8700,8862,1.3275146484375,1.35223388671875,1.3275146484375,1.35223388671875,,,742878,18,1,3,0
5944,743000,8705,8918,1.328277587890625,1.36077880859375,1.328277587890625,1.36077880859375,,,743003,18,1,3,0
5945,743125,8714,8979,1.32965087890625,1.370086669921875,1.32965087890625,1.370086669921875,,,743128,18,1,3,0
5946,743250,8726,9045,1.33148193359375,1.380157470703125,1.33148193359375,1.380157470703125,,,743253,18,1,3,0
5947,743375,8742,9116,1.33392333984375,1.3909912109375,1.33392333984375,1.3909912109375,,,743378,18,1,3,0
5948,743500,8762,9192,1.33697509765625,1.402587890625,1.33697509765625,1.402587890625,,,743503,18,1,3,0
5949,743625,8785,9273,1.340484619140625,1.414947509765625,1.340484619140625,1.414947509765625,,,743628,18,1,3,0
