sequence,adc_drdy_host_us,ch0_raw,ch1_raw,ch0_differential_v,ch1_differential_v,ch0_myoware_raw_v_estimate,ch1_myoware_raw_v_estimate,adc_status,adc_crc,read_start_us,read_duration_us,elapsed_slots,active_mask,flags
1,125,49,867,7.009506225585937e-06,0.0001240253448486328,1.5000140190124511,1.5002480506896974,0,0,127,15,1,3,0
2,250,99,891,1.4162063598632812e-05,0.00012745857238769532,1.5000283241271972,1.5002549171447754,0,0,252,15,1,3,0
3,375,149,912,2.1314620971679685e-05,0.00013046264648437498,1.5000426292419433,1.5002609252929688,0,0,377,15,1,3,0
4,500,198,932,2.8324127197265624e-05,0.00013332366943359373,1.5000566482543944,1.5002666473388673,0,0,502,15,1,3,0
5,625,247,948,3.533363342285156e-05,0.00013561248779296874,1.5000706672668458,1.5002712249755858,0,0,627,15,1,3,0
6,750,295,963,4.220008850097656e-05,0.0001377582550048828,1.500084400177002,1.5002755165100097,0,0,752,15,1,3,0
7,875,342,975,4.892349243164062e-05,0.00013947486877441406,1.5000978469848634,1.5002789497375488,0,0,877,15,1,3,0
8,1000,389,985,5.564689636230468e-05,0.00014090538024902344,1.5001112937927246,1.500281810760498,0,0,1002,15,1,3,0
9,1125,434,992,6.208419799804687e-05,0.00014190673828124998,1.500124168395996,1.5002838134765626,0,0,1127,15,1,3,0
10,1250,479,997,6.852149963378906e-05,0.00014262199401855467,1.5001370429992675,1.5002852439880372,0,0,1252,15,1,3,0
11,1375,522,999,7.467269897460937e-05,0.00014290809631347656,1.5001493453979493,1.500285816192627,0,0,1377,15,1,3,0
12,1500,564,999,8.068084716796874e-05,0.00014290809631347656,1.500161361694336,1.500285816192627,0,0,1502,15,1,3,0
13,1625,605,996,8.654594421386719e-05,0.00014247894287109376,1.5001730918884277,1.5002849578857422,0,0,1627,15,1,3,0
14,1750,644,991,9.212493896484374e-05,0.00014176368713378907,1.5001842498779296,1.5002835273742676,0,0,1752,15,1,3,0
15,1875,681,983,9.741783142089843e-05,0.00014061927795410155,1.5001948356628418,1.5002812385559081,0,0,1877,15,1,3,0
16,2000,717,973,0.00010256767272949218,0.00013918876647949218,1.500205135345459,1.500278377532959,0,0,2002,15,1,3,0
17,2125,751,961,0.00010743141174316405,0.00013747215270996094,1.5002148628234864,1.50027494430542,0,0,2127,15,1,3,0
18,2250,783,946,0.00011200904846191405,0.00013532638549804688,1.5002240180969237,1.5002706527709961,0,0,2252,15,1,3,0
19,2375,813,928,0.00011630058288574218,0.00013275146484375,1.5002326011657714,1.5002655029296874,0,0,2377,15,1,3,0
20,2500,841,909,0.00012030601501464843,0.00013003349304199218,1.5002406120300293,1.500260066986084,0,0,2502,15,1,3,0
21,2625,867,887,0.0001240253448486328,0.00012688636779785155,1.5002480506896974,1.5002537727355958,0,0,2627,15,1,3,0
22,2750,891,863,0.00012745857238769532,0.00012345314025878905,1.5002549171447754,1.5002469062805175,0,0,2752,15,1,3,0
23,2875,912,836,0.00013046264648437498,0.00011959075927734374,1.5002609252929688,1.5002391815185547,0,0,2877,15,1,3,0
24,3000,932,808,0.00013332366943359373,0.00011558532714843749,1.5002666473388673,1.5002311706542968,0,0,3002,15,1,3,0
25,3125,948,778,0.00013561248779296874,0.00011129379272460936,1.5002712249755858,1.5002225875854491,0,0,3127,15,1,3,0
26,3250,963,745,0.0001377582550048828,0.00010657310485839844,1.5002755165100097,1.5002131462097168,0,0,3252,15,1,3,0
27,3375,975,711,0.00013947486877441406,0.00010170936584472655,1.5002789497375488,1.5002034187316895,0,0,3377,15,1,3,0
28,3500,985,675,0.00014090538024902344,9.655952453613281e-05,1.500281810760498,1.5001931190490723,0,0,3502,15,1,3,0
29,3625,992,637,0.00014190673828124998,9.112358093261718e-05,1.5002838134765626,1.5001822471618653,0,0,3627,15,1,3,0
30,3750,997,598,0.00014262199401855467,8.554458618164063e-05,1.5002852439880372,1.5001710891723632,0,0,3752,15,1,3,0
31,3875,999,557,0.00014290809631347656,7.967948913574218e-05,1.500285816192627,1.5001593589782716,0,0,3877,15,1,3,0
32,4000,999,515,0.00014290809631347656,7.367134094238281e-05,1.500285816192627,1.5001473426818848,0,0,4002,15,1,3,0
33,4125,996,472,0.00014247894287109376,6.75201416015625e-05,1.5002849578857422,1.5001350402832032,0,0,4127,15,1,3,0
34,4250,991,427,0.00014176368713378907,6.108283996582031e-05,1.5002835273742676,1.5001221656799317,0,0,4252,15,1,3,0
35,4375,983,381,0.00014061927795410155,5.4502487182617186e-05,1.5002812385559081,1.5001090049743653,0,0,4377,15,1,3,0
36,4500,973,334,0.00013918876647949218,4.7779083251953126e-05,1.500278377532959,1.5000955581665039,0,0,4502,15,1,3,0
37,4625,961,287,0.00013747215270996094,4.105567932128906e-05,1.50027494430542,1.5000821113586427,0,0,4627,15,1,3,0
38,4750,946,239,0.00013532638549804688,3.4189224243164064e-05,1.5002706527709961,1.5000683784484863,0,0,4752,15,1,3,0
39,4875,928,190,0.00013275146484375,2.7179718017578125e-05,1.5002655029296874,1.5000543594360352,0,0,4877,15,1,3,0
40,5000,909,141,0.00013003349304199218,2.0170211791992186e-05,1.500260066986084,1.500040340423584,0,0,5002,15,1,3,0
41,5125,887,91,0.00012688636779785155,1.3017654418945313e-05,1.5002537727355958,1.500026035308838,0,0,5127,15,1,3,0
42,5250,863,41,0.00012345314025878905,5.865097045898437e-06,1.5002469062805175,1.5000117301940918,0,0,5252,15,1,3,0
43,5375,836,-8,0.00011959075927734374,-1.1444091796875e-06,1.5002391815185547,1.4999977111816407,0,0,5377,15,1,3,0
44,5500,808,-58,0.00011558532714843749,-8.296966552734374e-06,1.5002311706542968,1.4999834060668946,0,0,5502,15,1,3,0
45,5625,778,-108,0.00011129379272460936,-1.544952392578125e-05,1.5002225875854491,1.4999691009521485,0,0,5627,15,1,3,0
46,5750,745,-157,0.00010657310485839844,-2.2459030151367188e-05,1.5002131462097168,1.4999550819396972,0,0,5752,15,1,3,0
47,5875,711,-206,0.00010170936584472655,-2.9468536376953124e-05,1.5002034187316895,1.499941062927246,0,0,5877,15,1,3,0
48,6000,675,-255,9.655952453613281e-05,-3.647804260253906e-05,1.5001931190490723,1.499927043914795,0,0,6002,15,1,3,0
49,6125,637,-303,9.112358093261718e-05,-4.334449768066406e-05,1.5001822471618653,1.4999133110046388,0,0,6127,15,1,3,0
50,6250,598,-350,8.554458618164063e-05,-5.0067901611328125e-05,1.5001710891723632,1.4998998641967773,0,0,6252,15,1,3,0
51,6375,557,-397,7.967948913574218e-05,-5.6791305541992185e-05,1.5001593589782716,1.499886417388916,0,0,6377,15,1,3,0
52,6500,515,-442,7.367134094238281e-05,-6.322860717773437e-05,1.5001473426818848,1.4998735427856444,0,0,6502,15,1,3,0
53,6625,472,-486,6.75201416015625e-05,-6.952285766601562e-05,1.5001350402832032,1.499860954284668,0,0,6627,15,1,3,0
54,6750,427,-529,6.108283996582031e-05,-7.567405700683593e-05,1.5001221656799317,1.4998486518859864,0,0,6752,15,1,3,0
55,6875,381,-571,5.4502487182617186e-05,-8.16822052001953e-05,1.5001090049743653,1.4998366355895996,0,0,6877,15,1,3,0
56,7000,334,-611,4.7779083251953126e-05,-8.74042510986328e-05,1.5000955581665039,1.4998251914978027,0,0,7002,15,1,3,0
57,7125,287,-650,4.105567932128906e-05,-9.298324584960938e-05,1.5000821113586427,1.4998140335083008,0,0,7127,15,1,3,0
58,7250,239,-687,3.4189224243164064e-05,-9.827613830566406e-05,1.5000683784484863,1.4998034477233886,0,0,7252,15,1,3,0
59,7375,190,-723,2.7179718017578125e-05,-0.00010342597961425782,1.5000543594360352,1.4997931480407716,0,0,7377,15,1,3,0
60,7500,141,-756,2.0170211791992186e-05,-0.00010814666748046874,1.500040340423584,1.499783706665039,0,0,7502,15,1,3,0
61,7625,91,-788,1.3017654418945313e-05,-0.00011272430419921874,1.500026035308838,1.4997745513916017,0,0,7627,15,1,3,0
62,7750,41,-818,5.865097045898437e-06,-0.00011701583862304686,1.5000117301940918,1.499765968322754,0,0,7752,15,1,3,0
63,7875,-8,-845,-1.1444091796875e-06,-0.00012087821960449219,1.4999977111816407,1.499758243560791,0,0,7877,15,1,3,0
64,8000,-58,-871,-8.296966552734374e-06,-0.00012459754943847657,1.4999834060668946,1.499750804901123,0,0,8002,15,1,3,0
65,8125,-108,-894,-1.544952392578125e-05,-0.00012788772583007812,1.4999691009521485,1.4997442245483399,0,0,8127,15,1,3,0
66,8250,-157,-916,-2.2459030151367188e-05,-0.00013103485107421876,1.4999550819396972,1.4997379302978515,0,0,8252,15,1,3,0
67,8375,-206,-935,-2.9468536376953124e-05,-0.00013375282287597656,1.499941062927246,1.499732494354248,0,0,8377,15,1,3,0
68,8500,-255,-951,-3.647804260253906e-05,-0.00013604164123535157,1.499927043914795,1.4997279167175293,0,0,8502,15,1,3,0
69,8625,-303,-965,-4.334449768066406e-05,-0.0001380443572998047,1.4999133110046388,1.4997239112854004,0,0,8627,15,1,3,0
70,8750,-350,-977,-5.0067901611328125e-05,-0.00013976097106933592,1.4998998641967773,1.4997204780578612,0,0,8752,15,1,3,0
71,8875,-397,-986,-5.6791305541992185e-05,-0.00014104843139648438,1.499886417388916,1.499717903137207,0,0,8877,15,1,3,0
72,9000,-442,-993,-6.322860717773437e-05,-0.00014204978942871093,1.4998735427856444,1.4997159004211427,0,0,9002,15,1,3,0
73,9125,-486,-998,-6.952285766601562e-05,-0.00014276504516601561,1.499860954284668,1.499714469909668,0,0,9127,15,1,3,0
74,9250,-529,-999,-7.567405700683593e-05,-0.00014290809631347656,1.4998486518859864,1.499714183807373,0,0,9252,15,1,3,0
75,9375,-571,-999,-8.16822052001953e-05,-0.00014290809631347656,1.4998366355895996,1.499714183807373,0,0,9377,15,1,3,0
76,9500,-611,-996,-8.74042510986328e-05,-0.00014247894287109376,1.4998251914978027,1.4997150421142578,0,0,9502,15,1,3,0
77,9625,-650,-990,-9.298324584960938e-05,-0.00014162063598632812,1.4998140335083008,1.4997167587280273,0,0,9627,15,1,3,0
78,9750,-687,-982,-9.827613830566406e-05,-0.0001404762268066406,1.4998034477233886,1.4997190475463866,0,0,9752,15,1,3,0
79,9875,-723,-971,-0.00010342597961425782,-0.00013890266418457032,1.4997931480407716,1.4997221946716308,0,0,9877,15,1,3,0
80,10000,-756,-958,-0.00010814666748046874,-0.00013704299926757811,1.499783706665039,1.499725914001465,0,0,10002,15,1,3,0
81,10125,-788,-943,-0.00011272430419921874,-0.00013489723205566405,1.4997745513916017,1.4997302055358888,0,0,10127,15,1,3,0
82,10250,-818,-925,-0.00011701583862304686,-0.0001323223114013672,1.499765968322754,1.4997353553771973,0,0,10252,15,1,3,0
83,10375,-845,-905,-0.00012087821960449219,-0.00012946128845214844,1.499758243560791,1.4997410774230957,0,0,10377,15,1,3,0
84,10500,-871,-883,-0.00012459754943847657,-0.0001263141632080078,1.499750804901123,1.499747371673584,0,0,10502,15,1,3,0
85,10625,-894,-858,-0.00012788772583007812,-0.00012273788452148436,1.4997442245483399,1.4997545242309571,0,0,10627,15,1,3,0
86,10750,-916,-832,-0.00013103485107421876,-0.0001190185546875,1.4997379302978515,1.499761962890625,0,0,10752,15,1,3,0
87,10875,-935,-803,-0.00013375282287597656,-0.0001148700714111328,1.499732494354248,1.4997702598571778,0,0,10877,15,1,3,0
88,11000,-951,-772,-0.00013604164123535157,-0.00011043548583984375,1.4997279167175293,1.4997791290283202,0,0,11002,15,1,3,0
89,11125,-965,-740,-0.0001380443572998047,-0.00010585784912109375,1.4997239112854004,1.4997882843017578,0,0,11127,15,1,3,0
90,11250,-977,-705,-0.00013976097106933592,-0.00010085105895996094,1.4997204780578612,1.49979829788208,0,0,11252,15,1,3,0
91,11375,-986,-669,-0.00014104843139648438,-9.570121765136718e-05,1.499717903137207,1.4998085975646973,0,0,11377,15,1,3,0
92,11500,-993,-631,-0.00014204978942871093,-9.026527404785155e-05,1.4997159004211427,1.4998194694519043,0,0,11502,15,1,3,0
93,11625,-998,-591,-0.00014276504516601561,-8.454322814941405e-05,1.499714469909668,1.4998309135437011,0,0,11627,15,1,3,0
94,11750,-999,-550,-0.00014290809631347656,-7.867813110351562e-05,1.499714183807373,1.499842643737793,0,0,11752,15,1,3,0
95,11875,-999,-508,-0.00014290809631347656,-7.266998291015625e-05,1.499714183807373,1.4998546600341798,0,0,11877,15,1,3,0
96,12000,-996,-464,-0.00014247894287109376,-6.6375732421875e-05,1.4997150421142578,1.4998672485351563,0,0,12002,15,1,3,0
97,12125,-990,-419,-0.00014162063598632812,-5.993843078613281e-05,1.4997167587280273,1.4998801231384278,0,0,12127,15,1,3,0
98,12250,-982,-373,-0.0001404762268066406,-5.3358078002929683e-05,1.4997190475463866,1.4998932838439942,0,0,12252,15,1,3,0
99,12375,-971,-327,-0.00013890266418457032,-4.677772521972656e-05,1.4997221946716308,1.4999064445495605,0,0,12377,15,1,3,0
100,12500,-958,-279,-0.00013704299926757811,-3.9911270141601564e-05,1.499725914001465,1.4999201774597168,0,0,12502,15,1,3,0
101,12625,-943,-231,-0.00013489723205566405,-3.304481506347656e-05,1.4997302055358888,1.499933910369873,0,0,12627,15,1,3,0
102,12750,-925,-182,-0.0001323223114013672,-2.6035308837890626e-05,1.4997353553771973,1.4999479293823241,0,0,12752,15,1,3,0
103,12875,-905,-132,-0.00012946128845214844,-1.888275146484375e-05,1.4997410774230957,1.4999622344970702,0,0,12877,15,1,3,0
104,13000,-883,-83,-0.0001263141632080078,-1.1873245239257812e-05,1.499747371673584,1.4999762535095216,0,0,13002,15,1,3,0
105,13125,-858,-33,-0.00012273788452148436,-4.720687866210938e-06,1.4997545242309571,1.4999905586242677,0,0,13127,15,1,3,0
106,13250,-832,16,-0.0001190185546875,2.288818359375e-06,1.499761962890625,1.5000045776367188,0,0,13252,15,1,3,0
107,13375,-803,66,-0.0001148700714111328,9.441375732421875e-06,1.4997702598571778,1.5000188827514649,0,0,13377,15,1,3,0
108,13500,-772,116,-0.00011043548583984375,1.659393310546875e-05,1.4997791290283202,1.500033187866211,0,0,13502,15,1,3,0
109,13625,-740,166,-0.00010585784912109375,2.3746490478515624e-05,1.4997882843017578,1.500047492980957,0,0,13627,15,1,3,0
110,13750,-705,215,-0.00010085105895996094,3.075599670410156e-05,1.49979829788208,1.5000615119934082,0,0,13752,15,1,3,0
111,13875,-669,263,-9.570121765136718e-05,3.762245178222656e-05,1.4998085975646973,1.5000752449035644,0,0,13877,15,1,3,0
112,14000,-631,311,-9.026527404785155e-05,4.448890686035156e-05,1.4998194694519043,1.5000889778137207,0,0,14002,15,1,3,0
113,14125,-591,358,-8.454322814941405e-05,5.121231079101562e-05,1.4998309135437011,1.500102424621582,0,0,14127,15,1,3,0
114,14250,-550,404,-7.867813110351562e-05,5.7792663574218745e-05,1.499842643737793,1.5001155853271484,0,0,14252,15,1,3,0
115,14375,-508,450,-7.266998291015625e-05,6.437301635742188e-05,1.4998546600341798,1.5001287460327148,0,0,14377,15,1,3,0
116,14500,-464,494,-6.6375732421875e-05,7.066726684570312e-05,1.4998672485351563,1.5001413345336914,0,0,14502,15,1,3,0
117,14625,-419,536,-5.993843078613281e-05,7.667541503906249e-05,1.4998801231384278,1.5001533508300782,0,0,14627,15,1,3,0
118,14750,-373,578,-5.3358078002929683e-05,8.268356323242188e-05,1.4998932838439942,1.5001653671264648,0,0,14752,15,1,3,0
119,14875,-327,618,-4.677772521972656e-05,8.840560913085938e-05,1.4999064445495605,1.5001768112182616,0,0,14877,15,1,3,0
120,15000,-279,656,-3.9911270141601564e-05,9.384155273437499e-05,1.4999201774597168,1.5001876831054688,0,0,15002,15,1,3,0
121,15125,-231,693,-3.304481506347656e-05,9.913444519042969e-05,1.499933910369873,1.5001982688903808,0,0,15127,15,1,3,0
122,15250,-182,728,-2.6035308837890626e-05,0.0001041412353515625,1.4999479293823241,1.500208282470703,0,0,15252,15,1,3,0
123,15375,-132,762,-1.888275146484375e-05,0.00010900497436523437,1.4999622344970702,1.5002180099487306,0,0,15377,15,1,3,0
124,15500,-83,793,-1.1873245239257812e-05,0.00011343955993652343,1.4999762535095216,1.500226879119873,0,0,15502,15,1,3,0
125,15625,-33,823,-4.720687866210938e-06,0.00011773109436035155,1.4999905586242677,1.5002354621887206,0,0,15627,15,1,3,0
126,15750,16,850,2.288818359375e-06,0.00012159347534179688,1.5000045776367188,1.5002431869506836,0,0,15752,15,1,3,0
127,15875,66,875,9.441375732421875e-06,0.0001251697540283203,1.5000188827514649,1.5002503395080566,0,0,15877,15,1,3,0
128,16000,116,898,1.659393310546875e-05,0.00012845993041992186,1.500033187866211,1.5002569198608398,0,0,16002,15,1,3,0
129,16125,166,919,2.3746490478515624e-05,0.00013146400451660156,1.500047492980957,1.5002629280090332,0,0,16127,15,1,3,0
130,16250,215,937,3.075599670410156e-05,0.00013403892517089842,1.5000615119934082,1.5002680778503419,0,0,16252,15,1,3,0
131,16375,263,954,3.762245178222656e-05,0.00013647079467773437,1.5000752449035644,1.5002729415893554,0,0,16377,15,1,3,0
132,16500,311,967,4.448890686035156e-05,0.00013833045959472655,1.5000889778137207,1.5002766609191895,0,0,16502,15,1,3,0
133,16625,358,979,5.121231079101562e-05,0.0001400470733642578,1.500102424621582,1.5002800941467285,0,0,16627,15,1,3,0
134,16750,404,988,5.7792663574218745e-05,0.00014133453369140624,1.5001155853271484,1.5002826690673827,0,0,16752,15,1,3,0
135,16875,450,994,6.437301635742188e-05,0.00014219284057617187,1.5001287460327148,1.5002843856811523,0,0,16877,15,1,3,0
136,17000,494,998,7.066726684570312e-05,0.00014276504516601561,1.5001413345336914,1.500285530090332,0,0,17002,15,1,3,0
137,17125,536,999,7.667541503906249e-05,0.00014290809631347656,1.5001533508300782,1.500285816192627,0,0,17127,15,1,3,0
138,17250,578,998,8.268356323242188e-05,0.00014276504516601561,1.5001653671264648,1.500285530090332,0,0,17252,15,1,3,0
139,17375,618,995,8.840560913085938e-05,0.0001423358917236328,1.5001768112182616,1.5002846717834473,0,0,17377,15,1,3,0
140,17500,656,989,9.384155273437499e-05,0.00014147758483886718,1.5001876831054688,1.5002829551696777,0,0,17502,15,1,3,0
141,17625,693,980,9.913444519042969e-05,0.00014019012451171875,1.5001982688903808,1.5002803802490234,0,0,17627,15,1,3,0
142,17750,728,969,0.0001041412353515625,0.00013861656188964843,1.500208282470703,1.5002772331237793,0,0,17752,15,1,3,0
143,17875,762,956,0.00010900497436523437,0.00013675689697265626,1.5002180099487306,1.5002735137939454,0,0,17877,15,1,3,0
144,18000,793,940,0.00011343955993652343,0.00013446807861328125,1.500226879119873,1.5002689361572266,0,0,18002,15,1,3,0
145,18125,823,922,0.00011773109436035155,0.00013189315795898436,1.5002354621887206,1.500263786315918,0,0,18127,15,1,3,0
146,18250,850,902,0.00012159347534179688,0.0001290321350097656,1.5002431869506836,1.5002580642700196,0,0,18252,15,1,3,0
147,18375,875,879,0.0001251697540283203,0.00012574195861816406,1.5002503395080566,1.5002514839172363,0,0,18377,15,1,3,0
148,18500,898,854,0.00012845993041992186,0.00012216567993164062,1.5002569198608398,1.5002443313598632,0,0,18502,15,1,3,0
149,18625,919,827,0.00013146400451660156,0.00011830329895019531,1.5002629280090332,1.5002366065979005,0,0,18627,15,1,3,0
150,18750,937,798,0.00013403892517089842,0.00011415481567382811,1.5002680778503419,1.5002283096313476,0,0,18752,15,1,3,0
151,18875,954,767,0.00013647079467773437,0.00010972023010253906,1.5002729415893554,1.5002194404602052,0,0,18877,15,1,3,0
152,19000,967,734,0.00013833045959472655,0.00010499954223632812,1.5002766609191895,1.5002099990844726,0,0,19002,15,1,3,0
153,19125,979,699,0.0001400470733642578,9.999275207519531e-05,1.5002800941467285,1.5001999855041503,0,0,19127,15,1,3,0
154,19250,988,662,0.00014133453369140624,9.469985961914062e-05,1.5002826690673827,1.5001893997192384,0,0,19252,15,1,3,0
155,19375,994,624,0.00014219284057617187,8.9263916015625e-05,1.5002843856811523,1.5001785278320312,0,0,19377,15,1,3,0
156,19500,998,584,0.00014276504516601561,8.35418701171875e-05,1.500285530090332,1.5001670837402343,0,0,19502,15,1,3,0
157,19625,999,543,0.00014290809631347656,7.767677307128907e-05,1.500285816192627,1.5001553535461425,0,0,19627,15,1,3,0
158,19750,998,501,0.00014276504516601561,7.166862487792968e-05,1.500285530090332,1.500143337249756,0,0,19752,15,1,3,0
159,19875,995,457,0.0001423358917236328,6.537437438964843e-05,1.5002846717834473,1.5001307487487794,0,0,19877,15,1,3,0
160,20000,989,412,0.00014147758483886718,5.893707275390625e-05,1.5002829551696777,1.500117874145508,0,0,20002,15,1,3,0
161,20125,980,366,0.00014019012451171875,5.2356719970703124e-05,1.5002803802490234,1.5001047134399415,0,0,20127,15,1,3,0
162,20250,969,319,0.00013861656188964843,4.5633316040039064e-05,1.5002772331237793,1.50009126663208,0,0,20252,15,1,3,0
163,20375,956,271,0.00013675689697265626,3.876686096191406e-05,1.5002735137939454,1.5000775337219239,0,0,20377,15,1,3,0
164,20500,940,222,0.00013446807861328125,3.175735473632812e-05,1.5002689361572266,1.5000635147094727,0,0,20502,15,1,3,0
165,20625,922,173,0.00013189315795898436,2.4747848510742187e-05,1.500263786315918,1.5000494956970214,0,0,20627,15,1,3,0
166,20750,902,124,0.0001290321350097656,1.7738342285156248e-05,1.5002580642700196,1.5000354766845703,0,0,20752,15,1,3,0
167,20875,879,74,0.00012574195861816406,1.0585784912109375e-05,1.5002514839172363,1.5000211715698242,0,0,20877,15,1,3,0
168,21000,854,24,0.00012216567993164062,3.4332275390624997e-06,1.5002443313598632,1.500006866455078,0,0,21002,15,1,3,0
169,21125,827,-25,0.00011830329895019531,-3.5762786865234375e-06,1.5002366065979005,1.499992847442627,0,0,21127,15,1,3,0
170,21250,798,-75,0.00011415481567382811,-1.0728836059570312e-05,1.5002283096313476,1.4999785423278809,0,0,21252,15,1,3,0
171,21375,767,-124,0.00010972023010253906,-1.7738342285156248e-05,1.5002194404602052,1.4999645233154297,0,0,21377,15,1,3,0
172,21500,734,-174,0.00010499954223632812,-2.4890899658203123e-05,1.5002099990844726,1.4999502182006836,0,0,21502,15,1,3,0
173,21625,699,-223,9.999275207519531e-05,-3.190040588378906e-05,1.5001999855041503,1.4999361991882325,0,0,21627,15,1,3,0
174,21750,662,-271,9.469985961914062e-05,-3.876686096191406e-05,1.5001893997192384,1.4999224662780761,0,0,21752,15,1,3,0
175,21875,624,-319,8.9263916015625e-05,-4.5633316040039064e-05,1.5001785278320312,1.49990873336792,0,0,21877,15,1,3,0
176,22000,584,-366,8.35418701171875e-05,-5.2356719970703124e-05,1.5001670837402343,1.4998952865600585,0,0,22002,15,1,3,0
177,22125,543,-412,7.767677307128907e-05,-5.893707275390625e-05,1.5001553535461425,1.499882125854492,0,0,22127,15,1,3,0
178,22250,501,-457,7.166862487792968e-05,-6.537437438964843e-05,1.500143337249756,1.4998692512512206,0,0,22252,15,1,3,0
179,22375,457,-501,6.537437438964843e-05,-7.166862487792968e-05,1.5001307487487794,1.499856662750244,0,0,22377,15,1,3,0
180,22500,412,-544,5.893707275390625e-05,-7.781982421875e-05,1.500117874145508,1.4998443603515625,0,0,22502,15,1,3,0
181,22625,366,-585,5.2356719970703124e-05,-8.368492126464844e-05,1.5001047134399415,1.4998326301574707,0,0,22627,15,1,3,0
182,22750,319,-625,4.5633316040039064e-05,-8.940696716308594e-05,1.50009126663208,1.4998211860656738,0,0,22752,15,1,3,0
183,22875,271,-663,3.876686096191406e-05,-9.484291076660157e-05,1.5000775337219239,1.4998103141784669,0,0,22877,15,1,3,0
184,23000,222,-699,3.175735473632812e-05,-9.999275207519531e-05,1.5000635147094727,1.4998000144958497,0,0,23002,15,1,3,0
185,23125,173,-734,2.4747848510742187e-05,-0.00010499954223632812,1.5000494956970214,1.4997900009155274,0,0,23127,15,1,3,0
186,23250,124,-767,1.7738342285156248e-05,-0.00010972023010253906,1.5000354766845703,1.4997805595397948,0,0,23252,15,1,3,0
187,23375,74,-798,1.0585784912109375e-05,-0.00011415481567382811,1.5000211715698242,1.4997716903686524,0,0,23377,15,1,3,0
188,23500,24,-827,3.4332275390624997e-06,-0.00011830329895019531,1.500006866455078,1.4997633934020995,0,0,23502,15,1,3,0
189,23625,-25,-854,-3.5762786865234375e-06,-0.00012216567993164062,1.499992847442627,1.4997556686401368,0,0,23627,15,1,3,0
190,23750,-75,-879,-1.0728836059570312e-05,-0.00012574195861816406,1.4999785423278809,1.4997485160827637,0,0,23752,15,1,3,0
191,23875,-124,-902,-1.7738342285156248e-05,-0.0001290321350097656,1.4999645233154297,1.4997419357299804,0,0,23877,15,1,3,0
192,24000,-174,-922,-2.4890899658203123e-05,-0.00013189315795898436,1.4999502182006836,1.499736213684082,0,0,24002,15,1,3,0
193,24125,-223,-940,-3.190040588378906e-05,-0.00013446807861328125,1.4999361991882325,1.4997310638427734,0,0,24127,15,1,3,0
194,24250,-271,-956,-3.876686096191406e-05,-0.00013675689697265626,1.4999224662780761,1.4997264862060546,0,0,24252,15,1,3,0
195,24375,-319,-969,-4.5633316040039064e-05,-0.00013861656188964843,1.49990873336792,1.4997227668762207,0,0,24377,15,1,3,0
196,24500,-366,-980,-5.2356719970703124e-05,-0.00014019012451171875,1.4998952865600585,1.4997196197509766,0,0,24502,15,1,3,0
197,24625,-412,-989,-5.893707275390625e-05,-0.00014147758483886718,1.499882125854492,1.4997170448303223,0,0,24627,15,1,3,0
198,24750,-457,-995,-6.537437438964843e-05,-0.0001423358917236328,1.4998692512512206,1.4997153282165527,0,0,24752,15,1,3,0
199,24875,-501,-998,-7.166862487792968e-05,-0.00014276504516601561,1.499856662750244,1.499714469909668,0,0,24877,15,1,3,0
200,25000,-544,-999,-7.781982421875e-05,-0.00014290809631347656,1.4998443603515625,1.499714183807373,0,0,25002,15,1,3,0
201,25125,-585,-998,-8.368492126464844e-05,-0.00014276504516601561,1.4998326301574707,1.499714469909668,0,0,25127,15,1,3,0
202,25250,-625,-994,-8.940696716308594e-05,-0.00014219284057617187,1.4998211860656738,1.4997156143188477,0,0,25252,15,1,3,0
203,25375,-663,-988,-9.484291076660157e-05,-0.00014133453369140624,1.4998103141784669,1.4997173309326173,0,0,25377,15,1,3,0
204,25500,-699,-979,-9.999275207519531e-05,-0.0001400470733642578,1.4998000144958497,1.4997199058532715,0,0,25502,15,1,3,0
205,25625,-734,-967,-0.00010499954223632812,-0.00013833045959472655,1.4997900009155274,1.4997233390808105,0,0,25627,15,1,3,0
206,25750,-767,-954,-0.00010972023010253906,-0.00013647079467773437,1.4997805595397948,1.4997270584106446,0,0,25752,15,1,3,0
207,25875,-798,-937,-0.00011415481567382811,-0.00013403892517089842,1.4997716903686524,1.4997319221496581,0,0,25877,15,1,3,0
208,26000,-827,-919,-0.00011830329895019531,-0.00013146400451660156,1.4997633934020995,1.4997370719909668,0,0,26002,15,1,3,0
209,26125,-854,-898,-0.00012216567993164062,-0.00012845993041992186,1.4997556686401368,1.4997430801391602,0,0,26127,15,1,3,0
210,26250,-879,-875,-0.00012574195861816406,-0.0001251697540283203,1.4997485160827637,1.4997496604919434,0,0,26252,15,1,3,0
211,26375,-902,-850,-0.0001290321350097656,-0.00012159347534179688,1.4997419357299804,1.4997568130493164,0,0,26377,15,1,3,0
212,26500,-922,-822,-0.00013189315795898436,-0.00011758804321289062,1.499736213684082,1.4997648239135741,0,0,26502,15,1,3,0
213,26625,-940,-793,-0.00013446807861328125,-0.00011343955993652343,1.4997310638427734,1.499773120880127,0,0,26627,15,1,3,0
214,26750,-956,-761,-0.00013675689697265626,-0.00010886192321777343,1.4997264862060546,1.4997822761535644,0,0,26752,15,1,3,0
215,26875,-969,-728,-0.00013861656188964843,-0.0001041412353515625,1.4997227668762207,1.499791717529297,0,0,26877,15,1,3,0
216,27000,-980,-693,-0.00014019012451171875,-9.913444519042969e-05,1.4997196197509766,1.4998017311096192,0,0,27002,15,1,3,0
217,27125,-989,-656,-0.00014147758483886718,-9.384155273437499e-05,1.4997170448303223,1.4998123168945312,0,0,27127,15,1,3,0
218,27250,-995,-618,-0.0001423358917236328,-8.840560913085938e-05,1.4997153282165527,1.4998231887817384,0,0,27252,15,1,3,0
219,27375,-998,-578,-0.00014276504516601561,-8.268356323242188e-05,1.499714469909668,1.4998346328735352,0,0,27377,15,1,3,0
220,27500,-999,-536,-0.00014290809631347656,-7.667541503906249e-05,1.499714183807373,1.4998466491699218,0,0,27502,15,1,3,0
221,27625,-998,-493,-0.00014276504516601561,-7.052421569824219e-05,1.499714469909668,1.4998589515686036,0,0,27627,15,1,3,0
222,27750,-994,-449,-0.00014219284057617187,-6.422996520996093e-05,1.4997156143188477,1.4998715400695801,0,0,27752,15,1,3,0
223,27875,-988,-404,-0.00014133453369140624,-5.7792663574218745e-05,1.4997173309326173,1.4998844146728516,0,0,27877,15,1,3,0
224,28000,-979,-358,-0.0001400470733642578,-5.121231079101562e-05,1.4997199058532715,1.499897575378418,0,0,28002,15,1,3,0
225,28125,-967,-311,-0.00013833045959472655,-4.448890686035156e-05,1.4997233390808105,1.4999110221862793,0,0,28127,15,1,3,0
226,28250,-954,-263,-0.00013647079467773437,-3.762245178222656e-05,1.4997270584106446,1.4999247550964356,0,0,28252,15,1,3,0
227,28375,-937,-214,-0.00013403892517089842,-3.0612945556640626e-05,1.4997319221496581,1.4999387741088868,0,0,28377,15,1,3,0
228,28500,-919,-165,-0.00013146400451660156,-2.3603439331054688e-05,1.4997370719909668,1.499952793121338,0,0,28502,15,1,3,0
229,28625,-898,-116,-0.00012845993041992186,-1.659393310546875e-05,1.4997430801391602,1.499966812133789,0,0,28627,15,1,3,0
230,28750,-875,-66,-0.0001251697540283203,-9.441375732421875e-06,1.4997496604919434,1.4999811172485351,0,0,28752,15,1,3,0
231,28875,-850,-16,-0.00012159347534179688,-2.288818359375e-06,1.4997568130493164,1.4999954223632812,0,0,28877,15,1,3,0
232,29000,-822,33,-0.00011758804321289062,4.720687866210938e-06,1.4997648239135741,1.5000094413757323,0,0,29002,15,1,3,0
233,29125,-793,83,-0.00011343955993652343,1.1873245239257812e-05,1.499773120880127,1.5000237464904784,0,0,29127,15,1,3,0
234,29250,-761,133,-0.00010886192321777343,1.9025802612304687e-05,1.4997822761535644,1.5000380516052245,0,0,29252,15,1,3,0
235,29375,-728,182,-0.0001041412353515625,2.6035308837890626e-05,1.499791717529297,1.5000520706176759,0,0,29377,15,1,3,0
236,29500,-693,231,-9.913444519042969e-05,3.304481506347656e-05,1.4998017311096192,1.500066089630127,0,0,29502,15,1,3,0
237,29625,-656,279,-9.384155273437499e-05,3.9911270141601564e-05,1.4998123168945312,1.5000798225402832,0,0,29627,15,1,3,0
238,29750,-618,327,-8.840560913085938e-05,4.677772521972656e-05,1.4998231887817384,1.5000935554504395,0,0,29752,15,1,3,0
239,29875,-578,374,-8.268356323242188e-05,5.3501129150390626e-05,1.4998346328735352,1.5001070022583007,0,0,29877,15,1,3,0
240,30000,-536,420,-7.667541503906249e-05,6.008148193359375e-05,1.4998466491699218,1.5001201629638672,0,0,30002,15,1,3,0
241,30125,-493,464,-7.052421569824219e-05,6.6375732421875e-05,1.4998589515686036,1.5001327514648437,0,0,30127,15,1,3,0
242,30250,-449,508,-6.422996520996093e-05,7.266998291015625e-05,1.4998715400695801,1.5001453399658202,0,0,30252,15,1,3,0
243,30375,-404,551,-5.7792663574218745e-05,7.882118225097655e-05,1.4998844146728516,1.500157642364502,0,0,30377,15,1,3,0
244,30500,-358,592,-5.121231079101562e-05,8.4686279296875e-05,1.499897575378418,1.5001693725585938,0,0,30502,15,1,3,0
245,30625,-311,631,-4.448890686035156e-05,9.026527404785155e-05,1.4999110221862793,1.5001805305480957,0,0,30627,15,1,3,0
246,30750,-263,669,-3.762245178222656e-05,9.570121765136718e-05,1.4999247550964356,1.5001914024353027,0,0,30752,15,1,3,0
247,30875,-214,705,-3.0612945556640626e-05,0.00010085105895996094,1.4999387741088868,1.50020170211792,0,0,30877,15,1,3,0
248,31000,-165,740,-2.3603439331054688e-05,0.00010585784912109375,1.499952793121338,1.5002117156982422,0,0,31002,15,1,3,0
249,31125,-116,773,-1.659393310546875e-05,0.00011057853698730468,1.499966812133789,1.5002211570739745,0,0,31127,15,1,3,0
250,31250,-66,803,-9.441375732421875e-06,0.0001148700714111328,1.4999811172485351,1.5002297401428222,0,0,31252,15,1,3,0
251,31375,-16,832,-2.288818359375e-06,0.0001190185546875,1.4999954223632812,1.500238037109375,0,0,31377,15,1,3,0
252,31500,33,859,4.720687866210938e-06,0.0001228809356689453,1.5000094413757323,1.5002457618713378,0,0,31502,15,1,3,0
253,31625,83,883,1.1873245239257812e-05,0.0001263141632080078,1.5000237464904784,1.500252628326416,0,0,31627,15,1,3,0
254,31750,133,905,1.9025802612304687e-05,0.00012946128845214844,1.5000380516052245,1.5002589225769043,0,0,31752,15,1,3,0
255,31875,182,925,2.6035308837890626e-05,0.0001323223114013672,1.5000520706176759,1.5002646446228027,0,0,31877,15,1,3,0
256,32000,231,943,3.304481506347656e-05,0.00013489723205566405,1.500066089630127,1.5002697944641112,0,0,32002,15,1,3,0
257,32125,279,959,3.9911270141601564e-05,0.00013718605041503906,1.5000798225402832,1.50027437210083,0,0,32127,15,1,3,0
258,32250,327,972,4.677772521972656e-05,0.00013904571533203123,1.5000935554504395,1.5002780914306642,0,0,32252,15,1,3,0
259,32375,374,982,5.3501129150390626e-05,0.0001404762268066406,1.5001070022583007,1.5002809524536134,0,0,32377,15,1,3,0
260,32500,420,990,6.008148193359375e-05,0.00014162063598632812,1.5001201629638672,1.5002832412719727,0,0,32502,15,1,3,0
261,32625,464,996,6.6375732421875e-05,0.00014247894287109376,1.5001327514648437,1.5002849578857422,0,0,32627,15,1,3,0
262,32750,508,999,7.266998291015625e-05,0.00014290809631347656,1.5001453399658202,1.500285816192627,0,0,32752,15,1,3,0
263,32875,551,999,7.882118225097655e-05,0.00014290809631347656,1.500157642364502,1.500285816192627,0,0,32877,15,1,3,0
264,33000,592,998,8.4686279296875e-05,0.00014276504516601561,1.5001693725585938,1.500285530090332,0,0,33002,15,1,3,0
265,33125,631,993,9.026527404785155e-05,0.00014204978942871093,1.5001805305480957,1.5002840995788573,0,0,33127,15,1,3,0
266,33250,669,986,9.570121765136718e-05,0.00014104843139648438,1.5001914024353027,1.500282096862793,0,0,33252,15,1,3,0
267,33375,705,977,0.00010085105895996094,0.00013976097106933592,1.50020170211792,1.5002795219421388,0,0,33377,15,1,3,0
268,33500,740,965,0.00010585784912109375,0.0001380443572998047,1.5002117156982422,1.5002760887145996,0,0,33502,15,1,3,0
269,33625,773,951,0.00011057853698730468,0.00013604164123535157,1.5002211570739745,1.5002720832824707,0,0,33627,15,1,3,0
270,33750,803,934,0.0001148700714111328,0.00013360977172851562,1.5002297401428222,1.500267219543457,0,0,33752,15,1,3,0
271,33875,832,915,0.0001190185546875,0.0001308917999267578,1.500238037109375,1.5002617835998535,0,0,33877,15,1,3,0
272,34000,859,894,0.0001228809356689453,0.00012788772583007812,1.5002457618713378,1.5002557754516601,0,0,34002,15,1,3,0
273,34125,883,871,0.0001263141632080078,0.00012459754943847657,1.500252628326416,1.500249195098877,0,0,34127,15,1,3,0
274,34250,905,845,0.00012946128845214844,0.00012087821960449219,1.5002589225769043,1.500241756439209,0,0,34252,15,1,3,0
275,34375,925,818,0.0001323223114013672,0.00011701583862304686,1.5002646446228027,1.500234031677246,0,0,34377,15,1,3,0
276,34500,943,788,0.00013489723205566405,0.00011272430419921874,1.5002697944641112,1.5002254486083983,0,0,34502,15,1,3,0
277,34625,959,756,0.00013718605041503906,0.00010814666748046874,1.50027437210083,1.500216293334961,0,0,34627,15,1,3,0
278,34750,972,722,0.00013904571533203123,0.00010328292846679687,1.5002780914306642,1.5002065658569337,0,0,34752,15,1,3,0
279,34875,982,687,0.0001404762268066406,9.827613830566406e-05,1.5002809524536134,1.5001965522766114,0,0,34877,15,1,3,0
280,35000,990,650,0.00014162063598632812,9.298324584960938e-05,1.5002832412719727,1.5001859664916992,0,0,35002,15,1,3,0
281,35125,996,611,0.00014247894287109376,8.74042510986328e-05,1.5002849578857422,1.5001748085021973,0,0,35127,15,1,3,0
282,35250,999,571,0.00014290809631347656,8.16822052001953e-05,1.500285816192627,1.5001633644104004,0,0,35252,15,1,3,0
283,35375,999,529,0.00014290809631347656,7.567405700683593e-05,1.500285816192627,1.5001513481140136,0,0,35377,15,1,3,0
284,35500,998,486,0.00014276504516601561,6.952285766601562e-05,1.500285530090332,1.500139045715332,0,0,35502,15,1,3,0
285,35625,993,442,0.00014204978942871093,6.322860717773437e-05,1.5002840995788573,1.5001264572143556,0,0,35627,15,1,3,0
286,35750,986,396,0.00014104843139648438,5.664825439453125e-05,1.500282096862793,1.500113296508789,0,0,35752,15,1,3,0
287,35875,977,350,0.00013976097106933592,5.0067901611328125e-05,1.5002795219421388,1.5001001358032227,0,0,35877,15,1,3,0
288,36000,965,303,0.0001380443572998047,4.334449768066406e-05,1.5002760887145996,1.5000866889953612,0,0,36002,15,1,3,0
289,36125,951,255,0.00013604164123535157,3.647804260253906e-05,1.5002720832824707,1.500072956085205,0,0,36127,15,1,3,0
290,36250,934,206,0.00013360977172851562,2.9468536376953124e-05,1.500267219543457,1.500058937072754,0,0,36252,15,1,3,0
291,36375,915,157,0.0001308917999267578,2.2459030151367188e-05,1.5002617835998535,1.5000449180603028,0,0,36377,15,1,3,0
292,36500,894,107,0.00012788772583007812,1.5306472778320313e-05,1.5002557754516601,1.5000306129455567,0,0,36502,15,1,3,0
293,36625,871,57,0.00012459754943847657,8.153915405273436e-06,1.500249195098877,1.5000163078308106,0,0,36627,15,1,3,0
294,36750,845,7,0.00012087821960449219,1.0013580322265625e-06,1.500241756439209,1.5000020027160645,0,0,36752,15,1,3,0
295,36875,818,-42,0.00011701583862304686,-6.008148193359375e-06,1.500234031677246,1.4999879837036132,0,0,36877,15,1,3,0
296,37000,788,-91,0.00011272430419921874,-1.3017654418945313e-05,1.5002254486083983,1.499973964691162,0,0,37002,15,1,3,0
297,37125,756,-141,0.00010814666748046874,-2.0170211791992186e-05,1.500216293334961,1.499959659576416,0,0,37127,15,1,3,0
298,37250,722,-190,0.00010328292846679687,-2.7179718017578125e-05,1.5002065658569337,1.4999456405639648,0,0,37252,15,1,3,0
299,37375,687,-239,9.827613830566406e-05,-3.4189224243164064e-05,1.5001965522766114,1.4999316215515137,0,0,37377,15,1,3,0
300,37500,650,-287,9.298324584960938e-05,-4.105567932128906e-05,1.5001859664916992,1.4999178886413573,0,0,37502,15,1,3,0
301,37625,611,-335,8.74042510986328e-05,-4.792213439941406e-05,1.5001748085021973,1.4999041557312012,0,0,37627,15,1,3,0
302,37750,571,-382,8.16822052001953e-05,-5.464553833007812e-05,1.5001633644104004,1.4998907089233398,0,0,37752,15,1,3,0
303,37875,529,-427,7.567405700683593e-05,-6.108283996582031e-05,1.5001513481140136,1.4998778343200683,0,0,37877,15,1,3,0
304,38000,486,-472,6.952285766601562e-05,-6.75201416015625e-05,1.500139045715332,1.4998649597167968,0,0,38002,15,1,3,0
305,38125,442,-515,6.322860717773437e-05,-7.367134094238281e-05,1.5001264572143556,1.4998526573181152,0,0,38127,15,1,3,0
306,38250,396,-558,5.664825439453125e-05,-7.982254028320313e-05,1.500113296508789,1.4998403549194337,0,0,38252,15,1,3,0
307,38375,350,-598,5.0067901611328125e-05,-8.554458618164063e-05,1.5001001358032227,1.4998289108276368,0,0,38377,15,1,3,0
308,38500,303,-638,4.334449768066406e-05,-9.126663208007813e-05,1.5000866889953612,1.49981746673584,0,0,38502,15,1,3,0
309,38625,255,-675,3.647804260253906e-05,-9.655952453613281e-05,1.500072956085205,1.4998068809509277,0,0,38627,15,1,3,0
310,38750,206,-711,2.9468536376953124e-05,-0.00010170936584472655,1.500058937072754,1.4997965812683105,0,0,38752,15,1,3,0
311,38875,157,-746,2.2459030151367188e-05,-0.00010671615600585937,1.5000449180603028,1.4997865676879882,0,0,38877,15,1,3,0
312,39000,107,-778,1.5306472778320313e-05,-0.00011129379272460936,1.5000306129455567,1.4997774124145509,0,0,39002,15,1,3,0
313,39125,57,-808,8.153915405273436e-06,-0.00011558532714843749,1.5000163078308106,1.4997688293457032,0,0,39127,15,1,3,0
314,39250,7,-837,1.0013580322265625e-06,-0.00011973381042480468,1.5000020027160645,1.4997605323791503,0,0,39252,15,1,3,0
315,39375,-42,-863,-6.008148193359375e-06,-0.00012345314025878905,1.4999879837036132,1.4997530937194825,0,0,39377,15,1,3,0
316,39500,-91,-887,-1.3017654418945313e-05,-0.00012688636779785155,1.499973964691162,1.4997462272644042,0,0,39502,15,1,3,0
317,39625,-141,-909,-2.0170211791992186e-05,-0.00013003349304199218,1.499959659576416,1.499739933013916,0,0,39627,15,1,3,0
318,39750,-190,-929,-2.7179718017578125e-05,-0.00013289451599121093,1.4999456405639648,1.4997342109680176,0,0,39752,15,1,3,0
319,39875,-239,-946,-3.4189224243164064e-05,-0.00013532638549804688,1.4999316215515137,1.4997293472290039,0,0,39877,15,1,3,0
320,40000,-287,-961,-4.105567932128906e-05,-0.00013747215270996094,1.4999178886413573,1.49972505569458,0,0,40002,15,1,3,0
321,40125,-335,-973,-4.792213439941406e-05,-0.00013918876647949218,1.4999041557312012,1.499721622467041,0,0,40127,15,1,3,0
322,40250,-382,-984,-5.464553833007812e-05,-0.0001407623291015625,1.4998907089233398,1.499718475341797,0,0,40252,15,1,3,0
323,40375,-427,-991,-6.108283996582031e-05,-0.00014176368713378907,1.4998778343200683,1.4997164726257324,0,0,40377,15,1,3,0
324,40500,-472,-996,-6.75201416015625e-05,-0.00014247894287109376,1.4998649597167968,1.4997150421142578,0,0,40502,15,1,3,0
325,40625,-515,-999,-7.367134094238281e-05,-0.00014290809631347656,1.4998526573181152,1.499714183807373,0,0,40627,15,1,3,0
326,40750,-558,-999,-7.982254028320313e-05,-0.00014290809631347656,1.4998403549194337,1.499714183807373,0,0,40752,15,1,3,0
327,40875,-598,-997,-8.554458618164063e-05,-0.00014262199401855467,1.4998289108276368,1.4997147560119628,0,0,40877,15,1,3,0
328,41000,-638,-992,-9.126663208007813e-05,-0.00014190673828124998,1.49981746673584,1.4997161865234374,0,0,41002,15,1,3,0
329,41125,-675,-985,-9.655952453613281e-05,-0.00014090538024902344,1.4998068809509277,1.499718189239502,0,0,41127,15,1,3,0
330,41250,-711,-975,-0.00010170936584472655,-0.00013947486877441406,1.4997965812683105,1.4997210502624512,0,0,41252,15,1,3,0
331,41375,-746,-963,-0.00010671615600585937,-0.0001377582550048828,1.4997865676879882,1.4997244834899903,0,0,41377,15,1,3,0
332,41500,-778,-948,-0.00011129379272460936,-0.00013561248779296874,1.4997774124145509,1.4997287750244142,0,0,41502,15,1,3,0
333,41625,-808,-931,-0.00011558532714843749,-0.00013318061828613282,1.4997688293457032,1.4997336387634277,0,0,41627,15,1,3,0
334,41750,-837,-912,-0.00011973381042480468,-0.00013046264648437498,1.4997605323791503,1.4997390747070312,0,0,41752,15,1,3,0
335,41875,-863,-891,-0.00012345314025878905,-0.00012745857238769532,1.4997530937194825,1.4997450828552246,0,0,41877,15,1,3,0
336,42000,-887,-867,-0.00012688636779785155,-0.0001240253448486328,1.4997462272644042,1.4997519493103026,0,0,42002,15,1,3,0
337,42125,-909,-841,-0.00013003349304199218,-0.00012030601501464843,1.499739933013916,1.4997593879699707,0,0,42127,15,1,3,0
338,42250,-929,-813,-0.00013289451599121093,-0.00011630058288574218,1.4997342109680176,1.4997673988342286,0,0,42252,15,1,3,0
339,42375,-946,-783,-0.00013532638549804688,-0.00011200904846191405,1.4997293472290039,1.4997759819030763,0,0,42377,15,1,3,0
340,42500,-961,-750,-0.00013747215270996094,-0.00010728836059570312,1.49972505569458,1.4997854232788086,0,0,42502,15,1,3,0
341,42625,-973,-717,-0.00013918876647949218,-0.00010256767272949218,1.499721622467041,1.499794864654541,0,0,42627,15,1,3,0
342,42750,-984,-681,-0.0001407623291015625,-9.741783142089843e-05,1.499718475341797,1.4998051643371582,0,0,42752,15,1,3,0
343,42875,-991,-643,-0.00014176368713378907,-9.198188781738282e-05,1.4997164726257324,1.4998160362243653,0,0,42877,15,1,3,0
344,43000,-996,-604,-0.00014247894287109376,-8.640289306640624e-05,1.4997150421142578,1.4998271942138672,0,0,43002,15,1,3,0
345,43125,-999,-564,-0.00014290809631347656,-8.068084716796874e-05,1.499714183807373,1.499838638305664,0,0,43127,15,1,3,0
346,43250,-999,-522,-0.00014290809631347656,-7.467269897460937e-05,1.499714183807373,1.4998506546020507,0,0,43252,15,1,3,0
347,43375,-997,-479,-0.00014262199401855467,-6.852149963378906e-05,1.4997147560119628,1.4998629570007325,0,0,43377,15,1,3,0
348,43500,-992,-434,-0.00014190673828124998,-6.208419799804687e-05,1.4997161865234374,1.499875831604004,0,0,43502,15,1,3,0
349,43625,-985,-389,-0.00014090538024902344,-5.564689636230468e-05,1.499718189239502,1.4998887062072754,0,0,43627,15,1,3,0
350,43750,-975,-342,-0.00013947486877441406,-4.892349243164062e-05,1.4997210502624512,1.4999021530151366,0,0,43752,15,1,3,0
351,43875,-963,-295,-0.0001377582550048828,-4.220008850097656e-05,1.4997244834899903,1.499915599822998,0,0,43877,15,1,3,0
352,44000,-948,-246,-0.00013561248779296874,-3.5190582275390624e-05,1.4997287750244142,1.4999296188354492,0,0,44002,15,1,3,0
353,44125,-931,-198,-0.00013318061828613282,-2.8324127197265624e-05,1.4997336387634277,1.4999433517456056,0,0,44127,15,1,3,0
354,44250,-912,-148,-0.00013046264648437498,-2.117156982421875e-05,1.4997390747070312,1.4999576568603517,0,0,44252,15,1,3,0
355,44375,-891,-99,-0.00012745857238769532,-1.4162063598632812e-05,1.4997450828552246,1.4999716758728028,0,0,44377,15,1,3,0
356,44500,-867,-49,-0.0001240253448486328,-7.009506225585937e-06,1.4997519493103026,1.4999859809875489,0,0,44502,15,1,3,0
357,44625,-841,0,-0.00012030601501464843,0.0,1.4997593879699707,1.5,0,0,44627,15,1,3,0
358,44750,-813,50,-0.00011630058288574218,7.152557373046875e-06,1.4997673988342286,1.500014305114746,0,0,44752,15,1,3,0
359,44875,-783,100,-0.00011200904846191405,1.430511474609375e-05,1.4997759819030763,1.5000286102294922,0,0,44877,15,1,3,0
360,45000,-750,149,-0.00010728836059570312,2.1314620971679685e-05,1.4997854232788086,1.5000426292419433,0,0,45002,15,1,3,0
361,45125,-717,199,-0.00010256767272949218,2.846717834472656e-05,1.499794864654541,1.5000569343566894,0,0,45127,15,1,3,0
362,45250,-681,247,-9.741783142089843e-05,3.533363342285156e-05,1.4998051643371582,1.5000706672668458,0,0,45252,15,1,3,0
363,45375,-643,295,-9.198188781738282e-05,4.220008850097656e-05,1.4998160362243653,1.500084400177002,0,0,45377,15,1,3,0
364,45500,-604,343,-8.640289306640624e-05,4.906654357910156e-05,1.4998271942138672,1.5000981330871581,0,0,45502,15,1,3,0
365,45625,-564,389,-8.068084716796874e-05,5.564689636230468e-05,1.499838638305664,1.5001112937927246,0,0,45627,15,1,3,0
366,45750,-522,435,-7.467269897460937e-05,6.222724914550781e-05,1.4998506546020507,1.500124454498291,0,0,45752,15,1,3,0
367,45875,-479,479,-6.852149963378906e-05,6.852149963378906e-05,1.4998629570007325,1.5001370429992675,0,0,45877,15,1,3,0
368,46000,-434,523,-6.208419799804687e-05,7.481575012207032e-05,1.499875831604004,1.500149631500244,0,0,46002,15,1,3,0
369,46125,-389,565,-5.564689636230468e-05,8.082389831542969e-05,1.4998887062072754,1.5001616477966309,0,0,46127,15,1,3,0
370,46250,-342,605,-4.892349243164062e-05,8.654594421386719e-05,1.4999021530151366,1.5001730918884277,0,0,46252,15,1,3,0
371,46375,-295,644,-4.220008850097656e-05,9.212493896484374e-05,1.499915599822998,1.5001842498779296,0,0,46377,15,1,3,0
372,46500,-246,681,-3.5190582275390624e-05,9.741783142089843e-05,1.4999296188354492,1.5001948356628418,0,0,46502,15,1,3,0
373,46625,-198,717,-2.8324127197265624e-05,0.00010256767272949218,1.4999433517456056,1.500205135345459,0,0,46627,15,1,3,0
374,46750,-148,751,-2.117156982421875e-05,0.00010743141174316405,1.4999576568603517,1.5002148628234864,0,0,46752,15,1,3,0
375,46875,-99,783,-1.4162063598632812e-05,0.00011200904846191405,1.4999716758728028,1.5002240180969237,0,0,46877,15,1,3,0
376,47000,-49,813,-7.009506225585937e-06,0.00011630058288574218,1.4999859809875489,1.5002326011657714,0,0,47002,15,1,3,0
377,47125,0,841,0.0,0.00012030601501464843,1.5,1.5002406120300293,0,0,47127,15,1,3,0
378,47250,50,867,7.152557373046875e-06,0.0001240253448486328,1.500014305114746,1.5002480506896974,0,0,47252,15,1,3,0
379,47375,100,891,1.430511474609375e-05,0.00012745857238769532,1.5000286102294922,1.5002549171447754,0,0,47377,15,1,3,0
380,47500,149,912,2.1314620971679685e-05,0.00013046264648437498,1.5000426292419433,1.5002609252929688,0,0,47502,15,1,3,0
381,47625,199,932,2.846717834472656e-05,0.00013332366943359373,1.5000569343566894,1.5002666473388673,0,0,47627,15,1,3,0
382,47750,247,949,3.533363342285156e-05,0.00013575553894042968,1.5000706672668458,1.5002715110778808,0,0,47752,15,1,3,0
383,47875,295,963,4.220008850097656e-05,0.0001377582550048828,1.500084400177002,1.5002755165100097,0,0,47877,15,1,3,0
384,48000,343,975,4.906654357910156e-05,0.00013947486877441406,1.5000981330871581,1.5002789497375488,0,0,48002,15,1,3,0
385,48125,389,985,5.564689636230468e-05,0.00014090538024902344,1.5001112937927246,1.500281810760498,0,0,48127,15,1,3,0
386,48250,435,992,6.222724914550781e-05,0.00014190673828124998,1.500124454498291,1.5002838134765626,0,0,48252,15,1,3,0
387,48375,479,997,6.852149963378906e-05,0.00014262199401855467,1.5001370429992675,1.5002852439880372,0,0,48377,15,1,3,0
388,48500,523,999,7.481575012207032e-05,0.00014290809631347656,1.500149631500244,1.500285816192627,0,0,48502,15,1,3,0
389,48625,565,999,8.082389831542969e-05,0.00014290809631347656,1.5001616477966309,1.500285816192627,0,0,48627,15,1,3,0
390,48750,605,996,8.654594421386719e-05,0.00014247894287109376,1.5001730918884277,1.5002849578857422,0,0,48752,15,1,3,0
391,48875,644,991,9.212493896484374e-05,0.00014176368713378907,1.5001842498779296,1.5002835273742676,0,0,48877,15,1,3,0
392,49000,681,983,9.741783142089843e-05,0.00014061927795410155,1.5001948356628418,1.5002812385559081,0,0,49002,15,1,3,0
393,49125,717,973,0.00010256767272949218,0.00013918876647949218,1.500205135345459,1.500278377532959,0,0,49127,15,1,3,0
394,49250,751,961,0.00010743141174316405,0.00013747215270996094,1.5002148628234864,1.50027494430542,0,0,49252,15,1,3,0
395,49375,783,946,0.00011200904846191405,0.00013532638549804688,1.5002240180969237,1.5002706527709961,0,0,49377,15,1,3,0
396,49500,813,928,0.00011630058288574218,0.00013275146484375,1.5002326011657714,1.5002655029296874,0,0,49502,15,1,3,0
397,49625,841,909,0.00012030601501464843,0.00013003349304199218,1.5002406120300293,1.500260066986084,0,0,49627,15,1,3,0
398,49750,867,887,0.0001240253448486328,0.00012688636779785155,1.5002480506896974,1.5002537727355958,0,0,49752,15,1,3,0
399,49875,891,862,0.00012745857238769532,0.0001233100891113281,1.5002549171447754,1.5002466201782227,0,0,49877,15,1,3,0
400,50000,912,836,0.00013046264648437498,0.00011959075927734374,1.5002609252929688,1.5002391815185547,0,0,50002,15,1,3,0
401,50125,932,808,0.00013332366943359373,0.00011558532714843749,1.5002666473388673,1.5002311706542968,0,0,50127,15,1,3,0
402,50250,949,777,0.00013575553894042968,0.00011115074157714843,1.5002715110778808,1.5002223014831544,0,0,50252,15,1,3,0
403,50375,963,745,0.0001377582550048828,0.00010657310485839844,1.5002755165100097,1.5002131462097168,0,0,50377,15,1,3,0
404,50500,975,711,0.00013947486877441406,0.00010170936584472655,1.5002789497375488,1.5002034187316895,0,0,50502,15,1,3,0
405,50625,985,675,0.00014090538024902344,9.655952453613281e-05,1.500281810760498,1.5001931190490723,0,0,50627,15,1,3,0
406,50750,992,637,0.00014190673828124998,9.112358093261718e-05,1.5002838134765626,1.5001822471618653,0,0,50752,15,1,3,0
407,50875,997,598,0.00014262199401855467,8.554458618164063e-05,1.5002852439880372,1.5001710891723632,0,0,50877,15,1,3,0
408,51000,999,557,0.00014290809631347656,7.967948913574218e-05,1.500285816192627,1.5001593589782716,0,0,51002,15,1,3,0
409,51125,999,515,0.00014290809631347656,7.367134094238281e-05,1.500285816192627,1.5001473426818848,0,0,51127,15,1,3,0
410,51250,996,471,0.00014247894287109376,6.737709045410155e-05,1.5002849578857422,1.5001347541809082,0,0,51252,15,1,3,0
411,51375,991,426,0.00014176368713378907,6.0939788818359374e-05,1.5002835273742676,1.5001218795776368,0,0,51377,15,1,3,0
412,51500,983,381,0.00014061927795410155,5.4502487182617186e-05,1.5002812385559081,1.5001090049743653,0,0,51502,15,1,3,0
413,51625,973,334,0.00013918876647949218,4.7779083251953126e-05,1.500278377532959,1.5000955581665039,0,0,51627,15,1,3,0
414,51750,961,287,0.00013747215270996094,4.105567932128906e-05,1.50027494430542,1.5000821113586427,0,0,51752,15,1,3,0
415,51875,946,238,0.00013532638549804688,3.404617309570312e-05,1.5002706527709961,1.5000680923461913,0,0,51877,15,1,3,0
416,52000,928,189,0.00013275146484375,2.7036666870117185e-05,1.5002655029296874,1.5000540733337402,0,0,52002,15,1,3,0
417,52125,909,140,0.00013003349304199218,2.002716064453125e-05,1.500260066986084,1.500040054321289,0,0,52127,15,1,3,0
418,52250,887,91,0.00012688636779785155,1.3017654418945313e-05,1.5002537727355958,1.500026035308838,0,0,52252,15,1,3,0
419,52375,862,41,0.0001233100891113281,5.865097045898437e-06,1.5002466201782227,1.5000117301940918,0,0,52377,15,1,3,0
420,52500,836,-8,0.00011959075927734374,-1.1444091796875e-06,1.5002391815185547,1.4999977111816407,0,0,52502,15,1,3,0
421,52625,808,-58,0.00011558532714843749,-8.296966552734374e-06,1.5002311706542968,1.4999834060668946,0,0,52627,15,1,3,0
422,52750,777,-108,0.00011115074157714843,-1.544952392578125e-05,1.5002223014831544,1.4999691009521485,0,0,52752,15,1,3,0
423,52875,745,-158,0.00010657310485839844,-2.2602081298828124e-05,1.5002131462097168,1.4999547958374024,0,0,52877,15,1,3,0
424,53000,711,-207,0.00010170936584472655,-2.961158752441406e-05,1.5002034187316895,1.499940776824951,0,0,53002,15,1,3,0
425,53125,675,-255,9.655952453613281e-05,-3.647804260253906e-05,1.5001931190490723,1.499927043914795,0,0,53127,15,1,3,0
426,53250,637,-303,9.112358093261718e-05,-4.334449768066406e-05,1.5001822471618653,1.4999133110046388,0,0,53252,15,1,3,0
427,53375,598,-351,8.554458618164063e-05,-5.021095275878906e-05,1.5001710891723632,1.4998995780944824,0,0,53377,15,1,3,0
428,53500,557,-397,7.967948913574218e-05,-5.6791305541992185e-05,1.5001593589782716,1.499886417388916,0,0,53502,15,1,3,0
429,53625,515,-442,7.367134094238281e-05,-6.322860717773437e-05,1.5001473426818848,1.4998735427856444,0,0,53627,15,1,3,0
430,53750,471,-487,6.737709045410155e-05,-6.966590881347656e-05,1.5001347541809082,1.499860668182373,0,0,53752,15,1,3,0
431,53875,426,-530,6.0939788818359374e-05,-7.581710815429688e-05,1.5001218795776368,1.4998483657836914,0,0,53877,15,1,3,0
432,54000,381,-571,5.4502487182617186e-05,-8.16822052001953e-05,1.5001090049743653,1.4998366355895996,0,0,54002,15,1,3,0
433,54125,334,-612,4.7779083251953126e-05,-8.754730224609375e-05,1.5000955581665039,1.4998249053955077,0,0,54127,15,1,3,0
434,54250,287,-650,4.105567932128906e-05,-9.298324584960938e-05,1.5000821113586427,1.4998140335083008,0,0,54252,15,1,3,0
435,54375,238,-688,3.404617309570312e-05,-9.8419189453125e-05,1.5000680923461913,1.4998031616210938,0,0,54377,15,1,3,0
436,54500,189,-723,2.7036666870117185e-05,-0.00010342597961425782,1.5000540733337402,1.4997931480407716,0,0,54502,15,1,3,0
437,54625,140,-757,2.002716064453125e-05,-0.00010828971862792968,1.500040054321289,1.499783420562744,0,0,54627,15,1,3,0
438,54750,91,-788,1.3017654418945313e-05,-0.00011272430419921874,1.500026035308838,1.4997745513916017,0,0,54752,15,1,3,0
439,54875,41,-818,5.865097045898437e-06,-0.00011701583862304686,1.5000117301940918,1.499765968322754,0,0,54877,15,1,3,0
440,55000,-8,-846,-1.1444091796875e-06,-0.00012102127075195312,1.4999977111816407,1.499757957458496,0,0,55002,15,1,3,0
441,55125,-58,-871,-8.296966552734374e-06,-0.00012459754943847657,1.4999834060668946,1.499750804901123,0,0,55127,15,1,3,0
442,55250,-108,-895,-1.544952392578125e-05,-0.00012803077697753906,1.4999691009521485,1.499743938446045,0,0,55252,15,1,3,0
443,55375,-158,-916,-2.2602081298828124e-05,-0.00013103485107421876,1.4999547958374024,1.4997379302978515,0,0,55377,15,1,3,0
444,55500,-207,-935,-2.961158752441406e-05,-0.00013375282287597656,1.499940776824951,1.499732494354248,0,0,55502,15,1,3,0
445,55625,-255,-951,-3.647804260253906e-05,-0.00013604164123535157,1.499927043914795,1.4997279167175293,0,0,55627,15,1,3,0
446,55750,-303,-965,-4.334449768066406e-05,-0.0001380443572998047,1.4999133110046388,1.4997239112854004,0,0,55752,15,1,3,0
447,55875,-351,-977,-5.021095275878906e-05,-0.00013976097106933592,1.4998995780944824,1.4997204780578612,0,0,55877,15,1,3,0
448,56000,-397,-986,-5.6791305541992185e-05,-0.00014104843139648438,1.499886417388916,1.499717903137207,0,0,56002,15,1,3,0
449,56125,-442,-993,-6.322860717773437e-05,-0.00014204978942871093,1.4998735427856444,1.4997159004211427,0,0,56127,15,1,3,0
450,56250,-487,-998,-6.966590881347656e-05,-0.00014276504516601561,1.499860668182373,1.499714469909668,0,0,56252,15,1,3,0
451,56375,-530,-999,-7.581710815429688e-05,-0.00014290809631347656,1.4998483657836914,1.499714183807373,0,0,56377,15,1,3,0
452,56500,-571,-999,-8.16822052001953e-05,-0.00014290809631347656,1.4998366355895996,1.499714183807373,0,0,56502,15,1,3,0
453,56625,-612,-996,-8.754730224609375e-05,-0.00014247894287109376,1.4998249053955077,1.4997150421142578,0,0,56627,15,1,3,0
454,56750,-650,-990,-9.298324584960938e-05,-0.00014162063598632812,1.4998140335083008,1.4997167587280273,0,0,56752,15,1,3,0
455,56875,-688,-982,-9.8419189453125e-05,-0.0001404762268066406,1.4998031616210938,1.4997190475463866,0,0,56877,15,1,3,0
456,57000,-723,-971,-0.00010342597961425782,-0.00013890266418457032,1.4997931480407716,1.4997221946716308,0,0,57002,15,1,3,0
457,57125,-757,-958,-0.00010828971862792968,-0.00013704299926757811,1.499783420562744,1.499725914001465,0,0,57127,15,1,3,0
458,57250,-788,-943,-0.00011272430419921874,-0.00013489723205566405,1.4997745513916017,1.4997302055358888,0,0,57252,15,1,3,0
459,57375,-818,-925,-0.00011701583862304686,-0.0001323223114013672,1.499765968322754,1.4997353553771973,0,0,57377,15,1,3,0
460,57500,-846,-905,-0.00012102127075195312,-0.00012946128845214844,1.499757957458496,1.4997410774230957,0,0,57502,15,1,3,0
461,57625,-871,-883,-0.00012459754943847657,-0.0001263141632080078,1.499750804901123,1.499747371673584,0,0,57627,15,1,3,0
462,57750,-895,-858,-0.00012803077697753906,-0.00012273788452148436,1.499743938446045,1.4997545242309571,0,0,57752,15,1,3,0
463,57875,-916,-832,-0.00013103485107421876,-0.0001190185546875,1.4997379302978515,1.499761962890625,0,0,57877,15,1,3,0
464,58000,-935,-803,-0.00013375282287597656,-0.0001148700714111328,1.499732494354248,1.4997702598571778,0,0,58002,15,1,3,0
465,58125,-951,-772,-0.00013604164123535157,-0.00011043548583984375,1.4997279167175293,1.4997791290283202,0,0,58127,15,1,3,0
466,58250,-965,-739,-0.0001380443572998047,-0.00010571479797363281,1.4997239112854004,1.4997885704040528,0,0,58252,15,1,3,0
467,58375,-977,-705,-0.00013976097106933592,-0.00010085105895996094,1.4997204780578612,1.49979829788208,0,0,58377,15,1,3,0
468,58500,-986,-668,-0.00014104843139648438,-9.555816650390625e-05,1.499717903137207,1.4998088836669923,0,0,58502,15,1,3,0
469,58625,-993,-630,-0.00014204978942871093,-9.012222290039062e-05,1.4997159004211427,1.4998197555541992,0,0,58627,15,1,3,0
470,58750,-998,-591,-0.00014276504516601561,-8.454322814941405e-05,1.499714469909668,1.4998309135437011,0,0,58752,15,1,3,0
471,58875,-999,-550,-0.00014290809631347656,-7.867813110351562e-05,1.499714183807373,1.499842643737793,0,0,58877,15,1,3,0
472,59000,-999,-507,-0.00014290809631347656,-7.252693176269531e-05,1.499714183807373,1.4998549461364745,0,0,59002,15,1,3,0
473,59125,-996,-464,-0.00014247894287109376,-6.6375732421875e-05,1.4997150421142578,1.4998672485351563,0,0,59127,15,1,3,0
474,59250,-990,-419,-0.00014162063598632812,-5.993843078613281e-05,1.4997167587280273,1.4998801231384278,0,0,59252,15,1,3,0
475,59375,-982,-373,-0.0001404762268066406,-5.3358078002929683e-05,1.4997190475463866,1.4998932838439942,0,0,59377,15,1,3,0
476,59500,-971,-326,-0.00013890266418457032,-4.6634674072265624e-05,1.4997221946716308,1.4999067306518554,0,0,59502,15,1,3,0
477,59625,-958,-278,-0.00013704299926757811,-3.976821899414062e-05,1.499725914001465,1.4999204635620118,0,0,59627,15,1,3,0
478,59750,-943,-230,-0.00013489723205566405,-3.2901763916015625e-05,1.4997302055358888,1.499934196472168,0,0,59752,15,1,3,0
479,59875,-925,-181,-0.0001323223114013672,-2.5892257690429686e-05,1.4997353553771973,1.499948215484619,0,0,59877,15,1,3,0
480,60000,-905,-132,-0.00012946128845214844,-1.888275146484375e-05,1.4997410774230957,1.4999622344970702,0,0,60002,15,1,3,0
481,60125,-883,-82,-0.0001263141632080078,-1.1730194091796874e-05,1.499747371673584,1.4999765396118163,0,0,60127,15,1,3,0
482,60250,-858,-32,-0.00012273788452148436,-4.57763671875e-06,1.4997545242309571,1.4999908447265624,0,0,60252,15,1,3,0
483,60375,-832,17,-0.0001190185546875,2.4318695068359373e-06,1.499761962890625,1.5000048637390138,0,0,60377,15,1,3,0
484,60500,-803,67,-0.0001148700714111328,9.584426879882811e-06,1.4997702598571778,1.5000191688537599,0,0,60502,15,1,3,0
485,60625,-772,116,-0.00011043548583984375,1.659393310546875e-05,1.4997791290283202,1.500033187866211,0,0,60627,15,1,3,0
486,60750,-739,166,-0.00010571479797363281,2.3746490478515624e-05,1.4997885704040528,1.500047492980957,0,0,60752,15,1,3,0
487,60875,-705,215,-0.00010085105895996094,3.075599670410156e-05,1.49979829788208,1.5000615119934082,0,0,60877,15,1,3,0
488,61000,-668,264,-9.555816650390625e-05,3.77655029296875e-05,1.4998088836669923,1.5000755310058593,0,0,61002,15,1,3,0
489,61125,-630,311,-9.012222290039062e-05,4.448890686035156e-05,1.4998197555541992,1.5000889778137207,0,0,61127,15,1,3,0
490,61250,-591,359,-8.454322814941405e-05,5.1355361938476564e-05,1.4998309135437011,1.500102710723877,0,0,61252,15,1,3,0
491,61375,-550,405,-7.867813110351562e-05,5.793571472167969e-05,1.499842643737793,1.5001158714294434,0,0,61377,15,1,3,0
492,61500,-507,450,-7.252693176269531e-05,6.437301635742188e-05,1.4998549461364745,1.5001287460327148,0,0,61502,15,1,3,0
493,61625,-464,494,-6.6375732421875e-05,7.066726684570312e-05,1.4998672485351563,1.5001413345336914,0,0,61627,15,1,3,0
494,61750,-419,537,-5.993843078613281e-05,7.681846618652343e-05,1.4998801231384278,1.5001536369323731,0,0,61752,15,1,3,0
495,61875,-373,578,-5.3358078002929683e-05,8.268356323242188e-05,1.4998932838439942,1.5001653671264648,0,0,61877,15,1,3,0
496,62000,-326,618,-4.6634674072265624e-05,8.840560913085938e-05,1.4999067306518554,1.5001768112182616,0,0,62002,15,1,3,0
497,62125,-278,657,-3.976821899414062e-05,9.398460388183593e-05,1.4999204635620118,1.5001879692077638,0,0,62127,15,1,3,0
498,62250,-230,694,-3.2901763916015625e-05,9.927749633789062e-05,1.499934196472168,1.5001985549926757,0,0,62252,15,1,3,0
499,62375,-181,729,-2.5892257690429686e-05,0.00010428428649902343,1.499948215484619,1.500208568572998,0,0,62377,15,1,3,0
500,62500,-132,762,-1.888275146484375e-05,0.00010900497436523437,1.4999622344970702,1.5002180099487306,0,0,62502,15,1,3,0
501,62625,-82,793,-1.1730194091796874e-05,0.00011343955993652343,1.4999765396118163,1.500226879119873,0,0,62627,15,1,3,0
502,62750,-32,823,-4.57763671875e-06,0.00011773109436035155,1.4999908447265624,1.5002354621887206,0,0,62752,15,1,3,0
503,62875,17,850,2.4318695068359373e-06,0.00012159347534179688,1.5000048637390138,1.5002431869506836,0,0,62877,15,1,3,0
504,63000,67,875,9.584426879882811e-06,0.0001251697540283203,1.5000191688537599,1.5002503395080566,0,0,63002,15,1,3,0
505,63125,116,898,1.659393310546875e-05,0.00012845993041992186,1.500033187866211,1.5002569198608398,0,0,63127,15,1,3,0
506,63250,166,919,2.3746490478515624e-05,0.00013146400451660156,1.500047492980957,1.5002629280090332,0,0,63252,15,1,3,0
507,63375,215,938,3.075599670410156e-05,0.00013418197631835936,1.5000615119934082,1.5002683639526366,0,0,63377,15,1,3,0
508,63500,264,954,3.77655029296875e-05,0.00013647079467773437,1.5000755310058593,1.5002729415893554,0,0,63502,15,1,3,0
509,63625,311,968,4.448890686035156e-05,0.0001384735107421875,1.5000889778137207,1.5002769470214843,0,0,63627,15,1,3,0
510,63750,359,979,5.1355361938476564e-05,0.0001400470733642578,1.500102710723877,1.5002800941467285,0,0,63752,15,1,3,0
511,63875,405,988,5.793571472167969e-05,0.00014133453369140624,1.5001158714294434,1.5002826690673827,0,0,63877,15,1,3,0
512,64000,450,994,6.437301635742188e-05,0.00014219284057617187,1.5001287460327148,1.5002843856811523,0,0,64002,15,1,3,0
513,64125,494,998,7.066726684570312e-05,0.00014276504516601561,1.5001413345336914,1.500285530090332,0,0,64127,15,1,3,0
514,64250,537,999,7.681846618652343e-05,0.00014290809631347656,1.5001536369323731,1.500285816192627,0,0,64252,15,1,3,0
515,64375,578,998,8.268356323242188e-05,0.00014276504516601561,1.5001653671264648,1.500285530090332,0,0,64377,15,1,3,0
516,64500,618,995,8.840560913085938e-05,0.0001423358917236328,1.5001768112182616,1.5002846717834473,0,0,64502,15,1,3,0
517,64625,657,989,9.398460388183593e-05,0.00014147758483886718,1.5001879692077638,1.5002829551696777,0,0,64627,15,1,3,0
518,64750,694,980,9.927749633789062e-05,0.00014019012451171875,1.5001985549926757,1.5002803802490234,0,0,64752,15,1,3,0
519,64875,729,969,0.00010428428649902343,0.00013861656188964843,1.500208568572998,1.5002772331237793,0,0,64877,15,1,3,0
520,65000,762,956,0.00010900497436523437,0.00013675689697265626,1.5002180099487306,1.5002735137939454,0,0,65002,15,1,3,0
521,65125,793,940,0.00011343955993652343,0.00013446807861328125,1.500226879119873,1.5002689361572266,0,0,65127,15,1,3,0
522,65250,823,922,0.00011773109436035155,0.00013189315795898436,1.5002354621887206,1.500263786315918,0,0,65252,15,1,3,0
523,65375,850,901,0.00012159347534179688,0.0001288890838623047,1.5002431869506836,1.5002577781677247,0,0,65377,15,1,3,0
524,65500,875,879,0.0001251697540283203,0.00012574195861816406,1.5002503395080566,1.5002514839172363,0,0,65502,15,1,3,0
525,65625,898,854,0.00012845993041992186,0.00012216567993164062,1.5002569198608398,1.5002443313598632,0,0,65627,15,1,3,0
526,65750,919,827,0.00013146400451660156,0.00011830329895019531,1.5002629280090332,1.5002366065979005,0,0,65752,15,1,3,0
527,65875,938,798,0.00013418197631835936,0.00011415481567382811,1.5002683639526366,1.5002283096313476,0,0,65877,15,1,3,0
528,66000,954,767,0.00013647079467773437,0.00010972023010253906,1.5002729415893554,1.5002194404602052,0,0,66002,15,1,3,0
529,66125,968,734,0.0001384735107421875,0.00010499954223632812,1.5002769470214843,1.5002099990844726,0,0,66127,15,1,3,0
530,66250,979,699,0.0001400470733642578,9.999275207519531e-05,1.5002800941467285,1.5001999855041503,0,0,66252,15,1,3,0
531,66375,988,662,0.00014133453369140624,9.469985961914062e-05,1.5002826690673827,1.5001893997192384,0,0,66377,15,1,3,0
532,66500,994,624,0.00014219284057617187,8.9263916015625e-05,1.5002843856811523,1.5001785278320312,0,0,66502,15,1,3,0
533,66625,998,584,0.00014276504516601561,8.35418701171875e-05,1.500285530090332,1.5001670837402343,0,0,66627,15,1,3,0
534,66750,999,543,0.00014290809631347656,7.767677307128907e-05,1.500285816192627,1.5001553535461425,0,0,66752,15,1,3,0
535,66875,998,500,0.00014276504516601561,7.152557373046875e-05,1.500285530090332,1.500143051147461,0,0,66877,15,1,3,0
536,67000,995,456,0.0001423358917236328,6.523132324218749e-05,1.5002846717834473,1.5001304626464844,0,0,67002,15,1,3,0
537,67125,989,411,0.00014147758483886718,5.879402160644531e-05,1.5002829551696777,1.500117588043213,0,0,67127,15,1,3,0
538,67250,980,365,0.00014019012451171875,5.221366882324219e-05,1.5002803802490234,1.5001044273376465,0,0,67252,15,1,3,0
539,67375,969,318,0.00013861656188964843,4.549026489257812e-05,1.5002772331237793,1.500090980529785,0,0,67377,15,1,3,0
540,67500,956,270,0.00013675689697265626,3.8623809814453125e-05,1.5002735137939454,1.500077247619629,0,0,67502,15,1,3,0
541,67625,940,222,0.00013446807861328125,3.175735473632812e-05,1.5002689361572266,1.5000635147094727,0,0,67627,15,1,3,0
542,67750,922,173,0.00013189315795898436,2.4747848510742187e-05,1.500263786315918,1.5000494956970214,0,0,67752,15,1,3,0
543,67875,901,124,0.0001288890838623047,1.7738342285156248e-05,1.5002577781677247,1.5000354766845703,0,0,67877,15,1,3,0
544,68000,879,74,0.00012574195861816406,1.0585784912109375e-05,1.5002514839172363,1.5000211715698242,0,0,68002,15,1,3,0
545,68125,854,24,0.00012216567993164062,3.4332275390624997e-06,1.5002443313598632,1.500006866455078,0,0,68127,15,1,3,0
546,68250,827,-25,0.00011830329895019531,-3.5762786865234375e-06,1.5002366065979005,1.499992847442627,0,0,68252,15,1,3,0
547,68375,798,-75,0.00011415481567382811,-1.0728836059570312e-05,1.5002283096313476,1.4999785423278809,0,0,68377,15,1,3,0
548,68500,767,-125,0.00010972023010253906,-1.7881393432617188e-05,1.5002194404602052,1.4999642372131348,0,0,68502,15,1,3,0
549,68625,734,-174,0.00010499954223632812,-2.4890899658203123e-05,1.5002099990844726,1.4999502182006836,0,0,68627,15,1,3,0
550,68750,699,-223,9.999275207519531e-05,-3.190040588378906e-05,1.5001999855041503,1.4999361991882325,0,0,68752,15,1,3,0
551,68875,662,-272,9.469985961914062e-05,-3.8909912109375e-05,1.5001893997192384,1.4999221801757812,0,0,68877,15,1,3,0
552,69000,624,-319,8.9263916015625e-05,-4.5633316040039064e-05,1.5001785278320312,1.49990873336792,0,0,69002,15,1,3,0
553,69125,584,-366,8.35418701171875e-05,-5.2356719970703124e-05,1.5001670837402343,1.4998952865600585,0,0,69127,15,1,3,0
554,69250,543,-412,7.767677307128907e-05,-5.893707275390625e-05,1.5001553535461425,1.499882125854492,0,0,69252,15,1,3,0
555,69375,500,-457,7.152557373046875e-05,-6.537437438964843e-05,1.500143051147461,1.4998692512512206,0,0,69377,15,1,3,0
556,69500,456,-501,6.523132324218749e-05,-7.166862487792968e-05,1.5001304626464844,1.499856662750244,0,0,69502,15,1,3,0
557,69625,411,-544,5.879402160644531e-05,-7.781982421875e-05,1.500117588043213,1.4998443603515625,0,0,69627,15,1,3,0
558,69750,365,-585,5.221366882324219e-05,-8.368492126464844e-05,1.5001044273376465,1.4998326301574707,0,0,69752,15,1,3,0
559,69875,318,-625,4.549026489257812e-05,-8.940696716308594e-05,1.500090980529785,1.4998211860656738,0,0,69877,15,1,3,0
560,70000,270,-663,3.8623809814453125e-05,-9.484291076660157e-05,1.500077247619629,1.4998103141784669,0,0,70002,15,1,3,0
561,70125,222,-700,3.175735473632812e-05,-0.00010013580322265625,1.5000635147094727,1.4997997283935547,0,0,70127,15,1,3,0
562,70250,173,-734,2.4747848510742187e-05,-0.00010499954223632812,1.5000494956970214,1.4997900009155274,0,0,70252,15,1,3,0
563,70375,124,-767,1.7738342285156248e-05,-0.00010972023010253906,1.5000354766845703,1.4997805595397948,0,0,70377,15,1,3,0
564,70500,74,-799,1.0585784912109375e-05,-0.00011429786682128906,1.5000211715698242,1.4997714042663575,0,0,70502,15,1,3,0
565,70625,24,-828,3.4332275390624997e-06,-0.00011844635009765624,1.500006866455078,1.4997631072998048,0,0,70627,15,1,3,0
566,70750,-25,-855,-3.5762786865234375e-06,-0.00012230873107910156,1.499992847442627,1.4997553825378418,0,0,70752,15,1,3,0
567,70875,-75,-879,-1.0728836059570312e-05,-0.00012574195861816406,1.4999785423278809,1.4997485160827637,0,0,70877,15,1,3,0
568,71000,-125,-902,-1.7881393432617188e-05,-0.0001290321350097656,1.4999642372131348,1.4997419357299804,0,0,71002,15,1,3,0
569,71125,-174,-922,-2.4890899658203123e-05,-0.00013189315795898436,1.4999502182006836,1.499736213684082,0,0,71127,15,1,3,0
570,71250,-223,-941,-3.190040588378906e-05,-0.0001346111297607422,1.4999361991882325,1.4997307777404785,0,0,71252,15,1,3,0
571,71375,-272,-956,-3.8909912109375e-05,-0.00013675689697265626,1.4999221801757812,1.4997264862060546,0,0,71377,15,1,3,0
572,71500,-319,-970,-4.5633316040039064e-05,-0.00013875961303710938,1.49990873336792,1.4997224807739258,0,0,71502,15,1,3,0
573,71625,-366,-981,-5.2356719970703124e-05,-0.0001403331756591797,1.4998952865600585,1.4997193336486816,0,0,71627,15,1,3,0
574,71750,-412,-989,-5.893707275390625e-05,-0.00014147758483886718,1.499882125854492,1.4997170448303223,0,0,71752,15,1,3,0
575,71875,-457,-995,-6.537437438964843e-05,-0.0001423358917236328,1.4998692512512206,1.4997153282165527,0,0,71877,15,1,3,0
576,72000,-501,-998,-7.166862487792968e-05,-0.00014276504516601561,1.499856662750244,1.499714469909668,0,0,72002,15,1,3,0
577,72125,-544,-999,-7.781982421875e-05,-0.00014290809631347656,1.4998443603515625,1.499714183807373,0,0,72127,15,1,3,0
578,72250,-585,-998,-8.368492126464844e-05,-0.00014276504516601561,1.4998326301574707,1.499714469909668,0,0,72252,15,1,3,0
579,72375,-625,-994,-8.940696716308594e-05,-0.00014219284057617187,1.4998211860656738,1.4997156143188477,0,0,72377,15,1,3,0
580,72500,-663,-988,-9.484291076660157e-05,-0.00014133453369140624,1.4998103141784669,1.4997173309326173,0,0,72502,15,1,3,0
581,72625,-700,-979,-0.00010013580322265625,-0.0001400470733642578,1.4997997283935547,1.4997199058532715,0,0,72627,15,1,3,0
582,72750,-734,-967,-0.00010499954223632812,-0.00013833045959472655,1.4997900009155274,1.4997233390808105,0,0,72752,15,1,3,0
583,72875,-767,-953,-0.00010972023010253906,-0.00013632774353027343,1.4997805595397948,1.4997273445129395,0,0,72877,15,1,3,0
584,73000,-799,-937,-0.00011429786682128906,-0.00013403892517089842,1.4997714042663575,1.4997319221496581,0,0,73002,15,1,3,0
585,73125,-828,-919,-0.00011844635009765624,-0.00013146400451660156,1.4997631072998048,1.4997370719909668,0,0,73127,15,1,3,0
586,73250,-855,-898,-0.00012230873107910156,-0.00012845993041992186,1.4997553825378418,1.4997430801391602,0,0,73252,15,1,3,0
587,73375,-879,-875,-0.00012574195861816406,-0.0001251697540283203,1.4997485160827637,1.4997496604919434,0,0,73377,15,1,3,0
588,73500,-902,-849,-0.0001290321350097656,-0.00012145042419433593,1.4997419357299804,1.4997570991516114,0,0,73502,15,1,3,0
589,73625,-922,-822,-0.00013189315795898436,-0.00011758804321289062,1.499736213684082,1.4997648239135741,0,0,73627,15,1,3,0
590,73750,-941,-793,-0.0001346111297607422,-0.00011343955993652343,1.4997307777404785,1.499773120880127,0,0,73752,15,1,3,0
591,73875,-956,-761,-0.00013675689697265626,-0.00010886192321777343,1.4997264862060546,1.4997822761535644,0,0,73877,15,1,3,0
592,74000,-970,-728,-0.00013875961303710938,-0.0001041412353515625,1.4997224807739258,1.499791717529297,0,0,74002,15,1,3,0
593,74125,-981,-693,-0.0001403331756591797,-9.913444519042969e-05,1.4997193336486816,1.4998017311096192,0,0,74127,15,1,3,0
594,74250,-989,-656,-0.00014147758483886718,-9.384155273437499e-05,1.4997170448303223,1.4998123168945312,0,0,74252,15,1,3,0
595,74375,-995,-617,-0.0001423358917236328,-8.826255798339843e-05,1.4997153282165527,1.4998234748840331,0,0,74377,15,1,3,0
596,74500,-998,-577,-0.00014276504516601561,-8.254051208496093e-05,1.499714469909668,1.49983491897583,0,0,74502,15,1,3,0
597,74625,-999,-536,-0.00014290809631347656,-7.667541503906249e-05,1.499714183807373,1.4998466491699218,0,0,74627,15,1,3,0
598,74750,-998,-493,-0.00014276504516601561,-7.052421569824219e-05,1.499714469909668,1.4998589515686036,0,0,74752,15,1,3,0
599,74875,-994,-449,-0.00014219284057617187,-6.422996520996093e-05,1.4997156143188477,1.4998715400695801,0,0,74877,15,1,3,0
600,75000,-988,-404,-0.00014133453369140624,-5.7792663574218745e-05,1.4997173309326173,1.4998844146728516,0,0,75002,15,1,3,0
601,75125,-979,-357,-0.0001400470733642578,-5.1069259643554685e-05,1.4997199058532715,1.4998978614807128,0,0,75127,15,1,3,0
602,75250,-967,-310,-0.00013833045959472655,-4.4345855712890625e-05,1.4997233390808105,1.4999113082885742,0,0,75252,15,1,3,0
603,75375,-953,-262,-0.00013632774353027343,-3.747940063476562e-05,1.4997273445129395,1.4999250411987304,0,0,75377,15,1,3,0
604,75500,-937,-214,-0.00013403892517089842,-3.0612945556640626e-05,1.4997319221496581,1.4999387741088868,0,0,75502,15,1,3,0
605,75625,-919,-165,-0.00013146400451660156,-2.3603439331054688e-05,1.4997370719909668,1.499952793121338,0,0,75627,15,1,3,0
606,75750,-898,-115,-0.00012845993041992186,-1.6450881958007812e-05,1.4997430801391602,1.499967098236084,0,0,75752,15,1,3,0
607,75875,-875,-65,-0.0001251697540283203,-9.298324584960938e-06,1.4997496604919434,1.49998140335083,0,0,75877,15,1,3,0
608,76000,-849,-15,-0.00012145042419433593,-2.1457672119140625e-06,1.4997570991516114,1.4999957084655762,0,0,76002,15,1,3,0
609,76125,-822,34,-0.00011758804321289062,4.863739013671875e-06,1.4997648239135741,1.5000097274780273,0,0,76127,15,1,3,0
610,76250,-793,83,-0.00011343955993652343,1.1873245239257812e-05,1.499773120880127,1.5000237464904784,0,0,76252,15,1,3,0
611,76375,-761,133,-0.00010886192321777343,1.9025802612304687e-05,1.4997822761535644,1.5000380516052245,0,0,76377,15,1,3,0
612,76500,-728,183,-0.0001041412353515625,2.6178359985351562e-05,1.499791717529297,1.5000523567199706,0,0,76502,15,1,3,0
613,76625,-693,231,-9.913444519042969e-05,3.304481506347656e-05,1.4998017311096192,1.500066089630127,0,0,76627,15,1,3,0
614,76750,-656,280,-9.384155273437499e-05,4.00543212890625e-05,1.4998123168945312,1.5000801086425781,0,0,76752,15,1,3,0
615,76875,-617,327,-8.826255798339843e-05,4.677772521972656e-05,1.4998234748840331,1.5000935554504395,0,0,76877,15,1,3,0
616,77000,-577,374,-8.254051208496093e-05,5.3501129150390626e-05,1.49983491897583,1.5001070022583007,0,0,77002,15,1,3,0
617,77125,-536,420,-7.667541503906249e-05,6.008148193359375e-05,1.4998466491699218,1.5001201629638672,0,0,77127,15,1,3,0
618,77250,-493,465,-7.052421569824219e-05,6.651878356933594e-05,1.4998589515686036,1.5001330375671387,0,0,77252,15,1,3,0
619,77375,-449,509,-6.422996520996093e-05,7.281303405761718e-05,1.4998715400695801,1.5001456260681152,0,0,77377,15,1,3,0
620,77500,-404,551,-5.7792663574218745e-05,7.882118225097655e-05,1.4998844146728516,1.500157642364502,0,0,77502,15,1,3,0
621,77625,-357,592,-5.1069259643554685e-05,8.4686279296875e-05,1.4998978614807128,1.5001693725585938,0,0,77627,15,1,3,0
622,77750,-310,631,-4.4345855712890625e-05,9.026527404785155e-05,1.4999113082885742,1.5001805305480957,0,0,77752,15,1,3,0
623,77875,-262,669,-3.747940063476562e-05,9.570121765136718e-05,1.4999250411987304,1.5001914024353027,0,0,77877,15,1,3,0
624,78000,-214,706,-3.0612945556640626e-05,0.00010099411010742187,1.4999387741088868,1.5002019882202149,0,0,78002,15,1,3,0
625,78125,-165,740,-2.3603439331054688e-05,0.00010585784912109375,1.499952793121338,1.5002117156982422,0,0,78127,15,1,3,0
626,78250,-115,773,-1.6450881958007812e-05,0.00011057853698730468,1.499967098236084,1.5002211570739745,0,0,78252,15,1,3,0
627,78375,-65,804,-9.298324584960938e-06,0.00011501312255859374,1.49998140335083,1.5002300262451171,0,0,78377,15,1,3,0
628,78500,-15,832,-2.1457672119140625e-06,0.0001190185546875,1.4999957084655762,1.500238037109375,0,0,78502,15,1,3,0
629,78625,34,859,4.863739013671875e-06,0.0001228809356689453,1.5000097274780273,1.5002457618713378,0,0,78627,15,1,3,0
630,78750,83,883,1.1873245239257812e-05,0.0001263141632080078,1.5000237464904784,1.500252628326416,0,0,78752,15,1,3,0
631,78875,133,906,1.9025802612304687e-05,0.00012960433959960938,1.5000380516052245,1.5002592086791993,0,0,78877,15,1,3,0
632,79000,183,926,2.6178359985351562e-05,0.00013246536254882813,1.5000523567199706,1.5002649307250977,0,0,79002,15,1,3,0
633,79125,231,943,3.304481506347656e-05,0.00013489723205566405,1.500066089630127,1.5002697944641112,0,0,79127,15,1,3,0
634,79250,280,959,4.00543212890625e-05,0.00013718605041503906,1.5000801086425781,1.50027437210083,0,0,79252,15,1,3,0
635,79375,327,972,4.677772521972656e-05,0.00013904571533203123,1.5000935554504395,1.5002780914306642,0,0,79377,15,1,3,0
636,79500,374,982,5.3501129150390626e-05,0.0001404762268066406,1.5001070022583007,1.5002809524536134,0,0,79502,15,1,3,0
637,79625,420,990,6.008148193359375e-05,0.00014162063598632812,1.5001201629638672,1.5002832412719727,0,0,79627,15,1,3,0
638,79750,465,996,6.651878356933594e-05,0.00014247894287109376,1.5001330375671387,1.5002849578857422,0,0,79752,15,1,3,0
639,79875,509,999,7.281303405761718e-05,0.00014290809631347656,1.5001456260681152,1.500285816192627,0,0,79877,15,1,3,0
640,80000,551,999,7.882118225097655e-05,0.00014290809631347656,1.500157642364502,1.500285816192627,0,0,80002,15,1,3,0
641,80125,592,997,8.4686279296875e-05,0.00014262199401855467,1.5001693725585938,1.5002852439880372,0,0,80127,15,1,3,0
642,80250,631,993,9.026527404785155e-05,0.00014204978942871093,1.5001805305480957,1.5002840995788573,0,0,80252,15,1,3,0
643,80375,669,986,9.570121765136718e-05,0.00014104843139648438,1.5001914024353027,1.500282096862793,0,0,80377,15,1,3,0
644,80500,706,977,0.00010099411010742187,0.00013976097106933592,1.5002019882202149,1.5002795219421388,0,0,80502,15,1,3,0
645,80625,740,965,0.00010585784912109375,0.0001380443572998047,1.5002117156982422,1.5002760887145996,0,0,80627,15,1,3,0
646,80750,773,951,0.00011057853698730468,0.00013604164123535157,1.5002211570739745,1.5002720832824707,0,0,80752,15,1,3,0
647,80875,804,934,0.00011501312255859374,0.00013360977172851562,1.5002300262451171,1.500267219543457,0,0,80877,15,1,3,0
648,81000,832,915,0.0001190185546875,0.0001308917999267578,1.500238037109375,1.5002617835998535,0,0,81002,15,1,3,0
649,81125,859,894,0.0001228809356689453,0.00012788772583007812,1.5002457618713378,1.5002557754516601,0,0,81127,15,1,3,0
650,81250,883,871,0.0001263141632080078,0.00012459754943847657,1.500252628326416,1.500249195098877,0,0,81252,15,1,3,0
651,81375,906,845,0.00012960433959960938,0.00012087821960449219,1.5002592086791993,1.500241756439209,0,0,81377,15,1,3,0
652,81500,926,817,0.00013246536254882813,0.00011687278747558593,1.5002649307250977,1.5002337455749513,0,0,81502,15,1,3,0
653,81625,943,787,0.00013489723205566405,0.00011258125305175781,1.5002697944641112,1.5002251625061036,0,0,81627,15,1,3,0
654,81750,959,756,0.00013718605041503906,0.00010814666748046874,1.50027437210083,1.500216293334961,0,0,81752,15,1,3,0
655,81875,972,722,0.00013904571533203123,0.00010328292846679687,1.5002780914306642,1.5002065658569337,0,0,81877,15,1,3,0
656,82000,982,687,0.0001404762268066406,9.827613830566406e-05,1.5002809524536134,1.5001965522766114,0,0,82002,15,1,3,0
657,82125,990,649,0.00014162063598632812,9.284019470214843e-05,1.5002832412719727,1.5001856803894043,0,0,82127,15,1,3,0
658,82250,996,611,0.00014247894287109376,8.74042510986328e-05,1.5002849578857422,1.5001748085021973,0,0,82252,15,1,3,0
659,82375,999,570,0.00014290809631347656,8.153915405273438e-05,1.500285816192627,1.5001630783081055,0,0,82377,15,1,3,0
660,82500,999,529,0.00014290809631347656,7.567405700683593e-05,1.500285816192627,1.5001513481140136,0,0,82502,15,1,3,0
661,82625,997,486,0.00014262199401855467,6.952285766601562e-05,1.5002852439880372,1.500139045715332,0,0,82627,15,1,3,0
662,82750,993,441,0.00014204978942871093,6.308555603027343e-05,1.5002840995788573,1.5001261711120606,0,0,82752,15,1,3,0
663,82875,986,396,0.00014104843139648438,5.664825439453125e-05,1.500282096862793,1.500113296508789,0,0,82877,15,1,3,0
664,83000,977,349,0.00013976097106933592,4.992485046386719e-05,1.5002795219421388,1.5000998497009277,0,0,83002,15,1,3,0
665,83125,965,302,0.0001380443572998047,4.320144653320312e-05,1.5002760887145996,1.5000864028930665,0,0,83127,15,1,3,0
666,83250,951,254,0.00013604164123535157,3.6334991455078126e-05,1.5002720832824707,1.5000726699829101,0,0,83252,15,1,3,0
667,83375,934,206,0.00013360977172851562,2.9468536376953124e-05,1.500267219543457,1.500058937072754,0,0,83377,15,1,3,0
668,83500,915,156,0.0001308917999267578,2.231597900390625e-05,1.5002617835998535,1.5000446319580079,0,0,83502,15,1,3,0
669,83625,894,107,0.00012788772583007812,1.5306472778320313e-05,1.5002557754516601,1.5000306129455567,0,0,83627,15,1,3,0
670,83750,871,57,0.00012459754943847657,8.153915405273436e-06,1.500249195098877,1.5000163078308106,0,0,83752,15,1,3,0
671,83875,845,7,0.00012087821960449219,1.0013580322265625e-06,1.500241756439209,1.5000020027160645,0,0,83877,15,1,3,0
672,84000,817,-42,0.00011687278747558593,-6.008148193359375e-06,1.5002337455749513,1.4999879837036132,0,0,84002,15,1,3,0
673,84125,787,-92,0.00011258125305175781,-1.3160705566406249e-05,1.5002251625061036,1.499973678588867,0,0,84127,15,1,3,0
674,84250,756,-141,0.00010814666748046874,-2.0170211791992186e-05,1.500216293334961,1.499959659576416,0,0,84252,15,1,3,0
675,84375,722,-191,0.00010328292846679687,-2.732276916503906e-05,1.5002065658569337,1.4999453544616699,0,0,84377,15,1,3,0
676,84500,687,-240,9.827613830566406e-05,-3.4332275390625e-05,1.5001965522766114,1.4999313354492188,0,0,84502,15,1,3,0
677,84625,649,-288,9.284019470214843e-05,-4.1198730468749996e-05,1.5001856803894043,1.4999176025390626,0,0,84627,15,1,3,0
678,84750,611,-335,8.74042510986328e-05,-4.792213439941406e-05,1.5001748085021973,1.4999041557312012,0,0,84752,15,1,3,0
679,84875,570,-382,8.153915405273438e-05,-5.464553833007812e-05,1.5001630783081055,1.4998907089233398,0,0,84877,15,1,3,0
680,85000,529,-428,7.567405700683593e-05,-6.122589111328125e-05,1.5001513481140136,1.4998775482177735,0,0,85002,15,1,3,0
681,85125,486,-472,6.952285766601562e-05,-6.75201416015625e-05,1.500139045715332,1.4998649597167968,0,0,85127,15,1,3,0
682,85250,441,-516,6.308555603027343e-05,-7.381439208984374e-05,1.5001261711120606,1.4998523712158203,0,0,85252,15,1,3,0
683,85375,396,-558,5.664825439453125e-05,-7.982254028320313e-05,1.500113296508789,1.4998403549194337,0,0,85377,15,1,3,0
684,85500,349,-599,4.992485046386719e-05,-8.568763732910156e-05,1.5000998497009277,1.4998286247253418,0,0,85502,15,1,3,0
685,85625,302,-638,4.320144653320312e-05,-9.126663208007813e-05,1.5000864028930665,1.49981746673584,0,0,85627,15,1,3,0
686,85750,254,-676,3.6334991455078126e-05,-9.670257568359374e-05,1.5000726699829101,1.4998065948486328,0,0,85752,15,1,3,0
687,85875,206,-712,2.9468536376953124e-05,-0.0001018524169921875,1.500058937072754,1.4997962951660155,0,0,85877,15,1,3,0
688,86000,156,-746,2.231597900390625e-05,-0.00010671615600585937,1.5000446319580079,1.4997865676879882,0,0,86002,15,1,3,0
689,86125,107,-778,1.5306472778320313e-05,-0.00011129379272460936,1.5000306129455567,1.4997774124145509,0,0,86127,15,1,3,0
690,86250,57,-809,8.153915405273436e-06,-0.00011572837829589843,1.5000163078308106,1.4997685432434082,0,0,86252,15,1,3,0
691,86375,7,-837,1.0013580322265625e-06,-0.00011973381042480468,1.5000020027160645,1.4997605323791503,0,0,86377,15,1,3,0
692,86500,-42,-863,-6.008148193359375e-06,-0.00012345314025878905,1.4999879837036132,1.4997530937194825,0,0,86502,15,1,3,0
693,86625,-92,-887,-1.3160705566406249e-05,-0.00012688636779785155,1.499973678588867,1.4997462272644042,0,0,86627,15,1,3,0
694,86750,-141,-909,-2.0170211791992186e-05,-0.00013003349304199218,1.499959659576416,1.499739933013916,0,0,86752,15,1,3,0
695,86875,-191,-929,-2.732276916503906e-05,-0.00013289451599121093,1.4999453544616699,1.4997342109680176,0,0,86877,15,1,3,0
696,87000,-240,-946,-3.4332275390625e-05,-0.00013532638549804688,1.4999313354492188,1.4997293472290039,0,0,87002,15,1,3,0
697,87125,-288,-961,-4.1198730468749996e-05,-0.00013747215270996094,1.4999176025390626,1.49972505569458,0,0,87127,15,1,3,0
698,87250,-335,-974,-4.792213439941406e-05,-0.00013933181762695312,1.4999041557312012,1.4997213363647461,0,0,87252,15,1,3,0
699,87375,-382,-984,-5.464553833007812e-05,-0.0001407623291015625,1.4998907089233398,1.499718475341797,0,0,87377,15,1,3,0
700,87500,-428,-991,-6.122589111328125e-05,-0.00014176368713378907,1.4998775482177735,1.4997164726257324,0,0,87502,15,1,3,0
701,87625,-472,-996,-6.75201416015625e-05,-0.00014247894287109376,1.4998649597167968,1.4997150421142578,0,0,87627,15,1,3,0
702,87750,-516,-999,-7.381439208984374e-05,-0.00014290809631347656,1.4998523712158203,1.499714183807373,0,0,87752,15,1,3,0
703,87875,-558,-999,-7.982254028320313e-05,-0.00014290809631347656,1.4998403549194337,1.499714183807373,0,0,87877,15,1,3,0
704,88000,-599,-997,-8.568763732910156e-05,-0.00014262199401855467,1.4998286247253418,1.4997147560119628,0,0,88002,15,1,3,0
705,88125,-638,-992,-9.126663208007813e-05,-0.00014190673828124998,1.49981746673584,1.4997161865234374,0,0,88127,15,1,3,0
706,88250,-676,-985,-9.670257568359374e-05,-0.00014090538024902344,1.4998065948486328,1.499718189239502,0,0,88252,15,1,3,0
707,88375,-712,-975,-0.0001018524169921875,-0.00013947486877441406,1.4997962951660155,1.4997210502624512,0,0,88377,15,1,3,0
708,88500,-746,-963,-0.00010671615600585937,-0.0001377582550048828,1.4997865676879882,1.4997244834899903,0,0,88502,15,1,3,0
709,88625,-778,-948,-0.00011129379272460936,-0.00013561248779296874,1.4997774124145509,1.4997287750244142,0,0,88627,15,1,3,0
710,88750,-809,-931,-0.00011572837829589843,-0.00013318061828613282,1.4997685432434082,1.4997336387634277,0,0,88752,15,1,3,0
711,88875,-837,-912,-0.00011973381042480468,-0.00013046264648437498,1.4997605323791503,1.4997390747070312,0,0,88877,15,1,3,0
712,89000,-863,-890,-0.00012345314025878905,-0.00012731552124023438,1.4997530937194825,1.4997453689575195,0,0,89002,15,1,3,0
713,89125,-887,-866,-0.00012688636779785155,-0.00012388229370117188,1.4997462272644042,1.4997522354125976,0,0,89127,15,1,3,0
714,89250,-909,-840,-0.00013003349304199218,-0.0001201629638671875,1.499739933013916,1.4997596740722656,0,0,89252,15,1,3,0
715,89375,-929,-812,-0.00013289451599121093,-0.00011615753173828125,1.4997342109680176,1.4997676849365233,0,0,89377,15,1,3,0
716,89500,-946,-782,-0.00013532638549804688,-0.00011186599731445312,1.4997293472290039,1.499776268005371,0,0,89502,15,1,3,0
717,89625,-961,-750,-0.00013747215270996094,-0.00010728836059570312,1.49972505569458,1.4997854232788086,0,0,89627,15,1,3,0
718,89750,-974,-716,-0.00013933181762695312,-0.00010242462158203124,1.4997213363647461,1.499795150756836,0,0,89752,15,1,3,0
719,89875,-984,-680,-0.0001407623291015625,-9.72747802734375e-05,1.499718475341797,1.4998054504394531,0,0,89877,15,1,3,0
720,90000,-991,-643,-0.00014176368713378907,-9.198188781738282e-05,1.4997164726257324,1.4998160362243653,0,0,90002,15,1,3,0
721,90125,-996,-604,-0.00014247894287109376,-8.640289306640624e-05,1.4997150421142578,1.4998271942138672,0,0,90127,15,1,3,0
722,90250,-999,-563,-0.00014290809631347656,-8.053779602050782e-05,1.499714183807373,1.499838924407959,0,0,90252,15,1,3,0
723,90375,-999,-521,-0.00014290809631347656,-7.452964782714843e-05,1.499714183807373,1.4998509407043457,0,0,90377,15,1,3,0
724,90500,-997,-478,-0.00014262199401855467,-6.837844848632813e-05,1.4997147560119628,1.4998632431030274,0,0,90502,15,1,3,0
725,90625,-992,-434,-0.00014190673828124998,-6.208419799804687e-05,1.4997161865234374,1.499875831604004,0,0,90627,15,1,3,0
726,90750,-985,-388,-0.00014090538024902344,-5.5503845214843746e-05,1.499718189239502,1.4998889923095704,0,0,90752,15,1,3,0
727,90875,-975,-342,-0.00013947486877441406,-4.892349243164062e-05,1.4997210502624512,1.4999021530151366,0,0,90877,15,1,3,0
728,91000,-963,-294,-0.0001377582550048828,-4.2057037353515626e-05,1.4997244834899903,1.499915885925293,0,0,91002,15,1,3,0
729,91125,-948,-246,-0.00013561248779296874,-3.5190582275390624e-05,1.4997287750244142,1.4999296188354492,0,0,91127,15,1,3,0
730,91250,-931,-197,-0.00013318061828613282,-2.8181076049804685e-05,1.4997336387634277,1.4999436378479003,0,0,91252,15,1,3,0
731,91375,-912,-148,-0.00013046264648437498,-2.117156982421875e-05,1.4997390747070312,1.4999576568603517,0,0,91377,15,1,3,0
732,91500,-890,-98,-0.00012731552124023438,-1.4019012451171874e-05,1.4997453689575195,1.4999719619750977,0,0,91502,15,1,3,0
733,91625,-866,-49,-0.00012388229370117188,-7.009506225585937e-06,1.4997522354125976,1.4999859809875489,0,0,91627,15,1,3,0
734,91750,-840,0,-0.0001201629638671875,0.0,1.4997596740722656,1.5,0,0,91752,15,1,3,0
735,91875,-812,50,-0.00011615753173828125,7.152557373046875e-06,1.4997676849365233,1.500014305114746,0,0,91877,15,1,3,0
736,92000,-782,100,-0.00011186599731445312,1.430511474609375e-05,1.499776268005371,1.5000286102294922,0,0,92002,15,1,3,0
737,92125,-750,150,-0.00010728836059570312,2.1457672119140625e-05,1.4997854232788086,1.5000429153442383,0,0,92127,15,1,3,0
738,92250,-716,199,-0.00010242462158203124,2.846717834472656e-05,1.499795150756836,1.5000569343566894,0,0,92252,15,1,3,0
739,92375,-680,248,-9.72747802734375e-05,3.5476684570312496e-05,1.4998054504394531,1.5000709533691405,0,0,92377,15,1,3,0
740,92500,-643,296,-9.198188781738282e-05,4.23431396484375e-05,1.4998160362243653,1.500084686279297,0,0,92502,15,1,3,0
741,92625,-604,343,-8.640289306640624e-05,4.906654357910156e-05,1.4998271942138672,1.5000981330871581,0,0,92627,15,1,3,0
742,92750,-563,390,-8.053779602050782e-05,5.5789947509765625e-05,1.499838924407959,1.5001115798950195,0,0,92752,15,1,3,0
743,92875,-521,435,-7.452964782714843e-05,6.222724914550781e-05,1.4998509407043457,1.500124454498291,0,0,92877,15,1,3,0
744,93000,-478,480,-6.837844848632813e-05,6.866455078125e-05,1.4998632431030274,1.5001373291015625,0,0,93002,15,1,3,0
745,93125,-434,523,-6.208419799804687e-05,7.481575012207032e-05,1.499875831604004,1.500149631500244,0,0,93127,15,1,3,0
746,93250,-388,565,-5.5503845214843746e-05,8.082389831542969e-05,1.4998889923095704,1.5001616477966309,0,0,93252,15,1,3,0
747,93375,-342,605,-4.892349243164062e-05,8.654594421386719e-05,1.4999021530151366,1.5001730918884277,0,0,93377,15,1,3,0
748,93500,-294,644,-4.2057037353515626e-05,9.212493896484374e-05,1.499915885925293,1.5001842498779296,0,0,93502,15,1,3,0
749,93625,-246,682,-3.5190582275390624e-05,9.756088256835937e-05,1.4999296188354492,1.5001951217651368,0,0,93627,15,1,3,0
750,93750,-197,717,-2.8181076049804685e-05,0.00010256767272949218,1.4999436378479003,1.500205135345459,0,0,93752,15,1,3,0
751,93875,-148,751,-2.117156982421875e-05,0.00010743141174316405,1.4999576568603517,1.5002148628234864,0,0,93877,15,1,3,0
752,94000,-98,783,-1.4019012451171874e-05,0.00011200904846191405,1.4999719619750977,1.5002240180969237,0,0,94002,15,1,3,0
753,94125,-49,813,-7.009506225585937e-06,0.00011630058288574218,1.4999859809875489,1.5002326011657714,0,0,94127,15,1,3,0
754,94250,0,841,0.0,0.00012030601501464843,1.5,1.5002406120300293,0,0,94252,15,1,3,0
755,94375,50,867,7.152557373046875e-06,0.0001240253448486328,1.500014305114746,1.5002480506896974,0,0,94377,15,1,3,0
756,94500,100,891,1.430511474609375e-05,0.00012745857238769532,1.5000286102294922,1.5002549171447754,0,0,94502,15,1,3,0
757,94625,150,913,2.1457672119140625e-05,0.00013060569763183593,1.5000429153442383,1.5002612113952636,0,0,94627,15,1,3,0
758,94750,199,932,2.846717834472656e-05,0.00013332366943359373,1.5000569343566894,1.5002666473388673,0,0,94752,15,1,3,0
759,94875,248,949,3.5476684570312496e-05,0.00013575553894042968,1.5000709533691405,1.5002715110778808,0,0,94877,15,1,3,0
760,95000,296,963,4.23431396484375e-05,0.0001377582550048828,1.500084686279297,1.5002755165100097,0,0,95002,15,1,3,0
761,95125,343,975,4.906654357910156e-05,0.00013947486877441406,1.5000981330871581,1.5002789497375488,0,0,95127,15,1,3,0
762,95250,390,985,5.5789947509765625e-05,0.00014090538024902344,1.5001115798950195,1.500281810760498,0,0,95252,15,1,3,0
763,95375,435,992,6.222724914550781e-05,0.00014190673828124998,1.500124454498291,1.5002838134765626,0,0,95377,15,1,3,0
764,95500,480,997,6.866455078125e-05,0.00014262199401855467,1.5001373291015625,1.5002852439880372,0,0,95502,15,1,3,0
765,95625,523,999,7.481575012207032e-05,0.00014290809631347656,1.500149631500244,1.500285816192627,0,0,95627,15,1,3,0
766,95750,565,999,8.082389831542969e-05,0.00014290809631347656,1.5001616477966309,1.500285816192627,0,0,95752,15,1,3,0
767,95875,605,996,8.654594421386719e-05,0.00014247894287109376,1.5001730918884277,1.5002849578857422,0,0,95877,15,1,3,0
768,96000,644,991,9.212493896484374e-05,0.00014176368713378907,1.5001842498779296,1.5002835273742676,0,0,96002,15,1,3,0
769,96125,682,983,9.756088256835937e-05,0.00014061927795410155,1.5001951217651368,1.5002812385559081,0,0,96127,15,1,3,0
770,96250,717,973,0.00010256767272949218,0.00013918876647949218,1.500205135345459,1.500278377532959,0,0,96252,15,1,3,0
771,96375,751,961,0.00010743141174316405,0.00013747215270996094,1.5002148628234864,1.50027494430542,0,0,96377,15,1,3,0
772,96500,783,946,0.00011200904846191405,0.00013532638549804688,1.5002240180969237,1.5002706527709961,0,0,96502,15,1,3,0
773,96625,813,928,0.00011630058288574218,0.00013275146484375,1.5002326011657714,1.5002655029296874,0,0,96627,15,1,3,0
774,96750,841,908,0.00012030601501464843,0.00012989044189453124,1.5002406120300293,1.500259780883789,0,0,96752,15,1,3,0
775,96875,867,886,0.0001240253448486328,0.00012674331665039063,1.5002480506896974,1.5002534866333008,0,0,96877,15,1,3,0
776,97000,891,862,0.00012745857238769532,0.0001233100891113281,1.5002549171447754,1.5002466201782227,0,0,97002,15,1,3,0
777,97125,913,836,0.00013060569763183593,0.00011959075927734374,1.5002612113952636,1.5002391815185547,0,0,97127,15,1,3,0
778,97250,932,807,0.00013332366943359373,0.00011544227600097656,1.5002666473388673,1.500230884552002,0,0,97252,15,1,3,0
779,97375,949,777,0.00013575553894042968,0.00011115074157714843,1.5002715110778808,1.5002223014831544,0,0,97377,15,1,3,0
780,97500,963,745,0.0001377582550048828,0.00010657310485839844,1.5002755165100097,1.5002131462097168,0,0,97502,15,1,3,0
781,97625,975,710,0.00013947486877441406,0.00010156631469726562,1.5002789497375488,1.5002031326293945,0,0,97627,15,1,3,0
782,97750,985,674,0.00014090538024902344,9.641647338867187e-05,1.500281810760498,1.5001928329467773,0,0,97752,15,1,3,0
783,97875,992,637,0.00014190673828124998,9.112358093261718e-05,1.5002838134765626,1.5001822471618653,0,0,97877,15,1,3,0
784,98000,997,597,0.00014262199401855467,8.540153503417968e-05,1.5002852439880372,1.5001708030700684,0,0,98002,15,1,3,0
785,98125,999,556,0.00014290809631347656,7.953643798828124e-05,1.500285816192627,1.5001590728759766,0,0,98127,15,1,3,0
786,98250,999,514,0.00014290809631347656,7.352828979492187e-05,1.500285816192627,1.5001470565795898,0,0,98252,15,1,3,0
787,98375,996,471,0.00014247894287109376,6.737709045410155e-05,1.5002849578857422,1.5001347541809082,0,0,98377,15,1,3,0
788,98500,991,426,0.00014176368713378907,6.0939788818359374e-05,1.5002835273742676,1.5001218795776368,0,0,98502,15,1,3,0
789,98625,983,380,0.00014061927795410155,5.435943603515625e-05,1.5002812385559081,1.5001087188720703,0,0,98627,15,1,3,0
790,98750,973,334,0.00013918876647949218,4.7779083251953126e-05,1.500278377532959,1.5000955581665039,0,0,98752,15,1,3,0
791,98875,961,286,0.00013747215270996094,4.0912628173828124e-05,1.50027494430542,1.5000818252563477,0,0,98877,15,1,3,0
792,99000,946,238,0.00013532638549804688,3.404617309570312e-05,1.5002706527709961,1.5000680923461913,0,0,99002,15,1,3,0
793,99125,928,189,0.00013275146484375,2.7036666870117185e-05,1.5002655029296874,1.5000540733337402,0,0,99127,15,1,3,0
794,99250,908,140,0.00012989044189453124,2.002716064453125e-05,1.500259780883789,1.500040054321289,0,0,99252,15,1,3,0
795,99375,886,90,0.00012674331665039063,1.2874603271484375e-05,1.5002534866333008,1.500025749206543,0,0,99377,15,1,3,0
796,99500,862,40,0.0001233100891113281,5.7220458984375e-06,1.5002466201782227,1.5000114440917969,0,0,99502,15,1,3,0
797,99625,836,-9,0.00011959075927734374,-1.2874603271484374e-06,1.5002391815185547,1.4999974250793457,0,0,99627,15,1,3,0
798,99750,807,-59,0.00011544227600097656,-8.440017700195312e-06,1.500230884552002,1.4999831199645997,0,0,99752,15,1,3,0
799,99875,777,-109,0.00011115074157714843,-1.5592575073242185e-05,1.5002223014831544,1.4999688148498536,0,0,99877,15,1,3,0
800,100000,745,-158,0.00010657310485839844,-2.2602081298828124e-05,1.5002131462097168,1.4999547958374024,0,0,100002,15,1,3,0
801,100125,710,-207,0.00010156631469726562,-2.961158752441406e-05,1.5002031326293945,1.499940776824951,0,0,100127,15,1,3,0
802,100250,674,-256,9.641647338867187e-05,-3.662109375e-05,1.5001928329467773,1.4999267578125,0,0,100252,15,1,3,0
803,100375,637,-304,9.112358093261718e-05,-4.3487548828125e-05,1.5001822471618653,1.4999130249023438,0,0,100377,15,1,3,0
804,100500,597,-351,8.540153503417968e-05,-5.021095275878906e-05,1.5001708030700684,1.4998995780944824,0,0,100502,15,1,3,0
805,100625,556,-397,7.953643798828124e-05,-5.6791305541992185e-05,1.5001590728759766,1.499886417388916,0,0,100627,15,1,3,0
806,100750,514,-443,7.352828979492187e-05,-6.337165832519532e-05,1.5001470565795898,1.4998732566833497,0,0,100752,15,1,3,0
807,100875,471,-487,6.737709045410155e-05,-6.966590881347656e-05,1.5001347541809082,1.499860668182373,0,0,100877,15,1,3,0
808,101000,426,-530,6.0939788818359374e-05,-7.581710815429688e-05,1.5001218795776368,1.4998483657836914,0,0,101002,15,1,3,0
809,101125,380,-572,5.435943603515625e-05,-8.182525634765625e-05,1.5001087188720703,1.4998363494873046,0,0,101127,15,1,3,0
810,101250,334,-612,4.7779083251953126e-05,-8.754730224609375e-05,1.5000955581665039,1.4998249053955077,0,0,101252,15,1,3,0
811,101375,286,-651,4.0912628173828124e-05,-9.31262969970703e-05,1.5000818252563477,1.4998137474060058,0,0,101377,15,1,3,0
812,101500,238,-688,3.404617309570312e-05,-9.8419189453125e-05,1.5000680923461913,1.4998031616210938,0,0,101502,15,1,3,0
813,101625,189,-723,2.7036666870117185e-05,-0.00010342597961425782,1.5000540733337402,1.4997931480407716,0,0,101627,15,1,3,0
814,101750,140,-757,2.002716064453125e-05,-0.00010828971862792968,1.500040054321289,1.499783420562744,0,0,101752,15,1,3,0
815,101875,90,-789,1.2874603271484375e-05,-0.00011286735534667968,1.500025749206543,1.4997742652893067,0,0,101877,15,1,3,0
816,102000,40,-818,5.7220458984375e-06,-0.00011701583862304686,1.5000114440917969,1.499765968322754,0,0,102002,15,1,3,0
817,102125,-9,-846,-1.2874603271484374e-06,-0.00012102127075195312,1.4999974250793457,1.499757957458496,0,0,102127,15,1,3,0
818,102250,-59,-872,-8.440017700195312e-06,-0.00012474060058593748,1.4999831199645997,1.499750518798828,0,0,102252,15,1,3,0
819,102375,-109,-895,-1.5592575073242185e-05,-0.00012803077697753906,1.4999688148498536,1.499743938446045,0,0,102377,15,1,3,0
820,102500,-158,-916,-2.2602081298828124e-05,-0.00013103485107421876,1.4999547958374024,1.4997379302978515,0,0,102502,15,1,3,0
821,102625,-207,-935,-2.961158752441406e-05,-0.00013375282287597656,1.499940776824951,1.499732494354248,0,0,102627,15,1,3,0
822,102750,-256,-951,-3.662109375e-05,-0.00013604164123535157,1.4999267578125,1.4997279167175293,0,0,102752,15,1,3,0
823,102875,-304,-966,-4.3487548828125e-05,-0.00013818740844726563,1.4999130249023438,1.4997236251831054,0,0,102877,15,1,3,0
824,103000,-351,-977,-5.021095275878906e-05,-0.00013976097106933592,1.4998995780944824,1.4997204780578612,0,0,103002,15,1,3,0
825,103125,-397,-986,-5.6791305541992185e-05,-0.00014104843139648438,1.499886417388916,1.499717903137207,0,0,103127,15,1,3,0
826,103250,-443,-993,-6.337165832519532e-05,-0.00014204978942871093,1.4998732566833497,1.4997159004211427,0,0,103252,15,1,3,0
827,103375,-487,-998,-6.966590881347656e-05,-0.00014276504516601561,1.499860668182373,1.499714469909668,0,0,103377,15,1,3,0
828,103500,-530,-999,-7.581710815429688e-05,-0.00014290809631347656,1.4998483657836914,1.499714183807373,0,0,103502,15,1,3,0
829,103625,-572,-999,-8.182525634765625e-05,-0.00014290809631347656,1.4998363494873046,1.499714183807373,0,0,103627,15,1,3,0
830,103750,-612,-996,-8.754730224609375e-05,-0.00014247894287109376,1.4998249053955077,1.4997150421142578,0,0,103752,15,1,3,0
831,103875,-651,-990,-9.31262969970703e-05,-0.00014162063598632812,1.4998137474060058,1.4997167587280273,0,0,103877,15,1,3,0
832,104000,-688,-982,-9.8419189453125e-05,-0.0001404762268066406,1.4998031616210938,1.4997190475463866,0,0,104002,15,1,3,0
833,104125,-723,-971,-0.00010342597961425782,-0.00013890266418457032,1.4997931480407716,1.4997221946716308,0,0,104127,15,1,3,0
834,104250,-757,-958,-0.00010828971862792968,-0.00013704299926757811,1.499783420562744,1.499725914001465,0,0,104252,15,1,3,0
835,104375,-789,-943,-0.00011286735534667968,-0.00013489723205566405,1.4997742652893067,1.4997302055358888,0,0,104377,15,1,3,0
836,104500,-818,-925,-0.00011701583862304686,-0.0001323223114013672,1.499765968322754,1.4997353553771973,0,0,104502,15,1,3,0
837,104625,-846,-905,-0.00012102127075195312,-0.00012946128845214844,1.499757957458496,1.4997410774230957,0,0,104627,15,1,3,0
838,104750,-872,-883,-0.00012474060058593748,-0.0001263141632080078,1.499750518798828,1.499747371673584,0,0,104752,15,1,3,0
839,104875,-895,-858,-0.00012803077697753906,-0.00012273788452148436,1.499743938446045,1.4997545242309571,0,0,104877,15,1,3,0
840,105000,-916,-831,-0.00013103485107421876,-0.00011887550354003905,1.4997379302978515,1.4997622489929199,0,0,105002,15,1,3,0
841,105125,-935,-802,-0.00013375282287597656,-0.00011472702026367187,1.499732494354248,1.4997705459594726,0,0,105127,15,1,3,0
842,105250,-951,-772,-0.00013604164123535157,-0.00011043548583984375,1.4997279167175293,1.4997791290283202,0,0,105252,15,1,3,0
843,105375,-966,-739,-0.00013818740844726563,-0.00010571479797363281,1.4997236251831054,1.4997885704040528,0,0,105377,15,1,3,0
844,105500,-977,-704,-0.00013976097106933592,-0.0001007080078125,1.4997204780578612,1.499798583984375,0,0,105502,15,1,3,0
845,105625,-986,-668,-0.00014104843139648438,-9.555816650390625e-05,1.499717903137207,1.4998088836669923,0,0,105627,15,1,3,0
846,105750,-993,-630,-0.00014204978942871093,-9.012222290039062e-05,1.4997159004211427,1.4998197555541992,0,0,105752,15,1,3,0
847,105875,-998,-590,-0.00014276504516601561,-8.440017700195312e-05,1.499714469909668,1.499831199645996,0,0,105877,15,1,3,0
848,106000,-999,-549,-0.00014290809631347656,-7.853507995605468e-05,1.499714183807373,1.499842929840088,0,0,106002,15,1,3,0
849,106125,-999,-507,-0.00014290809631347656,-7.252693176269531e-05,1.499714183807373,1.4998549461364745,0,0,106127,15,1,3,0
850,106250,-996,-463,-0.00014247894287109376,-6.623268127441407e-05,1.4997150421142578,1.4998675346374513,0,0,106252,15,1,3,0
851,106375,-990,-418,-0.00014162063598632812,-5.979537963867187e-05,1.4997167587280273,1.4998804092407227,0,0,106377,15,1,3,0
852,106500,-982,-373,-0.0001404762268066406,-5.3358078002929683e-05,1.4997190475463866,1.4998932838439942,0,0,106502,15,1,3,0
853,106625,-971,-326,-0.00013890266418457032,-4.6634674072265624e-05,1.4997221946716308,1.4999067306518554,0,0,106627,15,1,3,0
854,106750,-958,-278,-0.00013704299926757811,-3.976821899414062e-05,1.499725914001465,1.4999204635620118,0,0,106752,15,1,3,0
855,106875,-943,-230,-0.00013489723205566405,-3.2901763916015625e-05,1.4997302055358888,1.499934196472168,0,0,106877,15,1,3,0
856,107000,-925,-181,-0.0001323223114013672,-2.5892257690429686e-05,1.4997353553771973,1.499948215484619,0,0,107002,15,1,3,0
857,107125,-905,-131,-0.00012946128845214844,-1.873970031738281e-05,1.4997410774230957,1.4999625205993652,0,0,107127,15,1,3,0
858,107250,-883,-82,-0.0001263141632080078,-1.1730194091796874e-05,1.499747371673584,1.4999765396118163,0,0,107252,15,1,3,0
859,107375,-858,-32,-0.00012273788452148436,-4.57763671875e-06,1.4997545242309571,1.4999908447265624,0,0,107377,15,1,3,0
860,107500,-831,17,-0.00011887550354003905,2.4318695068359373e-06,1.4997622489929199,1.5000048637390138,0,0,107502,15,1,3,0
861,107625,-802,67,-0.00011472702026367187,9.584426879882811e-06,1.4997705459594726,1.5000191688537599,0,0,107627,15,1,3,0
862,107750,-772,117,-0.00011043548583984375,1.6736984252929688e-05,1.4997791290283202,1.500033473968506,0,0,107752,15,1,3,0
863,107875,-739,166,-0.00010571479797363281,2.3746490478515624e-05,1.4997885704040528,1.500047492980957,0,0,107877,15,1,3,0
864,108000,-704,215,-0.0001007080078125,3.075599670410156e-05,1.499798583984375,1.5000615119934082,0,0,108002,15,1,3,0
865,108125,-668,264,-9.555816650390625e-05,3.77655029296875e-05,1.4998088836669923,1.5000755310058593,0,0,108127,15,1,3,0
866,108250,-630,312,-9.012222290039062e-05,4.46319580078125e-05,1.4998197555541992,1.5000892639160157,0,0,108252,15,1,3,0
867,108375,-590,359,-8.440017700195312e-05,5.1355361938476564e-05,1.499831199645996,1.500102710723877,0,0,108377,15,1,3,0
868,108500,-549,405,-7.853507995605468e-05,5.793571472167969e-05,1.499842929840088,1.5001158714294434,0,0,108502,15,1,3,0
869,108625,-507,450,-7.252693176269531e-05,6.437301635742188e-05,1.4998549461364745,1.5001287460327148,0,0,108627,15,1,3,0
870,108750,-463,494,-6.623268127441407e-05,7.066726684570312e-05,1.4998675346374513,1.5001413345336914,0,0,108752,15,1,3,0
871,108875,-418,537,-5.979537963867187e-05,7.681846618652343e-05,1.4998804092407227,1.5001536369323731,0,0,108877,15,1,3,0
872,109000,-373,579,-5.3358078002929683e-05,8.282661437988281e-05,1.4998932838439942,1.5001656532287597,0,0,109002,15,1,3,0
873,109125,-326,619,-4.6634674072265624e-05,8.854866027832031e-05,1.4999067306518554,1.5001770973205566,0,0,109127,15,1,3,0
874,109250,-278,657,-3.976821899414062e-05,9.398460388183593e-05,1.4999204635620118,1.5001879692077638,0,0,109252,15,1,3,0
875,109375,-230,694,-3.2901763916015625e-05,9.927749633789062e-05,1.499934196472168,1.5001985549926757,0,0,109377,15,1,3,0
876,109500,-181,729,-2.5892257690429686e-05,0.00010428428649902343,1.499948215484619,1.500208568572998,0,0,109502,15,1,3,0
877,109625,-131,762,-1.873970031738281e-05,0.00010900497436523437,1.4999625205993652,1.5002180099487306,0,0,109627,15,1,3,0
878,109750,-82,794,-1.1730194091796874e-05,0.00011358261108398437,1.4999765396118163,1.500227165222168,0,0,109752,15,1,3,0
879,109875,-32,823,-4.57763671875e-06,0.00011773109436035155,1.4999908447265624,1.5002354621887206,0,0,109877,15,1,3,0
880,110000,17,850,2.4318695068359373e-06,0.00012159347534179688,1.5000048637390138,1.5002431869506836,0,0,110002,15,1,3,0
881,110125,67,876,9.584426879882811e-06,0.00012531280517578126,1.5000191688537599,1.5002506256103516,0,0,110127,15,1,3,0
882,110250,117,899,1.6736984252929688e-05,0.0001286029815673828,1.500033473968506,1.5002572059631347,0,0,110252,15,1,3,0
883,110375,166,919,2.3746490478515624e-05,0.00013146400451660156,1.500047492980957,1.5002629280090332,0,0,110377,15,1,3,0
884,110500,215,938,3.075599670410156e-05,0.00013418197631835936,1.5000615119934082,1.5002683639526366,0,0,110502,15,1,3,0
885,110625,264,954,3.77655029296875e-05,0.00013647079467773437,1.5000755310058593,1.5002729415893554,0,0,110627,15,1,3,0
886,110750,312,968,4.46319580078125e-05,0.0001384735107421875,1.5000892639160157,1.5002769470214843,0,0,110752,15,1,3,0
887,110875,359,979,5.1355361938476564e-05,0.0001400470733642578,1.500102710723877,1.5002800941467285,0,0,110877,15,1,3,0
888,111000,405,988,5.793571472167969e-05,0.00014133453369140624,1.5001158714294434,1.5002826690673827,0,0,111002,15,1,3,0
889,111125,450,994,6.437301635742188e-05,0.00014219284057617187,1.5001287460327148,1.5002843856811523,0,0,111127,15,1,3,0
890,111250,494,998,7.066726684570312e-05,0.00014276504516601561,1.5001413345336914,1.500285530090332,0,0,111252,15,1,3,0
891,111375,537,999,7.681846618652343e-05,0.00014290809631347656,1.5001536369323731,1.500285816192627,0,0,111377,15,1,3,0
892,111500,579,998,8.282661437988281e-05,0.00014276504516601561,1.5001656532287597,1.500285530090332,0,0,111502,15,1,3,0
893,111625,619,995,8.854866027832031e-05,0.0001423358917236328,1.5001770973205566,1.5002846717834473,0,0,111627,15,1,3,0
894,111750,657,989,9.398460388183593e-05,0.00014147758483886718,1.5001879692077638,1.5002829551696777,0,0,111752,15,1,3,0
895,111875,694,980,9.927749633789062e-05,0.00014019012451171875,1.5001985549926757,1.5002803802490234,0,0,111877,15,1,3,0
896,112000,729,969,0.00010428428649902343,0.00013861656188964843,1.500208568572998,1.5002772331237793,0,0,112002,15,1,3,0
897,112125,762,956,0.00010900497436523437,0.00013675689697265626,1.5002180099487306,1.5002735137939454,0,0,112127,15,1,3,0
898,112250,794,940,0.00011358261108398437,0.00013446807861328125,1.500227165222168,1.5002689361572266,0,0,112252,15,1,3,0
899,112375,823,922,0.00011773109436035155,0.00013189315795898436,1.5002354621887206,1.500263786315918,0,0,112377,15,1,3,0
900,112500,850,901,0.00012159347534179688,0.0001288890838623047,1.5002431869506836,1.5002577781677247,0,0,112502,15,1,3,0
901,112625,876,879,0.00012531280517578126,0.00012574195861816406,1.5002506256103516,1.5002514839172363,0,0,112627,15,1,3,0
902,112750,899,854,0.0001286029815673828,0.00012216567993164062,1.5002572059631347,1.5002443313598632,0,0,112752,15,1,3,0
903,112875,919,827,0.00013146400451660156,0.00011830329895019531,1.5002629280090332,1.5002366065979005,0,0,112877,15,1,3,0
904,113000,938,797,0.00013418197631835936,0.00011401176452636718,1.5002683639526366,1.5002280235290528,0,0,113002,15,1,3,0
905,113125,954,766,0.00013647079467773437,0.00010957717895507812,1.5002729415893554,1.5002191543579102,0,0,113127,15,1,3,0
906,113250,968,733,0.0001384735107421875,0.00010485649108886719,1.5002769470214843,1.5002097129821776,0,0,113252,15,1,3,0
907,113375,979,698,0.0001400470733642578,9.984970092773438e-05,1.5002800941467285,1.5001996994018554,0,0,113377,15,1,3,0
908,113500,988,662,0.00014133453369140624,9.469985961914062e-05,1.5002826690673827,1.5001893997192384,0,0,113502,15,1,3,0
909,113625,994,624,0.00014219284057617187,8.9263916015625e-05,1.5002843856811523,1.5001785278320312,0,0,113627,15,1,3,0
910,113750,998,584,0.00014276504516601561,8.35418701171875e-05,1.500285530090332,1.5001670837402343,0,0,113752,15,1,3,0
911,113875,999,542,0.00014290809631347656,7.753372192382812e-05,1.500285816192627,1.5001550674438477,0,0,113877,15,1,3,0
912,114000,998,500,0.00014276504516601561,7.152557373046875e-05,1.500285530090332,1.500143051147461,0,0,114002,15,1,3,0
913,114125,995,456,0.0001423358917236328,6.523132324218749e-05,1.5002846717834473,1.5001304626464844,0,0,114127,15,1,3,0
914,114250,989,411,0.00014147758483886718,5.879402160644531e-05,1.5002829551696777,1.500117588043213,0,0,114252,15,1,3,0
915,114375,980,365,0.00014019012451171875,5.221366882324219e-05,1.5002803802490234,1.5001044273376465,0,0,114377,15,1,3,0
916,114500,969,318,0.00013861656188964843,4.549026489257812e-05,1.5002772331237793,1.500090980529785,0,0,114502,15,1,3,0
917,114625,956,270,0.00013675689697265626,3.8623809814453125e-05,1.5002735137939454,1.500077247619629,0,0,114627,15,1,3,0
918,114750,940,222,0.00013446807861328125,3.175735473632812e-05,1.5002689361572266,1.5000635147094727,0,0,114752,15,1,3,0
919,114875,922,173,0.00013189315795898436,2.4747848510742187e-05,1.500263786315918,1.5000494956970214,0,0,114877,15,1,3,0
920,115000,901,123,0.0001288890838623047,1.7595291137695312e-05,1.5002577781677247,1.5000351905822753,0,0,115002,15,1,3,0
921,115125,879,73,0.00012574195861816406,1.0442733764648437e-05,1.5002514839172363,1.5000208854675292,0,0,115127,15,1,3,0
922,115250,854,23,0.00012216567993164062,3.2901763916015622e-06,1.5002443313598632,1.5000065803527831,0,0,115252,15,1,3,0
923,115375,827,-26,0.00011830329895019531,-3.719329833984375e-06,1.5002366065979005,1.499992561340332,0,0,115377,15,1,3,0
924,115500,797,-76,0.00011401176452636718,-1.087188720703125e-05,1.5002280235290528,1.499978256225586,0,0,115502,15,1,3,0
925,115625,766,-125,0.00010957717895507812,-1.7881393432617188e-05,1.5002191543579102,1.4999642372131348,0,0,115627,15,1,3,0
926,115750,733,-175,0.00010485649108886719,-2.5033950805664062e-05,1.5002097129821776,1.4999499320983887,0,0,115752,15,1,3,0
927,115875,698,-224,9.984970092773438e-05,-3.204345703125e-05,1.5001996994018554,1.4999359130859375,0,0,115877,15,1,3,0
928,116000,662,-272,9.469985961914062e-05,-3.8909912109375e-05,1.5001893997192384,1.4999221801757812,0,0,116002,15,1,3,0
929,116125,624,-320,8.9263916015625e-05,-4.57763671875e-05,1.5001785278320312,1.499908447265625,0,0,116127,15,1,3,0
930,116250,584,-367,8.35418701171875e-05,-5.249977111816406e-05,1.5001670837402343,1.4998950004577636,0,0,116252,15,1,3,0
931,116375,542,-413,7.753372192382812e-05,-5.9080123901367183e-05,1.5001550674438477,1.4998818397521974,0,0,116377,15,1,3,0
932,116500,500,-458,7.152557373046875e-05,-6.551742553710938e-05,1.500143051147461,1.4998689651489259,0,0,116502,15,1,3,0
933,116625,456,-502,6.523132324218749e-05,-7.181167602539062e-05,1.5001304626464844,1.4998563766479491,0,0,116627,15,1,3,0
934,116750,411,-544,5.879402160644531e-05,-7.781982421875e-05,1.500117588043213,1.4998443603515625,0,0,116752,15,1,3,0
935,116875,365,-585,5.221366882324219e-05,-8.368492126464844e-05,1.5001044273376465,1.4998326301574707,0,0,116877,15,1,3,0
936,117000,318,-625,4.549026489257812e-05,-8.940696716308594e-05,1.500090980529785,1.4998211860656738,0,0,117002,15,1,3,0
937,117125,270,-663,3.8623809814453125e-05,-9.484291076660157e-05,1.500077247619629,1.4998103141784669,0,0,117127,15,1,3,0
938,117250,222,-700,3.175735473632812e-05,-0.00010013580322265625,1.5000635147094727,1.4997997283935547,0,0,117252,15,1,3,0
939,117375,173,-735,2.4747848510742187e-05,-0.00010514259338378906,1.5000494956970214,1.4997897148132324,0,0,117377,15,1,3,0
940,117500,123,-768,1.7595291137695312e-05,-0.00010986328124999999,1.5000351905822753,1.4997802734375,0,0,117502,15,1,3,0
941,117625,73,-799,1.0442733764648437e-05,-0.00011429786682128906,1.5000208854675292,1.4997714042663575,0,0,117627,15,1,3,0
942,117750,23,-828,3.2901763916015622e-06,-0.00011844635009765624,1.5000065803527831,1.4997631072998048,0,0,117752,15,1,3,0
943,117875,-26,-855,-3.719329833984375e-06,-0.00012230873107910156,1.499992561340332,1.4997553825378418,0,0,117877,15,1,3,0
944,118000,-76,-880,-1.087188720703125e-05,-0.000125885009765625,1.499978256225586,1.4997482299804688,0,0,118002,15,1,3,0
945,118125,-125,-902,-1.7881393432617188e-05,-0.0001290321350097656,1.4999642372131348,1.4997419357299804,0,0,118127,15,1,3,0
946,118250,-175,-923,-2.5033950805664062e-05,-0.0001320362091064453,1.4999499320983887,1.4997359275817872,0,0,118252,15,1,3,0
947,118375,-224,-941,-3.204345703125e-05,-0.0001346111297607422,1.4999359130859375,1.4997307777404785,0,0,118377,15,1,3,0
948,118500,-272,-956,-3.8909912109375e-05,-0.00013675689697265626,1.4999221801757812,1.4997264862060546,0,0,118502,15,1,3,0
949,118625,-320,-970,-4.57763671875e-05,-0.00013875961303710938,1.499908447265625,1.4997224807739258,0,0,118627,15,1,3,0
950,118750,-367,-981,-5.249977111816406e-05,-0.0001403331756591797,1.4998950004577636,1.4997193336486816,0,0,118752,15,1,3,0
951,118875,-413,-989,-5.9080123901367183e-05,-0.00014147758483886718,1.4998818397521974,1.4997170448303223,0,0,118877,15,1,3,0
952,119000,-458,-995,-6.551742553710938e-05,-0.0001423358917236328,1.4998689651489259,1.4997153282165527,0,0,119002,15,1,3,0
953,119125,-502,-999,-7.181167602539062e-05,-0.00014290809631347656,1.4998563766479491,1.499714183807373,0,0,119127,15,1,3,0
954,119250,-544,-999,-7.781982421875e-05,-0.00014290809631347656,1.4998443603515625,1.499714183807373,0,0,119252,15,1,3,0
955,119375,-585,-998,-8.368492126464844e-05,-0.00014276504516601561,1.4998326301574707,1.499714469909668,0,0,119377,15,1,3,0
956,119500,-625,-994,-8.940696716308594e-05,-0.00014219284057617187,1.4998211860656738,1.4997156143188477,0,0,119502,15,1,3,0
957,119625,-663,-987,-9.484291076660157e-05,-0.0001411914825439453,1.4998103141784669,1.499717617034912,0,0,119627,15,1,3,0
958,119750,-700,-978,-0.00010013580322265625,-0.00013990402221679686,1.4997997283935547,1.4997201919555665,0,0,119752,15,1,3,0
959,119875,-735,-967,-0.00010514259338378906,-0.00013833045959472655,1.4997897148132324,1.4997233390808105,0,0,119877,15,1,3,0
960,120000,-768,-953,-0.00010986328124999999,-0.00013632774353027343,1.4997802734375,1.4997273445129395,0,0,120002,15,1,3,0
961,120125,-799,-937,-0.00011429786682128906,-0.00013403892517089842,1.4997714042663575,1.4997319221496581,0,0,120127,15,1,3,0
962,120250,-828,-918,-0.00011844635009765624,-0.00013132095336914061,1.4997631072998048,1.4997373580932618,0,0,120252,15,1,3,0
963,120375,-855,-898,-0.00012230873107910156,-0.00012845993041992186,1.4997553825378418,1.4997430801391602,0,0,120377,15,1,3,0
964,120500,-880,-875,-0.000125885009765625,-0.0001251697540283203,1.4997482299804688,1.4997496604919434,0,0,120502,15,1,3,0
965,120625,-902,-849,-0.0001290321350097656,-0.00012145042419433593,1.4997419357299804,1.4997570991516114,0,0,120627,15,1,3,0
966,120750,-923,-822,-0.0001320362091064453,-0.00011758804321289062,1.4997359275817872,1.4997648239135741,0,0,120752,15,1,3,0
967,120875,-941,-792,-0.0001346111297607422,-0.0001132965087890625,1.4997307777404785,1.4997734069824218,0,0,120877,15,1,3,0
968,121000,-956,-761,-0.00013675689697265626,-0.00010886192321777343,1.4997264862060546,1.4997822761535644,0,0,121002,15,1,3,0
969,121125,-970,-728,-0.00013875961303710938,-0.0001041412353515625,1.4997224807739258,1.499791717529297,0,0,121127,15,1,3,0
970,121250,-981,-692,-0.0001403331756591797,-9.899139404296875e-05,1.4997193336486816,1.499802017211914,0,0,121252,15,1,3,0
971,121375,-989,-655,-0.00014147758483886718,-9.369850158691406e-05,1.4997170448303223,1.4998126029968262,0,0,121377,15,1,3,0
972,121500,-995,-617,-0.0001423358917236328,-8.826255798339843e-05,1.4997153282165527,1.4998234748840331,0,0,121502,15,1,3,0
973,121625,-999,-577,-0.00014290809631347656,-8.254051208496093e-05,1.499714183807373,1.49983491897583,0,0,121627,15,1,3,0
974,121750,-999,-535,-0.00014290809631347656,-7.653236389160156e-05,1.499714183807373,1.4998469352722168,0,0,121752,15,1,3,0
975,121875,-998,-492,-0.00014276504516601561,-7.038116455078125e-05,1.499714469909668,1.4998592376708983,0,0,121877,15,1,3,0
976,122000,-994,-448,-0.00014219284057617187,-6.40869140625e-05,1.4997156143188477,1.499871826171875,0,0,122002,15,1,3,0
977,122125,-987,-403,-0.0001411914825439453,-5.764961242675781e-05,1.499717617034912,1.4998847007751466,0,0,122127,15,1,3,0
978,122250,-978,-357,-0.00013990402221679686,-5.1069259643554685e-05,1.4997201919555665,1.4998978614807128,0,0,122252,15,1,3,0
979,122375,-967,-310,-0.00013833045959472655,-4.4345855712890625e-05,1.4997233390808105,1.4999113082885742,0,0,122377,15,1,3,0
980,122500,-953,-262,-0.00013632774353027343,-3.747940063476562e-05,1.4997273445129395,1.4999250411987304,0,0,122502,15,1,3,0
981,122625,-937,-213,-0.00013403892517089842,-3.0469894409179687e-05,1.4997319221496581,1.4999390602111817,0,0,122627,15,1,3,0
982,122750,-918,-164,-0.00013132095336914061,-2.3460388183593748e-05,1.4997373580932618,1.4999530792236329,0,0,122752,15,1,3,0
983,122875,-898,-115,-0.00012845993041992186,-1.6450881958007812e-05,1.4997430801391602,1.499967098236084,0,0,122877,15,1,3,0
984,123000,-875,-65,-0.0001251697540283203,-9.298324584960938e-06,1.4997496604919434,1.49998140335083,0,0,123002,15,1,3,0
985,123125,-849,-15,-0.00012145042419433593,-2.1457672119140625e-06,1.4997570991516114,1.4999957084655762,0,0,123127,15,1,3,0
986,123250,-822,34,-0.00011758804321289062,4.863739013671875e-06,1.4997648239135741,1.5000097274780273,0,0,123252,15,1,3,0
987,123375,-792,84,-0.0001132965087890625,1.201629638671875e-05,1.4997734069824218,1.5000240325927734,0,0,123377,15,1,3,0
988,123500,-761,134,-0.00010886192321777343,1.9168853759765623e-05,1.4997822761535644,1.5000383377075195,0,0,123502,15,1,3,0
989,123625,-728,183,-0.0001041412353515625,2.6178359985351562e-05,1.499791717529297,1.5000523567199706,0,0,123627,15,1,3,0
990,123750,-692,232,-9.899139404296875e-05,3.31878662109375e-05,1.499802017211914,1.500066375732422,0,0,123752,15,1,3,0
991,123875,-655,280,-9.369850158691406e-05,4.00543212890625e-05,1.4998126029968262,1.5000801086425781,0,0,123877,15,1,3,0
992,124000,-617,328,-8.826255798339843e-05,4.6920776367187496e-05,1.4998234748840331,1.5000938415527343,0,0,124002,15,1,3,0
993,124125,-577,375,-8.254051208496093e-05,5.364418029785156e-05,1.49983491897583,1.5001072883605957,0,0,124127,15,1,3,0
994,124250,-535,420,-7.653236389160156e-05,6.008148193359375e-05,1.4998469352722168,1.5001201629638672,0,0,124252,15,1,3,0
995,124375,-492,465,-7.038116455078125e-05,6.651878356933594e-05,1.4998592376708983,1.5001330375671387,0,0,124377,15,1,3,0
996,124500,-448,509,-6.40869140625e-05,7.281303405761718e-05,1.499871826171875,1.5001456260681152,0,0,124502,15,1,3,0
997,124625,-403,551,-5.764961242675781e-05,7.882118225097655e-05,1.4998847007751466,1.500157642364502,0,0,124627,15,1,3,0
998,124750,-357,592,-5.1069259643554685e-05,8.4686279296875e-05,1.4998978614807128,1.5001693725585938,0,0,124752,15,1,3,0
999,124875,-310,632,-4.4345855712890625e-05,9.04083251953125e-05,1.4999113082885742,1.5001808166503907,0,0,124877,15,1,3,0
1000,125000,-262,670,-3.747940063476562e-05,9.584426879882812e-05,1.4999250411987304,1.5001916885375977,0,0,125002,15,1,3,0
1001,125125,-213,706,-3.0469894409179687e-05,0.00010099411010742187,1.4999390602111817,1.5002019882202149,0,0,125127,15,1,3,0
1002,125250,-164,740,-2.3460388183593748e-05,0.00010585784912109375,1.4999530792236329,1.5002117156982422,0,0,125252,15,1,3,0
1003,125375,-115,773,-1.6450881958007812e-05,0.00011057853698730468,1.499967098236084,1.5002211570739745,0,0,125377,15,1,3,0
1004,125500,-65,804,-9.298324584960938e-06,0.00011501312255859374,1.49998140335083,1.5002300262451171,0,0,125502,15,1,3,0
1005,125625,-15,833,-2.1457672119140625e-06,0.00011916160583496093,1.4999957084655762,1.5002383232116698,0,0,125627,15,1,3,0
1006,125750,34,859,4.863739013671875e-06,0.0001228809356689453,1.5000097274780273,1.5002457618713378,0,0,125752,15,1,3,0
1007,125875,84,884,1.201629638671875e-05,0.00012645721435546874,1.5000240325927734,1.500252914428711,0,0,125877,15,1,3,0
1008,126000,134,906,1.9168853759765623e-05,0.00012960433959960938,1.5000383377075195,1.5002592086791993,0,0,126002,15,1,3,0
1009,126125,183,926,2.6178359985351562e-05,0.00013246536254882813,1.5000523567199706,1.5002649307250977,0,0,126127,15,1,3,0
1010,126250,232,943,3.31878662109375e-05,0.00013489723205566405,1.500066375732422,1.5002697944641112,0,0,126252,15,1,3,0
1011,126375,280,959,4.00543212890625e-05,0.00013718605041503906,1.5000801086425781,1.50027437210083,0,0,126377,15,1,3,0
1012,126500,328,972,4.6920776367187496e-05,0.00013904571533203123,1.5000938415527343,1.5002780914306642,0,0,126502,15,1,3,0
1013,126625,375,982,5.364418029785156e-05,0.0001404762268066406,1.5001072883605957,1.5002809524536134,0,0,126627,15,1,3,0
1014,126750,420,990,6.008148193359375e-05,0.00014162063598632812,1.5001201629638672,1.5002832412719727,0,0,126752,15,1,3,0
1015,126875,465,996,6.651878356933594e-05,0.00014247894287109376,1.5001330375671387,1.5002849578857422,0,0,126877,15,1,3,0
1016,127000,509,999,7.281303405761718e-05,0.00014290809631347656,1.5001456260681152,1.500285816192627,0,0,127002,15,1,3,0
1017,127125,551,999,7.882118225097655e-05,0.00014290809631347656,1.500157642364502,1.500285816192627,0,0,127127,15,1,3,0
1018,127250,592,997,8.4686279296875e-05,0.00014262199401855467,1.5001693725585938,1.5002852439880372,0,0,127252,15,1,3,0
1019,127375,632,993,9.04083251953125e-05,0.00014204978942871093,1.5001808166503907,1.5002840995788573,0,0,127377,15,1,3,0
1020,127500,670,986,9.584426879882812e-05,0.00014104843139648438,1.5001916885375977,1.500282096862793,0,0,127502,15,1,3,0
1021,127625,706,977,0.00010099411010742187,0.00013976097106933592,1.5002019882202149,1.5002795219421388,0,0,127627,15,1,3,0
1022,127750,740,965,0.00010585784912109375,0.0001380443572998047,1.5002117156982422,1.5002760887145996,0,0,127752,15,1,3,0
1023,127875,773,951,0.00011057853698730468,0.00013604164123535157,1.5002211570739745,1.5002720832824707,0,0,127877,15,1,3,0
1024,128000,804,934,0.00011501312255859374,0.00013360977172851562,1.5002300262451171,1.500267219543457,0,0,128002,15,1,3,0
1025,128125,833,915,0.00011916160583496093,0.0001308917999267578,1.5002383232116698,1.5002617835998535,0,0,128127,15,1,3,0
1026,128250,859,894,0.0001228809356689453,0.00012788772583007812,1.5002457618713378,1.5002557754516601,0,0,128252,15,1,3,0
1027,128375,884,870,0.00012645721435546874,0.00012445449829101562,1.500252914428711,1.500248908996582,0,0,128377,15,1,3,0
1028,128500,906,845,0.00012960433959960938,0.00012087821960449219,1.5002592086791993,1.500241756439209,0,0,128502,15,1,3,0
1029,128625,926,817,0.00013246536254882813,0.00011687278747558593,1.5002649307250977,1.5002337455749513,0,0,128627,15,1,3,0
1030,128750,943,787,0.00013489723205566405,0.00011258125305175781,1.5002697944641112,1.5002251625061036,0,0,128752,15,1,3,0
1031,128875,959,755,0.00013718605041503906,0.00010800361633300781,1.50027437210083,1.500216007232666,0,0,128877,15,1,3,0
1032,129000,972,722,0.00013904571533203123,0.00010328292846679687,1.5002780914306642,1.5002065658569337,0,0,129002,15,1,3,0
1033,129125,982,686,0.0001404762268066406,9.813308715820312e-05,1.5002809524536134,1.5001962661743165,0,0,129127,15,1,3,0
1034,129250,990,649,0.00014162063598632812,9.284019470214843e-05,1.5002832412719727,1.5001856803894043,0,0,129252,15,1,3,0
1035,129375,996,610,0.00014247894287109376,8.726119995117188e-05,1.5002849578857422,1.5001745223999023,0,0,129377,15,1,3,0
1036,129500,999,570,0.00014290809631347656,8.153915405273438e-05,1.500285816192627,1.5001630783081055,0,0,129502,15,1,3,0
1037,129625,999,528,0.00014290809631347656,7.5531005859375e-05,1.500285816192627,1.5001510620117187,0,0,129627,15,1,3,0
1038,129750,997,485,0.00014262199401855467,6.937980651855469e-05,1.5002852439880372,1.500138759613037,0,0,129752,15,1,3,0
1039,129875,993,441,0.00014204978942871093,6.308555603027343e-05,1.5002840995788573,1.5001261711120606,0,0,129877,15,1,3,0
1040,130000,986,395,0.00014104843139648438,5.650520324707031e-05,1.500282096862793,1.5001130104064941,0,0,130002,15,1,3,0
1041,130125,977,349,0.00013976097106933592,4.992485046386719e-05,1.5002795219421388,1.5000998497009277,0,0,130127,15,1,3,0
1042,130250,965,302,0.0001380443572998047,4.320144653320312e-05,1.5002760887145996,1.5000864028930665,0,0,130252,15,1,3,0
1043,130375,951,254,0.00013604164123535157,3.6334991455078126e-05,1.5002720832824707,1.5000726699829101,0,0,130377,15,1,3,0
1044,130500,934,205,0.00013360977172851562,2.9325485229492188e-05,1.500267219543457,1.500058650970459,0,0,130502,15,1,3,0
1045,130625,915,156,0.0001308917999267578,2.231597900390625e-05,1.5002617835998535,1.5000446319580079,0,0,130627,15,1,3,0
1046,130750,894,106,0.00012788772583007812,1.5163421630859374e-05,1.5002557754516601,1.5000303268432618,0,0,130752,15,1,3,0
1047,130875,870,57,0.00012445449829101562,8.153915405273436e-06,1.500248908996582,1.5000163078308106,0,0,130877,15,1,3,0
1048,131000,845,7,0.00012087821960449219,1.0013580322265625e-06,1.500241756439209,1.5000020027160645,0,0,131002,15,1,3,0
1049,131125,817,-42,0.00011687278747558593,-6.008148193359375e-06,1.5002337455749513,1.4999879837036132,0,0,131127,15,1,3,0
1050,131250,787,-92,0.00011258125305175781,-1.3160705566406249e-05,1.5002251625061036,1.499973678588867,0,0,131252,15,1,3,0
1051,131375,755,-142,0.00010800361633300781,-2.0313262939453126e-05,1.500216007232666,1.499959373474121,0,0,131377,15,1,3,0
1052,131500,722,-191,0.00010328292846679687,-2.732276916503906e-05,1.5002065658569337,1.4999453544616699,0,0,131502,15,1,3,0
1053,131625,686,-240,9.813308715820312e-05,-3.4332275390625e-05,1.5001962661743165,1.4999313354492188,0,0,131627,15,1,3,0
1054,131750,649,-288,9.284019470214843e-05,-4.1198730468749996e-05,1.5001856803894043,1.4999176025390626,0,0,131752,15,1,3,0
1055,131875,610,-336,8.726119995117188e-05,-4.8065185546875e-05,1.5001745223999023,1.4999038696289062,0,0,131877,15,1,3,0
1056,132000,570,-382,8.153915405273438e-05,-5.464553833007812e-05,1.5001630783081055,1.4998907089233398,0,0,132002,15,1,3,0
1057,132125,528,-428,7.5531005859375e-05,-6.122589111328125e-05,1.5001510620117187,1.4998775482177735,0,0,132127,15,1,3,0
1058,132250,485,-473,6.937980651855469e-05,-6.766319274902344e-05,1.500138759613037,1.499864673614502,0,0,132252,15,1,3,0
1059,132375,441,-516,6.308555603027343e-05,-7.381439208984374e-05,1.5001261711120606,1.4998523712158203,0,0,132377,15,1,3,0
1060,132500,395,-558,5.650520324707031e-05,-7.982254028320313e-05,1.5001130104064941,1.4998403549194337,0,0,132502,15,1,3,0
1061,132625,349,-599,4.992485046386719e-05,-8.568763732910156e-05,1.5000998497009277,1.4998286247253418,0,0,132627,15,1,3,0
1062,132750,302,-638,4.320144653320312e-05,-9.126663208007813e-05,1.5000864028930665,1.49981746673584,0,0,132752,15,1,3,0
1063,132875,254,-676,3.6334991455078126e-05,-9.670257568359374e-05,1.5000726699829101,1.4998065948486328,0,0,132877,15,1,3,0
1064,133000,205,-712,2.9325485229492188e-05,-0.0001018524169921875,1.500058650970459,1.4997962951660155,0,0,133002,15,1,3,0
1065,133125,156,-746,2.231597900390625e-05,-0.00010671615600585937,1.5000446319580079,1.4997865676879882,0,0,133127,15,1,3,0
1066,133250,106,-778,1.5163421630859374e-05,-0.00011129379272460936,1.5000303268432618,1.4997774124145509,0,0,133252,15,1,3,0
1067,133375,57,-809,8.153915405273436e-06,-0.00011572837829589843,1.5000163078308106,1.4997685432434082,0,0,133377,15,1,3,0
1068,133500,7,-837,1.0013580322265625e-06,-0.00011973381042480468,1.5000020027160645,1.4997605323791503,0,0,133502,15,1,3,0
1069,133625,-42,-863,-6.008148193359375e-06,-0.00012345314025878905,1.4999879837036132,1.4997530937194825,0,0,133627,15,1,3,0
1070,133750,-92,-887,-1.3160705566406249e-05,-0.00012688636779785155,1.499973678588867,1.4997462272644042,0,0,133752,15,1,3,0
1071,133875,-142,-909,-2.0313262939453126e-05,-0.00013003349304199218,1.499959373474121,1.499739933013916,0,0,133877,15,1,3,0
1072,134000,-191,-929,-2.732276916503906e-05,-0.00013289451599121093,1.4999453544616699,1.4997342109680176,0,0,134002,15,1,3,0
1073,134125,-240,-946,-3.4332275390625e-05,-0.00013532638549804688,1.4999313354492188,1.4997293472290039,0,0,134127,15,1,3,0
1074,134250,-288,-961,-4.1198730468749996e-05,-0.00013747215270996094,1.4999176025390626,1.49972505569458,0,0,134252,15,1,3,0
1075,134375,-336,-974,-4.8065185546875e-05,-0.00013933181762695312,1.4999038696289062,1.4997213363647461,0,0,134377,15,1,3,0
1076,134500,-382,-984,-5.464553833007812e-05,-0.0001407623291015625,1.4998907089233398,1.499718475341797,0,0,134502,15,1,3,0
1077,134625,-428,-991,-6.122589111328125e-05,-0.00014176368713378907,1.4998775482177735,1.4997164726257324,0,0,134627,15,1,3,0
1078,134750,-473,-996,-6.766319274902344e-05,-0.00014247894287109376,1.499864673614502,1.4997150421142578,0,0,134752,15,1,3,0
1079,134875,-516,-999,-7.381439208984374e-05,-0.00014290809631347656,1.4998523712158203,1.499714183807373,0,0,134877,15,1,3,0
1080,135000,-558,-999,-7.982254028320313e-05,-0.00014290809631347656,1.4998403549194337,1.499714183807373,0,0,135002,15,1,3,0
1081,135125,-599,-997,-8.568763732910156e-05,-0.00014262199401855467,1.4998286247253418,1.4997147560119628,0,0,135127,15,1,3,0
1082,135250,-638,-992,-9.126663208007813e-05,-0.00014190673828124998,1.49981746673584,1.4997161865234374,0,0,135252,15,1,3,0
1083,135375,-676,-985,-9.670257568359374e-05,-0.00014090538024902344,1.4998065948486328,1.499718189239502,0,0,135377,15,1,3,0
1084,135500,-712,-975,-0.0001018524169921875,-0.00013947486877441406,1.4997962951660155,1.4997210502624512,0,0,135502,15,1,3,0
1085,135625,-746,-963,-0.00010671615600585937,-0.0001377582550048828,1.4997865676879882,1.4997244834899903,0,0,135627,15,1,3,0
1086,135750,-778,-948,-0.00011129379272460936,-0.00013561248779296874,1.4997774124145509,1.4997287750244142,0,0,135752,15,1,3,0
1087,135875,-809,-931,-0.00011572837829589843,-0.00013318061828613282,1.4997685432434082,1.4997336387634277,0,0,135877,15,1,3,0
1088,136000,-837,-912,-0.00011973381042480468,-0.00013046264648437498,1.4997605323791503,1.4997390747070312,0,0,136002,15,1,3,0
1089,136125,-863,-890,-0.00012345314025878905,-0.00012731552124023438,1.4997530937194825,1.4997453689575195,0,0,136127,15,1,3,0
1090,136250,-887,-866,-0.00012688636779785155,-0.00012388229370117188,1.4997462272644042,1.4997522354125976,0,0,136252,15,1,3,0
1091,136375,-909,-840,-0.00013003349304199218,-0.0001201629638671875,1.499739933013916,1.4997596740722656,0,0,136377,15,1,3,0
1092,136500,-929,-812,-0.00013289451599121093,-0.00011615753173828125,1.4997342109680176,1.4997676849365233,0,0,136502,15,1,3,0
1093,136625,-946,-782,-0.00013532638549804688,-0.00011186599731445312,1.4997293472290039,1.499776268005371,0,0,136627,15,1,3,0
1094,136750,-961,-750,-0.00013747215270996094,-0.00010728836059570312,1.49972505569458,1.4997854232788086,0,0,136752,15,1,3,0
1095,136875,-974,-716,-0.00013933181762695312,-0.00010242462158203124,1.4997213363647461,1.499795150756836,0,0,136877,15,1,3,0
1096,137000,-984,-680,-0.0001407623291015625,-9.72747802734375e-05,1.499718475341797,1.4998054504394531,0,0,137002,15,1,3,0
1097,137125,-991,-643,-0.00014176368713378907,-9.198188781738282e-05,1.4997164726257324,1.4998160362243653,0,0,137127,15,1,3,0
1098,137250,-996,-604,-0.00014247894287109376,-8.640289306640624e-05,1.4997150421142578,1.4998271942138672,0,0,137252,15,1,3,0
1099,137375,-999,-563,-0.00014290809631347656,-8.053779602050782e-05,1.499714183807373,1.499838924407959,0,0,137377,15,1,3,0
1100,137500,-999,-521,-0.00014290809631347656,-7.452964782714843e-05,1.499714183807373,1.4998509407043457,0,0,137502,15,1,3,0
1101,137625,-997,-478,-0.00014262199401855467,-6.837844848632813e-05,1.4997147560119628,1.4998632431030274,0,0,137627,15,1,3,0
1102,137750,-992,-433,-0.00014190673828124998,-6.194114685058594e-05,1.4997161865234374,1.499876117706299,0,0,137752,15,1,3,0
1103,137875,-985,-388,-0.00014090538024902344,-5.5503845214843746e-05,1.499718189239502,1.4998889923095704,0,0,137877,15,1,3,0
1104,138000,-975,-341,-0.00013947486877441406,-4.8780441284179686e-05,1.4997210502624512,1.4999024391174316,0,0,138002,15,1,3,0
1105,138125,-963,-294,-0.0001377582550048828,-4.2057037353515626e-05,1.4997244834899903,1.499915885925293,0,0,138127,15,1,3,0
1106,138250,-948,-246,-0.00013561248779296874,-3.5190582275390624e-05,1.4997287750244142,1.4999296188354492,0,0,138252,15,1,3,0
1107,138375,-931,-197,-0.00013318061828613282,-2.8181076049804685e-05,1.4997336387634277,1.4999436378479003,0,0,138377,15,1,3,0
1108,138500,-912,-148,-0.00013046264648437498,-2.117156982421875e-05,1.4997390747070312,1.4999576568603517,0,0,138502,15,1,3,0
1109,138625,-890,-98,-0.00012731552124023438,-1.4019012451171874e-05,1.4997453689575195,1.4999719619750977,0,0,138627,15,1,3,0
1110,138750,-866,-48,-0.00012388229370117188,-6.866455078124999e-06,1.4997522354125976,1.4999862670898438,0,0,138752,15,1,3,0
1111,138875,-840,1,-0.0001201629638671875,1.430511474609375e-07,1.4997596740722656,1.500000286102295,0,0,138877,15,1,3,0
1112,139000,-812,51,-0.00011615753173828125,7.295608520507812e-06,1.4997676849365233,1.500014591217041,0,0,139002,15,1,3,0
1113,139125,-782,101,-0.00011186599731445312,1.4448165893554686e-05,1.499776268005371,1.5000288963317872,0,0,139127,15,1,3,0
1114,139250,-750,150,-0.00010728836059570312,2.1457672119140625e-05,1.4997854232788086,1.5000429153442383,0,0,139252,15,1,3,0
1115,139375,-716,199,-0.00010242462158203124,2.846717834472656e-05,1.499795150756836,1.5000569343566894,0,0,139377,15,1,3,0
1116,139500,-680,248,-9.72747802734375e-05,3.5476684570312496e-05,1.4998054504394531,1.5000709533691405,0,0,139502,15,1,3,0
1117,139625,-643,296,-9.198188781738282e-05,4.23431396484375e-05,1.4998160362243653,1.500084686279297,0,0,139627,15,1,3,0
1118,139750,-604,344,-8.640289306640624e-05,4.92095947265625e-05,1.4998271942138672,1.500098419189453,0,0,139752,15,1,3,0
1119,139875,-563,390,-8.053779602050782e-05,5.5789947509765625e-05,1.499838924407959,1.5001115798950195,0,0,139877,15,1,3,0
1120,140000,-521,436,-7.452964782714843e-05,6.237030029296874e-05,1.4998509407043457,1.500124740600586,0,0,140002,15,1,3,0
1121,140125,-478,480,-6.837844848632813e-05,6.866455078125e-05,1.4998632431030274,1.5001373291015625,0,0,140127,15,1,3,0
1122,140250,-433,523,-6.194114685058594e-05,7.481575012207032e-05,1.499876117706299,1.500149631500244,0,0,140252,15,1,3,0
1123,140375,-388,565,-5.5503845214843746e-05,8.082389831542969e-05,1.4998889923095704,1.5001616477966309,0,0,140377,15,1,3,0
1124,140500,-341,606,-4.8780441284179686e-05,8.668899536132812e-05,1.4999024391174316,1.5001733779907227,0,0,140502,15,1,3,0
1125,140625,-294,645,-4.2057037353515626e-05,9.226799011230469e-05,1.499915885925293,1.5001845359802246,0,0,140627,15,1,3,0
1126,140750,-246,682,-3.5190582275390624e-05,9.756088256835937e-05,1.4999296188354492,1.5001951217651368,0,0,140752,15,1,3,0
1127,140875,-197,718,-2.8181076049804685e-05,0.00010271072387695313,1.4999436378479003,1.5002054214477538,0,0,140877,15,1,3,0
1128,141000,-148,752,-2.117156982421875e-05,0.000107574462890625,1.4999576568603517,1.5002151489257813,0,0,141002,15,1,3,0
1129,141125,-98,784,-1.4019012451171874e-05,0.000112152099609375,1.4999719619750977,1.5002243041992187,0,0,141127,15,1,3,0
1130,141250,-48,814,-6.866455078124999e-06,0.00011644363403320312,1.4999862670898438,1.5002328872680664,0,0,141252,15,1,3,0
1131,141375,1,842,1.430511474609375e-07,0.00012044906616210937,1.500000286102295,1.5002408981323243,0,0,141377,15,1,3,0
1132,141500,51,868,7.295608520507812e-06,0.00012416839599609374,1.500014591217041,1.500248336791992,0,0,141502,15,1,3,0
1133,141625,101,891,1.4448165893554686e-05,0.00012745857238769532,1.5000288963317872,1.5002549171447754,0,0,141627,15,1,3,0
1134,141750,150,913,2.1457672119140625e-05,0.00013060569763183593,1.5000429153442383,1.5002612113952636,0,0,141752,15,1,3,0
1135,141875,199,932,2.846717834472656e-05,0.00013332366943359373,1.5000569343566894,1.5002666473388673,0,0,141877,15,1,3,0
1136,142000,248,949,3.5476684570312496e-05,0.00013575553894042968,1.5000709533691405,1.5002715110778808,0,0,142002,15,1,3,0
1137,142125,296,963,4.23431396484375e-05,0.0001377582550048828,1.500084686279297,1.5002755165100097,0,0,142127,15,1,3,0
1138,142250,344,976,4.92095947265625e-05,0.000139617919921875,1.500098419189453,1.5002792358398438,0,0,142252,15,1,3,0
1139,142375,390,985,5.5789947509765625e-05,0.00014090538024902344,1.5001115798950195,1.500281810760498,0,0,142377,15,1,3,0
1140,142500,436,992,6.237030029296874e-05,0.00014190673828124998,1.500124740600586,1.5002838134765626,0,0,142502,15,1,3,0
1141,142625,480,997,6.866455078125e-05,0.00014262199401855467,1.5001373291015625,1.5002852439880372,0,0,142627,15,1,3,0
1142,142750,523,999,7.481575012207032e-05,0.00014290809631347656,1.500149631500244,1.500285816192627,0,0,142752,15,1,3,0
1143,142875,565,999,8.082389831542969e-05,0.00014290809631347656,1.5001616477966309,1.500285816192627,0,0,142877,15,1,3,0
1144,143000,606,996,8.668899536132812e-05,0.00014247894287109376,1.5001733779907227,1.5002849578857422,0,0,143002,15,1,3,0
1145,143125,645,991,9.226799011230469e-05,0.00014176368713378907,1.5001845359802246,1.5002835273742676,0,0,143127,15,1,3,0
1146,143250,682,983,9.756088256835937e-05,0.00014061927795410155,1.5001951217651368,1.5002812385559081,0,0,143252,15,1,3,0
1147,143375,718,973,0.00010271072387695313,0.00013918876647949218,1.5002054214477538,1.500278377532959,0,0,143377,15,1,3,0
1148,143500,752,960,0.000107574462890625,0.0001373291015625,1.5002151489257813,1.500274658203125,0,0,143502,15,1,3,0
1149,143625,784,945,0.000112152099609375,0.00013518333435058594,1.5002243041992187,1.5002703666687012,0,0,143627,15,1,3,0
1150,143750,814,928,0.00011644363403320312,0.00013275146484375,1.5002328872680664,1.5002655029296874,0,0,143752,15,1,3,0
1151,143875,842,908,0.00012044906616210937,0.00012989044189453124,1.5002408981323243,1.500259780883789,0,0,143877,15,1,3,0
1152,144000,868,886,0.00012416839599609374,0.00012674331665039063,1.500248336791992,1.5002534866333008,0,0,144002,15,1,3,0
1153,144125,891,862,0.00012745857238769532,0.0001233100891113281,1.5002549171447754,1.5002466201782227,0,0,144127,15,1,3,0
1154,144250,913,836,0.00013060569763183593,0.00011959075927734374,1.5002612113952636,1.5002391815185547,0,0,144252,15,1,3,0
1155,144375,932,807,0.00013332366943359373,0.00011544227600097656,1.5002666473388673,1.500230884552002,0,0,144377,15,1,3,0
1156,144500,949,777,0.00013575553894042968,0.00011115074157714843,1.5002715110778808,1.5002223014831544,0,0,144502,15,1,3,0
1157,144625,963,744,0.0001377582550048828,0.0001064300537109375,1.5002755165100097,1.5002128601074218,0,0,144627,15,1,3,0
1158,144750,976,710,0.000139617919921875,0.00010156631469726562,1.5002792358398438,1.5002031326293945,0,0,144752,15,1,3,0
1159,144875,985,674,0.00014090538024902344,9.641647338867187e-05,1.500281810760498,1.5001928329467773,0,0,144877,15,1,3,0
1160,145000,992,636,0.00014190673828124998,9.098052978515624e-05,1.5002838134765626,1.5001819610595704,0,0,145002,15,1,3,0
1161,145125,997,597,0.00014262199401855467,8.540153503417968e-05,1.5002852439880372,1.5001708030700684,0,0,145127,15,1,3,0
1162,145250,999,556,0.00014290809631347656,7.953643798828124e-05,1.500285816192627,1.5001590728759766,0,0,145252,15,1,3,0
1163,145375,999,514,0.00014290809631347656,7.352828979492187e-05,1.500285816192627,1.5001470565795898,0,0,145377,15,1,3,0
1164,145500,996,470,0.00014247894287109376,6.723403930664062e-05,1.5002849578857422,1.5001344680786133,0,0,145502,15,1,3,0
1165,145625,991,426,0.00014176368713378907,6.0939788818359374e-05,1.5002835273742676,1.5001218795776368,0,0,145627,15,1,3,0
1166,145750,983,380,0.00014061927795410155,5.435943603515625e-05,1.5002812385559081,1.5001087188720703,0,0,145752,15,1,3,0
1167,145875,973,333,0.00013918876647949218,4.7636032104492183e-05,1.500278377532959,1.500095272064209,0,0,145877,15,1,3,0
1168,146000,960,286,0.0001373291015625,4.0912628173828124e-05,1.500274658203125,1.5000818252563477,0,0,146002,15,1,3,0
1169,146125,945,237,0.00013518333435058594,3.3903121948242185e-05,1.5002703666687012,1.5000678062438966,0,0,146127,15,1,3,0
1170,146250,928,189,0.00013275146484375,2.7036666870117185e-05,1.5002655029296874,1.5000540733337402,0,0,146252,15,1,3,0
1171,146375,908,139,0.00012989044189453124,1.988410949707031e-05,1.500259780883789,1.500039768218994,0,0,146377,15,1,3,0
1172,146500,886,90,0.00012674331665039063,1.2874603271484375e-05,1.5002534866333008,1.500025749206543,0,0,146502,15,1,3,0
1173,146625,862,40,0.0001233100891113281,5.7220458984375e-06,1.5002466201782227,1.5000114440917969,0,0,146627,15,1,3,0
1174,146750,836,-9,0.00011959075927734374,-1.2874603271484374e-06,1.5002391815185547,1.4999974250793457,0,0,146752,15,1,3,0
1175,146875,807,-59,0.00011544227600097656,-8.440017700195312e-06,1.500230884552002,1.4999831199645997,0,0,146877,15,1,3,0
1176,147000,777,-109,0.00011115074157714843,-1.5592575073242185e-05,1.5002223014831544,1.4999688148498536,0,0,147002,15,1,3,0
1177,147125,744,-159,0.0001064300537109375,-2.274513244628906e-05,1.5002128601074218,1.4999545097351075,0,0,147127,15,1,3,0
1178,147250,710,-208,0.00010156631469726562,-2.9754638671875e-05,1.5002031326293945,1.4999404907226563,0,0,147252,15,1,3,0
1179,147375,674,-256,9.641647338867187e-05,-3.662109375e-05,1.5001928329467773,1.4999267578125,0,0,147377,15,1,3,0
1180,147500,636,-304,9.098052978515624e-05,-4.3487548828125e-05,1.5001819610595704,1.4999130249023438,0,0,147502,15,1,3,0
1181,147625,597,-352,8.540153503417968e-05,-5.035400390625e-05,1.5001708030700684,1.4998992919921874,0,0,147627,15,1,3,0
1182,147750,556,-398,7.953643798828124e-05,-5.693435668945312e-05,1.5001590728759766,1.4998861312866212,0,0,147752,15,1,3,0
1183,147875,514,-443,7.352828979492187e-05,-6.337165832519532e-05,1.5001470565795898,1.4998732566833497,0,0,147877,15,1,3,0
1184,148000,470,-487,6.723403930664062e-05,-6.966590881347656e-05,1.5001344680786133,1.499860668182373,0,0,148002,15,1,3,0
1185,148125,426,-530,6.0939788818359374e-05,-7.581710815429688e-05,1.5001218795776368,1.4998483657836914,0,0,148127,15,1,3,0
1186,148250,380,-572,5.435943603515625e-05,-8.182525634765625e-05,1.5001087188720703,1.4998363494873046,0,0,148252,15,1,3,0
1187,148375,333,-612,4.7636032104492183e-05,-8.754730224609375e-05,1.500095272064209,1.4998249053955077,0,0,148377,15,1,3,0
1188,148500,286,-651,4.0912628173828124e-05,-9.31262969970703e-05,1.5000818252563477,1.4998137474060058,0,0,148502,15,1,3,0
1189,148625,237,-688,3.3903121948242185e-05,-9.8419189453125e-05,1.5000678062438966,1.4998031616210938,0,0,148627,15,1,3,0
1190,148750,189,-724,2.7036666870117185e-05,-0.00010356903076171874,1.5000540733337402,1.4997928619384766,0,0,148752,15,1,3,0
1191,148875,139,-757,1.988410949707031e-05,-0.00010828971862792968,1.500039768218994,1.499783420562744,0,0,148877,15,1,3,0
1192,149000,90,-789,1.2874603271484375e-05,-0.00011286735534667968,1.500025749206543,1.4997742652893067,0,0,149002,15,1,3,0
1193,149125,40,-819,5.7220458984375e-06,-0.00011715888977050781,1.5000114440917969,1.499765682220459,0,0,149127,15,1,3,0
1194,149250,-9,-846,-1.2874603271484374e-06,-0.00012102127075195312,1.4999974250793457,1.499757957458496,0,0,149252,15,1,3,0
1195,149375,-59,-872,-8.440017700195312e-06,-0.00012474060058593748,1.4999831199645997,1.499750518798828,0,0,149377,15,1,3,0
1196,149500,-109,-895,-1.5592575073242185e-05,-0.00012803077697753906,1.4999688148498536,1.499743938446045,0,0,149502,15,1,3,0
1197,149625,-159,-916,-2.274513244628906e-05,-0.00013103485107421876,1.4999545097351075,1.4997379302978515,0,0,149627,15,1,3,0
1198,149750,-208,-935,-2.9754638671875e-05,-0.00013375282287597656,1.4999404907226563,1.499732494354248,0,0,149752,15,1,3,0
1199,149875,-256,-952,-3.662109375e-05,-0.00013618469238281248,1.4999267578125,1.4997276306152343,0,0,149877,15,1,3,0
1200,150000,-304,-966,-4.3487548828125e-05,-0.00013818740844726563,1.4999130249023438,1.4997236251831054,0,0,150002,15,1,3,0
1201,150125,-352,-977,-5.035400390625e-05,-0.00013976097106933592,1.4998992919921874,1.4997204780578612,0,0,150127,15,1,3,0
1202,150250,-398,-987,-5.693435668945312e-05,-0.0001411914825439453,1.4998861312866212,1.499717617034912,0,0,150252,15,1,3,0
1203,150375,-443,-993,-6.337165832519532e-05,-0.00014204978942871093,1.4998732566833497,1.4997159004211427,0,0,150377,15,1,3,0
1204,150500,-487,-998,-6.966590881347656e-05,-0.00014276504516601561,1.499860668182373,1.499714469909668,0,0,150502,15,1,3,0
1205,150625,-530,-999,-7.581710815429688e-05,-0.00014290809631347656,1.4998483657836914,1.499714183807373,0,0,150627,15,1,3,0
1206,150750,-572,-999,-8.182525634765625e-05,-0.00014290809631347656,1.4998363494873046,1.499714183807373,0,0,150752,15,1,3,0
1207,150875,-612,-996,-8.754730224609375e-05,-0.00014247894287109376,1.4998249053955077,1.4997150421142578,0,0,150877,15,1,3,0
1208,151000,-651,-990,-9.31262969970703e-05,-0.00014162063598632812,1.4998137474060058,1.4997167587280273,0,0,151002,15,1,3,0
1209,151125,-688,-982,-9.8419189453125e-05,-0.0001404762268066406,1.4998031616210938,1.4997190475463866,0,0,151127,15,1,3,0
1210,151250,-724,-971,-0.00010356903076171874,-0.00013890266418457032,1.4997928619384766,1.4997221946716308,0,0,151252,15,1,3,0
1211,151375,-757,-958,-0.00010828971862792968,-0.00013704299926757811,1.499783420562744,1.499725914001465,0,0,151377,15,1,3,0
1212,151500,-789,-943,-0.00011286735534667968,-0.00013489723205566405,1.4997742652893067,1.4997302055358888,0,0,151502,15,1,3,0
1213,151625,-819,-925,-0.00011715888977050781,-0.0001323223114013672,1.499765682220459,1.4997353553771973,0,0,151627,15,1,3,0
1214,151750,-846,-905,-0.00012102127075195312,-0.00012946128845214844,1.499757957458496,1.4997410774230957,0,0,151752,15,1,3,0
1215,151875,-872,-882,-0.00012474060058593748,-0.00012617111206054686,1.499750518798828,1.4997476577758788,0,0,151877,15,1,3,0
1216,152000,-895,-858,-0.00012803077697753906,-0.00012273788452148436,1.499743938446045,1.4997545242309571,0,0,152002,15,1,3,0
1217,152125,-916,-831,-0.00013103485107421876,-0.00011887550354003905,1.4997379302978515,1.4997622489929199,0,0,152127,15,1,3,0
1218,152250,-935,-802,-0.00013375282287597656,-0.00011472702026367187,1.499732494354248,1.4997705459594726,0,0,152252,15,1,3,0
1219,152375,-952,-771,-0.00013618469238281248,-0.0001102924346923828,1.4997276306152343,1.4997794151306152,0,0,152377,15,1,3,0
1220,152500,-966,-739,-0.00013818740844726563,-0.00010571479797363281,1.4997236251831054,1.4997885704040528,0,0,152502,15,1,3,0
1221,152625,-977,-704,-0.00013976097106933592,-0.0001007080078125,1.4997204780578612,1.499798583984375,0,0,152627,15,1,3,0
1222,152750,-987,-668,-0.0001411914825439453,-9.555816650390625e-05,1.499717617034912,1.4998088836669923,0,0,152752,15,1,3,0
1223,152875,-993,-630,-0.00014204978942871093,-9.012222290039062e-05,1.4997159004211427,1.4998197555541992,0,0,152877,15,1,3,0
1224,153000,-998,-590,-0.00014276504516601561,-8.440017700195312e-05,1.499714469909668,1.499831199645996,0,0,153002,15,1,3,0
1225,153125,-999,-549,-0.00014290809631347656,-7.853507995605468e-05,1.499714183807373,1.499842929840088,0,0,153127,15,1,3,0
1226,153250,-999,-507,-0.00014290809631347656,-7.252693176269531e-05,1.499714183807373,1.4998549461364745,0,0,153252,15,1,3,0
1227,153375,-996,-463,-0.00014247894287109376,-6.623268127441407e-05,1.4997150421142578,1.4998675346374513,0,0,153377,15,1,3,0
1228,153500,-990,-418,-0.00014162063598632812,-5.979537963867187e-05,1.4997167587280273,1.4998804092407227,0,0,153502,15,1,3,0
1229,153625,-982,-372,-0.0001404762268066406,-5.321502685546875e-05,1.4997190475463866,1.499893569946289,0,0,153627,15,1,3,0
1230,153750,-971,-325,-0.00013890266418457032,-4.649162292480469e-05,1.4997221946716308,1.4999070167541504,0,0,153752,15,1,3,0
1231,153875,-958,-278,-0.00013704299926757811,-3.976821899414062e-05,1.499725914001465,1.4999204635620118,0,0,153877,15,1,3,0
1232,154000,-943,-229,-0.00013489723205566405,-3.275871276855469e-05,1.4997302055358888,1.499934482574463,0,0,154002,15,1,3,0
1233,154125,-925,-180,-0.0001323223114013672,-2.574920654296875e-05,1.4997353553771973,1.499948501586914,0,0,154127,15,1,3,0
1234,154250,-905,-131,-0.00012946128845214844,-1.873970031738281e-05,1.4997410774230957,1.4999625205993652,0,0,154252,15,1,3,0
1235,154375,-882,-81,-0.00012617111206054686,-1.1587142944335938e-05,1.4997476577758788,1.4999768257141113,0,0,154377,15,1,3,0
1236,154500,-858,-31,-0.00012273788452148436,-4.434585571289062e-06,1.4997545242309571,1.4999911308288574,0,0,154502,15,1,3,0
1237,154625,-831,18,-0.00011887550354003905,2.5749206542968747e-06,1.4997622489929199,1.5000051498413085,0,0,154627,15,1,3,0
1238,154750,-802,68,-0.00011472702026367187,9.72747802734375e-06,1.4997705459594726,1.5000194549560546,0,0,154752,15,1,3,0
1239,154875,-771,117,-0.0001102924346923828,1.6736984252929688e-05,1.4997794151306152,1.500033473968506,0,0,154877,15,1,3,0
1240,155000,-739,167,-0.00010571479797363281,2.3889541625976563e-05,1.4997885704040528,1.500047779083252,0,0,155002,15,1,3,0
1241,155125,-704,216,-0.0001007080078125,3.08990478515625e-05,1.499798583984375,1.5000617980957032,0,0,155127,15,1,3,0
1242,155250,-668,264,-9.555816650390625e-05,3.77655029296875e-05,1.4998088836669923,1.5000755310058593,0,0,155252,15,1,3,0
1243,155375,-630,312,-9.012222290039062e-05,4.46319580078125e-05,1.4998197555541992,1.5000892639160157,0,0,155377,15,1,3,0
1244,155500,-590,359,-8.440017700195312e-05,5.1355361938476564e-05,1.499831199645996,1.500102710723877,0,0,155502,15,1,3,0
1245,155625,-549,406,-7.853507995605468e-05,5.8078765869140624e-05,1.499842929840088,1.5001161575317383,0,0,155627,15,1,3,0
1246,155750,-507,451,-7.252693176269531e-05,6.45160675048828e-05,1.4998549461364745,1.5001290321350098,0,0,155752,15,1,3,0
1247,155875,-463,495,-6.623268127441407e-05,7.081031799316406e-05,1.4998675346374513,1.5001416206359863,0,0,155877,15,1,3,0
1248,156000,-418,538,-5.979537963867187e-05,7.696151733398438e-05,1.4998804092407227,1.5001539230346679,0,0,156002,15,1,3,0
1249,156125,-372,579,-5.321502685546875e-05,8.282661437988281e-05,1.499893569946289,1.5001656532287597,0,0,156127,15,1,3,0
1250,156250,-325,619,-4.649162292480469e-05,8.854866027832031e-05,1.4999070167541504,1.5001770973205566,0,0,156252,15,1,3,0
1251,156375,-278,657,-3.976821899414062e-05,9.398460388183593e-05,1.4999204635620118,1.5001879692077638,0,0,156377,15,1,3,0
1252,156500,-229,694,-3.275871276855469e-05,9.927749633789062e-05,1.499934482574463,1.5001985549926757,0,0,156502,15,1,3,0
1253,156625,-180,729,-2.574920654296875e-05,0.00010428428649902343,1.499948501586914,1.500208568572998,0,0,156627,15,1,3,0
1254,156750,-131,763,-1.873970031738281e-05,0.00010914802551269532,1.4999625205993652,1.5002182960510253,0,0,156752,15,1,3,0
1255,156875,-81,794,-1.1587142944335938e-05,0.00011358261108398437,1.4999768257141113,1.500227165222168,0,0,156877,15,1,3,0
1256,157000,-31,823,-4.434585571289062e-06,0.00011773109436035155,1.4999911308288574,1.5002354621887206,0,0,157002,15,1,3,0
1257,157125,18,851,2.5749206542968747e-06,0.0001217365264892578,1.5000051498413085,1.5002434730529786,0,0,157127,15,1,3,0
1258,157250,68,876,9.72747802734375e-06,0.00012531280517578126,1.5000194549560546,1.5002506256103516,0,0,157252,15,1,3,0
1259,157375,117,899,1.6736984252929688e-05,0.0001286029815673828,1.500033473968506,1.5002572059631347,0,0,157377,15,1,3,0
1260,157500,167,920,2.3889541625976563e-05,0.0001316070556640625,1.500047779083252,1.5002632141113281,0,0,157502,15,1,3,0
1261,157625,216,938,3.08990478515625e-05,0.00013418197631835936,1.5000617980957032,1.5002683639526366,0,0,157627,15,1,3,0
1262,157750,264,954,3.77655029296875e-05,0.00013647079467773437,1.5000755310058593,1.5002729415893554,0,0,157752,15,1,3,0
1263,157875,312,968,4.46319580078125e-05,0.0001384735107421875,1.5000892639160157,1.5002769470214843,0,0,157877,15,1,3,0
1264,158000,359,979,5.1355361938476564e-05,0.0001400470733642578,1.500102710723877,1.5002800941467285,0,0,158002,15,1,3,0
1265,158125,406,988,5.8078765869140624e-05,0.00014133453369140624,1.5001161575317383,1.5002826690673827,0,0,158127,15,1,3,0
1266,158250,451,994,6.45160675048828e-05,0.00014219284057617187,1.5001290321350098,1.5002843856811523,0,0,158252,15,1,3,0
1267,158375,495,998,7.081031799316406e-05,0.00014276504516601561,1.5001416206359863,1.500285530090332,0,0,158377,15,1,3,0
1268,158500,538,999,7.696151733398438e-05,0.00014290809631347656,1.5001539230346679,1.500285816192627,0,0,158502,15,1,3,0
1269,158625,579,998,8.282661437988281e-05,0.00014276504516601561,1.5001656532287597,1.500285530090332,0,0,158627,15,1,3,0
1270,158750,619,995,8.854866027832031e-05,0.0001423358917236328,1.5001770973205566,1.5002846717834473,0,0,158752,15,1,3,0
1271,158875,657,989,9.398460388183593e-05,0.00014147758483886718,1.5001879692077638,1.5002829551696777,0,0,158877,15,1,3,0
1272,159000,694,980,9.927749633789062e-05,0.00014019012451171875,1.5001985549926757,1.5002803802490234,0,0,159002,15,1,3,0
1273,159125,729,969,0.00010428428649902343,0.00013861656188964843,1.500208568572998,1.5002772331237793,0,0,159127,15,1,3,0
1274,159250,763,956,0.00010914802551269532,0.00013675689697265626,1.5002182960510253,1.5002735137939454,0,0,159252,15,1,3,0
1275,159375,794,940,0.00011358261108398437,0.00013446807861328125,1.500227165222168,1.5002689361572266,0,0,159377,15,1,3,0
1276,159500,823,922,0.00011773109436035155,0.00013189315795898436,1.5002354621887206,1.500263786315918,0,0,159502,15,1,3,0
1277,159625,851,901,0.0001217365264892578,0.0001288890838623047,1.5002434730529786,1.5002577781677247,0,0,159627,15,1,3,0
1278,159750,876,878,0.00012531280517578126,0.00012559890747070311,1.5002506256103516,1.5002511978149413,0,0,159752,15,1,3,0
1279,159875,899,853,0.0001286029815673828,0.00012202262878417968,1.5002572059631347,1.5002440452575683,0,0,159877,15,1,3,0
1280,160000,920,826,0.0001316070556640625,0.00011816024780273437,1.5002632141113281,1.5002363204956055,0,0,160002,15,1,3,0
1281,160125,938,797,0.00013418197631835936,0.00011401176452636718,1.5002683639526366,1.5002280235290528,0,0,160127,15,1,3,0
1282,160250,954,766,0.00013647079467773437,0.00010957717895507812,1.5002729415893554,1.5002191543579102,0,0,160252,15,1,3,0
1283,160375,968,733,0.0001384735107421875,0.00010485649108886719,1.5002769470214843,1.5002097129821776,0,0,160377,15,1,3,0
1284,160500,979,698,0.0001400470733642578,9.984970092773438e-05,1.5002800941467285,1.5001996994018554,0,0,160502,15,1,3,0
1285,160625,988,661,0.00014133453369140624,9.455680847167968e-05,1.5002826690673827,1.5001891136169434,0,0,160627,15,1,3,0
1286,160750,994,623,0.00014219284057617187,8.912086486816407e-05,1.5002843856811523,1.5001782417297362,0,0,160752,15,1,3,0
1287,160875,998,583,0.00014276504516601561,8.339881896972657e-05,1.500285530090332,1.5001667976379394,0,0,160877,15,1,3,0
1288,161000,999,542,0.00014290809631347656,7.753372192382812e-05,1.500285816192627,1.5001550674438477,0,0,161002,15,1,3,0
1289,161125,998,499,0.00014276504516601561,7.138252258300781e-05,1.500285530090332,1.500142765045166,0,0,161127,15,1,3,0
1290,161250,995,455,0.0001423358917236328,6.508827209472656e-05,1.5002846717834473,1.5001301765441895,0,0,161252,15,1,3,0
1291,161375,989,410,0.00014147758483886718,5.8650970458984375e-05,1.5002829551696777,1.500117301940918,0,0,161377,15,1,3,0
1292,161500,980,364,0.00014019012451171875,5.207061767578125e-05,1.5002803802490234,1.5001041412353515,0,0,161502,15,1,3,0
1293,161625,969,317,0.00013861656188964843,4.5347213745117185e-05,1.5002772331237793,1.5000906944274903,0,0,161627,15,1,3,0
1294,161750,956,270,0.00013675689697265626,3.8623809814453125e-05,1.5002735137939454,1.500077247619629,0,0,161752,15,1,3,0
1295,161875,940,221,0.00013446807861328125,3.1614303588867186e-05,1.5002689361572266,1.5000632286071778,0,0,161877,15,1,3,0
1296,162000,922,172,0.00013189315795898436,2.460479736328125e-05,1.500263786315918,1.5000492095947267,0,0,162002,15,1,3,0
1297,162125,901,123,0.0001288890838623047,1.7595291137695312e-05,1.5002577781677247,1.5000351905822753,0,0,162127,15,1,3,0
1298,162250,878,73,0.00012559890747070311,1.0442733764648437e-05,1.5002511978149413,1.5000208854675292,0,0,162252,15,1,3,0
1299,162375,853,23,0.00012202262878417968,3.2901763916015622e-06,1.5002440452575683,1.5000065803527831,0,0,162377,15,1,3,0
1300,162500,826,-26,0.00011816024780273437,-3.719329833984375e-06,1.5002363204956055,1.499992561340332,0,0,162502,15,1,3,0
1301,162625,797,-76,0.00011401176452636718,-1.087188720703125e-05,1.5002280235290528,1.499978256225586,0,0,162627,15,1,3,0
1302,162750,766,-126,0.00010957717895507812,-1.8024444580078124e-05,1.5002191543579102,1.4999639511108398,0,0,162752,15,1,3,0
1303,162875,733,-175,0.00010485649108886719,-2.5033950805664062e-05,1.5002097129821776,1.4999499320983887,0,0,162877,15,1,3,0
1304,163000,698,-224,9.984970092773438e-05,-3.204345703125e-05,1.5001996994018554,1.4999359130859375,0,0,163002,15,1,3,0
1305,163125,661,-273,9.455680847167968e-05,-3.9052963256835933e-05,1.5001891136169434,1.4999218940734864,0,0,163127,15,1,3,0
1306,163250,623,-320,8.912086486816407e-05,-4.57763671875e-05,1.5001782417297362,1.499908447265625,0,0,163252,15,1,3,0
1307,163375,583,-367,8.339881896972657e-05,-5.249977111816406e-05,1.5001667976379394,1.4998950004577636,0,0,163377,15,1,3,0
1308,163500,542,-413,7.753372192382812e-05,-5.9080123901367183e-05,1.5001550674438477,1.4998818397521974,0,0,163502,15,1,3,0
1309,163625,499,-458,7.138252258300781e-05,-6.551742553710938e-05,1.500142765045166,1.4998689651489259,0,0,163627,15,1,3,0
1310,163750,455,-502,6.508827209472656e-05,-7.181167602539062e-05,1.5001301765441895,1.4998563766479491,0,0,163752,15,1,3,0
1311,163875,410,-545,5.8650970458984375e-05,-7.796287536621094e-05,1.500117301940918,1.4998440742492676,0,0,163877,15,1,3,0
1312,164000,364,-586,5.207061767578125e-05,-8.382797241210937e-05,1.5001041412353515,1.4998323440551757,0,0,164002,15,1,3,0
1313,164125,317,-626,4.5347213745117185e-05,-8.955001831054687e-05,1.5000906944274903,1.4998208999633789,0,0,164127,15,1,3,0
1314,164250,270,-664,3.8623809814453125e-05,-9.49859619140625e-05,1.500077247619629,1.499810028076172,0,0,164252,15,1,3,0
1315,164375,221,-700,3.1614303588867186e-05,-0.00010013580322265625,1.5000632286071778,1.4997997283935547,0,0,164377,15,1,3,0
1316,164500,172,-735,2.460479736328125e-05,-0.00010514259338378906,1.5000492095947267,1.4997897148132324,0,0,164502,15,1,3,0
1317,164625,123,-768,1.7595291137695312e-05,-0.00010986328124999999,1.5000351905822753,1.4997802734375,0,0,164627,15,1,3,0
1318,164750,73,-799,1.0442733764648437e-05,-0.00011429786682128906,1.5000208854675292,1.4997714042663575,0,0,164752,15,1,3,0
1319,164875,23,-828,3.2901763916015622e-06,-0.00011844635009765624,1.5000065803527831,1.4997631072998048,0,0,164877,15,1,3,0
1320,165000,-26,-855,-3.719329833984375e-06,-0.00012230873107910156,1.499992561340332,1.4997553825378418,0,0,165002,15,1,3,0
1321,165125,-76,-880,-1.087188720703125e-05,-0.000125885009765625,1.499978256225586,1.4997482299804688,0,0,165127,15,1,3,0
1322,165250,-126,-902,-1.8024444580078124e-05,-0.0001290321350097656,1.4999639511108398,1.4997419357299804,0,0,165252,15,1,3,0
1323,165375,-175,-923,-2.5033950805664062e-05,-0.0001320362091064453,1.4999499320983887,1.4997359275817872,0,0,165377,15,1,3,0
1324,165500,-224,-941,-3.204345703125e-05,-0.0001346111297607422,1.4999359130859375,1.4997307777404785,0,0,165502,15,1,3,0
1325,165625,-273,-957,-3.9052963256835933e-05,-0.00013689994812011717,1.4999218940734864,1.4997262001037597,0,0,165627,15,1,3,0
1326,165750,-320,-970,-4.57763671875e-05,-0.00013875961303710938,1.499908447265625,1.4997224807739258,0,0,165752,15,1,3,0
1327,165875,-367,-981,-5.249977111816406e-05,-0.0001403331756591797,1.4998950004577636,1.4997193336486816,0,0,165877,15,1,3,0
1328,166000,-413,-989,-5.9080123901367183e-05,-0.00014147758483886718,1.4998818397521974,1.4997170448303223,0,0,166002,15,1,3,0
1329,166125,-458,-995,-6.551742553710938e-05,-0.0001423358917236328,1.4998689651489259,1.4997153282165527,0,0,166127,15,1,3,0
1330,166250,-502,-999,-7.181167602539062e-05,-0.00014290809631347656,1.4998563766479491,1.499714183807373,0,0,166252,15,1,3,0
1331,166375,-545,-999,-7.796287536621094e-05,-0.00014290809631347656,1.4998440742492676,1.499714183807373,0,0,166377,15,1,3,0
1332,166500,-586,-998,-8.382797241210937e-05,-0.00014276504516601561,1.4998323440551757,1.499714469909668,0,0,166502,15,1,3,0
1333,166625,-626,-994,-8.955001831054687e-05,-0.00014219284057617187,1.4998208999633789,1.4997156143188477,0,0,166627,15,1,3,0
1334,166750,-664,-987,-9.49859619140625e-05,-0.0001411914825439453,1.499810028076172,1.499717617034912,0,0,166752,15,1,3,0
1335,166875,-700,-978,-0.00010013580322265625,-0.00013990402221679686,1.4997997283935547,1.4997201919555665,0,0,166877,15,1,3,0
1336,167000,-735,-967,-0.00010514259338378906,-0.00013833045959472655,1.4997897148132324,1.4997233390808105,0,0,167002,15,1,3,0
1337,167125,-768,-953,-0.00010986328124999999,-0.00013632774353027343,1.4997802734375,1.4997273445129395,0,0,167127,15,1,3,0
1338,167250,-799,-937,-0.00011429786682128906,-0.00013403892517089842,1.4997714042663575,1.4997319221496581,0,0,167252,15,1,3,0
1339,167375,-828,-918,-0.00011844635009765624,-0.00013132095336914061,1.4997631072998048,1.4997373580932618,0,0,167377,15,1,3,0
1340,167500,-855,-897,-0.00012230873107910156,-0.00012831687927246092,1.4997553825378418,1.499743366241455,0,0,167502,15,1,3,0
1341,167625,-880,-874,-0.000125885009765625,-0.00012502670288085937,1.4997482299804688,1.4997499465942383,0,0,167627,15,1,3,0
1342,167750,-902,-849,-0.0001290321350097656,-0.00012145042419433593,1.4997419357299804,1.4997570991516114,0,0,167752,15,1,3,0
1343,167875,-923,-822,-0.0001320362091064453,-0.00011758804321289062,1.4997359275817872,1.4997648239135741,0,0,167877,15,1,3,0
1344,168000,-941,-792,-0.0001346111297607422,-0.0001132965087890625,1.4997307777404785,1.4997734069824218,0,0,168002,15,1,3,0
1345,168125,-957,-761,-0.00013689994812011717,-0.00010886192321777343,1.4997262001037597,1.4997822761535644,0,0,168127,15,1,3,0
1346,168250,-970,-727,-0.00013875961303710938,-0.00010399818420410156,1.4997224807739258,1.4997920036315917,0,0,168252,15,1,3,0
1347,168375,-981,-692,-0.0001403331756591797,-9.899139404296875e-05,1.4997193336486816,1.499802017211914,0,0,168377,15,1,3,0
1348,168500,-989,-655,-0.00014147758483886718,-9.369850158691406e-05,1.4997170448303223,1.4998126029968262,0,0,168502,15,1,3,0
1349,168625,-995,-617,-0.0001423358917236328,-8.826255798339843e-05,1.4997153282165527,1.4998234748840331,0,0,168627,15,1,3,0
1350,168750,-999,-576,-0.00014290809631347656,-8.239746093749999e-05,1.499714183807373,1.499835205078125,0,0,168752,15,1,3,0
1351,168875,-999,-535,-0.00014290809631347656,-7.653236389160156e-05,1.499714183807373,1.4998469352722168,0,0,168877,15,1,3,0
1352,169000,-998,-492,-0.00014276504516601561,-7.038116455078125e-05,1.499714469909668,1.4998592376708983,0,0,169002,15,1,3,0
1353,169125,-994,-448,-0.00014219284057617187,-6.40869140625e-05,1.4997156143188477,1.499871826171875,0,0,169127,15,1,3,0
1354,169250,-987,-403,-0.0001411914825439453,-5.764961242675781e-05,1.499717617034912,1.4998847007751466,0,0,169252,15,1,3,0
1355,169375,-978,-356,-0.00013990402221679686,-5.092620849609375e-05,1.4997201919555665,1.4998981475830078,0,0,169377,15,1,3,0
1356,169500,-967,-309,-0.00013833045959472655,-4.420280456542969e-05,1.4997233390808105,1.4999115943908692,0,0,169502,15,1,3,0
1357,169625,-953,-261,-0.00013632774353027343,-3.7336349487304686e-05,1.4997273445129395,1.4999253273010253,0,0,169627,15,1,3,0
1358,169750,-937,-213,-0.00013403892517089842,-3.0469894409179687e-05,1.4997319221496581,1.4999390602111817,0,0,169752,15,1,3,0
1359,169875,-918,-164,-0.00013132095336914061,-2.3460388183593748e-05,1.4997373580932618,1.4999530792236329,0,0,169877,15,1,3,0
1360,170000,-897,-114,-0.00012831687927246092,-1.6307830810546873e-05,1.499743366241455,1.499967384338379,0,0,170002,15,1,3,0
1361,170125,-874,-64,-0.00012502670288085937,-9.1552734375e-06,1.4997499465942383,1.499981689453125,0,0,170127,15,1,3,0
1362,170250,-849,-15,-0.00012145042419433593,-2.1457672119140625e-06,1.4997570991516114,1.4999957084655762,0,0,170252,15,1,3,0
1363,170375,-822,34,-0.00011758804321289062,4.863739013671875e-06,1.4997648239135741,1.5000097274780273,0,0,170377,15,1,3,0
1364,170500,-792,84,-0.0001132965087890625,1.201629638671875e-05,1.4997734069824218,1.5000240325927734,0,0,170502,15,1,3,0
1365,170625,-761,134,-0.00010886192321777343,1.9168853759765623e-05,1.4997822761535644,1.5000383377075195,0,0,170627,15,1,3,0
1366,170750,-727,183,-0.00010399818420410156,2.6178359985351562e-05,1.4997920036315917,1.5000523567199706,0,0,170752,15,1,3,0
1367,170875,-692,232,-9.899139404296875e-05,3.31878662109375e-05,1.499802017211914,1.500066375732422,0,0,170877,15,1,3,0
1368,171000,-655,281,-9.369850158691406e-05,4.0197372436523436e-05,1.4998126029968262,1.500080394744873,0,0,171002,15,1,3,0
1369,171125,-617,328,-8.826255798339843e-05,4.6920776367187496e-05,1.4998234748840331,1.5000938415527343,0,0,171127,15,1,3,0
1370,171250,-576,375,-8.239746093749999e-05,5.364418029785156e-05,1.499835205078125,1.5001072883605957,0,0,171252,15,1,3,0
1371,171375,-535,421,-7.653236389160156e-05,6.0224533081054686e-05,1.4998469352722168,1.5001204490661622,0,0,171377,15,1,3,0
1372,171500,-492,466,-7.038116455078125e-05,6.666183471679687e-05,1.4998592376708983,1.5001333236694336,0,0,171502,15,1,3,0
1373,171625,-448,509,-6.40869140625e-05,7.281303405761718e-05,1.499871826171875,1.5001456260681152,0,0,171627,15,1,3,0
1374,171750,-403,552,-5.764961242675781e-05,7.89642333984375e-05,1.4998847007751466,1.500157928466797,0,0,171752,15,1,3,0
1375,171875,-356,593,-5.092620849609375e-05,8.482933044433594e-05,1.4998981475830078,1.5001696586608886,0,0,171877,15,1,3,0
1376,172000,-309,632,-4.420280456542969e-05,9.04083251953125e-05,1.4999115943908692,1.5001808166503907,0,0,172002,15,1,3,0
1377,172125,-261,670,-3.7336349487304686e-05,9.584426879882812e-05,1.4999253273010253,1.5001916885375977,0,0,172127,15,1,3,0
1378,172250,-213,706,-3.0469894409179687e-05,0.00010099411010742187,1.4999390602111817,1.5002019882202149,0,0,172252,15,1,3,0
1379,172375,-164,741,-2.3460388183593748e-05,0.00010600090026855468,1.4999530792236329,1.5002120018005372,0,0,172377,15,1,3,0
1380,172500,-114,773,-1.6307830810546873e-05,0.00011057853698730468,1.499967384338379,1.5002211570739745,0,0,172502,15,1,3,0
1381,172625,-64,804,-9.1552734375e-06,0.00011501312255859374,1.499981689453125,1.5002300262451171,0,0,172627,15,1,3,0
1382,172750,-15,833,-2.1457672119140625e-06,0.00011916160583496093,1.4999957084655762,1.5002383232116698,0,0,172752,15,1,3,0
1383,172875,34,859,4.863739013671875e-06,0.0001228809356689453,1.5000097274780273,1.5002457618713378,0,0,172877,15,1,3,0
1384,173000,84,884,1.201629638671875e-05,0.00012645721435546874,1.5000240325927734,1.500252914428711,0,0,173002,15,1,3,0
1385,173125,134,906,1.9168853759765623e-05,0.00012960433959960938,1.5000383377075195,1.5002592086791993,0,0,173127,15,1,3,0
1386,173250,183,926,2.6178359985351562e-05,0.00013246536254882813,1.5000523567199706,1.5002649307250977,0,0,173252,15,1,3,0
1387,173375,232,944,3.31878662109375e-05,0.000135040283203125,1.500066375732422,1.5002700805664062,0,0,173377,15,1,3,0
1388,173500,281,959,4.0197372436523436e-05,0.00013718605041503906,1.500080394744873,1.50027437210083,0,0,173502,15,1,3,0
1389,173625,328,972,4.6920776367187496e-05,0.00013904571533203123,1.5000938415527343,1.5002780914306642,0,0,173627,15,1,3,0
1390,173750,375,982,5.364418029785156e-05,0.0001404762268066406,1.5001072883605957,1.5002809524536134,0,0,173752,15,1,3,0
1391,173875,421,990,6.0224533081054686e-05,0.00014162063598632812,1.5001204490661622,1.5002832412719727,0,0,173877,15,1,3,0
1392,174000,466,996,6.666183471679687e-05,0.00014247894287109376,1.5001333236694336,1.5002849578857422,0,0,174002,15,1,3,0
1393,174125,509,999,7.281303405761718e-05,0.00014290809631347656,1.5001456260681152,1.500285816192627,0,0,174127,15,1,3,0
1394,174250,552,999,7.89642333984375e-05,0.00014290809631347656,1.500157928466797,1.500285816192627,0,0,174252,15,1,3,0
1395,174375,593,997,8.482933044433594e-05,0.00014262199401855467,1.5001696586608886,1.5002852439880372,0,0,174377,15,1,3,0
1396,174500,632,993,9.04083251953125e-05,0.00014204978942871093,1.5001808166503907,1.5002840995788573,0,0,174502,15,1,3,0
1397,174625,670,986,9.584426879882812e-05,0.00014104843139648438,1.5001916885375977,1.500282096862793,0,0,174627,15,1,3,0
1398,174750,706,977,0.00010099411010742187,0.00013976097106933592,1.5002019882202149,1.5002795219421388,0,0,174752,15,1,3,0
1399,174875,741,965,0.00010600090026855468,0.0001380443572998047,1.5002120018005372,1.5002760887145996,0,0,174877,15,1,3,0
1400,175000,773,951,0.00011057853698730468,0.00013604164123535157,1.5002211570739745,1.5002720832824707,0,0,175002,15,1,3,0
1401,175125,804,934,0.00011501312255859374,0.00013360977172851562,1.5002300262451171,1.500267219543457,0,0,175127,15,1,3,0
1402,175250,833,915,0.00011916160583496093,0.0001308917999267578,1.5002383232116698,1.5002617835998535,0,0,175252,15,1,3,0
1403,175375,859,894,0.0001228809356689453,0.00012788772583007812,1.5002457618713378,1.5002557754516601,0,0,175377,15,1,3,0
1404,175500,884,870,0.00012645721435546874,0.00012445449829101562,1.500252914428711,1.500248908996582,0,0,175502,15,1,3,0
1405,175625,906,845,0.00012960433959960938,0.00012087821960449219,1.5002592086791993,1.500241756439209,0,0,175627,15,1,3,0
1406,175750,926,817,0.00013246536254882813,0.00011687278747558593,1.5002649307250977,1.5002337455749513,0,0,175752,15,1,3,0
1407,175875,944,787,0.000135040283203125,0.00011258125305175781,1.5002700805664062,1.5002251625061036,0,0,175877,15,1,3,0
1408,176000,959,755,0.00013718605041503906,0.00010800361633300781,1.50027437210083,1.500216007232666,0,0,176002,15,1,3,0
1409,176125,972,721,0.00013904571533203123,0.00010313987731933593,1.5002780914306642,1.5002062797546387,0,0,176127,15,1,3,0
1410,176250,982,686,0.0001404762268066406,9.813308715820312e-05,1.5002809524536134,1.5001962661743165,0,0,176252,15,1,3,0
1411,176375,990,649,0.00014162063598632812,9.284019470214843e-05,1.5002832412719727,1.5001856803894043,0,0,176377,15,1,3,0
1412,176500,996,610,0.00014247894287109376,8.726119995117188e-05,1.5002849578857422,1.5001745223999023,0,0,176502,15,1,3,0
1413,176625,999,570,0.00014290809631347656,8.153915405273438e-05,1.500285816192627,1.5001630783081055,0,0,176627,15,1,3,0
1414,176750,999,528,0.00014290809631347656,7.5531005859375e-05,1.500285816192627,1.5001510620117187,0,0,176752,15,1,3,0
1415,176875,997,485,0.00014262199401855467,6.937980651855469e-05,1.5002852439880372,1.500138759613037,0,0,176877,15,1,3,0
1416,177000,993,440,0.00014204978942871093,6.29425048828125e-05,1.5002840995788573,1.5001258850097656,0,0,177002,15,1,3,0
1417,177125,986,395,0.00014104843139648438,5.650520324707031e-05,1.500282096862793,1.5001130104064941,0,0,177127,15,1,3,0
1418,177250,977,349,0.00013976097106933592,4.992485046386719e-05,1.5002795219421388,1.5000998497009277,0,0,177252,15,1,3,0
1419,177375,965,301,0.0001380443572998047,4.3058395385742186e-05,1.5002760887145996,1.5000861167907715,0,0,177377,15,1,3,0
1420,177500,951,253,0.00013604164123535157,3.6191940307617183e-05,1.5002720832824707,1.5000723838806151,0,0,177502,15,1,3,0
1421,177625,934,205,0.00013360977172851562,2.9325485229492188e-05,1.500267219543457,1.500058650970459,0,0,177627,15,1,3,0
1422,177750,915,155,0.0001308917999267578,2.2172927856445312e-05,1.5002617835998535,1.500044345855713,0,0,177752,15,1,3,0
1423,177875,894,106,0.00012788772583007812,1.5163421630859374e-05,1.5002557754516601,1.5000303268432618,0,0,177877,15,1,3,0
1424,178000,870,56,0.00012445449829101562,8.0108642578125e-06,1.500248908996582,1.5000160217285157,0,0,178002,15,1,3,0
1425,178125,845,6,0.00012087821960449219,8.583068847656249e-07,1.500241756439209,1.5000017166137696,0,0,178127,15,1,3,0
1426,178250,817,-43,0.00011687278747558593,-6.151199340820313e-06,1.5002337455749513,1.4999876976013184,0,0,178252,15,1,3,0
1427,178375,787,-93,0.00011258125305175781,-1.3303756713867187e-05,1.5002251625061036,1.4999733924865724,0,0,178377,15,1,3,0
1428,178500,755,-142,0.00010800361633300781,-2.0313262939453126e-05,1.500216007232666,1.499959373474121,0,0,178502,15,1,3,0
1429,178625,721,-192,0.00010313987731933593,-2.7465820312499997e-05,1.5002062797546387,1.499945068359375,0,0,178627,15,1,3,0
1430,178750,686,-240,9.813308715820312e-05,-3.4332275390625e-05,1.5001962661743165,1.4999313354492188,0,0,178752,15,1,3,0
1431,178875,649,-289,9.284019470214843e-05,-4.134178161621094e-05,1.5001856803894043,1.4999173164367676,0,0,178877,15,1,3,0
1432,179000,610,-336,8.726119995117188e-05,-4.8065185546875e-05,1.5001745223999023,1.4999038696289062,0,0,179002,15,1,3,0
1433,179125,570,-383,8.153915405273438e-05,-5.478858947753906e-05,1.5001630783081055,1.499890422821045,0,0,179127,15,1,3,0
1434,179250,528,-428,7.5531005859375e-05,-6.122589111328125e-05,1.5001510620117187,1.4998775482177735,0,0,179252,15,1,3,0
1435,179375,485,-473,6.937980651855469e-05,-6.766319274902344e-05,1.500138759613037,1.499864673614502,0,0,179377,15,1,3,0
1436,179500,440,-517,6.29425048828125e-05,-7.395744323730468e-05,1.5001258850097656,1.4998520851135253,0,0,179502,15,1,3,0
1437,179625,395,-559,5.650520324707031e-05,-7.996559143066406e-05,1.5001130104064941,1.4998400688171387,0,0,179627,15,1,3,0
1438,179750,349,-599,4.992485046386719e-05,-8.568763732910156e-05,1.5000998497009277,1.4998286247253418,0,0,179752,15,1,3,0
1439,179875,301,-639,4.3058395385742186e-05,-9.140968322753906e-05,1.5000861167907715,1.499817180633545,0,0,179877,15,1,3,0
1440,180000,253,-676,3.6191940307617183e-05,-9.670257568359374e-05,1.5000723838806151,1.4998065948486328,0,0,180002,15,1,3,0
1441,180125,205,-712,2.9325485229492188e-05,-0.0001018524169921875,1.500058650970459,1.4997962951660155,0,0,180127,15,1,3,0
1442,180250,155,-746,2.2172927856445312e-05,-0.00010671615600585937,1.500044345855713,1.4997865676879882,0,0,180252,15,1,3,0
1443,180375,106,-779,1.5163421630859374e-05,-0.00011143684387207031,1.5000303268432618,1.499777126312256,0,0,180377,15,1,3,0
1444,180500,56,-809,8.0108642578125e-06,-0.00011572837829589843,1.5000160217285157,1.4997685432434082,0,0,180502,15,1,3,0
1445,180625,6,-837,8.583068847656249e-07,-0.00011973381042480468,1.5000017166137696,1.4997605323791503,0,0,180627,15,1,3,0
1446,180750,-43,-864,-6.151199340820313e-06,-0.00012359619140625,1.4999876976013184,1.4997528076171875,0,0,180752,15,1,3,0
1447,180875,-93,-888,-1.3303756713867187e-05,-0.0001270294189453125,1.4999733924865724,1.4997459411621095,0,0,180877,15,1,3,0
1448,181000,-142,-910,-2.0313262939453126e-05,-0.00013017654418945312,1.499959373474121,1.499739646911621,0,0,181002,15,1,3,0
1449,181125,-192,-929,-2.7465820312499997e-05,-0.00013289451599121093,1.499945068359375,1.4997342109680176,0,0,181127,15,1,3,0
1450,181250,-240,-946,-3.4332275390625e-05,-0.00013532638549804688,1.4999313354492188,1.4997293472290039,0,0,181252,15,1,3,0
1451,181375,-289,-961,-4.134178161621094e-05,-0.00013747215270996094,1.4999173164367676,1.49972505569458,0,0,181377,15,1,3,0
1452,181500,-336,-974,-4.8065185546875e-05,-0.00013933181762695312,1.4999038696289062,1.4997213363647461,0,0,181502,15,1,3,0
1453,181625,-383,-984,-5.478858947753906e-05,-0.0001407623291015625,1.499890422821045,1.499718475341797,0,0,181627,15,1,3,0
1454,181750,-428,-991,-6.122589111328125e-05,-0.00014176368713378907,1.4998775482177735,1.4997164726257324,0,0,181752,15,1,3,0
1455,181875,-473,-997,-6.766319274902344e-05,-0.00014262199401855467,1.499864673614502,1.4997147560119628,0,0,181877,15,1,3,0
1456,182000,-517,-999,-7.395744323730468e-05,-0.00014290809631347656,1.4998520851135253,1.499714183807373,0,0,182002,15,1,3,0
1457,182125,-559,-999,-7.996559143066406e-05,-0.00014290809631347656,1.4998400688171387,1.499714183807373,0,0,182127,15,1,3,0
1458,182250,-599,-997,-8.568763732910156e-05,-0.00014262199401855467,1.4998286247253418,1.4997147560119628,0,0,182252,15,1,3,0
1459,182375,-639,-992,-9.140968322753906e-05,-0.00014190673828124998,1.499817180633545,1.4997161865234374,0,0,182377,15,1,3,0
1460,182500,-676,-985,-9.670257568359374e-05,-0.00014090538024902344,1.4998065948486328,1.499718189239502,0,0,182502,15,1,3,0
1461,182625,-712,-975,-0.0001018524169921875,-0.00013947486877441406,1.4997962951660155,1.4997210502624512,0,0,182627,15,1,3,0
1462,182750,-746,-963,-0.00010671615600585937,-0.0001377582550048828,1.4997865676879882,1.4997244834899903,0,0,182752,15,1,3,0
1463,182875,-779,-948,-0.00011143684387207031,-0.00013561248779296874,1.499777126312256,1.4997287750244142,0,0,182877,15,1,3,0
1464,183000,-809,-931,-0.00011572837829589843,-0.00013318061828613282,1.4997685432434082,1.4997336387634277,0,0,183002,15,1,3,0
1465,183125,-837,-912,-0.00011973381042480468,-0.00013046264648437498,1.4997605323791503,1.4997390747070312,0,0,183127,15,1,3,0
1466,183250,-864,-890,-0.00012359619140625,-0.00012731552124023438,1.4997528076171875,1.4997453689575195,0,0,183252,15,1,3,0
1467,183375,-888,-866,-0.0001270294189453125,-0.00012388229370117188,1.4997459411621095,1.4997522354125976,0,0,183377,15,1,3,0
1468,183500,-910,-840,-0.00013017654418945312,-0.0001201629638671875,1.499739646911621,1.4997596740722656,0,0,183502,15,1,3,0
1469,183625,-929,-812,-0.00013289451599121093,-0.00011615753173828125,1.4997342109680176,1.4997676849365233,0,0,183627,15,1,3,0
1470,183750,-946,-782,-0.00013532638549804688,-0.00011186599731445312,1.4997293472290039,1.499776268005371,0,0,183752,15,1,3,0
1471,183875,-961,-750,-0.00013747215270996094,-0.00010728836059570312,1.49972505569458,1.4997854232788086,0,0,183877,15,1,3,0
1472,184000,-974,-716,-0.00013933181762695312,-0.00010242462158203124,1.4997213363647461,1.499795150756836,0,0,184002,15,1,3,0
1473,184125,-984,-680,-0.0001407623291015625,-9.72747802734375e-05,1.499718475341797,1.4998054504394531,0,0,184127,15,1,3,0
1474,184250,-991,-642,-0.00014176368713378907,-9.183883666992187e-05,1.4997164726257324,1.49981632232666,0,0,184252,15,1,3,0
1475,184375,-997,-603,-0.00014262199401855467,-8.625984191894532e-05,1.4997147560119628,1.4998274803161622,0,0,184377,15,1,3,0
1476,184500,-999,-563,-0.00014290809631347656,-8.053779602050782e-05,1.499714183807373,1.499838924407959,0,0,184502,15,1,3,0
1477,184625,-999,-521,-0.00014290809631347656,-7.452964782714843e-05,1.499714183807373,1.4998509407043457,0,0,184627,15,1,3,0
1478,184750,-997,-477,-0.00014262199401855467,-6.823539733886718e-05,1.4997147560119628,1.4998635292053222,0,0,184752,15,1,3,0
1479,184875,-992,-433,-0.00014190673828124998,-6.194114685058594e-05,1.4997161865234374,1.499876117706299,0,0,184877,15,1,3,0
1480,185000,-985,-387,-0.00014090538024902344,-5.536079406738281e-05,1.499718189239502,1.4998892784118651,0,0,185002,15,1,3,0
1481,185125,-975,-341,-0.00013947486877441406,-4.8780441284179686e-05,1.4997210502624512,1.4999024391174316,0,0,185127,15,1,3,0
1482,185250,-963,-293,-0.0001377582550048828,-4.1913986206054683e-05,1.4997244834899903,1.499916172027588,0,0,185252,15,1,3,0
1483,185375,-948,-245,-0.00013561248779296874,-3.504753112792969e-05,1.4997287750244142,1.4999299049377441,0,0,185377,15,1,3,0
1484,185500,-931,-196,-0.00013318061828613282,-2.803802490234375e-05,1.4997336387634277,1.4999439239501953,0,0,185502,15,1,3,0
1485,185625,-912,-147,-0.00013046264648437498,-2.1028518676757813e-05,1.4997390747070312,1.4999579429626464,0,0,185627,15,1,3,0
1486,185750,-890,-98,-0.00012731552124023438,-1.4019012451171874e-05,1.4997453689575195,1.4999719619750977,0,0,185752,15,1,3,0
1487,185875,-866,-48,-0.00012388229370117188,-6.866455078124999e-06,1.4997522354125976,1.4999862670898438,0,0,185877,15,1,3,0
1488,186000,-840,1,-0.0001201629638671875,1.430511474609375e-07,1.4997596740722656,1.500000286102295,0,0,186002,15,1,3,0
1489,186125,-812,51,-0.00011615753173828125,7.295608520507812e-06,1.4997676849365233,1.500014591217041,0,0,186127,15,1,3,0
1490,186250,-782,101,-0.00011186599731445312,1.4448165893554686e-05,1.499776268005371,1.5000288963317872,0,0,186252,15,1,3,0
1491,186375,-750,151,-0.00010728836059570312,2.160072326660156e-05,1.4997854232788086,1.5000432014465332,0,0,186377,15,1,3,0
1492,186500,-716,200,-0.00010242462158203124,2.86102294921875e-05,1.499795150756836,1.5000572204589844,0,0,186502,15,1,3,0
1493,186625,-680,249,-9.72747802734375e-05,3.561973571777344e-05,1.4998054504394531,1.5000712394714355,0,0,186627,15,1,3,0
1494,186750,-642,297,-9.183883666992187e-05,4.2486190795898435e-05,1.49981632232666,1.5000849723815919,0,0,186752,15,1,3,0
1495,186875,-603,344,-8.625984191894532e-05,4.92095947265625e-05,1.4998274803161622,1.500098419189453,0,0,186877,15,1,3,0
1496,187000,-563,391,-8.053779602050782e-05,5.593299865722656e-05,1.499838924407959,1.5001118659973145,0,0,187002,15,1,3,0
1497,187125,-521,436,-7.452964782714843e-05,6.237030029296874e-05,1.4998509407043457,1.500124740600586,0,0,187127,15,1,3,0
1498,187250,-477,480,-6.823539733886718e-05,6.866455078125e-05,1.4998635292053222,1.5001373291015625,0,0,187252,15,1,3,0
1499,187375,-433,524,-6.194114685058594e-05,7.495880126953124e-05,1.499876117706299,1.500149917602539,0,0,187377,15,1,3,0
1500,187500,-387,566,-5.536079406738281e-05,8.096694946289062e-05,1.4998892784118651,1.5001619338989258,0,0,187502,15,1,3,0
1501,187625,-341,606,-4.8780441284179686e-05,8.668899536132812e-05,1.4999024391174316,1.5001733779907227,0,0,187627,15,1,3,0
1502,187750,-293,645,-4.1913986206054683e-05,9.226799011230469e-05,1.499916172027588,1.5001845359802246,0,0,187752,15,1,3,0
1503,187875,-245,682,-3.504753112792969e-05,9.756088256835937e-05,1.4999299049377441,1.5001951217651368,0,0,187877,15,1,3,0
1504,188000,-196,718,-2.803802490234375e-05,0.00010271072387695313,1.4999439239501953,1.5002054214477538,0,0,188002,15,1,3,0
1505,188125,-147,752,-2.1028518676757813e-05,0.000107574462890625,1.4999579429626464,1.5002151489257813,0,0,188127,15,1,3,0
1506,188250,-98,784,-1.4019012451171874e-05,0.000112152099609375,1.4999719619750977,1.5002243041992187,0,0,188252,15,1,3,0
1507,188375,-48,814,-6.866455078124999e-06,0.00011644363403320312,1.4999862670898438,1.5002328872680664,0,0,188377,15,1,3,0
1508,188500,1,842,1.430511474609375e-07,0.00012044906616210937,1.500000286102295,1.5002408981323243,0,0,188502,15,1,3,0
1509,188625,51,868,7.295608520507812e-06,0.00012416839599609374,1.500014591217041,1.500248336791992,0,0,188627,15,1,3,0
1510,188750,101,892,1.4448165893554686e-05,0.00012760162353515623,1.5000288963317872,1.5002552032470704,0,0,188752,15,1,3,0
1511,188875,151,913,2.160072326660156e-05,0.00013060569763183593,1.5000432014465332,1.5002612113952636,0,0,188877,15,1,3,0
1512,189000,200,932,2.86102294921875e-05,0.00013332366943359373,1.5000572204589844,1.5002666473388673,0,0,189002,15,1,3,0
1513,189125,249,949,3.561973571777344e-05,0.00013575553894042968,1.5000712394714355,1.5002715110778808,0,0,189127,15,1,3,0
1514,189250,297,964,4.2486190795898435e-05,0.00013790130615234374,1.5000849723815919,1.5002758026123046,0,0,189252,15,1,3,0
1515,189375,344,976,4.92095947265625e-05,0.000139617919921875,1.500098419189453,1.5002792358398438,0,0,189377,15,1,3,0
1516,189500,391,985,5.593299865722656e-05,0.00014090538024902344,1.5001118659973145,1.500281810760498,0,0,189502,15,1,3,0
1517,189625,436,992,6.237030029296874e-05,0.00014190673828124998,1.500124740600586,1.5002838134765626,0,0,189627,15,1,3,0
1518,189750,480,997,6.866455078125e-05,0.00014262199401855467,1.5001373291015625,1.5002852439880372,0,0,189752,15,1,3,0
1519,189875,524,999,7.495880126953124e-05,0.00014290809631347656,1.500149917602539,1.500285816192627,0,0,189877,15,1,3,0
1520,190000,566,999,8.096694946289062e-05,0.00014290809631347656,1.5001619338989258,1.500285816192627,0,0,190002,15,1,3,0
1521,190125,606,996,8.668899536132812e-05,0.00014247894287109376,1.5001733779907227,1.5002849578857422,0,0,190127,15,1,3,0
1522,190250,645,991,9.226799011230469e-05,0.00014176368713378907,1.5001845359802246,1.5002835273742676,0,0,190252,15,1,3,0
1523,190375,682,983,9.756088256835937e-05,0.00014061927795410155,1.5001951217651368,1.5002812385559081,0,0,190377,15,1,3,0
1524,190500,718,973,0.00010271072387695313,0.00013918876647949218,1.5002054214477538,1.500278377532959,0,0,190502,15,1,3,0
1525,190625,752,960,0.000107574462890625,0.0001373291015625,1.5002151489257813,1.500274658203125,0,0,190627,15,1,3,0
1526,190750,784,945,0.000112152099609375,0.00013518333435058594,1.5002243041992187,1.5002703666687012,0,0,190752,15,1,3,0
1527,190875,814,928,0.00011644363403320312,0.00013275146484375,1.5002328872680664,1.5002655029296874,0,0,190877,15,1,3,0
1528,191000,842,908,0.00012044906616210937,0.00012989044189453124,1.5002408981323243,1.500259780883789,0,0,191002,15,1,3,0
1529,191125,868,886,0.00012416839599609374,0.00012674331665039063,1.500248336791992,1.5002534866333008,0,0,191127,15,1,3,0
1530,191250,892,862,0.00012760162353515623,0.0001233100891113281,1.5002552032470704,1.5002466201782227,0,0,191252,15,1,3,0
1531,191375,913,835,0.00013060569763183593,0.00011944770812988281,1.5002612113952636,1.5002388954162598,0,0,191377,15,1,3,0
1532,191500,932,807,0.00013332366943359373,0.00011544227600097656,1.5002666473388673,1.500230884552002,0,0,191502,15,1,3,0
1533,191625,949,776,0.00013575553894042968,0.00011100769042968749,1.5002715110778808,1.5002220153808594,0,0,191627,15,1,3,0
1534,191750,964,744,0.00013790130615234374,0.0001064300537109375,1.5002758026123046,1.5002128601074218,0,0,191752,15,1,3,0
1535,191875,976,710,0.000139617919921875,0.00010156631469726562,1.5002792358398438,1.5002031326293945,0,0,191877,15,1,3,0
1536,192000,985,674,0.00014090538024902344,9.641647338867187e-05,1.500281810760498,1.5001928329467773,0,0,192002,15,1,3,0
1537,192125,992,636,0.00014190673828124998,9.098052978515624e-05,1.5002838134765626,1.5001819610595704,0,0,192127,15,1,3,0
1538,192250,997,597,0.00014262199401855467,8.540153503417968e-05,1.5002852439880372,1.5001708030700684,0,0,192252,15,1,3,0
1539,192375,999,556,0.00014290809631347656,7.953643798828124e-05,1.500285816192627,1.5001590728759766,0,0,192377,15,1,3,0
1540,192500,999,513,0.00014290809631347656,7.338523864746094e-05,1.500285816192627,1.5001467704772948,0,0,192502,15,1,3,0
1541,192625,996,470,0.00014247894287109376,6.723403930664062e-05,1.5002849578857422,1.5001344680786133,0,0,192627,15,1,3,0
1542,192750,991,425,0.00014176368713378907,6.079673767089844e-05,1.5002835273742676,1.5001215934753418,0,0,192752,15,1,3,0
1543,192875,983,380,0.00014061927795410155,5.435943603515625e-05,1.5002812385559081,1.5001087188720703,0,0,192877,15,1,3,0
1544,193000,973,333,0.00013918876647949218,4.7636032104492183e-05,1.500278377532959,1.500095272064209,0,0,193002,15,1,3,0
1545,193125,960,285,0.0001373291015625,4.076957702636719e-05,1.500274658203125,1.5000815391540527,0,0,193127,15,1,3,0
1546,193250,945,237,0.00013518333435058594,3.3903121948242185e-05,1.5002703666687012,1.5000678062438966,0,0,193252,15,1,3,0
1547,193375,928,188,0.00013275146484375,2.689361572265625e-05,1.5002655029296874,1.5000537872314452,0,0,193377,15,1,3,0
1548,193500,908,139,0.00012989044189453124,1.988410949707031e-05,1.500259780883789,1.500039768218994,0,0,193502,15,1,3,0
1549,193625,886,89,0.00012674331665039063,1.2731552124023437e-05,1.5002534866333008,1.500025463104248,0,0,193627,15,1,3,0
1550,193750,862,39,0.0001233100891113281,5.578994750976562e-06,1.5002466201782227,1.500011157989502,0,0,193752,15,1,3,0
1551,193875,835,-10,0.00011944770812988281,-1.430511474609375e-06,1.5002388954162598,1.4999971389770508,0,0,193877,15,1,3,0
1552,194000,807,-60,0.00011544227600097656,-8.58306884765625e-06,1.500230884552002,1.4999828338623047,0,0,194002,15,1,3,0
1553,194125,776,-109,0.00011100769042968749,-1.5592575073242185e-05,1.5002220153808594,1.4999688148498536,0,0,194127,15,1,3,0
1554,194250,744,-159,0.0001064300537109375,-2.274513244628906e-05,1.5002128601074218,1.4999545097351075,0,0,194252,15,1,3,0
1555,194375,710,-208,0.00010156631469726562,-2.9754638671875e-05,1.5002031326293945,1.4999404907226563,0,0,194377,15,1,3,0
1556,194500,674,-257,9.641647338867187e-05,-3.6764144897460935e-05,1.5001928329467773,1.499926471710205,0,0,194502,15,1,3,0
1557,194625,636,-305,9.098052978515624e-05,-4.363059997558594e-05,1.5001819610595704,1.4999127388000488,0,0,194627,15,1,3,0
1558,194750,597,-352,8.540153503417968e-05,-5.035400390625e-05,1.5001708030700684,1.4998992919921874,0,0,194752,15,1,3,0
1559,194875,556,-398,7.953643798828124e-05,-5.693435668945312e-05,1.5001590728759766,1.4998861312866212,0,0,194877,15,1,3,0
1560,195000,513,-444,7.338523864746094e-05,-6.351470947265624e-05,1.5001467704772948,1.4998729705810547,0,0,195002,15,1,3,0
1561,195125,470,-488,6.723403930664062e-05,-6.98089599609375e-05,1.5001344680786133,1.4998603820800782,0,0,195127,15,1,3,0
1562,195250,425,-531,6.079673767089844e-05,-7.59601593017578e-05,1.5001215934753418,1.4998480796813964,0,0,195252,15,1,3,0
1563,195375,380,-573,5.435943603515625e-05,-8.196830749511719e-05,1.5001087188720703,1.4998360633850099,0,0,195377,15,1,3,0
1564,195500,333,-613,4.7636032104492183e-05,-8.769035339355469e-05,1.500095272064209,1.499824619293213,0,0,195502,15,1,3,0
1565,195625,285,-651,4.076957702636719e-05,-9.31262969970703e-05,1.5000815391540527,1.4998137474060058,0,0,195627,15,1,3,0
1566,195750,237,-689,3.3903121948242185e-05,-9.856224060058593e-05,1.5000678062438966,1.4998028755187989,0,0,195752,15,1,3,0
1567,195875,188,-724,2.689361572265625e-05,-0.00010356903076171874,1.5000537872314452,1.4997928619384766,0,0,195877,15,1,3,0
1568,196000,139,-757,1.988410949707031e-05,-0.00010828971862792968,1.500039768218994,1.499783420562744,0,0,196002,15,1,3,0
1569,196125,89,-789,1.2731552124023437e-05,-0.00011286735534667968,1.500025463104248,1.4997742652893067,0,0,196127,15,1,3,0
1570,196250,39,-819,5.578994750976562e-06,-0.00011715888977050781,1.500011157989502,1.499765682220459,0,0,196252,15,1,3,0
1571,196375,-10,-846,-1.430511474609375e-06,-0.00012102127075195312,1.4999971389770508,1.499757957458496,0,0,196377,15,1,3,0
1572,196500,-60,-872,-8.58306884765625e-06,-0.00012474060058593748,1.4999828338623047,1.499750518798828,0,0,196502,15,1,3,0
1573,196625,-109,-895,-1.5592575073242185e-05,-0.00012803077697753906,1.4999688148498536,1.499743938446045,0,0,196627,15,1,3,0
1574,196750,-159,-916,-2.274513244628906e-05,-0.00013103485107421876,1.4999545097351075,1.4997379302978515,0,0,196752,15,1,3,0
1575,196875,-208,-935,-2.9754638671875e-05,-0.00013375282287597656,1.4999404907226563,1.499732494354248,0,0,196877,15,1,3,0
1576,197000,-257,-952,-3.6764144897460935e-05,-0.00013618469238281248,1.499926471710205,1.4997276306152343,0,0,197002,15,1,3,0
1577,197125,-305,-966,-4.363059997558594e-05,-0.00013818740844726563,1.4999127388000488,1.4997236251831054,0,0,197127,15,1,3,0
1578,197250,-352,-977,-5.035400390625e-05,-0.00013976097106933592,1.4998992919921874,1.4997204780578612,0,0,197252,15,1,3,0
1579,197375,-398,-987,-5.693435668945312e-05,-0.0001411914825439453,1.4998861312866212,1.499717617034912,0,0,197377,15,1,3,0
1580,197500,-444,-993,-6.351470947265624e-05,-0.00014204978942871093,1.4998729705810547,1.4997159004211427,0,0,197502,15,1,3,0
1581,197625,-488,-998,-6.98089599609375e-05,-0.00014276504516601561,1.4998603820800782,1.499714469909668,0,0,197627,15,1,3,0
1582,197750,-531,-999,-7.59601593017578e-05,-0.00014290809631347656,1.4998480796813964,1.499714183807373,0,0,197752,15,1,3,0
1583,197875,-573,-999,-8.196830749511719e-05,-0.00014290809631347656,1.4998360633850099,1.499714183807373,0,0,197877,15,1,3,0
1584,198000,-613,-996,-8.769035339355469e-05,-0.00014247894287109376,1.499824619293213,1.4997150421142578,0,0,198002,15,1,3,0
1585,198125,-651,-990,-9.31262969970703e-05,-0.00014162063598632812,1.4998137474060058,1.4997167587280273,0,0,198127,15,1,3,0
1586,198250,-689,-982,-9.856224060058593e-05,-0.0001404762268066406,1.4998028755187989,1.4997190475463866,0,0,198252,15,1,3,0
1587,198375,-724,-971,-0.00010356903076171874,-0.00013890266418457032,1.4997928619384766,1.4997221946716308,0,0,198377,15,1,3,0
1588,198500,-757,-958,-0.00010828971862792968,-0.00013704299926757811,1.499783420562744,1.499725914001465,0,0,198502,15,1,3,0
1589,198625,-789,-942,-0.00011286735534667968,-0.0001347541809082031,1.4997742652893067,1.4997304916381835,0,0,198627,15,1,3,0
1590,198750,-819,-925,-0.00011715888977050781,-0.0001323223114013672,1.499765682220459,1.4997353553771973,0,0,198752,15,1,3,0
1591,198875,-846,-905,-0.00012102127075195312,-0.00012946128845214844,1.499757957458496,1.4997410774230957,0,0,198877,15,1,3,0
1592,199000,-872,-882,-0.00012474060058593748,-0.00012617111206054686,1.499750518798828,1.4997476577758788,0,0,199002,15,1,3,0
1593,199125,-895,-858,-0.00012803077697753906,-0.00012273788452148436,1.499743938446045,1.4997545242309571,0,0,199127,15,1,3,0
1594,199250,-916,-831,-0.00013103485107421876,-0.00011887550354003905,1.4997379302978515,1.4997622489929199,0,0,199252,15,1,3,0
1595,199375,-935,-802,-0.00013375282287597656,-0.00011472702026367187,1.499732494354248,1.4997705459594726,0,0,199377,15,1,3,0
1596,199500,-952,-771,-0.00013618469238281248,-0.0001102924346923828,1.4997276306152343,1.4997794151306152,0,0,199502,15,1,3,0
1597,199625,-966,-738,-0.00013818740844726563,-0.00010557174682617188,1.4997236251831054,1.4997888565063477,0,0,199627,15,1,3,0
1598,199750,-977,-704,-0.00013976097106933592,-0.0001007080078125,1.4997204780578612,1.499798583984375,0,0,199752,15,1,3,0
1599,199875,-987,-667,-0.0001411914825439453,-9.541511535644531e-05,1.499717617034912,1.499809169769287,0,0,199877,15,1,3,0
1600,200000,-993,-629,-0.00014204978942871093,-8.997917175292968e-05,1.4997159004211427,1.4998200416564942,0,0,200002,15,1,3,0
1601,200125,-998,-590,-0.00014276504516601561,-8.440017700195312e-05,1.499714469909668,1.499831199645996,0,0,200127,15,1,3,0
1602,200250,-999,-549,-0.00014290809631347656,-7.853507995605468e-05,1.499714183807373,1.499842929840088,0,0,200252,15,1,3,0
1603,200375,-999,-506,-0.00014290809631347656,-7.238388061523437e-05,1.499714183807373,1.4998552322387695,0,0,200377,15,1,3,0
1604,200500,-996,-463,-0.00014247894287109376,-6.623268127441407e-05,1.4997150421142578,1.4998675346374513,0,0,200502,15,1,3,0
1605,200625,-990,-418,-0.00014162063598632812,-5.979537963867187e-05,1.4997167587280273,1.4998804092407227,0,0,200627,15,1,3,0
1606,200750,-982,-372,-0.0001404762268066406,-5.321502685546875e-05,1.4997190475463866,1.499893569946289,0,0,200752,15,1,3,0
1607,200875,-971,-325,-0.00013890266418457032,-4.649162292480469e-05,1.4997221946716308,1.4999070167541504,0,0,200877,15,1,3,0
1608,201000,-958,-277,-0.00013704299926757811,-3.9625167846679685e-05,1.499725914001465,1.4999207496643066,0,0,201002,15,1,3,0
1609,201125,-942,-229,-0.0001347541809082031,-3.275871276855469e-05,1.4997304916381835,1.499934482574463,0,0,201127,15,1,3,0
1610,201250,-925,-180,-0.0001323223114013672,-2.574920654296875e-05,1.4997353553771973,1.499948501586914,0,0,201252,15,1,3,0
1611,201375,-905,-131,-0.00012946128845214844,-1.873970031738281e-05,1.4997410774230957,1.4999625205993652,0,0,201377,15,1,3,0
1612,201500,-882,-81,-0.00012617111206054686,-1.1587142944335938e-05,1.4997476577758788,1.4999768257141113,0,0,201502,15,1,3,0
1613,201625,-858,-31,-0.00012273788452148436,-4.434585571289062e-06,1.4997545242309571,1.4999911308288574,0,0,201627,15,1,3,0
1614,201750,-831,18,-0.00011887550354003905,2.5749206542968747e-06,1.4997622489929199,1.5000051498413085,0,0,201752,15,1,3,0
1615,201875,-802,68,-0.00011472702026367187,9.72747802734375e-06,1.4997705459594726,1.5000194549560546,0,0,201877,15,1,3,0
1616,202000,-771,118,-0.0001102924346923828,1.6880035400390624e-05,1.4997794151306152,1.5000337600708007,0,0,202002,15,1,3,0
1617,202125,-738,167,-0.00010557174682617188,2.3889541625976563e-05,1.4997888565063477,1.500047779083252,0,0,202127,15,1,3,0
1618,202250,-704,216,-0.0001007080078125,3.08990478515625e-05,1.499798583984375,1.5000617980957032,0,0,202252,15,1,3,0
1619,202375,-667,265,-9.541511535644531e-05,3.790855407714844e-05,1.499809169769287,1.5000758171081543,0,0,202377,15,1,3,0
1620,202500,-629,313,-8.997917175292968e-05,4.4775009155273433e-05,1.4998200416564942,1.5000895500183105,0,0,202502,15,1,3,0
1621,202625,-590,360,-8.440017700195312e-05,5.14984130859375e-05,1.499831199645996,1.5001029968261719,0,0,202627,15,1,3,0
1622,202750,-549,406,-7.853507995605468e-05,5.8078765869140624e-05,1.499842929840088,1.5001161575317383,0,0,202752,15,1,3,0
1623,202875,-506,451,-7.238388061523437e-05,6.45160675048828e-05,1.4998552322387695,1.5001290321350098,0,0,202877,15,1,3,0
1624,203000,-463,495,-6.623268127441407e-05,7.081031799316406e-05,1.4998675346374513,1.5001416206359863,0,0,203002,15,1,3,0
1625,203125,-418,538,-5.979537963867187e-05,7.696151733398438e-05,1.4998804092407227,1.5001539230346679,0,0,203127,15,1,3,0
1626,203250,-372,579,-5.321502685546875e-05,8.282661437988281e-05,1.499893569946289,1.5001656532287597,0,0,203252,15,1,3,0
1627,203375,-325,619,-4.649162292480469e-05,8.854866027832031e-05,1.4999070167541504,1.5001770973205566,0,0,203377,15,1,3,0
1628,203500,-277,658,-3.9625167846679685e-05,9.412765502929688e-05,1.4999207496643066,1.5001882553100585,0,0,203502,15,1,3,0
1629,203625,-229,695,-3.275871276855469e-05,9.942054748535156e-05,1.499934482574463,1.5001988410949707,0,0,203627,15,1,3,0
1630,203750,-180,730,-2.574920654296875e-05,0.00010442733764648438,1.499948501586914,1.500208854675293,0,0,203752,15,1,3,0
1631,203875,-131,763,-1.873970031738281e-05,0.00010914802551269532,1.4999625205993652,1.5002182960510253,0,0,203877,15,1,3,0
1632,204000,-81,794,-1.1587142944335938e-05,0.00011358261108398437,1.4999768257141113,1.500227165222168,0,0,204002,15,1,3,0
1633,204125,-31,824,-4.434585571289062e-06,0.0001178741455078125,1.4999911308288574,1.5002357482910156,0,0,204127,15,1,3,0
1634,204250,18,851,2.5749206542968747e-06,0.0001217365264892578,1.5000051498413085,1.5002434730529786,0,0,204252,15,1,3,0
1635,204375,68,876,9.72747802734375e-06,0.00012531280517578126,1.5000194549560546,1.5002506256103516,0,0,204377,15,1,3,0
1636,204500,118,899,1.6880035400390624e-05,0.0001286029815673828,1.5000337600708007,1.5002572059631347,0,0,204502,15,1,3,0
1637,204625,167,920,2.3889541625976563e-05,0.0001316070556640625,1.500047779083252,1.5002632141113281,0,0,204627,15,1,3,0
1638,204750,216,938,3.08990478515625e-05,0.00013418197631835936,1.5000617980957032,1.5002683639526366,0,0,204752,15,1,3,0
1639,204875,265,954,3.790855407714844e-05,0.00013647079467773437,1.5000758171081543,1.5002729415893554,0,0,204877,15,1,3,0
1640,205000,313,968,4.4775009155273433e-05,0.0001384735107421875,1.5000895500183105,1.5002769470214843,0,0,205002,15,1,3,0
1641,205125,360,979,5.14984130859375e-05,0.0001400470733642578,1.5001029968261719,1.5002800941467285,0,0,205127,15,1,3,0
1642,205250,406,988,5.8078765869140624e-05,0.00014133453369140624,1.5001161575317383,1.5002826690673827,0,0,205252,15,1,3,0
1643,205375,451,994,6.45160675048828e-05,0.00014219284057617187,1.5001290321350098,1.5002843856811523,0,0,205377,15,1,3,0
1644,205500,495,998,7.081031799316406e-05,0.00014276504516601561,1.5001416206359863,1.500285530090332,0,0,205502,15,1,3,0
1645,205625,538,999,7.696151733398438e-05,0.00014290809631347656,1.5001539230346679,1.500285816192627,0,0,205627,15,1,3,0
1646,205750,579,998,8.282661437988281e-05,0.00014276504516601561,1.5001656532287597,1.500285530090332,0,0,205752,15,1,3,0
1647,205875,619,995,8.854866027832031e-05,0.0001423358917236328,1.5001770973205566,1.5002846717834473,0,0,205877,15,1,3,0
1648,206000,658,989,9.412765502929688e-05,0.00014147758483886718,1.5001882553100585,1.5002829551696777,0,0,206002,15,1,3,0
1649,206125,695,980,9.942054748535156e-05,0.00014019012451171875,1.5001988410949707,1.5002803802490234,0,0,206127,15,1,3,0
1650,206250,730,969,0.00010442733764648438,0.00013861656188964843,1.500208854675293,1.5002772331237793,0,0,206252,15,1,3,0
1651,206375,763,955,0.00010914802551269532,0.0001366138458251953,1.5002182960510253,1.5002732276916504,0,0,206377,15,1,3,0
1652,206500,794,940,0.00011358261108398437,0.00013446807861328125,1.500227165222168,1.5002689361572266,0,0,206502,15,1,3,0
1653,206625,824,921,0.0001178741455078125,0.00013175010681152344,1.5002357482910156,1.500263500213623,0,0,206627,15,1,3,0
1654,206750,851,901,0.0001217365264892578,0.0001288890838623047,1.5002434730529786,1.5002577781677247,0,0,206752,15,1,3,0
1655,206875,876,878,0.00012531280517578126,0.00012559890747070311,1.5002506256103516,1.5002511978149413,0,0,206877,15,1,3,0
1656,207000,899,853,0.0001286029815673828,0.00012202262878417968,1.5002572059631347,1.5002440452575683,0,0,207002,15,1,3,0
1657,207125,920,826,0.0001316070556640625,0.00011816024780273437,1.5002632141113281,1.5002363204956055,0,0,207127,15,1,3,0
1658,207250,938,797,0.00013418197631835936,0.00011401176452636718,1.5002683639526366,1.5002280235290528,0,0,207252,15,1,3,0
1659,207375,954,766,0.00013647079467773437,0.00010957717895507812,1.5002729415893554,1.5002191543579102,0,0,207377,15,1,3,0
1660,207500,968,733,0.0001384735107421875,0.00010485649108886719,1.5002769470214843,1.5002097129821776,0,0,207502,15,1,3,0
1661,207625,979,698,0.0001400470733642578,9.984970092773438e-05,1.5002800941467285,1.5001996994018554,0,0,207627,15,1,3,0
1662,207750,988,661,0.00014133453369140624,9.455680847167968e-05,1.5002826690673827,1.5001891136169434,0,0,207752,15,1,3,0
1663,207875,994,623,0.00014219284057617187,8.912086486816407e-05,1.5002843856811523,1.5001782417297362,0,0,207877,15,1,3,0
1664,208000,998,583,0.00014276504516601561,8.339881896972657e-05,1.500285530090332,1.5001667976379394,0,0,208002,15,1,3,0
1665,208125,999,542,0.00014290809631347656,7.753372192382812e-05,1.500285816192627,1.5001550674438477,0,0,208127,15,1,3,0
1666,208250,998,499,0.00014276504516601561,7.138252258300781e-05,1.500285530090332,1.500142765045166,0,0,208252,15,1,3,0
1667,208375,995,455,0.0001423358917236328,6.508827209472656e-05,1.5002846717834473,1.5001301765441895,0,0,208377,15,1,3,0
1668,208500,989,410,0.00014147758483886718,5.8650970458984375e-05,1.5002829551696777,1.500117301940918,0,0,208502,15,1,3,0
1669,208625,980,364,0.00014019012451171875,5.207061767578125e-05,1.5002803802490234,1.5001041412353515,0,0,208627,15,1,3,0
1670,208750,969,317,0.00013861656188964843,4.5347213745117185e-05,1.5002772331237793,1.5000906944274903,0,0,208752,15,1,3,0
1671,208875,955,269,0.0001366138458251953,3.848075866699219e-05,1.5002732276916504,1.500076961517334,0,0,208877,15,1,3,0
1672,209000,940,221,0.00013446807861328125,3.1614303588867186e-05,1.5002689361572266,1.5000632286071778,0,0,209002,15,1,3,0
1673,209125,921,172,0.00013175010681152344,2.460479736328125e-05,1.500263500213623,1.5000492095947267,0,0,209127,15,1,3,0
1674,209250,901,122,0.0001288890838623047,1.7452239990234376e-05,1.5002577781677247,1.5000349044799806,0,0,209252,15,1,3,0
1675,209375,878,72,0.00012559890747070311,1.0299682617187499e-05,1.5002511978149413,1.5000205993652345,0,0,209377,15,1,3,0
1676,209500,853,22,0.00012202262878417968,3.147125244140625e-06,1.5002440452575683,1.5000062942504884,0,0,209502,15,1,3,0
1677,209625,826,-26,0.00011816024780273437,-3.719329833984375e-06,1.5002363204956055,1.499992561340332,0,0,209627,15,1,3,0
1678,209750,797,-76,0.00011401176452636718,-1.087188720703125e-05,1.5002280235290528,1.499978256225586,0,0,209752,15,1,3,0
1679,209875,766,-126,0.00010957717895507812,-1.8024444580078124e-05,1.5002191543579102,1.4999639511108398,0,0,209877,15,1,3,0
1680,210000,733,-176,0.00010485649108886719,-2.5177001953125e-05,1.5002097129821776,1.4999496459960937,0,0,210002,15,1,3,0
1681,210125,698,-225,9.984970092773438e-05,-3.218650817871094e-05,1.5001996994018554,1.4999356269836426,0,0,210127,15,1,3,0
1682,210250,661,-273,9.455680847167968e-05,-3.9052963256835933e-05,1.5001891136169434,1.4999218940734864,0,0,210252,15,1,3,0
1683,210375,623,-321,8.912086486816407e-05,-4.5919418334960936e-05,1.5001782417297362,1.49990816116333,0,0,210377,15,1,3,0
1684,210500,583,-368,8.339881896972657e-05,-5.2642822265624996e-05,1.5001667976379394,1.4998947143554688,0,0,210502,15,1,3,0
1685,210625,542,-414,7.753372192382812e-05,-5.922317504882812e-05,1.5001550674438477,1.4998815536499024,0,0,210627,15,1,3,0
1686,210750,499,-459,7.138252258300781e-05,-6.566047668457031e-05,1.500142765045166,1.499868679046631,0,0,210752,15,1,3,0
1687,210875,455,-502,6.508827209472656e-05,-7.181167602539062e-05,1.5001301765441895,1.4998563766479491,0,0,210877,15,1,3,0
1688,211000,410,-545,5.8650970458984375e-05,-7.796287536621094e-05,1.500117301940918,1.4998440742492676,0,0,211002,15,1,3,0
1689,211125,364,-586,5.207061767578125e-05,-8.382797241210937e-05,1.5001041412353515,1.4998323440551757,0,0,211127,15,1,3,0
1690,211250,317,-626,4.5347213745117185e-05,-8.955001831054687e-05,1.5000906944274903,1.4998208999633789,0,0,211252,15,1,3,0
1691,211375,269,-664,3.848075866699219e-05,-9.49859619140625e-05,1.500076961517334,1.499810028076172,0,0,211377,15,1,3,0
1692,211500,221,-701,3.1614303588867186e-05,-0.00010027885437011718,1.5000632286071778,1.4997994422912597,0,0,211502,15,1,3,0
1693,211625,172,-735,2.460479736328125e-05,-0.00010514259338378906,1.5000492095947267,1.4997897148132324,0,0,211627,15,1,3,0
1694,211750,122,-768,1.7452239990234376e-05,-0.00010986328124999999,1.5000349044799806,1.4997802734375,0,0,211752,15,1,3,0
1695,211875,72,-799,1.0299682617187499e-05,-0.00011429786682128906,1.5000205993652345,1.4997714042663575,0,0,211877,15,1,3,0
1696,212000,22,-828,3.147125244140625e-06,-0.00011844635009765624,1.5000062942504884,1.4997631072998048,0,0,212002,15,1,3,0
1697,212125,-26,-855,-3.719329833984375e-06,-0.00012230873107910156,1.499992561340332,1.4997553825378418,0,0,212127,15,1,3,0
1698,212250,-76,-880,-1.087188720703125e-05,-0.000125885009765625,1.499978256225586,1.4997482299804688,0,0,212252,15,1,3,0
1699,212375,-126,-903,-1.8024444580078124e-05,-0.00012917518615722655,1.4999639511108398,1.4997416496276856,0,0,212377,15,1,3,0
1700,212500,-176,-923,-2.5177001953125e-05,-0.0001320362091064453,1.4999496459960937,1.4997359275817872,0,0,212502,15,1,3,0
1701,212625,-225,-941,-3.218650817871094e-05,-0.0001346111297607422,1.4999356269836426,1.4997307777404785,0,0,212627,15,1,3,0
1702,212750,-273,-957,-3.9052963256835933e-05,-0.00013689994812011717,1.4999218940734864,1.4997262001037597,0,0,212752,15,1,3,0
1703,212875,-321,-970,-4.5919418334960936e-05,-0.00013875961303710938,1.49990816116333,1.4997224807739258,0,0,212877,15,1,3,0
1704,213000,-368,-981,-5.2642822265624996e-05,-0.0001403331756591797,1.4998947143554688,1.4997193336486816,0,0,213002,15,1,3,0
1705,213125,-414,-989,-5.922317504882812e-05,-0.00014147758483886718,1.4998815536499024,1.4997170448303223,0,0,213127,15,1,3,0
1706,213250,-459,-995,-6.566047668457031e-05,-0.0001423358917236328,1.499868679046631,1.4997153282165527,0,0,213252,15,1,3,0
1707,213375,-502,-999,-7.181167602539062e-05,-0.00014290809631347656,1.4998563766479491,1.499714183807373,0,0,213377,15,1,3,0
1708,213500,-545,-999,-7.796287536621094e-05,-0.00014290809631347656,1.4998440742492676,1.499714183807373,0,0,213502,15,1,3,0
1709,213625,-586,-998,-8.382797241210937e-05,-0.00014276504516601561,1.4998323440551757,1.499714469909668,0,0,213627,15,1,3,0
1710,213750,-626,-994,-8.955001831054687e-05,-0.00014219284057617187,1.4998208999633789,1.4997156143188477,0,0,213752,15,1,3,0
1711,213875,-664,-987,-9.49859619140625e-05,-0.0001411914825439453,1.499810028076172,1.499717617034912,0,0,213877,15,1,3,0
1712,214000,-701,-978,-0.00010027885437011718,-0.00013990402221679686,1.4997994422912597,1.4997201919555665,0,0,214002,15,1,3,0
1713,214125,-735,-967,-0.00010514259338378906,-0.00013833045959472655,1.4997897148132324,1.4997233390808105,0,0,214127,15,1,3,0
1714,214250,-768,-953,-0.00010986328124999999,-0.00013632774353027343,1.4997802734375,1.4997273445129395,0,0,214252,15,1,3,0
1715,214375,-799,-937,-0.00011429786682128906,-0.00013403892517089842,1.4997714042663575,1.4997319221496581,0,0,214377,15,1,3,0
1716,214500,-828,-918,-0.00011844635009765624,-0.00013132095336914061,1.4997631072998048,1.4997373580932618,0,0,214502,15,1,3,0
1717,214625,-855,-897,-0.00012230873107910156,-0.00012831687927246092,1.4997553825378418,1.499743366241455,0,0,214627,15,1,3,0
1718,214750,-880,-874,-0.000125885009765625,-0.00012502670288085937,1.4997482299804688,1.4997499465942383,0,0,214752,15,1,3,0
1719,214875,-903,-849,-0.00012917518615722655,-0.00012145042419433593,1.4997416496276856,1.4997570991516114,0,0,214877,15,1,3,0
1720,215000,-923,-821,-0.0001320362091064453,-0.00011744499206542968,1.4997359275817872,1.499765110015869,0,0,215002,15,1,3,0
1721,215125,-941,-792,-0.0001346111297607422,-0.0001132965087890625,1.4997307777404785,1.4997734069824218,0,0,215127,15,1,3,0
1722,215250,-957,-760,-0.00013689994812011717,-0.0001087188720703125,1.4997262001037597,1.4997825622558594,0,0,215252,15,1,3,0
1723,215375,-970,-727,-0.00013875961303710938,-0.00010399818420410156,1.4997224807739258,1.4997920036315917,0,0,215377,15,1,3,0
1724,215500,-981,-692,-0.0001403331756591797,-9.899139404296875e-05,1.4997193336486816,1.499802017211914,0,0,215502,15,1,3,0
1725,215625,-989,-655,-0.00014147758483886718,-9.369850158691406e-05,1.4997170448303223,1.4998126029968262,0,0,215627,15,1,3,0
1726,215750,-995,-616,-0.0001423358917236328,-8.811950683593749e-05,1.4997153282165527,1.499823760986328,0,0,215752,15,1,3,0
1727,215875,-999,-576,-0.00014290809631347656,-8.239746093749999e-05,1.499714183807373,1.499835205078125,0,0,215877,15,1,3,0
1728,216000,-999,-535,-0.00014290809631347656,-7.653236389160156e-05,1.499714183807373,1.4998469352722168,0,0,216002,15,1,3,0
1729,216125,-998,-492,-0.00014276504516601561,-7.038116455078125e-05,1.499714469909668,1.4998592376708983,0,0,216127,15,1,3,0
1730,216250,-994,-448,-0.00014219284057617187,-6.40869140625e-05,1.4997156143188477,1.499871826171875,0,0,216252,15,1,3,0
1731,216375,-987,-402,-0.0001411914825439453,-5.750656127929687e-05,1.499717617034912,1.4998849868774413,0,0,216377,15,1,3,0
1732,216500,-978,-356,-0.00013990402221679686,-5.092620849609375e-05,1.4997201919555665,1.4998981475830078,0,0,216502,15,1,3,0
1733,216625,-967,-309,-0.00013833045959472655,-4.420280456542969e-05,1.4997233390808105,1.4999115943908692,0,0,216627,15,1,3,0
1734,216750,-953,-261,-0.00013632774353027343,-3.7336349487304686e-05,1.4997273445129395,1.4999253273010253,0,0,216752,15,1,3,0
1735,216875,-937,-212,-0.00013403892517089842,-3.0326843261718747e-05,1.4997319221496581,1.4999393463134765,0,0,216877,15,1,3,0
1736,217000,-918,-163,-0.00013132095336914061,-2.3317337036132812e-05,1.4997373580932618,1.4999533653259278,0,0,217002,15,1,3,0
1737,217125,-897,-114,-0.00012831687927246092,-1.6307830810546873e-05,1.499743366241455,1.499967384338379,0,0,217127,15,1,3,0
1738,217250,-874,-64,-0.00012502670288085937,-9.1552734375e-06,1.4997499465942383,1.499981689453125,0,0,217252,15,1,3,0
1739,217375,-849,-14,-0.00012145042419433593,-2.002716064453125e-06,1.4997570991516114,1.4999959945678711,0,0,217377,15,1,3,0
1740,217500,-821,35,-0.00011744499206542968,5.0067901611328125e-06,1.499765110015869,1.5000100135803223,0,0,217502,15,1,3,0
1741,217625,-792,85,-0.0001132965087890625,1.2159347534179688e-05,1.4997734069824218,1.5000243186950684,0,0,217627,15,1,3,0
1742,217750,-760,134,-0.0001087188720703125,1.9168853759765623e-05,1.4997825622558594,1.5000383377075195,0,0,217752,15,1,3,0
1743,217875,-727,184,-0.00010399818420410156,2.6321411132812498e-05,1.4997920036315917,1.5000526428222656,0,0,217877,15,1,3,0
1744,218000,-692,233,-9.899139404296875e-05,3.3330917358398433e-05,1.499802017211914,1.5000666618347167,0,0,218002,15,1,3,0
1745,218125,-655,281,-9.369850158691406e-05,4.0197372436523436e-05,1.4998126029968262,1.500080394744873,0,0,218127,15,1,3,0
1746,218250,-616,329,-8.811950683593749e-05,4.706382751464844e-05,1.499823760986328,1.5000941276550293,0,0,218252,15,1,3,0
1747,218375,-576,375,-8.239746093749999e-05,5.364418029785156e-05,1.499835205078125,1.5001072883605957,0,0,218377,15,1,3,0
1748,218500,-535,421,-7.653236389160156e-05,6.0224533081054686e-05,1.4998469352722168,1.5001204490661622,0,0,218502,15,1,3,0
1749,218625,-492,466,-7.038116455078125e-05,6.666183471679687e-05,1.4998592376708983,1.5001333236694336,0,0,218627,15,1,3,0
1750,218750,-448,510,-6.40869140625e-05,7.295608520507812e-05,1.499871826171875,1.5001459121704102,0,0,218752,15,1,3,0
1751,218875,-402,552,-5.750656127929687e-05,7.89642333984375e-05,1.4998849868774413,1.500157928466797,0,0,218877,15,1,3,0
1752,219000,-356,593,-5.092620849609375e-05,8.482933044433594e-05,1.4998981475830078,1.5001696586608886,0,0,219002,15,1,3,0
1753,219125,-309,632,-4.420280456542969e-05,9.04083251953125e-05,1.4999115943908692,1.5001808166503907,0,0,219127,15,1,3,0
1754,219250,-261,670,-3.7336349487304686e-05,9.584426879882812e-05,1.4999253273010253,1.5001916885375977,0,0,219252,15,1,3,0
1755,219375,-212,707,-3.0326843261718747e-05,0.00010113716125488281,1.4999393463134765,1.5002022743225099,0,0,219377,15,1,3,0
1756,219500,-163,741,-2.3317337036132812e-05,0.00010600090026855468,1.4999533653259278,1.5002120018005372,0,0,219502,15,1,3,0
1757,219625,-114,774,-1.6307830810546873e-05,0.00011072158813476562,1.499967384338379,1.5002214431762695,0,0,219627,15,1,3,0
1758,219750,-64,804,-9.1552734375e-06,0.00011501312255859374,1.499981689453125,1.5002300262451171,0,0,219752,15,1,3,0
1759,219875,-14,833,-2.002716064453125e-06,0.00011916160583496093,1.4999959945678711,1.5002383232116698,0,0,219877,15,1,3,0
1760,220000,35,860,5.0067901611328125e-06,0.00012302398681640625,1.5000100135803223,1.5002460479736328,0,0,220002,15,1,3,0
1761,220125,85,884,1.2159347534179688e-05,0.00012645721435546874,1.5000243186950684,1.500252914428711,0,0,220127,15,1,3,0
1762,220250,134,906,1.9168853759765623e-05,0.00012960433959960938,1.5000383377075195,1.5002592086791993,0,0,220252,15,1,3,0
1763,220375,184,926,2.6321411132812498e-05,0.00013246536254882813,1.5000526428222656,1.5002649307250977,0,0,220377,15,1,3,0
1764,220500,233,944,3.3330917358398433e-05,0.000135040283203125,1.5000666618347167,1.5002700805664062,0,0,220502,15,1,3,0
1765,220625,281,959,4.0197372436523436e-05,0.00013718605041503906,1.500080394744873,1.50027437210083,0,0,220627,15,1,3,0
1766,220750,329,972,4.706382751464844e-05,0.00013904571533203123,1.5000941276550293,1.5002780914306642,0,0,220752,15,1,3,0
1767,220875,375,982,5.364418029785156e-05,0.0001404762268066406,1.5001072883605957,1.5002809524536134,0,0,220877,15,1,3,0
1768,221000,421,990,6.0224533081054686e-05,0.00014162063598632812,1.5001204490661622,1.5002832412719727,0,0,221002,15,1,3,0
1769,221125,466,996,6.666183471679687e-05,0.00014247894287109376,1.5001333236694336,1.5002849578857422,0,0,221127,15,1,3,0
1770,221250,510,999,7.295608520507812e-05,0.00014290809631347656,1.5001459121704102,1.500285816192627,0,0,221252,15,1,3,0
1771,221375,552,999,7.89642333984375e-05,0.00014290809631347656,1.500157928466797,1.500285816192627,0,0,221377,15,1,3,0
1772,221500,593,997,8.482933044433594e-05,0.00014262199401855467,1.5001696586608886,1.5002852439880372,0,0,221502,15,1,3,0
1773,221625,632,993,9.04083251953125e-05,0.00014204978942871093,1.5001808166503907,1.5002840995788573,0,0,221627,15,1,3,0
1774,221750,670,986,9.584426879882812e-05,0.00014104843139648438,1.5001916885375977,1.500282096862793,0,0,221752,15,1,3,0
1775,221875,707,977,0.00010113716125488281,0.00013976097106933592,1.5002022743225099,1.5002795219421388,0,0,221877,15,1,3,0
1776,222000,741,965,0.00010600090026855468,0.0001380443572998047,1.5002120018005372,1.5002760887145996,0,0,222002,15,1,3,0
1777,222125,774,950,0.00011072158813476562,0.00013589859008789062,1.5002214431762695,1.5002717971801758,0,0,222127,15,1,3,0
1778,222250,804,934,0.00011501312255859374,0.00013360977172851562,1.5002300262451171,1.500267219543457,0,0,222252,15,1,3,0
1779,222375,833,915,0.00011916160583496093,0.0001308917999267578,1.5002383232116698,1.5002617835998535,0,0,222377,15,1,3,0
1780,222500,860,893,0.00012302398681640625,0.00012774467468261718,1.5002460479736328,1.5002554893493651,0,0,222502,15,1,3,0
1781,222625,884,870,0.00012645721435546874,0.00012445449829101562,1.500252914428711,1.500248908996582,0,0,222627,15,1,3,0
1782,222750,906,844,0.00012960433959960938,0.00012073516845703124,1.5002592086791993,1.500241470336914,0,0,222752,15,1,3,0
1783,222875,926,816,0.00013246536254882813,0.00011672973632812499,1.5002649307250977,1.5002334594726563,0,0,222877,15,1,3,0
1784,223000,944,787,0.000135040283203125,0.00011258125305175781,1.5002700805664062,1.5002251625061036,0,0,223002,15,1,3,0
1785,223125,959,755,0.00013718605041503906,0.00010800361633300781,1.50027437210083,1.500216007232666,0,0,223127,15,1,3,0
1786,223250,972,721,0.00013904571533203123,0.00010313987731933593,1.5002780914306642,1.5002062797546387,0,0,223252,15,1,3,0
1787,223375,982,686,0.0001404762268066406,9.813308715820312e-05,1.5002809524536134,1.5001962661743165,0,0,223377,15,1,3,0
1788,223500,990,648,0.00014162063598632812,9.26971435546875e-05,1.5002832412719727,1.5001853942871093,0,0,223502,15,1,3,0
1789,223625,996,610,0.00014247894287109376,8.726119995117188e-05,1.5002849578857422,1.5001745223999023,0,0,223627,15,1,3,0
1790,223750,999,569,0.00014290809631347656,8.139610290527343e-05,1.500285816192627,1.5001627922058105,0,0,223752,15,1,3,0
1791,223875,999,527,0.00014290809631347656,7.538795471191406e-05,1.500285816192627,1.500150775909424,0,0,223877,15,1,3,0
1792,224000,997,484,0.00014262199401855467,6.923675537109374e-05,1.5002852439880372,1.5001384735107421,0,0,224002,15,1,3,0
1793,224125,993,440,0.00014204978942871093,6.29425048828125e-05,1.5002840995788573,1.5001258850097656,0,0,224127,15,1,3,0
1794,224250,986,395,0.00014104843139648438,5.650520324707031e-05,1.500282096862793,1.5001130104064941,0,0,224252,15,1,3,0
1795,224375,977,348,0.00013976097106933592,4.9781799316406246e-05,1.5002795219421388,1.5000995635986327,0,0,224377,15,1,3,0
1796,224500,965,301,0.0001380443572998047,4.3058395385742186e-05,1.5002760887145996,1.5000861167907715,0,0,224502,15,1,3,0
1797,224625,950,253,0.00013589859008789062,3.6191940307617183e-05,1.5002717971801758,1.5000723838806151,0,0,224627,15,1,3,0
1798,224750,934,204,0.00013360977172851562,2.9182434082031248e-05,1.500267219543457,1.500058364868164,0,0,224752,15,1,3,0
1799,224875,915,155,0.0001308917999267578,2.2172927856445312e-05,1.5002617835998535,1.500044345855713,0,0,224877,15,1,3,0
1800,225000,893,105,0.00012774467468261718,1.5020370483398438e-05,1.5002554893493651,1.5000300407409668,0,0,225002,15,1,3,0
1801,225125,870,56,0.00012445449829101562,8.0108642578125e-06,1.500248908996582,1.5000160217285157,0,0,225127,15,1,3,0
1802,225250,844,6,0.00012073516845703124,8.583068847656249e-07,1.500241470336914,1.5000017166137696,0,0,225252,15,1,3,0
1803,225375,816,-43,0.00011672973632812499,-6.151199340820313e-06,1.5002334594726563,1.4999876976013184,0,0,225377,15,1,3,0
1804,225500,787,-93,0.00011258125305175781,-1.3303756713867187e-05,1.5002251625061036,1.4999733924865724,0,0,225502,15,1,3,0
1805,225625,755,-143,0.00010800361633300781,-2.0456314086914062e-05,1.500216007232666,1.4999590873718263,0,0,225627,15,1,3,0
1806,225750,721,-192,0.00010313987731933593,-2.7465820312499997e-05,1.5002062797546387,1.499945068359375,0,0,225752,15,1,3,0
1807,225875,686,-241,9.813308715820312e-05,-3.4475326538085936e-05,1.5001962661743165,1.4999310493469238,0,0,225877,15,1,3,0
1808,226000,648,-289,9.26971435546875e-05,-4.134178161621094e-05,1.5001853942871093,1.4999173164367676,0,0,226002,15,1,3,0
1809,226125,610,-337,8.726119995117188e-05,-4.8208236694335935e-05,1.5001745223999023,1.4999035835266112,0,0,226127,15,1,3,0
1810,226250,569,-383,8.139610290527343e-05,-5.478858947753906e-05,1.5001627922058105,1.499890422821045,0,0,226252,15,1,3,0
1811,226375,527,-429,7.538795471191406e-05,-6.136894226074218e-05,1.500150775909424,1.4998772621154786,0,0,226377,15,1,3,0
1812,226500,484,-473,6.923675537109374e-05,-6.766319274902344e-05,1.5001384735107421,1.499864673614502,0,0,226502,15,1,3,0
1813,226625,440,-517,6.29425048828125e-05,-7.395744323730468e-05,1.5001258850097656,1.4998520851135253,0,0,226627,15,1,3,0
1814,226750,395,-559,5.650520324707031e-05,-7.996559143066406e-05,1.5001130104064941,1.4998400688171387,0,0,226752,15,1,3,0
1815,226875,348,-600,4.9781799316406246e-05,-8.58306884765625e-05,1.5000995635986327,1.4998283386230469,0,0,226877,15,1,3,0
1816,227000,301,-639,4.3058395385742186e-05,-9.140968322753906e-05,1.5000861167907715,1.499817180633545,0,0,227002,15,1,3,0
1817,227125,253,-677,3.6191940307617183e-05,-9.684562683105468e-05,1.5000723838806151,1.4998063087463378,0,0,227127,15,1,3,0
1818,227250,204,-713,2.9182434082031248e-05,-0.00010199546813964844,1.500058364868164,1.4997960090637208,0,0,227252,15,1,3,0
1819,227375,155,-747,2.2172927856445312e-05,-0.00010685920715332031,1.500044345855713,1.4997862815856933,0,0,227377,15,1,3,0
1820,227500,105,-779,1.5020370483398438e-05,-0.00011143684387207031,1.5000300407409668,1.499777126312256,0,0,227502,15,1,3,0
1821,227625,56,-809,8.0108642578125e-06,-0.00011572837829589843,1.5000160217285157,1.4997685432434082,0,0,227627,15,1,3,0
1822,227750,6,-838,8.583068847656249e-07,-0.00011987686157226561,1.5000017166137696,1.4997602462768556,0,0,227752,15,1,3,0
1823,227875,-43,-864,-6.151199340820313e-06,-0.00012359619140625,1.4999876976013184,1.4997528076171875,0,0,227877,15,1,3,0
1824,228000,-93,-888,-1.3303756713867187e-05,-0.0001270294189453125,1.4999733924865724,1.4997459411621095,0,0,228002,15,1,3,0
1825,228125,-143,-910,-2.0456314086914062e-05,-0.00013017654418945312,1.4999590873718263,1.499739646911621,0,0,228127,15,1,3,0
1826,228250,-192,-929,-2.7465820312499997e-05,-0.00013289451599121093,1.499945068359375,1.4997342109680176,0,0,228252,15,1,3,0
1827,228375,-241,-947,-3.4475326538085936e-05,-0.0001354694366455078,1.4999310493469238,1.499729061126709,0,0,228377,15,1,3,0
1828,228500,-289,-961,-4.134178161621094e-05,-0.00013747215270996094,1.4999173164367676,1.49972505569458,0,0,228502,15,1,3,0
1829,228625,-337,-974,-4.8208236694335935e-05,-0.00013933181762695312,1.4999035835266112,1.4997213363647461,0,0,228627,15,1,3,0
1830,228750,-383,-984,-5.478858947753906e-05,-0.0001407623291015625,1.499890422821045,1.499718475341797,0,0,228752,15,1,3,0
1831,228875,-429,-991,-6.136894226074218e-05,-0.00014176368713378907,1.4998772621154786,1.4997164726257324,0,0,228877,15,1,3,0
1832,229000,-473,-997,-6.766319274902344e-05,-0.00014262199401855467,1.499864673614502,1.4997147560119628,0,0,229002,15,1,3,0
1833,229125,-517,-999,-7.395744323730468e-05,-0.00014290809631347656,1.4998520851135253,1.499714183807373,0,0,229127,15,1,3,0
1834,229250,-559,-999,-7.996559143066406e-05,-0.00014290809631347656,1.4998400688171387,1.499714183807373,0,0,229252,15,1,3,0
1835,229375,-600,-997,-8.58306884765625e-05,-0.00014262199401855467,1.4998283386230469,1.4997147560119628,0,0,229377,15,1,3,0
1836,229500,-639,-992,-9.140968322753906e-05,-0.00014190673828124998,1.499817180633545,1.4997161865234374,0,0,229502,15,1,3,0
1837,229625,-677,-985,-9.684562683105468e-05,-0.00014090538024902344,1.4998063087463378,1.499718189239502,0,0,229627,15,1,3,0
1838,229750,-713,-975,-0.00010199546813964844,-0.00013947486877441406,1.4997960090637208,1.4997210502624512,0,0,229752,15,1,3,0
1839,229875,-747,-962,-0.00010685920715332031,-0.00013761520385742186,1.4997862815856933,1.499724769592285,0,0,229877,15,1,3,0
1840,230000,-779,-948,-0.00011143684387207031,-0.00013561248779296874,1.499777126312256,1.4997287750244142,0,0,230002,15,1,3,0
1841,230125,-809,-931,-0.00011572837829589843,-0.00013318061828613282,1.4997685432434082,1.4997336387634277,0,0,230127,15,1,3,0
1842,230250,-838,-911,-0.00011987686157226561,-0.00013031959533691407,1.4997602462768556,1.4997393608093261,0,0,230252,15,1,3,0
1843,230375,-864,-890,-0.00012359619140625,-0.00012731552124023438,1.4997528076171875,1.4997453689575195,0,0,230377,15,1,3,0
1844,230500,-888,-866,-0.0001270294189453125,-0.00012388229370117188,1.4997459411621095,1.4997522354125976,0,0,230502,15,1,3,0
1845,230625,-910,-840,-0.00013017654418945312,-0.0001201629638671875,1.499739646911621,1.4997596740722656,0,0,230627,15,1,3,0
1846,230750,-929,-812,-0.00013289451599121093,-0.00011615753173828125,1.4997342109680176,1.4997676849365233,0,0,230752,15,1,3,0
1847,230875,-947,-781,-0.0001354694366455078,-0.00011172294616699218,1.499729061126709,1.499776554107666,0,0,230877,15,1,3,0
1848,231000,-961,-749,-0.00013747215270996094,-0.00010714530944824218,1.49972505569458,1.4997857093811036,0,0,231002,15,1,3,0
1849,231125,-974,-715,-0.00013933181762695312,-0.00010228157043457031,1.4997213363647461,1.4997954368591309,0,0,231127,15,1,3,0
1850,231250,-984,-680,-0.0001407623291015625,-9.72747802734375e-05,1.499718475341797,1.4998054504394531,0,0,231252,15,1,3,0
1851,231375,-991,-642,-0.00014176368713378907,-9.183883666992187e-05,1.4997164726257324,1.49981632232666,0,0,231377,15,1,3,0
1852,231500,-997,-603,-0.00014262199401855467,-8.625984191894532e-05,1.4997147560119628,1.4998274803161622,0,0,231502,15,1,3,0
1853,231625,-999,-562,-0.00014290809631347656,-8.039474487304687e-05,1.499714183807373,1.4998392105102538,0,0,231627,15,1,3,0
1854,231750,-999,-520,-0.00014290809631347656,-7.43865966796875e-05,1.499714183807373,1.4998512268066406,0,0,231752,15,1,3,0
1855,231875,-997,-477,-0.00014262199401855467,-6.823539733886718e-05,1.4997147560119628,1.4998635292053222,0,0,231877,15,1,3,0
1856,232000,-992,-432,-0.00014190673828124998,-6.1798095703125e-05,1.4997161865234374,1.4998764038085937,0,0,232002,15,1,3,0
1857,232125,-985,-387,-0.00014090538024902344,-5.536079406738281e-05,1.499718189239502,1.4998892784118651,0,0,232127,15,1,3,0
1858,232250,-975,-340,-0.00013947486877441406,-4.863739013671875e-05,1.4997210502624512,1.4999027252197266,0,0,232252,15,1,3,0
1859,232375,-962,-293,-0.00013761520385742186,-4.1913986206054683e-05,1.499724769592285,1.499916172027588,0,0,232377,15,1,3,0
1860,232500,-948,-245,-0.00013561248779296874,-3.504753112792969e-05,1.4997287750244142,1.4999299049377441,0,0,232502,15,1,3,0
1861,232625,-931,-196,-0.00013318061828613282,-2.803802490234375e-05,1.4997336387634277,1.4999439239501953,0,0,232627,15,1,3,0
1862,232750,-911,-147,-0.00013031959533691407,-2.1028518676757813e-05,1.4997393608093261,1.4999579429626464,0,0,232752,15,1,3,0
1863,232875,-890,-97,-0.00012731552124023438,-1.3875961303710936e-05,1.4997453689575195,1.4999722480773925,0,0,232877,15,1,3,0
1864,233000,-866,-47,-0.00012388229370117188,-6.723403930664062e-06,1.4997522354125976,1.4999865531921386,0,0,233002,15,1,3,0
1865,233125,-840,2,-0.0001201629638671875,2.86102294921875e-07,1.4997596740722656,1.50000057220459,0,0,233127,15,1,3,0
1866,233250,-812,52,-0.00011615753173828125,7.43865966796875e-06,1.4997676849365233,1.500014877319336,0,0,233252,15,1,3,0
1867,233375,-781,102,-0.00011172294616699218,1.4591217041015624e-05,1.499776554107666,1.5000291824340821,0,0,233377,15,1,3,0
1868,233500,-749,151,-0.00010714530944824218,2.160072326660156e-05,1.4997857093811036,1.5000432014465332,0,0,233502,15,1,3,0
1869,233625,-715,200,-0.00010228157043457031,2.86102294921875e-05,1.4997954368591309,1.5000572204589844,0,0,233627,15,1,3,0
1870,233750,-680,249,-9.72747802734375e-05,3.561973571777344e-05,1.4998054504394531,1.5000712394714355,0,0,233752,15,1,3,0
1871,233875,-642,297,-9.183883666992187e-05,4.2486190795898435e-05,1.49981632232666,1.5000849723815919,0,0,233877,15,1,3,0
1872,234000,-603,344,-8.625984191894532e-05,4.92095947265625e-05,1.4998274803161622,1.500098419189453,0,0,234002,15,1,3,0
1873,234125,-562,391,-8.039474487304687e-05,5.593299865722656e-05,1.4998392105102538,1.5001118659973145,0,0,234127,15,1,3,0
1874,234250,-520,436,-7.43865966796875e-05,6.237030029296874e-05,1.4998512268066406,1.500124740600586,0,0,234252,15,1,3,0
1875,234375,-477,481,-6.823539733886718e-05,6.880760192871093e-05,1.4998635292053222,1.5001376152038575,0,0,234377,15,1,3,0
1876,234500,-432,524,-6.1798095703125e-05,7.495880126953124e-05,1.4998764038085937,1.500149917602539,0,0,234502,15,1,3,0
1877,234625,-387,566,-5.536079406738281e-05,8.096694946289062e-05,1.4998892784118651,1.5001619338989258,0,0,234627,15,1,3,0
1878,234750,-340,606,-4.863739013671875e-05,8.668899536132812e-05,1.4999027252197266,1.5001733779907227,0,0,234752,15,1,3,0
1879,234875,-293,645,-4.1913986206054683e-05,9.226799011230469e-05,1.499916172027588,1.5001845359802246,0,0,234877,15,1,3,0
1880,235000,-245,683,-3.504753112792969e-05,9.770393371582032e-05,1.4999299049377441,1.5001954078674316,0,0,235002,15,1,3,0
1881,235125,-196,718,-2.803802490234375e-05,0.00010271072387695313,1.4999439239501953,1.5002054214477538,0,0,235127,15,1,3,0
1882,235250,-147,752,-2.1028518676757813e-05,0.000107574462890625,1.4999579429626464,1.5002151489257813,0,0,235252,15,1,3,0
1883,235375,-97,784,-1.3875961303710936e-05,0.000112152099609375,1.4999722480773925,1.5002243041992187,0,0,235377,15,1,3,0
1884,235500,-47,814,-6.723403930664062e-06,0.00011644363403320312,1.4999865531921386,1.5002328872680664,0,0,235502,15,1,3,0
1885,235625,2,842,2.86102294921875e-07,0.00012044906616210937,1.50000057220459,1.5002408981323243,0,0,235627,15,1,3,0
1886,235750,52,868,7.43865966796875e-06,0.00012416839599609374,1.500014877319336,1.500248336791992,0,0,235752,15,1,3,0
1887,235875,102,892,1.4591217041015624e-05,0.00012760162353515623,1.5000291824340821,1.5002552032470704,0,0,235877,15,1,3,0
1888,236000,151,913,2.160072326660156e-05,0.00013060569763183593,1.5000432014465332,1.5002612113952636,0,0,236002,15,1,3,0
1889,236125,200,932,2.86102294921875e-05,0.00013332366943359373,1.5000572204589844,1.5002666473388673,0,0,236127,15,1,3,0
1890,236250,249,949,3.561973571777344e-05,0.00013575553894042968,1.5000712394714355,1.5002715110778808,0,0,236252,15,1,3,0
1891,236375,297,964,4.2486190795898435e-05,0.00013790130615234374,1.5000849723815919,1.5002758026123046,0,0,236377,15,1,3,0
1892,236500,344,976,4.92095947265625e-05,0.000139617919921875,1.500098419189453,1.5002792358398438,0,0,236502,15,1,3,0
1893,236625,391,985,5.593299865722656e-05,0.00014090538024902344,1.5001118659973145,1.500281810760498,0,0,236627,15,1,3,0
1894,236750,436,992,6.237030029296874e-05,0.00014190673828124998,1.500124740600586,1.5002838134765626,0,0,236752,15,1,3,0
1895,236875,481,997,6.880760192871093e-05,0.00014262199401855467,1.5001376152038575,1.5002852439880372,0,0,236877,15,1,3,0
1896,237000,524,999,7.495880126953124e-05,0.00014290809631347656,1.500149917602539,1.500285816192627,0,0,237002,15,1,3,0
1897,237125,566,999,8.096694946289062e-05,0.00014290809631347656,1.5001619338989258,1.500285816192627,0,0,237127,15,1,3,0
1898,237250,606,996,8.668899536132812e-05,0.00014247894287109376,1.5001733779907227,1.5002849578857422,0,0,237252,15,1,3,0
1899,237375,645,991,9.226799011230469e-05,0.00014176368713378907,1.5001845359802246,1.5002835273742676,0,0,237377,15,1,3,0
1900,237500,683,983,9.770393371582032e-05,0.00014061927795410155,1.5001954078674316,1.5002812385559081,0,0,237502,15,1,3,0
1901,237625,718,973,0.00010271072387695313,0.00013918876647949218,1.5002054214477538,1.500278377532959,0,0,237627,15,1,3,0
1902,237750,752,960,0.000107574462890625,0.0001373291015625,1.5002151489257813,1.500274658203125,0,0,237752,15,1,3,0
1903,237875,784,945,0.000112152099609375,0.00013518333435058594,1.5002243041992187,1.5002703666687012,0,0,237877,15,1,3,0
1904,238000,814,928,0.00011644363403320312,0.00013275146484375,1.5002328872680664,1.5002655029296874,0,0,238002,15,1,3,0
1905,238125,842,908,0.00012044906616210937,0.00012989044189453124,1.5002408981323243,1.500259780883789,0,0,238127,15,1,3,0
1906,238250,868,886,0.00012416839599609374,0.00012674331665039063,1.500248336791992,1.5002534866333008,0,0,238252,15,1,3,0
1907,238375,892,862,0.00012760162353515623,0.0001233100891113281,1.5002552032470704,1.5002466201782227,0,0,238377,15,1,3,0
1908,238500,913,835,0.00013060569763183593,0.00011944770812988281,1.5002612113952636,1.5002388954162598,0,0,238502,15,1,3,0
1909,238625,932,807,0.00013332366943359373,0.00011544227600097656,1.5002666473388673,1.500230884552002,0,0,238627,15,1,3,0
1910,238750,949,776,0.00013575553894042968,0.00011100769042968749,1.5002715110778808,1.5002220153808594,0,0,238752,15,1,3,0
1911,238875,964,744,0.00013790130615234374,0.0001064300537109375,1.5002758026123046,1.5002128601074218,0,0,238877,15,1,3,0
1912,239000,976,709,0.000139617919921875,0.00010142326354980468,1.5002792358398438,1.5002028465270996,0,0,239002,15,1,3,0
1913,239125,985,673,0.00014090538024902344,9.627342224121094e-05,1.500281810760498,1.5001925468444823,0,0,239127,15,1,3,0
1914,239250,992,636,0.00014190673828124998,9.098052978515624e-05,1.5002838134765626,1.5001819610595704,0,0,239252,15,1,3,0
1915,239375,997,596,0.00014262199401855467,8.525848388671874e-05,1.5002852439880372,1.5001705169677735,0,0,239377,15,1,3,0
1916,239500,999,555,0.00014290809631347656,7.939338684082031e-05,1.500285816192627,1.5001587867736816,0,0,239502,15,1,3,0
1917,239625,999,513,0.00014290809631347656,7.338523864746094e-05,1.500285816192627,1.5001467704772948,0,0,239627,15,1,3,0
1918,239750,996,470,0.00014247894287109376,6.723403930664062e-05,1.5002849578857422,1.5001344680786133,0,0,239752,15,1,3,0
1919,239875,991,425,0.00014176368713378907,6.079673767089844e-05,1.5002835273742676,1.5001215934753418,0,0,239877,15,1,3,0
1920,240000,983,379,0.00014061927795410155,5.4216384887695314e-05,1.5002812385559081,1.5001084327697753,0,0,240002,15,1,3,0
1921,240125,973,332,0.00013918876647949218,4.749298095703125e-05,1.500278377532959,1.5000949859619142,0,0,240127,15,1,3,0
1922,240250,960,285,0.0001373291015625,4.076957702636719e-05,1.500274658203125,1.5000815391540527,0,0,240252,15,1,3,0
1923,240375,945,237,0.00013518333435058594,3.3903121948242185e-05,1.5002703666687012,1.5000678062438966,0,0,240377,15,1,3,0
1924,240500,928,188,0.00013275146484375,2.689361572265625e-05,1.5002655029296874,1.5000537872314452,0,0,240502,15,1,3,0
1925,240625,908,138,0.00012989044189453124,1.9741058349609374e-05,1.500259780883789,1.5000394821166991,0,0,240627,15,1,3,0
1926,240750,886,89,0.00012674331665039063,1.2731552124023437e-05,1.5002534866333008,1.500025463104248,0,0,240752,15,1,3,0
1927,240875,862,39,0.0001233100891113281,5.578994750976562e-06,1.5002466201782227,1.500011157989502,0,0,240877,15,1,3,0
1928,241000,835,-10,0.00011944770812988281,-1.430511474609375e-06,1.5002388954162598,1.4999971389770508,0,0,241002,15,1,3,0
1929,241125,807,-60,0.00011544227600097656,-8.58306884765625e-06,1.500230884552002,1.4999828338623047,0,0,241127,15,1,3,0
1930,241250,776,-110,0.00011100769042968749,-1.5735626220703125e-05,1.5002220153808594,1.4999685287475586,0,0,241252,15,1,3,0
1931,241375,744,-159,0.0001064300537109375,-2.274513244628906e-05,1.5002128601074218,1.4999545097351075,0,0,241377,15,1,3,0
1932,241500,709,-209,0.00010142326354980468,-2.9897689819335935e-05,1.5002028465270996,1.4999402046203614,0,0,241502,15,1,3,0
1933,241625,673,-257,9.627342224121094e-05,-3.6764144897460935e-05,1.5001925468444823,1.499926471710205,0,0,241627,15,1,3,0
1934,241750,636,-305,9.098052978515624e-05,-4.363059997558594e-05,1.5001819610595704,1.4999127388000488,0,0,241752,15,1,3,0
1935,241875,596,-352,8.525848388671874e-05,-5.035400390625e-05,1.5001705169677735,1.4998992919921874,0,0,241877,15,1,3,0
1936,242000,555,-399,7.939338684082031e-05,-5.707740783691406e-05,1.5001587867736816,1.4998858451843262,0,0,242002,15,1,3,0
1937,242125,513,-444,7.338523864746094e-05,-6.351470947265624e-05,1.5001467704772948,1.4998729705810547,0,0,242127,15,1,3,0
1938,242250,470,-488,6.723403930664062e-05,-6.98089599609375e-05,1.5001344680786133,1.4998603820800782,0,0,242252,15,1,3,0
1939,242375,425,-531,6.079673767089844e-05,-7.59601593017578e-05,1.5001215934753418,1.4998480796813964,0,0,242377,15,1,3,0
1940,242500,379,-573,5.4216384887695314e-05,-8.196830749511719e-05,1.5001084327697753,1.4998360633850099,0,0,242502,15,1,3,0
1941,242625,332,-613,4.749298095703125e-05,-8.769035339355469e-05,1.5000949859619142,1.499824619293213,0,0,242627,15,1,3,0
1942,242750,285,-652,4.076957702636719e-05,-9.326934814453125e-05,1.5000815391540527,1.4998134613037108,0,0,242752,15,1,3,0
1943,242875,237,-689,3.3903121948242185e-05,-9.856224060058593e-05,1.5000678062438966,1.4998028755187989,0,0,242877,15,1,3,0
1944,243000,188,-724,2.689361572265625e-05,-0.00010356903076171874,1.5000537872314452,1.4997928619384766,0,0,243002,15,1,3,0
1945,243125,138,-758,1.9741058349609374e-05,-0.00010843276977539063,1.5000394821166991,1.4997831344604493,0,0,243127,15,1,3,0
1946,243250,89,-789,1.2731552124023437e-05,-0.00011286735534667968,1.500025463104248,1.4997742652893067,0,0,243252,15,1,3,0
1947,243375,39,-819,5.578994750976562e-06,-0.00011715888977050781,1.500011157989502,1.499765682220459,0,0,243377,15,1,3,0
1948,243500,-10,-847,-1.430511474609375e-06,-0.00012116432189941406,1.4999971389770508,1.499757671356201,0,0,243502,15,1,3,0
1949,243625,-60,-872,-8.58306884765625e-06,-0.00012474060058593748,1.4999828338623047,1.499750518798828,0,0,243627,15,1,3,0
1950,243750,-110,-895,-1.5735626220703125e-05,-0.00012803077697753906,1.4999685287475586,1.499743938446045,0,0,243752,15,1,3,0
1951,243875,-159,-917,-2.274513244628906e-05,-0.00013117790222167967,1.4999545097351075,1.4997376441955566,0,0,243877,15,1,3,0
1952,244000,-209,-935,-2.9897689819335935e-05,-0.00013375282287597656,1.4999402046203614,1.499732494354248,0,0,244002,15,1,3,0
1953,244125,-257,-952,-3.6764144897460935e-05,-0.00013618469238281248,1.499926471710205,1.4997276306152343,0,0,244127,15,1,3,0
1954,244250,-305,-966,-4.363059997558594e-05,-0.00013818740844726563,1.4999127388000488,1.4997236251831054,0,0,244252,15,1,3,0
1955,244375,-352,-977,-5.035400390625e-05,-0.00013976097106933592,1.4998992919921874,1.4997204780578612,0,0,244377,15,1,3,0
1956,244500,-399,-987,-5.707740783691406e-05,-0.0001411914825439453,1.4998858451843262,1.499717617034912,0,0,244502,15,1,3,0
1957,244625,-444,-993,-6.351470947265624e-05,-0.00014204978942871093,1.4998729705810547,1.4997159004211427,0,0,244627,15,1,3,0
1958,244750,-488,-998,-6.98089599609375e-05,-0.00014276504516601561,1.4998603820800782,1.499714469909668,0,0,244752,15,1,3,0
1959,244875,-531,-999,-7.59601593017578e-05,-0.00014290809631347656,1.4998480796813964,1.499714183807373,0,0,244877,15,1,3,0
1960,245000,-573,-999,-8.196830749511719e-05,-0.00014290809631347656,1.4998360633850099,1.499714183807373,0,0,245002,15,1,3,0
1961,245125,-613,-995,-8.769035339355469e-05,-0.0001423358917236328,1.499824619293213,1.4997153282165527,0,0,245127,15,1,3,0
1962,245250,-652,-990,-9.326934814453125e-05,-0.00014162063598632812,1.4998134613037108,1.4997167587280273,0,0,245252,15,1,3,0
1963,245375,-689,-982,-9.856224060058593e-05,-0.0001404762268066406,1.4998028755187989,1.4997190475463866,0,0,245377,15,1,3,0
1964,245500,-724,-971,-0.00010356903076171874,-0.00013890266418457032,1.4997928619384766,1.4997221946716308,0,0,245502,15,1,3,0
1965,245625,-758,-958,-0.00010843276977539063,-0.00013704299926757811,1.4997831344604493,1.499725914001465,0,0,245627,15,1,3,0
1966,245750,-789,-942,-0.00011286735534667968,-0.0001347541809082031,1.4997742652893067,1.4997304916381835,0,0,245752,15,1,3,0
1967,245875,-819,-924,-0.00011715888977050781,-0.00013217926025390624,1.499765682220459,1.4997356414794922,0,0,245877,15,1,3,0
1968,246000,-847,-904,-0.00012116432189941406,-0.0001293182373046875,1.499757671356201,1.4997413635253907,0,0,246002,15,1,3,0
1969,246125,-872,-882,-0.00012474060058593748,-0.00012617111206054686,1.499750518798828,1.4997476577758788,0,0,246127,15,1,3,0
1970,246250,-895,-857,-0.00012803077697753906,-0.00012259483337402342,1.499743938446045,1.4997548103332519,0,0,246252,15,1,3,0
1971,246375,-917,-831,-0.00013117790222167967,-0.00011887550354003905,1.4997376441955566,1.4997622489929199,0,0,246377,15,1,3,0
1972,246500,-935,-802,-0.00013375282287597656,-0.00011472702026367187,1.499732494354248,1.4997705459594726,0,0,246502,15,1,3,0
1973,246625,-952,-771,-0.00013618469238281248,-0.0001102924346923828,1.4997276306152343,1.4997794151306152,0,0,246627,15,1,3,0
1974,246750,-966,-738,-0.00013818740844726563,-0.00010557174682617188,1.4997236251831054,1.4997888565063477,0,0,246752,15,1,3,0
1975,246875,-977,-703,-0.00013976097106933592,-0.00010056495666503907,1.4997204780578612,1.49979887008667,0,0,246877,15,1,3,0
1976,247000,-987,-667,-0.0001411914825439453,-9.541511535644531e-05,1.499717617034912,1.499809169769287,0,0,247002,15,1,3,0
1977,247125,-993,-629,-0.00014204978942871093,-8.997917175292968e-05,1.4997159004211427,1.4998200416564942,0,0,247127,15,1,3,0
1978,247250,-998,-589,-0.00014276504516601561,-8.425712585449218e-05,1.499714469909668,1.499831485748291,0,0,247252,15,1,3,0
1979,247375,-999,-548,-0.00014290809631347656,-7.839202880859375e-05,1.499714183807373,1.499843215942383,0,0,247377,15,1,3,0
1980,247500,-999,-506,-0.00014290809631347656,-7.238388061523437e-05,1.499714183807373,1.4998552322387695,0,0,247502,15,1,3,0
1981,247625,-995,-462,-0.0001423358917236328,-6.608963012695312e-05,1.4997153282165527,1.499867820739746,0,0,247627,15,1,3,0
1982,247750,-990,-417,-0.00014162063598632812,-5.9652328491210935e-05,1.4997167587280273,1.4998806953430175,0,0,247752,15,1,3,0
1983,247875,-982,-371,-0.0001404762268066406,-5.307197570800781e-05,1.4997190475463866,1.499893856048584,0,0,247877,15,1,3,0
1984,248000,-971,-324,-0.00013890266418457032,-4.634857177734375e-05,1.4997221946716308,1.4999073028564454,0,0,248002,15,1,3,0
1985,248125,-958,-277,-0.00013704299926757811,-3.9625167846679685e-05,1.499725914001465,1.4999207496643066,0,0,248127,15,1,3,0
1986,248250,-942,-228,-0.0001347541809082031,-3.2615661621093746e-05,1.4997304916381835,1.499934768676758,0,0,248252,15,1,3,0
1987,248375,-924,-179,-0.00013217926025390624,-2.560615539550781e-05,1.4997356414794922,1.499948787689209,0,0,248377,15,1,3,0
1988,248500,-904,-130,-0.0001293182373046875,-1.8596649169921875e-05,1.4997413635253907,1.4999628067016602,0,0,248502,15,1,3,0
1989,248625,-882,-80,-0.00012617111206054686,-1.1444091796875e-05,1.4997476577758788,1.4999771118164062,0,0,248627,15,1,3,0
1990,248750,-857,-30,-0.00012259483337402342,-4.291534423828125e-06,1.4997548103332519,1.4999914169311523,0,0,248752,15,1,3,0
1991,248875,-831,19,-0.00011887550354003905,2.7179718017578126e-06,1.4997622489929199,1.5000054359436035,0,0,248877,15,1,3,0
1992,249000,-802,68,-0.00011472702026367187,9.72747802734375e-06,1.4997705459594726,1.5000194549560546,0,0,249002,15,1,3,0
1993,249125,-771,118,-0.0001102924346923828,1.6880035400390624e-05,1.4997794151306152,1.5000337600708007,0,0,249127,15,1,3,0
1994,249250,-738,168,-0.00010557174682617188,2.40325927734375e-05,1.4997888565063477,1.5000480651855468,0,0,249252,15,1,3,0
1995,249375,-703,217,-0.00010056495666503907,3.1042098999023435e-05,1.49979887008667,1.5000620841979981,0,0,249377,15,1,3,0
1996,249500,-667,265,-9.541511535644531e-05,3.790855407714844e-05,1.499809169769287,1.5000758171081543,0,0,249502,15,1,3,0
1997,249625,-629,313,-8.997917175292968e-05,4.4775009155273433e-05,1.4998200416564942,1.5000895500183105,0,0,249627,15,1,3,0
1998,249750,-589,360,-8.425712585449218e-05,5.14984130859375e-05,1.499831485748291,1.5001029968261719,0,0,249752,15,1,3,0
1999,249875,-548,406,-7.839202880859375e-05,5.8078765869140624e-05,1.499843215942383,1.5001161575317383,0,0,249877,15,1,3,0
2000,250000,-506,452,-7.238388061523437e-05,6.465911865234375e-05,1.4998552322387695,1.5001293182373048,0,0,250002,15,1,3,0
